id,name,filePath,startLine,endLine,isExported,content,description
"Class:scripts/gen_changelog.py:CommitMessage","CommitMessage","scripts/gen_changelog.py",16,20,true,"
@dataclass
class CommitMessage:
    date: date
    sha: str
    group: str
    message: str

YearMonthKey = Tuple[int,int]
",""
"Class:tests/ui/qtests_main.cpp:TestRunner","TestRunner","tests/ui/qtests_main.cpp",35,65,true,"const bool PersistentInfo::ForcePortable = true;

class TestRunner : public QObject {
    Q_OBJECT

  public:
    TestRunner( int argc, char** argv )
        : argc_( argc )
        , argv_( argv )
    {
    }

    int result()
    {
        return result_;
    }

  public Q_SLOTS:
    void process()
    {
        result_ = Catch::Session().run( argc_, argv_ );
        Q_EMIT finished( result_ );
    }

  Q_SIGNALS:
    void finished( int );

  private:
    int argc_;
    char** argv_;

    int result_;
};

#include ""qtests_main.moc""
",""
"Class:tests/ui/mainwindow_test.cpp:StartupProgressRecorder","StartupProgressRecorder","tests/ui/mainwindow_test.cpp",88,105,false,"};

class StartupProgressRecorder {
  public:
    void record( const StartupProgressState& state )
    {
        std::lock_guard<std::mutex> lock( mutex_ );
        states_.push_back( state );
    }

    std::vector<StartupProgressState> snapshot() const
    {
        std::lock_guard<std::mutex> lock( mutex_ );
        return states_;
    }

  private:
    mutable std::mutex mutex_;
    std::vector<StartupProgressState> states_;
};

bool hasProgressStatus( const std::vector<StartupProgressState>& states, const QString& text )
",""
"Class:tests/ui/logdata_test.cpp:WriteFileThread","WriteFileThread","tests/ui/logdata_test.cpp",42,82,false,"namespace {

class WriteFileThread : public QThread {
    Q_OBJECT
  public:
    WriteFileThread( QFile* file, int numberOfLines = 200,
                     WriteFileModification flag = WriteFileModification::None )
        : file_{ file }
        , numberOfLines_{ numberOfLines }
        , flag_{ flag }
    {
    }

    bool isSucceeded() const
    {
        return result_ == 0;
    }

  protected:
    void run() override
    {
        QString writeHelper = QCoreApplication::applicationDirPath() + QDir::separator()
                              + QLatin1String( ""file_write_helper"" );
        QStringList arguments;
        arguments << file_->fileName() << QString::number( numberOfLines_ )
                  << QString::number( static_cast<uint8_t>( flag_ ) );

        LOG_INFO << ""Executing write helper "" << writeHelper << "" "" << arguments;
        QProcess writeHelperProcess;
        writeHelperProcess.start( writeHelper, arguments );
        writeHelperProcess.waitForFinished( -1 );
        result_ = writeHelperProcess.exitCode();
        LOG_INFO << ""Write helper result "" << result_ << "", exit status ""
                 << writeHelperProcess.exitStatus();
    }

  private:
    QFile* file_;
    int numberOfLines_;
    WriteFileModification flag_;

    int result_{};
};
} // namespace

",""
"Class:tests/helpers/test_utils.h:SafeQSignalSpy","SafeQSignalSpy","tests/helpers/test_utils.h",31,45,true,"};
*/
class SafeQSignalSpy : public QSignalSpy {
  public:
    template <typename... Args>
    SafeQSignalSpy( Args&&... agruments )
        : QSignalSpy( std::forward<Args>(agruments)... ) {}

    bool safeWait( int timeout = 10000 ) {
        // If it has already been received
        bool result = count() > 0;
        if ( ! result ) {
            result = wait( timeout );
        }
        return result;
    }
};

template<typename F>
",""
"Class:src/app/scenarioheadlessrunner.h:KloggApp","KloggApp","src/app/scenarioheadlessrunner.h",8,8,true,"#include ""scenariobatchrequest.h""

class KloggApp;
class MainWindow;

",""
"Class:src/app/scenarioheadlessrunner.h:MainWindow","MainWindow","src/app/scenarioheadlessrunner.h",9,9,true,"
class KloggApp;
class MainWindow;

class ScenarioHeadlessRunner {
",""
"Class:src/app/scenarioheadlessrunner.h:ScenarioHeadlessRunner","ScenarioHeadlessRunner","src/app/scenarioheadlessrunner.h",11,31,true,"class MainWindow;

class ScenarioHeadlessRunner {
  public:
    struct Result {
        int exitCode = EXIT_FAILURE;
        QString message;
        bool outputToStderr = false;
        QVariantMap payload;

        bool hasPayload() const
        {
            return !payload.isEmpty();
        }
    };

    explicit ScenarioHeadlessRunner( KloggApp& app );

    Result run( const ScenarioBatchRequest& request );

  private:
    KloggApp& app_;
};
",""
"Class:src/app/messagereceiver.h:MessageReceiver","MessageReceiver","src/app/messagereceiver.h",41,195,true," * Messages are forwarded to the application by signals.
 */
class MessageReceiver final : public QObject {
    Q_OBJECT

  public:
    MessageReceiver()
        : QObject()
    {
    }

  Q_SIGNALS:
    void loadFile( const QString& filename );
    void activateWindow();
    void executeCommand( const CommanderRequest& request, const QString& resultPath );

  public Q_SLOTS:
    void receiveMessage( const QByteArray& message )
    {
        const auto data = QCborValue::fromCbor( message ).toVariant().toMap();

        LOG_INFO << ""Message "" << QJsonDocument::fromVariant(data).toJson();

        if ( data[ ""version"" ].toString() != kloggVersion() ) {
            return;
        }

        const auto ackPath = data.value( ""ackPath"" ).toString();
        const auto resultPath = data.value( ""resultPath"" ).toString();

        if ( data.value( ""type"" ).toString() == QLatin1String( ""command"" ) ) {
            handleCommandMessage( data, resultPath );
            return;
        }

        if ( !data.contains( ""files"" ) ) {
            LOG_WARNING << ""Invalid message payload: missing files field"";
            return;
        }

        const auto filesValue = data.value( ""files"" );
        if ( !filesValue.canConvert<QStringList>() ) {
            LOG_WARNING << ""Invalid message payload: files must be a string list"";
            return;
        }

        const QStringList filenames = filesValue.toStringList();

        bool didSomething = false;

        if ( data.value( ""activate"" ).toBool() || filenames.isEmpty() ) {
            Q_EMIT activateWindow();
            didSomething = true;
        }

        for ( const auto& f : filenames ) {
            if ( f.isEmpty() ) {
                continue;
            }

            Q_EMIT loadFile( f );
            didSomething = true;
        }

        if ( didSomething && !ackPath.isEmpty() ) {
            if ( !isValidAckPath( ackPath ) ) {
                LOG_WARNING << ""Ignoring invalid ack path "" << ackPath;
                return;
            }

            QFile ackFile( ackPath );
            if ( ackFile.open( QIODevice::WriteOnly | QIODevice::NewOnly,
                               QFileDevice::ReadOwner | QFileDevice::WriteOwner ) ) {
                ackFile.write( ""ok"" );
                ackFile.close();
            }
            else {
                LOG_WARNING << ""Failed to create ack file "" << ackPath << ackFile.errorString();
            }
        }
    }

  private:
    void handleCommandMessage( const QVariantMap& data, const QString& resultPath )
    {
        if ( !isValidTempPath( resultPath, QStringLiteral( ""klogg_command_result_"" ),
                               QStringLiteral( "".tmp"" ) ) ) {
            LOG_WARNING << ""Ignoring invalid result path "" << resultPath;
            return;
        }

        const auto commandValue = data.value( QStringLiteral( ""command"" ) );
        if ( !commandValue.canConvert<QVariantMap>() ) {
            writeFailureResult( resultPath, QStringLiteral( ""Invalid commander payload."" ) );
            return;
        }

        QString errorMessage;
        const auto request = commanderRequestFromVariantMap( commandValue.toMap(), &errorMessage );
        if ( !request ) {
            writeFailureResult( resultPath, errorMessage.isEmpty()
                                                ? QStringLiteral( ""Invalid commander payload."" )
                                                : errorMessage );
            return;
        }

        Q_EMIT executeCommand( *request, resultPath );
    }

    static bool isPathEqual( const QString& left, const QString& right )
    {
#ifdef Q_OS_WIN
        return left.compare( right, Qt::CaseInsensitive ) == 0;
#else
        return left == right;
#endif
    }

    static bool isValidTempPath( const QString& path, const QString& prefix, const QString& suffix )
    {
        const QFileInfo info{ path };
        if ( !info.isAbsolute() ) {
            return false;
        }

        const auto expectedDir = QDir::cleanPath( QDir::tempPath() );
        const auto actualDir = QDir::cleanPath( info.absolutePath() );
        if ( !isPathEqual( actualDir, expectedDir ) ) {
            return false;
        }

        const auto fileName = info.fileName();
        if ( !fileName.startsWith( prefix ) || !fileName.endsWith( suffix ) ) {
            return false;
        }

        if ( info.exists() ) {
            return false;
        }

        return true;
    }

    static bool isValidAckPath( const QString& ackPath )
    {
        return isValidTempPath( ackPath, QStringLiteral( ""klogg_activate_ack_"" ),
                                QStringLiteral( "".tmp"" ) );
    }

    static void writeFailureResult( const QString& resultPath, const QString& message )
    {
        const auto result = commanderFailure( CommanderResultCode::Inv
... [truncated]",""
"Class:src/app/main.cpp:StartupSplashScreen","StartupSplashScreen","src/app/main.cpp",137,209,true,"}

class StartupSplashScreen final : public QSplashScreen {
  public:
    explicit StartupSplashScreen( const QPixmap& pixmap )
        : QSplashScreen( pixmap )
    {
        // Keep splash above restored main windows until startup is fully finished.
        setWindowFlag( Qt::WindowStaysOnTopHint, true );
    }

    void updateFromState( const StartupProgressState& state )
    {
        state_ = state;
        state_.maximum = std::max( state_.minimum + 1, state_.maximum );
        state_.value = std::clamp( state_.value, state_.minimum, state_.maximum );
        update();
        raise();

        // Startup can run before the main event loop starts; pump a minimal
        // event set so queued splash updates are rendered.
        if ( !processingEvents_ ) {
            QScopedValueRollback<bool> guard( processingEvents_, true );
            // Keep local IPC responsive during bootstrap so automation and
            // commander requests can reach the primary instance before the
            // main event loop starts.
            QCoreApplication::processEvents( QEventLoop::ExcludeUserInputEvents );
        }
    }

  protected:
    void drawContents( QPainter* painter ) override
    {
        const auto rect = this->rect();
        const int panelHeight = 82;
        const QRect panelRect( rect.left(), rect.bottom() - panelHeight + 1, rect.width(),
                               panelHeight );
        painter->fillRect( panelRect, QColor( 0, 0, 0, 150 ) );

        QFont statusFont = painter->font();
        statusFont.setPixelSize( 14 );
        statusFont.setBold( true );
        painter->setFont( statusFont );
        painter->setPen( Qt::white );
        painter->drawText( panelRect.adjusted( 12, 8, -12, -44 ),
                           Qt::AlignLeft | Qt::AlignVCenter,
                           state_.status.isEmpty() ? QObject::tr( ""Loading..."" ) : state_.status );

        QFont detailFont = painter->font();
        detailFont.setPixelSize( 12 );
        detailFont.setBold( false );
        painter->setFont( detailFont );
        painter->setPen( QColor( 230, 230, 230 ) );
        painter->drawText( panelRect.adjusted( 12, 28, -12, -24 ),
                           Qt::AlignLeft | Qt::AlignVCenter | Qt::TextSingleLine,
                           state_.detail );

        const QRect progressRect( panelRect.left() + 12, panelRect.bottom() - 20,
                                  panelRect.width() - 24, 10 );
        painter->setPen( QColor( 80, 80, 80 ) );
        painter->setBrush( QColor( 35, 35, 35 ) );
        painter->drawRect( progressRect );

        const int range = std::max( 1, state_.maximum - state_.minimum );
        const double ratio = static_cast<double>( state_.value - state_.minimum ) / range;
        const int width = std::max( 0, static_cast<int>( ( progressRect.width() - 2 ) * ratio ) );
        const QRect valueRect( progressRect.left() + 1, progressRect.top() + 1, width,
                               progressRect.height() - 2 );
        painter->fillRect( valueRect, QColor( 38, 140, 255 ) );
    }

  private:
    StartupProgressState state_;
    bool processingEvents_ = false;
};

namespace {
",""
"Class:src/app/labcontrollerservice.h:QSqlDatabase","QSqlDatabase","src/app/labcontrollerservice.h",11,11,true,"#include ""labtypes.h""

class QSqlDatabase;
class QTcpServer;
class QTcpSocket;
",""
"Class:src/app/labcontrollerservice.h:QTcpServer","QTcpServer","src/app/labcontrollerservice.h",12,12,true,"
class QSqlDatabase;
class QTcpServer;
class QTcpSocket;

",""
"Class:src/app/labcontrollerservice.h:QTcpSocket","QTcpSocket","src/app/labcontrollerservice.h",13,13,true,"class QSqlDatabase;
class QTcpServer;
class QTcpSocket;

class LabControllerService : public QObject {
",""
"Class:src/app/labcontrollerservice.h:LabControllerService","LabControllerService","src/app/labcontrollerservice.h",15,82,true,"class QTcpSocket;

class LabControllerService : public QObject {
    Q_OBJECT

  public:
    explicit LabControllerService( QObject* parent = nullptr );
    ~LabControllerService() override;

    bool start( const LabCliRequest& request, QString* errorMessage );
    void stop();

    QVariantMap submitBundle( const LabJobBundle& bundle, const QString& requestedAgentLabel,
                              QString* errorMessage );
    QVariantMap queueSnapshot() const;
    QVariantMap agentsSnapshot() const;
    QVariantMap jobStatus( const QString& jobId, QString* errorMessage ) const;
    QVariantMap cancelJob( const QString& jobId, QString* errorMessage );
    QVariantMap artifactsPayload( const QString& jobId, QString* errorMessage ) const;
    QString stateDirPath() const;

  private Q_SLOTS:
    void handleHttpConnection();
    void handleAgentConnection();
    void handleAgentDisconnected();
    void readAgentSocket();
    void pruneStaleAgents();

  private:
    struct AgentConnectionState;

    bool initializeDatabase( const QString& stateDirPath, QString* errorMessage );
    bool loadToken( const QString& tokenFilePath, QString* errorMessage );
    bool insertOrUpdateAgent( const LabAgentConfig& config, QString* errorMessage );
    bool updateAgentHeartbeat( const QString& agentId, QString* errorMessage );
    bool updateAgentStatus( const QString& agentId, const QString& status, const QString& lastError,
                            QString* errorMessage );
    QVariantMap jobPayloadById( const QString& jobId, QString* errorMessage ) const;
    void scheduleJobs();
    bool assignJobToAgent( const QString& jobId, const QVariantMap& jobRecord,
                           const QString& agentId, const LabAgentConfig& config,
                           QString* errorMessage );
    QVariantList eligibleBindings( const LabJobBundle& bundle, const LabAgentConfig& config ) const;
    QVariantMap queueSnapshotUnlocked() const;
    QVariantMap agentsSnapshotUnlocked() const;
    QVariantMap jobStatusUnlocked( const QString& jobId, QString* errorMessage ) const;
    QVariantMap artifactsPayloadUnlocked( const QString& jobId, QString* errorMessage ) const;
    QString jobDirectoryPath( const QString& jobId ) const;
    QString artifactDirectoryPath( const QString& jobId ) const;
    QString nextJobId() const;
    QVariantMap submitBundleUnlocked( const LabJobBundle& bundle, const QString& requestedAgentLabel,
                                      QString* errorMessage );
    bool writeBundleToDisk( const QString& jobId, const LabJobBundle& bundle, QString* errorMessage ) const;
    QVariantMap loadBundlePayload( const QString& jobId ) const;
    void sendJsonResponse( QTcpSocket* socket, int statusCode, const QVariantMap& payload ) const;
    void processHttpRequest( QTcpSocket* socket, const QByteArray& rawRequest );
    bool authorizeHttpRequest( const QByteArray& headers, QString* errorMessage ) const;
    void processAgentMessage( QTcpSocket* socket, const QVariantMap& message );
    void sendAgentMessage( QTcpSocket* socket, const QVariantMap& message ) const;
    AgentConnectionState* connectionStateForSocket( QTcpSocket* socket );
    const AgentConnectionState* connectionStateForSocket( QTcpSocket* socket ) const;

    QString databaseConnectionName_;
    QTcpServer* httpServer_ = nullptr;
    QTcpServer* agentServer_ = nullptr;
    QByteArray sharedToken_;
    QString stateDirPath_;
    QHash<QTcpSocket*, AgentConnectionState*> agentConnections_;
    int heartbeatTimeoutMs_ = 15000;
};
",""
"Class:src/app/labclient.h:LabClient","LabClient","src/app/labclient.h",8,28,true,"#include ""labtypes.h""

class LabClient : public QObject {
  public:
    explicit LabClient( QObject* parent = nullptr );

    bool loadToken( const QString& tokenFilePath, QString* errorMessage );

    QVariantMap submit( const QString& controllerUrl, const LabJobBundle& bundle, QString* errorMessage );
    QVariantMap queue( const QString& controllerUrl, QString* errorMessage );
    QVariantMap status( const QString& controllerUrl, const QString& jobId, QString* errorMessage );
    QVariantMap cancel( const QString& controllerUrl, const QString& jobId, QString* errorMessage );
    QVariantMap agents( const QString& controllerUrl, QString* errorMessage );
    QVariantMap artifacts( const QString& controllerUrl, const QString& jobId, QString* errorMessage );
    QVariantMap snapshot( const QString& controllerUrl, QString* errorMessage );

  private:
    QVariantMap performJsonRequest( const QString& controllerUrl, const QString& path,
                                    const QString& method, const QVariantMap& body,
                                    QString* errorMessage );

    QByteArray sharedToken_;
};
",""
"Class:src/app/labagentrunner.h:KloggApp","KloggApp","src/app/labagentrunner.h",7,7,true,"#include ""labtypes.h""

class KloggApp;
class QTcpSocket;

",""
"Class:src/app/labagentrunner.h:QTcpSocket","QTcpSocket","src/app/labagentrunner.h",8,8,true,"
class KloggApp;
class QTcpSocket;

class LabAgentRunner : public QObject {
",""
"Class:src/app/labagentrunner.h:LabAgentRunner","LabAgentRunner","src/app/labagentrunner.h",10,34,true,"class QTcpSocket;

class LabAgentRunner : public QObject {
    Q_OBJECT

  public:
    explicit LabAgentRunner( KloggApp& app, QObject* parent = nullptr );

    bool start( const LabCliRequest& request, QString* errorMessage );

  private Q_SLOTS:
    void connected();
    void disconnected();
    void readyRead();
    void sendHeartbeat();

  private:
    void processMessage( const QVariantMap& message );
    void sendMessage( const QVariantMap& message );
    void runAssignedJob( const QVariantMap& message );

    KloggApp& app_;
    QTcpSocket* socket_ = nullptr;
    QByteArray sharedToken_;
    QByteArray buffer_;
    LabAgentConfig config_;
};
",""
"Class:src/app/kloggapp.h:KloggApp","KloggApp","src/app/kloggapp.h",80,1252,true,"#include ""versionchecker.h""

class KloggApp : public QApplication {

    Q_OBJECT

  public:
    KloggApp( int& argc, char* argv[] )
        : QApplication( argc, argv)
    {
        QFontDatabase::addApplicationFont( "":/fonts/DejaVuSansMono.ttf"" );

        QNetworkProxyFactory::setUseSystemConfiguration( true );
        scriptSupervisor_.setCommanderExecutor(
            [ this ]( const CommanderRequest& request ) { return executeCommanderRequest( request ); } );
        scenarioRunner_.setCommanderExecutor(
            [ this ]( const CommanderRequest& request ) { return executeCommanderRequest( request ); } );
        scriptRunnerWindow_.setWindowTitle( tr( ""CILogg - script runner"" ) );
        scenarioRunnerWindow_.setWindowTitle( tr( ""CILogg - scenario runner"" ) );
        labQueueWindow_.setWindowTitle( tr( ""CILogg - lab queue"" ) );
        connect( &scriptSupervisor_, &ScriptSupervisor::statusChanged, this,
                 [ this ]() {
                     for ( const auto& [ windowSession, window ] : mainWindows_ ) {
                         Q_UNUSED( windowSession );
                         if ( window != nullptr ) {
                             window->refreshScriptStatusIndicators();
                         }
                     }
                 } );

        qRegisterMetaType<LoadingStatus>( ""LoadingStatus"" );
        qRegisterMetaType<LinesCount>( ""LinesCount"" );
        qRegisterMetaType<LineNumber>( ""LineNumber"" );
        qRegisterMetaType<std::vector<LineNumber>>( ""std::vector<LineNumber>"" );
        qRegisterMetaType<klogg::vector<LineNumber>>( ""klogg::vector<LineNumber>"" );
        qRegisterMetaType<LineLength>( ""LineLength"" );
        qRegisterMetaType<Portion>( ""Portion"" );
        qRegisterMetaType<Selection>( ""Selection"" );
        qRegisterMetaType<QFNotification>( ""QFNotification"" );
        qRegisterMetaType<QFNotificationReachedEndOfFile>( ""QFNotificationReachedEndOfFile"" );
        qRegisterMetaType<QFNotificationReachedBegininningOfFile>(
            ""QFNotificationReachedBegininningOfFile"" );
        qRegisterMetaType<QFNotificationProgress>( ""QFNotificationProgress"" );
        qRegisterMetaType<QFNotificationInterrupted>( ""QFNotificationInterrupted"" );
        qRegisterMetaType<QuickFindMatcher>( ""QuickFindMatcher"" );
        qRegisterMetaType<CommanderRequest>( ""CommanderRequest"" );

        if ( singleApplication_.isPrimaryInstance() ) {
            QObject::connect( &singleApplication_, &KDSingleApplication::messageReceived, &messageReceiver_,
                              &MessageReceiver::receiveMessage, Qt::QueuedConnection );

            QObject::connect( &messageReceiver_, &MessageReceiver::loadFile, this,
                              &KloggApp::loadFileNonInteractive );
            QObject::connect( &messageReceiver_, &MessageReceiver::activateWindow, this,
                              &KloggApp::activatePrimaryWindow );
            QObject::connect( &messageReceiver_, &MessageReceiver::executeCommand, this,
                              &KloggApp::handleCommanderRequest );

            // Version checker notification
            connect( &versionChecker_, &VersionChecker::newVersionFound,
                     [ this ]( const QString& new_version, const QString& url,
                               const QStringList& changes ) {
                         newVersionNotification( new_version, url, changes );
                     } );
        }
    }

    bool isSecondary() const {
        return !singleApplication_.isPrimaryInstance();
    }

    qint64 primaryPid() const {
        return singleApplication_.primaryPid();
    }

    bool sendFilesToPrimaryInstance( const std::vector<QString>& filenames )
    {
#ifdef Q_OS_WIN
        // TODO: fix pid passing
        ::AllowSetForegroundWindow( static_cast<DWORD>( primaryPid() ) );
#endif

        QStringList filesToOpen;
        std::copy( filenames.cbegin(), filenames.cend(), std::back_inserter( filesToOpen ) );

        QString ackPath;
        if ( filesToOpen.empty() ) {
            ackPath = createUniqueTempPath( QStringLiteral( ""klogg_activate_ack_"" ),
                                            QStringLiteral( "".tmp"" ) );
        }

        QCborArray filesArray;
        for ( const auto& file : filesToOpen ) {
            filesArray.append( file );
        }

        QCborMap data;
        data.insert( QLatin1String( ""version"" ), QString::fromLatin1( kloggVersion() ) );
        data.insert( QLatin1String( ""activate"" ), true );
        data.insert( QLatin1String( ""files"" ), filesArray );
        if ( !ackPath.isEmpty() ) {
            data.insert( QLatin1String( ""ackPath"" ), ackPath );
        }

        const QCborValue cbor( data );
        if ( !singleApplication_.sendMessageWithTimeout( cbor.toCbor(), 5000 ) ) {
            return false;
        }

        if ( ackPath.isEmpty() ) {
           
... [truncated]",""
"Class:src/versioncheck/include/versionchecker.h:VersionCheckerConfig","VersionCheckerConfig","src/versioncheck/include/versionchecker.h",50,71,true,"// This class holds the configuration options and persistent
// data for the version checker
class VersionCheckerConfig final : public Persistable<VersionCheckerConfig, session_settings> {
  public:
    static const char* persistableName()
    {
        return ""VersionCheckerConfig"";
    }
    std::time_t nextDeadline() const
    {
        return next_deadline_;
    }
    void setNextDeadline( std::time_t deadline )
    {
        next_deadline_ = deadline;
    }

    // Reads/writes the current config in the QSettings object passed
    virtual void saveToStorage( QSettings& settings ) const;
    virtual void retrieveFromStorage( QSettings& settings );

  private:
    std::time_t next_deadline_ = {};
};

// This class compares the current version number with the latest
",""
"Class:src/versioncheck/include/versionchecker.h:VersionChecker","VersionChecker","src/versioncheck/include/versionchecker.h",75,100,true,"// This class compares the current version number with the latest
// stored on a central server
class VersionChecker : public QObject {
    Q_OBJECT

  public:
    VersionChecker();
    ~VersionChecker() override = default;

    // Starts an asynchronous check for a newer version if it is needed.
    // A newVersionFound signal is sent if one is found.
    // In case of error or if no new version is found, no signal is emitted.
    void startCheck();

  Q_SIGNALS:
    // New version ""version"" is available
    void newVersionFound( const QString& version, const QString& url, const QStringList& changes );

  private Q_SLOTS:
    // Called when download is finished
    void downloadFinished( QNetworkReply* );

  private:
    void checkVersionData( QByteArray versionData );

  private:
    QNetworkAccessManager* manager_ = nullptr;
};

#endif
",""
"Class:src/utils/include/runnable_lambda.h:RunnableWrapper","RunnableWrapper","src/utils/include/runnable_lambda.h",25,40,true,"
template <typename TRunnable>
class RunnableWrapper : public QRunnable {
  public:
    RunnableWrapper( TRunnable&& runnable )
        : runnable_( std::move( runnable ) )
    {
        setAutoDelete( true );
    }

    void run() override
    {
        runnable_();
    }

  private:
    TRunnable runnable_;
};

template <typename TRunnable>
",""
"Class:src/utils/include/perfcounter.h:PerfCounter","PerfCounter","src/utils/include/perfcounter.h",27,62,true,"// one second it can be used for performance measurement (e.g. FPS)

class PerfCounter {
  public:

    // Count a new event, returns true if it has been counted.
    // If the function returns false, it indicates the current second is elapsed
    // and the user should read and reset the counter before re-adding the
    // event.
    bool addEvent()
    {
        using namespace std::chrono;
        if ( counter_ == 0 )
            firstEventDate_ = steady_clock::now();

        if ( duration_cast<microseconds>( steady_clock::now() - firstEventDate_ ).count()
             < 1000000 ) {
            ++counter_;
            return true;
        }
        else {
            return false;
        }
    }

    // Read and reset the counter. Returns the number of events that occurred in
    // the previous second.
    uint32_t readAndReset()
    {
        uint32_t value = counter_;
        counter_ = 0;
        return value;
    }

  private:
    uint32_t counter_ = 0;
    std::chrono::steady_clock::time_point firstEventDate_;
};

#endif",""
"Class:src/utils/include/crc32.h:Crc32","Crc32","src/utils/include/crc32.h",24,76,true,"#include <QByteArray>

class Crc32 {
  public:
    static quint32 calculate( QByteArray text )
    {
        quint32 crc32 = 0xffffffff;
        for ( auto i = 0; i < text.size(); ++i ) {
            crc32 = ( crc32 >> 8 )
                    ^ Crc32Tab[ ( crc32 ^ static_cast<quint32>( text[ i ] ) ) & 0xffu ];
        }
        crc32 ^= 0xffffffff;
        return crc32;
    }

  private:
    constexpr static quint32 Crc32Tab[ 256 ]
        = { 0x00000000, 0x77073096, 0xee0e612c, 0x990951ba, 0x076dc419, 0x706af48f, 0xe963a535,
            0x9e6495a3, 0x0edb8832, 0x79dcb8a4, 0xe0d5e91e, 0x97d2d988, 0x09b64c2b, 0x7eb17cbd,
            0xe7b82d07, 0x90bf1d91, 0x1db71064, 0x6ab020f2, 0xf3b97148, 0x84be41de, 0x1adad47d,
            0x6ddde4eb, 0xf4d4b551, 0x83d385c7, 0x136c9856, 0x646ba8c0, 0xfd62f97a, 0x8a65c9ec,
            0x14015c4f, 0x63066cd9, 0xfa0f3d63, 0x8d080df5, 0x3b6e20c8, 0x4c69105e, 0xd56041e4,
            0xa2677172, 0x3c03e4d1, 0x4b04d447, 0xd20d85fd, 0xa50ab56b, 0x35b5a8fa, 0x42b2986c,
            0xdbbbc9d6, 0xacbcf940, 0x32d86ce3, 0x45df5c75, 0xdcd60dcf, 0xabd13d59, 0x26d930ac,
            0x51de003a, 0xc8d75180, 0xbfd06116, 0x21b4f4b5, 0x56b3c423, 0xcfba9599, 0xb8bda50f,
            0x2802b89e, 0x5f058808, 0xc60cd9b2, 0xb10be924, 0x2f6f7c87, 0x58684c11, 0xc1611dab,
            0xb6662d3d, 0x76dc4190, 0x01db7106, 0x98d220bc, 0xefd5102a, 0x71b18589, 0x06b6b51f,
            0x9fbfe4a5, 0xe8b8d433, 0x7807c9a2, 0x0f00f934, 0x9609a88e, 0xe10e9818, 0x7f6a0dbb,
            0x086d3d2d, 0x91646c97, 0xe6635c01, 0x6b6b51f4, 0x1c6c6162, 0x856530d8, 0xf262004e,
            0x6c0695ed, 0x1b01a57b, 0x8208f4c1, 0xf50fc457, 0x65b0d9c6, 0x12b7e950, 0x8bbeb8ea,
            0xfcb9887c, 0x62dd1ddf, 0x15da2d49, 0x8cd37cf3, 0xfbd44c65, 0x4db26158, 0x3ab551ce,
            0xa3bc0074, 0xd4bb30e2, 0x4adfa541, 0x3dd895d7, 0xa4d1c46d, 0xd3d6f4fb, 0x4369e96a,
            0x346ed9fc, 0xad678846, 0xda60b8d0, 0x44042d73, 0x33031de5, 0xaa0a4c5f, 0xdd0d7cc9,
            0x5005713c, 0x270241aa, 0xbe0b1010, 0xc90c2086, 0x5768b525, 0x206f85b3, 0xb966d409,
            0xce61e49f, 0x5edef90e, 0x29d9c998, 0xb0d09822, 0xc7d7a8b4, 0x59b33d17, 0x2eb40d81,
            0xb7bd5c3b, 0xc0ba6cad, 0xedb88320, 0x9abfb3b6, 0x03b6e20c, 0x74b1d29a, 0xead54739,
            0x9dd277af, 0x04db2615, 0x73dc1683, 0xe3630b12, 0x94643b84, 0x0d6d6a3e, 0x7a6a5aa8,
            0xe40ecf0b, 0x9309ff9d, 0x0a00ae27, 0x7d079eb1, 0xf00f9344, 0x8708a3d2, 0x1e01f268,
            0x6906c2fe, 0xf762575d, 0x806567cb, 0x196c3671, 0x6e6b06e7, 0xfed41b76, 0x89d32be0,
            0x10da7a5a, 0x67dd4acc, 0xf9b9df6f, 0x8ebeeff9, 0x17b7be43, 0x60b08ed5, 0xd6d6a3e8,
            0xa1d1937e, 0x38d8c2c4, 0x4fdff252, 0xd1bb67f1, 0xa6bc5767, 0x3fb506dd, 0x48b2364b,
            0xd80d2bda, 0xaf0a1b4c, 0x36034af6, 0x41047a60, 0xdf60efc3, 0xa867df55, 0x316e8eef,
            0x4669be79, 0xcb61b38c, 0xbc66831a, 0x256fd2a0, 0x5268e236, 0xcc0c7795, 0xbb0b4703,
            0x220216b9, 0x5505262f, 0xc5ba3bbe, 0xb2bd0b28, 0x2bb45a92, 0x5cb36a04, 0xc2d7ffa7,
            0xb5d0cf31, 0x2cd99e8b, 0x5bdeae1d, 0x9b64c2b0, 0xec63f226, 0x756aa39c, 0x026d930a,
            0x9c0906a9, 0xeb0e363f, 0x72076785, 0x05005713, 0x95bf4a82, 0xe2b87a14, 0x7bb12bae,
            0x0cb61b38, 0x92d28e9b, 0xe5d5be0d, 0x7cdcefb7, 0x0bdbdf21, 0x86d3d2d4, 0xf1d4e242,
            0x68ddb3f8, 0x1fda836e, 0x81be16cd, 0xf6b9265b, 0x6fb077e1, 0x18b74777, 0x88085ae6,
            0xff0f6a70, 0x66063bca, 0x11010b5c, 0x8f659eff, 0xf862ae69, 0x616bffd3, 0x166ccf45,
            0xa00ae278, 0xd70dd2ee, 0x4e048354, 0x3903b3c2, 0xa7672661, 0xd06016f7, 0x4969474d,
            0x3e6e77db, 0xaed16a4a, 0xd9d65adc, 0x40df0b66, 0x37d83bf0, 0xa9bcae53, 0xdebb9ec5,
            0x47b2cf7f, 0x30b5ffe9, 0xbdbdf21c, 0xcabac28a, 0x53b39330, 0x24b4a3a6, 0xbad03605,
            0xcdd70693, 0x54de5729, 0x23d967bf, 0xb3667a2e, 0xc4614ab8, 0x5d681b02, 0x2a6f2b94,
            0xb40bbe37, 0xc30c8ea1, 0x5a05df1b, 0x2d02ef8d };
};

#endif",""
"Class:src/utils/include/atomicflag.h:AtomicFlag","AtomicFlag","src/utils/include/atomicflag.h",44,78,true,"#include <QAtomicInt>

class AtomicFlag {
  public:
    explicit AtomicFlag( bool initialState = false )
    {
        flag_.storeRelease( initialState ? 1 : 0 );
    }

    inline void set()
    {
        flag_.storeRelease( 1 );
    }

    inline void clear()
    {
        flag_.storeRelease( 0 );
    }

    inline explicit operator bool() const
    {
        return flag_.loadAcquire() != 0;
    }

    inline bool operator!() const
    {
        return !flag_.loadAcquire();
    }

    operator const QAtomicInt&() const
    {
        return flag_;
    }

  private:
    QAtomicInt flag_;
};

#endif // ATOMICFLAG_H
",""
"Class:3rdparty/dump_syms/package_syms.py:ProcError","ProcError","3rdparty/dump_syms/package_syms.py",12,15,true,"import zipfile

class ProcError(Exception):
    def __init__(self, returncode, stderr):
        self.returncode = returncode
        self.stderr = stderr

def check_output(command):
",""
"Class:src/ui/src/scratchpad.cpp:DateTimeBox","DateTimeBox","src/ui/src/scratchpad.cpp",46,60,true,"namespace klogg {

class DateTimeBox : public QFormLayout {
  public:
    DateTimeBox();
    ~DateTimeBox() = default;

    QString displayTime( const QString& text );

  private:
    QString displayTime();

  private:
    std::optional<qint64> timestamp_;
    QLineEdit* timeLine_;
    QComboBox* tzComboBox_;
};
} // namespace klogg

",""
"Class:src/ui/src/responseeditdialog.cpp:ResponseActionStepDialog","ResponseActionStepDialog","src/ui/src/responseeditdialog.cpp",158,250,false,"}

class ResponseActionStepDialog : public QDialog {
  public:
    explicit ResponseActionStepDialog( const QVector<ActionDefinition>& actions, QWidget* parent = nullptr )
        : QDialog( parent )
        , actions_( actions )
    {
        setWindowTitle( tr( ""Linked Action Step"" ) );

        filterEdit_ = new QLineEdit( this );
        filterEdit_->setPlaceholderText( tr( ""Filter actions"" ) );

        actionCombo_ = new QComboBox( this );

        delaySpin_ = new QSpinBox( this );
        delaySpin_->setRange( 0, 3600000 );
        delaySpin_->setSuffix( tr( "" ms"" ) );

        auto* formLayout = new QFormLayout;
        formLayout->addRow( tr( ""Filter"" ), filterEdit_ );
        formLayout->addRow( tr( ""Action"" ), actionCombo_ );
        formLayout->addRow( tr( ""Delay"" ), delaySpin_ );

        buttons_ = new QDialogButtonBox( QDialogButtonBox::Ok | QDialogButtonBox::Cancel, this );
        connect( filterEdit_, &QLineEdit::textChanged, this, [this]() {
            reloadActionCombo( currentActionId() );
        } );
        connect( actionCombo_, qOverload<int>( &QComboBox::currentIndexChanged ), this, [this]( int ) {
            updateState();
        } );
        connect( buttons_, &QDialogButtonBox::accepted, this, &QDialog::accept );
        connect( buttons_, &QDialogButtonBox::rejected, this, &QDialog::reject );

        auto* layout = new QVBoxLayout( this );
        layout->addLayout( formLayout );
        layout->addWidget( buttons_ );

        reloadActionCombo();
    }

    void setStep( const ResponseActionStep& step )
    {
        filterEdit_->clear();
        reloadActionCombo( step.actionId );
        delaySpin_->setValue( step.delayMs );
    }

    ResponseActionStep step() const
    {
        return { actionCombo_->currentData().toInt(), delaySpin_->value() };
    }

  private:
    void reloadActionCombo( int preferredActionId = -1 )
    {
        const auto filter = filterEdit_->text().trimmed();
        actionCombo_->clear();

        for ( const auto& action : actions_ ) {
            const auto label = QStringLiteral( ""%1 (%2)"" ).arg( action.name ).arg( action.id );
            if ( !filter.isEmpty()
                 && !label.contains( filter, Qt::CaseInsensitive )
                 && !action.description.contains( filter, Qt::CaseInsensitive ) ) {
                continue;
            }

            actionCombo_->addItem( label, action.id );
        }

        const auto index = preferredActionId >= 0 ? actionCombo_->findData( preferredActionId ) : 0;
        actionCombo_->setCurrentIndex( index >= 0 ? index : ( actionCombo_->count() > 0 ? 0 : -1 ) );
        updateState();
    }

    int currentActionId() const
    {
        return actionCombo_->currentData().isValid() ? actionCombo_->currentData().toInt() : -1;
    }

    void updateState()
    {
        const bool hasActions = actionCombo_->count() > 0 && currentActionId() >= 0;
        actionCombo_->setEnabled( hasActions );
        if ( auto* okButton = buttons_->button( QDialogButtonBox::Ok ) ) {
            okButton->setEnabled( hasActions );
        }
    }

    QVector<ActionDefinition> actions_;
    QLineEdit* filterEdit_ = nullptr;
    QComboBox* actionCombo_ = nullptr;
    QSpinBox* delaySpin_ = nullptr;
    QDialogButtonBox* buttons_ = nullptr;
};
} // namespace

",""
"Class:src/ui/src/predefinedfiltersdialog.cpp:CenteredCheckbox","CenteredCheckbox","src/ui/src/predefinedfiltersdialog.cpp",58,86,true,"}

class CenteredCheckbox : public QWidget {
  public:
    explicit CenteredCheckbox( QWidget* parent = nullptr )
        : QWidget( parent )
    {
        auto layout = new QHBoxLayout;
        layout->setAlignment( Qt::AlignCenter );
        checkbox_ = new QCheckBox;
        layout->addWidget( checkbox_ );
        this->setLayout( layout );

        QPalette palette = this->palette();
        palette.setColor( QPalette::Base, palette.color( QPalette::Window ) );
        checkbox_->setPalette( palette );
    }

    bool isChecked() const
    {
        return checkbox_->isChecked();
    }

    void setChecked( bool isChecked )
    {
        checkbox_->setChecked( isChecked );
    }

  private:
    QCheckBox* checkbox_;
};

PredefinedFiltersDialog::PredefinedFiltersDialog( QWidget* parent )
",""
"Class:src/ui/src/predefinedfilterscombobox.cpp:QCheckListStyledItemDelegate","QCheckListStyledItemDelegate","src/ui/src/predefinedfilterscombobox.cpp",53,67,true,"constexpr int FilterIdRole = RegexRole + 1;

class QCheckListStyledItemDelegate : public QStyledItemDelegate {
  public:
    QCheckListStyledItemDelegate( QObject* parent = 0 )
        : QStyledItemDelegate( parent )
    {
    }

    void paint( QPainter* painter, const QStyleOptionViewItem& option,
                const QModelIndex& index ) const
    {
        QStyleOptionViewItem refToNonConstOption = option;
        refToNonConstOption.showDecorationSelected = false;
        QStyledItemDelegate::paint( painter, refToNonConstOption, index );
    }
};

PredefinedFiltersComboBox::PredefinedFiltersComboBox( QWidget* parent )
",""
"Class:src/ui/src/importactionsdialog.cpp:ActionsImportTableModel","ActionsImportTableModel","src/ui/src/importactionsdialog.cpp",91,226,true,"} // namespace

class ActionsImportTableModel : public QAbstractTableModel {
  public:
    explicit ActionsImportTableModel( QVector<ActionDefinition>* actions, QObject* parent = nullptr )
        : QAbstractTableModel( parent )
        , actions_( actions )
    {
    }

    void setActions( QVector<ActionDefinition>* actions )
    {
        beginResetModel();
        actions_ = actions;
        endResetModel();
    }

    int rowCount( const QModelIndex& parent = {} ) const override
    {
        if ( parent.isValid() || !actions_ ) {
            return 0;
        }
        return static_cast<int>( actions_->size() );
    }

    int columnCount( const QModelIndex& parent = {} ) const override
    {
        if ( parent.isValid() ) {
            return 0;
        }
        return 4;
    }

    QVariant data( const QModelIndex& index, int role ) const override
    {
        if ( !index.isValid() || !actions_ ) {
            return {};
        }
        const int row = index.row();
        if ( row < 0 || row >= actions_->size() ) {
            return {};
        }
        const auto& action = actions_->at( row );
        if ( role == Qt::ToolTipRole ) {
            QString tooltip = action.description;
            if ( !tooltip.isEmpty() ) {
                tooltip.append( '\n' );
            }
            tooltip.append( QObject::tr( ""Sequence: %1"" ).arg( action.sequence.value ) );
            return tooltip;
        }

        switch ( index.column() ) {
        case 0:
            if ( role == Qt::DisplayRole ) {
                return action.id;
            }
            if ( role == Qt::TextAlignmentRole ) {
                return Qt::AlignCenter;
            }
            break;
        case 1:
            if ( role == Qt::DisplayRole ) {
                return action.name;
            }
            break;
        case 2:
            if ( role == Qt::DisplayRole ) {
                return truncateText( action.sequence.value, 64 );
            }
            break;
        case 3:
            if ( role == Qt::CheckStateRole ) {
                return action.hidden ? Qt::Unchecked : Qt::Checked;
            }
            if ( role == Qt::TextAlignmentRole ) {
                return Qt::AlignCenter;
            }
            break;
        default:
            break;
        }

        return {};
    }

    QVariant headerData( int section, Qt::Orientation orientation, int role ) const override
    {
        if ( orientation != Qt::Horizontal || role != Qt::DisplayRole ) {
            return {};
        }
        switch ( section ) {
        case 0:
            return QObject::tr( ""Id"" );
        case 1:
            return QObject::tr( ""Action"" );
        case 2:
            return QObject::tr( ""Sequence"" );
        case 3:
            return QObject::tr( ""Enable"" );
        default:
            return {};
        }
    }

    Qt::ItemFlags flags( const QModelIndex& index ) const override
    {
        if ( !index.isValid() ) {
            return Qt::NoItemFlags;
        }
        if ( index.column() == 3 ) {
            return Qt::ItemIsEnabled | Qt::ItemIsSelectable | Qt::ItemIsUserCheckable;
        }
        return Qt::ItemIsEnabled | Qt::ItemIsSelectable;
    }

    bool setData( const QModelIndex& index, const QVariant& value, int role ) override
    {
        if ( !index.isValid() || !actions_ ) {
            return false;
        }
        if ( index.column() != 3 || role != Qt::CheckStateRole ) {
            return false;
        }
        const int row = index.row();
        if ( row < 0 || row >= actions_->size() ) {
            return false;
        }
        auto& action = ( *actions_ )[ row ];
        const bool visible = value.toInt() == Qt::Checked;
        action.hidden = !visible;
        Q_EMIT dataChanged( index, index, { Qt::CheckStateRole } );
        return true;
    }

  private:
    QVector<ActionDefinition>* actions_ = nullptr;
};

class ResponsesImportTableModel : public QAbstractTableModel {
",""
"Class:src/ui/src/importactionsdialog.cpp:ResponsesImportTableModel","ResponsesImportTableModel","src/ui/src/importactionsdialog.cpp",228,383,true,"};

class ResponsesImportTableModel : public QAbstractTableModel {
  public:
    explicit ResponsesImportTableModel( QVector<ResponseDefinition>* responses, QObject* parent = nullptr )
        : QAbstractTableModel( parent )
        , responses_( responses )
    {
    }

    void setResponses( QVector<ResponseDefinition>* responses )
    {
        beginResetModel();
        responses_ = responses;
        endResetModel();
    }

    int rowCount( const QModelIndex& parent = {} ) const override
    {
        if ( parent.isValid() || !responses_ ) {
            return 0;
        }
        return static_cast<int>( responses_->size() );
    }

    int columnCount( const QModelIndex& parent = {} ) const override
    {
        if ( parent.isValid() ) {
            return 0;
        }
        return 5;
    }

    QVariant data( const QModelIndex& index, int role ) const override
    {
        if ( !index.isValid() || !responses_ ) {
            return {};
        }
        const int row = index.row();
        if ( row < 0 || row >= responses_->size() ) {
            return {};
        }
        const auto& response = responses_->at( row );
        if ( role == Qt::ToolTipRole ) {
            QString tooltip = response.description;
            if ( !tooltip.isEmpty() ) {
                tooltip.append( '\n' );
            }
            tooltip.append(
                QObject::tr( ""Match: %1 (%2)"" )
                    .arg( response.match.value, responseMatchTypeToString( response.match.type ) ) );
            return tooltip;
        }

        switch ( index.column() ) {
        case 0:
            if ( role == Qt::DisplayRole ) {
                return response.id;
            }
            if ( role == Qt::TextAlignmentRole ) {
                return Qt::AlignCenter;
            }
            break;
        case 1:
            if ( role == Qt::DisplayRole ) {
                return response.name;
            }
            break;
        case 2:
            if ( role == Qt::DisplayRole ) {
                return truncateText( response.match.value, 64 );
            }
            break;
        case 3:
            if ( role == Qt::CheckStateRole ) {
                return response.enabled ? Qt::Checked : Qt::Unchecked;
            }
            if ( role == Qt::TextAlignmentRole ) {
                return Qt::AlignCenter;
            }
            break;
        case 4:
            if ( role == Qt::CheckStateRole ) {
                return response.hidden ? Qt::Unchecked : Qt::Checked;
            }
            if ( role == Qt::TextAlignmentRole ) {
                return Qt::AlignCenter;
            }
            break;
        default:
            break;
        }

        return {};
    }

    QVariant headerData( int section, Qt::Orientation orientation, int role ) const override
    {
        if ( orientation != Qt::Horizontal || role != Qt::DisplayRole ) {
            return {};
        }
        switch ( section ) {
        case 0:
            return QObject::tr( ""Id"" );
        case 1:
            return QObject::tr( ""Response"" );
        case 2:
            return QObject::tr( ""Match"" );
        case 3:
            return QObject::tr( ""Active"" );
        case 4:
            return QObject::tr( ""Enable"" );
        default:
            return {};
        }
    }

    Qt::ItemFlags flags( const QModelIndex& index ) const override
    {
        if ( !index.isValid() ) {
            return Qt::NoItemFlags;
        }
        if ( index.column() == 3 || index.column() == 4 ) {
            return Qt::ItemIsEnabled | Qt::ItemIsSelectable | Qt::ItemIsUserCheckable;
        }
        return Qt::ItemIsEnabled | Qt::ItemIsSelectable;
    }

    bool setData( const QModelIndex& index, const QVariant& value, int role ) override
    {
        if ( !index.isValid() || !responses_ ) {
            return false;
        }
        if ( role != Qt::CheckStateRole ) {
            return false;
        }
        const int row = index.row();
        if ( row < 0 || row >= responses_->size() ) {
            return false;
        }
        auto& response = ( *responses_ )[ row ];
        const bool checked = value.toInt() == Qt::Checked;
        if ( index.column() == 3 ) {
            response.enabled = checked;
        }
        else if ( index.column() == 4 ) {
            response.hidden = !checked;
        }
        else {
            return false;
        }
        Q_EMIT dataChanged( index, index, { Qt::CheckStateRole } );
        return true;
    }

  private:
    QVector<ResponseDefinition>* responses_ = nullptr;
};

ImportActionsDialog::ImportActionsDialog( QWidget* parent )
",""
"Class:src/ui/src/crawlerwidget.cpp:CrawlerWidgetContext","CrawlerWidgetContext","src/ui/src/crawlerwidget.cpp",94,175,true,"
// Implementation of the view context for the CrawlerWidget
class CrawlerWidgetContext : public ViewContextInterface {
public:
    // Construct from the stored string representation
    explicit CrawlerWidgetContext( const QString& string );
    // Construct from the value passsed
    CrawlerWidgetContext( QList<int> sizes, bool ignoreCase, bool autoRefresh, bool followFile,
                          bool useRegexp, bool inverseRegexp, bool useBooleanCombination,
                          QString searchPattern, QList<LineNumber> markedLines )
        : sizes_( std::move( sizes ) )
        , ignoreCase_( ignoreCase )
        , autoRefresh_( autoRefresh )
        , followFile_( followFile )
        , useRegexp_( useRegexp )
        , inverseRegexp_( inverseRegexp )
        , useBooleanCombination_( useBooleanCombination )
        , searchPattern_( std::move( searchPattern ) )
    {
        std::transform( markedLines.cbegin(), markedLines.cend(), std::back_inserter( marks_ ),
                        []( const auto& m ) { return m.get(); } );
    }

    // Implementation of the ViewContextInterface function
    QString toString() const override;

    // Access the Qt sizes array for the QSplitter
    QList<int> sizes() const
    {
        return sizes_;
    }

    bool ignoreCase() const
    {
        return ignoreCase_;
    }
    bool autoRefresh() const
    {
        return autoRefresh_;
    }
    bool followFile() const
    {
        return followFile_;
    }
    bool useRegexp() const
    {
        return useRegexp_;
    }
    bool inverseRegexp() const
    {
        return inverseRegexp_;
    }
    bool useBooleanCombination() const
    {
        return useBooleanCombination_;
    }

    QList<LineNumber::UnderlyingType> marks() const
    {
        return marks_;
    }

    const QString& searchPattern() const
    {
        return searchPattern_;
    }

private:
    void loadFromString( const QString& string );
    void loadFromJson( const QString& json );

private:
    QList<int> sizes_ = { 400, 100 };

    bool ignoreCase_ = false;
    bool autoRefresh_ = false;
    bool followFile_ = false;
    bool useRegexp_ = false;
    bool inverseRegexp_ = false;
    bool useBooleanCombination_ = false;

    QList<LineNumber::UnderlyingType> marks_;
    QString searchPattern_;
};

// Constructor only does trivial construction. The real work is done once
",""
"Class:src/ui/src/actionsresponseswindow.cpp:ActionsFilterProxyModel","ActionsFilterProxyModel","src/ui/src/actionsresponseswindow.cpp",33,69,false,"
namespace {
class ActionsFilterProxyModel : public QSortFilterProxyModel {
  public:
    using QSortFilterProxyModel::QSortFilterProxyModel;

    void setFilterText( const QString& text )
    {
        filterText_ = text.trimmed();
        refreshFilter();
    }

  protected:
    bool filterAcceptsRow( int sourceRow, const QModelIndex& sourceParent ) const override
    {
        if ( filterText_.isEmpty() ) {
            return true;
        }
        const auto nameIndex = sourceModel()->index( sourceRow, 2, sourceParent );
        const auto seqIndex = sourceModel()->index( sourceRow, 3, sourceParent );
        const auto name = sourceModel()->data( nameIndex, Qt::DisplayRole ).toString();
        const auto sequence = sourceModel()->data( seqIndex, Qt::DisplayRole ).toString();
        return name.contains( filterText_, Qt::CaseInsensitive )
               || sequence.contains( filterText_, Qt::CaseInsensitive );
    }

  private:
    void refreshFilter()
    {
#if QT_VERSION >= QT_VERSION_CHECK( 6, 9, 0 )
        beginFilterChange();
        endFilterChange( QSortFilterProxyModel::Direction::Rows );
#else
        invalidateFilter();
#endif
    }

    QString filterText_;
};

enum class ResponseFilterType { Text, Hex, Regex };
",""
"Class:src/ui/src/actionsresponseswindow.cpp:ResponsesFilterProxyModel","ResponsesFilterProxyModel","src/ui/src/actionsresponseswindow.cpp",105,199,false,"}

class ResponsesFilterProxyModel : public QSortFilterProxyModel {
  public:
    using QSortFilterProxyModel::QSortFilterProxyModel;

    void setFilterText( const QString& text )
    {
        filterText_ = text.trimmed();
        filterType_ = ResponseFilterType::Text;
        filterValid_ = true;
        hexBytes_.clear();
        regex_.setPattern( {} );

        if ( filterText_.isEmpty() ) {
            refreshFilter();
            return;
        }

        if ( looksLikeHex( filterText_ ) ) {
            filterType_ = ResponseFilterType::Hex;
            const auto decoded = decodeHexStringToBytes( filterText_ );
            filterValid_ = decoded.ok;
            if ( decoded.ok ) {
                hexBytes_ = decoded.bytes;
            }
        }
        else if ( looksLikeRegex( filterText_ ) ) {
            filterType_ = ResponseFilterType::Regex;
            QString pattern = filterText_;
            if ( pattern.startsWith( ""re:"", Qt::CaseInsensitive ) ) {
                pattern = pattern.mid( 3 ).trimmed();
            }
            regex_ = QRegularExpression( pattern );
            filterValid_ = regex_.isValid();
        }

        refreshFilter();
    }

  protected:
    bool filterAcceptsRow( int sourceRow, const QModelIndex& sourceParent ) const override
    {
        if ( filterText_.isEmpty() ) {
            return true;
        }
        if ( !filterValid_ ) {
            return false;
        }

        const auto nameIndex = sourceModel()->index( sourceRow, 2, sourceParent );
        const auto valueIndex = sourceModel()->index( sourceRow, 3, sourceParent );
        const auto matchValue
            = sourceModel()->data( valueIndex, ResponsesTableModel::MatchValueRole )
                  .toString();
        const auto matchTypeValue
            = sourceModel()->data( valueIndex, ResponsesTableModel::MatchTypeRole )
                  .toInt();
        const auto matchType = static_cast<ResponseMatchType>( matchTypeValue );
        const auto responseName = sourceModel()->data( nameIndex, Qt::DisplayRole ).toString();

        if ( filterType_ == ResponseFilterType::Hex ) {
            if ( matchType != ResponseMatchType::HexString ) {
                return false;
            }
            const auto decoded = decodeHexStringToBytes( matchValue );
            if ( !decoded.ok ) {
                return false;
            }
            return decoded.bytes.contains( hexBytes_ );
        }

        if ( filterType_ == ResponseFilterType::Regex ) {
            return regex_.match( matchValue ).hasMatch();
        }

        return matchValue.contains( filterText_, Qt::CaseInsensitive )
               || responseName.contains( filterText_, Qt::CaseInsensitive );
    }

  private:
    void refreshFilter()
    {
#if QT_VERSION >= QT_VERSION_CHECK( 6, 9, 0 )
        beginFilterChange();
        endFilterChange( QSortFilterProxyModel::Direction::Rows );
#else
        invalidateFilter();
#endif
    }

    QString filterText_;
    ResponseFilterType filterType_ = ResponseFilterType::Text;
    bool filterValid_ = true;
    QByteArray hexBytes_;
    QRegularExpression regex_;
};

int tableWidthHint( QTableView* table )
",""
"Class:src/ui/src/actionsresponseswindow.cpp:ActionSendDelegate","ActionSendDelegate","src/ui/src/actionsresponseswindow.cpp",259,347,false,"}

class ActionSendDelegate : public QStyledItemDelegate {
  public:
    explicit ActionSendDelegate( std::function<void( const QModelIndex& )> callback,
                                 QObject* parent = nullptr )
        : QStyledItemDelegate( parent )
        , callback_( std::move( callback ) )
    {
    }

  protected:
    void paint( QPainter* painter,
                const QStyleOptionViewItem& option,
                const QModelIndex& index ) const override
    {
        QStyleOptionButton buttonOption;
        buttonOption.rect = option.rect.adjusted( 4, 2, -4, -2 );
        buttonOption.text = QObject::tr( ""Send"" );
        buttonOption.state = QStyle::State_Enabled;
        const auto enabled = index.data( ActionsTableModel::SendEnabledRole ).toBool();
        if ( !enabled ) {
            buttonOption.state &= ~QStyle::State_Enabled;
        }
        if ( option.state & QStyle::State_MouseOver ) {
            buttonOption.state |= QStyle::State_MouseOver;
        }
        if ( option.state & QStyle::State_Selected ) {
            buttonOption.state |= QStyle::State_HasFocus;
        }
        if ( pressedIndex_ == index ) {
            buttonOption.state |= QStyle::State_Sunken;
        }

        if ( const auto* style = option.widget ? option.widget->style() : nullptr ) {
            style->drawControl( QStyle::CE_PushButton, &buttonOption, painter );
        }
        else {
            QStyledItemDelegate::paint( painter, option, index );
        }
    }

    bool editorEvent( QEvent* event,
                      QAbstractItemModel*,
                      const QStyleOptionViewItem& option,
                      const QModelIndex& index ) override
    {
        if ( !index.data( ActionsTableModel::SendEnabledRole ).toBool() ) {
            return false;
        }

        if ( event->type() == QEvent::MouseButtonPress ) {
            const auto* mouseEvent = static_cast<QMouseEvent*>( event );
            if ( mouseEvent->button() == Qt::LeftButton
                 && option.rect.contains( mouseEvent->pos() ) ) {
                pressedIndex_ = index;
                if ( auto* view = qobject_cast<QAbstractItemView*>(
                         const_cast<QWidget*>( option.widget ) ) ) {
                    view->viewport()->update( option.rect );
                }
                return true;
            }
        }

        if ( event->type() == QEvent::MouseButtonRelease ) {
            const auto* mouseEvent = static_cast<QMouseEvent*>( event );
            const bool wasPressed = ( pressedIndex_ == index );
            const bool shouldTrigger
                = wasPressed && mouseEvent->button() == Qt::LeftButton
                  && option.rect.contains( mouseEvent->pos() );
            if ( wasPressed ) {
                pressedIndex_ = QPersistentModelIndex();
                if ( auto* view = qobject_cast<QAbstractItemView*>(
                         const_cast<QWidget*>( option.widget ) ) ) {
                    view->viewport()->update( option.rect );
                }
            }
            if ( shouldTrigger && callback_ ) {
                callback_( index );
            }
            return wasPressed;
        }

        pressedIndex_ = QPersistentModelIndex();
        return false;
    }

  private:
    std::function<void( const QModelIndex& )> callback_;
    QPersistentModelIndex pressedIndex_;
};
} // namespace

",""
"Class:src/ui/src/abstractlogview.cpp:LineChunk","LineChunk","src/ui/src/abstractlogview.cpp",209,250,false,"}

class LineChunk {
public:
    LineChunk( LineColumn firstCol, LineColumn endCol, QColor foreColor, QColor backColor )
        : start_{ firstCol }
        , end_{ endCol }
        , foreColor_{ foreColor }
        , backColor_{ backColor }
    {
    }

    LineColumn start() const
    {
        return start_;
    }
    LineColumn end() const
    {
        return end_;
    }

    LineLength size() const
    {
        auto length = end_.get() - start_.get() + 1;
        return length >= 0 ? LineLength{ length } : 0_length;
    }

    QColor foreColor() const
    {
        return foreColor_;
    }

    QColor backColor() const
    {
        return backColor_;
    }

private:
    LineColumn start_ = {};
    LineColumn end_ = {};

    QColor foreColor_;
    QColor backColor_;
};

// Utility class for syntax colouring.
",""
"Class:src/ui/src/abstractlogview.cpp:LineDrawer","LineDrawer","src/ui/src/abstractlogview.cpp",255,354,false,"// It stores the chunks of line to draw
// each chunk having a different colour
class LineDrawer {
public:
    explicit LineDrawer( const QColor& backColor )
        : backColor_( backColor )
    {
    }

    // Add a chunk of line using the given colours.
    // Both first_col and last_col are included
    // An empty chunk will be ignored.
    // the first column will be set to 0 if negative
    // The column are relative to the screen
    void addChunk( LineColumn firstCol, LineColumn lastCol, QColor fore, QColor back )
    {
        // LOG_INFO << ""addChunk "" << firstCol.get() << "" "" << lastCol.get();
        const auto length = lastCol.get() - firstCol.get() + 1;

        if ( length > 0 ) {
            chunks_.emplace_back( firstCol, lastCol, fore, back );
        }

        // LOG_INFO << ""added Chunk of  "" << length;
    }

    LineColumn endColumn() const
    {
        return chunks_.empty() ? 0_lcol : chunks_.back().end();
    }

    bool empty() const
    {
        return chunks_.empty();
    }

    // Draw the current line of text using the given painter,
    // in the passed block (in pixels)
    // The line must be cut to fit on the screen.
    // leftExtraBackgroundPx is the an extra margin to start drawing
    // the coloured // background, going all the way to the element
    // left of the line looks better.
    void draw( QPainter* painter, int initialXPos, int initialYPos, int lineWidth,
               const WrappedString& wrappedLines, int leftExtraBackgroundPx )
    {
        QFontMetrics fm = painter->fontMetrics();
        const int fontHeight = fm.height();
        const int fontAscent = fm.ascent();

        int xPos = initialXPos;
        int yPos = initialYPos;
        // LOG_INFO << ""drawing chunks "" << chunks_.size();
        for ( const auto& chunk : chunks_ ) {
            // Draw each chunk
            // LOG_INFO << ""draw chunk: "" << chunk.start().get() << "" "" << chunk.size().get()
            //         << "" empty w: "" << wrappedLines.isEmpty();
            const auto& wrappedChunks = wrappedLines.mid( chunk.start(), chunk.size() );
            bool isFirstLine = true;
            for ( const auto& chunkText : wrappedChunks ) {
                if ( !isFirstLine ) {
                    xPos = initialXPos;
                    yPos += fontHeight;
                }
                isFirstLine = false;

                if ( chunkText.isEmpty() ) {
                    continue;
                }

                auto chunkWidth = textWidth( fm, chunkText );
                if ( xPos == initialXPos ) {
                    // First chunk, we extend the left background a bit,
                    // it looks prettier.
                    painter->fillRect( xPos - leftExtraBackgroundPx, yPos,
                                       chunkWidth + leftExtraBackgroundPx, fontHeight,
                                       chunk.backColor() );
                }
                else {
                    // other chunks...
                    painter->fillRect( xPos, yPos, chunkWidth, fontHeight, chunk.backColor() );
                }

                painter->setPen( chunk.foreColor() );
                painter->drawText(
                    xPos, yPos + fontAscent,
                    QString::fromRawData( chunkText.data(), klogg::isize( chunkText ) ) );

                xPos += chunkWidth;
            }
        }

        // Draw the empty block at the end of the line
        int blankWidth = lineWidth - xPos;

        if ( blankWidth > 0 )
            painter->fillRect( xPos, yPos, blankWidth, fontHeight, backColor_ );
    }

private:
    klogg::vector<LineChunk> chunks_;
    QColor backColor_;
};

} // namespace
",""
"Class:src/ui/include/wrappedstring.h:WrappedString","WrappedString","src/ui/include/wrappedstring.h",29,134,true,"#include ""linetypes.h""

class WrappedString {
public:
    using WrappedStringPart = QStringView;

    static WrappedStringPart makeWrappedStringPart(const QString& lineText, 
        LineColumn firstCol, LineLength length ) {
        return QStringView( lineText ).mid( firstCol.get(), length.get() );
    }

    explicit WrappedString( QString longLine, LineLength visibleColumns )
    {
        unwrappedLine_ = longLine;
        if ( longLine.isEmpty() ) {
            wrappedLines_.push_back( WrappedStringPart{} );
        }
        else {
            WrappedStringPart lineToWrap( longLine );
            while ( lineToWrap.size() > visibleColumns.get() ) {
                WrappedStringPart stringToWrap = lineToWrap.left( visibleColumns.get() );
                auto lastSpaceIt = std::find_if( stringToWrap.rbegin(), stringToWrap.rend(),
                                                 []( QChar c ) { return c.isSpace(); } );
                if ( lastSpaceIt == stringToWrap.rend() ) {
                    wrappedLines_.push_back( lineToWrap.left( visibleColumns.get() ) );
                    lineToWrap = lineToWrap.mid( visibleColumns.get() );
                }
                else {
                    auto spacePos = std::distance( stringToWrap.begin(), lastSpaceIt.base() );
                    wrappedLines_.push_back( lineToWrap.left( spacePos ) );
                    lineToWrap = lineToWrap.mid( spacePos );
                }
            }
            if ( lineToWrap.size() > 0 ) {
                wrappedLines_.push_back( lineToWrap );
            }
        }
    }

    size_t wrappedLinesCount() const
    {
        return wrappedLines_.size();
    }

    klogg::vector<WrappedStringPart> mid( LineColumn start, LineLength length ) const
    {
        auto getLength = []( const auto& view ) -> LineLength::UnderlyingType {
            return type_safe::narrow_cast<LineLength::UnderlyingType>( view.size() );
        };

        klogg::vector<WrappedStringPart> resultChunks;
        if ( wrappedLines_.size() == 1 ) {
            auto& wrappedLine = wrappedLines_.front();
            auto len = std::min( length.get(), getLength( wrappedLine ) - start.get() );
            resultChunks.push_back( wrappedLine.mid( start.get(), ( len > 0 ? len : 0 ) ) );
            return resultChunks;
        }

        size_t wrappedLineIndex = 0;
        auto positionInWrappedLine = start.get();
        while ( positionInWrappedLine > getLength( wrappedLines_[ wrappedLineIndex ] ) ) {
            positionInWrappedLine -= getLength( wrappedLines_[ wrappedLineIndex ] );
            wrappedLineIndex++;
            if ( wrappedLineIndex >= wrappedLines_.size() ) {
                return resultChunks;
            }
        }

        auto chunkLength = length.get();
        while ( positionInWrappedLine + chunkLength
                > getLength( wrappedLines_[ wrappedLineIndex ] ) ) {
            resultChunks.push_back(
                wrappedLines_[ wrappedLineIndex ].mid( positionInWrappedLine ) );
            wrappedLineIndex++;
            positionInWrappedLine = 0;
            chunkLength -= getLength( resultChunks.back() );
            if ( wrappedLineIndex >= wrappedLines_.size() ) {
                return resultChunks;
            }
        }

        if ( chunkLength > 0 ) {
            auto& wrappedLine = wrappedLines_[ wrappedLineIndex ];
            auto len = std::min( chunkLength, getLength( wrappedLine ) - positionInWrappedLine );
            resultChunks.push_back(
                wrappedLine.mid( positionInWrappedLine, ( len > 0 ? len : 0 ) ) );
        }

        return resultChunks;
    }

    bool isEmpty() const
    {
        return unwrappedLine_.isEmpty();
    }

    WrappedStringPart unwrappedLine() const {
        return WrappedStringPart{unwrappedLine_};
    }

    WrappedStringPart wrappedLine(size_t index) const {
        return wrappedLines_[index];
    }

private:
    klogg::vector<WrappedStringPart> wrappedLines_;
    QString unwrappedLine_;
};",""
"Class:src/ui/include/viewtools.h:ElasticHook","ElasticHook","src/ui/include/viewtools.h",29,100,true,"// the mouse wheel or touchpad.
// It is used for the ""follow"" line at the end of the file.
class ElasticHook : public QObject {
    Q_OBJECT

  public:
    explicit ElasticHook( int hook_threshold )
        : hook_threshold_( hook_threshold )
    {
    }

    // Instruct the elastic to move by the passed pixels
    // (a positive value increase the elastic tension)
    void move( int value );

    // Hold the elastic and prevent automatic decrease.
    void hold()
    {
        held_ = true;
    }

    // Release the elastic.
    void release()
    {
        held_ = false;
    }

    // Programmatically force the hook hooked or not.
    void hook( bool hooked )
    {
        hooked_ = hooked;
    }

    void allowHook( bool allow )
    {
        allowHook_ = allow;
        if ( !allow ) {
            hooked_ = false;
            Q_EMIT hooked( false );
        }
    }

    // Return the ""length"" of the elastic hook.
    int size() const
    {
        return position_;
    }
    bool isHooked() const
    {
        return hooked_;
    }

  protected:
    void timerEvent( QTimerEvent* event ) override;

  Q_SIGNALS:
    // Sent when the length has changed
    void lengthChanged();
    // Sent when the hooked status has changed
    void hooked( bool is_hooked );

  private:
    void decreasePosition();

    static constexpr int TIMER_PERIOD_MS = 10;
    static constexpr int DECREASE_RATE = 4;
    const int hook_threshold_;
    bool hooked_ = false;
    bool held_ = false;
    bool allowHook_ = true;
    int position_ = 0;
    int timer_id_ = 0;
    std::chrono::time_point<std::chrono::steady_clock> last_update_;
};

#endif
",""
"Class:src/ui/include/viewinterface.h:LogData","LogData","src/ui/include/viewinterface.h",24,24,true,"#include <memory>

class LogData;
class LogFilteredData;
class SavedSearches;
",""
"Class:src/ui/include/viewinterface.h:LogFilteredData","LogFilteredData","src/ui/include/viewinterface.h",25,25,true,"
class LogData;
class LogFilteredData;
class SavedSearches;
class QuickFindPattern;
",""
"Class:src/ui/include/viewinterface.h:SavedSearches","SavedSearches","src/ui/include/viewinterface.h",26,26,true,"class LogData;
class LogFilteredData;
class SavedSearches;
class QuickFindPattern;

",""
"Class:src/ui/include/viewinterface.h:QuickFindPattern","QuickFindPattern","src/ui/include/viewinterface.h",27,27,true,"class LogFilteredData;
class SavedSearches;
class QuickFindPattern;

// ViewContextInterface represents the private information
",""
"Class:src/ui/include/viewinterface.h:ViewContextInterface","ViewContextInterface","src/ui/include/viewinterface.h",32,37,true,"// the concrete view will be able to save and restore.
// It can be marshalled to persistent storage.
class ViewContextInterface {
  public:
    virtual ~ViewContextInterface() = default;

    virtual QString toString() const = 0;
};

// ViewInterface represents a high-level view on a log file.
",""
"Class:src/ui/include/viewinterface.h:ViewInterface","ViewInterface","src/ui/include/viewinterface.h",42,87,true,"// This a pure virtual class (interface) which is subclassed
// for each type of view.
class ViewInterface {
  public:
    // Set the log data and filtered data to associate to this view
    // Ownership stay with the caller but is shared
    void setData( std::shared_ptr<LogData> log_data,
                  std::shared_ptr<LogFilteredData> filtered_data )
    {
        doSetData( log_data, filtered_data );
    }

    // Set the (shared) quickfind pattern object
    void setQuickFindPattern( std::shared_ptr<QuickFindPattern> qfp )
    {
        doSetQuickFindPattern( qfp );
    }

    // Set the (shared) search history object
    void setSavedSearches( SavedSearches* saved_searches )
    {
        doSetSavedSearches( saved_searches );
    }

    // For save/restore of the context
    void setViewContext( const QString& view_context )
    {
        doSetViewContext( view_context );
    }
    // (returned object ownership is transferred to the caller)
    std::shared_ptr<const ViewContextInterface> context( void ) const
    {
        return doGetViewContext();
    }

    // To allow polymorphic destruction
    virtual ~ViewInterface() = default;

  protected:
    // Virtual functions (using NVI)
    virtual void doSetData( std::shared_ptr<LogData> log_data,
                            std::shared_ptr<LogFilteredData> filtered_data )
        = 0;
    virtual void doSetQuickFindPattern( std::shared_ptr<QuickFindPattern> qfp ) = 0;
    virtual void doSetSavedSearches( SavedSearches* saved_searches ) = 0;
    virtual void doSetViewContext( const QString& view_context ) = 0;
    virtual std::shared_ptr<const ViewContextInterface> doGetViewContext( void ) const = 0;
};
#endif
",""
"Class:src/ui/include/tabnamemapping.h:TabNameMapping","TabNameMapping","src/ui/include/tabnamemapping.h",27,50,true,"
// Manage the list of recently opened files
class TabNameMapping final : public Persistable<TabNameMapping, session_settings>
{
  public:
    static const char* persistableName()
    {
        return ""TabNameMapping"";
    }
    
    TabNameMapping& setTabName(const QString& path, const QString& name);
    QString tabName(const QString& path) const;

    // Reads/writes the current config in the QSettings object passed
    void saveToStorage( QSettings& settings ) const;
    void retrieveFromStorage( QSettings& settings );

  private:
    struct TabName
    {
        QString path;
        QString name;
    };

    std::vector<TabName> tabNames_;
};

#endif // KLOGG_TABNAMEMAPPING_H
",""
"Class:src/ui/include/tabbedscratchpad.h:TabbedScratchPad","TabbedScratchPad","src/ui/include/tabbedscratchpad.h",26,50,true,"#include <QWidget>

class TabbedScratchPad : public QWidget {
    Q_OBJECT
  public:
    explicit TabbedScratchPad( QWidget* parent = nullptr );

    ~TabbedScratchPad() = default;
    TabbedScratchPad( const TabbedScratchPad& ) = delete;
    TabbedScratchPad& operator=( const TabbedScratchPad& ) = delete;

    bool hasContent() const;

  public Q_SLOTS:
    void addData( QString data );
    void replaceData( QString data );

  protected:
    void keyPressEvent( QKeyEvent* event ) override;

  private:
    void addTab();

  private:
    QTabWidget* tabWidget_{ nullptr };
    int tabCounter_{};
};

#endif // KLOGG_TABBEDSCRATCHPAD_H
",""
"Class:src/ui/include/tabbedcrawlerwidget.h:StreamSession","StreamSession","src/ui/include/tabbedcrawlerwidget.h",35,35,true,"#include ""loadingstatus.h""

class StreamSession;
struct SerialCaptureSettings;

",""
"Class:src/ui/include/tabbedcrawlerwidget.h:CrawlerTabBar","CrawlerTabBar","src/ui/include/tabbedcrawlerwidget.h",43,52,true,"// a particular style.

class CrawlerTabBar : public QTabBar {
  Q_OBJECT

  Q_SIGNALS:
    void showTabContextMenu(int tab, QPoint point);

  protected:
    void mouseReleaseEvent( QMouseEvent* ) override;

};

class TabbedCrawlerWidget : public QTabWidget {
",""
"Class:src/ui/include/tabbedcrawlerwidget.h:TabbedCrawlerWidget","TabbedCrawlerWidget","src/ui/include/tabbedcrawlerwidget.h",54,141,true,"};

class TabbedCrawlerWidget : public QTabWidget {
    Q_OBJECT
  public:
    TabbedCrawlerWidget();

    template <typename T>
    int addCrawler( T* crawler, const QString& fileName )
    {
        const auto index = QTabWidget::addTab( crawler, QString{} );

        connect( crawler, &T::dataStatusChanged, this, [ this, fileName ]( DataStatus status ) {
            const auto tabsCount = count();
            for ( int i = 0; i < tabsCount; ++i ) {
                if ( tabPathAt( i ) == fileName ) {
                    setTabDataStatus( i, status );
                    return;
                }
            }
        } );

        addTabBarItem( index, fileName );

        return index;
    }

    void removeCrawler( int index );
    void setStreamSessionForPath( const QString& fileName,
                                  const std::shared_ptr<StreamSession>& session );
    void clearStreamSessionForPath( const QString& fileName );
    void remapStreamSessionPath( const QString& oldFileName, const QString& newFileName );
    StreamSession* streamSessionForPath( const QString& fileName ) const;
    StreamSession* streamSessionForTab( int tab ) const;
    bool hasOpenStreamSession() const;
    StreamSession* firstOpenStreamSession() const;
    QString tabPathAt( int index ) const;
    QString tabIdAt( int index ) const;
    QString tabDisplayNameAt( int index ) const;
    int findTabById( const QString& tabId ) const;
    void setTabActionsPort( const QString& fileName, bool isActionsPort );
    void setTabScriptActive( const QString& tabId, bool isActive );

  protected:
    void keyPressEvent( QKeyEvent* event ) override;
    void mouseReleaseEvent( QMouseEvent* event ) override;
    void changeEvent( QEvent* event ) override;

  private:
    void updateTabBarVisibility();
    void setTabConnectionState( const QString& fileName, bool connected,
                                const SerialCaptureSettings* settings = nullptr );

  public:
    void setAlwaysShowTabBar( bool alwaysShow );
    bool alwaysShowTabBar() const
    {
        return alwaysShowTabBar_;
    }

  Q_SIGNALS:
    void startNewStreamFileRequested( int tab );

  private:
    void addTabBarItem( int index, const QString& fileName );
    void setTabMetadataValue( int index, const QString& key, const QVariant& value );
    QVariant tabMetadataValue( int index, const QString& key ) const;
    void updateTabPresentation( int index );

    // Set the data status (icon) for the tab number 'index'
    void setTabDataStatus( int index, DataStatus status );

    void loadIcons();
    void updateIcon( int index );

  private Q_SLOTS:
    void showContextMenu( int tab, QPoint globalPoint );

  private:
    QIcon olddata_icon_;
    QIcon newdata_icon_;
    QIcon newfiltered_icon_;

    CrawlerTabBar myTabBar_;
    std::map<QString, std::shared_ptr<StreamSession>> streamSessions_;
    bool alwaysShowTabBar_ = false;
    QColor defaultTabTextColor_;
    const QColor openStreamTabColor_{ 0, 160, 0 };
    QIcon connectionIcon_{ "":/images/icons8-lock-16.png"" };
};

#endif
",""
"Class:src/ui/include/streamsourceregistry.h:StreamSourceRegistry","StreamSourceRegistry","src/ui/include/streamsourceregistry.h",6,20,true,"#include <QString>

class StreamSourceRegistry {
  public:
    static StreamSourceRegistry& get();

    bool isSerialPortActive( const QString& portName ) const;
    void registerSerialPort( const QString& portName );
    void unregisterSerialPort( const QString& portName );

  private:
    StreamSourceRegistry() = default;
    QString normalizedPortName( const QString& portName ) const;

    mutable QMutex mutex_;
    QSet<QString> activeSerialPorts_;
};
",""
"Class:src/ui/include/streamsession.h:StreamSession","StreamSession","src/ui/include/streamsession.h",10,74,true,"#include ""serialcaptureworker.h""

class StreamSession : public QObject {
    Q_OBJECT

  public:
    explicit StreamSession( SerialCaptureSettings settings );
    ~StreamSession() override;

    void start();
    void stop( bool waitForCompletion = true );
    bool isConnectionOpen() const;
    QString sourceDisplayName() const;
    QString filePath() const;
    const SerialCaptureSettings& captureSettings() const;
    bool startNewCaptureFile( const QString& filePath, QString* errorMessage = nullptr );
    void sendBytes( const QByteArray& data );
    void notifyActionSend( int actionId, const QString& actionName, int stepIndex,
                           const QByteArray& data );
    void appendToFile( const QByteArray& data );
    bool isLoggingEnabled() const;
    void setLoggingEnabled( bool enabled );
    int responseCounter( int responseId ) const;
    QVariantList responseCounters() const;
    void resetResponseCounter( int responseId );
    void resetAllResponseCounters();

  public Q_SLOTS:
    void closeConnection();

  Q_SIGNALS:
    void errorOccurred( const QString& message );
    void connectionClosed();
    void connectionOpened();
    void dataObserved( const QByteArray& dataBytes );
    void dataTransmitted( const QByteArray& dataBytes );
    void lineObserved( const QByteArray& lineBytes );
    void actionSent( int actionId,
                     const QString& actionName,
                     int stepIndex,
                     const QByteArray& dataBytes );
    void responseMatched( int responseId,
                          const QString& responseName,
                          int counter,
                          const QByteArray& lineBytes,
                          const QString& lineText );
    void captureFileChanged( const QString& oldFilePath, const QString& newFilePath );

  private:
    void setupWorker();
    void setConnectionClosed();
    void handleIncomingLine( const QByteArray& lineBytes );

  private Q_SLOTS:
    void handleDataReceived( const QByteArray& data );

  private:
    SerialCaptureSettings settings_;
    QThread thread_;
    SerialCaptureWorker* worker_ = nullptr;
    bool started_ = false;
    bool stopping_ = false;
    bool connectionOpen_ = false;
    bool loggingEnabled_ = true;
    QByteArray lineBuffer_;
    QMap<int, int> responseCounters_;
};
",""
"Class:src/ui/include/startupprogress.h:StartupProgress","StartupProgress","src/ui/include/startupprogress.h",14,27,true,"};

class StartupProgress {
  public:
    using Callback = std::function<void( const StartupProgressState& state )>;

    static void setCallback( Callback callback );
    static void clearCallback();

    static void setRange( int minimum, int maximum );
    static void setValue( int value, const QString& status = {}, const QString& detail = {} );
    static void advance( const QString& status = {}, const QString& detail = {}, int step = 1 );
    static void complete( const QString& status = {}, const QString& detail = {} );
    static void message( const QString& status, const QString& detail = {} );
    static bool isActive();
};

",""
"Class:src/ui/include/signalmux.h:QObject","QObject","src/ui/include/signalmux.h",52,52,true,"#include <QPointer>

class QObject;

class MuxableDocumentInterface {
",""
"Class:src/ui/include/signalmux.h:MuxableDocumentInterface","MuxableDocumentInterface","src/ui/include/signalmux.h",54,65,true,"class QObject;

class MuxableDocumentInterface {
  public:
    virtual ~MuxableDocumentInterface()= default;

    // Send all signals refering to a state of the document to update
    // the parent widget.
    void sendAllStateSignals()
    { doSendAllStateSignals(); }

  protected:
    virtual void doSendAllStateSignals() = 0;
};

class SignalMux {
",""
"Class:src/ui/include/signalmux.h:SignalMux","SignalMux","src/ui/include/signalmux.h",67,95,true,"};

class SignalMux {
  public:
    SignalMux();

    // Connect an 'downstream' signal
    void connect(QObject *sender, const char *signal, const char *slot);
    void disconnect(QObject *sender, const char *signal, const char *slot);
    // Connect an 'upstream' signal
    void connect(const char *signal, QObject *receiver, const char *slot);
    void disconnect(const char *signal, QObject *receiver, const char *slot);

    // Change the current document
    void setCurrentDocument( QObject* current_document );

  private:
    struct Connection {
        QPointer<QObject>   source;
        QPointer<QObject>   sink;
        const char*         signal;
        const char*         slot;
    };

    void connect( const Connection& connection);
    void disconnect( const Connection& connection);

    std::list<Connection> connectionList_;

    QPointer<QObject> currentDocument_;
};

#endif
",""
"Class:src/ui/include/sessioninfo.h:SessionInfo","SessionInfo","src/ui/include/sessioninfo.h",51,189,true,"// Simple component class containing information related to the session
// to be persisted and reloaded upon start
class SessionInfo : public Persistable<SessionInfo, session_settings> {
  public:
    static const char* persistableName()
    {
        return ""SessionInfo"";
    }

    struct OpenFile {
        OpenFile( const QString& file, uint64_t top, const QString& context,
                  const QString& streamContextValue = {},
                  const QString& scriptContextValue = {} )
            : fileName{ file }
            , topLine{ top }
            , viewContext{ context }
            , streamContext{ streamContextValue }
            , scriptContext{ scriptContextValue }
        {
        }

        QString fileName;
        uint64_t topLine;

        // The view context contains parameter specific to the view's
        // implementation (such as geometry...)
        QString viewContext;

        // Optional stream context for special sources (e.g. COM sessions).
        QString streamContext;

        // Optional script binding context for tab-owned automation.
        QString scriptContext;
    };

    struct Window {

        explicit Window( const QString& windowId )
            : id{ windowId }
        {
        }

        QString id;
        QByteArray geometry;
        std::vector<OpenFile> openFiles;
    };

    void add( const QString& windowId )
    {
        if ( findWindow( windowId ) == nullptr ) {
            windows_.emplace_back( Window{ windowId } );
            LOG_INFO << ""Created window session info for "" << windowId;
        }
    }

    bool remove( const QString& windowId )
    {
        if ( windows_.size() > 1 ) {
            auto window
                = std::find_if( windows_.begin(), windows_.end(),
                                [ &windowId ]( const auto& w ) { return w.id == windowId; } );
            if ( window != windows_.end() ) {
                windows_.erase( window );
            }
            return true;
        }

        return false;
    }

    QStringList windows() const
    {
        QStringList ids;
        std::transform( windows_.cbegin(), windows_.cend(), std::back_inserter( ids ),
                        []( const auto& w ) { return w.id; } );

        return ids;
    }

    QByteArray geometry( const QString& windowId ) const
    {
        auto window = findWindow( windowId );
        return window ? window->geometry : QByteArray{};
    }

    void setGeometry( const QString& windowId, const QByteArray& geometry )
    {
        auto window = findWindow( windowId );
        if ( window ) {
            window->geometry = geometry;
        }
    }

    // List of the loaded files
    std::vector<OpenFile> openFiles( const QString& windowId ) const
    {
        auto window = findWindow( windowId );
        return window ? window->openFiles : std::vector<OpenFile>{};
    }

    void setOpenFiles( const QString& windowId, const std::vector<OpenFile>& loaded_files )
    {
        auto window = findWindow( windowId );
        if ( window ) {
            window->openFiles = loaded_files;
        }
    }

    QString globalScriptContext() const
    {
        return globalScriptContext_;
    }

    void setGlobalScriptContext( const QString& context )
    {
        globalScriptContext_ = context;
    }

    // Reads/writes the current config in the QSettings object passed
    void saveToStorage( QSettings& settings ) const;
    void retrieveFromStorage( QSettings& settings );

  private:
    Window* findWindow( const QString& windowId ) const
    {
        auto window = std::find_if( windows_.begin(), windows_.end(),
                                    [ &windowId ]( const auto& w ) { return w.id == windowId; } );

        if ( window == windows_.end() ) {
            LOG_INFO << ""Can't find window "" << windowId;
            return nullptr;
        }
        else {
            return &*window;
        }
    }

  private:
    mutable std::vector<Window> windows_;
    QString globalScriptContext_;
};

#endif
",""
"Class:src/ui/include/session.h:ViewInterface","ViewInterface","src/ui/include/session.h",35,35,true,"#include ""quickfindpattern.h""

class ViewInterface;
class ViewContextInterface;
class LogData;
",""
"Class:src/ui/include/session.h:ViewContextInterface","ViewContextInterface","src/ui/include/session.h",36,36,true,"
class ViewInterface;
class ViewContextInterface;
class LogData;
class LogFilteredData;
",""
"Class:src/ui/include/session.h:LogData","LogData","src/ui/include/session.h",37,37,true,"class ViewInterface;
class ViewContextInterface;
class LogData;
class LogFilteredData;
class SavedSearches;
",""
"Class:src/ui/include/session.h:LogFilteredData","LogFilteredData","src/ui/include/session.h",38,38,true,"class ViewContextInterface;
class LogData;
class LogFilteredData;
class SavedSearches;

",""
"Class:src/ui/include/session.h:SavedSearches","SavedSearches","src/ui/include/session.h",39,39,true,"class LogData;
class LogFilteredData;
class SavedSearches;

// File unreadable error
",""
"Class:src/ui/include/session.h:FileUnreadableErr","FileUnreadableErr","src/ui/include/session.h",42,43,true,"
// File unreadable error
class FileUnreadableErr {
};

// The session is responsible for maintaining the list of open log files
",""
"Class:src/ui/include/session.h:WindowSession","WindowSession","src/ui/include/session.h",50,50,true,"// (SavedSearches, FileHistory, QFPattern...)

class WindowSession;

class Session : public std::enable_shared_from_this<Session> {
",""
"Class:src/ui/include/session.h:Session","Session","src/ui/include/session.h",52,138,true,"class WindowSession;

class Session : public std::enable_shared_from_this<Session> {
  public:
    Session();
    ~Session();

    // No copy/assignment please
    Session( const Session& ) = delete;
    Session& operator=( const Session& ) = delete;

    // Return the view associated to a file if it is open
    // The filename must be strictly identical to trigger a match
    // (no match in case of e.g. relative vs. absolute pathname.
    ViewInterface* getViewIfOpen( const QString& file_name ) const;

    // Open a new file, starts its asynchronous loading, and construct a new
    // view for it (the caller passes a factory to build the concrete view)
    // The ownership of the view is given to the caller
    // Throw exceptions if the file is already open or if it cannot be open.
    ViewInterface* open( const QString& file_name,
                         const std::function<ViewInterface*()>& view_factory );

    // Close the file identified by the view passed
    // Throw an exception if it does not exist.
    void close( const ViewInterface* view );

    // Get the file name for the passed view.
    QString getFilename( const ViewInterface* view ) const;

    // Get the size (in bytes) and number of lines in the current file.
    // The file is identified by the view attached to it.
    void getFileInfo( const ViewInterface* view, uint64_t* fileSize, uint64_t* fileNbLine,
                      QDateTime* lastModified ) const;

    // Get a (non-const) reference to the QuickFind pattern.
    std::shared_ptr<QuickFindPattern> quickFindPattern() const
    {
        return quickFindPattern_;
    }

    SavedSearches& savedSearches() const
    {
        return *savedSearches_;
    }

    std::vector<WindowSession> windowSessions();

    bool exitRequested() const
    {
        return exitRequested_;
    }

    void setExitRequested( bool isRequested )
    {
        exitRequested_ = isRequested;
    }

  private:
    struct OpenFile {
        QString fileName;
        std::shared_ptr<LogData> logData;
        std::shared_ptr<LogFilteredData> logFilteredData;
        ViewInterface* view;
    };

    // Open a file without checking if it is existing/readable
    ViewInterface* openAlways( const QString& file_name,
                               const std::function<ViewInterface*()>& view_factory,
                               const QString& view_context );

    // Find an open file from its associated view
    OpenFile* findOpenFileFromView( const ViewInterface* view );
    const OpenFile* findOpenFileFromView( const ViewInterface* view ) const;

    // List of open files
    typedef std::unordered_map<const ViewInterface*, OpenFile> OpenFileMap;
    OpenFileMap openFiles_;

    // Global search history
    SavedSearches* savedSearches_;

    // Global quickfind pattern
    std::shared_ptr<QuickFindPattern> quickFindPattern_;

    bool exitRequested_ = false;

    friend class WindowSession;
};

struct OpenedFileData {
",""
"Class:src/ui/include/serialcaptureworker.h:SerialCaptureWorker","SerialCaptureWorker","src/ui/include/serialcaptureworker.h",25,57,true,"std::optional<SerialCaptureSettings> deserializeSerialCaptureSettings( const QString& serialized );

class SerialCaptureWorker : public QObject {
    Q_OBJECT

  public:
    explicit SerialCaptureWorker( SerialCaptureSettings settings, QObject* parent = nullptr );
    bool switchCaptureFile( const QString& filePath, QString* errorMessage = nullptr );

  public Q_SLOTS:
    void start();
    void stop();
    void sendData( QByteArray data );
    void appendToFile( QByteArray data );
    void setLoggingEnabled( bool enabled );

  Q_SIGNALS:
    void errorOccurred( const QString& message );
    void finished();
    void dataReceived( const QByteArray& data );
    void dataTransmitted( const QByteArray& data );

  private Q_SLOTS:
    void onReadyRead();
    void onError( QSerialPort::SerialPortError error );

  private:
    SerialCaptureSettings settings_;
    QSerialPort* port_ = nullptr;
    QFile file_;
    int flushCounter_ = 0;
    bool stopping_ = false;
    bool atLineStart_ = true;
    bool loggingEnabled_ = true;
};
",""
"Class:src/ui/include/selection.h:AbstractLogData","AbstractLogData","src/ui/include/selection.h",28,28,true,"#include ""linetypes.h""

class AbstractLogData;

class Portion {
",""
"Class:src/ui/include/selection.h:Portion","Portion","src/ui/include/selection.h",30,73,true,"class AbstractLogData;

class Portion {
  public:
    Portion()
        : line_{}
        , startColumn_{ -1 }
        , endColumn_{ -1 }
    {
    }

    Portion( LineNumber line, LineColumn startColumn, LineColumn endColumn )
        : line_{ line }
        , startColumn_{ startColumn }
        , endColumn_{ endColumn }
    {
    }

    LineNumber line() const
    {
        return *line_;
    }
    LineColumn startColumn() const
    {
        return startColumn_;
    }
    LineColumn endColumn() const
    {
        return endColumn_;
    }

    bool isValid() const
    {
        return !!line_ && endColumn_ >= startColumn_ && startColumn_ >= 0_lcol;
    }

    LineLength size() const
    {
        return ( endColumn_ - startColumn_ ) + 1_length;
    }

  private:
    OptionalLineNumber line_;
    LineColumn startColumn_;
    LineColumn endColumn_;
};

// Represents a selection in an AbstractLogView
",""
"Class:src/ui/include/selection.h:Selection","Selection","src/ui/include/selection.h",76,195,true,"
// Represents a selection in an AbstractLogView
class Selection {
  public:
    // Construct an empty selection
    Selection();

    // Clear the selection
    void clear()
    {
        selectedPartial_.line = {};
        selectedLine_ = {};
    }

    // Select one line
    void selectLine( LineNumber line )
    {
        selectedPartial_.line = {};
        selectedRange_.startLine = {};
        selectedLine_ = line;
    }
    // Select a portion of line (both start and end included)
    void selectPortion( LineNumber line, LineColumn startColumn, LineColumn endColumn );
    void selectPortion( const Portion& selection )
    {
        selectPortion( selection.line(), selection.startColumn(), selection.endColumn() );
    }
    // Select a range of lines (both start and end included)
    void selectRange( LineNumber startLine, LineNumber endLine );

    // Select a range from the previously selected line or beginning
    // of range (shift+click behaviour)
    void selectRangeFromPrevious( LineNumber line );

    // Crop selection so that in fit in the range ending with the line passed.
    void crop( LineNumber lastLine );

    // Returns whether the selection is empty
    bool isEmpty() const
    {
        return ( !selectedPartial_.line ) && ( !selectedLine_ );
    }

    // Returns whether the selection is a single line
    bool isSingleLine() const
    {
        return !!selectedLine_;
    }

    // Returns whether the selection is a portion of line
    bool isPortion() const
    {
        return !!selectedPartial_.line;
    }

    // Returns whether the selection is a portion of line
    bool isPortion( LineNumber line ) const
    {
        return !!selectedPartial_.line && *selectedPartial_.line == line;
    }

    // Returns whether a portion is selected or not on the passed line.
    // If so, returns the portion position.
    Portion getPortionForLine( LineNumber line ) const;
    // Get a list of selected line(s), in order.
    klogg::vector<LineNumber> getLines() const;

    LinesCount getSelectedLinesCount() const;

    // Returns wether the line passed is selected (entirely).
    bool isLineSelected( LineNumber line ) const;

    // Returns wether the line passed is selected in certain range.
    bool isPortionSelected( LineNumber line, LineColumn startColumn, LineColumn endColumn ) const;

    // Returns the line selected or -1 if not a single line selection
    OptionalLineNumber selectedLine() const;

    // Returns the text selected from the passed AbstractLogData
    QString getSelectedText( const AbstractLogData* logData, bool lineNumbers = false ) const;

    // Return the position immediately after the current selection
    // (used for searches).
    // This is the next character or the start of the next line.
    FilePosition getNextPosition() const;

    // Idem from the position immediately before selection.
    FilePosition getPreviousPosition() const;

  private:
    std::map<LineNumber, QString>
    getSelectionWithLineNumbers( const AbstractLogData* logData ) const;

  private:
    // Line number currently selected, or -1 if none selected
    OptionalLineNumber selectedLine_;

    struct SelectedPartial {
        OptionalLineNumber line;
        LineColumn startColumn;
        LineColumn endColumn;

        LineLength size() const
        {
            return ( endColumn - startColumn ) + 1_length;
        }
    };
    struct SelectedRange {
        // The limits of the range, sorted
        OptionalLineNumber startLine;
        LineNumber endLine;
        // The line selected first, used for shift+click
        LineNumber firstLine;

        LinesCount size() const
        {
            return startLine ? ( endLine - startLine.value() ) + 1_lcount : 0_lcount;
        }
    };
    struct SelectedPartial selectedPartial_;
    struct SelectedRange selectedRange_;
};

#endif
",""
"Class:src/ui/include/scriptsupervisor.h:ScriptSupervisor","ScriptSupervisor","src/ui/include/scriptsupervisor.h",30,125,true,"};

class ScriptSupervisor : public QObject {
    Q_OBJECT

  public:
    explicit ScriptSupervisor( QObject* parent = nullptr );
    ~ScriptSupervisor() override;

    void setCommanderExecutor( std::function<CommanderResult( const CommanderRequest& )> executor );

    CommanderResult runScript( const CommanderRequest& request );
    CommanderResult runGlobalScript( const CommanderRequest& request );
    CommanderResult stopScript( const CommanderRequest& request );
    CommanderResult stopGlobalScript();
    CommanderResult scriptStatus( const CommanderRequest& request ) const;
    CommanderResult globalScriptStatus() const;
    CommanderResult scriptSubscriptions( const CommanderRequest& request ) const;
    CommanderResult globalScriptSubscriptions() const;
    CommanderResult clearScriptSubscriptions( const CommanderRequest& request );
    CommanderResult clearGlobalScriptSubscriptions();
    void publishEvent( const QVariantMap& event );

    bool hasActiveScripts() const;
    bool hasActiveScriptForTab( const QString& tabId ) const;
    QVariantMap scriptStatusForTab( const QString& tabId ) const;
    QVariantMap scriptBindingForTab( const QString& tabId ) const;
    QVariantMap globalScriptStatusPayload() const;
    QVariantMap globalScriptBinding() const;
    void restoreScriptBinding( const QVariantMap& binding );
    void restoreGlobalScriptBinding( const QVariantMap& binding );
    void forgetTab( const QString& tabId );

  Q_SIGNALS:
    void statusChanged();
    void outputChanged();

  private:
    struct ScriptSubscription {
        QString tabId;
        int windowIndex = -1;
        int tabIndex = -1;
        QString windowId;
        QString filePath;
        QString displayName;
        QString portName;
        QString eventType;
        QString sourceType;
        std::optional<int> responseId;
        QString responseName;
        std::optional<int> actionId;
        QString actionName;
    };

    struct ScriptRun;

    QString resolvePythonExecutable() const;
    QString runtimeRoot() const;
    QString workerBootstrapPath() const;

    ScriptRun* findRun( const QString& tabId ) const;
    ScriptRun* findGlobalRun() const;
    ScriptRun* findRunForRequest( const CommanderRequest& request ) const;
    void removeRun( const QString& tabId );
    void removeGlobalRun();
    bool beginListening( ScriptRun* run, QString* errorMessage );
    void resetSocketState( ScriptRun* run );
    void appendOutputChunk( ScriptRun* run, const QString& chunk, bool stderrStream );
    void appendOutputLine( ScriptRun* run, const QString& line );
    void setState( ScriptRun* run, ScriptRunState state );
    QVariantMap statusPayload( const ScriptRun* run ) const;
    QVariantList subscriptionsPayload( const ScriptRun* run ) const;
    QVariantList allStatusPayloads() const;
    QVariantList allSubscriptionsPayloads() const;
    QVariantMap lifecycleTargetInfo( const QVariantMap& selector, QString* errorMessage ) const;
    QVariantMap resolveTargetInfo( const CommanderRequest& request,
                                   bool requireSelector,
                                   QString* errorMessage ) const;
    QVariantMap resolveTargetInfo( const QVariantMap& selector, QString* errorMessage ) const;
    void startRunProcess( ScriptRun* run );
    void handleNewConnection( const QString& tabId );
    void handleProcessStarted( const QString& tabId );
    void handleProcessFinished( const QString& tabId, int exitCode, QProcess::ExitStatus exitStatus );
    void handleProcessError( const QString& tabId, QProcess::ProcessError error );
    void readProcessStdout( const QString& tabId );
    void readProcessStderr( const QString& tabId );
    void readSocketData( const QString& tabId );
    void handleRpcMessage( ScriptRun* run, const QVariantMap& message );
    void sendRpcMessage( ScriptRun* run, const QVariantMap& response );
    QVariantMap rpcResultEnvelope( int requestId, const CommanderResult& result ) const;
    QVariantMap rpcErrorEnvelope( int requestId, const QString& errorText ) const;
    void clearSubscriptionsForTab( const QString& tabId );
    bool eventMatchesSubscription( const QVariantMap& event,
                                   const ScriptSubscription& subscription ) const;

    std::function<CommanderResult( const CommanderRequest& )> commanderExecutor_;
    std::vector<std::unique_ptr<ScriptRun>> runs_;
};

QString scriptRunStateToString( ScriptRunState state );
",""
"Class:src/ui/include/scriptrunnerwindow.h:QLabel","QLabel","src/ui/include/scriptrunnerwindow.h",4,4,true,"#include <QWidget>

class QLabel;
class QLineEdit;
class QListWidget;
",""
"Class:src/ui/include/scriptrunnerwindow.h:QLineEdit","QLineEdit","src/ui/include/scriptrunnerwindow.h",5,5,true,"
class QLabel;
class QLineEdit;
class QListWidget;
class QPlainTextEdit;
",""
"Class:src/ui/include/scriptrunnerwindow.h:QListWidget","QListWidget","src/ui/include/scriptrunnerwindow.h",6,6,true,"class QLabel;
class QLineEdit;
class QListWidget;
class QPlainTextEdit;
class QPushButton;
",""
"Class:src/ui/include/scriptrunnerwindow.h:QPlainTextEdit","QPlainTextEdit","src/ui/include/scriptrunnerwindow.h",7,7,true,"class QLineEdit;
class QListWidget;
class QPlainTextEdit;
class QPushButton;

",""
"Class:src/ui/include/scriptrunnerwindow.h:QPushButton","QPushButton","src/ui/include/scriptrunnerwindow.h",8,8,true,"class QListWidget;
class QPlainTextEdit;
class QPushButton;

class ScriptSupervisor;
",""
"Class:src/ui/include/scriptrunnerwindow.h:ScriptSupervisor","ScriptSupervisor","src/ui/include/scriptrunnerwindow.h",10,10,true,"class QPushButton;

class ScriptSupervisor;

class ScriptRunnerWindow : public QWidget {
",""
"Class:src/ui/include/scriptrunnerwindow.h:ScriptRunnerWindow","ScriptRunnerWindow","src/ui/include/scriptrunnerwindow.h",12,53,true,"class ScriptSupervisor;

class ScriptRunnerWindow : public QWidget {
    Q_OBJECT

  public:
    explicit ScriptRunnerWindow( ScriptSupervisor* supervisor, QWidget* parent = nullptr );

    void setScriptPath( const QString& path );

  private Q_SLOTS:
    void browseScriptFile();
    void browseArgsFile();
    void runScript();
    void runGlobalScript();
    void rerunScript();
    void rerunGlobalScript();
    void stopScript();
    void stopGlobalScript();
    void openScriptFolder();
    void refreshFromSupervisor();
    void selectedRunChanged();

  private:
    ScriptSupervisor* supervisor_;
    QLineEdit* scriptPathEdit_;
    QLineEdit* argsJsonPathEdit_;
    QListWidget* runsList_;
    QLabel* globalStatusLabel_;
    QLabel* globalSummaryLabel_;
    QLabel* globalSubscriptionsLabel_;
    QPlainTextEdit* globalOutputEdit_;
    QLabel* statusLabel_;
    QLabel* summaryLabel_;
    QLabel* subscriptionsLabel_;
    QPlainTextEdit* outputEdit_;
    QPushButton* runButton_;
    QPushButton* runGlobalButton_;
    QPushButton* rerunGlobalButton_;
    QPushButton* stopGlobalButton_;
    QPushButton* rerunButton_;
    QPushButton* stopButton_;
    QString selectedTabId_;
};
",""
"Class:src/ui/include/scratchpad.h:QPlainTextEdit","QPlainTextEdit","src/ui/include/scratchpad.h",27,27,true,"#include <qobjectdefs.h>

class QPlainTextEdit;
class QStatusBar;
class QLineEdit;
",""
"Class:src/ui/include/scratchpad.h:QStatusBar","QStatusBar","src/ui/include/scratchpad.h",28,28,true,"
class QPlainTextEdit;
class QStatusBar;
class QLineEdit;

",""
"Class:src/ui/include/scratchpad.h:QLineEdit","QLineEdit","src/ui/include/scratchpad.h",29,29,true,"class QPlainTextEdit;
class QStatusBar;
class QLineEdit;

namespace klogg {
",""
"Class:src/ui/include/scratchpad.h:DateTimeBox","DateTimeBox","src/ui/include/scratchpad.h",32,32,true,"
namespace klogg {
class DateTimeBox;
} // namespace klogg

",""
"Class:src/ui/include/scratchpad.h:ScratchPad","ScratchPad","src/ui/include/scratchpad.h",35,85,true,"} // namespace klogg

class ScratchPad : public QWidget {
    Q_OBJECT
  public:
    explicit ScratchPad( QWidget* parent = nullptr );
    bool hasContent() const;

    ~ScratchPad() = default;
    ScratchPad( const ScratchPad& ) = delete;
    ScratchPad& operator=( const ScratchPad& ) = delete;

  public Q_SLOTS:
    void addData( QString data );
    void replaceData( QString data );

  Q_SIGNALS:
    void updateTransformation();

  private Q_SLOTS:
    void crc32Hex();
    void crc32Dec();
    void fileTime();
    void decToHex();
    void hexToDec();

  private:
    void decodeBase64();
    void encodeBase64();

    void decodeHex();
    void encodeHex();

    void formatJson();
    void formatXml();

    void decodeUrl();

    QString transformText( const std::function<QString( QString )>& transform );

    void transformTextInPlace( const std::function<QString( QString )>& transform );

  private:
    QPlainTextEdit* textEdit_;
    QStatusBar* statusBar_;

    QLineEdit* crc32HexBox_;
    QLineEdit* crc32DecBox_;
    QLineEdit* fileTimeBox_;
    QLineEdit* decToHexBox_;
    QLineEdit* hexToDecBox_;
    klogg::DateTimeBox* timeBox_;
};

#endif // SCRATCHPAD_H
",""
"Class:src/ui/include/scenariorunnerwindow.h:QLabel","QLabel","src/ui/include/scenariorunnerwindow.h",4,4,true,"#include <QWidget>

class QLabel;
class QLineEdit;
class QListWidget;
",""
"Class:src/ui/include/scenariorunnerwindow.h:QLineEdit","QLineEdit","src/ui/include/scenariorunnerwindow.h",5,5,true,"
class QLabel;
class QLineEdit;
class QListWidget;
class QListWidgetItem;
",""
"Class:src/ui/include/scenariorunnerwindow.h:QListWidget","QListWidget","src/ui/include/scenariorunnerwindow.h",6,6,true,"class QLabel;
class QLineEdit;
class QListWidget;
class QListWidgetItem;
class QPlainTextEdit;
",""
"Class:src/ui/include/scenariorunnerwindow.h:QListWidgetItem","QListWidgetItem","src/ui/include/scenariorunnerwindow.h",7,7,true,"class QLineEdit;
class QListWidget;
class QListWidgetItem;
class QPlainTextEdit;
class QPushButton;
",""
"Class:src/ui/include/scenariorunnerwindow.h:QPlainTextEdit","QPlainTextEdit","src/ui/include/scenariorunnerwindow.h",8,8,true,"class QListWidget;
class QListWidgetItem;
class QPlainTextEdit;
class QPushButton;

",""
"Class:src/ui/include/scenariorunnerwindow.h:QPushButton","QPushButton","src/ui/include/scenariorunnerwindow.h",9,9,true,"class QListWidgetItem;
class QPlainTextEdit;
class QPushButton;

class ScenarioRunner;
",""
"Class:src/ui/include/scenariorunnerwindow.h:ScenarioRunner","ScenarioRunner","src/ui/include/scenariorunnerwindow.h",11,11,true,"class QPushButton;

class ScenarioRunner;

class ScenarioRunnerWindow : public QWidget {
",""
"Class:src/ui/include/scenariorunnerwindow.h:ScenarioRunnerWindow","ScenarioRunnerWindow","src/ui/include/scenariorunnerwindow.h",13,65,true,"class ScenarioRunner;

class ScenarioRunnerWindow : public QWidget {
    Q_OBJECT

  public:
    explicit ScenarioRunnerWindow( ScenarioRunner* runner, QWidget* parent = nullptr );

  private Q_SLOTS:
    void browseScenarioFile();
    void browseScenarioArgsFile();
    void browseSuiteFile();
    void createSuiteFile();
    void runScenario();
    void runSuite();
    void stopScenarioRun();
    void openJsonReport();
    void openJunitReport();
    void addSuiteScenario();
    void removeSuiteScenario();
    void moveSuiteScenarioUp();
    void moveSuiteScenarioDown();
    void browseSelectedScenarioArgs();
    void clearSelectedScenarioArgs();
    void saveSuite();
    void deleteSuite();
    void suiteSelectionChanged();
    void suiteItemChanged( QListWidgetItem* item );
    void refreshFromRunner();

  private:
    void loadUiState();
    void saveUiState() const;
    void pushRecentScenario( const QString& path );
    QVariantMap suiteEntryFromItem( const QListWidgetItem* item ) const;
    void updateItemText( QListWidgetItem* item );
    void loadSuiteFile( const QString& path );
    bool saveSuiteFile( const QString& path );

    ScenarioRunner* runner_;
    QLineEdit* scenarioFileEdit_;
    QLineEdit* scenarioArgsEdit_;
    QLineEdit* suiteFileEdit_;
    QListWidget* suiteScenariosList_;
    QLabel* selectedScenarioLabel_;
    QLabel* statusLabel_;
    QLabel* summaryLabel_;
    QLabel* reportLabel_;
    QPlainTextEdit* outputEdit_;
    QPushButton* runScenarioButton_;
    QPushButton* runSuiteButton_;
    QPushButton* stopButton_;
    QPushButton* openJsonButton_;
    QPushButton* openJunitButton_;
};
",""
"Class:src/ui/include/scenariorunner.h:ScenarioRunner","ScenarioRunner","src/ui/include/scenariorunner.h",25,128,true,"};

class ScenarioRunner : public QObject {
    Q_OBJECT

  public:
    explicit ScenarioRunner( QObject* parent = nullptr );
    ~ScenarioRunner() override;

    void setCommanderExecutor( std::function<CommanderResult( const CommanderRequest& )> executor );

    CommanderResult runScenario( const CommanderRequest& request );
    CommanderResult runSuite( const CommanderRequest& request );
    CommanderResult stopRun();
    CommanderResult status() const;
    CommanderResult report() const;
    QVariantMap statusPayload() const;
    QVariantMap reportPayload() const;
    void publishEvent( const QVariantMap& event );

  Q_SIGNALS:
    void statusChanged();
    void outputChanged();

  private:
    struct Subscription {
        QString tabId;
        int windowIndex = -1;
        int tabIndex = -1;
        QString windowId;
        QString filePath;
        QString displayName;
        QString portName;
        QString eventType;
        QString sourceType;
        std::optional<int> responseId;
        QString responseName;
        std::optional<int> actionId;
        QString actionName;
    };

    QString resolvePythonExecutable() const;
    QString runtimeRoot() const;
    QString scenarioBootstrapPath() const;

    bool beginListening( QString* errorMessage );
    void resetSocketState();
    bool startProcess( const QString& bootstrapPath );
    void handleNewConnection();
    void handleProcessStarted();
    void handleProcessFinished( int exitCode, QProcess::ExitStatus exitStatus );
    void handleProcessError( QProcess::ProcessError error );
    void readProcessStdout();
    void readProcessStderr();
    void readSocketData();
    void handleRpcMessage( const QVariantMap& message );
    void sendRpcMessage( const QVariantMap& response );
    QVariantMap rpcResultEnvelope( int requestId, const CommanderResult& result ) const;
    QVariantMap rpcErrorEnvelope( int requestId, const QString& errorText ) const;
    void appendOutputChunk( const QString& chunk, bool stderrStream );
    void appendOutputLine( const QString& line );
    void setState( ScenarioRunState state );
    void resetRunState();
    bool eventMatchesSubscription( const QVariantMap& event, const Subscription& subscription ) const;
    QVariantMap buildSyntheticReport() const;

    std::function<CommanderResult( const CommanderRequest& )> commanderExecutor_;

    QProcess process_;
    QTcpServer* server_ = nullptr;
    QTcpSocket* socket_ = nullptr;
    QByteArray socketBuffer_;
    QString authToken_;
    QStringList outputTail_;
    QString pendingStdout_;
    QString pendingStderr_;

    ScenarioRunState state_ = ScenarioRunState::Idle;
    bool stopRequested_ = false;
    bool hasRun_ = false;
    int exitCode_ = 0;
    int droppedEvents_ = 0;
    QString lastError_;
    QString lastCallbackError_;
    QString dispatchState_ = QStringLiteral( ""idle"" );
    QDateTime startedAt_;
    QDateTime finishedAt_;

    QString scenarioFilePath_;
    QString suiteFilePath_;
    QString argsJsonFilePath_;
    QString suiteName_;
    QString suiteId_;
    QString currentScenarioName_;
    QString currentScenarioFile_;
    QString currentStepName_;
    int totalScenarios_ = 0;
    int completedScenarios_ = 0;
    int passedCount_ = 0;
    int failedCount_ = 0;
    int skippedCount_ = 0;
    QString reportJsonPath_;
    QString reportJunitPath_;
    QVariantMap lastReportPayload_;
    QVector<Subscription> subscriptions_;
};

QString scenarioRunStateToString( ScenarioRunState state );
",""
"Class:src/ui/include/savedsearches.h:SavedSearches","SavedSearches","src/ui/include/savedsearches.h",30,62,true,"// Keeps track of the previously used searches and allows the application
// to retrieve them.
class SavedSearches final : public Persistable<SavedSearches, session_settings> {
  public:
    static const char* persistableName()
    {
        return ""SavedSearches"";
    }
    
    // Adds the passed search to the list of recently used searches
    void addRecent( const QString& text );

    // Returns a list of recent searches (newer first)
    QStringList recentSearches() const;

    int historySize() const;
    void setHistorySize(int historySize);

    void clear();

    // Reads/writes the current config in the QSettings object passed
    void saveToStorage( QSettings& settings ) const;
    void retrieveFromStorage( QSettings& settings );

  private:
    void trim();

  private:
    static constexpr int SAVEDSEARCHES_VERSION = 1;

    static constexpr int MaxNumberOfRecentSearches = 50;

    int historySize_ = MaxNumberOfRecentSearches;
    QStringList savedSearches_;
};

#endif
",""
"Class:src/ui/include/responsestablemodel.h:ResponsesTableModel","ResponsesTableModel","src/ui/include/responsestablemodel.h",6,34,true,"#include ""actionsconfig.h""

class ResponsesTableModel : public QAbstractTableModel {
    Q_OBJECT
  public:
    enum Roles {
        ResponseIdRole = Qt::UserRole + 1,
        MatchValueRole,
        MatchTypeRole
    };

    explicit ResponsesTableModel( QObject* parent = nullptr );

    int rowCount( const QModelIndex& parent = {} ) const override;
    int columnCount( const QModelIndex& parent = {} ) const override;
    QVariant data( const QModelIndex& index, int role ) const override;
    QVariant headerData( int section,
                         Qt::Orientation orientation,
                         int role = Qt::DisplayRole ) const override;
    Qt::ItemFlags flags( const QModelIndex& index ) const override;
    bool setData( const QModelIndex& index, const QVariant& value, int role ) override;

    void refresh();
    const ResponseDefinition* responseAt( int row ) const;

  private:
    QString previewMatch( const ResponseMatchDefinition& match ) const;
    QString tooltipForResponse( const ResponseDefinition& response ) const;

    QVector<ResponseDefinition> responses_;
};
",""
"Class:src/ui/include/responseeditdialog.h:QCheckBox","QCheckBox","src/ui/include/responseeditdialog.h",6,6,true,"#include ""actionsconfig.h""

class QCheckBox;
class QComboBox;
class QLineEdit;
",""
"Class:src/ui/include/responseeditdialog.h:QComboBox","QComboBox","src/ui/include/responseeditdialog.h",7,7,true,"
class QCheckBox;
class QComboBox;
class QLineEdit;
class QPlainTextEdit;
",""
"Class:src/ui/include/responseeditdialog.h:QLineEdit","QLineEdit","src/ui/include/responseeditdialog.h",8,8,true,"class QCheckBox;
class QComboBox;
class QLineEdit;
class QPlainTextEdit;
class QPushButton;
",""
"Class:src/ui/include/responseeditdialog.h:QPlainTextEdit","QPlainTextEdit","src/ui/include/responseeditdialog.h",9,9,true,"class QComboBox;
class QLineEdit;
class QPlainTextEdit;
class QPushButton;
class QStackedWidget;
",""
"Class:src/ui/include/responseeditdialog.h:QPushButton","QPushButton","src/ui/include/responseeditdialog.h",10,10,true,"class QLineEdit;
class QPlainTextEdit;
class QPushButton;
class QStackedWidget;
class QTableWidget;
",""
"Class:src/ui/include/responseeditdialog.h:QStackedWidget","QStackedWidget","src/ui/include/responseeditdialog.h",11,11,true,"class QPlainTextEdit;
class QPushButton;
class QStackedWidget;
class QTableWidget;

",""
"Class:src/ui/include/responseeditdialog.h:QTableWidget","QTableWidget","src/ui/include/responseeditdialog.h",12,12,true,"class QPushButton;
class QStackedWidget;
class QTableWidget;

class ResponseEditDialog : public QDialog {
",""
"Class:src/ui/include/responseeditdialog.h:ResponseEditDialog","ResponseEditDialog","src/ui/include/responseeditdialog.h",14,66,true,"class QTableWidget;

class ResponseEditDialog : public QDialog {
    Q_OBJECT
  public:
    explicit ResponseEditDialog( QWidget* parent = nullptr );

    void setResponse( const ResponseDefinition& response,
                      const QVector<ActionDefinition>& actions );
    ResponseDefinition response() const;

  protected:
    void accept() override;
    bool eventFilter( QObject* watched, QEvent* event ) override;

  private:
    void populateFromResponse( const ResponseDefinition& response );
    void setLiteralEditors( const ResponseMatchDefinition& match );
    void syncHexFromString();
    void syncStringFromHex();
    void updateMatchEditorMode();
    void refreshStepTable();
    int selectedStepRow() const;
    void addStep();
    void editSelectedStep();
    void deleteSelectedStep();
    void moveSelectedStep( int offset );

    ResponseDefinition response_;
    QVector<ActionDefinition> actions_;
    QLineEdit* nameEdit_ = nullptr;
    QPlainTextEdit* descriptionEdit_ = nullptr;
    QComboBox* matchTypeCombo_ = nullptr;
    QComboBox* lineEndingCombo_ = nullptr;
    QStackedWidget* matchEditorStack_ = nullptr;
    QPlainTextEdit* stringValueEdit_ = nullptr;
    QPlainTextEdit* hexValueEdit_ = nullptr;
    QPlainTextEdit* expressionValueEdit_ = nullptr;
    QTableWidget* stepsTable_ = nullptr;
    QPushButton* addStepButton_ = nullptr;
    QPushButton* editStepButton_ = nullptr;
    QPushButton* deleteStepButton_ = nullptr;
    QPushButton* moveStepUpButton_ = nullptr;
    QPushButton* moveStepDownButton_ = nullptr;
    QCheckBox* inlineActionCheck_ = nullptr;
    QComboBox* inlineTypeCombo_ = nullptr;
    QPlainTextEdit* inlineValueEdit_ = nullptr;
    QPlainTextEdit* commentEdit_ = nullptr;
    QCheckBox* linebreakCheck_ = nullptr;
    QCheckBox* timestampCheck_ = nullptr;
    QCheckBox* snapshotCheck_ = nullptr;
    QCheckBox* stopCommunicationCheck_ = nullptr;
    QVector<ResponseActionStep> steps_;
    bool syncingLiteralEditors_ = false;
};
",""
"Class:src/ui/include/recentfiles.h:RecentFiles","RecentFiles","src/ui/include/recentfiles.h",28,54,true,"
// Manage the list of recently opened files
class RecentFiles final : public Persistable<RecentFiles, session_settings> {
  public:
    static const char* persistableName()
    {
        return ""RecentFiles"";
    }

    void addRecent( const QString& text );
    void removeRecent( const QString& text );
    void removeAll();
    int getNumberItemsToShow() const;
    int filesHistoryMaxItems() const;
    void setFilesHistoryMaxItems( const int recentFilesItems );

    // Returns a list of recent files (latest loaded first)
    QStringList recentFiles() const;

    void saveToStorage( QSettings& settings ) const;
    void retrieveFromStorage( QSettings& settings );

  private:
    static constexpr int RECENTFILES_VERSION = 1;
    static constexpr int DEFAULT_MAX_ITEMS_TO_SHOW = 5;

    QStringList recentFiles_;
    int filesHistoryMaxItemsToShow_ = DEFAULT_MAX_ITEMS_TO_SHOW;
};

#endif
",""
"Class:src/ui/include/quickfindwidget.h:QHBoxLayout","QHBoxLayout","src/ui/include/quickfindwidget.h",44,44,true,"#include <QTimer>

class QHBoxLayout;
class QLineEdit;
class QToolButton;
",""
"Class:src/ui/include/quickfindwidget.h:QLineEdit","QLineEdit","src/ui/include/quickfindwidget.h",45,45,true,"
class QHBoxLayout;
class QLineEdit;
class QToolButton;
class QLabel;
",""
"Class:src/ui/include/quickfindwidget.h:QToolButton","QToolButton","src/ui/include/quickfindwidget.h",46,46,true,"class QHBoxLayout;
class QLineEdit;
class QToolButton;
class QLabel;
class QCheckBox;
",""
"Class:src/ui/include/quickfindwidget.h:QLabel","QLabel","src/ui/include/quickfindwidget.h",47,47,true,"class QLineEdit;
class QToolButton;
class QLabel;
class QCheckBox;
class QFNotification;
",""
"Class:src/ui/include/quickfindwidget.h:QCheckBox","QCheckBox","src/ui/include/quickfindwidget.h",48,48,true,"class QToolButton;
class QLabel;
class QCheckBox;
class QFNotification;

",""
"Class:src/ui/include/quickfindwidget.h:QFNotification","QFNotification","src/ui/include/quickfindwidget.h",49,49,true,"class QLabel;
class QCheckBox;
class QFNotification;

enum QFDirection {
",""
"Class:src/ui/include/quickfindwidget.h:QuickFindWidget","QuickFindWidget","src/ui/include/quickfindwidget.h",56,120,true,"};

class QuickFindWidget : public QWidget
{
  Q_OBJECT

  public:
    QuickFindWidget( QWidget* parent = nullptr );

    // Show the widget with the given direction
    // when requested by the user (the widget won't timeout)
    void userActivate();

  public Q_SLOTS:
    // Instructs the widget to change the pattern displayed
    void changeDisplayedPattern( const QString& newPattern, bool isRegex );

    // Show the widget for a notification (will timeout)
    void notify( const QFNotification& message );
    // Clear the notification
    void clearNotification();

  private Q_SLOTS:
    void doSearchForward();
    void doSearchBackward();
    void returnHandler();
    void closeHandler();
    void notificationTimeout();
    void textChanged();

  Q_SIGNALS:
    // Sent when Return is pressed to confirm the pattern
    // (pattern and ignor_case flag)
    void patternConfirmed( const QString&, bool, bool );
    // Sent every time the pattern is modified
    // (pattern and ignor_case flag)
    void patternUpdated( const QString&, bool, bool );
    void close();
    // Emitted when the user closes the window
    void cancelSearch();
    void searchForward();
    void searchBackward();
    void searchNext();

  private:
    QHBoxLayout* layout_;

    QToolButton* closeButton_;
    QToolButton* nextButton_;
    QToolButton* previousButton_;
    QLineEdit*   editQuickFind_;
    QCheckBox*   ignoreCaseCheck_;
    QLabel*      notificationText_;

    QToolButton* setupToolButton(const QString &text, const QString &icon);
    bool isIgnoreCase() const;
    bool isRegexSearch() const;

    QTimer*      notificationTimer_;

    QFDirection  direction_;

    // Whether the user explicitely wants us on the screen
    bool         userRequested_;

    int          patternCursorPosition_;
};

#endif
",""
"Class:src/ui/include/quickfindpattern.h:QuickFind","QuickFind","src/ui/include/quickfindpattern.h",51,51,true,"#include ""linetypes.h""

class QuickFind;

class QuickFindMatcher {
",""
"Class:src/ui/include/quickfindpattern.h:QuickFindMatcher","QuickFindMatcher","src/ui/include/quickfindpattern.h",53,86,true,"class QuickFind;

class QuickFindMatcher {
  public:
    QuickFindMatcher() = default;

    QuickFindMatcher( bool isActive, const QRegularExpression& regexp )
        : isActive_( isActive )
        , regexp_{ regexp }
    {
    }

    bool isActive() const
    {
        return isActive_;
    }

    // Returns whether there is a match in the passed line, starting at
    // the passed column.
    // Results are stored internally.
    bool isLineMatching( const QString& line, LineColumn column = 0_lcol ) const;

    // Same as isLineMatching but search backward
    bool isLineMatchingBackward( const QString& line, LineColumn column = LineColumn{-1} ) const;

    // Must be called when isLineMatching returns 'true', returns
    // the position of the first match found.
    std::pair<LineColumn, LineColumn> getLastMatch() const;

  private:
    bool isActive_ = false;
    QRegularExpression regexp_;

    mutable LineColumn lastMatchStart_;
    mutable LineColumn lastMatchEnd_;
};

// Represents a search pattern for QuickFind (without its results)
",""
"Class:src/ui/include/quickfindpattern.h:QuickFindPattern","QuickFindPattern","src/ui/include/quickfindpattern.h",89,130,true,"
// Represents a search pattern for QuickFind (without its results)
class QuickFindPattern : public QObject {
    Q_OBJECT

  public:
    // Construct an empty search
    QuickFindPattern() = default;

    // Set the search to a new pattern, using the current
    // case status
    void changeSearchPattern( const QString& pattern, bool isRegex = false );

    // Set the search to a new pattern, as well as the case status
    void changeSearchPattern( const QString& pattern, bool ignoreCase, bool isRegex );

    // Returns whether the search is active (i.e. valid and non empty regexp)
    bool isActive() const
    {
        return active_;
    }

    // Return the text of the regex
    QString getPattern() const
    {
        return pattern_;
    }

    // Returns whether the passed line match the quick find search.
    // If so, it populate the passed list with the list of matches
    // within this particular line.
    bool matchLine( const QString& line, klogg::vector<HighlightedMatch>& matches ) const;

    QuickFindMatcher getMatcher() const;

  Q_SIGNALS:
    // Sent when the pattern is changed
    void patternUpdated();

  private:
    bool active_ = false;
    QRegularExpression regexp_;
    QString pattern_;
};

#endif
",""
"Class:src/ui/include/quickfindmux.h:SearchableWidgetInterface","SearchableWidgetInterface","src/ui/include/quickfindmux.h",31,42,true,"
// Interface representing a widget searchable in both direction.
class SearchableWidgetInterface {
  public:
    virtual ~SearchableWidgetInterface() = default;

    virtual void searchForward() = 0;
    virtual void searchBackward() = 0;

    virtual void incrementallySearchForward() = 0;
    virtual void incrementallySearchBackward() = 0;
    virtual void incrementalSearchStop() = 0;
    virtual void incrementalSearchAbort() = 0;
};

// Interface representing the selector. It will be called and asked
",""
"Class:src/ui/include/quickfindmux.h:QuickFindMuxSelectorInterface","QuickFindMuxSelectorInterface","src/ui/include/quickfindmux.h",46,61,true,"// Interface representing the selector. It will be called and asked
// who the search have to be forwarded to.
class QuickFindMuxSelectorInterface {
  public:
    virtual ~QuickFindMuxSelectorInterface() = default;

    // Return the searchable widget to use.
    SearchableWidgetInterface* getActiveSearchable() const
    { return doGetActiveSearchable(); }
    // Return the list of all possible searchables, this
    // is done on registration in order to establish
    // listeners on all searchables.
    std::vector<QObject*> getAllSearchables() const
    { return doGetAllSearchables(); }
  protected:
    virtual SearchableWidgetInterface* doGetActiveSearchable() const = 0;
    virtual std::vector<QObject*> doGetAllSearchables() const = 0;
};

class QFNotification;
",""
"Class:src/ui/include/quickfindmux.h:QFNotification","QFNotification","src/ui/include/quickfindmux.h",63,63,true,"};

class QFNotification;

// Represents a multiplexer (unique application wise) dispatching the
",""
"Class:src/ui/include/quickfindmux.h:QuickFindMux","QuickFindMux","src/ui/include/quickfindmux.h",69,142,true,"// It is also its responsability to determine if an incremental search
// must be performed and to react accordingly.
class QuickFindMux : public QObject
{
  Q_OBJECT

  public:

    enum QFDirection {
        Forward,
        Backward,
    };

    // Construct the multiplexer, taking a reference to the pattern
    explicit QuickFindMux( const std::shared_ptr<QuickFindPattern>& pattern );

    // Register a new selector, which will be called and asked
    // who the search have to be forwarded to.
    // The selector is called immediately when registering to get the list of
    // searchables.
    // The previous selector and its associated views are automatically
    // deregistered.
    // A null selector is accepted, in this case QFM functionalities are
    // disabled until a valid selector is registered.
    void registerSelector( const QuickFindMuxSelectorInterface* selector );

    // Set the direction that will be used by the search when searching
    // forward.
    void setDirection( QFDirection direction );

  Q_SIGNALS:
    void patternChanged( const QString& );
    void notify( const QFNotification& );
    void clearNotification();

  public Q_SLOTS:
    // Signal the current pattern must be altered (will start an incremental
    // search if the options are configured in such a way).
    void setNewPattern( const QString& newPattern, bool ignoreCase, bool isRegexSearch );

    // Signal the current pattern must be altered and is confirmed
    // (will stop an incremental search if needed)
    void confirmPattern( const QString& newPattern, bool ignoreCase, bool isRegexSearch );

    // Signal the user cancelled the search
    // (used for incremental only)
    void cancelSearch();

    // Starts a search in the specified direction
    void searchNext();
    void searchPrevious();

    // Idem but ignore the direction and always search in the
    // specified direction
    void searchForward();
    void searchBackward();

  private Q_SLOTS:
    void changeQuickFind( const QString& newPattern,
            QuickFindMux::QFDirection newDirection );
    void notifyPatternChanged();

  private:
    const QuickFindMuxSelectorInterface* selector_;

    // The (application wide) quick find pattern
    std::shared_ptr<QuickFindPattern> pattern_;

    QFDirection currentDirection_;

    std::vector<QObject*> registeredSearchables_;

    SearchableWidgetInterface* getSearchableWidget() const;
    void registerSearchable( QObject* searchable );
    void unregisterAllSearchables();
};

#endif
",""
"Class:src/ui/include/quickfind.h:QuickFindPattern","QuickFindPattern","src/ui/include/quickfind.h",53,53,true,"#include ""selection.h""

class QuickFindPattern;
class AbstractLogData;

",""
"Class:src/ui/include/quickfind.h:AbstractLogData","AbstractLogData","src/ui/include/quickfind.h",54,54,true,"
class QuickFindPattern;
class AbstractLogData;

// Handle ""long processing"" notifications to the UI.
",""
"Class:src/ui/include/quickfind.h:SearchingNotifier","SearchingNotifier","src/ui/include/quickfind.h",60,91,true,"// and then ping() should be called periodically during the processing.
// The notify() signal should be forwarded to the UI.
class SearchingNotifier : public QObject {
    Q_OBJECT

  public:
    SearchingNotifier()
        : dotToDisplay_{ 0 }
    {
    }

    // Reset internal timers at the beiginning of the processing
    void reset();
    // Shall be called frequently during processing, send the notification
    // and call the event loop when appropriate.
    // Pass the current line number and total number of line so that
    // a progress percentage is calculated and displayed.
    // (line shall be negative if ging in reverse)
    inline void ping( LineNumber line, LinesCount nb_lines, bool backward )
    {
        if ( startTime_.msecsTo( QTime::currentTime() ) > 1000 )
            sendNotification( line, nb_lines, backward );
    }

  Q_SIGNALS:
    // Sent when the UI shall display a message to the user.
    void notify( const QFNotification& message );

  private:
    void sendNotification( LineNumber current_line, LinesCount nb_lines, bool backward );

    QTime startTime_;
    int dotToDisplay_;
};

// Represents a search made with Quick Find (without its results)
",""
"Class:src/ui/include/quickfind.h:QuickFind","QuickFind","src/ui/include/quickfind.h",96,235,true,"// it keeps a pointer to a set of data and to a QuickFindPattern which
// are used for the searches. (the caller retains ownership of both).
class QuickFind : public QObject {
    Q_OBJECT

  public:
    // Construct a search
    explicit QuickFind( const AbstractLogData& logData );

    // Set the starting point that will be used by the next search
    void setSearchStartPoint( QPoint startPoint );

    // Make the object forget the 'no more match' flag.
    void resetLimits();

  public Q_SLOTS:
    // Used for incremental searches
    // Return the first occurrence of the passed pattern from the starting
    // point.  These searches don't change the starting point.
    void incrementallySearchForward( Selection selection, QuickFindMatcher matcher );
    void incrementallySearchBackward( Selection selection, QuickFindMatcher matcher );

    // Stop the currently ongoing incremental search, leave the selection
    // where it is if a match has been found, restore the old one
    // if not. Also throw away the start point associated with
    // the search.
    Selection incrementalSearchStop();

    // Throw away the current search and restore the initial
    // position/selection
    Selection incrementalSearchAbort();

    // Idem but ignore the direction and always search in the
    // specified direction
    void searchForward( Selection selection, QuickFindMatcher matcher );
    void searchBackward( Selection selection, QuickFindMatcher matcher );

    void stopSearch();

  Q_SIGNALS:
    // Sent when the UI shall display a message to the user.
    void notify( const QFNotification& message );
    // Sent when the UI shall clear the notification.
    void clearNotification();
    // Sent when search is completed
    void searchDone( bool hasMatch, Portion selection );

  private Q_SLOTS:
    void sendNotification( QFNotification notification );
    void onSearchFutureReady();

  private:
    enum QFDirection {
        None,
        Forward,
        Backward,
    };

    class LastMatchPosition {
      public:
        void set( LineNumber line, LineColumn column );
        void set( const FilePosition& position );
        void reset()
        {
            line_ = {};
            column_ = LineColumn{-1};
        }
        // Does the passed position come after the recorded one
        bool isLater( OptionalLineNumber line, LineColumn column ) const;
        bool isLater( const FilePosition& position ) const;
        // Does the passed position come before the recorded one
        bool isSooner( OptionalLineNumber line, LineColumn column ) const;
        bool isSooner( const FilePosition& position ) const;

      private:
        OptionalLineNumber line_;
        LineColumn column_{ -1 };
    };

    class IncrementalSearchStatus {
      public:
        /* Constructors */
        IncrementalSearchStatus() = default;

        IncrementalSearchStatus( QFDirection direction, const FilePosition& position,
                                 const Selection& initial_selection )
            : ongoing_( direction )
            , position_( position )
            , initialSelection_( initial_selection )
        {
        }

        bool isOngoing() const
        {
            return ( ongoing_ != None );
        }
        QFDirection direction() const
        {
            return ongoing_;
        }
        FilePosition position() const
        {
            return position_;
        }
        Selection initialSelection() const
        {
            return initialSelection_;
        }

      private:
        QFDirection ongoing_{ None };
        FilePosition position_;
        Selection initialSelection_;
    };

    // Pointers to external objects
    const AbstractLogData& logData_;

    // Owned objects

    // Position of the last match in the file
    // (to avoid searching multiple times where there is no result)
    LastMatchPosition lastMatch_;
    LastMatchPosition firstMatch_;

    SearchingNotifier searchingNotifier_;

    // Incremental search status
    IncrementalSearchStatus incrementalSearchStatus_;

    // Private functions
    Portion doSearchForward( const Selection& selection, const QuickFindMatcher& matcher );
    Portion doSearchForward( const FilePosition& start_position, const Selection& selection,
                             const QuickFindMatcher& matcher );
    Portion doSearchBackward( const Selection& selection, const QuickFindMatcher& matcher );
    Portion doSearchBackward( const FilePosition& start_position, const Selection& selection,
                              const QuickFindMatcher& matcher );

    AtomicFlag interruptRequested_;
    QFuture<Portion> operationFuture_;
    QFutureWatcher<Portion> operationWatcher_;
};

#endif
",""
"Class:src/ui/include/quickfind.h:LastMatchPosition","LastMatchPosition","src/ui/include/quickfind.h",152,171,true,"    };

    class LastMatchPosition {
      public:
        void set( LineNumber line, LineColumn column );
        void set( const FilePosition& position );
        void reset()
        {
            line_ = {};
            column_ = LineColumn{-1};
        }
        // Does the passed position come after the recorded one
        bool isLater( OptionalLineNumber line, LineColumn column ) const;
        bool isLater( const FilePosition& position ) const;
        // Does the passed position come before the recorded one
        bool isSooner( OptionalLineNumber line, LineColumn column ) const;
        bool isSooner( const FilePosition& position ) const;

      private:
        OptionalLineNumber line_;
        LineColumn column_{ -1 };
    };

    class IncrementalSearchStatus {
",""
"Class:src/ui/include/quickfind.h:IncrementalSearchStatus","IncrementalSearchStatus","src/ui/include/quickfind.h",173,207,true,"    };

    class IncrementalSearchStatus {
      public:
        /* Constructors */
        IncrementalSearchStatus() = default;

        IncrementalSearchStatus( QFDirection direction, const FilePosition& position,
                                 const Selection& initial_selection )
            : ongoing_( direction )
            , position_( position )
            , initialSelection_( initial_selection )
        {
        }

        bool isOngoing() const
        {
            return ( ongoing_ != None );
        }
        QFDirection direction() const
        {
            return ongoing_;
        }
        FilePosition position() const
        {
            return position_;
        }
        Selection initialSelection() const
        {
            return initialSelection_;
        }

      private:
        QFDirection ongoing_{ None };
        FilePosition position_;
        Selection initialSelection_;
    };

    // Pointers to external objects
",""
"Class:src/ui/include/qfnotifications.h:QFNotification","QFNotification","src/ui/include/qfnotifications.h",28,55,true,"// Notifications sent by the QF for displaying to the user
// and their translation in UI text.
class QFNotification {
  public:
    explicit QFNotification( const QString& message = """" )
        : message_{ message }
    {
    }

    QString message() const
    {
        return message_;
    }

    // Max width of the message (in pixels)
    static int maxWidth( const QWidget* widget )
    {
        QFontMetrics fm = widget->fontMetrics();
        return qMax( fm.size( Qt::TextSingleLine, REACHED_BOF ).width(),
                     fm.size( Qt::TextSingleLine, REACHED_EOF ).width() );
    }

  protected:
    static const QString REACHED_EOF;
    static const QString REACHED_BOF;
    static const QString INTERRUPTED;

  private:
    QString message_;
};

class QFNotificationReachedEndOfFile : public QFNotification {
",""
"Class:src/ui/include/qfnotifications.h:QFNotificationReachedEndOfFile","QFNotificationReachedEndOfFile","src/ui/include/qfnotifications.h",57,63,true,"};

class QFNotificationReachedEndOfFile : public QFNotification {
  public:
    QFNotificationReachedEndOfFile()
        : QFNotification( REACHED_EOF )
    {
    }
};

class QFNotificationReachedBegininningOfFile : public QFNotification {
",""
"Class:src/ui/include/qfnotifications.h:QFNotificationReachedBegininningOfFile","QFNotificationReachedBegininningOfFile","src/ui/include/qfnotifications.h",65,71,true,"};

class QFNotificationReachedBegininningOfFile : public QFNotification {
  public:
    QFNotificationReachedBegininningOfFile()
        : QFNotification( REACHED_BOF )
    {
    }
};

class QFNotificationInterrupted : public QFNotification {
",""
"Class:src/ui/include/qfnotifications.h:QFNotificationInterrupted","QFNotificationInterrupted","src/ui/include/qfnotifications.h",73,79,true,"};

class QFNotificationInterrupted : public QFNotification {
  public:
    QFNotificationInterrupted()
        : QFNotification( INTERRUPTED )
    {
    }
};

class QFNotificationProgress : public QFNotification {
",""
"Class:src/ui/include/qfnotifications.h:QFNotificationProgress","QFNotificationProgress","src/ui/include/qfnotifications.h",81,88,true,"};

class QFNotificationProgress : public QFNotification {
  public:
    // Constructor taking the progress (in percent)
    explicit QFNotificationProgress( int progress_percent = 0 )
        : QFNotification( QObject::tr( ""Searching (position %1 %)"" ).arg( progress_percent ) )
    {
    }
};

#endif
",""
"Class:src/ui/include/previewwindow.h:QTabWidget","QTabWidget","src/ui/include/previewwindow.h",4,4,true,"#include <QWidget>

class QTabWidget;
class PreviewMessageTab;

",""
"Class:src/ui/include/previewwindow.h:PreviewMessageTab","PreviewMessageTab","src/ui/include/previewwindow.h",5,5,true,"
class QTabWidget;
class PreviewMessageTab;

class PreviewWindow : public QWidget {
",""
"Class:src/ui/include/previewwindow.h:PreviewWindow","PreviewWindow","src/ui/include/previewwindow.h",7,21,true,"class PreviewMessageTab;

class PreviewWindow : public QWidget {
    Q_OBJECT

  public:
    explicit PreviewWindow( QWidget* parent = nullptr );

    void openMessageTab( const QString& rawLine, const QString& initialPreviewNameOrAuto );

  private:
    void handleTabClosed( int index );
    void refreshTabs();

    QTabWidget* tabWidget_ = nullptr;
    int tabCounter_ = 0;
};
",""
"Class:src/ui/include/previewstablemodel.h:PreviewsTableModel","PreviewsTableModel","src/ui/include/previewstablemodel.h",6,21,true,"#include ""previewmanager.h""

class PreviewsTableModel : public QAbstractTableModel {
    Q_OBJECT

  public:
    explicit PreviewsTableModel( QObject* parent = nullptr );

    int rowCount( const QModelIndex& parent = QModelIndex() ) const override;
    int columnCount( const QModelIndex& parent = QModelIndex() ) const override;
    QVariant data( const QModelIndex& index, int role ) const override;
    QVariant headerData( int section, Qt::Orientation orientation,
                         int role ) const override;
    Qt::ItemFlags flags( const QModelIndex& index ) const override;
    bool setData( const QModelIndex& index, const QVariant& value, int role ) override;

    void refresh();
};
",""
"Class:src/ui/include/previewrepository.h:PreviewRepository","PreviewRepository","src/ui/include/previewrepository.h",6,14,true,"#include ""previewconfigparser.h""

class PreviewRepository {
  public:
    PreviewParseResult load() const;
    bool save( const QVector<PreviewDefinition>& previews,
               const QMap<QString, PreviewFieldSpec>& blocks ) const;

  private:
    QString storagePath() const;
};
",""
"Class:src/ui/include/previewmessagetab.h:QComboBox","QComboBox","src/ui/include/previewmessagetab.h",6,6,true,"#include ""previewconfig.h""

class QComboBox;
class QGroupBox;
class QPlainTextEdit;
",""
"Class:src/ui/include/previewmessagetab.h:QGroupBox","QGroupBox","src/ui/include/previewmessagetab.h",7,7,true,"
class QComboBox;
class QGroupBox;
class QPlainTextEdit;
class QTreeWidget;
",""
"Class:src/ui/include/previewmessagetab.h:QPlainTextEdit","QPlainTextEdit","src/ui/include/previewmessagetab.h",8,8,true,"class QComboBox;
class QGroupBox;
class QPlainTextEdit;
class QTreeWidget;

",""
"Class:src/ui/include/previewmessagetab.h:QTreeWidget","QTreeWidget","src/ui/include/previewmessagetab.h",9,9,true,"class QGroupBox;
class QPlainTextEdit;
class QTreeWidget;

class PreviewMessageTab : public QWidget {
",""
"Class:src/ui/include/previewmessagetab.h:PreviewMessageTab","PreviewMessageTab","src/ui/include/previewmessagetab.h",11,48,true,"class QTreeWidget;

class PreviewMessageTab : public QWidget {
    Q_OBJECT

  public:
    PreviewMessageTab( const QString& rawLine,
                       const QString& initialPreviewNameOrAuto,
                       int tabNumber,
                       QWidget* parent = nullptr );

    void refreshPreviewList();
    QString title() const;

  Q_SIGNALS:
    void titleChanged( const QString& title );

  private Q_SLOTS:
    void handlePreviewSelectionChanged( int index );

  private:
    void buildUi();
    void applyAutoDetection();
    void renderPreview( const QString& previewName );
    void showMessage( const QString& message );
    void updateTitle( const QString& typeLabel );
    QString makeSnippet() const;
    void updateRawLineHeight();

    QString rawLine_;
    QString initialPreviewName_;
    int tabNumber_ = 0;
    QString currentTitle_;
    bool initialApplied_ = false;

    QComboBox* previewTypeCombo_ = nullptr;
    QTreeWidget* previewTree_ = nullptr;
    QGroupBox* rawGroup_ = nullptr;
    QPlainTextEdit* rawLineEdit_ = nullptr;
};
",""
"Class:src/ui/include/previewmanager.h:PreviewManager","PreviewManager","src/ui/include/previewmanager.h",14,43,true,"};

class PreviewManager : public QObject {
    Q_OBJECT

  public:
    static PreviewManager& instance();

    void loadFromRepository();
    PreviewImportResult importFromFile( const QString& path );
    bool removeByName( const QString& name );
    bool clearAll();

    const QVector<PreviewDefinition>& all() const;
    QVector<PreviewDefinition> enabled() const;
    const PreviewDefinition* findByName( const QString& name ) const;
    const QMap<QString, PreviewFieldSpec>& blocks() const;
    const PreviewFieldSpec* findBlock( const QString& name ) const;
    void setEnabled( const QString& name, bool enabled );
    QString findFirstMatchingEnabledPreview( const QString& rawLine ) const;

  Q_SIGNALS:
    void previewsChanged();
    void previewEnabledChanged( const QString& name, bool enabled );

  private:
    PreviewManager() = default;

    PreviewRepository repository_;
    QVector<PreviewDefinition> previews_;
    QMap<QString, PreviewFieldSpec> blocks_;
};
",""
"Class:src/ui/include/previewconfigparser.h:PreviewConfigParser","PreviewConfigParser","src/ui/include/previewconfigparser.h",15,19,true,"};

class PreviewConfigParser {
  public:
    PreviewParseResult parseFile( const QString& path ) const;
    PreviewParseResult parseJson( const QByteArray& jsonBytes ) const;
};
",""
"Class:src/ui/include/predefinedfiltersdialog.h:PredefinedFiltersDialog","PredefinedFiltersDialog","src/ui/include/predefinedfiltersdialog.h",48,84,true,"#include ""ui_predefinedfiltersdialog.h""

class PredefinedFiltersDialog : public QDialog, public Ui::PredefinedFiltersDialog {
    Q_OBJECT

  public:
    PredefinedFiltersDialog( QWidget* parent = nullptr );
    PredefinedFiltersDialog( const QString& newFilter, QWidget* parent = nullptr );

  private Q_SLOTS:
    void addFilter();
    void removeFilter();

    void moveFilterUp();
    void moveFilterDown();

    void exportFilters();
    void importFilters();

    void resolveStandardButton( QAbstractButton* button );

    void onCurrentCellChanged( int currentRow, int currentColumn, int previousRow,
                               int previousColumn );

  Q_SIGNALS:
    void optionsChanged();

  private:
    void addFilterRow( const QString& newFilter );
    void populateFiltersTable( const PredefinedFiltersCollection::Collection& filters );

    void swapFilters( int currentRow, int newRow, int column );

    void saveSettings() const;
    PredefinedFiltersCollection::Collection readFiltersTable() const;

    void updateButtons();
    void updateUpDownButtons( int currentRow );
};

#endif",""
"Class:src/ui/include/predefinedfilterscombobox.h:QStandardItemModel","QStandardItemModel","src/ui/include/predefinedfilterscombobox.h",48,48,true,"#include ""predefinedfilters.h""

class QStandardItemModel;

class PredefinedFiltersComboBox final : public QComboBox {
",""
"Class:src/ui/include/predefinedfilterscombobox.h:PredefinedFiltersComboBox","PredefinedFiltersComboBox","src/ui/include/predefinedfilterscombobox.h",50,90,true,"class QStandardItemModel;

class PredefinedFiltersComboBox final : public QComboBox {
    Q_OBJECT

  public:
    explicit PredefinedFiltersComboBox( QWidget* parent );

    ~PredefinedFiltersComboBox() = default;
    PredefinedFiltersComboBox( const PredefinedFiltersComboBox& other ) = delete;
    PredefinedFiltersComboBox( PredefinedFiltersComboBox&& other ) noexcept = delete;
    PredefinedFiltersComboBox& operator=( const PredefinedFiltersComboBox& other ) = delete;
    PredefinedFiltersComboBox& operator=( PredefinedFiltersComboBox&& other ) = delete;

    void populatePredefinedFilters();
    void updateSearchPattern( const QString newSearchPattern, bool useLogicalCombining );
    QVariantList commanderFilters() const;
    std::optional<PredefinedFilter> commanderFilterById( const QString& filterId ) const;
    std::optional<PredefinedFilter> commanderFilterByIndex( int filterIndex ) const;

    virtual void showPopup();

  Q_SIGNALS:
    void filterChanged( const QList<PredefinedFilter>& selectedFilters);

  private:
    void setTitle( const QString& title );
    void insertFilters( const PredefinedFiltersCollection::Collection& filters );
    void collectFilters();
    QList<int> selectedFilterIndexes() const;

  private:
    PredefinedFiltersCollection filtersCollection_;

    QStandardItemModel* model_;
    struct SearchPatternState {
        QString lastOne_;
        QString newOne_;
        bool useLogicalCombining_{false};
    }; 
    SearchPatternState searchPattern_;
    bool ignoreCollecting_{false};
};

#endif
",""
"Class:src/ui/include/predefinedfilters.h:PredefinedFiltersCollection","PredefinedFiltersCollection","src/ui/include/predefinedfilters.h",55,76,true,"
// Represents collection of filters read from settings file.
class PredefinedFiltersCollection final : public Persistable<PredefinedFiltersCollection> {
  public:
    using Collection = QList<PredefinedFilter>;

    static const char* persistableName()
    {
        return ""PredefinedFiltersCollection"";
    }

    Collection getSyncedFilters();
    Collection getFilters() const;
    void setFilters( const Collection& filters );

    void retrieveFromStorage( QSettings& settings );
    void saveToStorage( QSettings& settings ) const;
    void saveToStorage( const Collection& filters );

  private:
    static constexpr int PredefinedFiltersCollection_VERSION = 3;

    Collection filters_;
};

QString createPredefinedFilterId();
",""
"Class:src/ui/include/pathline.h:PathLine","PathLine","src/ui/include/pathline.h",24,36,true,"#include ""infoline.h""

class PathLine : public InfoLine
{
  Q_OBJECT

public:
    void setPath(const QString& path);

  protected:
    void contextMenuEvent(QContextMenuEvent *event) override;

  private:
    QString path_;
};


",""
"Class:src/ui/include/overviewwidget.h:Overview","Overview","src/ui/include/overviewwidget.h",27,27,true,"#include ""linetypes.h""

class Overview;

class OverviewWidget : public QWidget {
",""
"Class:src/ui/include/overviewwidget.h:OverviewWidget","OverviewWidget","src/ui/include/overviewwidget.h",29,74,true,"class Overview;

class OverviewWidget : public QWidget {
    Q_OBJECT

  public:
    explicit OverviewWidget( QWidget* parent = nullptr );

    // Associate the widget with an Overview object.
    void setOverview( Overview* overview )
    {
        overview_ = overview;
    }

  public Q_SLOTS:
    // Sent when a match at the line passed must be highlighted in
    // the overview
    void highlightLine( LineNumber line );
    void removeHighlight();

  protected:
    void paintEvent( QPaintEvent* paintEvent ) override;
    void mousePressEvent( QMouseEvent* mouseEvent ) override;
    void mouseMoveEvent( QMouseEvent* mouseEvent ) override;
    void timerEvent( QTimerEvent* event ) override;

  Q_SIGNALS:
    // Sent when the user click on a line in the Overview.
    void lineClicked( LineNumber line );

  private:
    // Constants
    static constexpr int LINE_MARGIN = 4;
    static constexpr int STEP_DURATION_MS = 30;
    static constexpr int INITIAL_TTL_VALUE = 5;

    Overview* overview_ = nullptr;

    // Highlight:
    // Which line is higlighted
    OptionalLineNumber highlightedLine_;
    // Number of step until the highlight become static
    int highlightedTTL_ = 0;

    QBasicTimer highlightTimer_;

    void handleMousePress( int position );
};

#endif
",""
"Class:src/ui/include/overview.h:LogFilteredData","LogFilteredData","src/ui/include/overview.h",26,26,true,"#include <QVector>

class LogFilteredData;

// Class implementing the logic behind the matches overview bar.
",""
"Class:src/ui/include/overview.h:Overview","Overview","src/ui/include/overview.h",34,136,true,"//
// This class is NOT thread-safe.
class Overview {
  public:
    // A line with a position in pixel and a weight (darkness)
    class WeightedLine {
      public:
        static constexpr int WEIGHT_STEPS = 3;

        WeightedLine()
        {
            pos_ = 0;
            weight_ = 0;
        }
        // (Necessary for QVector)
        explicit WeightedLine( int pos )
        {
            pos_ = pos;
            weight_ = 0;
        }

        int position() const
        {
            return pos_;
        }
        int weight() const
        {
            return weight_;
        }

        void load()
        {
            weight_ = qMin( weight_ + 1, WEIGHT_STEPS - 1 );
        }

      private:
        int pos_;
        int weight_;
    };

    Overview();

    // Associate the passed filteredData to this Overview
    void setFilteredData( const LogFilteredData* logFilteredData );
    // Signal the overview its attached LogFilteredData has been changed and
    // the overview must be updated with the provided total number
    // of line of the file.
    void updateData( LinesCount totalNbLine );
    // Set the visibility flag of this overview.
    void setVisible( bool visible )
    {
        visible_ = visible;
        dirty_ = visible;
    }

    // Update the current position in the file (to draw the view line)
    void updateCurrentPosition( LineNumber firstLine, LineNumber lastLine )
    {
        topLine_ = firstLine;
        nbLines_ = LinesCount( lastLine.get() - firstLine.get() );
    }

    // Returns weither this overview is visible.
    bool isVisible()
    {
        return visible_;
    }
    // Signal the overview the height of the display has changed, triggering
    // an update of its cache.
    void updateView( unsigned height );
    // Returns a list of lines (between 0 and 'height') representing matches.
    // (pointer returned is valid until next call to update*()
    const klogg::vector<WeightedLine>* getMatchLines() const;
    // Returns a list of lines (between 0 and 'height') representing marks.
    // (pointer returned is valid until next call to update*()
    const klogg::vector<WeightedLine>* getMarkLines() const;
    // Return a pair of lines (between 0 and 'height') representing the current view.
    std::pair<int, int> getViewLines() const;

    // Return the line number corresponding to the passed overview y coordinate.
    LineNumber fileLineFromY( int y ) const;
    // Return the y coordinate corresponding to the passed line number.
    int yFromFileLine( LineNumber fileLine ) const;

  private:
    // List of matches associated with this Overview.
    const LogFilteredData* logFilteredData_;
    // Total number of lines in the file.
    LinesCount linesInFile_;
    // Whether the overview is visible.
    bool visible_;
    // First and last line currently viewed.
    LineNumber topLine_;
    LinesCount nbLines_;
    // Current height of view window.
    unsigned height_;
    // Does the cache (matchesLines, markLines) need to be recalculated.
    bool dirty_;

    // List of lines representing matches and marks (are shared with the client)
    klogg::vector<WeightedLine> matchLines_;
    klogg::vector<WeightedLine> markLines_;

    void recalculatesLines();
};

#endif
",""
"Class:src/ui/include/overview.h:WeightedLine","WeightedLine","src/ui/include/overview.h",37,70,true,"  public:
    // A line with a position in pixel and a weight (darkness)
    class WeightedLine {
      public:
        static constexpr int WEIGHT_STEPS = 3;

        WeightedLine()
        {
            pos_ = 0;
            weight_ = 0;
        }
        // (Necessary for QVector)
        explicit WeightedLine( int pos )
        {
            pos_ = pos;
            weight_ = 0;
        }

        int position() const
        {
            return pos_;
        }
        int weight() const
        {
            return weight_;
        }

        void load()
        {
            weight_ = qMin( weight_ + 1, WEIGHT_STEPS - 1 );
        }

      private:
        int pos_;
        int weight_;
    };

    Overview();
",""
"Class:src/ui/include/optionsdialog.h:KeySequencePresenter","KeySequencePresenter","src/ui/include/optionsdialog.h",52,67,true,"#include ""ui_optionsdialog.h""

class KeySequencePresenter : public QWidget {
    Q_OBJECT
  public:
    explicit KeySequencePresenter( const QString& keySequence );

    QString keySequence() const;

  Q_SIGNALS:
    void edited();

  private Q_SLOTS:
    void showEditor();

  private:
    QLabel* keySequenceLabel_;
};

// Implements the main option dialog box
",""
"Class:src/ui/include/optionsdialog.h:OptionsDialog","OptionsDialog","src/ui/include/optionsdialog.h",70,123,true,"
// Implements the main option dialog box
class OptionsDialog : public QDialog, public Ui::OptionsDialog {
    Q_OBJECT

  public:
    explicit OptionsDialog( QWidget* parent = nullptr );

  Q_SIGNALS:
    // Is emitted when new settings must be used
    void optionsChanged();

  private Q_SLOTS:
    // Clears and updates the font size box with the sizes allowed
    // by the passed font family.
    void updateFontSize( const QString& fontFamily );
    // Update the content of the global Config() using parameters
    // from the dialog box.
    void updateConfigFromDialog();
    // Called when a ok/cancel/apply button is clicked.
    void onButtonBoxClicked( QAbstractButton* button );

    void changeMainColor();
    void changeQfColor();

    void checkShortcutsOnDuplicate() const;

  private:
    void setupTabs();
    void setupFontList();
    void setupRegexp();
    void setupPolling();
    void setupSearchResultsCache();
    void setupLogging();
    void setupArchives();
    void setupStyles();
    void setupEncodings();
    void setupLanguageList();
    void setupComDefaults();
    void browseComLogPath();

    int updateTranslate();

    void buildShortcutsTable(bool useDefaultsOnly);

    int getRegexpTypeIndex( SearchRegexpType syntax ) const;
    SearchRegexpType getRegexpTypeFromIndex( int index ) const;

    int getRegexpEngineIndex( RegexpEngine engine ) const;
    RegexpEngine getRegexpEngineFromIndex( int index ) const;

    void updateDialogFromConfig();

    QColor mainSearchColor_;
    QColor qfSearchColor_;
};

#endif
",""
"Class:src/ui/include/opencomportdialog.h:QComboBox","QComboBox","src/ui/include/opencomportdialog.h",6,6,true,"#include ""serialcaptureworker.h""

class QComboBox;
class QDialogButtonBox;
class QLineEdit;
",""
"Class:src/ui/include/opencomportdialog.h:QDialogButtonBox","QDialogButtonBox","src/ui/include/opencomportdialog.h",7,7,true,"
class QComboBox;
class QDialogButtonBox;
class QLineEdit;
class QCheckBox;
",""
"Class:src/ui/include/opencomportdialog.h:QLineEdit","QLineEdit","src/ui/include/opencomportdialog.h",8,8,true,"class QComboBox;
class QDialogButtonBox;
class QLineEdit;
class QCheckBox;
class QPushButton;
",""
"Class:src/ui/include/opencomportdialog.h:QCheckBox","QCheckBox","src/ui/include/opencomportdialog.h",9,9,true,"class QDialogButtonBox;
class QLineEdit;
class QCheckBox;
class QPushButton;

",""
"Class:src/ui/include/opencomportdialog.h:QPushButton","QPushButton","src/ui/include/opencomportdialog.h",10,10,true,"class QLineEdit;
class QCheckBox;
class QPushButton;

class OpenComPortDialog : public QDialog {
",""
"Class:src/ui/include/opencomportdialog.h:OpenComPortDialog","OpenComPortDialog","src/ui/include/opencomportdialog.h",12,47,true,"class QPushButton;

class OpenComPortDialog : public QDialog {
    Q_OBJECT

  public:
    explicit OpenComPortDialog( QWidget* parent = nullptr );
    SerialCaptureSettings settings() const;

  private Q_SLOTS:
    void updateSuggestedFileName();
    void browseForFile();
    void validateInputs();
    void markFilePathEdited();

  private:
    void populatePorts();
    bool isPortItemEnabled( int index ) const;
    QString suggestedFileName() const;

    QComboBox* portCombo_ = nullptr;
    QComboBox* baudCombo_ = nullptr;
    QComboBox* dataBitsCombo_ = nullptr;
    QComboBox* parityCombo_ = nullptr;
    QComboBox* stopBitsCombo_ = nullptr;
    QComboBox* flowCombo_ = nullptr;
    QLineEdit* fileEdit_ = nullptr;
    QCheckBox* timestampCheck_ = nullptr;
    QLineEdit* timestampFormatEdit_ = nullptr;
    QCheckBox* logTxCheck_ = nullptr;
    QCheckBox* useForActionsCheck_ = nullptr;
    QPushButton* browseButton_ = nullptr;
    QDialogButtonBox* buttonBox_ = nullptr;
    QPushButton* openButton_ = nullptr;

    QString lastSuggestedPath_;
    bool userEditedPath_ = false;
};
",""
"Class:src/ui/include/menu.h:QAction","QAction","src/ui/include/menu.h",26,26,true,"#include <QPoint>

class QAction;
class QMenu;
class QTimerEvent;
",""
"Class:src/ui/include/menu.h:QMenu","QMenu","src/ui/include/menu.h",27,27,true,"
class QAction;
class QMenu;
class QTimerEvent;
class QPoint;
",""
"Class:src/ui/include/menu.h:QTimerEvent","QTimerEvent","src/ui/include/menu.h",28,28,true,"class QAction;
class QMenu;
class QTimerEvent;
class QPoint;

",""
"Class:src/ui/include/menu.h:QPoint","QPoint","src/ui/include/menu.h",29,29,true,"class QMenu;
class QTimerEvent;
class QPoint;

// Provides a behavior to show an action's tooltip after mouse is unmoved for
",""
"Class:src/ui/include/menu.h:MenuActionToolTipBehavior","MenuActionToolTipBehavior","src/ui/include/menu.h",34,57,true,"// a specified number of 'ms'. E.g. used for tooltips with full-path for recent
// files in the file menu. Not thread-safe.
class MenuActionToolTipBehavior : public QObject {
    Q_OBJECT

  public:
    MenuActionToolTipBehavior( QAction* menuAction, QMenu* menuParent, QObject* parent );

    // Time in ms that mouse needs to stay unmoved for tooltip to be shown
    int toolTipDelay(); /* ms */
    void setToolTipDelay( int ms );

  private:
    void timerEvent( QTimerEvent* event ) override;
    void showToolTip( const QPoint& position );

  private Q_SLOTS:
    void onActionHovered();

  private:
    QAction* action;
    QMenu* parentMenu;
    int toolTipDelayMs;
    int timerId;
    QPoint hoverPoint;
};

class HoverMenu : public QMenu {
",""
"Class:src/ui/include/menu.h:HoverMenu","HoverMenu","src/ui/include/menu.h",59,74,true,"};

class HoverMenu : public QMenu {
  public:
    explicit HoverMenu( const QString& title, QWidget* parent = nullptr );

    void mouseMoveEvent( QMouseEvent* ) override;
    void mouseReleaseEvent( QMouseEvent* ) override;

  private:
    inline bool mouseInMenu( const QPoint& pos )
    {
        return this->rect().contains( pos );
    }

  private:
    bool mouseInMenu_;
};

#endif // KLOGG_MENU_H
",""
"Class:src/ui/include/mainwindow.h:QAction","QAction","src/ui/include/mainwindow.h",68,68,true,"#include ""tabbedscratchpad.h""

class QAction;
class QActionGroup;
class QLabel;
",""
"Class:src/ui/include/mainwindow.h:QActionGroup","QActionGroup","src/ui/include/mainwindow.h",69,69,true,"
class QAction;
class QActionGroup;
class QLabel;
class Session;
",""
"Class:src/ui/include/mainwindow.h:QLabel","QLabel","src/ui/include/mainwindow.h",70,70,true,"class QAction;
class QActionGroup;
class QLabel;
class Session;
class RecentFiles;
",""
"Class:src/ui/include/mainwindow.h:Session","Session","src/ui/include/mainwindow.h",71,71,true,"class QActionGroup;
class QLabel;
class Session;
class RecentFiles;
class HighlightersMenu;
",""
"Class:src/ui/include/mainwindow.h:RecentFiles","RecentFiles","src/ui/include/mainwindow.h",72,72,true,"class QLabel;
class Session;
class RecentFiles;
class HighlightersMenu;
class StreamSession;
",""
"Class:src/ui/include/mainwindow.h:HighlightersMenu","HighlightersMenu","src/ui/include/mainwindow.h",73,73,true,"class Session;
class RecentFiles;
class HighlightersMenu;
class StreamSession;
class ScriptSupervisor;
",""
"Class:src/ui/include/mainwindow.h:StreamSession","StreamSession","src/ui/include/mainwindow.h",74,74,true,"class RecentFiles;
class HighlightersMenu;
class StreamSession;
class ScriptSupervisor;
struct SerialCaptureSettings;
",""
"Class:src/ui/include/mainwindow.h:ScriptSupervisor","ScriptSupervisor","src/ui/include/mainwindow.h",75,75,true,"class HighlightersMenu;
class StreamSession;
class ScriptSupervisor;
struct SerialCaptureSettings;

",""
"Class:src/ui/include/mainwindow.h:MainWindow","MainWindow","src/ui/include/mainwindow.h",80,438,true,"// Main window of the application, creates menus, toolbar and
// the CrawlerWidget
class MainWindow : public QMainWindow {
    Q_OBJECT

  public:
    explicit MainWindow( WindowSession session );

    // Re-install the geometry stored in config file
    // (should be done before 'Widget::show()')
    void reloadGeometry();
    // Re-load the files from the previous session
    void reloadSession();
    // Loads the initial file (parameter passed or from config file)
    void loadInitialFile( QString fileName, bool followFile );
    bool isStartupReadyForDisplay() const;
    CommanderResult executeCommanderRequest( const CommanderRequest& request );
    QVariantMap commanderWindowInfo() const;
    QVariantMap automationSnapshot() const;
    QVariantMap automationTree() const;
    QVariantList automationActions() const;
    QVariantMap automationState() const;
    QVariantMap automationUiTree() const;
    void refreshScriptStatusIndicators();

    void reTranslateUI();

    static int installLanguage( QString lang );

  public Q_SLOTS:
    // Load a file in a new tab (non-interactive)
    // (for use from e.g. IPC)
    void loadFileNonInteractive( const QString& file_name );

  protected:
    void closeEvent( QCloseEvent* event ) override;
    void changeEvent( QEvent* event ) override;

    // Drag and drop support
    void dragEnterEvent( QDragEnterEvent* event ) override;
    void dropEvent( QDropEvent* event ) override;

    bool event( QEvent* event ) override;

  private:
    enum class ActionInitiator { User, App };

  private Q_SLOTS:
    void open();
    void openComPort();
    void openFileFromRecent( QAction* action );
    void openFileFromFavorites( QAction* action );
    void switchToOpenedFile( QAction* action );
    void closeTab( ActionInitiator initiator );
    void closeAll( ActionInitiator initiator );
    void selectAll();
    void copy();
    void find();
    void clearLog();
    void copyFullPath();
    void openContainingFolder();
    void openInEditor();
    void openClipboard();
    void openUrl();
    void editHighlighters();
    void editPredefinedFilters( const QString& newFilter = {} );
    void openImportPreviewsDialog();
    void openImportActionsDialog();
    void options();
    void about();
    void aboutQt();
    void documentation();
    void showScratchPad();
    void showPreviewer();
    void showActionsResponses();
    void showScriptRunner();
    void showScenarioRunner();
    void showLabQueue();
    void sendToScratchpad( QString );
    void replaceDataInScratchpad( QString );
    void sendToPreview( QString rawLine, QString previewNameOrAuto );
    void sendActionById( int actionId );
    void encodingChanged( QAction* action );
    void addToFavorites();
    void removeFromFavorites();
    void selectOpenedFile();
    void generateDump();

    // Change the view settings
    void toggleOverviewVisibility( bool isVisible );
    void toggleMainLineNumbersVisibility( bool isVisible );
    void toggleFilteredLineNumbersVisibility( bool isVisible );

    // Change the follow mode checkbox and send the followSet signal down
    void changeFollowMode( bool follow );

    // Update the selection information displayed in the status bar.
    // Must be passed as the internal (starts at 0) line number.
    void lineNumberHandler( LineNumber startLine, LinesCount nLines, LineColumn startCol,
                            LineLength nSymbols );

    // Save current search in line edit as predefined filter.
    // Opens dialog with new entry.
    void newPredefinedFilterHandler( QString newFilter );

    // Instructs the widget to update the loading progress gauge
    void updateLoadingProgress( int progress );
    // Instructs the widget to display the 'normal' status bar,
    // without the progress gauge and with file info
    // or an error recovery when loading is finished
    void handleLoadingFinished( LoadingStatus status );

    // Update quick find searchable
    void handleFilteredViewChanged();

    // Close the tab with the passed index
    void closeTab( int index, ActionInitiator initiator );
    // Setup the tab with current index for view
    void currentTabChanged( int index );
    void startNewStreamFileForTab( int tab );

    // Instructs the widget to change the pattern in the QuickFind widget
    // and confirm it.
    void changeQFPattern( const QString& newPattern );

  Q_SIGNALS:
    // Is emitted when new settings must be used
    void optionsChanged();
    // Is emitted when the 'follow' option is enabled/disabled
    void followSet( bool checked );
    // Is emitted when the 'text wrap' option is enabled/disabled
    void textWrapSet( bool checked );
    // Is emitted before the QuickFind box is activated,
    // to allow crawlers to get search in the right view.
    void enteringQuickFind();
    // Emitted when the quickfind
... [truncated]",""
"Class:src/ui/include/logmainview.h:LogMainView","LogMainView","src/ui/include/logmainview.h",46,69,true,"
// Class implementing the main (top) view widget.
class LogMainView : public AbstractLogView
{
  Q_OBJECT
  public:
    LogMainView( const LogData* newLogData,
            const QuickFindPattern* const quickFindPattern,
            Overview* overview,
            OverviewWidget* overview_widget,
            QWidget* parent = nullptr );

    // Configure the view to use the passed filtered list
    // (used for couloured bullets)
    // Should be NULL or the empty LFD if no filtering is used
    void useNewFiltering( LogFilteredData* filteredData );

  protected:
    // Implements the virtual function
    LogData::LineType lineType( LineNumber lineNumber ) const override;

    void doRegisterShortcuts() override;

  private:
    LogFilteredData* filteredData_;
};

#endif
",""
"Class:src/ui/include/labqueuewindow.h:QLabel","QLabel","src/ui/include/labqueuewindow.h",4,4,true,"#include <QWidget>

class QLabel;
class QLineEdit;
class QListWidget;
",""
"Class:src/ui/include/labqueuewindow.h:QLineEdit","QLineEdit","src/ui/include/labqueuewindow.h",5,5,true,"
class QLabel;
class QLineEdit;
class QListWidget;
class QPushButton;
",""
"Class:src/ui/include/labqueuewindow.h:QListWidget","QListWidget","src/ui/include/labqueuewindow.h",6,6,true,"class QLabel;
class QLineEdit;
class QListWidget;
class QPushButton;
class QPlainTextEdit;
",""
"Class:src/ui/include/labqueuewindow.h:QPushButton","QPushButton","src/ui/include/labqueuewindow.h",7,7,true,"class QLineEdit;
class QListWidget;
class QPushButton;
class QPlainTextEdit;

",""
"Class:src/ui/include/labqueuewindow.h:QPlainTextEdit","QPlainTextEdit","src/ui/include/labqueuewindow.h",8,8,true,"class QListWidget;
class QPushButton;
class QPlainTextEdit;

class LabQueueWindow : public QWidget {
",""
"Class:src/ui/include/labqueuewindow.h:LabQueueWindow","LabQueueWindow","src/ui/include/labqueuewindow.h",10,34,true,"class QPlainTextEdit;

class LabQueueWindow : public QWidget {
    Q_OBJECT

  public:
    explicit LabQueueWindow( QWidget* parent = nullptr );

  private Q_SLOTS:
    void refresh();
    void selectedJobChanged();
    void browseTokenFile();
    void openArtifactsFolder();

  private:
    void loadState();
    void saveState() const;

    QLineEdit* controllerUrlEdit_;
    QLineEdit* tokenFileEdit_;
    QListWidget* agentsList_;
    QListWidget* jobsList_;
    QLabel* summaryLabel_;
    QPlainTextEdit* detailsEdit_;
    QPushButton* refreshButton_;
    QPushButton* openArtifactsButton_;
};
",""
"Class:src/ui/include/infoline.h:InfoLine","InfoLine","src/ui/include/infoline.h",48,66,true,"// Information line with integrated completion gauge
// used for the file name and the search results.
class InfoLine : public QLabel {
    Q_OBJECT
  public:
    InfoLine();

    // Display the gauge in the background with the passed value (0-100)
    // This function doesn't change the text of the widget.
    void displayGauge( int completion );
    // Hide the gauge and make the widget like a normal QLabel
    void hideGauge();

  protected:
    void paintEvent( QPaintEvent* paintEvent ) override;
    void contextMenuEvent( QContextMenuEvent* event ) override;

  private:
    // The original palette of the QLabel
    std::optional<QPalette> origPalette_;
};

#endif
",""
"Class:src/ui/include/importpreviewsdialog.h:QDialogButtonBox","QDialogButtonBox","src/ui/include/importpreviewsdialog.h",4,4,true,"#include <QDialog>

class QDialogButtonBox;
class QTableView;
class QToolButton;
",""
"Class:src/ui/include/importpreviewsdialog.h:QTableView","QTableView","src/ui/include/importpreviewsdialog.h",5,5,true,"
class QDialogButtonBox;
class QTableView;
class QToolButton;
class PreviewsTableModel;
",""
"Class:src/ui/include/importpreviewsdialog.h:QToolButton","QToolButton","src/ui/include/importpreviewsdialog.h",6,6,true,"class QDialogButtonBox;
class QTableView;
class QToolButton;
class PreviewsTableModel;

",""
"Class:src/ui/include/importpreviewsdialog.h:PreviewsTableModel","PreviewsTableModel","src/ui/include/importpreviewsdialog.h",7,7,true,"class QTableView;
class QToolButton;
class PreviewsTableModel;

class ImportPreviewsDialog : public QDialog {
",""
"Class:src/ui/include/importpreviewsdialog.h:ImportPreviewsDialog","ImportPreviewsDialog","src/ui/include/importpreviewsdialog.h",9,31,true,"class PreviewsTableModel;

class ImportPreviewsDialog : public QDialog {
    Q_OBJECT

  public:
    explicit ImportPreviewsDialog( QWidget* parent = nullptr );

  private Q_SLOTS:
    void importPreviews();
    void removeSelectedPreview();
    void clearAllPreviews();
    void refreshTable();

  private:
    void updateButtons();
    void updateDialogWidth();

    QTableView* tableView_ = nullptr;
    PreviewsTableModel* model_ = nullptr;
    QDialogButtonBox* buttonBox_ = nullptr;
    QToolButton* removeButton_ = nullptr;
    QToolButton* clearButton_ = nullptr;
    int pendingSelectionRow_ = -1;
};
",""
"Class:src/ui/include/importactionsdialog.h:ActionsImportTableModel","ActionsImportTableModel","src/ui/include/importactionsdialog.h",6,6,true,"#include ""actionsconfig.h""

class ActionsImportTableModel;
class ResponsesImportTableModel;
class QDialogButtonBox;
",""
"Class:src/ui/include/importactionsdialog.h:ResponsesImportTableModel","ResponsesImportTableModel","src/ui/include/importactionsdialog.h",7,7,true,"
class ActionsImportTableModel;
class ResponsesImportTableModel;
class QDialogButtonBox;
class QPushButton;
",""
"Class:src/ui/include/importactionsdialog.h:QDialogButtonBox","QDialogButtonBox","src/ui/include/importactionsdialog.h",8,8,true,"class ActionsImportTableModel;
class ResponsesImportTableModel;
class QDialogButtonBox;
class QPushButton;
class QTableView;
",""
"Class:src/ui/include/importactionsdialog.h:QPushButton","QPushButton","src/ui/include/importactionsdialog.h",9,9,true,"class ResponsesImportTableModel;
class QDialogButtonBox;
class QPushButton;
class QTableView;
class QToolButton;
",""
"Class:src/ui/include/importactionsdialog.h:QTableView","QTableView","src/ui/include/importactionsdialog.h",10,10,true,"class QDialogButtonBox;
class QPushButton;
class QTableView;
class QToolButton;

",""
"Class:src/ui/include/importactionsdialog.h:QToolButton","QToolButton","src/ui/include/importactionsdialog.h",11,11,true,"class QPushButton;
class QTableView;
class QToolButton;

class ImportActionsDialog : public QDialog {
",""
"Class:src/ui/include/importactionsdialog.h:ImportActionsDialog","ImportActionsDialog","src/ui/include/importactionsdialog.h",13,47,true,"class QToolButton;

class ImportActionsDialog : public QDialog {
    Q_OBJECT

  public:
    explicit ImportActionsDialog( QWidget* parent = nullptr );

  private Q_SLOTS:
    void importActions();
    void persistChanges();
    void removeSelectedAction();
    void clearActions();
    void removeSelectedResponse();
    void clearResponses();

  private:
    void updateButtons();
    void updateDialogSize();

    QVector<ActionDefinition> actions_;
    QVector<ResponseDefinition> responses_;
    QTableView* actionsTable_ = nullptr;
    QTableView* responsesTable_ = nullptr;
    ActionsImportTableModel* actionsModel_ = nullptr;
    ResponsesImportTableModel* responsesModel_ = nullptr;
    QDialogButtonBox* buttonBox_ = nullptr;
    QPushButton* importButton_ = nullptr;
    QToolButton* removeActionButton_ = nullptr;
    QToolButton* clearActionsButton_ = nullptr;
    QToolButton* removeResponseButton_ = nullptr;
    QToolButton* clearResponsesButton_ = nullptr;
    int pendingActionSelectionRow_ = -1;
    int pendingResponseSelectionRow_ = -1;
    bool suppressPersist_ = false;
    bool sizeInitialized_ = false;
};
",""
"Class:src/ui/include/iconloader.h:QWidget","QWidget","src/ui/include/iconloader.h",18,18,true,"#include <QIcon>

class QWidget;

class IconLoader {
",""
"Class:src/ui/include/iconloader.h:IconLoader","IconLoader","src/ui/include/iconloader.h",20,37,true,"class QWidget;

class IconLoader {
  public:
    explicit IconLoader( QWidget* widget );
    QIcon load( QString name );

  private:
    bool shouldInvert() const;
    bool shouldAutoInvert( QString ) const;

    QPixmap loadPixmap( QString, int ) const;

    QPixmap invertPixmap( QPixmap ) const;

    QString makeNonScalableFilename( QString, int, bool ) const;

  private:
    QWidget* widget_;
};

#endif // KLOGG_ICONLOADER_H
",""
"Class:src/ui/include/highlightersmenu.h:CrawlerWidget","CrawlerWidget","src/ui/include/highlightersmenu.h",32,32,true,"#include ""menu.h""

class CrawlerWidget;

class HighlightersMenu : public HoverMenu {
",""
"Class:src/ui/include/highlightersmenu.h:HighlightersMenu","HighlightersMenu","src/ui/include/highlightersmenu.h",34,69,true,"class CrawlerWidget;

class HighlightersMenu : public HoverMenu {
    Q_OBJECT

  public:
    using HoverMenu::addAction;

    HighlightersMenu( const QString& title, QWidget* parent = nullptr );

    void addAction( QAction* action, bool seq );

    void clearHighlightersMenu();

    void createHighlightersMenu();

    void populateHighlightersMenu();

    inline void setApplyChange( std::function<void()> apply )
    {
        applyChange_ = apply;
    }

  private:
    using HoverMenu::clear;

    // save highlighter action
    void saveCurrentHighlighterFromAction( const QAction* action ) const;

  private Q_SLOTS:
    void applySelectionHighlighters( QAction* action ) const;

    void updateActionsStatus() const;

  private:
    QActionGroup* highLighters_;
    std::function<void()> applyChange_;
};

#endif
",""
"Class:src/ui/include/highlightersetedit.h:HighlighterSetEdit","HighlighterSetEdit","src/ui/include/highlightersetedit.h",49,92,true,"#include ""ui_highlightersetedit.h""

class HighlighterSetEdit : public QWidget, public Ui::HighlighterSetEdit {
    Q_OBJECT

  public:
    explicit HighlighterSetEdit( QWidget* parent = nullptr );

    HighlighterSet highlighters() const;
    void setHighlighters( HighlighterSet set );

    void reset();

  Q_SIGNALS:
    void changed();

  private Q_SLOTS:
    void setName( const QString& name );

    void addHighlighter();
    void removeHighlighter();

    void moveHighlighterUp();
    void moveHighlighterDown();

    // Update the property (pattern, color...) fields from the
    // selected Highlighter.
    void updatePropertyFields();

    // Update the selected Highlighter from the values in the property fields.
    void updateHighlighterProperties();

  private:
    void populateHighlighterList();
    void setCurrentRow( int row );

  private:
    HighlighterEdit* highlighterEdit_;

    // Temporary HighlighterSet modified by the dialog
    // it is copied from the one in Config()
    HighlighterSet highlighterSet_;

    // Index of the row currently selected or -1 if none.
    int selectedRow_;
};

#endif
",""
"Class:src/ui/include/highlighterset.h:Highlighter","Highlighter","src/ui/include/highlighterset.h",63,117,true,"// Represents a filter, i.e. a regexp and the colors matching text
// should be rendered in.
class Highlighter {
  public:
    // Construct an uninitialized Highlighter (when reading from a config file)
    Highlighter() = default;
    Highlighter( const QString& pattern, bool ignoreCase, bool onlyMatch, const QColor& foreColor,
                 const QColor& backColor );

    bool matchLine( const QString& line, klogg::vector<HighlightedMatch>& matches ) const;

    // Accessor functions
    QString pattern() const;
    void setPattern( const QString& pattern );
    bool ignoreCase() const;
    void setIgnoreCase( bool ignoreCase );

    bool highlightOnlyMatch() const;
    void setHighlightOnlyMatch( bool onlyMatch );

    bool useRegex() const;
    void setUseRegex( bool useRegex );

    bool variateColors() const;
    void setVariateColors( bool variateColors );

    int colorVariance() const;
    void setColorVariance( int colorVariance );

    const QColor& foreColor() const;
    void setForeColor( const QColor& foreColor );
    const QColor& backColor() const;
    void setBackColor( const QColor& backColor );

    // Reads/writes the current config in the QSettings object passed
    void saveToStorage( QSettings& settings ) const;
    void retrieveFromStorage( QSettings& settings );

    RegularExpressionPattern expressionPattern() const;

    void compile() const;

  private:
    std::pair<QColor, QColor> vairateColors( const QString& match ) const;

  private:
    QRegularExpression regexp_;
    
    mutable std::optional<QRegularExpression> optimizedRegexp_;

    bool useRegex_ = true;
    bool highlightOnlyMatch_ = false;
    bool variateColors_ = false;
    int colorVariance_ = 15;

    HighlightColor color_;
};

enum class HighlighterMatchType { NoMatch, WordMatch, LineMatch };
",""
"Class:src/ui/include/highlighterset.h:HighlighterSet","HighlighterSet","src/ui/include/highlighterset.h",122,170,true,"
// Represents an ordered set of filters to be applied to each line displayed.
class HighlighterSet {
  public:
    static const char* persistableName()
    {
        return ""HighlighterSet"";
    }

    static HighlighterSet createNewSet( const QString& name );

    HighlighterSet() = default;

    QString name() const;
    QString id() const;
    const QList<Highlighter>& highlighters() const;
    QList<Highlighter>& highlighters();

    // Returns whether the passed line matches a filter of the set,
    // if so, it returns the fore/back colors the line should use.
    HighlighterMatchType matchLine( const QString& line,
                                    HighlightedMatchRanges& matches ) const;

    bool isEmpty() const;

    // Reads/writes the current config in the QSettings object passed
    void saveToStorage( QSettings& settings ) const;
    void retrieveFromStorage( QSettings& settings );

    void compile() const;
    void invalidateCompiled() const;

  private:
    explicit HighlighterSet( const QString& name );

  private:
    static constexpr int HighlighterSet_VERSION = 3;
    static constexpr int FilterSet_VERSION = 2;

    QString name_;
    QString id_;
    QList<Highlighter> highlighterList_;

    // To simplify this class interface, HighlightersDialog can access our
    // internal structure directly.
    friend class HighlighterSetEdit;
    friend class HighlighterSetCollection;

    mutable std::shared_ptr<MultiRegularExpression> compiledExpression_;
    mutable QVector<int> compiledPatternToHighlighterIndex_;
};

struct QuickHighlighter {
",""
"Class:src/ui/include/highlighterset.h:HighlighterSetCollection","HighlighterSetCollection","src/ui/include/highlighterset.h",178,221,true,"};

class HighlighterSetCollection final : public Persistable<HighlighterSetCollection> {
  public:
    static const char* persistableName()
    {
        return ""HighlighterSetCollection"";
    }

    const QList<HighlighterSet>& highlighterSets() const;
    QList<HighlighterSet>& highlighterSets();
    void setHighlighterSets( const QList<HighlighterSet>& highlighters );

    const HighlighterSet& currentActiveSet() const;

    bool hasSet( const QString& setId ) const;
    bool hasSetByName( const QString& name ) const;

    QStringList activeSetIds() const;
    void activateSet( const QString& setId );
    void deactivateSet( const QString& setId );
    void deactivateAll();

    QList<QuickHighlighter> quickHighlighters() const;
    void setQuickHighlighters( const QList<QuickHighlighter>& quickHighlighters );

    // Reads/writes the current config in the QSettings object passed
    void saveToStorage( QSettings& settings ) const;
    void retrieveFromStorage( QSettings& settings );

  private:
    static constexpr int HighlighterSetCollection_VERSION = 2;

    void updateCombinedSet();

  private:
    QList<HighlighterSet> highlighters_;
    QStringList activeSets_;
    HighlighterSet combinedActiveSet_;

    QList<QuickHighlighter> quickHighlighters_;

    // To simplify this class interface, HighlightersDialog can access our
    // internal structure directly.
    friend class HighlightersDialog;
};

#endif
",""
"Class:src/ui/include/highlightersdialog.h:HighlightersDialog","HighlightersDialog","src/ui/include/highlightersdialog.h",49,90,true,"#include ""ui_highlightersdialog.h""

class HighlightersDialog : public QDialog, public Ui::HighlightersDialog {
    Q_OBJECT

  public:
    explicit HighlightersDialog( QWidget* parent = nullptr );

  Q_SIGNALS:
    // Is emitted when new settings must be used
    void optionsChanged();

  private Q_SLOTS:
    void addHighlighterSet();
    void removeHighlighterSet();

    void moveHighlighterSetUp();
    void moveHighlighterSetDown();

    void resolveDialog( QAbstractButton* button );

    // Update the edit fields from the selected HighlighterSet.
    void updatePropertyFields();

    // Update the selected HighlighterSet from the values in the property fields.
    void updateHighlighterProperties();

    void exportHighlighters();
    void importHighlighters();

  private:
    void populateHighlighterList();
    void setCurrentRow( int row );

  private:
    HighlighterSetEdit* highlighterSetEdit_;

    // Temporary HighlighterSetCollection modified by the dialog
    // it is copied from the one in Config()
    HighlighterSetCollection highlighterSetCollection_;

    // Index of the row currently selected or -1 if none.
    int selectedRow_;
};

#endif
",""
"Class:src/ui/include/highlighteredit.h:HighlighterEdit","HighlighterEdit","src/ui/include/highlighteredit.h",27,57,true,"#include ""ui_highlighteredit.h""

class HighlighterEdit : public QWidget, public Ui::HighlighterEdit {
    Q_OBJECT

  public:
    HighlighterEdit( Highlighter defaultHighlighter, QWidget* parent = nullptr );

    Highlighter highlighter() const;
    void setHighlighter( Highlighter highlighter );
    void reset();

    static bool showColorPicker( const QColor& in, QColor& out );
    static void updateIcon( QPushButton* button, const QColor& color );

  Q_SIGNALS:
    void changed();

  private Q_SLOTS:
    void changeForeColor();
    void changeBackColor();
    void setPattern( const QString& pattern );
    void setIgnoreCase( bool ignoreCase );
    void setHighlightOnlyMatch( bool onlyMatch );
    void setVariateColors( bool variateColors );
    void setColorVariance( int colorVariance );
    void setPatternType( int index );

  private:
    const Highlighter defaultHighlighter_;

    Highlighter highlighter_;
};

#endif // KLOGG_HIGHLIGHTEREDIT_H
",""
"Class:src/ui/include/highlightedmatch.h:HighlightedMatch","HighlightedMatch","src/ui/include/highlightedmatch.h",28,70,true,"
// Represents a match result for QuickFind or highlighter
class HighlightedMatch {
public:
    // Construct a match (must be initialised)
    HighlightedMatch( LineColumn start_column, LineLength size, QColor foreColor, QColor backColor )
        : startColumn_{ start_column }
        , size_{ size }
        , foreColor_{ foreColor }
        , backColor_{ backColor }
    {
    }

    LineColumn startColumn() const
    {
        return startColumn_;
    }

    LineColumn endColumn() const
    {
        return size_ > 0_length ? startColumn_ + size_ - 1_length : startColumn_;
    }

    LineLength size() const
    {
        return size_;
    }

    QColor foreColor() const
    {
        return foreColor_;
    }

    QColor backColor() const
    {
        return backColor_;
    }

private:
    LineColumn startColumn_;
    LineLength size_;

    QColor foreColor_;
    QColor backColor_;
};

class HighlightedMatchRanges {
",""
"Class:src/ui/include/highlightedmatch.h:HighlightedMatchRanges","HighlightedMatchRanges","src/ui/include/highlightedmatch.h",72,192,true,"};

class HighlightedMatchRanges {

public:
    HighlightedMatchRanges() = default;
    explicit HighlightedMatchRanges( klogg::vector<HighlightedMatch> matches )
        : matches_( std::move( matches ) )
    {
    }

    klogg::vector<HighlightedMatch> matches() const
    {
        return matches_;
    }

    void clear()
    {
        matches_.clear();
    }

    bool empty() const
    {
        return matches_.empty();
    }

    const HighlightedMatch& front() const
    {
        return matches_.front();
    }

    const HighlightedMatch& back() const
    {
        return matches_.back();
    }

    void clamp( LineColumn firstVisibleColumn, LineColumn lastVisibleColumn )
    {
        for ( HighlightedMatch& m : matches_ ) {
            if ( m.endColumn() < firstVisibleColumn || m.startColumn() > lastVisibleColumn ) {
                m = HighlightedMatch{ m.startColumn(), 0_length, m.foreColor(), m.backColor() };
                continue;
            }

            if ( m.startColumn() < firstVisibleColumn ) {
                m = HighlightedMatch{ firstVisibleColumn,
                                      m.endColumn() - firstVisibleColumn + 1_length, m.foreColor(),
                                      m.backColor() };
            }

            if ( m.endColumn() > lastVisibleColumn ) {
                m = HighlightedMatch{ m.startColumn(),
                                      lastVisibleColumn - m.startColumn() + 1_length, m.foreColor(),
                                      m.backColor() };
            }
        }
        matches_.erase(
            std::remove_if( matches_.begin(), matches_.end(),
                            []( const HighlightedMatch& m ) { return m.size() == 0_length; } ),
            matches_.end() );
    }

    void addMatches( const klogg::vector<HighlightedMatch>& patternMatches )
    {
        for ( HighlightedMatch m : patternMatches ) {
            addMatch( m );
        }
    }

    void addMatch( HighlightedMatch newMatch )
    {
        for ( auto matchIt = matches_.begin(); matchIt != matches_.end(); ++matchIt ) {
            HighlightedMatch& m = *matchIt;
            const LineColumn oldMatchL = m.startColumn();
            const LineColumn oldMatchR = m.endColumn();
            const LineColumn newMatchL = newMatch.startColumn();
            const LineColumn newMatchR = newMatch.endColumn();

            if ( oldMatchR < newMatchL ) {
                continue;
            }
            else if ( newMatchR < oldMatchL ) {
                break;
            }
            else if ( newMatchL <= oldMatchL && newMatchR >= oldMatchR ) {
                m = HighlightedMatch{ m.startColumn(), 0_length, m.foreColor(), m.backColor() };
            }
            else if ( oldMatchL <= newMatchL && oldMatchR >= newMatchR ) {
                m = HighlightedMatch{ m.startColumn(), newMatchL - oldMatchL, m.foreColor(),
                                      m.backColor() };

                HighlightedMatch tailMatch{ newMatchR + 1_length, oldMatchR - newMatchR,
                                            m.foreColor(), m.backColor() };
                matches_.insert( std::next( matchIt ), tailMatch );
                break;
            }
            else if ( oldMatchL < newMatchL && oldMatchR < newMatchR ) {
                m = HighlightedMatch{ m.startColumn(), newMatchL - oldMatchL, m.foreColor(),
                                      m.backColor() };
            }
            else if ( oldMatchL <= newMatchR && oldMatchR > newMatchR ) {
                m = HighlightedMatch{ newMatchR + 1_length, oldMatchR - newMatchR, m.foreColor(),
                                      m.backColor() };
                break;
            }
        }

        matches_.erase(
            std::remove_if( matches_.begin(), matches_.end(),
                            []( const HighlightedMatch& m ) { return m.size() == 0_length; } ),
            matches_.end() );

        auto insertPos
            = std::lower_bound( matches_.begin(), matches_.end(), newMatch,
                                []( const HighlightedMatch& lhs, const HighlightedMatch& rhs ) {
                                    return lhs.startColumn() < rhs.startColumn();
                                } );
        matches_.insert( insertPos, newMatch );
    }

private:
    klogg::vector<HighlightedMatch> matches_;
};

#endif // KLOGG_HIGHLIGHTEDMATCH_H
",""
"Class:src/ui/include/fontutils.h:FontUtils","FontUtils","src/ui/include/fontutils.h",30,78,true,"#include <vector>

class FontUtils {
  public:
    static QStringList availableFonts()
    {
        // We only show the fixed fonts
        QStringList fixedFamilies;

#if QT_VERSION < QT_VERSION_CHECK( 6, 0, 0 )
        QFontDatabase database;
        const auto families = database.families();
        for ( const auto& family : families ) {
            if ( database.isFixedPitch( family ) )
                fixedFamilies << family;
        }
#else
        const auto families = QFontDatabase::families();
        for ( const auto& family : families ) {
            if ( QFontDatabase::isFixedPitch( family ) )
                fixedFamilies << family;
        }
#endif

        return fixedFamilies;
    }

    static QList<int> availableFontSizes( const QString& family )
    {
#if QT_VERSION < QT_VERSION_CHECK( 6, 0, 0 )
        auto sizes = QFontDatabase().pointSizes( family, """" );
#else
        auto sizes = QFontDatabase::pointSizes( family, """" );
#endif

        if ( sizes.empty() ) {
            sizes = QFontDatabase::standardSizes();
        }

        std::vector<int> additionalSizes( 10 );
        std::iota( additionalSizes.begin(), additionalSizes.end(), 10 );
        for ( int size : additionalSizes ) {
            if ( !sizes.contains( size ) ) {
                sizes.append( size );
            }
        }

        std::sort( sizes.begin(), sizes.end() );
        return sizes;
    }
};

#endif",""
"Class:src/ui/include/filteredview.h:FilteredView","FilteredView","src/ui/include/filteredview.h",48,73,true,"
// Class implementing the filtered (bottom) view widget.
class FilteredView : public AbstractLogView
{
  Q_OBJECT
  public:
    FilteredView( LogFilteredData* newLogData,
            const QuickFindPattern* const quickFindPattern,
            QWidget* parent = nullptr );

    // What is visible in the view.
    using Visibility = LogFilteredData::Visibility;
    void setVisibility( Visibility visi );
    Visibility visibility() const;

  protected:
    LogFilteredData::LineType lineType( LineNumber lineNumber ) const override;

    // Number of the filtered line relative to the unfiltered source
    LineNumber displayLineNumber(LineNumber lineNumber ) const override;
    LineNumber lineIndex( LineNumber lineNumber ) const override;
    LineNumber maxDisplayLineNumber() const override;

    void doRegisterShortcuts() override;

  private:
    LogFilteredData* logFilteredData_;
};

#endif
",""
"Class:src/ui/include/favoritefiles.h:FavoriteFiles","FavoriteFiles","src/ui/include/favoritefiles.h",29,49,true,"
// Manage the list of recently opened files
class FavoriteFiles final : public Persistable<FavoriteFiles, session_settings>
{
  public:

    void add( const QString& path );
    void remove( const QString& path );

    std::vector<DisplayFilePath> favorites() const;

    // Reads/writes the current config in the QSettings object passed
    void saveToStorage( QSettings& settings ) const;
    void retrieveFromStorage( QSettings& settings );

    static const char* persistableName() 
    {
      return ""FavoriteFiles"";
    }

  private:
    std::vector<DisplayFilePath> files_;
};

#endif // KLOGG_FAVORITEFILES_H
",""
"Class:src/ui/include/encodings.h:EncodingMenu","EncodingMenu","src/ui/include/encodings.h",21,101,true,"#include <mainwindowtext.h>

class EncodingMenu {
  public:
    static std::map<QString, std::vector<int>> supportedEncodings()
    {
        return std::map<QString, std::vector<int>>{
            { ""Unicode"", { 106, 1013, 1014, 1018, 1019 } },
            { ""Arabic"", { 82, 2256 } },
            { ""Baltic"", { 7, 109, 2257 } },
            { ""Celtic"", { 110 } },
            { ""Cyrillic"", { 8, 2084, 2088, 2027, 2086, 2251 } },
            { ""Central European"", { 2250 } },
            { ""Chinese"", { 2026, 2025 } },
            { ""Eastern European"", { 5 } },
            { ""Greek"", { 10, 2253 } },
            { ""Hebrew"", { 85, 2255 } },
            { ""Japanese"", { 17, 18, 39 } },
            { ""Korean"", { -949, 38 } },
            { ""Thai"", { 2259 } },
            { ""Turkish"", { 6, 12, 2254 } },
            { ""Western European"", { 3, 4, 111, 2009, 2252 } },
            { ""Vietnamese"", { 2258 } }
        };
    }

    static QMenu* generate( QActionGroup* actionGroup )
    {
        const auto supportedEncodings = EncodingMenu::supportedEncodings();
        const auto defaultEncodingMib = Configuration::get().defaultEncodingMib();

        using namespace klogg::mainwindow;
        QMenu* encodingsMenu = new QMenu(
            QApplication::translate( ""klogg::mainwindow::menu"", menu::encodingTitle ) );

        auto autoEncoding = encodingsMenu->addAction(
            QApplication::translate( ""klogg::mainwindow::action"", action::autoEncodingText ) );
        autoEncoding->setStatusTip(
            QApplication::translate( ""klogg::mainwindow::action"", action::autoEncodingStatusTip ) );
        autoEncoding->setCheckable( true );
        autoEncoding->setActionGroup( actionGroup );
        autoEncoding->setChecked( defaultEncodingMib < 0 );

        encodingsMenu->addSeparator();

        QTextCodec* systemCodec = nullptr;

#ifdef Q_OS_WIN
        auto systemCodePage = ::GetACP();
        systemCodec
            = QTextCodec::codecForName( QString( ""CP%1"" ).arg( systemCodePage ).toLatin1() );
#endif
        if ( systemCodec == nullptr ) {
            systemCodec = QTextCodec::codecForLocale();
        }

        auto systemEncodingName
            = QApplication::tr( ""System (%1)"" ).arg( systemCodec->name().constData() );

        auto systemEncoding = encodingsMenu->addAction( systemEncodingName );
        systemEncoding->setCheckable( true );
        systemEncoding->setActionGroup( actionGroup );
        systemEncoding->setData( systemCodec->mibEnum() );

        encodingsMenu->addSeparator();

        for ( const auto& group : supportedEncodings ) {
            auto menu = encodingsMenu->addMenu( group.first );
            for ( const auto mib : group.second ) {
                auto codec = QTextCodec::codecForMib( mib );
                if ( codec ) {
                    auto action = menu->addAction( QString::fromLatin1( codec->name() ) );
                    action->setActionGroup( actionGroup );
                    action->setData( mib );
                    action->setCheckable( true );
                    action->setChecked( defaultEncodingMib == mib );
                }
            }
        }

        return encodingsMenu;
    }
};

#endif // KLOGG_ENCODINGS_H
",""
"Class:src/ui/include/downloader.h:Downloader","Downloader","src/ui/include/downloader.h",25,49,true,"#include <QNetworkAccessManager>

class Downloader : public QObject {
    Q_OBJECT
  public:
    explicit Downloader( QObject* parent = nullptr );

    void download( const QUrl& url, QFile* outputFile );

    QString lastError() const;

  Q_SIGNALS:
    void downloadProgress( qint64 bytesReceived, qint64 bytesTotal );
    void finished( bool );

  private Q_SLOTS:
    void downloadFinished();
    void downloadReadyRead();

  private:
    QNetworkAccessManager manager_;
    QNetworkReply* currentDownload_ = nullptr;

    QString lastError_;

    QFile* output_;
};

#endif // KLOGG_DOWNLOADER_H
",""
"Class:src/ui/include/displayfilepath.h:DisplayFilePath","DisplayFilePath","src/ui/include/displayfilepath.h",24,36,true,"#include <QString>

class DisplayFilePath {
  public:
    explicit DisplayFilePath( const QString& fullPath );

    QString fullPath() const;
    QString nativeFullPath() const;
    QString displayName() const;

  private:
    QString fullPath_;
    QString nativeFullPath_;
    QString displayName_;
};

class FullPathComparator {
",""
"Class:src/ui/include/displayfilepath.h:FullPathComparator","FullPathComparator","src/ui/include/displayfilepath.h",38,45,true,"};

class FullPathComparator {
  public:
    explicit FullPathComparator( const QString& path );
    bool operator()( const DisplayFilePath& f ) const;

  private:
    QString fullPath_;
};

#endif // KLOGG_DISPLAYFILEPATH_H
",""
"Class:src/ui/include/decompressor.h:Decompressor","Decompressor","src/ui/include/decompressor.h",28,47,true,"
enum class DecompressAction { None, Extract, Decompress };
class Decompressor : public QObject {
    Q_OBJECT
  public:
    explicit Decompressor( QObject* parent = nullptr );

    bool decompress( const QString& path, QFile* outputFile, AtomicFlag& interrupt );
    bool extract( const QString& archiveFilePath, const QString& destination,
                  AtomicFlag& interrupt );

    bool waitForResult();

    static DecompressAction action( const QString& archiveFilePath );

  Q_SIGNALS:
    void finished( bool );

  private:
    QFuture<bool> future_;
    QFutureWatcher<bool> watcher_;
};

#endif // KLOGG_DECOMPRESSOR_H
",""
"Class:src/ui/include/crawlerwidget.h:InfoLine","InfoLine","src/ui/include/crawlerwidget.h",69,69,true,"#include ""viewinterface.h""

class InfoLine;
struct CommanderRequest;
class QuickFindPattern;
",""
"Class:src/ui/include/crawlerwidget.h:QuickFindPattern","QuickFindPattern","src/ui/include/crawlerwidget.h",71,71,true,"class InfoLine;
struct CommanderRequest;
class QuickFindPattern;
class SavedSearches;
class QStandardItemModel;
",""
"Class:src/ui/include/crawlerwidget.h:SavedSearches","SavedSearches","src/ui/include/crawlerwidget.h",72,72,true,"struct CommanderRequest;
class QuickFindPattern;
class SavedSearches;
class QStandardItemModel;
class QCompleter;
",""
"Class:src/ui/include/crawlerwidget.h:QStandardItemModel","QStandardItemModel","src/ui/include/crawlerwidget.h",73,73,true,"class QuickFindPattern;
class SavedSearches;
class QStandardItemModel;
class QCompleter;
class OverviewWidget;
",""
"Class:src/ui/include/crawlerwidget.h:QCompleter","QCompleter","src/ui/include/crawlerwidget.h",74,74,true,"class SavedSearches;
class QStandardItemModel;
class QCompleter;
class OverviewWidget;

",""
"Class:src/ui/include/crawlerwidget.h:OverviewWidget","OverviewWidget","src/ui/include/crawlerwidget.h",75,75,true,"class QStandardItemModel;
class QCompleter;
class OverviewWidget;

// Implements the central widget of the application.
",""
"Class:src/ui/include/crawlerwidget.h:CrawlerWidget","CrawlerWidget","src/ui/include/crawlerwidget.h",80,480,true,"// It includes both windows, the search line, the info
// lines and various buttons.
class CrawlerWidget : public QSplitter,
                      public QuickFindMuxSelectorInterface,
                      public ViewInterface,
                      public MuxableDocumentInterface {
    Q_OBJECT

  public:
    CrawlerWidget( QWidget* parent = nullptr );
    ~CrawlerWidget() override;

    // Get the line number of the first line displayed.
    LineNumber getTopLine() const;
    // Get the selected text as a string (from the main window)
    QString getSelectedText() const;
    // True for partial selection
    bool isPartialSelection() const;

    // Display the QFB at the bottom, remembering where the focus was
    void displayQuickFindBar( QuickFindMux::QFDirection direction );

    // Instructs the widget to select all the text in the window the user
    // is interacting with
    void selectAll();

    std::optional<int> encodingMib() const;

    // Get the text description of the encoding effectively used,
    // suitable to display to the user.
    QString encodingText() const;

    // Returns whether follow is enabled in this crawler
    bool isFollowEnabled() const;

    bool isTextWrapEnabled() const;
    bool isStartupPreparationPending() const;
    bool isLoadingInProgress() const;
    bool isSearchInProgress() const;
    QString searchText() const;
    int matchCount() const;
    LineNumber currentLineNumber() const;
    LineColumn currentColumnNumber() const;
    QVariantMap visibleLineRange() const;
    QVariantMap mainVisibleLineRange() const;
    QVariantMap filteredVisibleLineRange() const;
    QString focusedViewObjectName() const;
    QString lastErrorText() const;
    QString searchStatusText() const;
    bool isRegexEnabled() const;
    bool isCaseSensitiveSearchEnabled() const;
    bool isInverseSearchEnabled() const;
    bool isBooleanSearchEnabled() const;
    bool isAutoRefreshSearchEnabled() const;
    bool isKeepSearchResultsEnabled() const;

    void registerShortcuts();
    void setViewContextLazy( const QString& viewContext );

  public Q_SLOTS:
    // Stop the asynchoronous loading of the file if one is in progress
    // The file is identified by the view attached to it.
    void stopLoading();
    // Reload the displayed file
    void reload();
    // Set the encoding
    void setEncoding( std::optional<int> mib );

    void focusSearchEdit();
    void goToLine();

    // Instructs the widget to reconfigure itself because Config() has changed.
    void applyConfiguration();

  public:
    QVariantList commanderFilters() const;
    QVariantList commanderPredefinedFilters() const;
    std::optional<PredefinedFilter> commanderFilterById( const QString& filterId ) const;
    std::optional<PredefinedFilter> commanderFilterByIndex( int filterIndex ) const;
    std::optional<PredefinedFilter> commanderPredefinedFilterById( const QString& filterId ) const;
    std::optional<PredefinedFilter> commanderPredefinedFilterByIndex( int filterIndex ) const;
    void applyCommanderSearchPattern( const QString& searchPattern, bool runSearch,
                                      bool rearmAutoRefresh );
    void applyCommanderPredefinedFilter( const PredefinedFilter& filter, bool runSearch,
                                         bool rearmAutoRefresh );
    void applyCommanderAutomationSearch( const CommanderRequest& request );
    template <class T>
    struct access_by;

  protected:
    // Implementation of the ViewInterface functions
    void doSetData( std::shared_ptr<LogData> logData,
                    std::shared_ptr<LogFilteredData> filteredData ) override;
    void doSetQuickFindPattern( std::shared_ptr<QuickFindPattern> qfp ) override;
    void doSetSavedSearches( SavedSearches* savedSearches ) override;
    void doSetViewContext( const QString& viewContext ) override;
    std::shared_ptr<const ViewContextInterface> doGetViewContext( void ) const override;

    // Implementation of the mux selector interface
    // (for dispatching QuickFind to the right widget)
    SearchableWidgetInterface* doGetActiveSearchable() const override;
    std::vector<QObject*> doGetAllSearchables() const override;

    // Implementation of the MuxableDocumentInterface
    void doSendAllStateSignals() override;

    void changeEvent( QEvent* event ) override;

  Q_SIGNALS:
    // Sent to signal the client load has progressed,
    // passing the completion percentage.
    void loadingProgressed( int progress );
    // Sent to the client when the loading has finished
    // whether successful or not.
    void loadingFinished( LoadingStatus status );
    // Sent when follow mode is enabled/disabled
    void followSet( bool checked );
    // Sent when text wrap mode is enabled/disabled
    void textWrapSet( bool checked );
    // Sent up to the MainWindow to enable/disable the follow mode
... [truncated]",""
"Class:src/ui/include/crawlerwidget.h:SearchState","SearchState","src/ui/include/crawlerwidget.h",311,358,true,"    // State machine holding the state of the search, used to allow/disallow
    // auto-refresh and inform the user via the info line.
    class SearchState {
      public:
        enum State {
            NoSearch,
            Static,
            Autorefreshing,
            FileTruncated,
            TruncatedAutorefreshing,
        };

        SearchState()
        {
            state_ = NoSearch;
            autoRefreshRequested_ = false;
        }

        // Reset the state (no search active)
        void resetState();
        // The user changed auto-refresh request
        void setAutorefresh( bool refresh );
        // The file has been truncated (stops auto-refresh)
        void truncateFile();
        // The expression has been changed (stops auto-refresh)
        void changeExpression();
        // The search has been stopped (stops auto-refresh)
        void stopSearch();
        // The search has been started (enable auto-refresh)
        void startSearch();

        // Get the state in order to display the proper message
        State getState() const
        {
            return state_;
        }
        // Is auto-refresh allowed
        bool isAutorefreshAllowed() const
        {
            return ( state_ == Autorefreshing || state_ == TruncatedAutorefreshing );
        }
        bool isFileTruncated() const
        {
            return ( state_ == FileTruncated || state_ == TruncatedAutorefreshing );
        }

      private:
        State state_;
        bool autoRefreshRequested_;
    };

    // Private functions
",""
"Class:src/ui/include/colorlabelsmanager.h:ColorLabelsManager","ColorLabelsManager","src/ui/include/colorlabelsmanager.h",28,45,true,"#include <vector>

class ColorLabelsManager {
  public:
    using QuickHighlightersCollection = std::vector<AbstractLogView::QuickHighlighters>;

    QuickHighlightersCollection colorLabels() const;

    QuickHighlightersCollection setColorLabel( size_t label, const QString& text );
    QuickHighlightersCollection setNextColorLabel( const QString& text );

    QuickHighlightersCollection clear();

  private:
    QuickHighlightersCollection updateColorLabel( size_t label, const QString& text,
                                                  bool replaceCurrent );

    QuickHighlightersCollection quickHighlighters_ = QuickHighlightersCollection{9};
    std::optional<size_t> currentLabel_;
};

#endif",""
"Class:src/ui/include/actionstablemodel.h:ActionsTableModel","ActionsTableModel","src/ui/include/actionstablemodel.h",6,35,true,"#include ""actionsconfig.h""

class ActionsTableModel : public QAbstractTableModel {
    Q_OBJECT
  public:
    enum Roles {
        ActionIdRole = Qt::UserRole + 1,
        SendEnabledRole,
        SequenceValueRole
    };

    explicit ActionsTableModel( QObject* parent = nullptr );

    int rowCount( const QModelIndex& parent = {} ) const override;
    int columnCount( const QModelIndex& parent = {} ) const override;
    QVariant data( const QModelIndex& index, int role ) const override;
    QVariant headerData( int section,
                         Qt::Orientation orientation,
                         int role = Qt::DisplayRole ) const override;
    Qt::ItemFlags flags( const QModelIndex& index ) const override;

    void refresh();
    void setSendAvailable( bool available );
    const ActionDefinition* actionAt( int row ) const;

  private:
    QString previewSequence( const ActionSequence& sequence ) const;
    QString tooltipForAction( const ActionDefinition& action ) const;

    QVector<ActionDefinition> actions_;
    bool sendAvailable_ = false;
};
",""
"Class:src/ui/include/actionsresponseswindow.h:ActionsTableModel","ActionsTableModel","src/ui/include/actionsresponseswindow.h",4,4,true,"#include <QWidget>

class ActionsTableModel;
class ResponsesTableModel;
class QCheckBox;
",""
"Class:src/ui/include/actionsresponseswindow.h:ResponsesTableModel","ResponsesTableModel","src/ui/include/actionsresponseswindow.h",5,5,true,"
class ActionsTableModel;
class ResponsesTableModel;
class QCheckBox;
class QLineEdit;
",""
"Class:src/ui/include/actionsresponseswindow.h:QCheckBox","QCheckBox","src/ui/include/actionsresponseswindow.h",6,6,true,"class ActionsTableModel;
class ResponsesTableModel;
class QCheckBox;
class QLineEdit;
class QPushButton;
",""
"Class:src/ui/include/actionsresponseswindow.h:QLineEdit","QLineEdit","src/ui/include/actionsresponseswindow.h",7,7,true,"class ResponsesTableModel;
class QCheckBox;
class QLineEdit;
class QPushButton;
class QSortFilterProxyModel;
",""
"Class:src/ui/include/actionsresponseswindow.h:QPushButton","QPushButton","src/ui/include/actionsresponseswindow.h",8,8,true,"class QCheckBox;
class QLineEdit;
class QPushButton;
class QSortFilterProxyModel;
class QTableView;
",""
"Class:src/ui/include/actionsresponseswindow.h:QSortFilterProxyModel","QSortFilterProxyModel","src/ui/include/actionsresponseswindow.h",9,9,true,"class QLineEdit;
class QPushButton;
class QSortFilterProxyModel;
class QTableView;

",""
"Class:src/ui/include/actionsresponseswindow.h:QTableView","QTableView","src/ui/include/actionsresponseswindow.h",10,10,true,"class QPushButton;
class QSortFilterProxyModel;
class QTableView;

class ActionsResponsesWindow : public QWidget {
",""
"Class:src/ui/include/actionsresponseswindow.h:ActionsResponsesWindow","ActionsResponsesWindow","src/ui/include/actionsresponseswindow.h",12,65,true,"class QTableView;

class ActionsResponsesWindow : public QWidget {
    Q_OBJECT
  public:
    explicit ActionsResponsesWindow( QWidget* parent = nullptr );

    void setSendAvailable( bool available );

  Q_SIGNALS:
    void sendActionRequested( int actionId );

  private Q_SLOTS:
    void refreshActions();
    void refreshResponses();
    void addAction();
    void editSelectedAction();
    void duplicateSelectedAction();
    void deleteSelectedAction();
    void moveSelectedActionUp();
    void moveSelectedActionDown();
    void addResponse();
    void editSelectedResponse();
    void duplicateSelectedResponse();
    void deleteSelectedResponse();
    void moveSelectedResponseUp();
    void moveSelectedResponseDown();

  private:
    ActionsTableModel* actionsModel_ = nullptr;
    ResponsesTableModel* responsesModel_ = nullptr;
    QSortFilterProxyModel* actionsProxy_ = nullptr;
    QSortFilterProxyModel* responsesProxy_ = nullptr;
    QLineEdit* actionsFilter_ = nullptr;
    QLineEdit* responsesFilter_ = nullptr;
    QTableView* actionsTable_ = nullptr;
    QTableView* responsesTable_ = nullptr;
    QCheckBox* autoResponsesCheck_ = nullptr;
    QPushButton* editActionButton_ = nullptr;
    QPushButton* duplicateActionButton_ = nullptr;
    QPushButton* deleteActionButton_ = nullptr;
    QPushButton* moveActionUpButton_ = nullptr;
    QPushButton* moveActionDownButton_ = nullptr;
    QPushButton* editResponseButton_ = nullptr;
    QPushButton* duplicateResponseButton_ = nullptr;
    QPushButton* deleteResponseButton_ = nullptr;
    QPushButton* moveResponseUpButton_ = nullptr;
    QPushButton* moveResponseDownButton_ = nullptr;

    void updateWindowSize();
    void updateActionButtons();
    void updateResponseButtons();
    int selectedActionRow() const;
    int selectedResponseRow() const;
    bool sizeInitialized_ = false;
};
",""
"Class:src/ui/include/actionsrepository.h:ActionsRepository","ActionsRepository","src/ui/include/actionsrepository.h",6,14,true,"#include ""actionsconfig.h""

class ActionsRepository {
  public:
    ActionsParseResult load() const;
    bool save( const QVector<ActionDefinition>& actions,
               const QVector<ResponseDefinition>& responses ) const;

  private:
    QString storagePath() const;
};
",""
"Class:src/ui/include/actionsmanager.h:ActionsManager","ActionsManager","src/ui/include/actionsmanager.h",13,55,true,"};

class ActionsManager : public QObject {
    Q_OBJECT
  public:
    static ActionsManager& instance();

    void loadFromRepository();
    ActionsImportResult importFromDefinitions( QVector<ActionDefinition> actions,
                                               QVector<ResponseDefinition> responses );
    ActionsImportResult importFromFile( const QString& path );

    const QVector<ActionDefinition>& actions() const;
    const QVector<ResponseDefinition>& responses() const;

    const ActionDefinition* findActionById( int id ) const;
    const ResponseDefinition* findResponseById( int id ) const;
    const ResponseDefinition* findResponseByName( const QString& name ) const;
    int nextActionId() const;
    int nextResponseId() const;
    bool createAction( ActionDefinition action, QString* errorMessage = nullptr );
    bool updateAction( int id, ActionDefinition action, QString* errorMessage = nullptr );
    bool deleteAction( int id, QString* errorMessage = nullptr );
    bool moveAction( int id, int offset, QString* errorMessage = nullptr );
    bool createResponse( ResponseDefinition response, QString* errorMessage = nullptr );
    bool updateResponse( int id, ResponseDefinition response, QString* errorMessage = nullptr );
    bool deleteResponse( int id, QString* errorMessage = nullptr );
    bool moveResponse( int id, int offset, QString* errorMessage = nullptr );
    bool setResponseEnabled( int id, bool enabled );
    bool autoResponsesEnabled() const;
    void setAutoResponsesEnabled( bool enabled );

  Q_SIGNALS:
    void actionsChanged();
    void responsesChanged();
    void autoResponsesEnabledChanged( bool enabled );

  private:
    ActionsManager() = default;

    ActionsRepository repository_;
    QVector<ActionDefinition> actions_;
    QVector<ResponseDefinition> responses_;
    bool autoResponsesEnabled_ = true;
};
",""
"Class:src/ui/include/actionsconfigparser.h:ActionsConfigParser","ActionsConfigParser","src/ui/include/actionsconfigparser.h",7,11,true,"#include ""actionsconfig.h""

class ActionsConfigParser {
  public:
    ActionsParseResult parseFile( const QString& path ) const;
    ActionsParseResult parseJson( const QByteArray& jsonBytes ) const;
};
",""
"Class:src/ui/include/actionruntime.h:StreamSession","StreamSession","src/ui/include/actionruntime.h",8,8,true,"#include ""actionsconfig.h""

class StreamSession;

struct ResponseMatchResult {
",""
"Class:src/ui/include/actioneditdialog.h:QCheckBox","QCheckBox","src/ui/include/actioneditdialog.h",6,6,true,"#include ""actionsconfig.h""

class QCheckBox;
class QComboBox;
class QLineEdit;
",""
"Class:src/ui/include/actioneditdialog.h:QComboBox","QComboBox","src/ui/include/actioneditdialog.h",7,7,true,"
class QCheckBox;
class QComboBox;
class QLineEdit;
class QPlainTextEdit;
",""
"Class:src/ui/include/actioneditdialog.h:QLineEdit","QLineEdit","src/ui/include/actioneditdialog.h",8,8,true,"class QCheckBox;
class QComboBox;
class QLineEdit;
class QPlainTextEdit;
class QSpinBox;
",""
"Class:src/ui/include/actioneditdialog.h:QPlainTextEdit","QPlainTextEdit","src/ui/include/actioneditdialog.h",9,9,true,"class QComboBox;
class QLineEdit;
class QPlainTextEdit;
class QSpinBox;

",""
"Class:src/ui/include/actioneditdialog.h:QSpinBox","QSpinBox","src/ui/include/actioneditdialog.h",10,10,true,"class QLineEdit;
class QPlainTextEdit;
class QSpinBox;

class ActionEditDialog : public QDialog {
",""
"Class:src/ui/include/actioneditdialog.h:ActionEditDialog","ActionEditDialog","src/ui/include/actioneditdialog.h",12,45,true,"class QSpinBox;

class ActionEditDialog : public QDialog {
    Q_OBJECT
  public:
    explicit ActionEditDialog( QWidget* parent = nullptr );

    void setAction( const ActionDefinition& action );
    ActionDefinition action() const;

  protected:
    void accept() override;
    bool eventFilter( QObject* watched, QEvent* event ) override;

  private:
    void populateFromAction( const ActionDefinition& action );
    void syncHexFromString();
    void syncStringFromHex();
    void setSequenceEditors( const ActionSequence& sequence );

    ActionDefinition action_;
    QLineEdit* nameEdit_ = nullptr;
    QPlainTextEdit* descriptionEdit_ = nullptr;
    QComboBox* sequenceTypeCombo_ = nullptr;
    QComboBox* lineEndingCombo_ = nullptr;
    QPlainTextEdit* stringValueEdit_ = nullptr;
    QPlainTextEdit* hexValueEdit_ = nullptr;
    QSpinBox* delaySpin_ = nullptr;
    QSpinBox* repeatCountSpin_ = nullptr;
    QSpinBox* repeatIntervalSpin_ = nullptr;
    QLineEdit* variableNamesEdit_ = nullptr;
    QCheckBox* checksumEnabledCheck_ = nullptr;
    QComboBox* checksumAlgorithmCombo_ = nullptr;
    QLineEdit* checksumPlaceholderEdit_ = nullptr;
    bool syncingSequenceEditors_ = false;
};
",""
"Class:src/ui/include/abstractlogview.h:QMenu","QMenu","src/ui/include/abstractlogview.h",70,70,true,"#include ""wrappedstring.h""

class QMenu;
class QAction;
class QShortcut;
",""
"Class:src/ui/include/abstractlogview.h:QAction","QAction","src/ui/include/abstractlogview.h",71,71,true,"
class QMenu;
class QAction;
class QShortcut;
class HighlightersMenu;
",""
"Class:src/ui/include/abstractlogview.h:QShortcut","QShortcut","src/ui/include/abstractlogview.h",72,72,true,"class QMenu;
class QAction;
class QShortcut;
class HighlightersMenu;

",""
"Class:src/ui/include/abstractlogview.h:HighlightersMenu","HighlightersMenu","src/ui/include/abstractlogview.h",73,73,true,"class QAction;
class QShortcut;
class HighlightersMenu;

// Utility class representing a buffer for number entered on the keyboard
",""
"Class:src/ui/include/abstractlogview.h:DigitsBuffer","DigitsBuffer","src/ui/include/abstractlogview.h",77,101,true,"// Utility class representing a buffer for number entered on the keyboard
// The buffer keep at most 7 digits, and reset itself after a timeout.
class DigitsBuffer : public QObject {
    Q_OBJECT

  public:
    // Reset the buffer.
    void reset();
    // Add a single digit to the buffer (discarded if it's not a digit),
    // the timeout timer is reset.
    void add( char character );
    // Get the content of the buffer (0 if empty) and reset it.
    LineNumber::UnderlyingType content();

    bool isEmpty() const;

  protected:
    void timerEvent( QTimerEvent* event ) override;

  private:
    // Duration of the timeout in milliseconds.
    static constexpr int DigitsTimeout = 2000;

    QString digits_;

    QBasicTimer timer_;
};

class Overview;
",""
"Class:src/ui/include/abstractlogview.h:Overview","Overview","src/ui/include/abstractlogview.h",103,103,true,"};

class Overview;

// Base class representing the log view widget.
",""
"Class:src/ui/include/abstractlogview.h:AbstractLogView","AbstractLogView","src/ui/include/abstractlogview.h",107,503,true,"// Base class representing the log view widget.
// It can be either the top (full) or bottom (filtered) view.
class AbstractLogView : public QAbstractScrollArea, public SearchableWidgetInterface {
    Q_OBJECT

  public:
    // Constructor of the widget, the data set is passed.
    // The caller retains ownership of the data set.
    // The pointer to the QFP is used for colouring and QuickFind searches
    AbstractLogView( const AbstractLogData* newLogData, const QuickFindPattern* const quickFind,
                     QWidget* parent = nullptr );

    ~AbstractLogView() override;

    // rule of 5
    AbstractLogView( const AbstractLogView& ) = delete;
    AbstractLogView( AbstractLogView&& ) = delete;
    AbstractLogView& operator=( const AbstractLogView& ) = delete;
    AbstractLogView& operator=( AbstractLogView&& ) = delete;

    void updateFont( const QFont& font );

    // Refresh the widget when the data set has changed.
    void updateData();
    // Instructs the widget to update it's content geometry,
    // used when the font is changed.
    void updateDisplaySize();
    // Return the line number of the top line of the view
    LineNumber getTopLine() const;
    LineNumber visibleLineStart() const;
    LineNumber visibleLineEnd() const;
    // Return the text of the current selection.
    QString getSelectedText() const;
    // True for partial selection
    bool isPartialSelection() const;
    // Instructs the widget to select the whole text.
    void selectAll();

    bool isFollowEnabled() const
    {
        return followMode_;
    }

    bool isTextWrapEnabled() const
    {
        return useTextWrap_;
    }

    void allowFollowMode( bool allow );

    void setSearchPattern( const RegularExpressionPattern& pattern );

    using QuickHighlighters = QStringList;
    void setQuickHighlighters( const std::vector<QuickHighlighters>& wordHighlighters );

    void registerShortcuts();

  protected:
    void mousePressEvent( QMouseEvent* mouseEvent ) override;
    void mouseMoveEvent( QMouseEvent* mouseEvent ) override;
    void mouseReleaseEvent( QMouseEvent* ) override;
    void mouseDoubleClickEvent( QMouseEvent* mouseEvent ) override;
    void timerEvent( QTimerEvent* timerEvent ) override;
    void changeEvent( QEvent* changeEvent ) override;
    void paintEvent( QPaintEvent* paintEvent ) override;
    void resizeEvent( QResizeEvent* resizeEvent ) override;
    void scrollContentsBy( int dx, int dy ) override;
    void keyPressEvent( QKeyEvent* keyEvent ) override;
    void wheelEvent( QWheelEvent* wheelEvent ) override;
    bool event( QEvent* e ) override;

    // Must be implemented to return what LineType the line number is
    // (used for coloured bullets)
    virtual AbstractLogData::LineType lineType( LineNumber lineNumber ) const = 0;

    // Line number to display for line at the given index
    virtual LineNumber displayLineNumber( LineNumber lineNumber ) const;
    virtual LineNumber lineIndex( LineNumber lineNumber ) const;
    virtual LineNumber maxDisplayLineNumber() const;

    // Get the overview associated with this view, or NULL if there is none
    Overview* getOverview() const
    {
        return overview_;
    }
    // Set the Overview and OverviewWidget
    void setOverview( Overview* overview, OverviewWidget* overviewWidget );

    // Returns the current ""position"" of the view as a line number,
    // it is either the selected line or the middle of the view.
    LineNumber getViewPosition() const;

    virtual void doRegisterShortcuts();
    void registerShortcut( const std::string& action, std::function<void()> func );

  Q_SIGNALS:
    // Sent up to the MainWindow to enable/disable the follow mode
    void followModeChanged( bool enabled );
    // Sent when the view wants the QuickFind widget pattern to change.
    void changeQuickFind( const QString& newPattern, QuickFindMux::QFDirection newDirection );
    // Sent when a new line has been selected by the user
    void newSelection( LineNumber startLine, LinesCount nLines, LineColumn startCol,
                       LineLength nSymbols );
    // Sent up when quickFind wants to show a message to the user.
    void notifyQuickFind( const QFNotification& message );
    // Sent up when quickFind wants to clear the notification.
    void clearQuickFindNotification();
    // Sent when the view ask for a line to be marked
    // (click in the left margin).
    void markLines( const klogg::vector<LineNumber>& lines );
    // Sent up when the user wants to add the selection to the search
    void addToSearch( const QString& selection );
    // Sent up when the user wants to replace the search with the selection
    void replaceSearch( const QString& selection );
    void excludeFromSearch( const QString& selection );
    // Sent up when the mouse is hovered over a line's margin
    void mouseHoveredOverLine( Li
... [truncated]",""
"Class:src/settings/include/shortcuts.h:QWidget","QWidget","src/settings/include/shortcuts.h",28,28,true,"#include <QStringList>

class QWidget;
class QShortcut;

",""
"Class:src/settings/include/shortcuts.h:QShortcut","QShortcut","src/settings/include/shortcuts.h",29,29,true,"
class QWidget;
class QShortcut;

struct ShortcutAction {
",""
"Class:src/settings/include/persistentinfo.h:PersistentInfo","PersistentInfo","src/settings/include/persistentinfo.h",53,71,true,"};

class PersistentInfo {
  public:
    static QSettings& getSettings( app_settings );
    static QSettings& getSettings( session_settings );

  private:
    static const bool ForcePortable;

    explicit PersistentInfo();
    static PersistentInfo& getInstance();

    void PreparePortableSettings( const QString& portableConfigPath );
    void PrepareOsSettings();

    void UpdateSettings();

    std::unique_ptr<QSettings> appSettings_;
    std::unique_ptr<QSettings> sessionSettings_;
};
#endif
",""
"Class:src/settings/include/persistable.h:QSettings","QSettings","src/settings/include/persistable.h",28,28,true,"#include ""persistentinfo.h""

class QSettings;

template <typename T, typename SettingsType = app_settings>
",""
"Class:src/settings/include/persistable.h:Persistable","Persistable","src/settings/include/persistable.h",31,76,true,"
template <typename T, typename SettingsType = app_settings>
class Persistable {

  public:
    static T& get()
    {
        return getPersistable( false );
    }

    static T& getSynced()
    {
        auto& persistable = getPersistable( true );
        persistable.retrieve();
        return persistable;
    }

    void save() const
    {
        auto& settings = PersistentInfo::getSettings( SettingsType{} );
        static_cast<const T&>( *this ).saveToStorage( settings );
    }

  private:
    static T& getPersistable( bool willBeInitialized = false )
    {
        static bool persistableInitialized = false;
        if ( !persistableInitialized && !willBeInitialized ) {
            LOG_ERROR << ""Access to not initialized persistable "" << T::persistableName();
            throw std::logic_error( ""Access to not initialized persistable"" );
        }

        if ( !persistableInitialized ) {
            persistableInitialized = willBeInitialized;
        }

        static T persistable;
        return persistable;
    }

    void retrieve()
    {
        auto& settings = PersistentInfo::getSettings( SettingsType{} );

        settings.sync();
        static_cast<T&>( *this ).retrieveFromStorage( settings );
    }
};

#endif
",""
"Class:src/settings/include/configuration.h:Configuration","Configuration","src/settings/include/configuration.h",63,763,true,"
// Configuration class containing everything in the ""Settings"" dialog
class Configuration final : public Persistable<Configuration> {
  public:
    static const char* persistableName()
    {
        return ""Configuration"";
    }
    Configuration();

    // Accesses the main font used for display
    QFont mainFont() const;
    void setMainFont( QFont newFont );

    QString language() const
    {
        return language_;
    }

    void setLanguage( QString lang )
    {
        language_ = lang;
    }

    // Accesses the regexp types
    SearchRegexpType mainRegexpType() const
    {
        return mainRegexpType_;
    }
    SearchRegexpType quickfindRegexpType() const
    {
        return quickfindRegexpType_;
    }
    bool isQuickfindIncremental() const
    {
        return quickfindIncremental_;
    }
    void setMainRegexpType( SearchRegexpType type )
    {
        mainRegexpType_ = type;
    }
    void setQuickfindRegexpType( SearchRegexpType type )
    {
        quickfindRegexpType_ = type;
    }
    void setQuickfindIncremental( bool isIncremental )
    {
        quickfindIncremental_ = isIncremental;
    }

    // ""Advanced"" settings
    bool anyFileWatchEnabled() const
    {
        return nativeFileWatchEnabled() || pollingEnabled();
    }

    bool nativeFileWatchEnabled() const
    {
        return nativeFileWatchEnabled_;
    }
    void setNativeFileWatchEnabled( bool enabled )
    {
        nativeFileWatchEnabled_ = enabled;
    }
    bool pollingEnabled() const
    {
        return pollingEnabled_;
    }
    void setPollingEnabled( bool enabled )
    {
        pollingEnabled_ = enabled;
    }
    int pollIntervalMs() const
    {
        return pollIntervalMs_;
    }
    void setPollIntervalMs( int interval )
    {
        pollIntervalMs_ = interval;
    }

    bool fastModificationDetection() const
    {
        return fastModificationDetection_;
    }

    void setFastModificationDetection( bool fastDetection )
    {
        fastModificationDetection_ = fastDetection;
    }

    bool loadLastSession() const
    {
        return loadLastSession_;
    }
    void setLoadLastSession( bool enabled )
    {
        loadLastSession_ = enabled;
    }
    bool followFileOnLoad() const
    {
        return followFileOnLoad_;
    }
    void setFollowFileOnLoad( bool enabled )
    {
        followFileOnLoad_ = enabled;
    }
    bool allowMultipleWindows() const
    {
        return allowMultipleWindows_;
    }
    void setAllowMultipleWindows( bool enabled )
    {
        allowMultipleWindows_ = enabled;
    }

    // perf settings
    bool useParallelSearch() const
    {
        return useParallelSearch_;
    }
    void setUseParallelSearch( bool enabled )
    {
        useParallelSearch_ = enabled;
    }
    bool useSearchResultsCache() const
    {
        return useSearchResultsCache_;
    }
    void setUseSearchResultsCache( bool enabled )
    {
        useSearchResultsCache_ = enabled;
    }
    unsigned searchResultsCacheLines() const
    {
        return searchResultsCacheLines_;
    }
    void setSearchResultsCacheLines( unsigned lines )
    {
        searchResultsCacheLines_ = lines;
    }
    int indexReadBufferSizeMb() const
    {
        return indexReadBufferSizeMb_;
    }
    void setIndexReadBufferSizeMb( int bufferSizeMb )
    {
        indexReadBufferSizeMb_ = bufferSizeMb;
    }
    int searchReadBufferSizeLines() const
    {
        return searchReadBufferSizeLines_;
    }
    void setSearchReadBufferSizeLines( int lines )
    {
        searchReadBufferSizeLines_ = lines;
    }
    int searchThreadPoolSize() const
    {
        return searchThreadPoolSize_;
    }
    void setSearchThreadPoolSize( int threads )
    {
        searchThreadPoolSize_ = threads;
    }
    bool keepFileClosed() const
    {
        return keepFileClosed_;
    }
    void setKeepFileClosed( bool shouldKeepClosed )
    {
        keepFileClosed_ = shouldKeepClosed;
    }
    bool useCompressedIndex() const
    {
        return useCompressedIndex_;
    }
    void setUseCompressedIndex( bool useCompressedIndex )
    {
        useCompressedIndex_ = useCompressedIndex;
    }

    RegexpEngine regexpEngine() const
    {
        return regexpEngine_;
    }

    bool useHsCombinationBit() const
    {
        return useHsCombinationBit_;
    }
    void setUseHsCombinationBit( bool useIt )
    {
        useHsCombinationBit_ = useIt;
    }

    void setRegexpEnging( RegexpEngine engine )
    {
        regexpEngine_ = engine;
    }

    // Accessors
    bool versionCheckingEnabled() const
    {
        return enableVersionChecking_;
    }
    void setVersionCheckingEnabled( bool enabled )
    {
        enableVersionChecking_ = enabled;
    }

    // View settings
    bool isOverviewVisible() const
    {
      
... [truncated]",""
"Class:src/regex/include/regularexpression.h:PatternMatcher","PatternMatcher","src/regex/include/regularexpression.h",36,36,true,"

class PatternMatcher;
class MultiPatternMatcher;
class BooleanExpressionEvaluator;
",""
"Class:src/regex/include/regularexpression.h:MultiPatternMatcher","MultiPatternMatcher","src/regex/include/regularexpression.h",37,37,true,"
class PatternMatcher;
class MultiPatternMatcher;
class BooleanExpressionEvaluator;

",""
"Class:src/regex/include/regularexpression.h:BooleanExpressionEvaluator","BooleanExpressionEvaluator","src/regex/include/regularexpression.h",38,38,true,"class PatternMatcher;
class MultiPatternMatcher;
class BooleanExpressionEvaluator;

class RegularExpression {
",""
"Class:src/regex/include/regularexpression.h:RegularExpression","RegularExpression","src/regex/include/regularexpression.h",40,64,true,"class BooleanExpressionEvaluator;

class RegularExpression {
  public:
    explicit RegularExpression( const RegularExpressionPattern& pattern );

    std::unique_ptr<PatternMatcher> createMatcher() const;

    bool isValid() const;
    QString errorString() const;

  private:
    bool isInverse_ = false;
    bool isBooleanCombination_ = false;

    QString expression_;
    bool hasHsCombination_ = false;
    size_t combinationIndex_ = 0;
    klogg::vector<RegularExpressionPattern> subPatterns_;

    bool isValid_ = false;
    QString errorString_;

    HsRegularExpression hsExpression_;

    friend class PatternMatcher;
};

class PatternMatcher {
",""
"Class:src/regex/include/regularexpression.h:MultiRegularExpression","MultiRegularExpression","src/regex/include/regularexpression.h",90,108,true,"};

class MultiRegularExpression {
  public:
    explicit MultiRegularExpression( const klogg::vector<RegularExpressionPattern>& patterns );

    std::unique_ptr<MultiPatternMatcher> createMatcher() const;

    bool isValid() const;
    QString errorString() const;

  private:
    klogg::vector<RegularExpressionPattern> patterns_;

    bool isValid_ = false;
    QString errorString_;

    HsRegularExpression hsExpression_;

    friend class MultiPatternMatcher;
};

class MultiPatternMatcher {
",""
"Class:src/regex/include/hsregularexpression.h:DefaultRegularExpressionMatcher","DefaultRegularExpressionMatcher","src/regex/include/hsregularexpression.h",45,72,true,"using MatchedPatterns = std::string;

class DefaultRegularExpressionMatcher {
  public:
    explicit DefaultRegularExpressionMatcher(
        const klogg::vector<RegularExpressionPattern>& patterns )
    {
        std::transform(
            patterns.cbegin(), patterns.cend(), std::back_inserter( regexp_ ),
            []( const auto& pattern ) { return static_cast<QRegularExpression>( pattern ); } );
    }

    MatchedPatterns match( const std::string_view& utf8Data ) const
    {
        MatchedPatterns matchedPatterns( regexp_.size(), 0 );
        std::transform( regexp_.cbegin(), regexp_.cend(), matchedPatterns.begin(),
                        [ utf8Data ]( const auto& regexp ) {
                            return regexp
                                .match(
                                    QString::fromUtf8( utf8Data.data(), klogg::isize( utf8Data ) ) )
                                .hasMatch();
                            ;
                        } );

        return matchedPatterns;
    }

  private:
    klogg::vector<QRegularExpression> regexp_;
};

#ifdef KLOGG_HAS_HS
",""
"Class:src/regex/include/hsregularexpression.h:HsMatcher","HsMatcher","src/regex/include/hsregularexpression.h",91,107,true,"};

class HsMatcher {
  public:
    HsMatcher() = default;
    HsMatcher( HsDatabase database, HsScratch scratch, std::size_t numberOfPatterns );

    HsMatcher( const HsMatcher& ) = delete;
    HsMatcher& operator=( const HsMatcher& ) = delete;

    HsMatcher( HsMatcher&& other ) = default;
    HsMatcher& operator=( HsMatcher&& other ) = default;

  protected:
    HsDatabase database_;
    HsScratch scratch_;

    mutable HsMatcherContext context_;
};

class HsSingleMatcher : public HsMatcher {
",""
"Class:src/regex/include/hsregularexpression.h:HsSingleMatcher","HsSingleMatcher","src/regex/include/hsregularexpression.h",109,115,true,"};

class HsSingleMatcher : public HsMatcher {
  public:
    HsSingleMatcher() = default;
    HsSingleMatcher( HsDatabase database, HsScratch scratch );

    MatchedPatterns match( const std::string_view& utf8Data ) const;
};

class HsMultiMatcher : public HsMatcher {
",""
"Class:src/regex/include/hsregularexpression.h:HsMultiMatcher","HsMultiMatcher","src/regex/include/hsregularexpression.h",117,123,true,"};

class HsMultiMatcher : public HsMatcher {
  public:
    HsMultiMatcher() = default;
    HsMultiMatcher( HsDatabase database, HsScratch scratch, std::size_t numberOfPatterns );

    MatchedPatterns match( const std::string_view& utf8Data ) const;
};

class HsNoopMatcher {
",""
"Class:src/regex/include/hsregularexpression.h:HsNoopMatcher","HsNoopMatcher","src/regex/include/hsregularexpression.h",125,128,true,"};

class HsNoopMatcher {
  public:
    MatchedPatterns match( const std::string_view& utf8Data ) const;
};

class HsPrefilterMatcher {
",""
"Class:src/regex/include/hsregularexpression.h:HsPrefilterMatcher","HsPrefilterMatcher","src/regex/include/hsregularexpression.h",130,139,true,"};

class HsPrefilterMatcher {
  public:
    HsPrefilterMatcher(const klogg::vector<RegularExpressionPattern>& patterns, HsMultiMatcher&& hsMatcher);

    MatchedPatterns match( const std::string_view& utf8Data ) const;
  
  private:
    klogg::vector<RegularExpressionPattern> patterns_;
    HsMultiMatcher hsMatcher_;
};

using MatcherVariant
",""
"Class:src/regex/include/hsregularexpression.h:HsRegularExpression","HsRegularExpression","src/regex/include/hsregularexpression.h",145,178,true,"

class HsRegularExpression {
  public:
    HsRegularExpression() = default;
    explicit HsRegularExpression( const RegularExpressionPattern& includePattern );
    explicit HsRegularExpression( const klogg::vector<RegularExpressionPattern>& patterns,
                                  const std::string& combination = std::string{} );

    HsRegularExpression( const HsRegularExpression& ) = delete;
    HsRegularExpression& operator=( const HsRegularExpression& ) = delete;

    HsRegularExpression( HsRegularExpression&& other ) = default;
    HsRegularExpression& operator=( HsRegularExpression&& other ) = default;

    bool isValid() const;
    QString errorString() const;

    MatcherVariant createMatcher() const;

  private:
    bool isHsValid() const;

  private:
    HsDatabase database_;
    HsScratch scratch_;

    klogg::vector<RegularExpressionPattern> patterns_;
    std::string combinationExpression_;
    bool hasCombination_ = false;

    bool isValid_ = true;
    QString errorMessage_;

    bool isPrefilter_ = false;
};
#else

",""
"Class:src/regex/include/booleanevaluator.h:BooleanExpressionEvaluator","BooleanExpressionEvaluator","src/regex/include/booleanevaluator.h",26,61,true,"#include ""regularexpressionpattern.h""

class BooleanExpressionEvaluator {
  public:
    BooleanExpressionEvaluator( const std::string& expression,
                                const klogg::vector<RegularExpressionPattern>& patterns );

    bool isValid() const
    {
        return isValid_;
    }

    std::string errorString() const
    {
        return errorString_;
    }

    std::size_t variableCount() const
    {
        return variables_.size();
    }

    bool evaluate( std::string_view variables );

  private:
    bool isValid_ = true;
    std::string errorString_;

    

    exprtk::symbol_table<double> symbols_;
    exprtk::expression<double> expression_;
    exprtk::parser<double> parser_;

    klogg::vector<double*> variables_;

    double precomputedResults_[16];
};
",""
"Class:src/logdata/src/filedigest.cpp:DigestInternalState","DigestInternalState","src/logdata/src/filedigest.cpp",22,52,true,"#include ""xxhash.h""

class DigestInternalState {
  public:
    DigestInternalState()
    {
        m_state = XXH64_createState();
        reset();
    }

    ~DigestInternalState()
    {
        XXH64_freeState( m_state );
    }

    void addData( const char* data, size_t length )
    {
        XXH64_update( m_state, reinterpret_cast<const void*>( data ), length );
    }

    void reset()
    {
        XXH64_reset( m_state, 0 );
    }

    uint64_t digest() const
    {
        return XXH64_digest( m_state );
    }

  private:
    XXH64_state_t* m_state;
};

FileDigest::FileDigest()
",""
"Class:src/logdata/src/encodingdetector.cpp:UchardetHolder","UchardetHolder","src/logdata/src/encodingdetector.cpp",29,63,false,"namespace {

class UchardetHolder {
  public:
    UchardetHolder()
        : ud_{ uchardet_new() }
    {
    }
    ~UchardetHolder()
    {
        uchardet_delete( ud_ );
    }

    UchardetHolder( const UchardetHolder& ) = delete;
    UchardetHolder& operator=( const UchardetHolder& ) = delete;

    UchardetHolder( UchardetHolder&& other ) = delete;
    UchardetHolder& operator=( UchardetHolder&& other ) = delete;

    int handle_data( const char* data, size_t len )
    {
        return uchardet_handle_data( ud_, data, len );
    }

    void data_end()
    {
        uchardet_data_end( ud_ );
    }

    const char* get_charset()
    {
        return uchardet_get_charset( ud_ );
    }

  private:
    uchardet_t ud_;
};

} // namespace
",""
"Class:src/logdata/include/logfiltereddataworker.h:LogData","LogData","src/logdata/include/logfiltereddataworker.h",58,58,true,"#include ""synchronization.h""

class LogData;

// Class encapsulating a single matching line
",""
"Class:src/logdata/include/logfiltereddataworker.h:MatchingLine","MatchingLine","src/logdata/include/logfiltereddataworker.h",62,82,true,"// Class encapsulating a single matching line
// Contains the line number the line was found in and its content.
class MatchingLine {
public:
    MatchingLine( LineNumber line )
        : lineNumber_{ line }
    {
    }

    // Accessors
    LineNumber lineNumber() const
    {
        return lineNumber_;
    }

    bool operator<( const MatchingLine& other ) const
    {
        return lineNumber_ < other.lineNumber_;
    }

private:
    LineNumber lineNumber_;
};

// This is an array of matching lines.
",""
"Class:src/logdata/include/logfiltereddataworker.h:SearchData","SearchData","src/logdata/include/logfiltereddataworker.h",97,128,true,"// This class is a mutex protected set of search result data.
// It is thread safe.
class SearchData {
public:
    // will clear new matches
    SearchResults takeCurrentResults() const;

    // Atomically add to all the existing search data.
    void addAll( LineLength length, const SearchResultArray& matches, LinesCount nbMatches,
                 LinesCount nbLinesProcessed );
    // Get the number of matches
    LinesCount getNbMatches() const;
    // Get the last matched line number
    // That is ""last"" as in biggest, not latest
    // 0 if no matches have been found yet
    LineNumber getLastMatchedLineNumber() const;

    LineNumber getLastProcessedLine() const;

    // Delete the match for the passed line (if it exist)
    void deleteMatch( LineNumber line );

    // Atomically clear the data.
    void clear();

private:
    mutable SharedMutex dataMutex_;

    SearchResultArray matches_;
    mutable SearchResultArray newMatches_;
    LineLength maxLength_{ 0 };
    LinesCount nbLinesProcessed_{ 0 };
    LinesCount nbMatches_{ 0 };
};

class SearchOperation : public QObject {
",""
"Class:src/logdata/include/logfiltereddataworker.h:SearchOperation","SearchOperation","src/logdata/include/logfiltereddataworker.h",130,160,true,"};

class SearchOperation : public QObject {
    Q_OBJECT
public:
    SearchOperation( const LogData& sourceLogData, AtomicFlag& interruptRequested,
                     const RegularExpressionPattern& regExp,
                     std::shared_ptr<RegularExpression> compiledRegexp, LineNumber startLine,
                     LineNumber endLine, uint64_t searchGeneration );

    // Run the search operation, returns true if it has been done
    // and false if it has been cancelled (results not copied)
    virtual void run( SearchData& result ) = 0;

Q_SIGNALS:
    void searchProgressed( LinesCount nbMatches, int percent, LineNumber initialLine,
                           uint64_t searchGeneration );
    void searchFailed( QString errorMessage, uint64_t searchGeneration );
    void searchFinished();

protected:
    // Implement the common part of the search, passing
    // the shared results and the line to begin the search from.
    void doSearch( SearchData& result, LineNumber initialLine );

    AtomicFlag& interruptRequested_;
    const RegularExpressionPattern regexp_;
    std::shared_ptr<RegularExpression> compiledRegexp_;
    const LogData& sourceLogData_;
    LineNumber startLine_;
    LineNumber endLine_;
    const uint64_t searchGeneration_;
};

class FullSearchOperation : public SearchOperation {
",""
"Class:src/logdata/include/logfiltereddataworker.h:FullSearchOperation","FullSearchOperation","src/logdata/include/logfiltereddataworker.h",162,175,true,"};

class FullSearchOperation : public SearchOperation {
    Q_OBJECT
public:
    FullSearchOperation( const LogData& sourceLogData, AtomicFlag& interruptRequested,
                         const RegularExpressionPattern& regExp,
                         std::shared_ptr<RegularExpression> compiledRegexp, LineNumber startLine,
                         LineNumber endLine, uint64_t searchGeneration )
        : SearchOperation( sourceLogData, interruptRequested, regExp, std::move( compiledRegexp ),
                           startLine, endLine, searchGeneration )
    {
    }

    void run( SearchData& result ) override;
};

class UpdateSearchOperation : public SearchOperation {
",""
"Class:src/logdata/include/logfiltereddataworker.h:UpdateSearchOperation","UpdateSearchOperation","src/logdata/include/logfiltereddataworker.h",177,194,true,"};

class UpdateSearchOperation : public SearchOperation {
    Q_OBJECT
public:
    UpdateSearchOperation( const LogData& sourceLogData, AtomicFlag& interruptRequested,
                           const RegularExpressionPattern& regExp,
                           std::shared_ptr<RegularExpression> compiledRegexp, LineNumber startLine,
                           LineNumber endLine, LineNumber position, uint64_t searchGeneration )
        : SearchOperation( sourceLogData, interruptRequested, regExp, std::move( compiledRegexp ),
                           startLine, endLine, searchGeneration )
        , initialPosition_( position )
    {
    }

    void run( SearchData& result ) override;

private:
    LineNumber initialPosition_;
};

class LogFilteredDataWorker : public QObject {
",""
"Class:src/logdata/include/logfiltereddataworker.h:LogFilteredDataWorker","LogFilteredDataWorker","src/logdata/include/logfiltereddataworker.h",196,247,true,"};

class LogFilteredDataWorker : public QObject {
    Q_OBJECT

public:
    explicit LogFilteredDataWorker( const LogData& sourceLogData );
    ~LogFilteredDataWorker() noexcept override;

    LogFilteredDataWorker( const LogFilteredDataWorker& ) = delete;
    LogFilteredDataWorker& operator=( const LogFilteredDataWorker&& ) = delete;

    LogFilteredDataWorker( LogFilteredDataWorker&& ) = delete;
    LogFilteredDataWorker& operator=( LogFilteredDataWorker&& ) = delete;

    // Start the search with the passed regexp
    void search( const RegularExpressionPattern& regExp,
                 std::shared_ptr<RegularExpression> compiledRegexp, LineNumber startLine,
                 LineNumber endLine, uint64_t searchGeneration );
    // Continue the previous search starting at the passed position
    // in the source file (line number)
    void updateSearch( const RegularExpressionPattern& regExp,
                       std::shared_ptr<RegularExpression> compiledRegexp, LineNumber startLine,
                       LineNumber endLine, LineNumber position, uint64_t searchGeneration );

    // Interrupts the search if one is in progress
    void interrupt();

    // get the current indexing data
    SearchResults getSearchResults() const;

Q_SIGNALS:
    // Sent during the indexing process to signal progress
    // percent being the percentage of completion.
    void searchProgressed( LinesCount nbMatches, int percent, LineNumber initialLine,
                           uint64_t searchGeneration );
    void searchFailed( QString errorMessage, uint64_t searchGeneration );
    // Sent when indexing is finished, signals the client
    // to copy the new data back.
    void searchFinished();

private:
    void connectSignalsAndRun( SearchOperation* operationRequested );

private:
    const LogData& sourceLogData_;
    AtomicFlag interruptRequested_;

    QThreadPool operationsPool_;
    Mutex operationsMutex_;

    // Shared indexing data
    SearchData searchData_;
};

#endif
",""
"Class:src/logdata/include/logfiltereddata.h:LogData","LogData","src/logdata/include/logfiltereddata.h",60,60,true,"#include ""synchronization.h""

class LogData;
class QTimer;

",""
"Class:src/logdata/include/logfiltereddata.h:QTimer","QTimer","src/logdata/include/logfiltereddata.h",61,61,true,"
class LogData;
class QTimer;

// A list of matches found in a LogData, it stores all the matching lines,
",""
"Class:src/logdata/include/logfiltereddata.h:LogFilteredData","LogFilteredData","src/logdata/include/logfiltereddata.h",68,314,true,"// Constructing such objet does not start the search.
// This object should be constructed by a LogData.
class LogFilteredData : public AbstractLogData {
    Q_OBJECT

  public:
    // Constructor used by LogData
    explicit LogFilteredData( const LogData* logData );
    ~LogFilteredData() override;

    // Starts the async search, sending newDataAvailable() when new data found.
    // If a search is already in progress this function will block until
    // it is done, so the application should call interruptSearch() first.
    void runSearch( const RegularExpressionPattern& regExp, LineNumber startLine,
                    LineNumber endLine );
    // Reuse a precompiled expression to avoid recompiling for validation and run.
    void runSearch( const RegularExpressionPattern& regExp,
                    std::shared_ptr<RegularExpression> compiledRegExp, LineNumber startLine,
                    LineNumber endLine );
    // Shortcut for runSearch on all file
    void runSearch( const RegularExpressionPattern& regExp );

    // Incremental auto-refresh overview:
    // - Full scans are launched via runSearch() or after filter changes.
    // - updateSearch() reuses the compiled filter and scans only newly
    //   appended lines starting from the last processed line.
    // - lastSearchStart_/End_, fullScanCompleted_ and searchGeneration_
    //   expose the incremental state for diagnostics and tests.
    // Add to the existing search, starting at the line when the search was
    // last stopped. Used when the file on disk has been added too.
    void updateSearch( LineNumber startLine, LineNumber endLine );
    // Interrupt the running search if one is in progress.
    // Nothing is done if no search is in progress.
    void interruptSearch();
    // Clear the search and the list of results.
    void clearSearch( bool dropCache = false );

    // Returns the line number in the original LogData where the element
    // 'index' was found.
    LineNumber getMatchingLineNumber( LineNumber index ) const;
    // Returns the line 'index' in filterd log data that matches
    // given original line number
    LineNumber getLineIndexNumber( LineNumber lineNumber ) const;

    // Returns the number of lines in the source log data
    LinesCount getNbTotalLines() const;
    // Returns the number of matches (independently of the visibility)
    LinesCount getNbMatches() const;
    // Returns the number of marks (independently of the visibility)
    LinesCount getNbMarks() const;

    // Whether there is a compiled/active search expression.
    bool hasCurrentRegexp() const
    {
        return !currentRegExp_.pattern.isEmpty();
    }
    const RegularExpressionPattern& currentRegexp() const
    {
        return currentRegExp_;
    }

    // Last processed line for the current search (for incremental scans).
    LineNumber lastProcessedLine() const
    {
        return LineNumber( nbLinesProcessed_.get() );
    }

    // Diagnostics for incremental search pipeline (used in tests and debug).
    LineNumber lastSearchStart() const
    {
        return lastSearchStart_;
    }

    LineNumber lastSearchEnd() const
    {
        return lastSearchEnd_;
    }

    uint64_t searchGeneration() const
    {
        return searchGeneration_;
    }

    bool lastSearchWasIncremental() const
    {
        return lastSearchIncremental_;
    }

    bool fullScanCompleted() const
    {
        return fullScanCompleted_;
    }

    LineType lineTypeByIndex( LineNumber index ) const;
    LineType lineTypeByLine( LineNumber lineNumber ) const;

    // Marks interface (delegated to a Marks object)

    // Add a mark at the given line
    void addMark( LineNumber line );
    // Get the first mark after the line passed
    OptionalLineNumber getMarkAfter( LineNumber line ) const;
    // Get the first mark before the line passed
    OptionalLineNumber getMarkBefore( LineNumber line ) const;
    // Delete the mark present on the passed line
    void deleteMark( LineNumber line );
    // Toggle presence of the mark on the passed line.
    void toggleMark( LineNumber line );
    // Completely clear the marks list.
    void clearMarks();
    // Get all marked lines
    QList<LineNumber> getMarks() const;

    // Changes what the AbstractLogData returns via its getXLines/getNbLines
    // API.
    enum class VisibilityFlags {
        None = static_cast<LineType::Int>( LineTypeFlags::Plain ), // this is for internal use
        Matches = static_cast<LineType::Int>( LineTypeFlags::Match ),
        Marks = static_cast<LineType::Int>( LineTypeFlags::Mark ),
    };
    Q_ENUM( VisibilityFlags );
    Q_DECLARE_FLAGS( Visibility, VisibilityFlags )
    void setVisibility( Visibility visibility );
    Visibility visibility() const;

    void iterateOverLines( const std::function<void( LineNumber )>& callback ) const;
  Q_SIGNALS:

... [truncated]",""
"Class:src/logdata/include/logdataworker.h:IndexingDataAccessor","IndexingDataAccessor","src/logdata/include/logdataworker.h",77,185,true,"
template <typename Data, typename LockGuard>
class IndexingDataAccessor {
public:
    IndexingDataAccessor( Data data )
        : data_( data )
        , guard_( data->dataMutex_ )
    {
    }

    ~IndexingDataAccessor() = default;

    qint64 getIndexedSize() const
    {
        return data_->getIndexedSize();
    }

    IndexedHash getHash() const
    {
        return data_->getHash();
    }

    // Get the length of the longest line
    LineLength getMaxLength() const
    {
        return data_->getMaxLength();
    }

    // Get the total number of lines
    LinesCount getNbLines() const
    {
        return data_->getNbLines();
    }

    // Get the position (in byte from the beginning of the file)
    // of the end of the passed line.
    OffsetInFile getEndOfLineOffset( LineNumber line ) const
    {
        return data_->getEndOfLineOffset( line );
    }

    klogg::vector<OffsetInFile> getEndOfLineOffsets( LineNumber line, LinesCount count ) const
    {
      return data_->getEndOfLineOffsets(line, count);
    }

    // Get the guessed encoding for the content.
    QTextCodec* getEncodingGuess() const
    {
        return data_->getEncodingGuess();
    }
    void setEncodingGuess( QTextCodec* codec )
    {
        data_->setEncodingGuess( codec );
    }

    QTextCodec* getForcedEncoding() const
    {
        return data_->getForcedEncoding();
    }
    void forceEncoding( QTextCodec* codec )
    {
        return data_->forceEncoding( codec );
    }

    // Atomically add to all the existing
    // indexing data.
    void addAll( const klogg::vector<char>& block, LineLength length,
                 const FastLinePositionArray& linePosition, QTextCodec* encoding )
    {
        data_->addAll( block, length, linePosition, encoding );
    }

    void setHeaderHash( quint64 digest, qint64 size )
    {
        data_->hash_.headerSize = size;
        data_->hash_.headerDigest = digest;
    }

    void setTailHash( quint64 digest, qint64 offset, qint64 size )
    {
        data_->hash_.tailSize = size;
        data_->hash_.tailOffset = offset;
        data_->hash_.tailDigest = digest;
    }

    int getProgress() const
    {
        return data_->getProgress();
    }

    void setProgress( int progress )
    {
        data_->setProgress( progress );
    }

    // Completely clear the indexing data.
    void clear()
    {
        data_->clear();
    }

    size_t allocatedSize() const
    {
        return data_->allocatedSize();
    }

private:
    Data data_;
    LockGuard guard_;
};

// This class is a thread-safe set of indexing data.
",""
"Class:src/logdata/include/logdataworker.h:IndexingData","IndexingData","src/logdata/include/logdataworker.h",188,249,true,"
// This class is a thread-safe set of indexing data.
class IndexingData {
public:
    using ConstAccessor = IndexingDataAccessor<const IndexingData*, SharedLock>;
    using MutateAccessor = IndexingDataAccessor<IndexingData*, UniqueLock>;

private:
    qint64 getIndexedSize() const;

    IndexedHash getHash() const;

    // Get the length of the longest line
    LineLength getMaxLength() const;

    // Get the total number of lines
    LinesCount getNbLines() const;

    // Get the position (in byte from the beginning of the file)
    // of the end of the passed line.
    OffsetInFile getEndOfLineOffset( LineNumber line ) const;
    klogg::vector<OffsetInFile> getEndOfLineOffsets( LineNumber line, LinesCount count ) const;

    // Get the guessed encoding for the content.
    QTextCodec* getEncodingGuess() const;
    void setEncodingGuess( QTextCodec* codec );

    QTextCodec* getForcedEncoding() const;
    void forceEncoding( QTextCodec* codec );

    // Atomically add to all the existing
    // indexing data.
    void addAll( const klogg::vector<char>& block, LineLength length,
                 const FastLinePositionArray& linePosition, QTextCodec* encoding );

    // Completely clear the indexing data.
    void clear();

    size_t allocatedSize() const;

    int getProgress() const;
    void setProgress( int progress );

private:
    mutable SharedMutex dataMutex_;

    using LinePositionArrayType = std::variant<LinePositionArray, FastLinePositionArray>;
    LinePositionArrayType linePosition_;

    LineLength maxLength_;

    int progress_{};

    FileDigest hashBuilder_;
    IndexedHash hash_;

    QTextCodec* encodingGuess_{};
    QTextCodec* encodingForced_{};

    bool useFastModificationDetection_ = true;

    friend ConstAccessor;
    friend MutateAccessor;
};

struct IndexingState {
",""
"Class:src/logdata/include/logdataworker.h:IndexOperation","IndexOperation","src/logdata/include/logdataworker.h",266,308,true,"using OperationResult = std::variant<bool, MonitoredFileStatus>;

class IndexOperation : public QObject {
    Q_OBJECT
public:
    IndexOperation( const QString& fileName, const std::shared_ptr<IndexingData>& indexingData,
                    AtomicFlag& interruptRequest )
        : fileName_( fileName )
        , indexing_data_( indexingData )
        , interruptRequest_( interruptRequest )
    {
    }

    // Run the indexing operation, returns true if it has been done
    // and false if it has been cancelled (results not copied)
    virtual OperationResult run() = 0;

Q_SIGNALS:
    void indexingProgressed( int );
    void indexingFinished( bool );
    void fileCheckFinished( MonitoredFileStatus );

protected:
    using BlockBuffer = klogg::vector<char>;
    using BlockData = std::pair<OffsetInFile::UnderlyingType, BlockBuffer*>;
    using BlockPrefetcher = tbb::flow::limiter_node<BlockData>;

    // Returns the total size indexed
    // Modify the passed linePosition and maxLength
    void doIndex( OffsetInFile initialPosition );

    QString fileName_;
    std::shared_ptr<IndexingData> indexing_data_;
    AtomicFlag& interruptRequest_;

private:
    FastLinePositionArray parseDataBlock( OffsetInFile::UnderlyingType blockBegining,
                                          const BlockBuffer& block, IndexingState& state ) const;

    void guessEncoding( const BlockBuffer& block, IndexingData::MutateAccessor& scopedAccessor,
                        IndexingState& state ) const;

    std::chrono::microseconds readFileInBlocks( QFile& file, BlockPrefetcher& blockPrefetcher );
    void indexNextBlock( IndexingState& state, const BlockData& blockData );
};

class FullIndexOperation : public IndexOperation {
",""
"Class:src/logdata/include/logdataworker.h:FullIndexOperation","FullIndexOperation","src/logdata/include/logdataworker.h",310,323,true,"};

class FullIndexOperation : public IndexOperation {
    Q_OBJECT
public:
    FullIndexOperation( const QString& fileName, const std::shared_ptr<IndexingData>& indexingData,
                        AtomicFlag& interruptRequest, QTextCodec* forcedEncoding = nullptr )
        : IndexOperation( fileName, indexingData, interruptRequest )
        , forcedEncoding_( forcedEncoding )
    {
    }
    OperationResult run() override;

private:
    QTextCodec* forcedEncoding_;
};

class PartialIndexOperation : public IndexOperation {
",""
"Class:src/logdata/include/logdataworker.h:PartialIndexOperation","PartialIndexOperation","src/logdata/include/logdataworker.h",325,336,true,"};

class PartialIndexOperation : public IndexOperation {
    Q_OBJECT
public:
    PartialIndexOperation( const QString& fileName,
                           const std::shared_ptr<IndexingData>& indexingData,
                           AtomicFlag& interruptRequest )
        : IndexOperation( fileName, indexingData, interruptRequest )
    {
    }

    OperationResult run() override;
};

class CheckFileChangesOperation : public IndexOperation {
",""
"Class:src/logdata/include/logdataworker.h:CheckFileChangesOperation","CheckFileChangesOperation","src/logdata/include/logdataworker.h",338,352,true,"};

class CheckFileChangesOperation : public IndexOperation {
    Q_OBJECT
public:
    CheckFileChangesOperation( const QString& fileName,
                               const std::shared_ptr<IndexingData>& indexingData,
                               AtomicFlag& interruptRequest )
        : IndexOperation( fileName, indexingData, interruptRequest )
    {
    }

    OperationResult run() override;

private:
    MonitoredFileStatus doCheckFileChanges();
};

class LogDataWorker : public QObject {
",""
"Class:src/logdata/include/logdataworker.h:LogDataWorker","LogDataWorker","src/logdata/include/logdataworker.h",354,412,true,"};

class LogDataWorker : public QObject {
    Q_OBJECT

public:
    // Pass a pointer to the IndexingData (initially empty)
    // This object will change it when indexing (IndexingData must be thread safe!)
    explicit LogDataWorker( const std::shared_ptr<IndexingData>& indexing_data );
    ~LogDataWorker() noexcept override;

    LogDataWorker( const LogDataWorker& ) = delete;
    LogDataWorker& operator=( const LogDataWorker&& ) = delete;

    LogDataWorker( LogDataWorker&& ) = delete;
    LogDataWorker& operator=( LogDataWorker&& ) = delete;

    // Attaches to a file on disk. Attaching to a non existant file
    // will work, it will just appear as an empty file.
    void attachFile( const QString& fileName );
    // Instructs the thread to start a new full indexing of the file, sending
    // signals as it progresses.
    void indexAll( QTextCodec* forcedEncoding = nullptr );
    // Instructs the thread to start a partial indexing (starting at
    // the end of the file as indexed).
    void indexAdditionalLines();

    void checkFileChanges();

    // Interrupts the indexing if one is in progress
    void interrupt();

Q_SIGNALS:
    // Sent during the indexing process to signal progress
    // percent being the percentage of completion.
    void indexingProgressed( int percent );
    // Sent when indexing is finished, signals the client
    // to copy the new data back.
    void indexingFinished( LoadingStatus status );

    // Sent when check file is finished, signals the client
    // to copy the new data back.
    void checkFileChangesFinished( MonitoredFileStatus status );

private Q_SLOTS:
    void onIndexingFinished( bool result );
    void onCheckFileFinished( MonitoredFileStatus result );

private:
    OperationResult connectSignalsAndRun( IndexOperation* operationRequested );

    // Mutex to wait for operations
    QThreadPool operationsPool_;
    Mutex operationsMutex_;
    AtomicFlag interruptRequest_;

    QString fileName_;

    // Pointer to the owner's indexing data (we modify it)
    std::shared_ptr<IndexingData> indexing_data_;
};

#endif
",""
"Class:src/logdata/include/logdataoperation.h:LogDataOperation","LogDataOperation","src/logdata/include/logdataoperation.h",50,73,true,"// It exists to permit LogData to delay the operation if another
// one is ongoing (operations are asynchronous)
class LogDataOperation {
  public:
    LogDataOperation() = default;
    explicit LogDataOperation( const QString& fileName )
        : filename_( fileName )
    {
    }

    // Permit each child to have its destructor
    virtual ~LogDataOperation() = default;

    void start( LogDataWorker* workerThread ) const
    {
        doStart( *workerThread );
    }
    const QString& getFilename() const
    {
        return filename_;
    }

  protected:
    virtual void doStart( LogDataWorker& workerThread ) const = 0;
    QString filename_;
};

// Attaching a new file (change name + full index)
",""
"Class:src/logdata/include/logdataoperation.h:AttachOperation","AttachOperation","src/logdata/include/logdataoperation.h",76,85,true,"
// Attaching a new file (change name + full index)
class AttachOperation : public LogDataOperation {
  public:
    explicit AttachOperation( const QString& fileName )
        : LogDataOperation( fileName )
    {
    }

  protected:
    void doStart( LogDataWorker& workerThread ) const override;
};

// Reindexing the current file
",""
"Class:src/logdata/include/logdataoperation.h:FullReindexOperation","FullReindexOperation","src/logdata/include/logdataoperation.h",88,100,true,"
// Reindexing the current file
class FullReindexOperation : public LogDataOperation {
  public:
    explicit FullReindexOperation( QTextCodec* forcedEncoding = nullptr )
        : forcedEncoding_( forcedEncoding )
    {
    }

  protected:
    void doStart( LogDataWorker& workerThread ) const override;

  private:
    QTextCodec* forcedEncoding_;
};

// Indexing part of the current file (from fileSize)
",""
"Class:src/logdata/include/logdataoperation.h:PartialReindexOperation","PartialReindexOperation","src/logdata/include/logdataoperation.h",103,106,true,"
// Indexing part of the current file (from fileSize)
class PartialReindexOperation : public LogDataOperation {
  protected:
    void doStart( LogDataWorker& workerThread ) const override;
};

// Attaching a new file (change name + full index)
",""
"Class:src/logdata/include/logdataoperation.h:CheckDataChangesOperation","CheckDataChangesOperation","src/logdata/include/logdataoperation.h",109,112,true,"
// Attaching a new file (change name + full index)
class CheckDataChangesOperation : public LogDataOperation {
  protected:
    void doStart( LogDataWorker& workerThread ) const override;
};

class OperationQueue {
",""
"Class:src/logdata/include/logdataoperation.h:OperationQueue","OperationQueue","src/logdata/include/logdataoperation.h",114,147,true,"};

class OperationQueue {
  public:
    explicit OperationQueue( std::function<void()> beforeOperationStart );

    void setWorker( std::unique_ptr<LogDataWorker>&& worker );

    void interrupt();
    void shutdown();

    template <typename Op, typename... Args>
    void enqueueOperation( Args&&... args )
    {
        enqueueOperation( Op{ std::forward<Args>( args )... } );
    }

    void finishOperationAndStartNext();

  private:
    using OperationVariant = std::variant<std::monostate, AttachOperation, FullReindexOperation,
                                           PartialReindexOperation, CheckDataChangesOperation>;

    void enqueueOperation( OperationVariant&& operation );
    void tryStartPendingOperation();

    std::function<void()> beforeOperationStart_;

  private:
    mutable Mutex mutex_;
    
    OperationVariant executingOperation_;
    OperationVariant pendingOperation_;

    std::unique_ptr<LogDataWorker> worker_;
};

#endif",""
"Class:src/logdata/include/logdata.h:LogFilteredData","LogFilteredData","src/logdata/include/logdata.h",60,60,true,"#include ""logdataworker.h""

class LogFilteredData;

// Thrown when trying to attach an already attached LogData
",""
"Class:src/logdata/include/logdata.h:CantReattachErr","CantReattachErr","src/logdata/include/logdata.h",63,64,true,"
// Thrown when trying to attach an already attached LogData
class CantReattachErr {
};

// Represents a complete set of data to be displayed (ie. a log file content)
",""
"Class:src/logdata/include/logdata.h:LogData","LogData","src/logdata/include/logdata.h",68,185,true,"// Represents a complete set of data to be displayed (ie. a log file content)
// This class is thread-safe.
class LogData : public AbstractLogData {
    Q_OBJECT

  public:
    LogData();
    ~LogData();

    LogData( const LogData& ) = delete;
    LogData& operator=( const LogData&& ) = delete;

    LogData( LogData&& ) = delete;
    LogData& operator=( LogData&& ) = delete;

    // Attaches the LogData to a file on disk
    // It starts the asynchronous indexing and returns (almost) immediately
    // Attaching to a non existant file works and the file is reported
    // to be empty.
    // Reattaching is forbidden and will throw.
    void attachFile( const QString& fileName );
    // Interrupt the loading and report a null file.
    // Does nothing if no loading in progress.
    void interruptLoading();
    // Creates a new filtered data.
    // ownership is passed to the caller
    std::unique_ptr<LogFilteredData> getNewFilteredData() const;
    // Returns the size if the file in bytes
    qint64 getFileSize() const;
    // Returns the last modification date for the file.
    // Null if the file is not on disk.
    QDateTime getLastModifiedDate() const;
    // Throw away all the file data and reload/reindex.
    void reload( QTextCodec* forcedEncoding = nullptr );

    // Get the auto-detected encoding for the indexed text.
    QTextCodec* getDetectedEncoding() const;

    void setPrefilter(const QString& prefilterPattern);

    struct RawLines {
        LineNumber startLine;

        klogg::vector<char> buffer;
        klogg::vector<qint64> endOfLines;

        TextDecoder textDecoder;

        QRegularExpression prefilterPattern;

      public:
        klogg::vector<QString> decodeLines() const;
        klogg::vector<std::string_view> buildUtf8View() const;

      private:
        mutable klogg::vector<char> utf8Data_;
    };

    RawLines getLinesRaw( LineNumber first, LinesCount number ) const;

  Q_SIGNALS:
    // Sent during the 'attach' process to signal progress
    // percent being the percentage of completion.
    void loadingProgressed( int percent );
    // Signal the client the file is fully loaded and available.
    void loadingFinished( LoadingStatus status );
    // Sent when the file on disk has changed, will be followed
    // by loadingProgressed if needed and then a loadingFinished.
    void fileChanged( MonitoredFileStatus status );

  private Q_SLOTS:
    // Consider reloading the file when it changes on disk updated
    void fileChangedOnDisk( const QString& filename );
    // Called when the worker thread signals the current operation ended
    void indexingFinished( LoadingStatus status );
    // Called when the worker thread signals the current operation ended
    void checkFileChangesFinished( MonitoredFileStatus status );

  private:
    // Implementation of virtual functions
    QString doGetLineString( LineNumber line ) const override;
    QString doGetExpandedLineString( LineNumber line ) const override;
    klogg::vector<QString> doGetLines( LineNumber first, LinesCount number ) const override;
    klogg::vector<QString> doGetExpandedLines( LineNumber first, LinesCount number ) const override;
    LineNumber doGetLineNumber( LineNumber index ) const override;
    LinesCount doGetNbLine() const override;
    LineLength doGetMaxLength() const override;
    LineLength doGetLineLength( LineNumber line ) const override;
    void doSetDisplayEncoding( const char* encoding ) override;
    QTextCodec* doGetDisplayEncoding() const override;
    void doAttachReader() const override;
    void doDetachReader() const override;

    void reOpenFile() const;

    klogg::vector<QString> getLinesFromFile( LineNumber first, LinesCount number,
                                           QString ( *processLine )( QString&& ) ) const;

  private:
    mutable std::unique_ptr<FileHolder> attached_file_;

    // Indexing data, read by us, written by the worker thread
    std::shared_ptr<IndexingData> indexing_data_;

    OperationQueue operationQueue_;

    QString indexingFileName_;
    // mutable std::unique_ptr<QFile> attached_file_;
    // mutable FileId attached_file_id_;

    bool keepFileClosed_;

    QDateTime lastModifiedDate_;

    // Codec to decode text
    TextCodecHolder codec_;
    MonitoredFileStatus fileChangedOnDisk_;

    QString prefilterPattern_;
};

#endif
",""
"Class:src/logdata/include/linetypes.h:FilePosition","FilePosition","src/logdata/include/linetypes.h",269,303,true,"
// Represents a position in a file (line, column)
class FilePosition {
public:
    FilePosition()
        : column_{ -1 }
    {
    }
    FilePosition( LineNumber line, LineColumn column )
        : line_{ line }
        , column_{ column }
    {
    }

    LineNumber line() const
    {
        return line_;
    }
    LineColumn column() const
    {
        return column_;
    }

    bool operator==( const FilePosition& other ) const
    {
        return line_ == other.line_ && column_ == other.column_;
    }

    bool operator!=( const FilePosition& other ) const
    {
        return !this->operator==( other );
    }

private:
    LineNumber line_;
    LineColumn column_;
};

// Length of a tab stop
",""
"Class:src/logdata/include/linepositionarray.h:SimpleLinePositionStorage","SimpleLinePositionStorage","src/logdata/include/linepositionarray.h",53,132,true,"#include ""log.h""

class SimpleLinePositionStorage {
public:
    SimpleLinePositionStorage()
    {
        storage_.reserve( 10000 );
    }

    SimpleLinePositionStorage( const SimpleLinePositionStorage& ) = delete;
    SimpleLinePositionStorage& operator=( const SimpleLinePositionStorage& ) = delete;

    SimpleLinePositionStorage( SimpleLinePositionStorage&& ) = default;
    SimpleLinePositionStorage& operator=( SimpleLinePositionStorage&& ) = default;

    // Append the passed end-of-line to the storage
    void append( OffsetInFile pos )
    {
        storage_.push_back( pos );
    }

    void push_back( OffsetInFile pos )
    {
        append( pos );
    }

    // Size of the array
    LinesCount size() const
    {
        return LinesCount( static_cast<LinesCount::UnderlyingType>( storage_.size() ) );
    }

    size_t allocatedSize() const
    {
        return storage_.size() * sizeof( OffsetInFile );
    }

    // Element at index
    OffsetInFile at( size_t i ) const
    {
        return storage_.at( i );
    }

    OffsetInFile at( LineNumber i ) const
    {
        return at( i.get() );
    }

    klogg::vector<OffsetInFile> range( LineNumber firstLine, LinesCount count ) const
    {
        klogg::vector<OffsetInFile> result;
        result.reserve( count.get() );
        const int64_t beginIndex = static_cast<int64_t>( firstLine.get() );
        const int64_t endIndex = std::min( beginIndex + static_cast<int64_t>( count.get() ),
                                           static_cast<int64_t>( storage_.size() ) );

        std::copy_n( storage_.begin() + beginIndex, endIndex - beginIndex,
                     std::back_inserter( result ) );

        return result;
    }

    // Add one list to the other
    void append_list( const SimpleLinePositionStorage& positions )
    {
        storage_.insert( storage_.end(), positions.storage_.begin(), positions.storage_.end() );
    }

    // Pop the last element of the storage
    void pop_back()
    {
        storage_.pop_back();
    }

    operator const klogg::vector<OffsetInFile>&() const
    {
        return storage_;
    }

private:
    klogg::vector<OffsetInFile> storage_;
};

// This class is a list of end of lines position,
",""
"Class:src/logdata/include/linepositionarray.h:LinePosition","LinePosition","src/logdata/include/linepositionarray.h",139,222,true,"// files) and remove it when more data are added.
template <typename Storage>
class LinePosition {
public:
    template <typename>
    friend class LinePosition;

    LinePosition() = default;
    LinePosition( const LinePosition& ) = delete;
    LinePosition& operator=( const LinePosition& ) = delete;

    LinePosition( LinePosition&& orig ) noexcept
    {
        *this = std::move( orig );
    }

    LinePosition& operator=( LinePosition&& orig ) noexcept
    {
        array = std::move( orig.array );
        fakeFinalLF_ = orig.fakeFinalLF_;
        return *this;
    }

    // Add a new line position at the given position
    // Invariant: pos must be greater than the previous one
    // (this is NOT checked!)
    inline void append( OffsetInFile pos )
    {
        if ( fakeFinalLF_ )
            array.pop_back();

        array.push_back( pos );
        fakeFinalLF_ = false;
    }
    // Size of the array
    inline LinesCount size() const
    {
        return array.size();
    }

    size_t allocatedSize() const
    {
        return array.allocatedSize();
    }

    // Extract an element
    inline OffsetInFile at( LineNumber::UnderlyingType i ) const
    {
        const auto pos = array.at( i );
        // LOG_DEBUG << ""Line pos at "" << i << "" is "" << pos;
        return pos;
    }

    klogg::vector<OffsetInFile> range( LineNumber firstLine, LinesCount count ) const
    {
        return array.range( firstLine, count );
    }

    // Set the presence of a fake final LF
    // Must be used after 'append'-ing a fake LF at the end.
    void setFakeFinalLF( bool finalLF = true )
    {
        fakeFinalLF_ = finalLF;
    }

    // Add another list to this one, removing any fake LF on this list.
    // Invariant: all pos in other must be greater than any pos in this
    // (this is NOT checked!)
    void append_list( const LinePosition<SimpleLinePositionStorage>& other )
    {
        // If our final LF is fake, we remove it
        if ( fakeFinalLF_ )
            this->array.pop_back();

        // Append the arrays
        this->array.append_list( other.array );
        // array += other.array;

        // In case the 'other' object has a fake LF
        this->fakeFinalLF_ = other.fakeFinalLF_;
    }

private:
    Storage array;
    bool fakeFinalLF_ = false;
};

// Use the non-optimised storage
",""
"Class:src/logdata/include/fileholder.h:ScopedFileHolder","ScopedFileHolder","src/logdata/include/fileholder.h",20,44,true,"};

template <typename T> class ScopedFileHolder {
  public:
    explicit ScopedFileHolder( T* file )
        : file_holder_( file )
    {
        file_holder_->lock();
        file_holder_->attachReader();
    }

    ~ScopedFileHolder()
    {
        file_holder_->unlock();
        file_holder_->detachReader();
    }

    QFile* getFile()
    {
        return file_holder_->getFile();
    }

  private:
    Q_DISABLE_COPY( ScopedFileHolder<T> )

    T* file_holder_;
};

class FileHolder {
",""
"Class:src/logdata/include/fileholder.h:FileHolder","FileHolder","src/logdata/include/fileholder.h",46,81,true,"};

class FileHolder {
    friend class ScopedFileHolder<FileHolder>;

  public:
    explicit FileHolder( bool keepClosed );
    ~FileHolder();
    FileId getFileId();
    qint64 size();

    bool isOpen();

    void open( const QString& fileName );

    void lock();
    void unlock();

    void attachReader();
    void detachReader();

    void reOpenFile();

  private:
    Q_DISABLE_COPY( FileHolder )

    QFile* getFile();

  private:
    RecursiveMutex file_mutex_;

    QString file_name_;
    std::unique_ptr<QFile> attached_file_;
    FileId attached_file_id_;

    uint32_t counter_ = 0;
    bool keep_closed_ = false;
};

#endif // FILEHOLDER_H
",""
"Class:src/logdata/include/filedigest.h:DigestInternalState","DigestInternalState","src/logdata/include/filedigest.h",25,25,true,"#include <QByteArray>

class DigestInternalState;

class FileDigest {
",""
"Class:src/logdata/include/filedigest.h:FileDigest","FileDigest","src/logdata/include/filedigest.h",27,42,true,"class DigestInternalState;

class FileDigest {
  public:
    FileDigest();
    ~FileDigest();

    FileDigest& addData( const char* data, size_t length );
    FileDigest& addData( const QByteArray& data );
    uint64_t digest() const;

    QByteArray hash() const;

    void reset();

  private:
    std::unique_ptr<DigestInternalState> m_state;
};

#endif // KLOGG_FILEDIGEST_H
",""
"Class:src/logdata/include/encodingdetector.h:QTextCodec","QTextCodec","src/logdata/include/encodingdetector.h",28,28,true,"#include <memory>

class QTextCodec;
class QTextDecoder;

",""
"Class:src/logdata/include/encodingdetector.h:QTextDecoder","QTextDecoder","src/logdata/include/encodingdetector.h",29,29,true,"
class QTextCodec;
class QTextDecoder;

struct EncodingParameters {
",""
"Class:src/logdata/include/encodingdetector.h:EncodingDetector","EncodingDetector","src/logdata/include/encodingdetector.h",62,82,true,"};

class EncodingDetector {
  public:
    static EncodingDetector& getInstance()
    {
        static EncodingDetector instance;
        return instance;
    }

    EncodingDetector( const EncodingDetector& ) = delete;
    EncodingDetector& operator=( const EncodingDetector& ) = delete;
    EncodingDetector( const EncodingDetector&& ) = delete;
    EncodingDetector& operator=( const EncodingDetector&& ) = delete;

    QTextCodec* detectEncoding( const klogg::vector<char>& block ) const;

  private:
    EncodingDetector() = default;
    ~EncodingDetector() = default;

    mutable SharedMutex mutex_;
};

struct TextDecoder {
",""
"Class:src/logdata/include/encodingdetector.h:TextCodecHolder","TextCodecHolder","src/logdata/include/encodingdetector.h",89,105,true,"};

class TextCodecHolder {
  public:
    explicit TextCodecHolder( QTextCodec* codec );

    void setCodec( QTextCodec* codec );

    QTextCodec* codec() const;
    EncodingParameters encodingParameters() const;
    int mibEnum() const;

    TextDecoder makeDecoder() const;

  private:
    QTextCodec* codec_;
    EncodingParameters encodingParams_;
    mutable SharedMutex mutex_;
};

#endif // ENCODINGDETECTOR_H
",""
"Class:src/logdata/include/compressedlinestorage.h:CompressedLinePositionStorage","CompressedLinePositionStorage","src/logdata/include/compressedlinestorage.h",34,102,true,"#define SIMDCOMPRESSEDLINESTORAGE_H

class CompressedLinePositionStorage {
public:
    CompressedLinePositionStorage();

    // Copy constructor would be slow, delete!
    CompressedLinePositionStorage( const CompressedLinePositionStorage& orig ) = delete;
    CompressedLinePositionStorage& operator=( const CompressedLinePositionStorage& orig ) = delete;

    CompressedLinePositionStorage( CompressedLinePositionStorage&& orig ) noexcept;
    CompressedLinePositionStorage& operator=( CompressedLinePositionStorage&& orig ) noexcept;

    ~CompressedLinePositionStorage() = default;

    // Append the passed end-of-line to the storage
    void append( OffsetInFile pos );
    void push_back( OffsetInFile pos )
    {
        append( pos );
    }

    // Size of the array
    LinesCount size() const
    {
        return nbLines_;
    }

    size_t allocatedSize() const;

    // Element at index
    OffsetInFile at( size_t i ) const
    {
        return at( LineNumber( i ) );
    }
    OffsetInFile at( LineNumber i ) const;

    klogg::vector<OffsetInFile> range( LineNumber firstLine, LinesCount count ) const;

    // Add one list to the other
    void append_list( const klogg::vector<OffsetInFile>& positions );

    // Pop the last element of the storage
    void pop_back();

private:
    // Utility for move ctor/assign
    void move_from( CompressedLinePositionStorage&& orig ) noexcept;

    void compress_current_block();
    void uncompress_last_block();
    struct BlockMetadata {
        OffsetInFile firstLineOffset{};
        size_t packetStorageOffset{};
    };

    klogg::vector<BlockMetadata> blocks_;
    klogg::vector<uint8_t> packedLinesStorage_;
    size_t packedLinesStorageUsedSize_ = 0;

    klogg::vector<OffsetInFile> currentLinesBlock_;
    klogg::vector<uint32_t> currentLinesBlockShifted_;

    // Total number of lines in storage
    LinesCount nbLines_;

    // Current position (position of the end of the last line added)
    OffsetInFile lastPos_;

    bool canUseSimdSelect_{ false };
};

#endif
",""
"Class:src/logdata/include/abstractlogdata.h:AbstractLogData","AbstractLogData","src/logdata/include/abstractlogdata.h",50,118,true,"// Base class representing a set of data.
// It can be either a full set or a filtered set.
class AbstractLogData : public QObject {
    Q_OBJECT

  public:
    // Returns the line passed as a QString
    QString getLineString( LineNumber line ) const;
    // Returns the line passed as a QString, with tabs expanded
    QString getExpandedLineString( LineNumber line ) const;
    // Returns a set of lines as a QStringList
    klogg::vector<QString> getLines( LineNumber first_line, LinesCount number ) const;
    // Returns a set of lines with tabs expanded
    klogg::vector<QString> getExpandedLines( LineNumber first_line, LinesCount number ) const;
    // Returns the line numer
    LineNumber getLineNumber( LineNumber index ) const;
    // Returns the total number of lines
    LinesCount getNbLine() const;
    // Returns the visible length of the longest line
    // Tabs are expanded
    LineLength getMaxLength() const;
    // Returns the visible length of the passed line
    // Tabs are expanded
    LineLength getLineLength( LineNumber line ) const;

    // Set the view to use the passed encoding for display
    void setDisplayEncoding( const char* encoding_name );
    // Configure how the view shall interpret newline characters
    // this should be non zero for encodings where \n is encoded
    // in multiple bytes (e.g. UTF-16)
    void setMultibyteEncodingOffsets( int before_cr, int after_cr );

    QTextCodec* getDisplayEncoding() const;

    void attachReader() const;
    void detachReader() const;

    // The ""type"" of a line, which will appear in the FilteredView
    enum class LineTypeFlags {
        Plain = 0, // 0 can be checked like a proper flag in QFlags
        Match = 1 << 0,
        Mark = 1 << 1,
    };
    Q_DECLARE_FLAGS( LineType, LineTypeFlags )

  protected:
    // Internal function called to get a given line
    virtual QString doGetLineString( LineNumber line ) const = 0;
    // Internal function called to get a given line
    virtual QString doGetExpandedLineString( LineNumber line ) const = 0;
    // Internal function called to get a set of lines
    virtual klogg::vector<QString> doGetLines( LineNumber first_line, LinesCount number ) const = 0;
    // Internal function called to get a set of expanded lines
    virtual klogg::vector<QString> doGetExpandedLines( LineNumber first_line,
                                                     LinesCount number ) const = 0;

    // Internal function called to get the index of given line
    virtual LineNumber doGetLineNumber( LineNumber index ) const = 0;
    // Internal function called to get the number of lines
    virtual LinesCount doGetNbLine() const = 0;
    // Internal function called to get the maximum length
    virtual LineLength doGetMaxLength() const = 0;
    // Internal function called to get the line length
    virtual LineLength doGetLineLength( LineNumber line ) const = 0;
    // Internal function called to set the encoding
    virtual void doSetDisplayEncoding( const char* encoding ) = 0;
    virtual QTextCodec* doGetDisplayEncoding() const = 0;

    virtual void doAttachReader() const = 0;
    virtual void doDetachReader() const = 0;
};

Q_DECLARE_OPERATORS_FOR_FLAGS( AbstractLogData::LineType )
",""
"Class:src/filewatch/src/filewatcher.cpp:EfswFileWatcher","EfswFileWatcher","src/filewatch/src/filewatcher.cpp",71,329,true,"} // namespace

class EfswFileWatcher final : public efsw::FileWatchListener {
  public:
    explicit EfswFileWatcher( FileWatcher* parent )
        : parent_{ parent }
    {
    }

    void enableWatch( bool enable )
    {
        ScopedRecursiveLock lock( mutex_ );

        if ( nativeWatchEnabled_ == enable ) {
            return;
        }

        nativeWatchEnabled_ = enable;

        if ( enable ) {
            for ( auto& dir : watchedPaths_ ) {
                LOG_INFO << ""Will reenable watch for "" << dir.name;
                dir.watchId = watcher_.addWatch( dir.name, this, false );
            }
        }
        else {
            for ( const auto& dir : watchedPaths_ ) {
                LOG_INFO << ""Will disable watch for "" << dir.name;
                watcher_.removeWatch( dir.watchId );
            }
        }
    }

    void addFile( const QString& fullFileName )
    {
        ScopedRecursiveLock lock( mutex_ );

        LOG_DEBUG << fullFileName.toStdString();

        const QFileInfo fileInfo = QFileInfo( fullFileName );

        auto watchedFile
            = WatchedFile{ fileInfo.fileName().toStdString(),
                           fileInfo.lastModified().toMSecsSinceEpoch(), fileInfo.size() };

        const auto directory = fileInfo.absolutePath().toStdString();

        const auto wasEmpty = watchedPaths_.empty();

        auto watchedDirectory
            = std::find_if( watchedPaths_.begin(), watchedPaths_.end(),
                            [ &directory ]( const auto& wd ) { return wd.name == directory; } );

        const auto tryWatchDirectory = [ this ]( const std::string& path ) {
            auto watchId = nativeWatchEnabled_ ? watcher_.addWatch( path, this, false ) : -111;

            if ( watchId < 0 ) {
                LOG_WARNING << ""failed to add watch "" << path << "" error "" << watchId;
            }

            return watchId;
        };

        if ( watchedDirectory == watchedPaths_.end() ) {
            watchedPaths_.push_back(
                { tryWatchDirectory( directory ), directory, { std::move( watchedFile ) } } );
        }
        else {

            if ( isOnlyForPolling( *watchedDirectory ) ) {
                watchedDirectory->watchId = tryWatchDirectory( directory );
            }

            if ( std::find( watchedDirectory->files.begin(), watchedDirectory->files.end(),
                            watchedFile.name )
                 != watchedDirectory->files.end() ) {
                LOG_DEBUG << ""already watching "" << watchedFile.name << "" in "" << directory;
                return;
            }

            watchedDirectory->files.emplace_back( std::move( watchedFile ) );
        }

        if ( wasEmpty ) {
            watcher_.watch();
        }
    }

    void removeFile( const QString& fullFileName )
    {
        ScopedRecursiveLock lock( mutex_ );

        LOG_DEBUG << fullFileName.toStdString();

        const QFileInfo fileInfo = QFileInfo( fullFileName );

        const auto directory = fileInfo.absolutePath().toStdString();

        auto watchedDirectory
            = std::find_if( watchedPaths_.begin(), watchedPaths_.end(),
                            [ &directory ]( const auto& wd ) { return wd.name == directory; } );

        if ( watchedDirectory != watchedPaths_.end() ) {
            const auto filename = fileInfo.fileName().toStdString();

            auto& files = watchedDirectory->files;

            auto watchedFile = std::find( files.begin(), files.end(), filename );

            if ( watchedFile != files.end() ) {
                files.erase( watchedFile );
            }

            if ( files.empty() ) {

                if ( !isOnlyForPolling( *watchedDirectory ) ) {
                    watcher_.removeWatch( watchedDirectory->watchId );
                }

                watchedPaths_.erase( watchedDirectory );
            }
        }
        else {
            LOG_WARNING << ""The file is not watched"";
        }

        for ( const auto& d : watcher_.directories() ) {
            LOG_INFO << ""Directories still watched: "" << d;
        }
    }

    void checkWatches()
    {
        const auto collectChangedFiles = [ this ]() {
            ScopedRecursiveLock lock( mutex_ );

            std::vector<QString> changedFiles;

            for ( auto& dir : watchedPaths_ ) {
                for ( auto& file : dir.files ) {
                    const auto path
                        = QDir::cleanPath( QString::fromStdString( dir.name ) + QDir::separator()
                                           + QString::fromStdString( file.name ) );

                    const auto fileInfo = QFileInfo{ path };

                    auto watchedFile = WatchedFile{ fileInfo.fileName().toStdString(),
                                                    fileInfo.lastModified().toMSecsSinceEpoch(),
        
... [truncated]",""
"Class:src/filewatch/include/filewatcher.h:EfswFileWatcher","EfswFileWatcher","src/filewatch/include/filewatcher.h",45,45,true,"#include <memory>

class EfswFileWatcher;
class QTimer;

",""
"Class:src/filewatch/include/filewatcher.h:QTimer","QTimer","src/filewatch/include/filewatcher.h",46,46,true,"
class EfswFileWatcher;
class QTimer;

namespace KDToolBox {
",""
"Class:src/filewatch/include/filewatcher.h:KDGenericSignalThrottler","KDGenericSignalThrottler","src/filewatch/include/filewatcher.h",49,49,true,"
namespace KDToolBox {
class KDGenericSignalThrottler;
}

",""
"Class:src/filewatch/include/filewatcher.h:FileWatcher","FileWatcher","src/filewatch/include/filewatcher.h",56,100,true,"};

class FileWatcher : public QObject {
    Q_OBJECT
  public:
    FileWatcher( const FileWatcher& ) = delete;
    FileWatcher( FileWatcher&& ) = delete;

    FileWatcher& operator=( const FileWatcher& ) = delete;
    FileWatcher& operator=( FileWatcher&& ) = delete;

    static FileWatcher& getFileWatcher();

    // Adds the file to the list of file to watch
    // (do nothing if a file is already monitored)
    void addFile( const QString& fileName );

    // Removes the file to the list of file to watch
    // (do nothing if said file is not monitored)
    void removeFile( const QString& fileName );

    void updateConfiguration();

  public Q_SLOTS:
    void fileChangedOnDisk( const QString& );

  Q_SIGNALS:
    // Sent when the file on disk has changed in any way.
    void fileChanged( const QString& );
    void notifyFileChangedOnDisk();


  private Q_SLOTS:
    void checkWatches();
    void sendChangesNotifications();

  private:
    // Create an empty object
    FileWatcher();
    ~FileWatcher() override; // for complete EfswFileWatcher

    QTimer* checkTimer_;
    KDToolBox::KDGenericSignalThrottler* throttler_;
    std::vector<QString> changes_;

    std::unique_ptr<EfswFileWatcher, EfswFileWatcherDeleter> efswWatcher_;
};

#endif
",""
"Class:src/logging/src/logger.cpp:Logger","Logger","src/logging/src/logger.cpp",42,181,true,"void kloggNoopMessageHandler( QtMsgType, const QMessageLogContext&, const QString& ) {}

class Logger {
  public:
    static Logger& instance()
    {
        static Logger l;
        return l;
    }

    void fileMessageHandler( QtMsgType type, const QMessageLogContext& context, const QString& msg )
    {
        if ( !needLogging( type ) ) {
            return;
        }
        
        const auto formattedMessage = qFormatLogMessage( type, context, msg );
        const auto messageToPrint = formattedMessage.toUtf8();

        ScopedLock lock( mutex_ );
        QTextStream ts( logFile_.get() );
        ts << messageToPrint << '\n';

        if ( isConsoleLogEnabled_ ) {
            std::cout << messageToPrint.constData() << std::endl;
        }
    }

    void consoleMessageHandler( QtMsgType type, const QMessageLogContext& context,
                                const QString& msg )
    {
        if ( !needLogging( type ) ) {
            return;
        }

        const auto formattedMessage = qFormatLogMessage( type, context, msg );
        const auto messageToPrint = formattedMessage.toUtf8();

        ScopedLock lock( mutex_ );
        std::cout << messageToPrint.constData() << std::endl;
    }

    void enableLogging( bool isEnabled, uint8_t logLevel )
    {
        ScopedLock lock( mutex_ );

        qSetMessagePattern( ""%{time} %{type} [%{threadid}] [%{function}@%{line}] %{message}"" );

        isConsoleLogEnabled_ = isEnabled;
        logLevel_ = logLevel;

        setMessageHandler();
    }

    void enableFileLogging( bool isEnabled, uint8_t logLevel )
    {
        ScopedLock lock( mutex_ );

        qSetMessagePattern( ""%{time} %{type} [%{threadid}] [%{function}@%{line}] %{message}"" );

        isFileLogEnabled_ = isEnabled;
        logLevel_ = logLevel;

        if ( isEnabled && !logFile_ ) {
            auto logFileName
                = QString( ""klogg_%1_%2.log"" )
                      .arg( QDateTime::currentDateTime().toString( ""yyyy-MM-dd_HH-mm-ss"" ) )
                      .arg( QCoreApplication::applicationPid() );

            logFile_ = std::make_unique<QFile>( QDir::temp().filePath( logFileName ) );
            if ( !logFile_->open( QIODevice::WriteOnly | QIODevice::Append ) ) {
                logFile_.reset();
            }
        }
        else if ( !isEnabled && logFile_ ) {
            logFile_.reset();
        }

        setMessageHandler();
    }

    bool isAnyEnabled() const
    {
        return isConsoleLogEnabled_ || isFileLogEnabled_;
    }

    bool needLogging( QtMsgType type ) const
    {
        if ( !isAnyEnabled() || static_cast<uint8_t>( logLevel( type ) ) > logLevel_ ) {
            return false;
        }
        return true;
    }

  private:
    Logger() = default;

    void setMessageHandler()
    {
        if ( !isAnyEnabled() ) {
            qInstallMessageHandler( logging::kloggNoopMessageHandler );
        }
        else if ( logFile_ ) {
            qInstallMessageHandler( logging::kloggFileMessageHandler );
        }
        else {
            qInstallMessageHandler( logging::kloggConsoleMessageHandler );
        }
    }

  private:
    static LogLevel logLevel( QtMsgType type )
    {
        switch ( type ) {
        case QtFatalMsg:
            return LogLevel::Fatal;
        case QtCriticalMsg:
            return LogLevel::Error;

        case QtWarningMsg:
            return LogLevel::Warning;

        case QtInfoMsg:
            return LogLevel::Info;
        case QtDebugMsg:
            return LogLevel::Debug;
        default:
            return LogLevel::Info;
        }
    }

  private:
    mutable std::shared_mutex mutex_;
    using ScopedLock = std::unique_lock<std::shared_mutex>;

    std::atomic_bool isConsoleLogEnabled_ = false;
    std::atomic_bool isFileLogEnabled_ = false;

    std::atomic_int logLevel_ = 0;

    std::unique_ptr<QFile> logFile_;
};

void enableLogging( bool isEnabled, LogLevel logLevel )
",""
"Class:src/crash_handler/include/issuereporter.h:IssueReporter","IssueReporter","src/crash_handler/include/issuereporter.h",26,33,true,"enum class IssueTemplate { Crash, Exception, Bug };

class IssueReporter {
  public:
    static void askUserAndReportIssue( IssueTemplate issueTemplate,
                                       const QString& information = {},
                                       const QString& localReportPath = {} );
    static void reportIssue( IssueTemplate issueTemplate, const QString& information = {},
                             const QString& localReportPath = {} );
};

#endif
",""
"Class:src/crash_handler/include/crashhandler.h:QTimer","QTimer","src/crash_handler/include/crashhandler.h",26,26,true,"#include <memory>

class QTimer;
class CrashHandler {
  public:
",""
"Class:src/crash_handler/include/crashhandler.h:CrashHandler","CrashHandler","src/crash_handler/include/crashhandler.h",27,34,true,"
class QTimer;
class CrashHandler {
  public:
    CrashHandler();
    ~CrashHandler();

  private:
    std::unique_ptr<QTimer> memoryUsageTimer_;
};
#else
class CrashHandler {
",""
"Class:src/app/python_runtime/klogg/test.py:ScenarioFailure","ScenarioFailure","src/app/python_runtime/klogg/test.py",14,15,true,"

class ScenarioFailure(AssertionError):
    pass


",""
"Class:src/app/python_runtime/klogg/test.py:ScenarioSkip","ScenarioSkip","src/app/python_runtime/klogg/test.py",18,19,true,"

class ScenarioSkip(Exception):
    pass


",""
"Class:src/app/python_runtime/klogg/test.py:_StepContext","_StepContext","src/app/python_runtime/klogg/test.py",34,54,false,"
@dataclass
class _StepContext:
    name: str
    started_at: str = field(default_factory=_utc_now)
    finished_at: str = """"
    status: str = ""running""
    error: str = """"
    traceback: str = """"
    artifacts: List[Dict[str, Any]] = field(default_factory=list)
    metrics: List[Dict[str, Any]] = field(default_factory=list)

    def to_dict(self) -> Dict[str, Any]:
        return {
            ""name"": self.name,
            ""startedAt"": self.started_at,
            ""finishedAt"": self.finished_at,
            ""status"": self.status,
            ""error"": self.error,
            ""traceback"": self.traceback,
            ""artifacts"": deepcopy(self.artifacts),
            ""metrics"": deepcopy(self.metrics),
        }


",""
"Class:src/app/python_runtime/klogg/test.py:_ScenarioContext","_ScenarioContext","src/app/python_runtime/klogg/test.py",58,90,false,"
@dataclass
class _ScenarioContext:
    name: str
    file_path: str
    args_json_file: str = """"
    tags: List[str] = field(default_factory=list)
    started_at: str = field(default_factory=_utc_now)
    finished_at: str = """"
    status: str = ""running""
    error: str = """"
    traceback: str = """"
    artifacts: List[Dict[str, Any]] = field(default_factory=list)
    metrics: List[Dict[str, Any]] = field(default_factory=list)
    steps: List[Dict[str, Any]] = field(default_factory=list)
    active_steps: List[_StepContext] = field(default_factory=list)

    def current_step(self) -> Optional[_StepContext]:
        return self.active_steps[-1] if self.active_steps else None

    def to_dict(self) -> Dict[str, Any]:
        return {
            ""name"": self.name,
            ""file"": self.file_path,
            ""argsJsonFile"": self.args_json_file,
            ""tags"": list(self.tags),
            ""startedAt"": self.started_at,
            ""finishedAt"": self.finished_at,
            ""status"": self.status,
            ""error"": self.error,
            ""traceback"": self.traceback,
            ""artifacts"": deepcopy(self.artifacts),
            ""metrics"": deepcopy(self.metrics),
            ""steps"": deepcopy(self.steps),
        }


",""
"Class:src/app/python_runtime/klogg/exceptions.py:KloggError","KloggError","src/app/python_runtime/klogg/exceptions.py",0,5,true,"class KloggError(RuntimeError):
    def __init__(self, code: str, message: str, payload=None):
        super().__init__(message or code)
        self.code = code
        self.message = message
        self.payload = payload or {}
",""
"Class:src/app/python_runtime/klogg/client.py:ReceiveEvent","ReceiveEvent","src/app/python_runtime/klogg/client.py",29,40,true,"
@dataclass
class ReceiveEvent:
    tab_id: str
    window_index: int
    tab_index: int
    file_path: str
    port_name: str
    text: str
    raw_bytes: bytes
    hex_string: str
    timestamp: str
    display_name: str = """"
    window_id: str = """"


",""
"Class:src/app/python_runtime/klogg/client.py:ResponseEvent","ResponseEvent","src/app/python_runtime/klogg/client.py",44,58,true,"
@dataclass
class ResponseEvent:
    tab_id: str
    window_index: int
    tab_index: int
    file_path: str
    port_name: str
    matched_text: str
    raw_bytes: bytes
    hex_string: str
    timestamp: str
    response_id: int
    response_name: str
    counter: int
    display_name: str = """"
    window_id: str = """"


",""
"Class:src/app/python_runtime/klogg/client.py:SendEvent","SendEvent","src/app/python_runtime/klogg/client.py",62,73,true,"
@dataclass
class SendEvent:
    tab_id: str
    window_index: int
    tab_index: int
    file_path: str
    port_name: str
    text: str
    raw_bytes: bytes
    hex_string: str
    timestamp: str
    display_name: str = """"
    window_id: str = """"


",""
"Class:src/app/python_runtime/klogg/client.py:ActionSendEvent","ActionSendEvent","src/app/python_runtime/klogg/client.py",77,91,true,"
@dataclass
class ActionSendEvent:
    tab_id: str
    window_index: int
    tab_index: int
    file_path: str
    port_name: str
    text: str
    raw_bytes: bytes
    hex_string: str
    timestamp: str
    action_id: int
    action_name: str
    step_index: int = -1
    display_name: str = """"
    window_id: str = """"


",""
"Class:src/app/python_runtime/klogg/client.py:TabLifecycleEvent","TabLifecycleEvent","src/app/python_runtime/klogg/client.py",95,105,true,"
@dataclass
class TabLifecycleEvent:
    tab_id: str
    window_index: int
    tab_index: int
    file_path: str
    display_name: str
    window_id: str
    source_type: str
    port_name: str
    timestamp: str
    event_type: str


",""
"Class:src/app/python_runtime/klogg/client.py:CommLifecycleEvent","CommLifecycleEvent","src/app/python_runtime/klogg/client.py",109,119,true,"
@dataclass
class CommLifecycleEvent:
    tab_id: str
    window_index: int
    tab_index: int
    file_path: str
    display_name: str
    window_id: str
    source_type: str
    port_name: str
    timestamp: str
    event_type: str


",""
"Class:src/app/python_runtime/klogg/client.py:_RpcClient","_RpcClient","src/app/python_runtime/klogg/client.py",122,619,false,"

class _RpcClient:
    MAX_EVENT_QUEUE = 1000

    def __init__(self) -> None:
        port = os.environ.get(""CILOGG_SCRIPT_PORT"", """")
        token = os.environ.get(""CILOGG_SCRIPT_TOKEN"", """")
        if not port or not token:
            raise RuntimeError(""klogg scripting environment is not initialized"")

        self._token = token
        self._sock = socket.create_connection((""127.0.0.1"", int(port)))
        self._reader = self._sock.makefile(""r"", encoding=""utf-8"", newline=""\n"")
        self._next_id = 1
        self._script_args = _load_script_args()
        self._write_lock = threading.Lock()
        self._response_condition = threading.Condition()
        self._event_condition = threading.Condition()
        self._pending: Dict[int, Optional[Dict[str, Any]]] = {}
        self._event_queue: Deque[Dict[str, Any]] = deque()
        self._closed = False
        self._local_stop_requested = False
        self._dropped_events = 0
        self._receive_handlers: Dict[str, List[Callable[[ReceiveEvent], Any]]] = {}
        self._response_handlers: Dict[str, List[Tuple[Callable[[ResponseEvent], Any], Optional[int], str]]] = {}
        self._send_handlers: Dict[str, List[Callable[[SendEvent], Any]]] = {}
        self._action_send_handlers: Dict[str, List[Tuple[Callable[[ActionSendEvent], Any], Optional[int], str]]] = {}
        self._app_receive_handlers: List[Tuple[Callable[[ReceiveEvent], Any], str, str]] = []
        self._app_response_handlers: List[Tuple[Callable[[ResponseEvent], Any], Optional[int], str, str, str]] = []
        self._app_send_handlers: List[Tuple[Callable[[SendEvent], Any], str, str]] = []
        self._app_action_send_handlers: List[Tuple[Callable[[ActionSendEvent], Any], Optional[int], str, str, str]] = []
        self._tab_open_handlers: List[Callable[[TabLifecycleEvent], Any]] = []
        self._tab_close_handlers: List[Callable[[TabLifecycleEvent], Any]] = []
        self._comm_start_handlers: List[Callable[[CommLifecycleEvent], Any]] = []
        self._comm_stop_handlers: List[Callable[[CommLifecycleEvent], Any]] = []
        self._timers: Dict[int, Dict[str, Any]] = {}
        self._next_timer_id = 1
        self._reader_thread = threading.Thread(target=self._reader_loop, name=""cilogg-rpc-reader"", daemon=True)
        self._reader_thread.start()

    @property
    def script_args(self) -> Any:
        return self._script_args

    def _send_message(self, payload: Dict[str, Any]) -> None:
        raw = json.dumps(payload, separators=("","", "":""))
        with self._write_lock:
            self._sock.sendall(raw.encode(""utf-8"") + b""\n"")

    def _send_notification(self, method: str, params: Optional[Dict[str, Any]] = None) -> None:
        try:
            self._send_message(
                {
                    ""token"": self._token,
                    ""method"": method,
                    ""params"": params or {},
                    ""notification"": True,
                }
            )
        except OSError:
            pass

    def _reader_loop(self) -> None:
        try:
            while True:
                line = self._reader.readline()
                if not line:
                    break

                payload = json.loads(line)
                if ""id"" in payload:
                    request_id = int(payload[""id""])
                    with self._response_condition:
                        self._pending[request_id] = payload
                        self._response_condition.notify_all()
                    continue

                if payload.get(""type"") == ""event"":
                    self._queue_event(payload.get(""event"", {}))
        finally:
            self._closed = True
            with self._response_condition:
                self._response_condition.notify_all()
            with self._event_condition:
                self._event_condition.notify_all()

    def _queue_event(self, event: Dict[str, Any]) -> None:
        with self._event_condition:
            if len(self._event_queue) >= self.MAX_EVENT_QUEUE:
                self._event_queue.popleft()
                self._dropped_events += 1
                self._send_notification(""report_event_stats"", {""droppedEvents"": self._dropped_events})
            self._event_queue.append(event)
            self._event_condition.notify_all()

    def request(self, method: str, params: Optional[Dict[str, Any]] = None) -> Dict[str, Any]:
        request_id = self._next_id
        self._next_id += 1
        with self._response_condition:
            self._pending[request_id] = None

        self._send_message(
            {
                ""id"": request_id,
                ""token"": self._token,
                ""method"": method,
                ""params"": params or {},
            }
        )

        with self._response_condition:
            while self._pending.get(request_id) is None and not self._closed:
      
... [truncated]",""
"Class:src/app/python_runtime/klogg/client.py:TabRef","TabRef","src/app/python_runtime/klogg/client.py",632,793,true,"

class TabRef:
    def __init__(self, tab_id: Optional[str] = None, window_index: Optional[int] = None,
                 tab_index: Optional[int] = None) -> None:
        self._selector: Dict[str, Any] = {}
        if tab_id:
            self._selector[""tabId""] = tab_id
        if window_index is not None:
            self._selector[""windowIndex""] = int(window_index)
        if tab_index is not None:
            self._selector[""tabIndex""] = int(tab_index)

    @classmethod
    def from_info(cls, tab_info: Dict[str, Any], window_index: int) -> ""TabRef"":
        return cls(tab_id=tab_info.get(""tabId""),
                   window_index=window_index,
                   tab_index=tab_info.get(""tabIndex""))

    def _update_selector(self, info: Dict[str, Any]) -> None:
        tab_id = info.get(""tabId"")
        if tab_id:
            self._selector[""tabId""] = tab_id
        if info.get(""windowIndex"") is not None:
            self._selector[""windowIndex""] = int(info[""windowIndex""])
        if info.get(""tabIndex"") is not None:
            self._selector[""tabIndex""] = int(info[""tabIndex""])

    def _ensure_tab_id(self) -> str:
        tab_id = self._selector.get(""tabId"", """")
        if tab_id:
            return tab_id
        info = self.info()
        self._update_selector(info)
        tab_id = self._selector.get(""tabId"", """")
        if not tab_id:
            raise KloggError(""NotFound"", ""Tab was not found"", {})
        return str(tab_id)

    def info(self) -> Dict[str, Any]:
        info = _get_client().command(""get_info"")
        for window in info.get(""windows"", []):
            for tab in window.get(""tabs"", []):
                if self._selector.get(""tabId"") and tab.get(""tabId"") == self._selector[""tabId""]:
                    return tab
                if (
                    self._selector.get(""windowIndex"") == window.get(""windowIndex"")
                    and self._selector.get(""tabIndex"") == tab.get(""tabIndex"")
                ):
                    return tab
        raise KloggError(""NotFound"", ""Tab was not found"", {})

    def _command(self, action: str, **extra: Any) -> Dict[str, Any]:
        payload = dict(self._selector)
        payload.update(extra)
        return _get_client().command(action, **payload)

    def send_action(self, action_id: int) -> Dict[str, Any]:
        return self._command(""send_action"", entityId=int(action_id))

    def wait_response(self, *, response_id: Optional[int] = None, name: Optional[str] = None,
                      timeout_ms: int = 1000) -> Dict[str, Any]:
        request: Dict[str, Any] = {""timeoutMs"": int(timeout_ms)}
        if response_id is not None:
            request[""entityId""] = int(response_id)
        if name:
            request[""entityName""] = name
        return self._command(""wait_response"", **request)

    def start_comm(self) -> Dict[str, Any]:
        return self._command(""start_comm"")

    def stop_comm(self) -> Dict[str, Any]:
        return self._command(""stop_comm"")

    def get_comm_status(self) -> Dict[str, Any]:
        return self._command(""get_comm_status"")

    def start_logging(self) -> Dict[str, Any]:
        return self._command(""start_logging"")

    def stop_logging(self) -> Dict[str, Any]:
        return self._command(""stop_logging"")

    def add_comment(self, text: str, *, timestamp: bool = False) -> Dict[str, Any]:
        return self._command(""add_comment"", commentText=text, timestampComment=bool(timestamp))

    def get_response_counter(self, *, response_id: Optional[int] = None,
                             name: Optional[str] = None, all: bool = False) -> Dict[str, Any]:
        payload: Dict[str, Any] = {}
        if response_id is not None:
            payload[""entityId""] = int(response_id)
        if name:
            payload[""entityName""] = name
        if all:
            payload[""allEntities""] = True
        return self._command(""get_response_counter"", **payload)

    def reset_response_counter(self, *, response_id: Optional[int] = None,
                               name: Optional[str] = None, all: bool = False) -> Dict[str, Any]:
        payload: Dict[str, Any] = {}
        if response_id is not None:
            payload[""entityId""] = int(response_id)
        if name:
            payload[""entityName""] = name
        if all:
            payload[""allEntities""] = True
        return self._command(""reset_response_counter"", **payload)

    def get_filters(self, *, predefined: bool = False) -> Dict[str, Any]:
        return self._command(""get_filters"", predefinedFilters=bool(predefined))

    def set_filter(self, *, filter_id: Optional[str] = None, filter_index: Optional[int] = None,
                   filter_string: Optional[str] = None, predefined: bool = False,
                   search: bool = False, auto_refresh: bool = False) -> Dict[str, Any]:
        payload: Dict[str, Any] = {
            ""predefin
... [truncated]",""
"Class:src/app/python_runtime/klogg/client.py:Application","Application","src/app/python_runtime/klogg/client.py",796,980,true,"

class Application:
    def get_info(self) -> Dict[str, Any]:
        return _get_client().command(""get_info"")

    def get_actions(self) -> List[Dict[str, Any]]:
        return _get_client().command(""get_actions"").get(""actions"", [])

    def get_responses(self) -> List[Dict[str, Any]]:
        return _get_client().command(""get_responses"").get(""responses"", [])

    def tabs(self) -> List[TabRef]:
        result: List[TabRef] = []
        info = self.get_info()
        for window in info.get(""windows"", []):
            window_index = window.get(""windowIndex"")
            for tab in window.get(""tabs"", []):
                result.append(TabRef.from_info(tab, window_index))
        return result

    def live_tabs(self) -> List[TabRef]:
        result: List[TabRef] = []
        info = self.get_info()
        for window in info.get(""windows"", []):
            window_index = window.get(""windowIndex"")
            for tab in window.get(""tabs"", []):
                if tab.get(""sourceType"") != ""com"":
                    continue
                com_info = tab.get(""com"", {})
                if not com_info.get(""connected"", False):
                    continue
                result.append(TabRef.from_info(tab, window_index))
        return result

    def find_tabs(self, *, port_name: Optional[str] = None, source_type: Optional[str] = None) -> List[TabRef]:
        result: List[TabRef] = []
        requested_port = (port_name or """").lower()
        for tab in self.tabs():
            info = tab.info()
            if source_type and info.get(""sourceType"") != source_type:
                continue
            com_info = info.get(""com"", {})
            if requested_port and com_info.get(""portName"", """").lower() != requested_port:
                continue
            result.append(tab)
        return result

    def current_tab(self) -> TabRef:
        info = self.get_info()
        for window in info.get(""windows"", []):
            if not window.get(""isActiveWindow"", False):
                continue
            current_tab_id = window.get(""currentTabId"")
            current_tab_index = window.get(""currentTabIndex"")
            if current_tab_id:
                return TabRef(tab_id=current_tab_id)
            if current_tab_index is not None:
                return TabRef(window_index=window.get(""windowIndex""), tab_index=current_tab_index)
        raise KloggError(""NotFound"", ""No active tab was found"", {})

    def tab(self, *, tab_id: Optional[str] = None,
            window_index: Optional[int] = None, tab_index: Optional[int] = None) -> TabRef:
        return TabRef(tab_id=tab_id, window_index=window_index, tab_index=tab_index)

    def create_action(self, definition: Dict[str, Any]) -> Dict[str, Any]:
        return _get_client().command(""create_action"", definitionPayload=definition)

    def update_action(self, action_id: int, definition: Dict[str, Any]) -> Dict[str, Any]:
        return _get_client().command(""update_action"", entityId=int(action_id),
                                     definitionPayload=definition)

    def delete_action(self, action_id: int) -> Dict[str, Any]:
        return _get_client().command(""delete_action"", entityId=int(action_id))

    def create_response(self, definition: Dict[str, Any]) -> Dict[str, Any]:
        return _get_client().command(""create_response"", definitionPayload=definition)

    def update_response(self, response_id: int, definition: Dict[str, Any]) -> Dict[str, Any]:
        return _get_client().command(""update_response"", entityId=int(response_id),
                                     definitionPayload=definition)

    def delete_response(self, response_id: int) -> Dict[str, Any]:
        return _get_client().command(""delete_response"", entityId=int(response_id))

    def run_action_crud(self, operation: str, **kwargs: Any) -> Dict[str, Any]:
        return _get_client().command(f""{operation}_action"", **kwargs)

    def run_response_crud(self, operation: str, **kwargs: Any) -> Dict[str, Any]:
        return _get_client().command(f""{operation}_response"", **kwargs)

    def script_args(self) -> Any:
        return _get_client().script_args

    def on_receive(
        self, handler: Callable[[ReceiveEvent], Any], *, tab_id: Optional[str] = None,
        port_name: Optional[str] = None
    ) -> None:
        selector: Dict[str, Any] = {}
        if tab_id:
            selector[""tabId""] = tab_id
        if port_name:
            selector[""portName""] = port_name
        _get_client().subscribe_event(selector, ""receive"")
        _get_client().register_app_receive_handler(
            handler, tab_id=tab_id or """", port_name=port_name or """"
        )

    def on_response(
        self, handler: Callable[[ResponseEvent], Any], *, response_id: Optional[int] = None,
        name: Optional[str] = None, tab_id: Optional[str] = None, port_name: Optional[str] = None
    ) -> None
... [truncated]",""
