id,name,filePath,startLine,endLine,isExported,content,description
"Function:tools/run-clang-tidy.py:find_compilation_database","find_compilation_database","tools/run-clang-tidy.py",59,67,true,"    import queue as queue

def find_compilation_database(path):
  """"""Adjusts the directory until a compilation database is found.""""""
  result = './'
  while not os.path.isfile(os.path.join(result, path)):
    if os.path.realpath(result) == '/':
      print('Error: could not find compilation database.')
      sys.exit(1)
    result += '../'
  return os.path.realpath(result)


",""
"Function:tools/run-clang-tidy.py:make_absolute","make_absolute","tools/run-clang-tidy.py",70,73,true,"

def make_absolute(f, directory):
  if os.path.isabs(f):
    return f
  return os.path.normpath(os.path.join(directory, f))


",""
"Function:tools/run-clang-tidy.py:get_tidy_invocation","get_tidy_invocation","tools/run-clang-tidy.py",76,102,true,"

def get_tidy_invocation(f, clang_tidy_binary, checks, tmpdir, build_path,
                        header_filter, extra_arg, extra_arg_before, quiet):
  """"""Gets a command line for clang-tidy.""""""
  start = [clang_tidy_binary]
  if header_filter is not None:
    start.append('-header-filter=' + header_filter)
  else:
    # Show warnings in all in-project headers by default.
    start.append('-header-filter=^' + build_path + '/.*')
  if checks:
    start.append('-checks=' + checks)
  if tmpdir is not None:
    start.append('-export-fixes')
    # Get a temporary file. We immediately close the handle so clang-tidy can
    # overwrite it.
    (handle, name) = tempfile.mkstemp(suffix='.yaml', dir=tmpdir)
    os.close(handle)
    start.append(name)
  for arg in extra_arg:
      start.append('-extra-arg=%s' % arg)
  for arg in extra_arg_before:
      start.append('-extra-arg-before=%s' % arg)
  start.append('-p=' + build_path)
  if quiet:
      start.append('-quiet')
  start.append(f)
  return start


",""
"Function:tools/run-clang-tidy.py:merge_replacement_files","merge_replacement_files","tools/run-clang-tidy.py",105,127,true,"

def merge_replacement_files(tmpdir, mergefile):
  """"""Merge all replacement files in a directory into a single file""""""
  # The fixes suggested by clang-tidy >= 4.0.0 are given under
  # the top level key 'Diagnostics' in the output yaml files
  mergekey=""Diagnostics""
  merged=[]
  for replacefile in glob.iglob(os.path.join(tmpdir, '*.yaml')):
    content = yaml.safe_load(open(replacefile, 'r'))
    if not content:
      continue # Skip empty files.
    merged.extend(content.get(mergekey, []))

  if merged:
    # MainSourceFile: The key is required by the definition inside
    # include/clang/Tooling/ReplacementsYaml.h, but the value
    # is actually never used inside clang-apply-replacements,
    # so we set it to '' here.
    output = { 'MainSourceFile': '', mergekey: merged }
    with open(mergefile, 'w') as out:
      yaml.safe_dump(output, out)
  else:
    # Empty the file:
    open(mergefile, 'w').close()


",""
"Function:tools/run-clang-tidy.py:check_clang_apply_replacements_binary","check_clang_apply_replacements_binary","tools/run-clang-tidy.py",130,138,true,"

def check_clang_apply_replacements_binary(args):
  """"""Checks if invoking supplied clang-apply-replacements binary works.""""""
  try:
    subprocess.check_call([args.clang_apply_replacements_binary, '--version'])
  except:
    print('Unable to run clang-apply-replacements. Is clang-apply-replacements '
          'binary correctly specified?', file=sys.stderr)
    traceback.print_exc()
    sys.exit(1)


",""
"Function:tools/run-clang-tidy.py:apply_fixes","apply_fixes","tools/run-clang-tidy.py",141,149,true,"

def apply_fixes(args, tmpdir):
  """"""Calls clang-apply-fixes on a given directory.""""""
  invocation = [args.clang_apply_replacements_binary]
  if args.format:
    invocation.append('-format')
  if args.style:
    invocation.append('-style=' + args.style)
  invocation.append(tmpdir)
  subprocess.call(invocation)


",""
"Function:tools/run-clang-tidy.py:run_tidy","run_tidy","tools/run-clang-tidy.py",152,162,true,"

def run_tidy(args, tmpdir, build_path, queue):
  """"""Takes filenames out of queue and runs clang-tidy on them.""""""
  while True:
    name = queue.get()
    invocation = get_tidy_invocation(name, args.clang_tidy_binary, args.checks,
                                     tmpdir, build_path, args.header_filter,
                                     args.extra_arg, args.extra_arg_before,
                                     args.quiet)
    sys.stdout.write(' '.join(invocation) + '\n')
    subprocess.call(invocation)
    queue.task_done()


",""
"Function:tools/run-clang-tidy.py:main","main","tools/run-clang-tidy.py",165,292,true,"

def main():
  parser = argparse.ArgumentParser(description='Runs clang-tidy over all files '
                                   'in a compilation database. Requires '
                                   'clang-tidy and clang-apply-replacements in '
                                   '$PATH.')
  parser.add_argument('-clang-tidy-binary', metavar='PATH',
                      default='clang-tidy',
                      help='path to clang-tidy binary')
  parser.add_argument('-clang-apply-replacements-binary', metavar='PATH',
                      default='clang-apply-replacements',
                      help='path to clang-apply-replacements binary')
  parser.add_argument('-checks', default=None,
                      help='checks filter, when not specified, use clang-tidy '
                      'default')
  parser.add_argument('-header-filter', default=None,
                      help='regular expression matching the names of the '
                      'headers to output diagnostics from. Diagnostics from '
                      'the main file of each translation unit are always '
                      'displayed.')
  parser.add_argument('-export-fixes', metavar='filename', dest='export_fixes',
                      help='Create a yaml file to store suggested fixes in, '
                      'which can be applied with clang-apply-replacements.')
  parser.add_argument('-j', type=int, default=0,
                      help='number of tidy instances to be run in parallel.')
  parser.add_argument('files', nargs='*', default=['.*'],
                      help='files to be processed (regex on path)')
  parser.add_argument('-fix', action='store_true', help='apply fix-its')
  parser.add_argument('-format', action='store_true', help='Reformat code '
                      'after applying fixes')
  parser.add_argument('-style', default='file', help='The style of reformat '
                      'code after applying fixes')
  parser.add_argument('-p', dest='build_path',
                      help='Path used to read a compile command database.')
  parser.add_argument('-extra-arg', dest='extra_arg',
                      action='append', default=[],
                      help='Additional argument to append to the compiler '
                      'command line.')
  parser.add_argument('-extra-arg-before', dest='extra_arg_before',
                      action='append', default=[],
                      help='Additional argument to prepend to the compiler '
                      'command line.')
  parser.add_argument('-quiet', action='store_true',
                      help='Run clang-tidy in quiet mode')
  args = parser.parse_args()

  db_path = 'compile_commands.json'

  if args.build_path is not None:
    build_path = args.build_path
  else:
    # Find our database
    build_path = find_compilation_database(db_path)

  try:
    invocation = [args.clang_tidy_binary, '-list-checks']
    invocation.append('-p=' + build_path)
    if args.checks:
      invocation.append('-checks=' + args.checks)
    invocation.append('-')
    print(subprocess.check_output(invocation))
  except:
    print(""Unable to run clang-tidy."", file=sys.stderr)
    sys.exit(1)

  # Load the database and extract all files.
  database = json.load(open(os.path.join(build_path, db_path)))
  files = [make_absolute(entry['file'], entry['directory'])
           for entry in database]

  max_task = args.j
  if max_task == 0:
    max_task = multiprocessing.cpu_count()

  tmpdir = None
  if args.fix or args.export_fixes:
    check_clang_apply_replacements_binary(args)
    tmpdir = tempfile.mkdtemp()

  # Build up a big regexy filter from all command line arguments.
  file_name_re = re.compile('|'.join(args.files))

  try:
    # Spin up a bunch of tidy-launching threads.
    task_queue = queue.Queue(max_task)
    for _ in range(max_task):
      t = threading.Thread(target=run_tidy,
                           args=(args, tmpdir, build_path, task_queue))
      t.daemon = True
      t.start()

    # Fill the queue with files.
    for name in files:
      if file_name_re.search(name):
        task_queue.put(name)

    # Wait for all threads to be done.
    task_queue.join()

  except KeyboardInterrupt:
    # This is a sad hack. Unfortunately subprocess goes
    # bonkers with ctrl-c and we start forking merrily.
    print('\nCtrl-C detected, goodbye.')
    if tmpdir:
      shutil.rmtree(tmpdir)
    os.kill(0, 9)

  return_code = 0
  if args.export_fixes:
    print('Writing fixes to ' + args.export_fixes + ' ...')
    try:
      merge_replacement_files(tmpdir, args.export_fixes)
    except:
      print('Error exporting fixes.\n', file=sys.stderr)
      traceback.print_exc()
      return_code=1

  if args.fix:
    print('Applying fixes ...')
    try:
      apply_fixes(args, tmpdir)
    except:
      print('Error applying fixes.\n', file=sys.stderr)
... [truncated]",""
"Function:codex_tasks/fix_preview_ehcp_v3.py:zero_pad","zero_pad","codex_tasks/fix_preview_ehcp_v3.py",27,28,true,"]

def zero_pad(n):
    return f""{int(n):02d}""

def normalize_numeric_key(k, width):
",""
"Function:codex_tasks/fix_preview_ehcp_v3.py:normalize_numeric_key","normalize_numeric_key","codex_tasks/fix_preview_ehcp_v3.py",30,40,true,"    return f""{int(n):02d}""

def normalize_numeric_key(k, width):
    ks = str(k).strip()
    if re.fullmatch(r'\d{1,2}', ks):
        n = int(ks)
        if width == 1:
            return str(n)
        elif width == 2:
            return zero_pad(n)
        else:
            return str(n)
    return ks

def expand_range(a, b, width):
",""
"Function:codex_tasks/fix_preview_ehcp_v3.py:expand_range","expand_range","codex_tasks/fix_preview_ehcp_v3.py",42,54,true,"    return ks

def expand_range(a, b, width):
    out = []
    a, b = int(a), int(b)
    if a <= b:
        rng = range(a, b+1)
    else:
        rng = range(a, b-1, -1)
    for i in rng:
        if width == 2:
            out.append(zero_pad(i))
        else:
            out.append(str(i))
    return out

def process_enum_map(enumMap, width):
",""
"Function:codex_tasks/fix_preview_ehcp_v3.py:process_enum_map","process_enum_map","codex_tasks/fix_preview_ehcp_v3.py",56,107,true,"    return out

def process_enum_map(enumMap, width):
    """"""
    Processes an enumMap dict:
     - Expands range-like keys like ""4-9""
     - Expands range directives inside values like ""5-20 – seconds""
     - Normalizes numeric keys according to width
     - Preserves explicit keys if present (do not override)
    """"""
    new = {}

    # First: handle explicit keys that themselves are ranges
    for raw_k, raw_v in list(enumMap.items()):
        k = str(raw_k).strip()
        if RANGE_KEY_RE.match(k):
            m = RANGE_KEY_RE.match(k)
            a, b = m.group(1), m.group(2)
            for ek in expand_range(a, b, width if width else 0):
                # if existing explicit entry exists, do not overwrite
                if ek not in new:
                    new[ek] = raw_v
            continue
        # Next: if key is normal, but value *starts with* a range directive, expand
        v = raw_v
        if isinstance(v, str):
            vm = RANGE_IN_VALUE_RE.match(v)
            if vm:
                a, b, remainder = vm.group(1), vm.group(2), vm.group(3).strip()
                label = remainder if remainder else v  # prefer remainder text as label
                for ek in expand_range(a, b, width if width else 0):
                    if ek not in new:
                        new[ek] = label
                continue
        # Otherwise keep the explicit key (normalized)
        nk = normalize_numeric_key(k, width if width else 0)
        if nk not in new:
            new[nk] = v

    # Second pass: ensure keys are normalized numeric or left as-is (no duplicates)
    cleaned = {}
    for k, v in new.items():
        ks = str(k)
        if width == 2 and re.fullmatch(r'\d{1,2}', ks):
            nk = zero_pad(ks)
        elif width == 1 and re.fullmatch(r'\d{1,2}', ks):
            # ensure single-digit form if possible for width==1
            n = int(ks)
            nk = str(n)
        else:
            nk = ks
        if nk not in cleaned:
            cleaned[nk] = v
    return cleaned

def should_add_endianness(field):
",""
"Function:codex_tasks/fix_preview_ehcp_v3.py:should_add_endianness","should_add_endianness","codex_tasks/fix_preview_ehcp_v3.py",109,120,true,"    return cleaned

def should_add_endianness(field):
    if not isinstance(field, dict):
        return False
    if field.get(""type"") != ""hexString"":
        return False
    if ""endianness"" in field:
        return False
    name = field.get(""name"", """").lower()
    for tok in MULTIBYTE_TOKENS:
        if tok in name:
            return True
    return False

def visit_field(field):
",""
"Function:codex_tasks/fix_preview_ehcp_v3.py:visit_field","visit_field","codex_tasks/fix_preview_ehcp_v3.py",122,146,true,"    return False

def visit_field(field):
    if not isinstance(field, dict):
        return
    width_val = None
    if ""width"" in field:
        try:
            width_val = int(field[""width""])
        except Exception:
            width_val = None

    # process enum maps
    if field.get(""format"") == ""enum"" and ""enumMap"" in field and isinstance(field[""enumMap""], dict):
        field[""enumMap""] = process_enum_map(field[""enumMap""], width_val if width_val is not None else 0)

    # add endianness heuristically
    if should_add_endianness(field):
        field[""endianness""] = ""little""

    # Recurse
    if ""fields"" in field and isinstance(field[""fields""], list):
        for f in field[""fields""]:
            visit_field(f)
    if ""bitfieldMap"" in field and isinstance(field[""bitfieldMap""], list):
        for b in field[""bitfieldMap""]:
            visit_field(b)

def walk(obj):
",""
"Function:codex_tasks/fix_preview_ehcp_v3.py:walk","walk","codex_tasks/fix_preview_ehcp_v3.py",148,164,true,"            visit_field(b)

def walk(obj):
    if isinstance(obj, dict):
        # top-level blocks
        if ""blocks"" in obj and isinstance(obj[""blocks""], list):
            for b in obj[""blocks""]:
                walk(b)
        if ""previews"" in obj and isinstance(obj[""previews""], list):
            for p in obj[""previews""]:
                walk(p)
        if ""fields"" in obj and isinstance(obj[""fields""], list):
            for f in obj[""fields""]:
                walk(f)
        # also process this dict as field-like when appropriate
        visit_field(obj)
    elif isinstance(obj, list):
        for it in obj:
            walk(it)

def main():
",""
"Function:codex_tasks/fix_preview_ehcp_v3.py:main","main","codex_tasks/fix_preview_ehcp_v3.py",166,178,true,"            walk(it)

def main():
    if len(sys.argv) != 3:
        print(""Usage: fix_preview_ehcp_v3.py <input.json> <output.json>"")
        sys.exit(2)
    inp = sys.argv[1]
    out = sys.argv[2]
    with open(inp, 'r', encoding='utf-8') as fh:
        data = json.load(fh)
    data2 = deepcopy(data)
    walk(data2)
    with open(out, 'w', encoding='utf-8') as fh:
        json.dump(data2, fh, indent=2, ensure_ascii=False)
    print(""Wrote:"", out)

if __name__ == ""__main__"":
",""
"Function:codex_tasks/fix_preview_ehcp_v2.py:zero_pad","zero_pad","codex_tasks/fix_preview_ehcp_v2.py",24,25,true,"]

def zero_pad(n):
    return f""{int(n):02d}""

def normalize_key_by_width(k, width):
",""
"Function:codex_tasks/fix_preview_ehcp_v2.py:normalize_key_by_width","normalize_key_by_width","codex_tasks/fix_preview_ehcp_v2.py",27,37,true,"    return f""{int(n):02d}""

def normalize_key_by_width(k, width):
    ks = str(k)
    if re.fullmatch(r'\d{1,2}', ks):
        n = int(ks)
        if width == 1:
            return str(n)
        elif width == 2:
            return zero_pad(n)
        else:
            return str(n)
    return ks

def expand_range_key(key, value, width):
",""
"Function:codex_tasks/fix_preview_ehcp_v2.py:expand_range_key","expand_range_key","codex_tasks/fix_preview_ehcp_v2.py",39,51,true,"    return ks

def expand_range_key(key, value, width):
    m = RANGE_RE.match(str(key))
    if not m:
        return None
    a = int(m.group(1))
    b = int(m.group(2))
    out = {}
    step = 1 if a <= b else -1
    for i in range(a, b + step, step):
        if 0 <= i <= TIME_MAX:
            k = zero_pad(i) if width == 2 else str(i)
            out[k] = value
    return out

def process_enum_map(enumMap, width):
",""
"Function:codex_tasks/fix_preview_ehcp_v2.py:process_enum_map","process_enum_map","codex_tasks/fix_preview_ehcp_v2.py",53,82,true,"    return out

def process_enum_map(enumMap, width):
    new = {}
    # First pass: expand any range-like keys
    for k_raw, v in list(enumMap.items()):
        k = str(k_raw)
        if RANGE_RE.match(k):
            expanded = expand_range_key(k, v, width)
            if expanded:
                for ek, ev in expanded.items():
                    if ek not in new:
                        new[ek] = ev
            continue
        # If the key contains a textual range like ""4-9 – FFU"" as a value, we can't auto-expand;
        # expansion only for keys that are ranges.
        nk = normalize_key_by_width(k, width)
        if nk in new:
            # do not override explicit keys
            continue
        new[nk] = v
    # Second pass: ensure no duplicates where both ""0"" and ""00"" exist (prefer explicit form)
    cleaned = {}
    for k, v in new.items():
        # If width == 2, ensure keys are two-digit zero-padded for numeric tokens
        if width == 2 and re.fullmatch(r'\d{1,2}', k):
            nk = zero_pad(k)
        else:
            nk = k
        if nk not in cleaned:
            cleaned[nk] = v
    return cleaned

def should_add_endianness(field):
",""
"Function:codex_tasks/fix_preview_ehcp_v2.py:should_add_endianness","should_add_endianness","codex_tasks/fix_preview_ehcp_v2.py",84,96,true,"    return cleaned

def should_add_endianness(field):
    if not isinstance(field, dict):
        return False
    if field.get(""type"") != ""hexString"":
        return False
    if ""endianness"" in field:
        return False
    name = field.get(""name"", """").lower()
    for tok in MULTIBYTE_TOKENS:
        if tok in name:
            return True
    # Conservative: if width >=4 and numeric-sounding name, we could infer, but skip
    return False

def visit_field(field):
",""
"Function:codex_tasks/fix_preview_ehcp_v2.py:visit_field","visit_field","codex_tasks/fix_preview_ehcp_v2.py",98,126,true,"    return False

def visit_field(field):
    if not isinstance(field, dict):
        return
    # If this field has enumMap and format enum, process
    width_val = None
    if ""width"" in field:
        try:
            width_val = int(field[""width""])
        except Exception:
            width_val = None
    # Apply enum processing if needed
    if field.get(""format"") == ""enum"" and ""enumMap"" in field:
        if width_val is None:
            # if width unknown, attempt to infer from keys: if keys look zero-padded, keep as-is,
            # otherwise leave them, but still expand any explicit range-keys.
            field[""enumMap""] = process_enum_map(field[""enumMap""], width=width_val if width_val else 0)
        else:
            field[""enumMap""] = process_enum_map(field[""enumMap""], width=width_val)
    # Heuristic endianness
    if should_add_endianness(field):
        field[""endianness""] = ""little""
    # Recurse into nested fields if any
    if ""fields"" in field and isinstance(field[""fields""], list):
        for f in field[""fields""]:
            visit_field(f)
    # Also nested structures: bitfieldMap, etc.
    if ""bitfieldMap"" in field and isinstance(field[""bitfieldMap""], list):
        for b in field[""bitfieldMap""]:
            visit_field(b)

def walk(obj):
",""
"Function:codex_tasks/fix_preview_ehcp_v2.py:walk","walk","codex_tasks/fix_preview_ehcp_v2.py",128,143,true,"            visit_field(b)

def walk(obj):
    if isinstance(obj, dict):
        visit_field(obj)
        # possible blocks: fields array
        if ""blocks"" in obj and isinstance(obj[""blocks""], list):
            for b in obj[""blocks""]:
                walk(b)
        if ""fields"" in obj and isinstance(obj[""fields""], list):
            for f in obj[""fields""]:
                walk(f)
        if ""previews"" in obj and isinstance(obj[""previews""], list):
            for p in obj[""previews""]:
                walk(p)
    elif isinstance(obj, list):
        for it in obj:
            walk(it)

def main():
",""
"Function:codex_tasks/fix_preview_ehcp_v2.py:main","main","codex_tasks/fix_preview_ehcp_v2.py",145,157,true,"            walk(it)

def main():
    if len(sys.argv) != 3:
        print(""Usage: fix_preview_ehcp_v2.py <input.json> <output.json>"")
        sys.exit(2)
    inp = sys.argv[1]
    out = sys.argv[2]
    with open(inp, 'r', encoding='utf-8') as fh:
        data = json.load(fh)
    data2 = deepcopy(data)
    walk(data2)
    with open(out, 'w', encoding='utf-8') as fh:
        json.dump(data2, fh, indent=2, ensure_ascii=False)
    print(""Wrote:"", out)

if __name__ == ""__main__"":
",""
"Function:codex_tasks/fix_preview_ehcp.py:normalize_time_enummap","normalize_time_enummap","codex_tasks/fix_preview_ehcp.py",34,57,true,"]

def normalize_time_enummap(enum_map):
    """"""
    Given an enumMap (dict), return a new dict whose keys are normalized to
    zero-padded two-character strings for 0..96 where applicable,
    removing duplicates. Non-time keys are preserved.
    """"""
    new_map = {}
    # Make a working map of transformed keys to values.
    for k, v in enum_map.items():
        # If key is numeric-like (e.g., ""0"", ""00"", ""10"", 0), normalize to two-digit string
        if isinstance(k, str) and re.fullmatch(r'\d{1,2}', k):
            n = int(k, 10)
            if 0 <= n <= 96:
                nk = f""{n:02d}""
                # prefer explicit existing nk over non-padded duplicates
                if nk in new_map and new_map[nk] != v:
                    # If values differ, keep the existing and also keep the other under original form
                    # but usually they will be same. We'll just keep nk.
                    pass
                new_map[nk] = v
                continue
        # otherwise keep as-is
        new_map[str(k)] = v
    return new_map

def field_name_matches_time(name):
",""
"Function:codex_tasks/fix_preview_ehcp.py:field_name_matches_time","field_name_matches_time","codex_tasks/fix_preview_ehcp.py",59,65,true,"    return new_map

def field_name_matches_time(name):
    if not isinstance(name, str):
        return False
    for t in TIME_ENUM_NAMES:
        if t in name:
            return True
    return False

def should_add_endianness(field):
",""
"Function:codex_tasks/fix_preview_ehcp.py:should_add_endianness","should_add_endianness","codex_tasks/fix_preview_ehcp.py",67,85,true,"    return False

def should_add_endianness(field):
    # Only consider fields that have type hexString and no endianness already
    if not isinstance(field, dict):
        return False
    if field.get(""type"") != ""hexString"":
        return False
    if ""endianness"" in field:
        return False
    name = field.get(""name"", """").lower()
    for tok in MULTIBYTE_HEX_NAME_TOKENS:
        if tok in name:
            return True
    # also if width >=4 likely multi-byte numeric
    width = field.get(""width"")
    if isinstance(width, int) and width >= 4:
        # be conservative: only add if name suggests numeric register/batch id
        # but we already tested tokens; skip here.
        return False
    return False

def walk_fields(obj):
",""
"Function:codex_tasks/fix_preview_ehcp.py:walk_fields","walk_fields","codex_tasks/fix_preview_ehcp.py",87,131,true,"    return False

def walk_fields(obj):
    """"""Recursively traverse and fix fields inside a block/field structure.""""""
    if isinstance(obj, dict):
        # If this dict looks like a field definition with format enumMap and a name,
        # apply time enum normalization
        if ""name"" in obj and ""format"" in obj and obj[""format""] == ""enum"" and ""enumMap"" in obj:
            if field_name_matches_time(obj[""name""]):
                obj[""enumMap""] = normalize_time_enummap(obj[""enumMap""])
            else:
                # also remove duplicate numeric keys if zero-padded exists
                # we will still normalize numeric keys to strings if ambiguous
                # but don't aggressive-modify non-time enums except dedup numeric keys:
                new_map = {}
                seen_numeric = {}
                for k, v in obj[""enumMap""].items():
                    ks = str(k)
                    if re.fullmatch(r'\d{1,2}', ks):
                        nk = f""{int(ks):02d}""
                        # if already present prefer nk
                        new_map[nk] = v
                        seen_numeric[nk] = True
                    else:
                        # keep non numeric keys unchanged
                        if ks not in new_map:
                            new_map[ks] = v
                obj[""enumMap""] = new_map
        # Add endianness heuristics
        if ""name"" in obj and should_add_endianness(obj):
            obj[""endianness""] = ""little""
        # Recurse into fields array if present
        if ""fields"" in obj and isinstance(obj[""fields""], list):
            for f in obj[""fields""]:
                walk_fields(f)
        # Recurse into bitfieldMap / enumMap etc. not necessary
        # Recurse into block reference if present (no change)
        # Recurse into nested dicts
        for k, v in obj.items():
            if isinstance(v, dict):
                walk_fields(v)
            elif isinstance(v, list):
                for el in v:
                    walk_fields(el)
    elif isinstance(obj, list):
        for item in obj:
            walk_fields(item)

def main():
",""
"Function:codex_tasks/fix_preview_ehcp.py:main","main","codex_tasks/fix_preview_ehcp.py",133,161,true,"            walk_fields(item)

def main():
    if len(sys.argv) != 3:
        print(""Usage: python3 fix_preview_ehcp.py <input.json> <output.json>"")
        sys.exit(2)

    inpath = sys.argv[1]
    outpath = sys.argv[2]
    with open(inpath, ""r"", encoding=""utf-8"") as f:
        data = json.load(f)

    data_fixed = deepcopy(data)

    # Top-level blocks
    if ""blocks"" in data_fixed and isinstance(data_fixed[""blocks""], list):
        for block in data_fixed[""blocks""]:
            walk_fields(block)

    # Previews section
    if ""previews"" in data_fixed and isinstance(data_fixed[""previews""], list):
        for preview in data_fixed[""previews""]:
            walk_fields(preview)

    # Also top-level fields if any (some configs place fields at root)
    walk_fields(data_fixed)

    # Dump result
    with open(outpath, ""w"", encoding=""utf-8"") as f:
        json.dump(data_fixed, f, indent=2, ensure_ascii=False)
    print(f""Wrote corrected file to {outpath}"")

if __name__ == ""__main__"":
",""
"Function:tools/gen_big_file.cpp:main","main","tools/gen_big_file.cpp",3,12,true,"#include <limits>

int main()
{
    std::cout << std::numeric_limits<unsigned int>::max() << std::endl;
    for (auto line = 0ull; line < std::numeric_limits<unsigned int>::max(); ++line)
    {
        std::cout << (line % 10) << ""\n"";
    }

    return 0;
}",""
"Function:tests/unit/tests_main.cpp:main","main","tests/unit/tests_main.cpp",31,40,true,"const bool PersistentInfo::ForcePortable = true;

int main( int argc, char* argv[] )
{
    QApplication a( argc, argv );

    logging::enableLogging();

    Configuration::getSynced();

    return Catch::Session().run( argc, argv );
}
",""
"Function:tests/unit/tests_main.cpp:a","a","tests/unit/tests_main.cpp",33,33,true,"int main( int argc, char* argv[] )
{
    QApplication a( argc, argv );

    logging::enableLogging();
",""
"Function:tests/unit/sessioninfo_test.cpp:writeBaseSession","writeBaseSession","tests/unit/sessioninfo_test.cpp",32,37,false,"constexpr int ExpectedMaxFilesPerWindow = 4096;

void writeBaseSession( QSettings& settings )
{
    settings.clear();
    settings.beginGroup( ""Window"" );
    settings.setValue( ""version"", SessionVersion );
}
} // namespace

",""
"Function:tests/unit/sessioninfo_test.cpp:settings","settings","tests/unit/sessioninfo_test.cpp",49,49,true,"    constexpr int overLimitWindows = ExpectedMaxWindowsInSession + 5;
    {
        QSettings settings( settingsPath, QSettings::IniFormat );
        writeBaseSession( settings );

",""
"Function:tests/unit/serialcapturesettings_test.cpp:worker","worker","tests/unit/serialcapturesettings_test.cpp",118,118,true,"    settings.filePath = tempDir.filePath( ""old.log"" );

    SerialCaptureWorker worker( settings );
    QString errorMessage;
    const auto nextPath = tempDir.filePath( ""new.log"" );",""
"Function:tests/unit/serialcapturesettings_test.cpp:newFile","newFile","tests/unit/serialcapturesettings_test.cpp",127,127,true,"    worker.appendToFile( QByteArrayLiteral( ""rotated data\n"" ) );

    QFile newFile( nextPath );
    REQUIRE( newFile.open( QIODevice::ReadOnly ) );
    REQUIRE( newFile.readAll() == QByteArrayLiteral( ""rotated data\n"" ) );",""
"Function:tests/unit/previewmatchstage_test.cpp:findFieldItem","findFieldItem","tests/unit/previewmatchstage_test.cpp",164,179,false,")json"";

QTreeWidgetItem* findFieldItem( QTreeWidgetItem* root, const QString& name )
{
    if ( !root ) {
        return nullptr;
    }
    for ( int i = 0; i < root->childCount(); ++i ) {
        auto* child = root->child( i );
        if ( child->text( 0 ) == name ) {
            return child;
        }
        if ( auto* nested = findFieldItem( child, name ) ) {
            return nested;
        }
    }
    return nullptr;
}

QTreeWidgetItem* findChildItem( QTreeWidgetItem* parent, const QString& name )
",""
"Function:tests/unit/previewmatchstage_test.cpp:findChildItem","findChildItem","tests/unit/previewmatchstage_test.cpp",181,193,false,"}

QTreeWidgetItem* findChildItem( QTreeWidgetItem* parent, const QString& name )
{
    if ( !parent ) {
        return nullptr;
    }
    for ( int i = 0; i < parent->childCount(); ++i ) {
        auto* child = parent->child( i );
        if ( child->text( 0 ) == name ) {
            return child;
        }
    }
    return nullptr;
}

void loadMatchConfig()
",""
"Function:tests/unit/previewmatchstage_test.cpp:loadMatchConfig","loadMatchConfig","tests/unit/previewmatchstage_test.cpp",195,208,false,"}

void loadMatchConfig()
{
    auto& manager = PreviewManager::instance();
    manager.clearAll();

    QTemporaryFile file;
    REQUIRE( file.open() );
    const auto bytes = QByteArray::fromRawData( kPreviewConfig, static_cast<int>( strlen( kPreviewConfig ) ) );
    REQUIRE( file.write( bytes ) == bytes.size() );
    REQUIRE( file.flush() );

    const auto result = manager.importFromFile( file.fileName() );
    REQUIRE( result.ok );
}

void loadBlockConfig()
",""
"Function:tests/unit/previewmatchstage_test.cpp:loadBlockConfig","loadBlockConfig","tests/unit/previewmatchstage_test.cpp",210,223,false,"}

void loadBlockConfig()
{
    auto& manager = PreviewManager::instance();
    manager.clearAll();

    QTemporaryFile file;
    REQUIRE( file.open() );
    const auto bytes = QByteArray::fromRawData( kBlockConfig, static_cast<int>( strlen( kBlockConfig ) ) );
    REQUIRE( file.write( bytes ) == bytes.size() );
    REQUIRE( file.flush() );

    const auto result = manager.importFromFile( file.fileName() );
    REQUIRE( result.ok );
}

void loadEnumConfig()
",""
"Function:tests/unit/previewmatchstage_test.cpp:loadEnumConfig","loadEnumConfig","tests/unit/previewmatchstage_test.cpp",225,238,false,"}

void loadEnumConfig()
{
    auto& manager = PreviewManager::instance();
    manager.clearAll();

    QTemporaryFile file;
    REQUIRE( file.open() );
    const auto bytes = QByteArray::fromRawData( kEnumConfig, static_cast<int>( strlen( kEnumConfig ) ) );
    REQUIRE( file.write( bytes ) == bytes.size() );
    REQUIRE( file.flush() );

    const auto result = manager.importFromFile( file.fileName() );
    REQUIRE( result.ok );
}

QString fieldValue( QTreeWidget* tree, const QString& name )
",""
"Function:tests/unit/previewmatchstage_test.cpp:fieldValue","fieldValue","tests/unit/previewmatchstage_test.cpp",240,246,false,"}

QString fieldValue( QTreeWidget* tree, const QString& name )
{
    REQUIRE( tree );
    auto* item = findFieldItem( tree->invisibleRootItem(), name );
    REQUIRE( item );
    return item->text( 1 );
}
} // namespace

",""
"Function:tests/unit/linepositionarray_test.cpp:g","g","tests/unit/linepositionarray_test.cpp",66,66,true,"        {
            std::random_device rd;
            std::mt19937 g( rd() );

            auto index = std::vector<uint32_t>( offsets.size() );
",""
"Function:tests/unit/commander_test.cpp:payloadFile","payloadFile","tests/unit/commander_test.cpp",354,354,true,"
    const auto payloadPath = dir.filePath( ""action.json"" );
    QFile payloadFile( payloadPath );
    REQUIRE( payloadFile.open( QIODevice::WriteOnly ) );
    payloadFile.write( QJsonDocument( QJsonObject{
",""
"Function:tests/unit/commander_test.cpp:settings","settings","tests/unit/commander_test.cpp",955,955,true,"    const auto settingsPath = dir.filePath( ""filters.ini"" );
    {
        QSettings settings( settingsPath, QSettings::IniFormat );
        settings.beginGroup( ""PredefinedFiltersCollection"" );
        settings.setValue( ""version"", 2 );
",""
"Function:tests/unit/commander_test.cpp:reloadedSettings","reloadedSettings","tests/unit/commander_test.cpp",983,983,true,"    }

    QSettings reloadedSettings( settingsPath, QSettings::IniFormat );
    reloadedSettings.beginGroup( ""PredefinedFiltersCollection"" );
    REQUIRE( reloadedSettings.value( ""version"" ).toInt() == 3 );
",""
"Function:tests/ui/qtests_main.cpp:main","main","tests/ui/qtests_main.cpp",69,104,true,"#include ""qtests_main.moc""

int main( int argc, char* argv[] )
{
    QApplication a( argc, argv );

    logging::enableLogging();

    qRegisterMetaType<LinesCount>( ""LinesCount"" );
    qRegisterMetaType<LineNumber>( ""LineNumber"" );
    qRegisterMetaType<LineLength>( ""LineLength"" );

    auto& config = Configuration::getSynced();
    config.setSearchReadBufferSizeLines( 10 );
    config.setIndexReadBufferSizeMb( 1 );
    config.setUseSearchResultsCache( false );

    auto higthlighters = HighlighterSetCollection::getSynced();

#if defined( Q_OS_WIN ) || defined( Q_OS_MAC )
    config.setPollingEnabled( true );
    config.setPollIntervalMs( 1000 );
#else
    config.setPollingEnabled( false );
#endif

    // Native file watchers are flaky under heavy UI/integration test churn on
    // Windows CI. Keep tests on polling to avoid non-deterministic heap
    // corruption from watcher backend callbacks.
    config.setNativeFileWatchEnabled( false );

    QThreadPool::globalInstance()->reserveThread();

    TestRunner* runner = new TestRunner( argc, argv );

    runner->process();
    return runner->result();
}
",""
"Function:tests/ui/qtests_main.cpp:a","a","tests/ui/qtests_main.cpp",71,71,true,"int main( int argc, char* argv[] )
{
    QApplication a( argc, argv );

    logging::enableLogging();
",""
"Function:tests/ui/mainwindow_test.cpp:hasProgressStatus","hasProgressStatus","tests/ui/mainwindow_test.cpp",107,112,false,"};

bool hasProgressStatus( const std::vector<StartupProgressState>& states, const QString& text )
{
    return std::any_of( states.cbegin(), states.cend(), [ &text ]( const auto& state ) {
        return state.status.contains( text, Qt::CaseInsensitive );
    } );
}

bool hasProgressDetail( const std::vector<StartupProgressState>& states, const QString& text )
",""
"Function:tests/ui/mainwindow_test.cpp:hasProgressDetail","hasProgressDetail","tests/ui/mainwindow_test.cpp",114,119,false,"}

bool hasProgressDetail( const std::vector<StartupProgressState>& states, const QString& text )
{
    return std::any_of( states.cbegin(), states.cend(), [ &text ]( const auto& state ) {
        return state.detail.contains( text, Qt::CaseInsensitive );
    } );
}

int firstProgressStatusIndex( const std::vector<StartupProgressState>& states, const QString& text )
",""
"Function:tests/ui/mainwindow_test.cpp:firstProgressStatusIndex","firstProgressStatusIndex","tests/ui/mainwindow_test.cpp",121,130,false,"}

int firstProgressStatusIndex( const std::vector<StartupProgressState>& states, const QString& text )
{
    const auto it = std::find_if( states.cbegin(), states.cend(), [ &text ]( const auto& state ) {
        return state.status.contains( text, Qt::CaseInsensitive );
    } );
    if ( it == states.cend() ) {
        return -1;
    }
    return static_cast<int>( std::distance( states.cbegin(), it ) );
}

bool hasVisibleTopLevelWindowWithTitle( const QString& titlePart )
",""
"Function:tests/ui/mainwindow_test.cpp:hasVisibleTopLevelWindowWithTitle","hasVisibleTopLevelWindowWithTitle","tests/ui/mainwindow_test.cpp",132,139,false,"}

bool hasVisibleTopLevelWindowWithTitle( const QString& titlePart )
{
    const auto widgets = QApplication::topLevelWidgets();
    return std::any_of( widgets.cbegin(), widgets.cend(), [ &titlePart ]( const QWidget* widget ) {
        return widget != nullptr && widget->isVisible()
               && widget->windowTitle().contains( titlePart, Qt::CaseInsensitive );
    } );
}

bool automationTreeContainsObjectName( const QVariantMap& node, const QString& objectName )
",""
"Function:tests/ui/mainwindow_test.cpp:automationTreeContainsObjectName","automationTreeContainsObjectName","tests/ui/mainwindow_test.cpp",141,151,false,"}

bool automationTreeContainsObjectName( const QVariantMap& node, const QString& objectName )
{
    if ( node.value( ""objectName"" ).toString() == objectName ) {
        return true;
    }

    const auto children = node.value( ""children"" ).toList();
    return std::any_of( children.cbegin(), children.cend(), [ &objectName ]( const auto& child ) {
        return automationTreeContainsObjectName( child.toMap(), objectName );
    } );
}
} // namespace

",""
"Function:tests/ui/logfiltereddata_test.cpp:generateDataFiles","generateDataFiles","tests/ui/logfiltereddata_test.cpp",38,54,false,"namespace {

bool generateDataFiles( QTemporaryFile& file )
{
    char newLine[ 90 ];

    if ( file.open() ) {
        for ( int i = 0; i < SL_NB_LINES; i++ ) {
            snprintf( newLine, 89,
                      ""LOGDATA \t is a part of glogg, we are going to test it thoroughly, this is ""
                      ""line %06d\n"",
                      i );
            file.write( newLine, static_cast<qint64>( qstrlen( newLine ) ) );
        }
        file.flush();
    }

    return true;
}

void runSearch( LogFilteredData* filtered_data, const QString& regexp,
",""
"Function:tests/ui/logfiltereddata_test.cpp:runSearch","runSearch","tests/ui/logfiltereddata_test.cpp",56,68,false,"}

void runSearch( LogFilteredData* filtered_data, const QString& regexp,
                SafeQSignalSpy& searchProgressSpy )
{

    filtered_data->runSearch( RegularExpressionPattern( regexp ) );

    int progress = 0;
    do {
        REQUIRE( searchProgressSpy.safeWait( 10000 ) );
        QList<QVariant> progressArgs = searchProgressSpy.last();
        progress = progressArgs.at( 1 ).toInt();
    } while ( progress < 100 );
}

bool runUpdateSearch( LogFilteredData* filtered_data, LineNumber startLine, LineNumber endLine,
",""
"Function:tests/ui/logfiltereddata_test.cpp:runUpdateSearch","runUpdateSearch","tests/ui/logfiltereddata_test.cpp",70,93,false,"}

bool runUpdateSearch( LogFilteredData* filtered_data, LineNumber startLine, LineNumber endLine,
                      SafeQSignalSpy& searchProgressSpy )
{
    filtered_data->updateSearch( startLine, endLine );

    int progress = 0;
    const qsizetype lastCount = searchProgressSpy.count();
    while ( true ) {
        if ( !searchProgressSpy.safeWait( 500 ) ) {
            // No signal emitted (likely nothing to scan).
            return false;
        }
        // Ignore signals that arrived before this run.
        if ( searchProgressSpy.count() <= lastCount ) {
            continue;
        }

        QList<QVariant> progressArgs = searchProgressSpy.last();
        progress = progressArgs.at( 1 ).toInt();
        if ( progress >= 100 ) {
            return true;
        }
    }
}

QString formattedLine( int value )
",""
"Function:tests/ui/logfiltereddata_test.cpp:formattedLine","formattedLine","tests/ui/logfiltereddata_test.cpp",95,102,false,"}

QString formattedLine( int value )
{
    char newLine[ 90 ];
    snprintf( newLine, 89,
              ""LOGDATA \t is a part of glogg, we are going to test it thoroughly, this is line %06d\n"",
              value );
    return QString::fromLatin1( newLine );
}

} // namespace
",""
"Function:tests/ui/logfiltereddata_test.cpp:toFlags","toFlags","tests/ui/logfiltereddata_test.cpp",110,113,false,"using LineType = LogFilteredData::LineType;

static LogFilteredData::LineTypeFlags toFlags( LogFilteredData::LineType type )
{
    return static_cast<LineTypeFlags>( static_cast<LineType::Int>( type ) );
}

struct LogDataLoader {",""
"Function:tests/ui/logdata_test.cpp:writeDataToFileBackground","writeDataToFileBackground","tests/ui/logdata_test.cpp",89,95,false,"namespace {
#ifdef _WIN32
void writeDataToFileBackground( QFile& file, int numberOfLines = 200,
                                WriteFileModification flag = WriteFileModification::None )
{
    auto thread = new WriteFileThread( &file, numberOfLines, flag );
    thread->start();
    QObject::connect( thread, &WriteFileThread::finished, thread, &WriteFileThread::deleteLater );
}
#endif
void writeDataToFile( QFile& file, int numberOfLines = 200,
",""
"Function:tests/ui/logdata_test.cpp:writeDataToFile","writeDataToFile","tests/ui/logdata_test.cpp",97,105,false,"}
#endif
void writeDataToFile( QFile& file, int numberOfLines = 200,
                      WriteFileModification flag = WriteFileModification::None )
{
    auto thread = new WriteFileThread( &file, numberOfLines, flag );
    thread->start();
    thread->wait();
    REQUIRE( thread->isSucceeded() );
    thread->deleteLater();
}
} // namespace

",""
"Function:tests/ui/crawlerwidget_test.cpp:generateDataFiles","generateDataFiles","tests/ui/crawlerwidget_test.cpp",47,68,false,"
namespace {
bool generateDataFiles( QTemporaryFile& file )
{
    char newLine[ 90 ];

    if ( file.open() ) {
        for ( int i = 0; i < SL_NB_LINES; i++ ) {
            snprintf( newLine, 89,
                      ""LOGDATA \t is a part of glogg, we are going to test it thoroughly, this is ""
                      ""line %06d"",
                      i );
            file.write( newLine, static_cast<qint64>( qstrlen( newLine ) ) );
#ifdef Q_OS_WIN
            file.write( ""\r\n"", 2 );
#else
            file.write( ""\n"", 1 );
#endif
        }
        file.flush();
    }

    return true;
}

} // namespace
",""
"Function:tests/helpers/test_utils.h:waitUiState","waitUiState","tests/helpers/test_utils.h",48,56,true,"
template<typename F>
bool waitUiState(F&& checkFunc ) {
    for ( auto time = 0; time < 10000; time += 100 ) {
        if ( checkFunc() ) {
            return true;
        }
        QTest::qWait( 100 );
    }
    return false;
};

#endif
",""
"Function:tests/helpers/file_write_helper.cpp:main","main","tests/helpers/file_write_helper.cpp",32,98,true,"#endif // _WIN32

int main( int argc, const char** argv )
{
    // logging::enableLogging();

    if ( argc < 4 ) {
        LOG_ERROR << ""Expected 3 arguments"";
        return -1;
    }

    LOG_INFO << ""Will write to "" << argv[ 1 ] << "" lines "" << argv[ 2 ] << "", flag "" << argv[ 3 ];

    QFile file{ argv[ 1 ] };

    if ( !file.open( QIODevice::Unbuffered | QIODevice::WriteOnly | QIODevice::Append ) ) {
        return -1;
    }

    if ( !file.isOpen() ) {
        return -1;
    }

    const int numberOfLines = atoi( argv[ 2 ] );
    const auto flag = static_cast<WriteFileModification>( atoi( argv[ 3 ] ) );

    if ( flag == WriteFileModification::Truncate ) {
        LOG_INFO << ""Truncating file"";
        file.resize( 0 );
    }

    if ( flag == WriteFileModification::StartWithPartialLineEnd ) {
        file.write( partial_line_end, static_cast<qint64>( qstrlen( partial_line_end ) ) );
    }

    char newLine[ 90 ];
    for ( int i = 0; i < numberOfLines; i++ ) {
        snprintf( newLine, 89,
                    ""LOGDATA is a part of glogg, we are going to test it thoroughly, this is ""
                    ""line %06d\n"",
                    i );
        file.write( newLine, static_cast<qint64>( qstrlen( newLine ) ) );

        if ( flag == WriteFileModification::DelayClosingFile ) {
            QThread::sleep( 2 );
        }
    }

    if ( flag == WriteFileModification::EndWithPartialLineBegin ) {
        file.write( partial_line_begin, static_cast<qint64>( qstrlen( partial_line_begin ) ) );
    }
    

#ifdef _WIN32
    FlushFileBuffers( reinterpret_cast<HANDLE>( _get_osfhandle( file.handle() ) ) );
#endif // _WIN32

    file.close();

    if ( !file.open( QIODevice::Unbuffered | QIODevice::ReadOnly | QIODevice::Append ) ) {
        return -1;
    }

    LOG_INFO << ""Write to "" << argv[ 1 ] << "" finished, size "" << file.size();

    file.close();

    return 0;
}
",""
"Function:src/app/scenarioheadlessrunner.cpp:absolutePath","absolutePath","src/app/scenarioheadlessrunner.cpp",69,78,false,"};

QString absolutePath( const QString& baseDir, const QString& value )
{
    if ( value.isEmpty() ) {
        return {};
    }

    const QFileInfo fileInfo( value );
    return fileInfo.isAbsolute() ? fileInfo.absoluteFilePath()
                                 : QFileInfo( QDir( baseDir ).filePath( value ) ).absoluteFilePath();
}

QString sanitizePathPart( const QString& value )
",""
"Function:src/app/scenarioheadlessrunner.cpp:fileInfo","fileInfo","src/app/scenarioheadlessrunner.cpp",75,75,false,"    }

    const QFileInfo fileInfo( value );
    return fileInfo.isAbsolute() ? fileInfo.absoluteFilePath()
                                 : QFileInfo( QDir( baseDir ).filePath( value ) ).absoluteFilePath();
",""
"Function:src/app/scenarioheadlessrunner.cpp:sanitizePathPart","sanitizePathPart","src/app/scenarioheadlessrunner.cpp",80,89,false,"}

QString sanitizePathPart( const QString& value )
{
    auto sanitized = value;
    sanitized.replace( QRegularExpression( QStringLiteral( ""[^A-Za-z0-9._-]+"" ) ),
                       QStringLiteral( ""_"" ) );
    if ( sanitized.isEmpty() ) {
        sanitized = QStringLiteral( ""device"" );
    }
    return sanitized;
}

QString optionalString( const QJsonObject& object, const QString& key )
",""
"Function:src/app/scenarioheadlessrunner.cpp:optionalString","optionalString","src/app/scenarioheadlessrunner.cpp",91,95,false,"}

QString optionalString( const QJsonObject& object, const QString& key )
{
    const auto value = object.value( key );
    return value.isString() ? value.toString().trimmed() : QString{};
}

std::optional<bool> optionalBool( const QJsonObject& object, const QString& key )
",""
"Function:src/app/scenarioheadlessrunner.cpp:optionalBool","optionalBool","src/app/scenarioheadlessrunner.cpp",97,101,false,"}

std::optional<bool> optionalBool( const QJsonObject& object, const QString& key )
{
    const auto value = object.value( key );
    return value.isBool() ? std::make_optional( value.toBool() ) : std::nullopt;
}

std::optional<int> optionalInt( const QJsonObject& object, const QString& key )
",""
"Function:src/app/scenarioheadlessrunner.cpp:optionalInt","optionalInt","src/app/scenarioheadlessrunner.cpp",103,107,false,"}

std::optional<int> optionalInt( const QJsonObject& object, const QString& key )
{
    const auto value = object.value( key );
    return value.isDouble() ? std::make_optional( value.toInt() ) : std::nullopt;
}

std::optional<QSerialPort::DataBits> parseDataBitsValue( const QJsonObject& object,
",""
"Function:src/app/scenarioheadlessrunner.cpp:parseDataBitsValue","parseDataBitsValue","src/app/scenarioheadlessrunner.cpp",109,132,false,"}

std::optional<QSerialPort::DataBits> parseDataBitsValue( const QJsonObject& object,
                                                         const QString& key,
                                                         QStringList* errors,
                                                         const QString& context )
{
    const auto value = object.value( key );
    if ( value.isUndefined() || value.isNull() ) {
        return std::nullopt;
    }

    switch ( value.toInt( -1 ) ) {
    case 5:
        return QSerialPort::Data5;
    case 6:
        return QSerialPort::Data6;
    case 7:
        return QSerialPort::Data7;
    case 8:
        return QSerialPort::Data8;
    default:
        errors->push_back( QObject::tr( ""%1 has invalid dataBits value."" ).arg( context ) );
        return std::nullopt;
    }
}

std::optional<QSerialPort::Parity> parseParityValue( const QJsonObject& object,
",""
"Function:src/app/scenarioheadlessrunner.cpp:parseParityValue","parseParityValue","src/app/scenarioheadlessrunner.cpp",134,160,false,"}

std::optional<QSerialPort::Parity> parseParityValue( const QJsonObject& object,
                                                     const QString& key,
                                                     QStringList* errors,
                                                     const QString& context )
{
    const auto raw = optionalString( object, key ).toLower();
    if ( raw.isEmpty() ) {
        return std::nullopt;
    }
    if ( raw == QStringLiteral( ""none"" ) ) {
        return QSerialPort::NoParity;
    }
    if ( raw == QStringLiteral( ""even"" ) ) {
        return QSerialPort::EvenParity;
    }
    if ( raw == QStringLiteral( ""odd"" ) ) {
        return QSerialPort::OddParity;
    }
    if ( raw == QStringLiteral( ""mark"" ) ) {
        return QSerialPort::MarkParity;
    }
    if ( raw == QStringLiteral( ""space"" ) ) {
        return QSerialPort::SpaceParity;
    }
    errors->push_back( QObject::tr( ""%1 has invalid parity value."" ).arg( context ) );
    return std::nullopt;
}

std::optional<QSerialPort::StopBits> parseStopBitsValue( const QJsonObject& object,
",""
"Function:src/app/scenarioheadlessrunner.cpp:parseStopBitsValue","parseStopBitsValue","src/app/scenarioheadlessrunner.cpp",162,182,false,"}

std::optional<QSerialPort::StopBits> parseStopBitsValue( const QJsonObject& object,
                                                         const QString& key,
                                                         QStringList* errors,
                                                         const QString& context )
{
    const auto raw = optionalString( object, key ).toLower();
    if ( raw.isEmpty() ) {
        return std::nullopt;
    }
    if ( raw == QStringLiteral( ""1"" ) ) {
        return QSerialPort::OneStop;
    }
    if ( raw == QStringLiteral( ""1.5"" ) ) {
        return QSerialPort::OneAndHalfStop;
    }
    if ( raw == QStringLiteral( ""2"" ) ) {
        return QSerialPort::TwoStop;
    }
    errors->push_back( QObject::tr( ""%1 has invalid stopBits value."" ).arg( context ) );
    return std::nullopt;
}

std::optional<QSerialPort::FlowControl> parseFlowControlValue( const QJsonObject& object,
",""
"Function:src/app/scenarioheadlessrunner.cpp:parseFlowControlValue","parseFlowControlValue","src/app/scenarioheadlessrunner.cpp",184,204,false,"}

std::optional<QSerialPort::FlowControl> parseFlowControlValue( const QJsonObject& object,
                                                               const QString& key,
                                                               QStringList* errors,
                                                               const QString& context )
{
    const auto raw = optionalString( object, key ).toLower();
    if ( raw.isEmpty() ) {
        return std::nullopt;
    }
    if ( raw == QStringLiteral( ""none"" ) ) {
        return QSerialPort::NoFlowControl;
    }
    if ( raw == QStringLiteral( ""hardware"" ) || raw == QStringLiteral( ""rts/cts"" ) ) {
        return QSerialPort::HardwareControl;
    }
    if ( raw == QStringLiteral( ""software"" ) || raw == QStringLiteral( ""xon/xoff"" ) ) {
        return QSerialPort::SoftwareControl;
    }
    errors->push_back( QObject::tr( ""%1 has invalid flowControl value."" ).arg( context ) );
    return std::nullopt;
}

CommanderComSettings parseComSettings( const QJsonObject& object, QStringList* errors,
",""
"Function:src/app/scenarioheadlessrunner.cpp:parseComSettings","parseComSettings","src/app/scenarioheadlessrunner.cpp",206,248,false,"}

CommanderComSettings parseComSettings( const QJsonObject& object, QStringList* errors,
                                       const QString& context, bool allowPortName )
{
    CommanderComSettings settings;
    if ( allowPortName ) {
        const auto portName = optionalString( object, QStringLiteral( ""portName"" ) );
        const auto portAlias = optionalString( object, QStringLiteral( ""port"" ) );
        settings.portName = !portName.isEmpty() ? portName : portAlias;
    }

    const auto filePath = optionalString( object, QStringLiteral( ""filePath"" ) );
    if ( !filePath.isEmpty() ) {
        settings.filePath = filePath;
    }
    if ( const auto baudRate = optionalInt( object, QStringLiteral( ""baudRate"" ) ) ) {
        settings.baudRate = *baudRate;
    }
    settings.dataBits = parseDataBitsValue( object, QStringLiteral( ""dataBits"" ), errors, context );
    settings.parity = parseParityValue( object, QStringLiteral( ""parity"" ), errors, context );
    settings.stopBits = parseStopBitsValue( object, QStringLiteral( ""stopBits"" ), errors, context );
    settings.flowControl
        = parseFlowControlValue( object, QStringLiteral( ""flowControl"" ), errors, context );

    if ( const auto addTimestamps = optionalBool( object, QStringLiteral( ""addTimestamps"" ) ) ) {
        settings.addTimestamps = *addTimestamps;
    }
    else if ( const auto legacyTimestamps = optionalBool( object, QStringLiteral( ""timestamps"" ) ) ) {
        settings.addTimestamps = *legacyTimestamps;
    }

    const auto timestampFormat = optionalString( object, QStringLiteral( ""timestampFormat"" ) );
    if ( !timestampFormat.isEmpty() ) {
        settings.timestampFormat = timestampFormat;
    }
    if ( const auto logTransmits = optionalBool( object, QStringLiteral( ""logTransmits"" ) ) ) {
        settings.logTransmits = *logTransmits;
    }
    if ( const auto useForActions = optionalBool( object, QStringLiteral( ""useForActions"" ) ) ) {
        settings.useForActions = *useForActions;
    }

    return settings;
}

CommanderComSettings mergeSettings( const CommanderComSettings& base,
",""
"Function:src/app/scenarioheadlessrunner.cpp:mergeSettings","mergeSettings","src/app/scenarioheadlessrunner.cpp",250,288,false,"}

CommanderComSettings mergeSettings( const CommanderComSettings& base,
                                    const CommanderComSettings& overrides )
{
    CommanderComSettings merged = base;
    if ( !overrides.portName.isEmpty() ) {
        merged.portName = overrides.portName;
    }
    if ( overrides.filePath ) {
        merged.filePath = overrides.filePath;
    }
    if ( overrides.baudRate ) {
        merged.baudRate = overrides.baudRate;
    }
    if ( overrides.dataBits ) {
        merged.dataBits = overrides.dataBits;
    }
    if ( overrides.parity ) {
        merged.parity = overrides.parity;
    }
    if ( overrides.stopBits ) {
        merged.stopBits = overrides.stopBits;
    }
    if ( overrides.flowControl ) {
        merged.flowControl = overrides.flowControl;
    }
    if ( overrides.addTimestamps ) {
        merged.addTimestamps = overrides.addTimestamps;
    }
    if ( overrides.timestampFormat ) {
        merged.timestampFormat = overrides.timestampFormat;
    }
    if ( overrides.logTransmits ) {
        merged.logTransmits = overrides.logTransmits;
    }
    if ( overrides.useForActions ) {
        merged.useForActions = overrides.useForActions;
    }
    return merged;
}

QString parityToString( QSerialPort::Parity parity )
",""
"Function:src/app/scenarioheadlessrunner.cpp:parityToString","parityToString","src/app/scenarioheadlessrunner.cpp",290,305,false,"}

QString parityToString( QSerialPort::Parity parity )
{
    switch ( parity ) {
    case QSerialPort::NoParity:
        return QStringLiteral( ""none"" );
    case QSerialPort::EvenParity:
        return QStringLiteral( ""even"" );
    case QSerialPort::OddParity:
        return QStringLiteral( ""odd"" );
    case QSerialPort::SpaceParity:
        return QStringLiteral( ""space"" );
    case QSerialPort::MarkParity:
        return QStringLiteral( ""mark"" );
    }
    return QStringLiteral( ""unknown"" );
}

QString stopBitsToString( QSerialPort::StopBits stopBits )
",""
"Function:src/app/scenarioheadlessrunner.cpp:stopBitsToString","stopBitsToString","src/app/scenarioheadlessrunner.cpp",307,318,false,"}

QString stopBitsToString( QSerialPort::StopBits stopBits )
{
    switch ( stopBits ) {
    case QSerialPort::OneStop:
        return QStringLiteral( ""1"" );
    case QSerialPort::OneAndHalfStop:
        return QStringLiteral( ""1.5"" );
    case QSerialPort::TwoStop:
        return QStringLiteral( ""2"" );
    }
    return QStringLiteral( ""unknown"" );
}

QString flowControlToString( QSerialPort::FlowControl flowControl )
",""
"Function:src/app/scenarioheadlessrunner.cpp:flowControlToString","flowControlToString","src/app/scenarioheadlessrunner.cpp",320,331,false,"}

QString flowControlToString( QSerialPort::FlowControl flowControl )
{
    switch ( flowControl ) {
    case QSerialPort::NoFlowControl:
        return QStringLiteral( ""none"" );
    case QSerialPort::HardwareControl:
        return QStringLiteral( ""hardware"" );
    case QSerialPort::SoftwareControl:
        return QStringLiteral( ""software"" );
    }
    return QStringLiteral( ""unknown"" );
}

QVariantMap settingsToVariantMap( const CommanderComSettings& settings )
",""
"Function:src/app/scenarioheadlessrunner.cpp:settingsToVariantMap","settingsToVariantMap","src/app/scenarioheadlessrunner.cpp",333,383,false,"}

QVariantMap settingsToVariantMap( const CommanderComSettings& settings )
{
    QVariantMap map;
    if ( !settings.portName.isEmpty() ) {
        map.insert( QStringLiteral( ""portName"" ), settings.portName );
    }
    if ( settings.filePath ) {
        map.insert( QStringLiteral( ""filePath"" ), *settings.filePath );
    }
    if ( settings.baudRate ) {
        map.insert( QStringLiteral( ""baudRate"" ), *settings.baudRate );
    }
    if ( settings.dataBits ) {
        switch ( *settings.dataBits ) {
        case QSerialPort::Data5:
            map.insert( QStringLiteral( ""dataBits"" ), 5 );
            break;
        case QSerialPort::Data6:
            map.insert( QStringLiteral( ""dataBits"" ), 6 );
            break;
        case QSerialPort::Data7:
            map.insert( QStringLiteral( ""dataBits"" ), 7 );
            break;
        case QSerialPort::Data8:
            map.insert( QStringLiteral( ""dataBits"" ), 8 );
            break;
        }
    }
    if ( settings.parity ) {
        map.insert( QStringLiteral( ""parity"" ), parityToString( *settings.parity ) );
    }
    if ( settings.stopBits ) {
        map.insert( QStringLiteral( ""stopBits"" ), stopBitsToString( *settings.stopBits ) );
    }
    if ( settings.flowControl ) {
        map.insert( QStringLiteral( ""flowControl"" ), flowControlToString( *settings.flowControl ) );
    }
    if ( settings.addTimestamps ) {
        map.insert( QStringLiteral( ""addTimestamps"" ), *settings.addTimestamps );
    }
    if ( settings.timestampFormat ) {
        map.insert( QStringLiteral( ""timestampFormat"" ), *settings.timestampFormat );
    }
    if ( settings.logTransmits ) {
        map.insert( QStringLiteral( ""logTransmits"" ), *settings.logTransmits );
    }
    if ( settings.useForActions ) {
        map.insert( QStringLiteral( ""useForActions"" ), *settings.useForActions );
    }
    return map;
}

LoadJsonResult loadJsonObject( const QString& path )
",""
"Function:src/app/scenarioheadlessrunner.cpp:loadJsonObject","loadJsonObject","src/app/scenarioheadlessrunner.cpp",385,399,false,"}

LoadJsonResult loadJsonObject( const QString& path )
{
    QFile file( path );
    if ( !file.open( QIODevice::ReadOnly ) ) {
        return { {}, QObject::tr( ""Failed to open %1: %2"" ).arg( path, file.errorString() ) };
    }

    QJsonParseError parseError;
    const auto document = QJsonDocument::fromJson( file.readAll(), &parseError );
    if ( parseError.error != QJsonParseError::NoError || !document.isObject() ) {
        return { {}, QObject::tr( ""Invalid JSON object in %1."" ).arg( path ) };
    }

    return { document.object(), {} };
}

std::optional<SuiteDefinition> loadSuiteDefinition( const QString& suiteFilePath, QStringList* errors )
",""
"Function:src/app/scenarioheadlessrunner.cpp:file","file","src/app/scenarioheadlessrunner.cpp",387,387,false,"LoadJsonResult loadJsonObject( const QString& path )
{
    QFile file( path );
    if ( !file.open( QIODevice::ReadOnly ) ) {
        return { {}, QObject::tr( ""Failed to open %1: %2"" ).arg( path, file.errorString() ) };
",""
"Function:src/app/scenarioheadlessrunner.cpp:loadSuiteDefinition","loadSuiteDefinition","src/app/scenarioheadlessrunner.cpp",401,511,false,"}

std::optional<SuiteDefinition> loadSuiteDefinition( const QString& suiteFilePath, QStringList* errors )
{
    const auto loadResult = loadJsonObject( suiteFilePath );
    if ( !loadResult.error.isEmpty() ) {
        errors->push_back( loadResult.error );
        return std::nullopt;
    }

    const QFileInfo suiteInfo( suiteFilePath );
    const auto suiteObject = loadResult.object;

    SuiteDefinition suite;
    suite.suiteFilePath = suiteInfo.absoluteFilePath();
    suite.suiteId = optionalString( suiteObject, QStringLiteral( ""suiteId"" ) );
    suite.suiteName = optionalString( suiteObject, QStringLiteral( ""name"" ) );
    if ( suite.suiteId.isEmpty() ) {
        suite.suiteId = suiteInfo.completeBaseName();
    }
    if ( suite.suiteName.isEmpty() ) {
        suite.suiteName = suiteInfo.completeBaseName();
    }

    const auto devicesValue = suiteObject.value( QStringLiteral( ""devices"" ) );
    if ( devicesValue.isObject() ) {
        const auto devicesObject = devicesValue.toObject();
        for ( auto it = devicesObject.begin(); it != devicesObject.end(); ++it ) {
            if ( !it.value().isObject() ) {
                errors->push_back(
                    QObject::tr( ""Device %1 in %2 must be a JSON object."" ).arg( it.key(), suiteFilePath ) );
                continue;
            }

            LogicalDeviceDefinition device;
            device.name = it.key();
            device.settings = parseComSettings( it.value().toObject(), errors,
                                                QStringLiteral( ""Device %1"" ).arg( it.key() ),
                                                false );
            suite.devices.push_back( device );
        }
    }

    const auto scenariosValue = suiteObject.value( QStringLiteral( ""scenarios"" ) );
    if ( !scenariosValue.isArray() ) {
        errors->push_back( QObject::tr( ""Suite %1 must contain a scenarios array."" ).arg( suiteFilePath ) );
        return std::nullopt;
    }

    const auto suiteBaseDir = suiteInfo.absolutePath();
    for ( const auto& scenarioValue : scenariosValue.toArray() ) {
        if ( !scenarioValue.isObject() ) {
            errors->push_back(
                QObject::tr( ""Each scenario entry in %1 must be a JSON object."" ).arg( suiteFilePath ) );
            continue;
        }

        const auto object = scenarioValue.toObject();
        SuiteScenarioEntry entry;
        entry.scenarioFilePath = absolutePath(
            suiteBaseDir, optionalString( object, QStringLiteral( ""scenarioFile"" ) ) );
        entry.argsJsonFilePath
            = absolutePath( suiteBaseDir, optionalString( object, QStringLiteral( ""argsJsonFile"" ) ) );
        entry.enabled = !object.contains( QStringLiteral( ""enabled"" ) )
                        || object.value( QStringLiteral( ""enabled"" ) ).toBool( true );

        if ( entry.scenarioFilePath.isEmpty() ) {
            errors->push_back(
                QObject::tr( ""Suite %1 contains a scenario entry without scenarioFile."" ).arg( suiteFilePath ) );
            continue;
        }
        if ( !QFileInfo::exists( entry.scenarioFilePath ) ) {
            errors->push_back(
                QObject::tr( ""Scenario file %1 was not found."" ).arg( entry.scenarioFilePath ) );
        }
        if ( !entry.argsJsonFilePath.isEmpty() && !QFileInfo::exists( entry.argsJsonFilePath ) ) {
            errors->push_back(
                QObject::tr( ""Scenario args file %1 was not found."" ).arg( entry.argsJsonFilePath ) );
        }

        const auto requiredDevicesValue = object.value( QStringLiteral( ""requiredDevices"" ) );
        if ( requiredDevicesValue.isArray() ) {
            for ( const auto& value : requiredDevicesValue.toArray() ) {
                if ( value.isString() ) {
                    entry.requiredDevices.push_back( value.toString().trimmed() );
                }
            }
        }
        suite.scenarios.push_back( entry );
    }

    for ( const auto& entry : suite.scenarios ) {
        for ( const auto& deviceName : entry.requiredDevices ) {
            suite.requiredDevices.push_back( deviceName );
            const auto declared = std::any_of(
                suite.devices.cbegin(), suite.devices.cend(),
                [ &deviceName ]( const LogicalDeviceDefinition& device ) { return device.name == deviceName; } );
            if ( !declared ) {
                errors->push_back(
                    QObject::tr( ""Scenario file %1 references undeclared logical device %2."" )
                        .arg( entry.scenarioFilePath, deviceName ) );
            }
        }
    }

    if ( suite.requiredDevices.isEmpty() ) {
        for ( const auto& device : suite.devices ) {
            suite.requiredDevices.push_back( device.name );
        }
    }
    suite.requiredDevices.removeDuplicates();
    return suite;
}

std::optional<QMap<QString, CommanderComSettings>> loadDevice
... [truncated]",""
"Function:src/app/scenarioheadlessrunner.cpp:suiteInfo","suiteInfo","src/app/scenarioheadlessrunner.cpp",409,409,false,"    }

    const QFileInfo suiteInfo( suiteFilePath );
    const auto suiteObject = loadResult.object;

",""
"Function:src/app/scenarioheadlessrunner.cpp:loadDeviceMap","loadDeviceMap","src/app/scenarioheadlessrunner.cpp",513,554,false,"}

std::optional<QMap<QString, CommanderComSettings>> loadDeviceMap( const QString& deviceMapFilePath,
                                                                  QStringList* errors )
{
    if ( deviceMapFilePath.isEmpty() ) {
        return QMap<QString, CommanderComSettings>{};
    }

    const auto loadResult = loadJsonObject( deviceMapFilePath );
    if ( !loadResult.error.isEmpty() ) {
        errors->push_back( loadResult.error );
        return std::nullopt;
    }

    QJsonObject devicesObject = loadResult.object;
    if ( const auto nested = loadResult.object.value( QStringLiteral( ""devices"" ) ); nested.isObject() ) {
        devicesObject = nested.toObject();
    }

    QMap<QString, CommanderComSettings> deviceMap;
    for ( auto it = devicesObject.begin(); it != devicesObject.end(); ++it ) {
        CommanderComSettings settings;
        if ( it.value().isString() ) {
            settings.portName = it.value().toString().trimmed();
        }
        else if ( it.value().isObject() ) {
            settings = parseComSettings( it.value().toObject(), errors,
                                         QStringLiteral( ""Device map entry %1"" ).arg( it.key() ), true );
        }
        else {
            errors->push_back(
                QObject::tr( ""Device map entry %1 must be a string or JSON object."" ).arg( it.key() ) );
            continue;
        }

        if ( settings.portName.isEmpty() ) {
            errors->push_back(
                QObject::tr( ""Device map entry %1 is missing a port name."" ).arg( it.key() ) );
        }
        deviceMap.insert( it.key(), settings );
    }
    return deviceMap;
}

QVariantMap buildDeviceBindingPayload( const ResolvedDeviceBinding& binding )
",""
"Function:src/app/scenarioheadlessrunner.cpp:buildDeviceBindingPayload","buildDeviceBindingPayload","src/app/scenarioheadlessrunner.cpp",556,569,false,"}

QVariantMap buildDeviceBindingPayload( const ResolvedDeviceBinding& binding )
{
    QVariantMap payload;
    payload.insert( QStringLiteral( ""logicalName"" ), binding.logicalName );
    payload.insert( QStringLiteral( ""portName"" ), binding.settings.portName );
    payload.insert( QStringLiteral( ""tabId"" ), binding.tabId );
    payload.insert( QStringLiteral( ""windowIndex"" ), binding.windowIndex );
    payload.insert( QStringLiteral( ""tabIndex"" ), binding.tabIndex );
    payload.insert( QStringLiteral( ""displayName"" ), binding.displayName );
    payload.insert( QStringLiteral( ""filePath"" ), binding.filePath );
    payload.insert( QStringLiteral( ""captureFilePath"" ), binding.captureFilePath );
    payload.insert( QStringLiteral( ""settings"" ), settingsToVariantMap( binding.settings ) );
    return payload;
}

QVariantMap buildHeadlessFailureReport( const QString& suiteId, const QString& suiteName,
",""
"Function:src/app/scenarioheadlessrunner.cpp:buildHeadlessFailureReport","buildHeadlessFailureReport","src/app/scenarioheadlessrunner.cpp",571,603,false,"}

QVariantMap buildHeadlessFailureReport( const QString& suiteId, const QString& suiteName,
                                        const QString& reportJsonPath, const QString& reportJunitPath,
                                        const QString& errorText,
                                        const QVariantList& deviceBindings )
{
    QVariantMap counts;
    counts.insert( QStringLiteral( ""total"" ), 0 );
    counts.insert( QStringLiteral( ""passed"" ), 0 );
    counts.insert( QStringLiteral( ""failed"" ), 1 );
    counts.insert( QStringLiteral( ""skipped"" ), 0 );
    counts.insert( QStringLiteral( ""cancelled"" ), 0 );

    QVariantMap infrastructure;
    infrastructure.insert( QStringLiteral( ""status"" ), QStringLiteral( ""failed"" ) );
    infrastructure.insert( QStringLiteral( ""error"" ), errorText );
    infrastructure.insert( QStringLiteral( ""deviceBindings"" ), deviceBindings );

    QVariantMap report;
    report.insert( QStringLiteral( ""suiteId"" ), suiteId );
    report.insert( QStringLiteral( ""suiteName"" ), suiteName );
    report.insert( QStringLiteral( ""status"" ), QStringLiteral( ""failed"" ) );
    report.insert( QStringLiteral( ""startedAt"" ),
                   QDateTime::currentDateTimeUtc().toString( Qt::ISODateWithMs ) );
    report.insert( QStringLiteral( ""finishedAt"" ),
                   QDateTime::currentDateTimeUtc().toString( Qt::ISODateWithMs ) );
    report.insert( QStringLiteral( ""counts"" ), counts );
    report.insert( QStringLiteral( ""scenarios"" ), QVariantList{} );
    report.insert( QStringLiteral( ""infrastructure"" ), infrastructure );
    report.insert( QStringLiteral( ""deviceBindings"" ), deviceBindings );
    report.insert( QStringLiteral( ""reportJsonFile"" ), reportJsonPath );
    report.insert( QStringLiteral( ""reportJunitFile"" ), reportJunitPath );
    return report;
}

bool writeJsonReport( const QString& path, const QVariantMap& payload, QString* errorMessage )
",""
"Function:src/app/scenarioheadlessrunner.cpp:writeJsonReport","writeJsonReport","src/app/scenarioheadlessrunner.cpp",605,617,false,"}

bool writeJsonReport( const QString& path, const QVariantMap& payload, QString* errorMessage )
{
    QFile file( path );
    if ( !file.open( QIODevice::WriteOnly | QIODevice::Truncate ) ) {
        if ( errorMessage != nullptr ) {
            *errorMessage
                = QObject::tr( ""Failed to write report file %1: %2"" ).arg( path, file.errorString() );
        }
        return false;
    }
    file.write( QJsonDocument::fromVariant( payload ).toJson( QJsonDocument::Indented ) );
    return true;
}

bool writeJunitFailureReport( const QString& path, const QString& suiteName, const QString& errorText,
",""
"Function:src/app/scenarioheadlessrunner.cpp:writeJunitFailureReport","writeJunitFailureReport","src/app/scenarioheadlessrunner.cpp",619,650,false,"}

bool writeJunitFailureReport( const QString& path, const QString& suiteName, const QString& errorText,
                              QString* errorMessage )
{
    QFile file( path );
    if ( !file.open( QIODevice::WriteOnly | QIODevice::Truncate ) ) {
        if ( errorMessage != nullptr ) {
            *errorMessage
                = QObject::tr( ""Failed to write report file %1: %2"" ).arg( path, file.errorString() );
        }
        return false;
    }

    QXmlStreamWriter xml( &file );
    xml.setAutoFormatting( true );
    xml.writeStartDocument();
    xml.writeStartElement( QStringLiteral( ""testsuite"" ) );
    xml.writeAttribute( QStringLiteral( ""name"" ), suiteName );
    xml.writeAttribute( QStringLiteral( ""tests"" ), QStringLiteral( ""1"" ) );
    xml.writeAttribute( QStringLiteral( ""failures"" ), QStringLiteral( ""1"" ) );
    xml.writeAttribute( QStringLiteral( ""skipped"" ), QStringLiteral( ""0"" ) );
    xml.writeStartElement( QStringLiteral( ""testcase"" ) );
    xml.writeAttribute( QStringLiteral( ""name"" ), QStringLiteral( ""Infrastructure"" ) );
    xml.writeAttribute( QStringLiteral( ""classname"" ), suiteName );
    xml.writeStartElement( QStringLiteral( ""failure"" ) );
    xml.writeAttribute( QStringLiteral( ""message"" ), errorText );
    xml.writeCharacters( errorText );
    xml.writeEndElement();
    xml.writeEndElement();
    xml.writeEndElement();
    xml.writeEndDocument();
    return true;
}

bool isTerminalScenarioState( const QString& state )
",""
"Function:src/app/scenarioheadlessrunner.cpp:isTerminalScenarioState","isTerminalScenarioState","src/app/scenarioheadlessrunner.cpp",652,656,false,"}

bool isTerminalScenarioState( const QString& state )
{
    return state == QStringLiteral( ""finished"" ) || state == QStringLiteral( ""failed"" )
           || state == QStringLiteral( ""cancelled"" );
}
} // namespace

",""
"Function:src/app/scenarioheadlessrunner.cpp:reportDir","reportDir","src/app/scenarioheadlessrunner.cpp",766,766,true,"                                ? QCoreApplication::applicationDirPath()
                                : QFileInfo( request.reportDirPath ).absoluteFilePath();
    QDir reportDir( reportRoot );
    reportDir.mkpath( QStringLiteral( ""."" ) );
    reportDir.mkpath( QStringLiteral( ""captures"" ) );
",""
"Function:src/app/main.cpp:setApplicationAttributes","setApplicationAttributes","src/app/main.cpp",93,135,true,"#endif

void setApplicationAttributes( bool enableQtHdpi, int scaleFactorRounding )
{
    // When QNetworkAccessManager is instantiated it regularly starts polling
    // all network interfaces to see if anything changes and if so, what. This
    // creates a latency spike every 10 seconds on Mac OS 10.12+ and Windows 7 >=
    // when on a wifi connection.
    // So here we disable it for lack of better measure.
    // This will also cause this message: QObject::startTimer: Timers cannot
    // have negative intervals
    // For more info see:
    // - https://bugreports.qt.io/browse/QTBUG-40332
    // - https://bugreports.qt.io/browse/QTBUG-46015
    qputenv( ""QT_BEARER_POLL_TIMEOUT"", QByteArray::number( std::numeric_limits<int>::max() ) );

#if QT_VERSION < QT_VERSION_CHECK( 6, 0, 0 )
#ifdef Q_OS_WIN
    QCoreApplication::setAttribute( Qt::AA_DisableWindowContextHelpButton );
#endif

    if ( !enableQtHdpi ) {
        QCoreApplication::setAttribute( Qt::AA_DisableHighDpiScaling );
    }
    else {

#if QT_VERSION >= QT_VERSION_CHECK( 5, 14, 0 )
        QGuiApplication::setHighDpiScaleFactorRoundingPolicy(
            static_cast<Qt::HighDpiScaleFactorRoundingPolicy>( scaleFactorRounding ) );
#else
        Q_UNUSED( scaleFactorRounding );
#endif

        // This attribute must be set before QGuiApplication is constructed:
        QCoreApplication::setAttribute( Qt::AA_EnableHighDpiScaling );
        // We support high-dpi (aka Retina) displays
        QCoreApplication::setAttribute( Qt::AA_UseHighDpiPixmaps );
    }
#else
    Q_UNUSED( enableQtHdpi );
    Q_UNUSED( scaleFactorRounding );
#endif

    QCoreApplication::setAttribute( Qt::AA_DontShowIconsInMenus );
}

class StartupSplashScreen final : public QSplashScreen {
",""
"Function:src/app/main.cpp:ensureCliConsoleAttached","ensureCliConsoleAttached","src/app/main.cpp",212,239,false,"
namespace {
void ensureCliConsoleAttached()
{
#ifdef Q_OS_WIN
    const auto hasUsableStdHandle = []( DWORD handleId ) {
        const HANDLE handle = GetStdHandle( handleId );
        if ( handle == nullptr || handle == INVALID_HANDLE_VALUE ) {
            return false;
        }

        return GetFileType( handle ) != FILE_TYPE_UNKNOWN;
    };

    static bool consoleInitialized = false;
    if ( !consoleInitialized ) {
        consoleInitialized = true;
        if ( hasUsableStdHandle( STD_OUTPUT_HANDLE ) || hasUsableStdHandle( STD_ERROR_HANDLE ) ) {
            return;
        }

        if ( GetConsoleWindow() == nullptr && AttachConsole( ATTACH_PARENT_PROCESS ) ) {
            FILE* stream = nullptr;
            freopen_s( &stream, ""CONOUT$"", ""w"", stdout );
            freopen_s( &stream, ""CONOUT$"", ""w"", stderr );
            freopen_s( &stream, ""CONIN$"", ""r"", stdin );
        }
    }
#endif
}

void writeCliMessage( const QString& message, bool toStderr = false )
",""
"Function:src/app/main.cpp:writeCliMessage","writeCliMessage","src/app/main.cpp",241,264,false,"}

void writeCliMessage( const QString& message, bool toStderr = false )
{
    if ( message.isEmpty() ) {
        return;
    }

    ensureCliConsoleAttached();

    auto output = message;
    if ( !output.endsWith( '\n' ) ) {
        output += '\n';
    }

    const auto bytes = output.toLocal8Bit();
    auto* stream = toStderr ? stderr : stdout;
    std::fwrite( bytes.constData(), 1, static_cast<size_t>( bytes.size() ), stream );
    std::fflush( stream );
#ifdef Q_OS_WIN
    if ( !toStderr ) {
        std::fwrite( bytes.constData(), 1, static_cast<size_t>( bytes.size() ), stderr );
        std::fflush( stderr );
    }
#endif
}

void writeCliBytes( const QByteArray& bytes, bool toStderr = false, bool mirrorStdoutToStderr = false )
",""
"Function:src/app/main.cpp:writeCliBytes","writeCliBytes","src/app/main.cpp",266,307,false,"}

void writeCliBytes( const QByteArray& bytes, bool toStderr = false, bool mirrorStdoutToStderr = false )
{
    Q_UNUSED( mirrorStdoutToStderr );

    if ( bytes.isEmpty() ) {
        return;
    }

    ensureCliConsoleAttached();

#ifdef Q_OS_WIN
    const auto writeToHandle = [ &bytes ]( DWORD stdHandleId ) {
        const HANDLE handle = GetStdHandle( stdHandleId );
        if ( handle == nullptr || handle == INVALID_HANDLE_VALUE ) {
            return false;
        }

        DWORD bytesWritten = 0;
        return WriteFile( handle, bytes.constData(), static_cast<DWORD>( bytes.size() ), &bytesWritten,
                          nullptr )
               != FALSE;
    };

    const bool wroteToPrimaryHandle = writeToHandle( toStderr ? STD_ERROR_HANDLE : STD_OUTPUT_HANDLE );
    if ( mirrorStdoutToStderr && !toStderr ) {
        writeToHandle( STD_ERROR_HANDLE );
    }
    if ( wroteToPrimaryHandle ) {
        return;
    }
#endif

    auto* stream = toStderr ? stderr : stdout;
    std::fwrite( bytes.constData(), 1, static_cast<size_t>( bytes.size() ), stream );
    std::fflush( stream );
#ifdef Q_OS_WIN
    if ( mirrorStdoutToStderr && !toStderr ) {
        std::fwrite( bytes.constData(), 1, static_cast<size_t>( bytes.size() ), stderr );
        std::fflush( stderr );
    }
#endif
}

QByteArray jsonIndent( int depth )
",""
"Function:src/app/main.cpp:jsonIndent","jsonIndent","src/app/main.cpp",309,312,false,"}

QByteArray jsonIndent( int depth )
{
    return QByteArray( depth * 2, ' ' );
}

QByteArray jsonString( const QString& value )
",""
"Function:src/app/main.cpp:jsonString","jsonString","src/app/main.cpp",314,359,false,"}

QByteArray jsonString( const QString& value )
{
    QByteArray result;
    result.reserve( value.size() + 2 );
    result.append( '""' );

    for ( const auto ch : value ) {
        switch ( ch.unicode() ) {
        case '\""':
            result.append( ""\\\"""" );
            break;
        case '\\':
            result.append( ""\\\\"" );
            break;
        case '\b':
            result.append( ""\\b"" );
            break;
        case '\f':
            result.append( ""\\f"" );
            break;
        case '\n':
            result.append( ""\\n"" );
            break;
        case '\r':
            result.append( ""\\r"" );
            break;
        case '\t':
            result.append( ""\\t"" );
            break;
        default:
            if ( ch.unicode() < 0x20 ) {
                result.append( QStringLiteral( ""\\u%1"" )
                                   .arg( static_cast<unsigned int>( ch.unicode() ), 4, 16,
                                         QLatin1Char( '0' ) )
                                   .toLatin1() );
            }
            else {
                result.append( QString( ch ).toUtf8() );
            }
            break;
        }
    }

    result.append( '""' );
    return result;
}

void appendJsonValue( QByteArray& output, const QVariant& value, bool pretty, int depth );
",""
"Function:src/app/main.cpp:appendJsonValue","appendJsonValue","src/app/main.cpp",361,361,false,"}

void appendJsonValue( QByteArray& output, const QVariant& value, bool pretty, int depth );

void appendJsonObject( QByteArray& output, const QVariantMap& object, bool pretty, int depth )
",""
"Function:src/app/main.cpp:appendJsonObject","appendJsonObject","src/app/main.cpp",363,395,false,"void appendJsonValue( QByteArray& output, const QVariant& value, bool pretty, int depth );

void appendJsonObject( QByteArray& output, const QVariantMap& object, bool pretty, int depth )
{
    output.append( '{' );
    if ( object.isEmpty() ) {
        output.append( '}' );
        return;
    }

    bool first = true;
    for ( auto it = object.cbegin(); it != object.cend(); ++it ) {
        if ( first ) {
            first = false;
        }
        else {
            output.append( ',' );
        }

        if ( pretty ) {
            output.append( '\n' );
            output.append( jsonIndent( depth + 1 ) );
        }

        output.append( jsonString( it.key() ) );
        output.append( pretty ? "": "" : "":"" );
        appendJsonValue( output, it.value(), pretty, depth + 1 );
    }

    if ( pretty ) {
        output.append( '\n' );
        output.append( jsonIndent( depth ) );
    }
    output.append( '}' );
}

void appendJsonArray( QByteArray& output, const QVariantList& array, bool pretty, int depth )
",""
"Function:src/app/main.cpp:appendJsonArray","appendJsonArray","src/app/main.cpp",397,423,false,"}

void appendJsonArray( QByteArray& output, const QVariantList& array, bool pretty, int depth )
{
    output.append( '[' );
    if ( array.isEmpty() ) {
        output.append( ']' );
        return;
    }

    for ( qsizetype i = 0; i < array.size(); ++i ) {
        if ( i > 0 ) {
            output.append( ',' );
        }

        if ( pretty ) {
            output.append( '\n' );
            output.append( jsonIndent( depth + 1 ) );
        }

        appendJsonValue( output, array.at( i ), pretty, depth + 1 );
    }

    if ( pretty ) {
        output.append( '\n' );
        output.append( jsonIndent( depth ) );
    }
    output.append( ']' );
}

void appendJsonValue( QByteArray& output, const QVariant& value, bool pretty, int depth )
",""
"Function:src/app/main.cpp:writeCliPayload","writeCliPayload","src/app/main.cpp",461,471,false,"}

void writeCliPayload( const QVariantMap& payload, bool pretty = false )
{
    if ( payload.isEmpty() ) {
        return;
    }

    QByteArray bytes;
    appendJsonObject( bytes, payload, pretty, 0 );
    bytes.append( '\n' );
    writeCliBytes( bytes, false, true );
}

bool writeCliPayloadToFile( const QString& path, const QVariantMap& payload, bool pretty = false )
",""
"Function:src/app/main.cpp:writeCliPayloadToFile","writeCliPayloadToFile","src/app/main.cpp",473,495,false,"}

bool writeCliPayloadToFile( const QString& path, const QVariantMap& payload, bool pretty = false )
{
    if ( path.isEmpty() ) {
        return false;
    }

    QByteArray bytes;
    appendJsonObject( bytes, payload, pretty, 0 );
    bytes.append( '\n' );

    QSaveFile outputFile{ path };
    if ( !outputFile.open( QIODevice::WriteOnly ) ) {
        return false;
    }

    const auto written = outputFile.write( bytes );
    if ( written != bytes.size() ) {
        outputFile.cancelWriting();
        return false;
    }

    return outputFile.commit();
}

bool writeLabArtifacts( const QVariantMap& payload, const QString& outputDirPath, QString* errorMessage )
",""
"Function:src/app/main.cpp:writeLabArtifacts","writeLabArtifacts","src/app/main.cpp",497,520,false,"}

bool writeLabArtifacts( const QVariantMap& payload, const QString& outputDirPath, QString* errorMessage )
{
    QDir().mkpath( outputDirPath );
    for ( const auto& artifactValue : payload.value( QStringLiteral( ""artifacts"" ) ).toList() ) {
        const auto artifact = artifactValue.toMap();
        const auto name = artifact.value( QStringLiteral( ""name"" ) ).toString();
        if ( name.isEmpty() ) {
            continue;
        }

        QFile file( QDir( outputDirPath ).filePath( name ) );
        if ( !file.open( QIODevice::WriteOnly | QIODevice::Truncate ) ) {
            if ( errorMessage != nullptr ) {
                *errorMessage = QObject::tr( ""Failed to write artifact %1: %2"" )
                                    .arg( file.fileName(), file.errorString() );
            }
            return false;
        }
        file.write( QByteArray::fromBase64(
            artifact.value( QStringLiteral( ""dataBase64"" ) ).toByteArray(),
            QByteArray::Base64Encoding ) );
    }
    return true;
}
} // namespace

",""
"Function:src/app/main.cpp:main","main","src/app/main.cpp",523,847,true,"} // namespace

int main( int argc, char* argv[] )
{
#ifdef KLOGG_USE_MIMALLOC
    mi_process_init();
#endif

    const auto& config = Configuration::getSynced();
    setApplicationAttributes( config.enableQtHighDpi(), config.scaleFactorRounding() );

    KloggApp app( argc, argv );


    MainWindow::installLanguage( config.language() );
    CliParameters parameters( app );
    if ( parameters.exit_requested ) {
        writeCliMessage( parameters.exit_message, parameters.exit_code != EXIT_SUCCESS );
        return parameters.exit_code;
    }
    if ( parameters.parse_error ) {
        writeCliMessage( parameters.parse_error_message, true );
        return EXIT_FAILURE;
    }

    if ( parameters.lab_request ) {
        StyleManager::applyStyle( config.style() );

        if ( parameters.lab_request->mode == LabCliMode::ControllerServe ) {
            LabControllerService controller;
            QString errorMessage;
            if ( !controller.start( *parameters.lab_request, &errorMessage ) ) {
                writeCliMessage( errorMessage, true );
                return EXIT_FAILURE;
            }
            writeCliMessage(
                QObject::tr( ""Lab controller listening on %1:%2"" )
                    .arg( parameters.lab_request->listenAddress )
                    .arg( parameters.lab_request->listenPort ) );
            return app.exec();
        }

        if ( parameters.lab_request->mode == LabCliMode::AgentRun ) {
            LabAgentRunner agent( app );
            QString errorMessage;
            if ( !agent.start( *parameters.lab_request, &errorMessage ) ) {
                writeCliMessage( errorMessage, true );
                return EXIT_FAILURE;
            }
            writeCliMessage(
                QObject::tr( ""Lab agent %1 connected to %2"" )
                    .arg( QFileInfo( parameters.lab_request->agentConfigPath ).completeBaseName(),
                          parameters.lab_request->controllerUrl ) );
            return app.exec();
        }

        LabClient client;
        QString errorMessage;
        if ( !client.loadToken( parameters.lab_request->tokenFilePath, &errorMessage ) ) {
            writeCliMessage( errorMessage, true );
            return EXIT_FAILURE;
        }

        QVariantMap payload;
        switch ( parameters.lab_request->mode ) {
        case LabCliMode::Submit: {
            const auto bundle = loadLabJobBundle( *parameters.lab_request, &errorMessage );
            if ( !bundle ) {
                writeCliMessage( errorMessage, true );
                return 2;
            }
            payload = client.submit( parameters.lab_request->controllerUrl, *bundle, &errorMessage );
            break;
        }
        case LabCliMode::Queue:
            payload = client.queue( parameters.lab_request->controllerUrl, &errorMessage );
            break;
        case LabCliMode::Status:
            payload = client.status( parameters.lab_request->controllerUrl, parameters.lab_request->jobId,
                                     &errorMessage );
            break;
        case LabCliMode::Cancel:
            payload = client.cancel( parameters.lab_request->controllerUrl, parameters.lab_request->jobId,
                                     &errorMessage );
            break;
        case LabCliMode::Agents:
            payload = client.agents( parameters.lab_request->controllerUrl, &errorMessage );
            break;
        case LabCliMode::Artifacts:
            payload = client.artifacts( parameters.lab_request->controllerUrl,
                                        parameters.lab_request->jobId, &errorMessage );
            if ( errorMessage.isEmpty()
                 && !writeLabArtifacts( payload, parameters.lab_request->outputDirPath, &errorMessage ) ) {
                payload.clear();
            }
            else if ( errorMessage.isEmpty() ) {
                payload.insert( QStringLiteral( ""outputDir"" ),
                                QFileInfo( parameters.lab_request->outputDirPath ).absoluteFilePath() );
            }
            break;
        case LabCliMode::None:
        case LabCliMode::ControllerServe:
        case LabCliMode::AgentRun:
            break;
        }

        if ( payload.isEmpty() && !errorMessage.isEmpty() ) {
            writeCliMessage( errorMessage, true );
            return 2;
        }

        writeCliPayload( payload, parameters.lab_request->prettyOutput );
        return EXIT_SUCCESS;
    }

    const bool automationDumpRequested
        = parameters.dump_ui_tree || !parameters.dump_state_json_path.isEmpty();
    const bool automationMode
        = automationDumpRequested || qEnvironmentVariableIntValue( ""CILOGG_AUTOMATION"" ) > 0;
    const QSize automationWindowSize
        = ( parameters.window_width > 0 && parameters.window_height > 0 )
              ? QSize( parameters.window_width, p
... [truncated]",""
"Function:src/app/main.cpp:app","app","src/app/main.cpp",532,532,true,"    setApplicationAttributes( config.enableQtHighDpi(), config.scaleFactorRounding() );

    KloggApp app( argc, argv );


",""
"Function:src/app/main.cpp:parameters","parameters","src/app/main.cpp",536,536,true,"
    MainWindow::installLanguage( config.language() );
    CliParameters parameters( app );
    if ( parameters.exit_requested ) {
        writeCliMessage( parameters.exit_message, parameters.exit_code != EXIT_SUCCESS );
",""
"Function:src/app/main.cpp:agent","agent","src/app/main.cpp",564,564,true,"
        if ( parameters.lab_request->mode == LabCliMode::AgentRun ) {
            LabAgentRunner agent( app );
            QString errorMessage;
            if ( !agent.start( *parameters.lab_request, &errorMessage ) ) {
",""
"Function:src/app/main.cpp:runner","runner","src/app/main.cpp",656,656,true,"        StyleManager::applyStyle( config.style() );

        ScenarioHeadlessRunner runner( app );
        const auto batchResult = runner.run( *parameters.scenario_batch_request );
        if ( batchResult.hasPayload() ) {
",""
"Function:src/app/main.cpp:concurrencyControl","concurrencyControl","src/app/main.cpp",691,692,true,"        maxConcurrency = 2;
        LOG_INFO << ""Overriding default concurrency to "" << maxConcurrency;
        tbb::global_control concurrencyControl( tbb::global_control::max_allowed_parallelism,
                                                maxConcurrency );
        QThreadPool::globalInstance()->setMaxThreadCount( static_cast<int>( maxConcurrency ) );
    }
",""
"Function:src/app/main.cpp:splash","splash","src/app/main.cpp",745,745,true,"        splashPixmap.fill( QColor( 30, 30, 30 ) );
    }
    StartupSplashScreen splash( splashPixmap );
    splash.show();
    app.setStartupBootstrapGeometry( splash.frameGeometry().topLeft() );
",""
"Function:src/app/labtypes.h:commanderComSettingsToVariantMap","commanderComSettingsToVariantMap","src/app/labtypes.h",59,59,true,"};

QVariantMap commanderComSettingsToVariantMap( const CommanderComSettings& settings );
CommanderComSettings commanderComSettingsFromVariantMap( const QVariantMap& map );

",""
"Function:src/app/labtypes.h:commanderComSettingsFromVariantMap","commanderComSettingsFromVariantMap","src/app/labtypes.h",60,60,true,"
QVariantMap commanderComSettingsToVariantMap( const CommanderComSettings& settings );
CommanderComSettings commanderComSettingsFromVariantMap( const QVariantMap& map );

QVariantMap labLogicalDeviceToVariantMap( const LabLogicalDeviceDefinition& device );
",""
"Function:src/app/labtypes.h:labLogicalDeviceToVariantMap","labLogicalDeviceToVariantMap","src/app/labtypes.h",62,62,true,"CommanderComSettings commanderComSettingsFromVariantMap( const QVariantMap& map );

QVariantMap labLogicalDeviceToVariantMap( const LabLogicalDeviceDefinition& device );
LabLogicalDeviceDefinition labLogicalDeviceFromVariantMap( const QVariantMap& map );

",""
"Function:src/app/labtypes.h:labLogicalDeviceFromVariantMap","labLogicalDeviceFromVariantMap","src/app/labtypes.h",63,63,true,"
QVariantMap labLogicalDeviceToVariantMap( const LabLogicalDeviceDefinition& device );
LabLogicalDeviceDefinition labLogicalDeviceFromVariantMap( const QVariantMap& map );

QVariantMap labAgentPortToVariantMap( const LabAgentPortDefinition& port );
",""
"Function:src/app/labtypes.h:labAgentPortToVariantMap","labAgentPortToVariantMap","src/app/labtypes.h",65,65,true,"LabLogicalDeviceDefinition labLogicalDeviceFromVariantMap( const QVariantMap& map );

QVariantMap labAgentPortToVariantMap( const LabAgentPortDefinition& port );
LabAgentPortDefinition labAgentPortFromVariantMap( const QVariantMap& map );

",""
"Function:src/app/labtypes.h:labAgentPortFromVariantMap","labAgentPortFromVariantMap","src/app/labtypes.h",66,66,true,"
QVariantMap labAgentPortToVariantMap( const LabAgentPortDefinition& port );
LabAgentPortDefinition labAgentPortFromVariantMap( const QVariantMap& map );

QVariantMap labAgentConfigToVariantMap( const LabAgentConfig& config );
",""
"Function:src/app/labtypes.h:labAgentConfigToVariantMap","labAgentConfigToVariantMap","src/app/labtypes.h",68,68,true,"LabAgentPortDefinition labAgentPortFromVariantMap( const QVariantMap& map );

QVariantMap labAgentConfigToVariantMap( const LabAgentConfig& config );
LabAgentConfig labAgentConfigFromVariantMap( const QVariantMap& map );

",""
"Function:src/app/labtypes.h:labAgentConfigFromVariantMap","labAgentConfigFromVariantMap","src/app/labtypes.h",69,69,true,"
QVariantMap labAgentConfigToVariantMap( const LabAgentConfig& config );
LabAgentConfig labAgentConfigFromVariantMap( const QVariantMap& map );

QVariantMap labBundleFileToVariantMap( const LabBundleFile& file );
",""
"Function:src/app/labtypes.h:labBundleFileToVariantMap","labBundleFileToVariantMap","src/app/labtypes.h",71,71,true,"LabAgentConfig labAgentConfigFromVariantMap( const QVariantMap& map );

QVariantMap labBundleFileToVariantMap( const LabBundleFile& file );
LabBundleFile labBundleFileFromVariantMap( const QVariantMap& map );

",""
"Function:src/app/labtypes.h:labBundleFileFromVariantMap","labBundleFileFromVariantMap","src/app/labtypes.h",72,72,true,"
QVariantMap labBundleFileToVariantMap( const LabBundleFile& file );
LabBundleFile labBundleFileFromVariantMap( const QVariantMap& map );

QVariantMap labJobBundleToVariantMap( const LabJobBundle& bundle );
",""
"Function:src/app/labtypes.h:labJobBundleToVariantMap","labJobBundleToVariantMap","src/app/labtypes.h",74,74,true,"LabBundleFile labBundleFileFromVariantMap( const QVariantMap& map );

QVariantMap labJobBundleToVariantMap( const LabJobBundle& bundle );
LabJobBundle labJobBundleFromVariantMap( const QVariantMap& map );

",""
"Function:src/app/labtypes.h:labJobBundleFromVariantMap","labJobBundleFromVariantMap","src/app/labtypes.h",75,75,true,"
QVariantMap labJobBundleToVariantMap( const LabJobBundle& bundle );
LabJobBundle labJobBundleFromVariantMap( const QVariantMap& map );

QVariantMap labResolvedBindingToVariantMap( const LabResolvedBinding& binding );
",""
"Function:src/app/labtypes.h:labResolvedBindingToVariantMap","labResolvedBindingToVariantMap","src/app/labtypes.h",77,77,true,"LabJobBundle labJobBundleFromVariantMap( const QVariantMap& map );

QVariantMap labResolvedBindingToVariantMap( const LabResolvedBinding& binding );
LabResolvedBinding labResolvedBindingFromVariantMap( const QVariantMap& map );

",""
"Function:src/app/labtypes.h:labResolvedBindingFromVariantMap","labResolvedBindingFromVariantMap","src/app/labtypes.h",78,78,true,"
QVariantMap labResolvedBindingToVariantMap( const LabResolvedBinding& binding );
LabResolvedBinding labResolvedBindingFromVariantMap( const QVariantMap& map );

QVariantMap labStoredArtifactToVariantMap( const LabStoredArtifact& artifact );
",""
"Function:src/app/labtypes.h:labStoredArtifactToVariantMap","labStoredArtifactToVariantMap","src/app/labtypes.h",80,80,true,"LabResolvedBinding labResolvedBindingFromVariantMap( const QVariantMap& map );

QVariantMap labStoredArtifactToVariantMap( const LabStoredArtifact& artifact );
LabStoredArtifact labStoredArtifactFromVariantMap( const QVariantMap& map );
",""
"Function:src/app/labtypes.h:labStoredArtifactFromVariantMap","labStoredArtifactFromVariantMap","src/app/labtypes.h",81,81,true,"
QVariantMap labStoredArtifactToVariantMap( const LabStoredArtifact& artifact );
LabStoredArtifact labStoredArtifactFromVariantMap( const QVariantMap& map );
",""
"Function:src/app/labtypes.cpp:toVariantList","toVariantList","src/app/labtypes.cpp",7,14,false,"namespace {

QVariantList toVariantList( const QStringList& values )
{
    QVariantList result;
    for ( const auto& value : values ) {
        result.push_back( value );
    }
    return result;
}

QStringList toStringList( const QVariant& value )
",""
"Function:src/app/labtypes.cpp:toStringList","toStringList","src/app/labtypes.cpp",16,26,false,"}

QStringList toStringList( const QVariant& value )
{
    QStringList result;
    for ( const auto& item : value.toList() ) {
        const auto text = item.toString().trimmed();
        if ( !text.isEmpty() ) {
            result.push_back( text );
        }
    }
    return result;
}

QVariantList toVariantList( const QList<LabLogicalDeviceDefinition>& values )
",""
"Function:src/app/labtypes.cpp:commanderComSettingsToVariantMap","commanderComSettingsToVariantMap","src/app/labtypes.cpp",57,62,true,"} // namespace

QVariantMap commanderComSettingsToVariantMap( const CommanderComSettings& settings )
{
    CommanderRequest request;
    request.comSettings = settings;
    return commanderRequestToVariantMap( request ).value( QStringLiteral( ""comSettings"" ) ).toMap();
}

CommanderComSettings commanderComSettingsFromVariantMap( const QVariantMap& map )
",""
"Function:src/app/labtypes.cpp:commanderComSettingsFromVariantMap","commanderComSettingsFromVariantMap","src/app/labtypes.cpp",64,158,true,"}

CommanderComSettings commanderComSettingsFromVariantMap( const QVariantMap& map )
{
    CommanderComSettings settings;
    settings.portName = map.value( QStringLiteral( ""portName"" ),
                                   map.value( QStringLiteral( ""port"" ) ) )
                            .toString();
    if ( map.contains( QStringLiteral( ""filePath"" ) ) ) {
        settings.filePath = map.value( QStringLiteral( ""filePath"" ) ).toString();
    }
    if ( map.contains( QStringLiteral( ""baudRate"" ) ) ) {
        settings.baudRate = map.value( QStringLiteral( ""baudRate"" ) ).toInt();
    }
    if ( map.contains( QStringLiteral( ""dataBits"" ) ) ) {
        settings.dataBits
            = static_cast<QSerialPort::DataBits>( map.value( QStringLiteral( ""dataBits"" ) ).toInt() );
    }
    if ( map.contains( QStringLiteral( ""parity"" ) ) ) {
        const auto value = map.value( QStringLiteral( ""parity"" ) );
        if ( value.typeId() == QMetaType::QString ) {
            const auto parity = value.toString().trimmed().toLower();
            if ( parity == QStringLiteral( ""none"" ) ) {
                settings.parity = QSerialPort::NoParity;
            }
            else if ( parity == QStringLiteral( ""even"" ) ) {
                settings.parity = QSerialPort::EvenParity;
            }
            else if ( parity == QStringLiteral( ""odd"" ) ) {
                settings.parity = QSerialPort::OddParity;
            }
            else if ( parity == QStringLiteral( ""mark"" ) ) {
                settings.parity = QSerialPort::MarkParity;
            }
            else if ( parity == QStringLiteral( ""space"" ) ) {
                settings.parity = QSerialPort::SpaceParity;
            }
        }
        else {
            settings.parity = static_cast<QSerialPort::Parity>( value.toInt() );
        }
    }
    if ( map.contains( QStringLiteral( ""stopBits"" ) ) ) {
        const auto value = map.value( QStringLiteral( ""stopBits"" ) );
        if ( value.typeId() == QMetaType::QString ) {
            const auto stopBits = value.toString().trimmed();
            if ( stopBits == QStringLiteral( ""1"" ) ) {
                settings.stopBits = QSerialPort::OneStop;
            }
            else if ( stopBits == QStringLiteral( ""1.5"" ) ) {
                settings.stopBits = QSerialPort::OneAndHalfStop;
            }
            else if ( stopBits == QStringLiteral( ""2"" ) ) {
                settings.stopBits = QSerialPort::TwoStop;
            }
        }
        else {
            settings.stopBits = static_cast<QSerialPort::StopBits>( value.toInt() );
        }
    }
    if ( map.contains( QStringLiteral( ""flowControl"" ) ) ) {
        const auto value = map.value( QStringLiteral( ""flowControl"" ) );
        if ( value.typeId() == QMetaType::QString ) {
            const auto flowControl = value.toString().trimmed().toLower();
            if ( flowControl == QStringLiteral( ""none"" ) ) {
                settings.flowControl = QSerialPort::NoFlowControl;
            }
            else if ( flowControl == QStringLiteral( ""hardware"" )
                      || flowControl == QStringLiteral( ""rts/cts"" ) ) {
                settings.flowControl = QSerialPort::HardwareControl;
            }
            else if ( flowControl == QStringLiteral( ""software"" )
                      || flowControl == QStringLiteral( ""xon/xoff"" ) ) {
                settings.flowControl = QSerialPort::SoftwareControl;
            }
        }
        else {
            settings.flowControl = static_cast<QSerialPort::FlowControl>( value.toInt() );
        }
    }
    if ( map.contains( QStringLiteral( ""addTimestamps"" ) ) ) {
        settings.addTimestamps = map.value( QStringLiteral( ""addTimestamps"" ) ).toBool();
    }
    else if ( map.contains( QStringLiteral( ""timestamps"" ) ) ) {
        settings.addTimestamps = map.value( QStringLiteral( ""timestamps"" ) ).toBool();
    }
    if ( map.contains( QStringLiteral( ""timestampFormat"" ) ) ) {
        settings.timestampFormat = map.value( QStringLiteral( ""timestampFormat"" ) ).toString();
    }
    if ( map.contains( QStringLiteral( ""logTransmits"" ) ) ) {
        settings.logTransmits = map.value( QStringLiteral( ""logTransmits"" ) ).toBool();
    }
    if ( map.contains( QStringLiteral( ""useForActions"" ) ) ) {
        settings.useForActions = map.value( QStringLiteral( ""useForActions"" ) ).toBool();
    }
    return settings;
}

QVariantMap labLogicalDeviceToVariantMap( const LabLogicalDeviceDefinition& device )
",""
"Function:src/app/labtypes.cpp:labLogicalDeviceToVariantMap","labLogicalDeviceToVariantMap","src/app/labtypes.cpp",160,167,true,"}

QVariantMap labLogicalDeviceToVariantMap( const LabLogicalDeviceDefinition& device )
{
    QVariantMap map;
    map.insert( QStringLiteral( ""name"" ), device.name );
    map.insert( QStringLiteral( ""capabilityTags"" ), toVariantList( device.capabilityTags ) );
    map.insert( QStringLiteral( ""settings"" ), commanderComSettingsToVariantMap( device.settings ) );
    return map;
}

LabLogicalDeviceDefinition labLogicalDeviceFromVariantMap( const QVariantMap& map )
",""
"Function:src/app/labtypes.cpp:labLogicalDeviceFromVariantMap","labLogicalDeviceFromVariantMap","src/app/labtypes.cpp",169,177,true,"}

LabLogicalDeviceDefinition labLogicalDeviceFromVariantMap( const QVariantMap& map )
{
    LabLogicalDeviceDefinition device;
    device.name = map.value( QStringLiteral( ""name"" ) ).toString();
    device.capabilityTags = toStringList( map.value( QStringLiteral( ""capabilityTags"" ) ) );
    device.settings = commanderComSettingsFromVariantMap(
        map.value( QStringLiteral( ""settings"" ) ).toMap() );
    return device;
}

QVariantMap labAgentPortToVariantMap( const LabAgentPortDefinition& port )
",""
"Function:src/app/labtypes.cpp:labAgentPortToVariantMap","labAgentPortToVariantMap","src/app/labtypes.cpp",179,188,true,"}

QVariantMap labAgentPortToVariantMap( const LabAgentPortDefinition& port )
{
    QVariantMap map;
    map.insert( QStringLiteral( ""portName"" ), port.portName );
    map.insert( QStringLiteral( ""displayName"" ), port.displayName );
    map.insert( QStringLiteral( ""capabilityTags"" ), toVariantList( port.capabilityTags ) );
    map.insert( QStringLiteral( ""labels"" ), toVariantList( port.labels ) );
    map.insert( QStringLiteral( ""settings"" ), commanderComSettingsToVariantMap( port.settings ) );
    return map;
}

LabAgentPortDefinition labAgentPortFromVariantMap( const QVariantMap& map )
",""
"Function:src/app/labtypes.cpp:labAgentPortFromVariantMap","labAgentPortFromVariantMap","src/app/labtypes.cpp",190,203,true,"}

LabAgentPortDefinition labAgentPortFromVariantMap( const QVariantMap& map )
{
    LabAgentPortDefinition port;
    port.portName = map.value( QStringLiteral( ""portName"" ) ).toString();
    port.displayName = map.value( QStringLiteral( ""displayName"" ) ).toString();
    port.capabilityTags = toStringList( map.value( QStringLiteral( ""capabilityTags"" ) ) );
    port.labels = toStringList( map.value( QStringLiteral( ""labels"" ) ) );
    port.settings = commanderComSettingsFromVariantMap(
        map.value( QStringLiteral( ""settings"" ) ).toMap() );
    if ( port.settings.portName.isEmpty() ) {
        port.settings.portName = port.portName;
    }
    return port;
}

QVariantMap labAgentConfigToVariantMap( const LabAgentConfig& config )
",""
"Function:src/app/labtypes.cpp:labAgentConfigToVariantMap","labAgentConfigToVariantMap","src/app/labtypes.cpp",205,213,true,"}

QVariantMap labAgentConfigToVariantMap( const LabAgentConfig& config )
{
    QVariantMap map;
    map.insert( QStringLiteral( ""agentId"" ), config.agentId );
    map.insert( QStringLiteral( ""displayName"" ), config.displayName );
    map.insert( QStringLiteral( ""labels"" ), toVariantList( config.labels ) );
    map.insert( QStringLiteral( ""ports"" ), toVariantList( config.ports ) );
    return map;
}

LabAgentConfig labAgentConfigFromVariantMap( const QVariantMap& map )
",""
"Function:src/app/labtypes.cpp:labAgentConfigFromVariantMap","labAgentConfigFromVariantMap","src/app/labtypes.cpp",215,225,true,"}

LabAgentConfig labAgentConfigFromVariantMap( const QVariantMap& map )
{
    LabAgentConfig config;
    config.agentId = map.value( QStringLiteral( ""agentId"" ) ).toString();
    config.displayName = map.value( QStringLiteral( ""displayName"" ) ).toString();
    config.labels = toStringList( map.value( QStringLiteral( ""labels"" ) ) );
    for ( const auto& item : map.value( QStringLiteral( ""ports"" ) ).toList() ) {
        config.ports.push_back( labAgentPortFromVariantMap( item.toMap() ) );
    }
    return config;
}

QVariantMap labBundleFileToVariantMap( const LabBundleFile& file )
",""
"Function:src/app/labtypes.cpp:labBundleFileToVariantMap","labBundleFileToVariantMap","src/app/labtypes.cpp",227,234,true,"}

QVariantMap labBundleFileToVariantMap( const LabBundleFile& file )
{
    QVariantMap map;
    map.insert( QStringLiteral( ""relativePath"" ), file.relativePath );
    map.insert( QStringLiteral( ""contentBase64"" ),
                QString::fromLatin1( file.content.toBase64( QByteArray::Base64Encoding ) ) );
    return map;
}

LabBundleFile labBundleFileFromVariantMap( const QVariantMap& map )
",""
"Function:src/app/labtypes.cpp:labBundleFileFromVariantMap","labBundleFileFromVariantMap","src/app/labtypes.cpp",236,244,true,"}

LabBundleFile labBundleFileFromVariantMap( const QVariantMap& map )
{
    LabBundleFile file;
    file.relativePath = map.value( QStringLiteral( ""relativePath"" ) ).toString();
    file.content = QByteArray::fromBase64(
        map.value( QStringLiteral( ""contentBase64"" ) ).toByteArray(),
        QByteArray::Base64Encoding );
    return file;
}

QVariantMap labJobBundleToVariantMap( const LabJobBundle& bundle )
",""
"Function:src/app/labtypes.cpp:labJobBundleToVariantMap","labJobBundleToVariantMap","src/app/labtypes.cpp",246,260,true,"}

QVariantMap labJobBundleToVariantMap( const LabJobBundle& bundle )
{
    QVariantMap map;
    map.insert( QStringLiteral( ""kind"" ), bundle.kind );
    map.insert( QStringLiteral( ""suiteId"" ), bundle.suiteId );
    map.insert( QStringLiteral( ""suiteName"" ), bundle.suiteName );
    map.insert( QStringLiteral( ""suiteFile"" ), bundle.suiteFile );
    map.insert( QStringLiteral( ""scenarioFile"" ), bundle.scenarioFile );
    map.insert( QStringLiteral( ""argsJsonFile"" ), bundle.argsJsonFile );
    map.insert( QStringLiteral( ""requiredDevices"" ), toVariantList( bundle.requiredDevices ) );
    map.insert( QStringLiteral( ""agentLabel"" ), bundle.agentLabel );
    map.insert( QStringLiteral( ""logicalDevices"" ), toVariantList( bundle.logicalDevices ) );
    map.insert( QStringLiteral( ""files"" ), toVariantList( bundle.files ) );
    return map;
}

LabJobBundle labJobBundleFromVariantMap( const QVariantMap& map )
",""
"Function:src/app/labtypes.cpp:labJobBundleFromVariantMap","labJobBundleFromVariantMap","src/app/labtypes.cpp",262,280,true,"}

LabJobBundle labJobBundleFromVariantMap( const QVariantMap& map )
{
    LabJobBundle bundle;
    bundle.kind = map.value( QStringLiteral( ""kind"" ) ).toString();
    bundle.suiteId = map.value( QStringLiteral( ""suiteId"" ) ).toString();
    bundle.suiteName = map.value( QStringLiteral( ""suiteName"" ) ).toString();
    bundle.suiteFile = map.value( QStringLiteral( ""suiteFile"" ) ).toString();
    bundle.scenarioFile = map.value( QStringLiteral( ""scenarioFile"" ) ).toString();
    bundle.argsJsonFile = map.value( QStringLiteral( ""argsJsonFile"" ) ).toString();
    bundle.requiredDevices = toStringList( map.value( QStringLiteral( ""requiredDevices"" ) ) );
    bundle.agentLabel = map.value( QStringLiteral( ""agentLabel"" ) ).toString();
    for ( const auto& item : map.value( QStringLiteral( ""logicalDevices"" ) ).toList() ) {
        bundle.logicalDevices.push_back( labLogicalDeviceFromVariantMap( item.toMap() ) );
    }
    for ( const auto& item : map.value( QStringLiteral( ""files"" ) ).toList() ) {
        bundle.files.push_back( labBundleFileFromVariantMap( item.toMap() ) );
    }
    return bundle;
}

QVariantMap labResolvedBindingToVariantMap( const LabResolvedBinding& binding )
",""
"Function:src/app/labtypes.cpp:labResolvedBindingToVariantMap","labResolvedBindingToVariantMap","src/app/labtypes.cpp",282,291,true,"}

QVariantMap labResolvedBindingToVariantMap( const LabResolvedBinding& binding )
{
    QVariantMap map;
    map.insert( QStringLiteral( ""logicalName"" ), binding.logicalName );
    map.insert( QStringLiteral( ""portName"" ), binding.portName );
    map.insert( QStringLiteral( ""displayName"" ), binding.displayName );
    map.insert( QStringLiteral( ""capabilityTags"" ), toVariantList( binding.capabilityTags ) );
    map.insert( QStringLiteral( ""settings"" ), commanderComSettingsToVariantMap( binding.settings ) );
    return map;
}

LabResolvedBinding labResolvedBindingFromVariantMap( const QVariantMap& map )
",""
"Function:src/app/labtypes.cpp:labResolvedBindingFromVariantMap","labResolvedBindingFromVariantMap","src/app/labtypes.cpp",293,306,true,"}

LabResolvedBinding labResolvedBindingFromVariantMap( const QVariantMap& map )
{
    LabResolvedBinding binding;
    binding.logicalName = map.value( QStringLiteral( ""logicalName"" ) ).toString();
    binding.portName = map.value( QStringLiteral( ""portName"" ) ).toString();
    binding.displayName = map.value( QStringLiteral( ""displayName"" ) ).toString();
    binding.capabilityTags = toStringList( map.value( QStringLiteral( ""capabilityTags"" ) ) );
    binding.settings = commanderComSettingsFromVariantMap(
        map.value( QStringLiteral( ""settings"" ) ).toMap() );
    if ( binding.settings.portName.isEmpty() ) {
        binding.settings.portName = binding.portName;
    }
    return binding;
}

QVariantMap labStoredArtifactToVariantMap( const LabStoredArtifact& artifact )
",""
"Function:src/app/labtypes.cpp:labStoredArtifactToVariantMap","labStoredArtifactToVariantMap","src/app/labtypes.cpp",308,314,true,"}

QVariantMap labStoredArtifactToVariantMap( const LabStoredArtifact& artifact )
{
    QVariantMap map;
    map.insert( QStringLiteral( ""name"" ), artifact.name );
    map.insert( QStringLiteral( ""path"" ), artifact.path );
    return map;
}

LabStoredArtifact labStoredArtifactFromVariantMap( const QVariantMap& map )
",""
"Function:src/app/labtypes.cpp:labStoredArtifactFromVariantMap","labStoredArtifactFromVariantMap","src/app/labtypes.cpp",316,322,true,"}

LabStoredArtifact labStoredArtifactFromVariantMap( const QVariantMap& map )
{
    LabStoredArtifact artifact;
    artifact.name = map.value( QStringLiteral( ""name"" ) ).toString();
    artifact.path = map.value( QStringLiteral( ""path"" ) ).toString();
    return artifact;
}
",""
"Function:src/app/labcontrollerservice.cpp:nowUtcString","nowUtcString","src/app/labcontrollerservice.cpp",26,29,false,"namespace {

QString nowUtcString()
{
    return QDateTime::currentDateTimeUtc().toString( Qt::ISODateWithMs );
}

QSqlDatabase controllerDatabase( const QString& connectionName )
",""
"Function:src/app/labcontrollerservice.cpp:controllerDatabase","controllerDatabase","src/app/labcontrollerservice.cpp",31,34,false,"}

QSqlDatabase controllerDatabase( const QString& connectionName )
{
    return QSqlDatabase::database( connectionName );
}

bool execQuery( QSqlQuery* query, QString* errorMessage )
",""
"Function:src/app/labcontrollerservice.cpp:execQuery","execQuery","src/app/labcontrollerservice.cpp",36,46,false,"}

bool execQuery( QSqlQuery* query, QString* errorMessage )
{
    if ( query->exec() ) {
        return true;
    }

    if ( errorMessage != nullptr ) {
        *errorMessage = query->lastError().text();
    }
    return false;
}

QString variantMapToJson( const QVariantMap& map )
",""
"Function:src/app/labcontrollerservice.cpp:variantMapToJson","variantMapToJson","src/app/labcontrollerservice.cpp",48,51,false,"}

QString variantMapToJson( const QVariantMap& map )
{
    return QString::fromUtf8( QJsonDocument::fromVariant( map ).toJson( QJsonDocument::Compact ) );
}

QVariantMap jsonToVariantMap( const QString& value )
",""
"Function:src/app/labcontrollerservice.cpp:jsonToVariantMap","jsonToVariantMap","src/app/labcontrollerservice.cpp",53,57,false,"}

QVariantMap jsonToVariantMap( const QString& value )
{
    const auto document = QJsonDocument::fromJson( value.toUtf8() );
    return document.isObject() ? document.object().toVariantMap() : QVariantMap{};
}

QString variantListToJson( const QVariantList& values )
",""
"Function:src/app/labcontrollerservice.cpp:variantListToJson","variantListToJson","src/app/labcontrollerservice.cpp",59,62,false,"}

QString variantListToJson( const QVariantList& values )
{
    return QString::fromUtf8( QJsonDocument::fromVariant( values ).toJson( QJsonDocument::Compact ) );
}

QVariantList jsonToVariantList( const QString& value )
",""
"Function:src/app/labcontrollerservice.cpp:jsonToVariantList","jsonToVariantList","src/app/labcontrollerservice.cpp",64,68,false,"}

QVariantList jsonToVariantList( const QString& value )
{
    const auto document = QJsonDocument::fromJson( value.toUtf8() );
    return document.isArray() ? document.array().toVariantList() : QVariantList{};
}

QVariantMap queryRowToMap( const QSqlQuery& query )
",""
"Function:src/app/labcontrollerservice.cpp:queryRowToMap","queryRowToMap","src/app/labcontrollerservice.cpp",70,78,false,"}

QVariantMap queryRowToMap( const QSqlQuery& query )
{
    QVariantMap result;
    const auto record = query.record();
    for ( int index = 0; index < record.count(); ++index ) {
        result.insert( record.fieldName( index ), query.value( index ) );
    }
    return result;
}

} // namespace
",""
"Function:src/app/labcontrollerservice.cpp:query","query","src/app/labcontrollerservice.cpp",187,187,true,"{
    auto database = controllerDatabase( databaseConnectionName_ );
    QSqlQuery query( database );
    query.prepare( ""UPDATE jobs SET state = ?, updated_at = ?, last_error = ? ""
                   ""WHERE job_id = ? AND state IN ('queued','assigned','running')"" );
",""
"Function:src/app/labcontrollerservice.cpp:file","file","src/app/labcontrollerservice.cpp",295,295,true,"bool LabControllerService::loadToken( const QString& tokenFilePath, QString* errorMessage )
{
    QFile file( tokenFilePath );
    if ( !file.open( QIODevice::ReadOnly | QIODevice::Text ) ) {
        if ( errorMessage != nullptr ) {
",""
"Function:src/app/labcontrollerservice.cpp:outputFile","outputFile","src/app/labcontrollerservice.cpp",403,403,true,"            = QFileInfo( QDir( bundleRoot ).filePath( file.relativePath ) ).absoluteFilePath();
        QDir().mkpath( QFileInfo( targetPath ).absolutePath() );
        QFile outputFile( targetPath );
        if ( !outputFile.open( QIODevice::WriteOnly | QIODevice::Truncate ) ) {
            if ( errorMessage != nullptr ) {
",""
"Function:src/app/labcontrollerservice.cpp:updateQuery","updateQuery","src/app/labcontrollerservice.cpp",600,600,true,"
        if ( !assigned ) {
            QSqlQuery updateQuery( database );
            updateQuery.prepare( ""UPDATE jobs SET wait_reason = ?, updated_at = ? WHERE job_id = ?"" );
            updateQuery.addBindValue( waitReason );
",""
"Function:src/app/labcontrollerservice.cpp:httpReasonPhrase","httpReasonPhrase","src/app/labcontrollerservice.cpp",731,751,true,"}

QByteArray httpReasonPhrase( int statusCode )
{
    switch ( statusCode ) {
    case 200:
        return ""OK"";
    case 201:
        return ""Created"";
    case 400:
        return ""Bad Request"";
    case 401:
        return ""Unauthorized"";
    case 404:
        return ""Not Found"";
    case 409:
        return ""Conflict"";
    case 500:
        return ""Internal Server Error"";
    default:
        return ""Error"";
    }
}

bool requestIsComplete( const QByteArray& request )
",""
"Function:src/app/labcontrollerservice.cpp:requestIsComplete","requestIsComplete","src/app/labcontrollerservice.cpp",753,777,true,"}

bool requestIsComplete( const QByteArray& request )
{
    const auto headerEnd = request.indexOf( ""\r\n\r\n"" );
    if ( headerEnd < 0 ) {
        return false;
    }

    const auto headers = request.left( headerEnd );
    const auto contentLengthIndex = headers.toLower().indexOf( ""content-length:"" );
    if ( contentLengthIndex < 0 ) {
        return true;
    }

    const auto lineEnd = headers.indexOf( ""\r\n"", contentLengthIndex );
    const auto line
        = headers.mid( contentLengthIndex, lineEnd < 0 ? -1 : lineEnd - contentLengthIndex );
    bool ok = false;
    const auto contentLength
        = line.mid( QByteArray( ""content-length:"" ).size() ).trimmed().toInt( &ok );
    if ( !ok ) {
        return true;
    }

    return request.size() >= headerEnd + 4 + contentLength;
}

QVariantMap parseJsonBody( const QByteArray& request )
",""
"Function:src/app/labcontrollerservice.cpp:parseJsonBody","parseJsonBody","src/app/labcontrollerservice.cpp",779,789,true,"}

QVariantMap parseJsonBody( const QByteArray& request )
{
    const auto headerEnd = request.indexOf( ""\r\n\r\n"" );
    if ( headerEnd < 0 ) {
        return {};
    }

    const auto body = request.mid( headerEnd + 4 );
    const auto document = QJsonDocument::fromJson( body );
    return document.isObject() ? document.object().toVariantMap() : QVariantMap{};
}

void LabControllerService::sendJsonResponse( QTcpSocket* socket, int statusCode,
",""
"Function:src/app/labclient.cpp:file","file","src/app/labclient.cpp",19,19,true,"bool LabClient::loadToken( const QString& tokenFilePath, QString* errorMessage )
{
    QFile file( tokenFilePath );
    if ( !file.open( QIODevice::ReadOnly | QIODevice::Text ) ) {
        if ( errorMessage != nullptr ) {
",""
"Function:src/app/labclient.cpp:url","url","src/app/labclient.cpp",59,59,true,"                               QString* errorMessage )
{
    QUrl url( controllerUrl );
    url.setPath( QStringLiteral( ""/api/lab/status"" ) );
    QUrlQuery query;
",""
"Function:src/app/labclient.cpp:request","request","src/app/labclient.cpp",108,108,true,"
    QNetworkAccessManager manager;
    QNetworkRequest request( url );
    request.setHeader( QNetworkRequest::ContentTypeHeader, QStringLiteral( ""application/json"" ) );
    request.setRawHeader( ""X-Klogg-Token"", sharedToken_ );
",""
"Function:src/app/labbundleutils.h:loadLabJobBundle","loadLabJobBundle","src/app/labbundleutils.h",7,7,true,"#include ""labtypes.h""

std::optional<LabJobBundle> loadLabJobBundle( const LabCliRequest& request, QString* errorMessage );
std::optional<LabAgentConfig> loadLabAgentConfig( const QString& path, QString* errorMessage );
",""
"Function:src/app/labbundleutils.h:loadLabAgentConfig","loadLabAgentConfig","src/app/labbundleutils.h",8,8,true,"
std::optional<LabJobBundle> loadLabJobBundle( const LabCliRequest& request, QString* errorMessage );
std::optional<LabAgentConfig> loadLabAgentConfig( const QString& path, QString* errorMessage );
",""
"Function:src/app/labbundleutils.cpp:loadJsonObject","loadJsonObject","src/app/labbundleutils.cpp",10,30,false,"namespace {

QVariantMap loadJsonObject( const QString& path, QString* errorMessage )
{
    QFile file( path );
    if ( !file.open( QIODevice::ReadOnly ) ) {
        if ( errorMessage != nullptr ) {
            *errorMessage = QStringLiteral( ""Failed to read %1: %2"" ).arg( path, file.errorString() );
        }
        return {};
    }

    QJsonParseError parseError;
    const auto document = QJsonDocument::fromJson( file.readAll(), &parseError );
    if ( parseError.error != QJsonParseError::NoError || !document.isObject() ) {
        if ( errorMessage != nullptr ) {
            *errorMessage = QStringLiteral( ""Invalid JSON object in %1."" ).arg( path );
        }
        return {};
    }

    return document.object().toVariantMap();
}

QString absolutePath( const QString& baseDir, const QString& value )
",""
"Function:src/app/labbundleutils.cpp:file","file","src/app/labbundleutils.cpp",12,12,false,"QVariantMap loadJsonObject( const QString& path, QString* errorMessage )
{
    QFile file( path );
    if ( !file.open( QIODevice::ReadOnly ) ) {
        if ( errorMessage != nullptr ) {
",""
"Function:src/app/labbundleutils.cpp:absolutePath","absolutePath","src/app/labbundleutils.cpp",32,41,false,"}

QString absolutePath( const QString& baseDir, const QString& value )
{
    if ( value.isEmpty() ) {
        return {};
    }

    const QFileInfo fileInfo( value );
    return fileInfo.isAbsolute() ? fileInfo.absoluteFilePath()
                                 : QFileInfo( QDir( baseDir ).filePath( value ) ).absoluteFilePath();
}

bool appendFile( const QString& absolutePathValue, const QString& relativePath,
",""
"Function:src/app/labbundleutils.cpp:fileInfo","fileInfo","src/app/labbundleutils.cpp",38,38,false,"    }

    const QFileInfo fileInfo( value );
    return fileInfo.isAbsolute() ? fileInfo.absoluteFilePath()
                                 : QFileInfo( QDir( baseDir ).filePath( value ) ).absoluteFilePath();
",""
"Function:src/app/labbundleutils.cpp:appendFile","appendFile","src/app/labbundleutils.cpp",43,57,false,"}

bool appendFile( const QString& absolutePathValue, const QString& relativePath,
                 QList<LabBundleFile>* files, QString* errorMessage )
{
    QFile file( absolutePathValue );
    if ( !file.open( QIODevice::ReadOnly ) ) {
        if ( errorMessage != nullptr ) {
            *errorMessage = QStringLiteral( ""Failed to read %1: %2"" )
                                .arg( absolutePathValue, file.errorString() );
        }
        return false;
    }

    files->push_back( LabBundleFile{ relativePath, file.readAll() } );
    return true;
}

QStringList stringList( const QVariant& value )
",""
"Function:src/app/labbundleutils.cpp:stringList","stringList","src/app/labbundleutils.cpp",59,69,false,"}

QStringList stringList( const QVariant& value )
{
    QStringList result;
    for ( const auto& item : value.toList() ) {
        const auto text = item.toString().trimmed();
        if ( !text.isEmpty() ) {
            result.push_back( text );
        }
    }
    return result;
}

} // namespace
",""
"Function:src/app/labbundleutils.cpp:loadLabJobBundle","loadLabJobBundle","src/app/labbundleutils.cpp",73,188,true,"} // namespace

std::optional<LabJobBundle> loadLabJobBundle( const LabCliRequest& request, QString* errorMessage )
{
    LabJobBundle bundle;
    bundle.agentLabel = request.agentLabel;

    if ( !request.scenarioFilePath.isEmpty() ) {
        const QFileInfo scenarioInfo( request.scenarioFilePath );
        if ( !scenarioInfo.exists() || !scenarioInfo.isFile() ) {
            if ( errorMessage != nullptr ) {
                *errorMessage = QStringLiteral( ""Scenario file %1 was not found."" )
                                    .arg( request.scenarioFilePath );
            }
            return std::nullopt;
        }

        bundle.kind = QStringLiteral( ""scenario"" );
        bundle.suiteId = QStringLiteral( ""single-scenario"" );
        bundle.suiteName = scenarioInfo.completeBaseName();
        bundle.scenarioFile = scenarioInfo.fileName();
        if ( !appendFile( scenarioInfo.absoluteFilePath(), bundle.scenarioFile, &bundle.files,
                          errorMessage ) ) {
            return std::nullopt;
        }

        if ( !request.argsJsonFilePath.isEmpty() ) {
            const QFileInfo argsInfo( request.argsJsonFilePath );
            if ( !argsInfo.exists() || !argsInfo.isFile() ) {
                if ( errorMessage != nullptr ) {
                    *errorMessage = QStringLiteral( ""Args file %1 was not found."" )
                                        .arg( request.argsJsonFilePath );
                }
                return std::nullopt;
            }
            bundle.argsJsonFile = argsInfo.fileName();
            if ( !appendFile( argsInfo.absoluteFilePath(), bundle.argsJsonFile, &bundle.files,
                              errorMessage ) ) {
                return std::nullopt;
            }
        }

        return bundle;
    }

    const QFileInfo suiteInfo( request.suiteFilePath );
    if ( !suiteInfo.exists() || !suiteInfo.isFile() ) {
        if ( errorMessage != nullptr ) {
            *errorMessage = QStringLiteral( ""Suite file %1 was not found."" ).arg( request.suiteFilePath );
        }
        return std::nullopt;
    }

    const auto suiteObject = loadJsonObject( suiteInfo.absoluteFilePath(), errorMessage );
    if ( suiteObject.isEmpty() ) {
        return std::nullopt;
    }

    bundle.kind = QStringLiteral( ""suite"" );
    bundle.suiteId = suiteObject.value( QStringLiteral( ""suiteId"" ) ).toString().trimmed();
    if ( bundle.suiteId.isEmpty() ) {
        bundle.suiteId = suiteInfo.completeBaseName();
    }
    bundle.suiteName = suiteObject.value( QStringLiteral( ""name"" ) ).toString().trimmed();
    if ( bundle.suiteName.isEmpty() ) {
        bundle.suiteName = suiteInfo.completeBaseName();
    }
    bundle.suiteFile = suiteInfo.fileName();
    if ( !appendFile( suiteInfo.absoluteFilePath(), bundle.suiteFile, &bundle.files, errorMessage ) ) {
        return std::nullopt;
    }

    const auto suiteBaseDir = suiteInfo.absolutePath();
    const auto devicesObject = suiteObject.value( QStringLiteral( ""devices"" ) ).toMap();
    for ( auto it = devicesObject.begin(); it != devicesObject.end(); ++it ) {
        LabLogicalDeviceDefinition device;
        device.name = it.key();
        const auto object = it.value().toMap();
        device.capabilityTags = stringList( object.value( QStringLiteral( ""capabilityTags"" ) ) );
        device.settings = commanderComSettingsFromVariantMap( object );
        bundle.logicalDevices.push_back( device );
    }

    for ( const auto& scenarioValue : suiteObject.value( QStringLiteral( ""scenarios"" ) ).toList() ) {
        const auto scenario = scenarioValue.toMap();
        const auto scenarioFile = absolutePath( suiteBaseDir, scenario.value( QStringLiteral( ""scenarioFile"" ) ).toString() );
        if ( scenarioFile.isEmpty() ) {
            continue;
        }
        const auto scenarioInfo = QFileInfo( scenarioFile );
        if ( !appendFile( scenarioInfo.absoluteFilePath(), scenario.value( QStringLiteral( ""scenarioFile"" ) ).toString(),
                          &bundle.files, errorMessage ) ) {
            return std::nullopt;
        }

        const auto argsFileValue = scenario.value( QStringLiteral( ""argsJsonFile"" ) ).toString();
        if ( !argsFileValue.trimmed().isEmpty() ) {
            const auto argsFile = absolutePath( suiteBaseDir, argsFileValue );
            if ( !appendFile( argsFile, argsFileValue, &bundle.files, errorMessage ) ) {
                return std::nullopt;
            }
        }

        for ( const auto& deviceName : stringList( scenario.value( QStringLiteral( ""requiredDevices"" ) ) ) ) {
            if ( !bundle.requiredDevices.contains( deviceName ) ) {
                bundle.requiredDevices.push_back( deviceName );
            }
        }
    }

    if ( bundle.requiredDevices.isEmpty() ) {
        for ( const auto& device : bundle.logicalDevices ) {
            bundle.requiredDevices.push_b
... [truncated]",""
"Function:src/app/labbundleutils.cpp:loadLabAgentConfig","loadLabAgentConfig","src/app/labbundleutils.cpp",190,214,true,"}

std::optional<LabAgentConfig> loadLabAgentConfig( const QString& path, QString* errorMessage )
{
    const auto object = loadJsonObject( path, errorMessage );
    if ( object.isEmpty() ) {
        return std::nullopt;
    }

    auto config = labAgentConfigFromVariantMap( object );
    if ( config.agentId.trimmed().isEmpty() ) {
        if ( errorMessage != nullptr ) {
            *errorMessage = QStringLiteral( ""Agent config is missing agentId."" );
        }
        return std::nullopt;
    }
    if ( config.displayName.trimmed().isEmpty() ) {
        config.displayName = config.agentId;
    }
    if ( config.ports.isEmpty() ) {
        if ( errorMessage != nullptr ) {
            *errorMessage = QStringLiteral( ""Agent config must define at least one port."" );
        }
        return std::nullopt;
    }
    return config;
}
",""
"Function:src/app/labagentrunner.cpp:writeBundleToTempDir","writeBundleToTempDir","src/app/labagentrunner.cpp",18,37,false,"namespace {

QString writeBundleToTempDir( const LabJobBundle& bundle, const QString& jobId,
                              QString* errorMessage )
{
    const auto root = QDir( QDir::tempPath() ).filePath( QStringLiteral( ""klogg-lab-agent/%1"" ).arg( jobId ) );
    QDir().mkpath( root );
    for ( const auto& file : bundle.files ) {
        const auto targetPath = QFileInfo( QDir( root ).filePath( file.relativePath ) ).absoluteFilePath();
        QDir().mkpath( QFileInfo( targetPath ).absolutePath() );
        QFile outputFile( targetPath );
        if ( !outputFile.open( QIODevice::WriteOnly | QIODevice::Truncate ) ) {
            if ( errorMessage != nullptr ) {
                *errorMessage = QStringLiteral( ""Failed to prepare %1: %2"" )
                                    .arg( targetPath, outputFile.errorString() );
            }
            return {};
        }
        outputFile.write( file.content );
    }
    return root;
}

QByteArray loadToken( const QString& tokenFilePath, QString* errorMessage )
",""
"Function:src/app/labagentrunner.cpp:outputFile","outputFile","src/app/labagentrunner.cpp",26,26,false,"        const auto targetPath = QFileInfo( QDir( root ).filePath( file.relativePath ) ).absoluteFilePath();
        QDir().mkpath( QFileInfo( targetPath ).absolutePath() );
        QFile outputFile( targetPath );
        if ( !outputFile.open( QIODevice::WriteOnly | QIODevice::Truncate ) ) {
            if ( errorMessage != nullptr ) {
",""
"Function:src/app/labagentrunner.cpp:loadToken","loadToken","src/app/labagentrunner.cpp",39,50,false,"}

QByteArray loadToken( const QString& tokenFilePath, QString* errorMessage )
{
    QFile file( tokenFilePath );
    if ( !file.open( QIODevice::ReadOnly | QIODevice::Text ) ) {
        if ( errorMessage != nullptr ) {
            *errorMessage = QStringLiteral( ""Failed to read token file %1: %2"" )
                                .arg( tokenFilePath, file.errorString() );
        }
        return {};
    }
    return file.readAll().trimmed();
}

} // namespace
",""
"Function:src/app/labagentrunner.cpp:file","file","src/app/labagentrunner.cpp",41,41,false,"QByteArray loadToken( const QString& tokenFilePath, QString* errorMessage )
{
    QFile file( tokenFilePath );
    if ( !file.open( QIODevice::ReadOnly | QIODevice::Text ) ) {
        if ( errorMessage != nullptr ) {
",""
"Function:src/app/labagentrunner.cpp:deviceMapFile","deviceMapFile","src/app/labagentrunner.cpp",186,186,true,"    }
    const auto deviceMapPath = QDir( root ).filePath( QStringLiteral( ""device-map.json"" ) );
    QFile deviceMapFile( deviceMapPath );
    if ( deviceMapFile.open( QIODevice::WriteOnly | QIODevice::Truncate ) ) {
        deviceMapFile.write( QJsonDocument::fromVariant( QVariantMap{
",""
"Function:src/app/labagentrunner.cpp:runner","runner","src/app/labagentrunner.cpp",213,213,true,"    }

    ScenarioHeadlessRunner runner( app_ );
    const auto result = runner.run( batchRequest );

",""
"Function:src/app/klogg_grep.cpp:main","main","src/app/klogg_grep.cpp",32,93,true,"const bool PersistentInfo::ForcePortable = true;

int main( int argc, char* argv[] )
{
#ifdef KLOGG_USE_MIMALLOC
    mi_stats_reset();
#endif
    qRegisterMetaType<LinesCount>( ""LinesCount"" );
    qRegisterMetaType<LineNumber>( ""LineNumber"" );

    QCoreApplication app( argc, argv );
    CliParameters parameters( app, true );
    if ( parameters.exit_requested ) {
        std::cout << parameters.exit_message.toStdString();
        if ( !parameters.exit_message.endsWith( '\n' ) ) {
            std::cout << ""\n"";
        }
        return parameters.exit_code;
    }
    if ( parameters.parse_error ) {
        std::cerr << parameters.parse_error_message.toStdString();
        if ( !parameters.parse_error_message.endsWith( '\n' ) ) {
            std::cerr << ""\n"";
        }
        return EXIT_FAILURE;
    }

    logging::enableLogging( true, static_cast<logging::LogLevel>( parameters.log_level ) );

    auto configuration = Configuration::getSynced();

    LogData logData;
    auto filteredData = logData.getNewFilteredData();

    filteredData->connect(
        filteredData.get(), &LogFilteredData::searchProgressed,
        [ & ]( LinesCount nbMatches, int progress, LineNumber ) {
            if ( progress == 100 ) {

                LOG_INFO << ""Searched finished, got "" << nbMatches.get() << "" matches"";

                const auto defaultChunkSize = 1000_lcount;
                for ( auto chunkStart = 0_lnum; chunkStart < nbMatches;
                      chunkStart = chunkStart + defaultChunkSize ) {
                    auto chunkSize
                        = std::min( defaultChunkSize.get(), nbMatches.get() - chunkStart.get() );
                    auto lines = filteredData->getLines( chunkStart, LinesCount( chunkSize ) );
                    for ( const auto& l : lines ) {
                        std::cout << l.toStdString() << ""\n"";
                    }
                }

                exit( EXIT_SUCCESS );
            }
        } );

    logData.connect( &logData, &LogData::loadingFinished, [ & ]() {
        dispatchToMainThread(
            [ & ] { filteredData->runSearch( RegularExpressionPattern( parameters.pattern ) ); } );
    } );

    logData.attachFile( parameters.filenames.front() );
    return app.exec();
}
",""
"Function:src/app/klogg_grep.cpp:app","app","src/app/klogg_grep.cpp",40,40,true,"    qRegisterMetaType<LineNumber>( ""LineNumber"" );

    QCoreApplication app( argc, argv );
    CliParameters parameters( app, true );
    if ( parameters.exit_requested ) {
",""
"Function:src/app/klogg_grep.cpp:parameters","parameters","src/app/klogg_grep.cpp",41,41,true,"
    QCoreApplication app( argc, argv );
    CliParameters parameters( app, true );
    if ( parameters.exit_requested ) {
        std::cout << parameters.exit_message.toStdString();
",""
"Function:src/versioncheck/src/versionchecker.cpp:isVersionNewer","isVersionNewer","src/versioncheck/src/versionchecker.cpp",58,78,false,"static constexpr std::time_t CHECK_INTERVAL_S = 3600 * 24 * 7; /* 7 days */

bool isVersionNewer( const QString& current_version, const QString& new_version )
{
#if ( QT_VERSION >= QT_VERSION_CHECK( 6, 4, 0 ) )
    const auto parseVersion = []( const QString& version_string ) {
        qsizetype tweak_index = 0;
        auto version = QVersionNumber::fromString( QAnyStringView(version_string), &tweak_index );
        return std::make_pair( version, version_string.right( tweak_index + 1 ).toUInt() );
    };
#else
    const auto parseVersion = []( const QString& version_string ) {
        int tweak_index = 0;
        auto version = QVersionNumber::fromString( version_string, &tweak_index );
        return std::make_pair( version, version_string.right( tweak_index + 1 ).toUInt() );
    };
#endif

    const auto old = parseVersion( current_version );
    const auto next = parseVersion( new_version );

    return next > old;
}

} // namespace
",""
"Function:src/versioncheck/src/versionchecker.cpp:newVersionFound","newVersionFound","src/versioncheck/src/versionchecker.cpp",194,194,true,"        LOG_INFO << ""Sending new version notification"";

        Q_EMIT newVersionFound( latestVersion, url, changes );
    }
}",""
"Function:src/utils/src/cpu_info.cpp:supportedCpuInstructions","supportedCpuInstructions","src/utils/src/cpu_info.cpp",33,89,true,"
#if defined( _M_IX86 ) || defined( _M_X64 )
CpuInstructions supportedCpuInstructions()
{
    CpuInstructions cpuInstructions = CpuInstructions::NONE;

    std::array<int, 4> cpui;

    // Calling __cpuid with 0x0 as the function_id argument
    // gets the number of the highest valid function ID.
    __cpuid( cpui.data(), 0 );

    const auto nIds = cpui[ 0 ];
    std::vector<std::array<int, 4>> data;
    data.reserve( nIds + 1 );

    for ( int i = 0; i <= nIds; ++i ) {
        __cpuidex( cpui.data(), i, 0 );
        data.push_back( cpui );
    }

    // load bitset with flags for function 0x00000001
    if ( nIds >= 1 ) {
        std::bitset<32> f_1_ECX = data[ 1 ][ 2 ];
        std::bitset<32> f_1_EDX = data[ 1 ][ 3 ];

        if ( f_1_EDX[ 26 ] ) {
            cpuInstructions |= CpuInstructions::SSE2;
        }
        if ( f_1_ECX[ 0 ] ) {
            cpuInstructions |= CpuInstructions::SSE3;
        }
        if ( f_1_ECX[ 9 ] ) {
            cpuInstructions |= CpuInstructions::SSSE3;
        }
        if ( f_1_ECX[ 19 ] ) {
            cpuInstructions |= CpuInstructions::SSE41;
        }
        
        if ( f_1_ECX[ 23 ] ) {
            cpuInstructions |= CpuInstructions::POPCNT;
        }

        if ( f_1_ECX[ 28 ] ) {
            cpuInstructions |= CpuInstructions::AVX;
        }
    }

    // load bitset with flags for function 0x00000007
    if ( nIds >= 7 ) {
        std::bitset<32> f_7_EBX = data[ 7 ][ 1 ];

        if ( f_7_EBX[ 5 ] ) {
            cpuInstructions |= CpuInstructions::AVX2;
        }
    }

    return cpuInstructions;
}
#else
CpuInstructions supportedCpuInstructions()
",""
"Function:src/utils/include/uuid.h:generateIdFromUuid","generateIdFromUuid","src/utils/include/uuid.h",24,27,true,"#include <QUuid>

inline QString generateIdFromUuid()
{
    return QUuid::createUuid().toString().remove( '{' ).remove( '}' ).remove( '-' );
}

#endif // KLOGG_UUID_H
",""
"Function:src/utils/include/runnable_lambda.h:createRunnable","createRunnable","src/utils/include/runnable_lambda.h",43,46,true,"
template <typename TRunnable>
RunnableWrapper<TRunnable>* createRunnable( TRunnable&& runnable )
{
    return new RunnableWrapper<TRunnable>( std::move( runnable ) );
}

#endif",""
"Function:src/utils/include/resourcewrapper.h:makeUniqueResource","makeUniqueResource","src/utils/include/resourcewrapper.h",32,35,true,"
template <typename T, auto DeleteFunctor, typename CreateFunc, typename... Args>
UniqueResource<T, DeleteFunctor> makeUniqueResource( CreateFunc createFunc, Args&&... args )
{
    return { createFunc( std::forward<Args>( args )... ), {} };
}

template <typename ManagedType>
",""
"Function:src/utils/include/progress.h:calculateProgress","calculateProgress","src/utils/include/progress.h",23,26,true,"
template <typename T, typename U>
int calculateProgress( const T& value, const U& total )
{
    return static_cast<int>( 100.f * static_cast<float>( value ) / static_cast<float>( total ) );
}

#endif",""
"Function:src/utils/include/overload_visitor.h:makeOverloadVisitor","makeOverloadVisitor","src/utils/include/overload_visitor.h",51,54,true,"
template <class... Fs>
auto makeOverloadVisitor( Fs... fs )
{
    return overload<Fs...>( fs... );
}

#endif",""
"Function:src/utils/include/openfilehelper.h:showPathInFileExplorer","showPathInFileExplorer","src/utils/include/openfilehelper.h",58,82,true,"#include ""log.h""

inline void showPathInFileExplorer( const QString& filePath )
{
    const QFileInfo fileInfo( filePath );

    LOG_INFO << ""Show path in explorer: "" << filePath;

#if defined( Q_OS_WIN )
    const auto explorerArgs
        = QStringList() << QString( ""/select,%1"" )
                               .arg( QDir::toNativeSeparators( fileInfo.canonicalFilePath() ) );
    QProcess::startDetached( ""explorer.exe"", explorerArgs );
#elif defined( Q_OS_MAC )
    QStringList scriptArgs;
    scriptArgs << QLatin1String( ""-e"" )
               << QString::fromLatin1( ""tell application \""Finder\"" to reveal POSIX file \""%1\"""" )
                      .arg( fileInfo.canonicalFilePath() );
    QProcess::execute( QLatin1String( ""/usr/bin/osascript"" ), scriptArgs );
    scriptArgs.clear();
    scriptArgs << QLatin1String( ""-e"" )
               << QLatin1String( ""tell application \""Finder\"" to activate"" );
    QProcess::execute( QLatin1String( ""/usr/bin/osascript"" ), scriptArgs );
#else
    QDesktopServices::openUrl( QUrl::fromLocalFile( fileInfo.canonicalPath() ) );
#endif
}

inline void openFileInDefaultApplication( const QString& filePath )
",""
"Function:src/utils/include/openfilehelper.h:fileInfo","fileInfo","src/utils/include/openfilehelper.h",60,60,true,"inline void showPathInFileExplorer( const QString& filePath )
{
    const QFileInfo fileInfo( filePath );

    LOG_INFO << ""Show path in explorer: "" << filePath;
",""
"Function:src/utils/include/openfilehelper.h:openFileInDefaultApplication","openFileInDefaultApplication","src/utils/include/openfilehelper.h",84,90,true,"}

inline void openFileInDefaultApplication( const QString& filePath )
{
    LOG_INFO << ""Open file in default app: "" << filePath;

    const QFileInfo fileInfo( filePath );
    QDesktopServices::openUrl( QUrl::fromLocalFile( fileInfo.canonicalFilePath() ) );
}

#endif",""
"Function:src/utils/include/dispatch_to.h:dispatchToObject","dispatchToObject","src/utils/include/dispatch_to.h",31,34,false,"// https://github.com/KubaO/stackoverflown/blob/master/questions/metacall-21646467/main.cpp
template <typename F>
static void dispatchToObject( F&& fun, QObject* obj = qApp )
{
    QMetaObject::invokeMethod( obj, std::forward<F>( fun ), Qt::QueuedConnection );
}

template <typename F>
",""
"Function:src/utils/include/dispatch_to.h:dispatchToThread","dispatchToThread","src/utils/include/dispatch_to.h",37,42,false,"
template <typename F>
static void dispatchToThread( F&& fun, QThread* thread = qApp->thread() )
{
    auto* obj = QAbstractEventDispatcher::instance( thread );
    Q_ASSERT( obj );
    QMetaObject::invokeMethod( obj, std::forward<F>( fun ), Qt::QueuedConnection );
}

template <typename F>
",""
"Function:src/utils/include/dispatch_to.h:dispatchToMainThread","dispatchToMainThread","src/utils/include/dispatch_to.h",45,48,false,"
template <typename F>
static void dispatchToMainThread( F&& fun )
{
    dispatchToThread( std::forward<F>( fun ) );
}

#endif",""
"Function:src/utils/include/cpu_info.h:hasRequiredInstructions","hasRequiredInstructions","src/utils/include/cpu_info.h",50,56,true,"}

inline bool hasRequiredInstructions( CpuInstructions current, CpuInstructions required )
{
    if ( ( current & required ) == required ) {
        return true;
    }
    return false;
}

CpuInstructions supportedCpuInstructions();
",""
"Function:src/utils/include/cpu_info.h:supportedCpuInstructions","supportedCpuInstructions","src/utils/include/cpu_info.h",58,58,true,"}

CpuInstructions supportedCpuInstructions();

#endif",""
"Function:src/utils/include/containers.h:ssize","ssize","src/utils/include/containers.h",33,38,true,"
template <class C>
constexpr auto ssize( const C& c )
    -> std::common_type_t<std::ptrdiff_t, std::make_signed_t<decltype( c.size() )>>
{
    using R = std::common_type_t<std::ptrdiff_t, std::make_signed_t<decltype( c.size() )>>;
    return static_cast<R>( c.size() );
}

template <class C>
",""
"Function:src/utils/include/containers.h:isize","isize","src/utils/include/containers.h",41,44,true,"
template <class C>
constexpr int isize( const C& c )
{
    return type_safe::narrow_cast<int>( ssize( c ) );
}


",""
"Function:src/utils/include/containers.h:as_const","as_const","src/utils/include/containers.h",48,51,true,"
template<class C>
constexpr std::add_const_t<C>& as_const(C& c) noexcept
{
    return c;
}

} // namespace klogg
",""
"Function:src/utils/include/clipboard.h:sendTextToClipboard","sendTextToClipboard","src/utils/include/clipboard.h",28,46,false,"#include <QTimer>

static inline void sendTextToClipboard(QString text, bool updateSelection = false) {
    auto clipboard = QApplication::clipboard();
    if (!clipboard) {
        LOG_WARNING << ""Unable to access the clipboard."";
        return;
    }
    
    try {
        auto* mime = new QMimeData;
        mime->setText(text);
        clipboard->setMimeData(mime, QClipboard::Clipboard);
        if (updateSelection && clipboard->supportsSelection()) {
            clipboard->setMimeData(mime, QClipboard::Selection);
        }
    }
    catch(const std::exception& ex) {
        LOG_ERROR << ""Failed to send text to clipboard: "" << ex.what();
    }
}
#endif
",""
"Function:src/utils/include/active_screen.h:activeScreen","activeScreen","src/utils/include/active_screen.h",25,37,false,"#include <QScreen>

static inline QScreen* activeScreen(QWidget* widget) {
    if (widget == nullptr) return nullptr;
    
    QScreen* screen = nullptr;
#if QT_VERSION >= QT_VERSION_CHECK( 5, 14, 0 )
        screen = widget->screen();
#else
        (void) widget->winId(); // make Qt create native window
        QWindow* window = widget->windowHandle();
        screen = window ? window->screen() : nullptr;
#endif
    return screen;
}

#endif
",""
"Function:src/ui/src/viewtools.cpp:lengthChanged","lengthChanged","src/ui/src/viewtools.cpp",63,63,true,"    LOG_DEBUG << ""ElasticHook::move: new value "" << position_;

    Q_EMIT lengthChanged();
}

",""
"Function:src/ui/src/tabbedcrawlerwidget.cpp:tabCloseRequested","tabCloseRequested","src/ui/src/tabbedcrawlerwidget.cpp",242,242,true,"        int tab = this->myTabBar_.tabAt( event->pos() );
        if ( -1 != tab ) {
            Q_EMIT tabCloseRequested( tab );
            event->accept();
        }
",""
"Function:src/ui/src/tabbedcrawlerwidget.cpp:startNewStreamFileRequested","startNewStreamFileRequested","src/ui/src/tabbedcrawlerwidget.cpp",391,391,true,"        } );
        connect( startNewFile, &QAction::triggered, this,
                 [ this, tab ] { Q_EMIT startNewStreamFileRequested( tab ); } );
    }
    menu.addSeparator();
",""
"Function:src/ui/src/streamsession.cpp:connectionOpened","connectionOpened","src/ui/src/streamsession.cpp",52,52,true,"        }
    }
    Q_EMIT connectionOpened();
}

",""
"Function:src/ui/src/streamsession.cpp:captureFileChanged","captureFileChanged","src/ui/src/streamsession.cpp",145,145,true,"    settings_.filePath = filePath;
    lineBuffer_.clear();
    Q_EMIT captureFileChanged( oldFilePath, filePath );
    return true;
}",""
"Function:src/ui/src/streamsession.cpp:actionSent","actionSent","src/ui/src/streamsession.cpp",169,169,true,"    }

    Q_EMIT actionSent( actionId, actionName, stepIndex, data );
}

",""
"Function:src/ui/src/streamsession.cpp:errorOccurred","errorOccurred","src/ui/src/streamsession.cpp",186,186,true,"    connect( worker_, &QObject::destroyed, this, [ this ] { worker_ = nullptr; } );
    connect( worker_, &SerialCaptureWorker::errorOccurred, this,
             [ this ]( const QString& message ) { Q_EMIT errorOccurred( message ); } );
    connect( worker_, &SerialCaptureWorker::dataReceived, this,
             &StreamSession::handleDataReceived );
",""
"Function:src/ui/src/streamsession.cpp:dataTransmitted","dataTransmitted","src/ui/src/streamsession.cpp",190,190,true,"             &StreamSession::handleDataReceived );
    connect( worker_, &SerialCaptureWorker::dataTransmitted, this,
             [ this ]( const QByteArray& data ) { Q_EMIT dataTransmitted( data ); } );
}

",""
"Function:src/ui/src/streamsession.cpp:connectionClosed","connectionClosed","src/ui/src/streamsession.cpp",203,203,true,"    lineBuffer_.clear();
    StreamSourceRegistry::get().unregisterSerialPort( settings_.portName );     
    Q_EMIT connectionClosed();
}

",""
"Function:src/ui/src/streamsession.cpp:dataObserved","dataObserved","src/ui/src/streamsession.cpp",212,212,true,"    }

    Q_EMIT dataObserved( data );

    lineBuffer_.append( data );
",""
"Function:src/ui/src/streamsession.cpp:lineObserved","lineObserved","src/ui/src/streamsession.cpp",294,294,true,"    }

    Q_EMIT lineObserved( lineBytes );

    if ( !ActionsManager::instance().autoResponsesEnabled() ) {
",""
"Function:src/ui/src/startupprogress.cpp:startupProgressData","startupProgressData","src/ui/src/startupprogress.cpp",24,28,false,"};

StartupProgressData& startupProgressData()
{
    static StartupProgressData data;
    return data;
}

std::mutex& startupProgressMutex()
",""
"Function:src/ui/src/startupprogress.cpp:startupProgressMutex","startupProgressMutex","src/ui/src/startupprogress.cpp",30,34,false,"}

std::mutex& startupProgressMutex()
{
    static std::mutex mutex;
    return mutex;
}

std::recursive_mutex& callbackInvocationMutex()
",""
"Function:src/ui/src/startupprogress.cpp:callbackInvocationMutex","callbackInvocationMutex","src/ui/src/startupprogress.cpp",36,40,false,"}

std::recursive_mutex& callbackInvocationMutex()
{
    static std::recursive_mutex mutex;
    return mutex;
}

void normalizeState( StartupProgressState& state )
",""
"Function:src/ui/src/startupprogress.cpp:normalizeState","normalizeState","src/ui/src/startupprogress.cpp",42,48,false,"}

void normalizeState( StartupProgressState& state )
{
    if ( state.maximum <= state.minimum ) {
        state.maximum = state.minimum + 1;
    }
    state.value = std::clamp( state.value, state.minimum, state.maximum );
}

void notifyCallback( const std::shared_ptr<StartupProgressData::CallbackHolder>& callbackHolder,
",""
"Function:src/ui/src/startupprogress.cpp:notifyCallback","notifyCallback","src/ui/src/startupprogress.cpp",50,65,false,"}

void notifyCallback( const std::shared_ptr<StartupProgressData::CallbackHolder>& callbackHolder,
                     const StartupProgressState& state )
{
    if ( !callbackHolder ) {
        return;
    }

    std::lock_guard<std::recursive_mutex> callbackGuard( callbackInvocationMutex() );
    if ( !callbackHolder->active.load( std::memory_order_acquire ) ) {
        return;
    }

    if ( callbackHolder->callback ) {
        callbackHolder->callback( state );
    }
}
} // namespace

",""
"Function:src/ui/src/startupprogress.cpp:callbackGuard","callbackGuard","src/ui/src/startupprogress.cpp",57,57,false,"    }

    std::lock_guard<std::recursive_mutex> callbackGuard( callbackInvocationMutex() );
    if ( !callbackHolder->active.load( std::memory_order_acquire ) ) {
        return;
",""
"Function:src/ui/src/startupprogress.cpp:lock","lock","src/ui/src/startupprogress.cpp",73,73,true,"    std::shared_ptr<StartupProgressData::CallbackHolder> currentCallbackHolder;
    {
        std::lock_guard<std::mutex> lock( startupProgressMutex() );
        auto& data = startupProgressData();
        if ( data.callbackHolder ) {
",""
"Function:3rdparty/dump_syms/package_syms.py:ProcError.__init__","__init__","3rdparty/dump_syms/package_syms.py",13,15,false,"
class ProcError(Exception):
    def __init__(self, returncode, stderr):
        self.returncode = returncode
        self.stderr = stderr

def check_output(command):
",""
"Function:3rdparty/dump_syms/package_syms.py:check_output","check_output","3rdparty/dump_syms/package_syms.py",17,24,true,"        self.stderr = stderr

def check_output(command):
    proc = subprocess.Popen(command,
                            stdout=subprocess.PIPE,
                            stderr=subprocess.PIPE)
    stdout, stderr = proc.communicate()
    if proc.returncode != 0:
        raise ProcError(proc.returncode, stderr)
    return stdout

def process_file(dump_syms, path):
",""
"Function:3rdparty/dump_syms/package_syms.py:process_file","process_file","3rdparty/dump_syms/package_syms.py",26,45,true,"    return stdout

def process_file(dump_syms, path):
    try:
        stdout = check_output([dump_syms, path])
    except ProcError as e:
        print('Error: running ""%s %s"": %s' % (dump_syms, path, e.stderr))
        return None, None, None
    header = stdout.splitlines()[0].decode(""utf-8"")
    bits = header.split(' ', 4)
    if len(bits) != 5:
        return None, None, None
    _, platform, cpu_arch, debug_id, debug_file = bits
    print('debug_file %s' % debug_file)

    if debug_file.lower().endswith('.pdb'):
        sym_file = debug_file[:-4] + '.sym'
    else:
        sym_file = debug_file + '.sym'
    filename = os.path.join(debug_file, debug_id, sym_file)
    debug_filename = os.path.join(debug_file, debug_id, debug_file)
    return filename, stdout, debug_filename

def main():
",""
"Function:3rdparty/dump_syms/package_syms.py:main","main","3rdparty/dump_syms/package_syms.py",47,72,true,"    return filename, stdout, debug_filename

def main():
    parser = argparse.ArgumentParser()
    parser.add_argument('dump_syms', help='Path to dump_syms binary')
    parser.add_argument('files', nargs='+',
                        help='Path to files to dump symbols from')
    parser.add_argument('--symbol-zip', default='symbols.zip',
                        help='Name of zip file to put dumped symbols in')
    parser.add_argument('--no-binaries',
                        action='store_true',
                        default=False,
                        help='Don\'t store binaries in zip file')
    args = parser.parse_args()
    count = 0
    with zipfile.ZipFile(args.symbol_zip, 'w', zipfile.ZIP_DEFLATED) as zf:
        for f in args.files:
            print('dump_syms for %s' % f)
            filename, contents, debug_filename = process_file(args.dump_syms, f)
            if not (filename and contents):
                print('Error dumping symbols')
                sys.exit(1)
            zf.writestr(filename, contents)
            count += 1
            if not args.no_binaries:
                zf.write(f, debug_filename)
                count += 1
    print('Added %d files to %s' % (count, args.symbol_zip))

if __name__ == '__main__':
",""
"Function:website/static/js/ug-theme-tilesgrid.js:UGTheme_tilesgrid","UGTheme_tilesgrid","website/static/js/ug-theme-tilesgrid.js",10,451,false," * Fixed tiles theme
 */
function UGTheme_tilesgrid(){

	var t = this;
	var g_gallery = new UniteGalleryMain(), g_objGallery, g_objects, g_objWrapper; 
	var g_objThumbsGrid = new UGThumbsGrid(), g_lightbox = new UGLightbox();
	var g_functions = new UGFunctions(), g_objTileDesign = new UGTileDesign();
	var g_objBullets, g_objNavWrapper, g_objButtonLeft, g_objButtonRight, g_objPreloader;
	

	var g_options = {
			theme_gallery_padding: 0,				//padding from sides of the gallery
			theme_grid_align: ""center"",				//grid align
			theme_navigation_type: ""bullets"",		//bullets, arrows
			theme_arrows_margin_top: 20,			//the space between arrows and grid
			theme_space_between_arrows: 5,			//horizontal space between arrows
			theme_bullets_margin_top: 40,			//the space 
			theme_navigation_align: ""center"",		//center, left, right - horizontal align of the navigation
			theme_navigation_offset_hor: 0,			//horizontal offset of the navigation, according the align
			theme_bullets_color: ""gray"",			//gray, blue, brown, green, red - color of the bullets
			theme_auto_open:null					//auto open lightbox at start
	};
	
	var g_defaults = {
			gallery_width: ""100%"",
			
			tile_width: 180,
			tile_height: 150,
			
			grid_num_rows: 3,
			grid_padding: 10,
			
			tile_enable_border: true,
			tile_enable_shadow: true,
			
			tile_border_radius: 2,
			
			grid_space_between_cols: 20,
			grid_space_between_rows: 20,
			grid_space_between_mobile: 15,
			
			bullets_space_between: 12,
			grid_vertical_scroll_ondrag: true
	};
	
	
	//temp variables
	var g_temp = {
			handle: null		//interval handle
	};
	
	
	/**
	 * Init the theme
	 */
	function initTheme(gallery, customOptions){
		
		g_gallery = gallery;
		
		//set default options
		g_options = jQuery.extend(g_options, g_defaults);
		
		//set custom options
		g_options = jQuery.extend(g_options, customOptions);
		
		modifyOptions();
		
		//set gallery options
		g_gallery.setOptions(g_options);
		
		g_gallery.setFreestyleMode();
		
		g_objects = gallery.getObjects();
		
		//get some objects for local use
		g_objGallery = jQuery(gallery);		
		g_objWrapper = g_objects.g_objWrapper;
		
		//init objects
		g_lightbox.init(gallery, g_options);
		
		g_objThumbsGrid.init(gallery, g_options, true);

		g_objTileDesign = g_objThumbsGrid.getObjTileDesign();
	}
	
	
	/**
	 * modify options
	 */
	function modifyOptions(){
		
		if(!g_options.grid_num_rows)
			g_options.grid_num_rows = 9999;
		
		g_options.bullets_addclass = ""ug-bullets-""+g_options.theme_bullets_color;
		
	}
	
	
	/**
	 * get gallery width available for the grid
	 */
	function getGalleryWidth(){
		var galleryWidth = g_gallery.getSize().width;
		galleryWidth -= g_options.theme_gallery_padding * 2;
		
		return(galleryWidth);
	}
	
	
	/**
	 * set gallery html elements
	 */
	function setHtml(){
		
		//init bullets (only after panes size estimation)				
		if(g_options.theme_navigation_type == ""bullets""){
			
			g_objBullets = new UGBullets();
			
			var galleryWidth = getGalleryWidth();
			
			var numPanes = g_objThumbsGrid.getNumPanesEstimationByWidth(galleryWidth);
			
			var objOptions = g_gallery.getOptions();
			g_objBullets.init(g_gallery, objOptions, numPanes);			
			
		}
		
		//add html elements
		g_objWrapper.addClass(""ug-theme-tilesfixed"");
		
		g_objThumbsGrid.setHtml();
		
		if(g_objBullets)
			g_objBullets.appendHTML(g_objWrapper);
		
		if(g_options.theme_navigation_type == ""arrows""){
			var htmlAdd = ""<div class='ug-tile-navigation-wrapper' style='position:absolute'>"";
			htmlAdd += ""<div class='ug-button-tile-navigation ug-button-tile-left'></div>"";
			htmlAdd += ""<div class='ug-button-tile-navigation ug-button-tile-right'></div>"";
			htmlAdd += ""</div>"";
			g_objWrapper.append(htmlAdd);
			
			g_objNavWrapper = g_objWrapper.children("".ug-tile-navigation-wrapper"");
			
			g_objButtonLeft = g_objNavWrapper.children("".ug-button-tile-left"");
			g_objButtonRight = g_objNavWrapper.children("".ug-button-tile-right"");
			
			g_objButtonLeft.css(""margin-right"",g_options.theme_space_between_arrows+""px"");
		}
		
		g_lightbox.putHtml();
		
		//add preloader
		g_objWrapper.append(""<div class='ug-tiles-preloader ug-preloader-trans'></div>"");
		g_objPreloader = g_objWrapper.children("".ug-tiles-preloader"");
		g_objPreloader.fadeTo(0,0);
		
	}
	
	
	/**
	 * get height estimation by width
	 */
	function getHeightEstimation(galleryWidth){
		
		//put the placeholder before run. check the width
		var gridHeight = g_objThumbsGrid.getHeightEstimationByWidth(galleryWidth);
		var numPanes = g_objThumbsGrid.getNumPanesEstimationByWidth(galleryWidth);
		
		//add navigation height
		if(numPanes > 1){
			if(g_options.theme_navigation_type == ""arrows""){
				gridHeight += g_options.theme_arrows_margin_top;
				gridHeight += 30;	//arrows size
			}
			else{
				gridHeight += g_options.th
... [truncated]",""
"Function:website/static/js/ug-theme-tilesgrid.js:initTheme","initTheme","website/static/js/ug-theme-tilesgrid.js",64,93,false,"	 * Init the theme
	 */
	function initTheme(gallery, customOptions){
		
		g_gallery = gallery;
		
		//set default options
		g_options = jQuery.extend(g_options, g_defaults);
		
		//set custom options
		g_options = jQuery.extend(g_options, customOptions);
		
		modifyOptions();
		
		//set gallery options
		g_gallery.setOptions(g_options);
		
		g_gallery.setFreestyleMode();
		
		g_objects = gallery.getObjects();
		
		//get some objects for local use
		g_objGallery = jQuery(gallery);		
		g_objWrapper = g_objects.g_objWrapper;
		
		//init objects
		g_lightbox.init(gallery, g_options);
		
		g_objThumbsGrid.init(gallery, g_options, true);

		g_objTileDesign = g_objThumbsGrid.getObjTileDesign();
	}
	
	
",""
"Function:website/static/js/ug-theme-tilesgrid.js:modifyOptions","modifyOptions","website/static/js/ug-theme-tilesgrid.js",99,106,false,"	 * modify options
	 */
	function modifyOptions(){
		
		if(!g_options.grid_num_rows)
			g_options.grid_num_rows = 9999;
		
		g_options.bullets_addclass = ""ug-bullets-""+g_options.theme_bullets_color;
		
	}
	
	
",""
"Function:website/static/js/ug-theme-tilesgrid.js:getGalleryWidth","getGalleryWidth","website/static/js/ug-theme-tilesgrid.js",112,117,false,"	 * get gallery width available for the grid
	 */
	function getGalleryWidth(){
		var galleryWidth = g_gallery.getSize().width;
		galleryWidth -= g_options.theme_gallery_padding * 2;
		
		return(galleryWidth);
	}
	
	
",""
"Function:website/static/js/ug-theme-tilesgrid.js:setHtml","setHtml","website/static/js/ug-theme-tilesgrid.js",123,169,false,"	 * set gallery html elements
	 */
	function setHtml(){
		
		//init bullets (only after panes size estimation)				
		if(g_options.theme_navigation_type == ""bullets""){
			
			g_objBullets = new UGBullets();
			
			var galleryWidth = getGalleryWidth();
			
			var numPanes = g_objThumbsGrid.getNumPanesEstimationByWidth(galleryWidth);
			
			var objOptions = g_gallery.getOptions();
			g_objBullets.init(g_gallery, objOptions, numPanes);			
			
		}
		
		//add html elements
		g_objWrapper.addClass(""ug-theme-tilesfixed"");
		
		g_objThumbsGrid.setHtml();
		
		if(g_objBullets)
			g_objBullets.appendHTML(g_objWrapper);
		
		if(g_options.theme_navigation_type == ""arrows""){
			var htmlAdd = ""<div class='ug-tile-navigation-wrapper' style='position:absolute'>"";
			htmlAdd += ""<div class='ug-button-tile-navigation ug-button-tile-left'></div>"";
			htmlAdd += ""<div class='ug-button-tile-navigation ug-button-tile-right'></div>"";
			htmlAdd += ""</div>"";
			g_objWrapper.append(htmlAdd);
			
			g_objNavWrapper = g_objWrapper.children("".ug-tile-navigation-wrapper"");
			
			g_objButtonLeft = g_objNavWrapper.children("".ug-button-tile-left"");
			g_objButtonRight = g_objNavWrapper.children("".ug-button-tile-right"");
			
			g_objButtonLeft.css(""margin-right"",g_options.theme_space_between_arrows+""px"");
		}
		
		g_lightbox.putHtml();
		
		//add preloader
		g_objWrapper.append(""<div class='ug-tiles-preloader ug-preloader-trans'></div>"");
		g_objPreloader = g_objWrapper.children("".ug-tiles-preloader"");
		g_objPreloader.fadeTo(0,0);
		
	}
	
	
",""
"Function:website/static/js/ug-theme-tilesgrid.js:getHeightEstimation","getHeightEstimation","website/static/js/ug-theme-tilesgrid.js",175,195,false,"	 * get height estimation by width
	 */
	function getHeightEstimation(galleryWidth){
		
		//put the placeholder before run. check the width
		var gridHeight = g_objThumbsGrid.getHeightEstimationByWidth(galleryWidth);
		var numPanes = g_objThumbsGrid.getNumPanesEstimationByWidth(galleryWidth);
		
		//add navigation height
		if(numPanes > 1){
			if(g_options.theme_navigation_type == ""arrows""){
				gridHeight += g_options.theme_arrows_margin_top;
				gridHeight += 30;	//arrows size
			}
			else{
				gridHeight += g_options.theme_bullets_margin_top;
				gridHeight += 15;	//bullets size
			}
				
		}
	
		return(gridHeight);
	}
	
	
",""
"Function:website/static/js/ug-theme-tilesgrid.js:actualRun","actualRun","website/static/js/ug-theme-tilesgrid.js",201,225,false,"	 * actually run the theme
	 */
	function actualRun(){
		
		//get gallery width, set estimation height and get width again.
		var galleryWidth = getGalleryWidth();
		var totalHeight = getHeightEstimation(galleryWidth);
		g_objWrapper.height(totalHeight);
		var galleryWidth = getGalleryWidth();

		initEvents();
		
		//place preloader
		g_functions.placeElement(g_objPreloader, g_options.theme_grid_align, 50);
		
		g_objThumbsGrid.setWidth(galleryWidth);
		
		g_objThumbsGrid.run();
				
		g_lightbox.run();
		
		updateBullets();
		
		positionElements();
		
		
	}

	
",""
"Function:website/static/js/ug-theme-tilesgrid.js:runTheme","runTheme","website/static/js/ug-theme-tilesgrid.js",231,236,false,"	 * run the theme
	 */
	function runTheme(){
		
		setHtml();
		actualRun();
		
	}
	
	
",""
"Function:website/static/js/ug-theme-tilesgrid.js:positionElements","positionElements","website/static/js/ug-theme-tilesgrid.js",242,300,false,"	 * position elements
	 */
	function positionElements(){
		
		var objGallerySize = g_gallery.getSize();
		var g_objGridSize = g_objThumbsGrid.getSize();
		
		var gridElement = g_objThumbsGrid.getElement();
		g_functions.placeElement(gridElement, g_options.theme_grid_align, 0);
		
		g_objGridSize = g_objThumbsGrid.getSize();
		
		var galleryHeight = g_objGridSize.height;
		
		var numPanes = g_objThumbsGrid.getNumPanes();

		if(numPanes > 1){
			
			//position bullets
			if(g_objBullets){
				
				g_objBullets.getElement().show();
				
				var bulletsElement = g_objBullets.getElement();
				var bulletsWidth = g_objBullets.getBulletsWidth();
				
				//get bullets offset x (relative to the grid)
				var bulletsX = g_objGridSize.left + g_functions.getElementRelativePos(bulletsWidth, g_options.theme_navigation_align, g_options.theme_navigation_offset_hor, gridElement);
				
				g_functions.placeElement(bulletsElement, bulletsX, galleryHeight + g_options.theme_bullets_margin_top);
				
				var sizeBullets = g_functions.getElementSize(bulletsElement);
				galleryHeight = sizeBullets.bottom;
				
			}
			
			//position buttons
			if(g_objNavWrapper){
				
				g_objNavWrapper.show();
				
				var navX = g_objGridSize.left + g_functions.getElementRelativePos(g_objNavWrapper, g_options.theme_navigation_align, g_options.theme_navigation_offset_hor, gridElement);
								
				g_functions.placeElement(g_objNavWrapper, navX, galleryHeight + g_options.theme_arrows_margin_top);
				
				var sizeNav = g_functions.getElementSize(g_objNavWrapper);
				
				galleryHeight = sizeNav.bottom;
			}
			
		}else{	//if only one pame, hide the navigation
			
			if(g_objNavWrapper)
				g_objNavWrapper.hide();
			
			if(g_objBullets)
				g_objBullets.getElement().hide();
		}
		
		g_objWrapper.height(galleryHeight);
	}
		
	
",""
"Function:website/static/js/ug-theme-tilesgrid.js:onTileClick","onTileClick","website/static/js/ug-theme-tilesgrid.js",306,312,false,"	 * on tile click - open lightbox
	 */
	function onTileClick(data, objTile){
		
		objTile = jQuery(objTile);		
		var index = objTile.index();
		
		g_lightbox.open(index);
	}

	
",""
"Function:website/static/js/ug-theme-tilesgrid.js:updateBullets","updateBullets","website/static/js/ug-theme-tilesgrid.js",318,327,false,"	 * update the bullets
	 */
	function updateBullets(){
		
		//update bullets
		if(!g_objBullets)
			return(false);
		
		numPanes = g_objThumbsGrid.getNumPanes();
		g_objBullets.updateNumBullets(numPanes);
		g_objBullets.setActive(0);
	}
	
	
",""
"Function:website/static/js/ug-theme-tilesgrid.js:onSizeChange","onSizeChange","website/static/js/ug-theme-tilesgrid.js",333,344,false,"	 * on gallery size change - resize the theme.
	 */
	function onSizeChange(){
		
		var galleryWidth = getGalleryWidth();
		
		g_objThumbsGrid.setWidth(galleryWidth);
		g_objThumbsGrid.run();
		
		updateBullets();
		
		setTimeout(positionElements, 500);
		
	}


",""
"Function:website/static/js/ug-theme-tilesgrid.js:onBeforeReqestItems","onBeforeReqestItems","website/static/js/ug-theme-tilesgrid.js",363,373,false,"	 * before items request: hide items, show preloader
	 */
	function onBeforeReqestItems(){
		
		if(g_objNavWrapper)
			g_objNavWrapper.hide();
	
		if(g_objThumbsGrid)
			g_objThumbsGrid.getElement().hide();
		
		//show preloader:
		g_objPreloader.fadeTo(0,1);
	}
	
	
",""
"Function:website/static/js/ug-theme-tilesgrid.js:onLightboxInit","onLightboxInit","website/static/js/ug-theme-tilesgrid.js",379,386,false,"	 * open lightbox at start if needed
	 */
	function onLightboxInit(){

		if(g_options.theme_auto_open !== null){
			g_lightbox.open(g_options.theme_auto_open);
			g_options.theme_auto_open = null;
		}
		
	}
	
	
",""
"Function:website/static/js/ug-theme-tilesgrid.js:initEvents","initEvents","website/static/js/ug-theme-tilesgrid.js",392,408,false,"	 * init buttons functionality and events
	 */
	function initEvents(){
		
		g_objGallery.on(g_gallery.events.SIZE_CHANGE, onSizeChange);
		g_objGallery.on(g_gallery.events.GALLERY_BEFORE_REQUEST_ITEMS, onBeforeReqestItems);
		
		if(g_objBullets)
			g_objThumbsGrid.attachBullets(g_objBullets);		
		
		if(g_objNavWrapper){
			g_objThumbsGrid.attachNextPaneButton(g_objButtonRight);
			g_objThumbsGrid.attachPrevPaneButton(g_objButtonLeft);
		}
		
		jQuery(g_objTileDesign).on(g_objTileDesign.events.TILE_CLICK, onTileClick);
		
		jQuery(g_lightbox).on(g_lightbox.events.LIGHTBOX_INIT, onLightboxInit);
	}
	
	
",""
"Function:website/static/js/ug-theme-carousel.js:UGTheme_carousel","UGTheme_carousel","website/static/js/ug-theme-carousel.js",10,387,false," * Grid gallery theme
 */
function UGTheme_carousel(){

	var t = this;
	var g_gallery = new UniteGalleryMain(), g_objGallery, g_objects, g_objWrapper;
	var g_lightbox = new UGLightbox(), g_carousel = new UGCarousel();
	var g_functions = new UGFunctions(), g_objTileDesign = new UGTileDesign();;
	var g_objNavWrapper, g_objButtonLeft, g_objButtonRight, g_objButtonPlay, g_objPreloader;
	var g_apiDefine = new UG_API();
	
	var g_options = {
			theme_gallery_padding: 0,				//the padding of the gallery wrapper
			
			theme_carousel_align: ""center"",			//the align of the carousel
			theme_carousel_offset: 0,				//the offset of the carousel from the align sides

			theme_enable_navigation: true,
			theme_navigation_position: ""bottom"",	//top,bottom: the vertical position of the navigation reative to the carousel
			theme_navigation_enable_play: true,		//enable / disable the play button of the navigation
			theme_navigation_align: ""center"",		//the align of the navigation
			theme_navigation_offset_hor: 0,			//horizontal offset of the navigation
			theme_navigation_margin: 20,			//the space between the carousel and the navigation
			theme_space_between_arrows: 5			//the space between arrows in the navigation
	};
	
	var g_defaults = {
			gallery_width: ""100%"",
			tile_width: 160,
			tile_height: 160,
			tile_enable_border: true,
			tile_enable_outline: true,
			carousel_vertical_scroll_ondrag: true
	};
	
	
	//temp variables
	var g_temp = {
	};
	
	
	/**
	 * Init the theme
	 */
	function initTheme(gallery, customOptions){
		
		g_gallery = gallery;
		
		//set default options
		g_options = jQuery.extend(g_options, g_defaults);
		
		//set custom options
		g_options = jQuery.extend(g_options, customOptions);
		
		//modifyOptions();
		
		//set gallery options
		g_gallery.setOptions(g_options);
		
		g_gallery.setFreestyleMode();
		
		g_objects = gallery.getObjects();
		
		//get some objects for local use
		g_objGallery = jQuery(gallery);		
		g_objWrapper = g_objects.g_objWrapper;
		
		//init objects
		g_lightbox.init(gallery, g_options);
		
		g_carousel.init(gallery, g_options);
		
		g_objTileDesign = g_carousel.getObjTileDesign();
	}
	
	
	/**
	 * set gallery html elements
	 */
	function setHtml(){
				
		//add html elements
		g_objWrapper.addClass(""ug-theme-carousel"");
		
		g_carousel.setHtml(g_objWrapper);
		
		if(g_options.theme_enable_navigation == true){
			var htmlAdd = ""<div class='ug-tile-navigation-wrapper' style='position:absolute'>"";
			htmlAdd += ""<div class='ug-button-tile-navigation ug-button-tile-left'></div>"";
			
			//put play/pause button
			if(g_options.theme_navigation_enable_play == true)
				htmlAdd += ""<div class='ug-button-tile-navigation ug-button-tile-play'></div>"";
			
			htmlAdd += ""<div class='ug-button-tile-navigation ug-button-tile-right'></div>"";
			htmlAdd += ""</div>"";
			g_objWrapper.append(htmlAdd);
			
			g_objNavWrapper = g_objWrapper.children("".ug-tile-navigation-wrapper"");
			
			g_objButtonLeft = g_objNavWrapper.children("".ug-button-tile-left"");
			g_objButtonRight = g_objNavWrapper.children("".ug-button-tile-right"");
			
			g_objButtonLeft.css(""margin-right"",g_options.theme_space_between_arrows+""px"");
			
			if(g_options.theme_navigation_enable_play == true){			
				g_objButtonPlay = g_objNavWrapper.children("".ug-button-tile-play"");
				g_objButtonPlay.css(""margin-right"",g_options.theme_space_between_arrows+""px"");
			}
			
		}
		
		g_lightbox.putHtml();

		//add preloader
		g_objWrapper.append(""<div class='ug-tiles-preloader ug-preloader-trans'></div>"");
		g_objPreloader = g_objWrapper.children("".ug-tiles-preloader"");
		g_objPreloader.fadeTo(0,0);
		
	}

	/**
	 * get gallery width available for the grid
	 */
	function getGalleryWidth(){
		var galleryWidth = g_gallery.getSize().width;
		galleryWidth -= g_options.theme_gallery_padding * 2;
		
		return(galleryWidth);
	}
	
	/**
	 * get estimated height of the carousel and the navigation
	 */
	function getEstimatedHeight(){
		var height = g_carousel.getEstimatedHeight();
		
		if(g_objNavWrapper){
			var navHeight = g_objNavWrapper.height();
			height += navHeight + g_options.theme_navigation_margin;
		}
		
		return(height);
	}
	
	/**
	 * actually run the theme
	 */
	function actualRun(){
		
		//first set the height, maybe scrollbars will appear
		var galleryHeight = getEstimatedHeight();
		g_objWrapper.height(galleryHeight);
		
		var galleryWidth = getGalleryWidth();

		initEvents();
		
		g_carousel.setMaxWidth(galleryWidth);
		g_carousel.run();
		
		g_lightbox.run();
			
		positionElements();
		
	}
	
	
	/**
	 * run the theme
	 */
	function runTheme(){
		
		setHtml();
		
		actualRun();
		
	}
	
	
	/**
	 * position elements
	 */
	function positionElements(){
		
		var carouselElement = g_carousel.getElement();
		var sizeCar = g_functions.getElementSize(carouselEleme
... [truncated]",""
"Function:website/static/js/ug-theme-carousel.js:initTheme","initTheme","website/static/js/ug-theme-carousel.js",52,81,false,"	 * Init the theme
	 */
	function initTheme(gallery, customOptions){
		
		g_gallery = gallery;
		
		//set default options
		g_options = jQuery.extend(g_options, g_defaults);
		
		//set custom options
		g_options = jQuery.extend(g_options, customOptions);
		
		//modifyOptions();
		
		//set gallery options
		g_gallery.setOptions(g_options);
		
		g_gallery.setFreestyleMode();
		
		g_objects = gallery.getObjects();
		
		//get some objects for local use
		g_objGallery = jQuery(gallery);		
		g_objWrapper = g_objects.g_objWrapper;
		
		//init objects
		g_lightbox.init(gallery, g_options);
		
		g_carousel.init(gallery, g_options);
		
		g_objTileDesign = g_carousel.getObjTileDesign();
	}
	
	
",""
"Function:website/static/js/ug-theme-carousel.js:setHtml","setHtml","website/static/js/ug-theme-carousel.js",87,127,false,"	 * set gallery html elements
	 */
	function setHtml(){
				
		//add html elements
		g_objWrapper.addClass(""ug-theme-carousel"");
		
		g_carousel.setHtml(g_objWrapper);
		
		if(g_options.theme_enable_navigation == true){
			var htmlAdd = ""<div class='ug-tile-navigation-wrapper' style='position:absolute'>"";
			htmlAdd += ""<div class='ug-button-tile-navigation ug-button-tile-left'></div>"";
			
			//put play/pause button
			if(g_options.theme_navigation_enable_play == true)
				htmlAdd += ""<div class='ug-button-tile-navigation ug-button-tile-play'></div>"";
			
			htmlAdd += ""<div class='ug-button-tile-navigation ug-button-tile-right'></div>"";
			htmlAdd += ""</div>"";
			g_objWrapper.append(htmlAdd);
			
			g_objNavWrapper = g_objWrapper.children("".ug-tile-navigation-wrapper"");
			
			g_objButtonLeft = g_objNavWrapper.children("".ug-button-tile-left"");
			g_objButtonRight = g_objNavWrapper.children("".ug-button-tile-right"");
			
			g_objButtonLeft.css(""margin-right"",g_options.theme_space_between_arrows+""px"");
			
			if(g_options.theme_navigation_enable_play == true){			
				g_objButtonPlay = g_objNavWrapper.children("".ug-button-tile-play"");
				g_objButtonPlay.css(""margin-right"",g_options.theme_space_between_arrows+""px"");
			}
			
		}
		
		g_lightbox.putHtml();

		//add preloader
		g_objWrapper.append(""<div class='ug-tiles-preloader ug-preloader-trans'></div>"");
		g_objPreloader = g_objWrapper.children("".ug-tiles-preloader"");
		g_objPreloader.fadeTo(0,0);
		
	}

	/**
",""
"Function:website/static/js/ug-theme-carousel.js:getGalleryWidth","getGalleryWidth","website/static/js/ug-theme-carousel.js",132,137,false,"	 * get gallery width available for the grid
	 */
	function getGalleryWidth(){
		var galleryWidth = g_gallery.getSize().width;
		galleryWidth -= g_options.theme_gallery_padding * 2;
		
		return(galleryWidth);
	}
	
	/**
",""
"Function:website/static/js/ug-theme-carousel.js:getEstimatedHeight","getEstimatedHeight","website/static/js/ug-theme-carousel.js",142,151,false,"	 * get estimated height of the carousel and the navigation
	 */
	function getEstimatedHeight(){
		var height = g_carousel.getEstimatedHeight();
		
		if(g_objNavWrapper){
			var navHeight = g_objNavWrapper.height();
			height += navHeight + g_options.theme_navigation_margin;
		}
		
		return(height);
	}
	
	/**
",""
"Function:website/static/js/ug-theme-carousel.js:actualRun","actualRun","website/static/js/ug-theme-carousel.js",156,173,false,"	 * actually run the theme
	 */
	function actualRun(){
		
		//first set the height, maybe scrollbars will appear
		var galleryHeight = getEstimatedHeight();
		g_objWrapper.height(galleryHeight);
		
		var galleryWidth = getGalleryWidth();

		initEvents();
		
		g_carousel.setMaxWidth(galleryWidth);
		g_carousel.run();
		
		g_lightbox.run();
			
		positionElements();
		
	}
	
	
",""
"Function:website/static/js/ug-theme-carousel.js:runTheme","runTheme","website/static/js/ug-theme-carousel.js",179,185,false,"	 * run the theme
	 */
	function runTheme(){
		
		setHtml();
		
		actualRun();
		
	}
	
	
",""
"Function:website/static/js/ug-theme-carousel.js:positionElements","positionElements","website/static/js/ug-theme-carousel.js",191,239,false,"	 * position elements
	 */
	function positionElements(){
		
		var carouselElement = g_carousel.getElement();
		var sizeCar = g_functions.getElementSize(carouselElement);

		var navHeight = 0;
		
		if(g_objNavWrapper){
			var sizeNav = g_functions.getElementSize(g_objNavWrapper);
			navHeight = sizeNav.height;
		}
				
		var galleryHeight = sizeCar.height;
		
		if(navHeight > 0)
			galleryHeight += g_options.theme_navigation_margin + navHeight;
		
		//vars for bottom nav position
		var carouselTop = 0;
		
		if(g_objNavWrapper){
			
			var navTop = sizeCar.height + g_options.theme_navigation_margin;
			
			//change vars for top nav position
			if(g_options.theme_navigation_position == ""top""){
				
				carouselTop = sizeNav.height + g_options.theme_navigation_margin;
				navTop = 0;
			}
		}
		
		//align the carousel
		g_functions.placeElement(carouselElement, g_options.theme_carousel_align, carouselTop, g_options.theme_carousel_offset, 0);
		var sizeCar = g_functions.getElementSize(carouselElement);
		
		//position buttons
		if(g_objNavWrapper){
			var navX = sizeCar.left + g_functions.getElementRelativePos(g_objNavWrapper, g_options.theme_navigation_align, g_options.theme_navigation_offset_hor, carouselElement);
			g_functions.placeElement(g_objNavWrapper, navX, navTop);
			
		}
		
		g_objWrapper.height(galleryHeight);		//temp height

		//place preloader
		g_functions.placeElement(g_objPreloader, ""center"", 50);
	
	}
		
	
",""
"Function:website/static/js/ug-theme-carousel.js:onTileClick","onTileClick","website/static/js/ug-theme-carousel.js",245,253,false,"	 * on tile click - open lightbox
	 */
	function onTileClick(data, objTile){
		
		objTile = jQuery(objTile);		
		
		var objItem = g_objTileDesign.getItemByTile(objTile);
		var index = objItem.index;		
		
		g_lightbox.open(index);
	}
	
	
",""
"Function:website/static/js/ug-theme-carousel.js:onSizeChange","onSizeChange","website/static/js/ug-theme-carousel.js",259,266,false,"	 * on gallery size change - resize the theme.
	 */
	function onSizeChange(){
		
		var galleryWidth = getGalleryWidth();
		g_carousel.setMaxWidth(galleryWidth);
		g_carousel.run();
			
		positionElements();
	}

	/**
",""
"Function:website/static/js/ug-theme-carousel.js:onBeforeReqestItems","onBeforeReqestItems","website/static/js/ug-theme-carousel.js",271,282,false,"	 * before items request: hide items, show preloader
	 */
	function onBeforeReqestItems(){
		
		g_carousel.stopAutoplay();
		
		g_carousel.getElement().hide();
		
		if(g_objNavWrapper)
			g_objNavWrapper.hide();
		
		//show preloader:
		g_objPreloader.fadeTo(0,1);
	}
	
	
",""
"Function:website/static/js/ug-theme-carousel.js:initAPIFunctions","initAPIFunctions","website/static/js/ug-theme-carousel.js",288,315,false,"	 * init api functions
	 */
	function initAPIFunctions(event, api){
		
		api.carouselStartAutoplay = function(){
			g_carousel.startAutoplay();
		}
		
		api.carouselStopAutoplay = function(){
			g_carousel.stopAutoplay();
		}
		
		api.carouselPause = function(){
			g_carousel.pauseAutoplay();
		}
		
		api.carouselUnpause = function(){
			g_carousel.unpauseAutoplay();
		}
		
		api.scrollLeft = function(numTiles){
			g_carousel.scrollLeft(numTiles);
		}	
		
		api.scrollRight = function(numTiles){
			g_carousel.scrollRight(numTiles);
		}
		
		
	}

	
",""
"Function:website/static/js/ug-theme-carousel.js:initEvents","initEvents","website/static/js/ug-theme-carousel.js",321,342,false,"	 * init buttons functionality and events
	 */
	function initEvents(){
				
		//set navigation buttons events
		if(g_objNavWrapper){
			
			g_carousel.setScrollLeftButton(g_objButtonRight);
			g_carousel.setScrollRightButton(g_objButtonLeft);
			
			if(g_objButtonPlay)
				g_carousel.setPlayPauseButton(g_objButtonPlay);
			
		}
		
		g_objGallery.on(g_gallery.events.SIZE_CHANGE, onSizeChange);
		g_objGallery.on(g_gallery.events.GALLERY_BEFORE_REQUEST_ITEMS, onBeforeReqestItems);
		
		//on click events
		jQuery(g_objTileDesign).on(g_objTileDesign.events.TILE_CLICK, onTileClick);
		
		//init api
		g_objGallery.on(g_apiDefine.events.API_INIT_FUNCTIONS, initAPIFunctions);
	}
	
	
",""
"Function:src/ui/src/session.cpp:resolveComCapturePath","resolveComCapturePath","src/ui/src/session.cpp",42,80,false,"
namespace {
QString resolveComCapturePath( const SerialCaptureSettings& settings )
{
    QString baseDir;
    const QFileInfo configuredPath{ settings.filePath };
    if ( configuredPath.exists() && configuredPath.isDir() ) {
        baseDir = configuredPath.absoluteFilePath();
    }
    else if ( !configuredPath.absolutePath().isEmpty() ) {
        baseDir = configuredPath.absolutePath();
    }

    if ( baseDir.isEmpty() ) {
        const QFileInfo defaultPath{ Configuration::get().defaultComLogPath() };
        if ( defaultPath.exists() && defaultPath.isDir() ) {
            baseDir = defaultPath.absoluteFilePath();
        }
        else if ( !defaultPath.absolutePath().isEmpty() ) {
            baseDir = defaultPath.absolutePath();
        }
    }

    if ( baseDir.isEmpty() ) {
        baseDir = defaultComLogDirectory();
    }

    QDir dir( baseDir );
    if ( !dir.exists() && !dir.mkpath( ""."" ) ) {
        dir.setPath( defaultComLogDirectory() );
        dir.mkpath( ""."" );
    }

    const auto portName
        = settings.portName.isEmpty() ? QStringLiteral( ""port"" ) : settings.portName.toLower();
    const auto baudRate = QString::number( settings.baudRate );
    const auto timestamp
        = QDateTime::currentDateTime().toString( QStringLiteral( ""yyyy-MM-dd_HH-mm-ss"" ) );
    const auto fileName = QString( ""%1_%2_%3.log"" ).arg( portName, baudRate, timestamp );
    return dir.filePath( fileName );
}

} // namespace
",""
"Function:src/ui/src/session.cpp:dir","dir","src/ui/src/session.cpp",67,67,false,"    }

    QDir dir( baseDir );
    if ( !dir.exists() && !dir.mkpath( ""."" ) ) {
        dir.setPath( defaultComLogDirectory() );
",""
"Function:src/ui/src/serialcaptureworker.cpp:previewHex","previewHex","src/ui/src/serialcaptureworker.cpp",12,20,false,"
namespace {
QString previewHex( const QByteArray& data, int maxBytes = 128 )
{
    const auto slice = data.left( maxBytes );
    auto hex = QString::fromLatin1( slice.toHex( ' ' ) );
    if ( data.size() > maxBytes ) {
        hex.append( QStringLiteral( "" ... (%1 bytes total)"" ).arg( data.size() ) );
    }
    return hex;
}

QByteArray timestampPrefix( const SerialCaptureSettings& settings, QStringView direction )
",""
"Function:src/ui/src/serialcaptureworker.cpp:timestampPrefix","timestampPrefix","src/ui/src/serialcaptureworker.cpp",22,30,false,"}

QByteArray timestampPrefix( const SerialCaptureSettings& settings, QStringView direction )
{
    const auto ts = QDateTime::currentDateTime().toString( settings.timestampFormat );
    QString prefix = ts;
    prefix.append( ' ' );
    prefix.append( direction );
    prefix.append( QStringLiteral( "" - "" ) );
    return prefix.toUtf8();
}

} // namespace
",""
"Function:src/ui/src/serialcaptureworker.cpp:serializeSerialCaptureSettings","serializeSerialCaptureSettings","src/ui/src/serialcaptureworker.cpp",34,50,true,"} // namespace

QString serializeSerialCaptureSettings( const SerialCaptureSettings& settings )
{
    QJsonObject object;
    object.insert( QStringLiteral( ""portName"" ), settings.portName );
    object.insert( QStringLiteral( ""baudRate"" ), settings.baudRate );
    object.insert( QStringLiteral( ""dataBits"" ), static_cast<int>( settings.dataBits ) );
    object.insert( QStringLiteral( ""parity"" ), static_cast<int>( settings.parity ) );
    object.insert( QStringLiteral( ""stopBits"" ), static_cast<int>( settings.stopBits ) );
    object.insert( QStringLiteral( ""flowControl"" ), static_cast<int>( settings.flowControl ) );
    object.insert( QStringLiteral( ""filePath"" ), settings.filePath );
    object.insert( QStringLiteral( ""addTimestamps"" ), settings.addTimestamps );
    object.insert( QStringLiteral( ""timestampFormat"" ), settings.timestampFormat );
    object.insert( QStringLiteral( ""logTransmits"" ), settings.logTransmits );
    object.insert( QStringLiteral( ""useForActions"" ), settings.useForActions );

    return QString::fromUtf8( QJsonDocument( object ).toJson( QJsonDocument::Compact ) );
}

std::optional<SerialCaptureSettings> deserializeSerialCaptureSettings( const QString& serialized )
",""
"Function:src/ui/src/serialcaptureworker.cpp:deserializeSerialCaptureSettings","deserializeSerialCaptureSettings","src/ui/src/serialcaptureworker.cpp",52,101,true,"}

std::optional<SerialCaptureSettings> deserializeSerialCaptureSettings( const QString& serialized )
{
    if ( serialized.trimmed().isEmpty() ) {
        return std::nullopt;
    }

    QJsonParseError parseError{};
    const auto document = QJsonDocument::fromJson( serialized.toUtf8(), &parseError );
    if ( parseError.error != QJsonParseError::NoError || !document.isObject() ) {
        return std::nullopt;
    }

    const auto object = document.object();
    SerialCaptureSettings settings;
    const auto& config = Configuration::get();

    settings.baudRate = static_cast<qint32>( config.defaultComBaudRate() );
    settings.dataBits = config.defaultComDataBits();
    settings.parity = config.defaultComParity();
    settings.stopBits = config.defaultComStopBits();
    settings.flowControl = config.defaultComFlowControl();
    settings.filePath = config.defaultComLogPath();
    settings.addTimestamps = config.defaultComTimestampEnabled();
    settings.timestampFormat = config.defaultComTimestampFormat();
    settings.logTransmits = config.defaultComLogTransmits();
    settings.useForActions = false;

    settings.portName = object.value( QStringLiteral( ""portName"" ) ).toString();
    if ( settings.portName.trimmed().isEmpty() ) {
        return std::nullopt;
    }

    settings.baudRate = object.value( QStringLiteral( ""baudRate"" ) ).toInt( settings.baudRate );
    settings.dataBits = static_cast<QSerialPort::DataBits>(
        object.value( QStringLiteral( ""dataBits"" ) ).toInt( static_cast<int>( settings.dataBits ) ) );
    settings.parity = static_cast<QSerialPort::Parity>(
        object.value( QStringLiteral( ""parity"" ) ).toInt( static_cast<int>( settings.parity ) ) );
    settings.stopBits = static_cast<QSerialPort::StopBits>(
        object.value( QStringLiteral( ""stopBits"" ) ).toInt( static_cast<int>( settings.stopBits ) ) );
    settings.flowControl = static_cast<QSerialPort::FlowControl>(
        object.value( QStringLiteral( ""flowControl"" ) ).toInt( static_cast<int>( settings.flowControl ) ) );
    settings.filePath = object.value( QStringLiteral( ""filePath"" ) ).toString( settings.filePath );
    settings.addTimestamps = object.value( QStringLiteral( ""addTimestamps"" ) ).toBool( settings.addTimestamps );
    settings.timestampFormat
        = object.value( QStringLiteral( ""timestampFormat"" ) ).toString( settings.timestampFormat );
    settings.logTransmits = object.value( QStringLiteral( ""logTransmits"" ) ).toBool( settings.logTransmits );
    settings.useForActions = object.value( QStringLiteral( ""useForActions"" ) ).toBool( settings.useForActions );

    return settings;
}

SerialCaptureWorker::SerialCaptureWorker( SerialCaptureSettings settings, QObject* parent )",""
"Function:src/ui/src/serialcaptureworker.cpp:nextFile","nextFile","src/ui/src/serialcaptureworker.cpp",119,119,true,"    }

    QFile nextFile( filePath );
    if ( !nextFile.open( QIODevice::WriteOnly | QIODevice::Append ) ) {
        if ( errorMessage != nullptr ) {",""
"Function:src/ui/src/serialcaptureworker.cpp:finished","finished","src/ui/src/serialcaptureworker.cpp",150,150,true,"{
    if ( stopping_ ) {
        Q_EMIT finished();
        return;
    }
",""
"Function:src/ui/src/serialcaptureworker.cpp:dataReceived","dataReceived","src/ui/src/serialcaptureworker.cpp",337,337,true,"    }

    Q_EMIT dataReceived( data );
}

",""
"Function:src/ui/src/scriptsupervisor.cpp:randomToken","randomToken","src/ui/src/scriptsupervisor.cpp",31,35,false,"constexpr auto CommStopEventType = ""comm_stop"";

QString randomToken()
{
    return QString::number( QRandomGenerator::global()->generate64(), 16 )
           + QString::number( QRandomGenerator::global()->generate64(), 16 );
}

QStringList pythonExecutableCandidates( const QString& runtimeRoot )
",""
"Function:src/ui/src/scriptsupervisor.cpp:pythonExecutableCandidates","pythonExecutableCandidates","src/ui/src/scriptsupervisor.cpp",37,56,false,"}

QStringList pythonExecutableCandidates( const QString& runtimeRoot )
{
    QStringList candidates;
    if ( !runtimeRoot.isEmpty() ) {
#ifdef Q_OS_WIN
        candidates << QDir( runtimeRoot ).filePath( ""python.exe"" );
        candidates << QDir( runtimeRoot ).filePath( ""python/python.exe"" );
#else
        candidates << QDir( runtimeRoot ).filePath( ""bin/python3"" );
        candidates << QDir( runtimeRoot ).filePath( ""bin/python"" );
        candidates << QDir( runtimeRoot ).filePath( ""python/bin/python3"" );
#endif
    }
    candidates << qEnvironmentVariable( ""CILOGG_SCRIPT_PYTHON"" );
    candidates << QStandardPaths::findExecutable( QStringLiteral( ""python3"" ) );
    candidates << QStandardPaths::findExecutable( QStringLiteral( ""python"" ) );
    candidates.removeAll( QString{} );
    candidates.removeDuplicates();
    return candidates;
}

QString trimTrailingNewline( const QString& line )
",""
"Function:src/ui/src/scriptsupervisor.cpp:trimTrailingNewline","trimTrailingNewline","src/ui/src/scriptsupervisor.cpp",58,65,false,"}

QString trimTrailingNewline( const QString& line )
{
    QString trimmed = line;
    while ( trimmed.endsWith( '\n' ) || trimmed.endsWith( '\r' ) ) {
        trimmed.chop( 1 );
    }
    return trimmed;
}

bool isActiveState( ScriptRunState state )
",""
"Function:src/ui/src/scriptsupervisor.cpp:isActiveState","isActiveState","src/ui/src/scriptsupervisor.cpp",67,71,false,"}

bool isActiveState( ScriptRunState state )
{
    return state == ScriptRunState::Starting || state == ScriptRunState::Running
           || state == ScriptRunState::Stopping;
}

bool matchesName( const QString& expected, const QString& actual )
",""
"Function:src/ui/src/scriptsupervisor.cpp:matchesName","matchesName","src/ui/src/scriptsupervisor.cpp",73,76,false,"}

bool matchesName( const QString& expected, const QString& actual )
{
    return expected.isEmpty() || expected.compare( actual, Qt::CaseInsensitive ) == 0;
}

} // namespace
",""
"Function:src/ui/src/scriptsupervisor.cpp:scriptRunStateToString","scriptRunStateToString","src/ui/src/scriptsupervisor.cpp",116,136,true,"};

QString scriptRunStateToString( ScriptRunState state )
{
    switch ( state ) {
    case ScriptRunState::Idle:
        return QStringLiteral( ""idle"" );
    case ScriptRunState::Starting:
        return QStringLiteral( ""starting"" );
    case ScriptRunState::Running:
        return QStringLiteral( ""running"" );
    case ScriptRunState::Stopping:
        return QStringLiteral( ""stopping"" );
    case ScriptRunState::Finished:
        return QStringLiteral( ""finished"" );
    case ScriptRunState::Failed:
        return QStringLiteral( ""failed"" );
    case ScriptRunState::Cancelled:
        return QStringLiteral( ""cancelled"" );
    }

    return QStringLiteral( ""unknown"" );
}

ScriptSupervisor::ScriptSupervisor( QObject* parent )
",""
"Function:src/ui/src/scriptsupervisor.cpp:statusChanged","statusChanged","src/ui/src/scriptsupervisor.cpp",354,354,true,"            }
        }
        Q_EMIT statusChanged();
        return commanderSuccess();
    }
",""
"Function:src/ui/src/scriptsupervisor.cpp:outputChanged","outputChanged","src/ui/src/scriptsupervisor.cpp",737,737,true,"        run->outputTail.removeFirst();
    }
    Q_EMIT outputChanged();
}

",""
"Function:src/ui/src/scriptrunnerwindow.cpp:allScriptsRequest","allScriptsRequest","src/ui/src/scriptrunnerwindow.cpp",17,23,false,"
namespace {
CommanderRequest allScriptsRequest( CommanderAction action )
{
    CommanderRequest request;
    request.action = action;
    request.allEntities = true;
    return request;
}
} // namespace

",""
"Function:src/ui/src/scratchpad.cpp:formatHex","formatHex","src/ui/src/scratchpad.cpp",66,69,false,"
template <typename T>
QString formatHex( T value )
{
    return QString::fromLatin1( QByteArray::number( value, 16 ).rightJustified( 8, '0', false ) );
}

template <typename T>
",""
"Function:src/ui/src/scratchpad.cpp:formatDec","formatDec","src/ui/src/scratchpad.cpp",72,75,false,"
template <typename T>
QString formatDec( T value )
{
    return QString::fromLatin1( QByteArray::number( value, 10 ) );
}

constexpr int StatusTimeout = 2000;
",""
"Function:src/ui/src/scratchpad.cpp:windowsTickToUnixSeconds","windowsTickToUnixSeconds","src/ui/src/scratchpad.cpp",82,85,false,"constexpr qint64 SecondsToEpoch = 11644473600LL;

qint64 windowsTickToUnixSeconds( qint64 windowsTicks )
{
    return ( windowsTicks / FileTimeTicks - SecondsToEpoch );
}

} // namespace
",""
"Function:src/ui/src/scenariorunnerwindow.cpp:suiteIdForPath","suiteIdForPath","src/ui/src/scenariorunnerwindow.cpp",23,26,false,"namespace {

QString suiteIdForPath( const QString& path )
{
    return QFileInfo( path ).completeBaseName();
}

constexpr auto ScenarioRunnerSettingsGroup = ""scenarioRunner"";
",""
"Function:src/ui/src/scenariorunnerwindow.cpp:file","file","src/ui/src/scenariorunnerwindow.cpp",563,563,true,"void ScenarioRunnerWindow::loadSuiteFile( const QString& path )
{
    QFile file( path );
    if ( !file.open( QIODevice::ReadOnly ) ) {
        return;
",""
"Function:src/ui/src/scenariorunner.cpp:randomToken","randomToken","src/ui/src/scenariorunner.cpp",17,21,false,"constexpr int OutputTailLimit = 200;

QString randomToken()
{
    return QString::number( QRandomGenerator::global()->generate64(), 16 )
           + QString::number( QRandomGenerator::global()->generate64(), 16 );
}

QString trimTrailingNewline( const QString& line )
",""
"Function:src/ui/src/scenariorunner.cpp:trimTrailingNewline","trimTrailingNewline","src/ui/src/scenariorunner.cpp",23,30,false,"}

QString trimTrailingNewline( const QString& line )
{
    QString trimmed = line;
    while ( trimmed.endsWith( '\n' ) || trimmed.endsWith( '\r' ) ) {
        trimmed.chop( 1 );
    }
    return trimmed;
}

QString scenarioReportPath( const QString& environmentName, const QString& defaultFileName )
",""
"Function:src/ui/src/scenariorunner.cpp:scenarioReportPath","scenarioReportPath","src/ui/src/scenariorunner.cpp",32,40,false,"}

QString scenarioReportPath( const QString& environmentName, const QString& defaultFileName )
{
    const auto overrideValue = qEnvironmentVariable( environmentName.toLatin1().constData() ).trimmed();
    if ( !overrideValue.isEmpty() ) {
        return QFileInfo( overrideValue ).absoluteFilePath();
    }

    return QDir( QCoreApplication::applicationDirPath() ).filePath( defaultFileName );
}

bool isActiveState( ScenarioRunState state )
",""
"Function:src/ui/src/scenariorunner.cpp:isActiveState","isActiveState","src/ui/src/scenariorunner.cpp",42,46,false,"}

bool isActiveState( ScenarioRunState state )
{
    return state == ScenarioRunState::Starting || state == ScenarioRunState::Running
           || state == ScenarioRunState::Stopping;
}

QStringList pythonExecutableCandidates( const QString& runtimeRoot )
",""
"Function:src/ui/src/scenariorunner.cpp:pythonExecutableCandidates","pythonExecutableCandidates","src/ui/src/scenariorunner.cpp",48,67,false,"}

QStringList pythonExecutableCandidates( const QString& runtimeRoot )
{
    QStringList candidates;
    if ( !runtimeRoot.isEmpty() ) {
#ifdef Q_OS_WIN
        candidates << QDir( runtimeRoot ).filePath( ""python.exe"" );
        candidates << QDir( runtimeRoot ).filePath( ""python/python.exe"" );
#else
        candidates << QDir( runtimeRoot ).filePath( ""bin/python3"" );
        candidates << QDir( runtimeRoot ).filePath( ""bin/python"" );
        candidates << QDir( runtimeRoot ).filePath( ""python/bin/python3"" );
#endif
    }
    candidates << qEnvironmentVariable( ""CILOGG_SCRIPT_PYTHON"" );
    candidates << QStandardPaths::findExecutable( QStringLiteral( ""python3"" ) );
    candidates << QStandardPaths::findExecutable( QStringLiteral( ""python"" ) );
    candidates.removeAll( QString{} );
    candidates.removeDuplicates();
    return candidates;
}

bool matchesName( const QString& expected, const QString& actual )
",""
"Function:src/ui/src/scenariorunner.cpp:matchesName","matchesName","src/ui/src/scenariorunner.cpp",69,72,false,"}

bool matchesName( const QString& expected, const QString& actual )
{
    return expected.isEmpty() || expected.compare( actual, Qt::CaseInsensitive ) == 0;
}

} // namespace
",""
"Function:src/ui/src/scenariorunner.cpp:scenarioRunStateToString","scenarioRunStateToString","src/ui/src/scenariorunner.cpp",76,96,true,"} // namespace

QString scenarioRunStateToString( ScenarioRunState state )
{
    switch ( state ) {
    case ScenarioRunState::Idle:
        return QStringLiteral( ""idle"" );
    case ScenarioRunState::Starting:
        return QStringLiteral( ""starting"" );
    case ScenarioRunState::Running:
        return QStringLiteral( ""running"" );
    case ScenarioRunState::Stopping:
        return QStringLiteral( ""stopping"" );
    case ScenarioRunState::Finished:
        return QStringLiteral( ""finished"" );
    case ScenarioRunState::Failed:
        return QStringLiteral( ""failed"" );
    case ScenarioRunState::Cancelled:
        return QStringLiteral( ""cancelled"" );
    }

    return QStringLiteral( ""unknown"" );
}

ScenarioRunner::ScenarioRunner( QObject* parent )
",""
"Function:src/ui/src/scenariorunner.cpp:statusChanged","statusChanged","src/ui/src/scenariorunner.cpp",564,564,true,"    dispatchState_ = QStringLiteral( ""idle"" );
    resetSocketState();
    Q_EMIT statusChanged();
}

",""
"Function:src/ui/src/scenariorunner.cpp:outputChanged","outputChanged","src/ui/src/scenariorunner.cpp",827,827,true,"        outputTail_.removeFirst();
    }
    Q_EMIT outputChanged();
}

",""
"Function:src/ui/src/responsestablemodel.cpp:truncateText","truncateText","src/ui/src/responsestablemodel.cpp",5,11,false,"
namespace {
QString truncateText( const QString& text, int maxLength )
{
    if ( text.size() <= maxLength ) {
        return text;
    }
    return text.left( maxLength ) + ""..."";
}
} // namespace

",""
"Function:src/ui/src/responseeditdialog.cpp:displayedStringToBytes","displayedStringToBytes","src/ui/src/responseeditdialog.cpp",28,86,false,"
namespace {
QByteArray displayedStringToBytes( const QString& text )
{
    QByteArray bytes;
    bytes.reserve( text.size() );

    for ( int index = 0; index < text.size(); ++index ) {
        const auto ch = text.at( index );
        if ( ch != QLatin1Char( '\\' ) ) {
            bytes.push_back( static_cast<char>( ch.toLatin1() ) );
            continue;
        }

        if ( index + 1 >= text.size() ) {
            bytes.push_back( '\\' );
            continue;
        }

        const auto next = text.at( index + 1 );
        switch ( next.toLatin1() ) {
        case '\\':
            bytes.push_back( '\\' );
            ++index;
            break;
        case 'r':
            bytes.push_back( '\r' );
            ++index;
            break;
        case 'n':
            bytes.push_back( '\n' );
            ++index;
            break;
        case 't':
            bytes.push_back( '\t' );
            ++index;
            break;
        case '0':
            bytes.push_back( '\0' );
            ++index;
            break;
        case 'x':
            if ( index + 3 < text.size() ) {
                bool ok = false;
                const auto hexByte = text.mid( index + 2, 2 ).toUInt( &ok, 16 );
                if ( ok ) {
                    bytes.push_back( static_cast<char>( hexByte ) );
                    index += 3;
                    break;
                }
            }
            bytes.push_back( '\\' );
            break;
        default:
            bytes.push_back( '\\' );
            break;
        }
    }

    return bytes;
}

QString bytesToDisplayedString( const QByteArray& bytes )
",""
"Function:src/ui/src/responseeditdialog.cpp:bytesToDisplayedString","bytesToDisplayedString","src/ui/src/responseeditdialog.cpp",88,123,false,"}

QString bytesToDisplayedString( const QByteArray& bytes )
{
    QString text;
    text.reserve( bytes.size() );
    for ( const auto rawByte : bytes ) {
        const auto byte = static_cast<quint8>( rawByte );
        switch ( byte ) {
        case '\\':
            text += QStringLiteral( ""\\\\"" );
            break;
        case '\r':
            text += QStringLiteral( ""\\r"" );
            break;
        case '\n':
            text += QStringLiteral( ""\\n"" );
            break;
        case '\t':
            text += QStringLiteral( ""\\t"" );
            break;
        case '\0':
            text += QStringLiteral( ""\\0"" );
            break;
        default:
            if ( byte >= 0x20 && byte <= 0x7E ) {
                text += QLatin1Char( static_cast<char>( byte ) );
            }
            else {
                text += QStringLiteral( ""\\x%1"" )
                            .arg( byte, 2, 16, QLatin1Char( '0' ) )
                            .toUpper();
            }
            break;
        }
    }
    return text;
}

QString bytesToHexString( const QByteArray& bytes )
",""
"Function:src/ui/src/responseeditdialog.cpp:bytesToHexString","bytesToHexString","src/ui/src/responseeditdialog.cpp",125,135,false,"}

QString bytesToHexString( const QByteArray& bytes )
{
    QStringList parts;
    parts.reserve( bytes.size() );
    for ( const auto byte : bytes ) {
        parts.push_back( QStringLiteral( ""%1"" )
                             .arg( static_cast<quint8>( byte ), 2, 16, QLatin1Char( '0' ) )
                             .toUpper() );
    }
    return parts.join( QLatin1Char( ' ' ) );
}

QString lineEndingEscapeText( const QString& lineEndingMode )
",""
"Function:src/ui/src/responseeditdialog.cpp:lineEndingEscapeText","lineEndingEscapeText","src/ui/src/responseeditdialog.cpp",137,146,false,"}

QString lineEndingEscapeText( const QString& lineEndingMode )
{
    if ( lineEndingMode == QStringLiteral( ""cr"" ) ) {
        return QStringLiteral( ""\\r"" );
    }
    if ( lineEndingMode == QStringLiteral( ""lf"" ) ) {
        return QStringLiteral( ""\\n"" );
    }
    return QStringLiteral( ""\\r\\n"" );
}

QString actionLabel( const QVector<ActionDefinition>& actions, int actionId )
",""
"Function:src/ui/src/responseeditdialog.cpp:actionLabel","actionLabel","src/ui/src/responseeditdialog.cpp",148,156,false,"}

QString actionLabel( const QVector<ActionDefinition>& actions, int actionId )
{
    for ( const auto& action : actions ) {
        if ( action.id == actionId ) {
            return QStringLiteral( ""%1 (%2)"" ).arg( action.name ).arg( action.id );
        }
    }
    return QObject::tr( ""Unknown action (%1)"" ).arg( actionId );
}

class ResponseActionStepDialog : public QDialog {
",""
"Function:src/ui/src/responseeditdialog.cpp:stringBlocker","stringBlocker","src/ui/src/responseeditdialog.cpp",522,522,true,"{
    syncingLiteralEditors_ = true;
    const QSignalBlocker stringBlocker( stringValueEdit_ );
    const QSignalBlocker hexBlocker( hexValueEdit_ );

",""
"Function:src/ui/src/responseeditdialog.cpp:hexBlocker","hexBlocker","src/ui/src/responseeditdialog.cpp",523,523,true,"    syncingLiteralEditors_ = true;
    const QSignalBlocker stringBlocker( stringValueEdit_ );
    const QSignalBlocker hexBlocker( hexValueEdit_ );

    if ( match.type == ResponseMatchType::HexString ) {
",""
"Function:src/ui/src/responseeditdialog.cpp:blocker","blocker","src/ui/src/responseeditdialog.cpp",547,547,true,"
    syncingLiteralEditors_ = true;
    const QSignalBlocker blocker( hexValueEdit_ );
    hexValueEdit_->setPlainText( bytesToHexString( displayedStringToBytes( stringValueEdit_->toPlainText() ) ) );
    syncingLiteralEditors_ = false;
",""
"Function:src/ui/src/responseeditdialog.cpp:dialog","dialog","src/ui/src/responseeditdialog.cpp",643,643,true,"    }

    ResponseActionStepDialog dialog( actions_, this );
    if ( dialog.exec() != QDialog::Accepted ) {
        return;
",""
"Function:src/ui/src/recentfiles.cpp:i","i","src/ui/src/recentfiles.cpp",31,31,true,"{
    // First prune non existent files
    QMutableStringListIterator i( recentFiles_ );
    while ( i.hasNext() ) {
        if ( !QFile::exists( i.next() ) )
",""
"Function:src/ui/src/quickfindwidget.cpp:searchForward","searchForward","src/ui/src/quickfindwidget.cpp",176,176,true,"
    Q_EMIT patternConfirmed( editQuickFind_->text(), isIgnoreCase(), isRegexSearch() );
    Q_EMIT searchForward();
}

",""
"Function:src/ui/src/quickfindwidget.cpp:searchBackward","searchBackward","src/ui/src/quickfindwidget.cpp",189,189,true,"
    Q_EMIT patternConfirmed( editQuickFind_->text(), isIgnoreCase(), isRegexSearch() );
    Q_EMIT searchBackward();
}

",""
"Function:src/ui/src/quickfindwidget.cpp:close","close","src/ui/src/quickfindwidget.cpp",203,203,true,"    userRequested_ = false;
    this->hide();
    Q_EMIT close();
    Q_EMIT cancelSearch();
}
",""
"Function:src/ui/src/quickfindwidget.cpp:cancelSearch","cancelSearch","src/ui/src/quickfindwidget.cpp",204,204,true,"    this->hide();
    Q_EMIT close();
    Q_EMIT cancelSearch();
}

",""
"Function:src/ui/src/quickfindpattern.cpp:patternUpdated","patternUpdated","src/ui/src/quickfindpattern.cpp",123,123,true,"        active_ = false;

    Q_EMIT patternUpdated();
}

",""
"Function:src/ui/src/quickfind.cpp:notify","notify","src/ui/src/quickfind.cpp",69,69,true,"                 : ( current_line.get() / nb_lines.get() ) * 100 );

    Q_EMIT notify( QFNotificationProgress( progress ) );
    startTime_ = QTime::currentTime().addMSecs( -800 );
}
",""
"Function:src/ui/src/quickfind.cpp:clearNotification","clearNotification","src/ui/src/quickfind.cpp",319,319,true,"    if ( found ) {
        // Clear any notification
        Q_EMIT clearNotification();

        return Portion{ line, found_start_col, found_end_col };
",""
"Function:src/ui/src/previewrepository.cpp:toJsonValue","toJsonValue","src/ui/src/previewrepository.cpp",12,21,false,"
namespace {
QJsonValue toJsonValue( const PreviewValueExpr& expr )
{
    if ( !expr.isSet ) {
        return {};
    }
    if ( expr.isLiteral ) {
        return expr.literalValue;
    }
    return expr.expression;
}

QJsonValue toJsonValue( const PreviewCaptureRef& capture )
",""
"Function:src/ui/src/previewrepository.cpp:fieldToJson","fieldToJson","src/ui/src/previewrepository.cpp",34,116,false,"}

QJsonObject fieldToJson( const PreviewFieldSpec& field )
{
    QJsonObject obj;
    obj.insert( ""name"", field.name );

    if ( field.source != PreviewFieldSource::Buffer ) {
        obj.insert( ""source"", previewFieldSourceToString( field.source ) );
    }

    const auto captureValue = toJsonValue( field.capture );
    if ( !captureValue.isUndefined() ) {
        obj.insert( ""capture"", captureValue );
    }

    const auto offsetValue = toJsonValue( field.offset );
    if ( !offsetValue.isUndefined() ) {
        obj.insert( ""offset"", offsetValue );
    }

    const auto widthValue = toJsonValue( field.width );
    if ( !widthValue.isUndefined() ) {
        obj.insert( ""width"", widthValue );
    }

    if ( field.type != PreviewBufferType::Bytes ) {
        obj.insert( ""type"", previewBufferTypeToString( field.type ) );
    }

    if ( !field.endianness.isEmpty() ) {
        obj.insert( ""endianness"", field.endianness );
    }

    if ( field.format != PreviewFormat::String ) {
        obj.insert( ""format"", previewFormatToString( field.format ) );
    }

    if ( !field.regex.isEmpty() ) {
        obj.insert( ""regex"", field.regex );
    }

    const auto bufferCaptureValue = toJsonValue( field.bufferCapture );
    if ( !bufferCaptureValue.isUndefined() ) {
        obj.insert( ""bufferCapture"", bufferCaptureValue );
    }

    if ( !field.blockTemplate.isEmpty() ) {
        obj.insert( ""block"", field.blockTemplate );
    }

    if ( !field.enumMap.isEmpty() ) {
        QJsonObject enumObj;
        for ( auto it = field.enumMap.begin(); it != field.enumMap.end(); ++it ) {
            enumObj.insert( it.key(), it.value() );
        }
        obj.insert( ""enumMap"", enumObj );
    }

    if ( !field.flagMap.isEmpty() ) {
        QJsonObject flagObj;
        for ( auto it = field.flagMap.begin(); it != field.flagMap.end(); ++it ) {
            flagObj.insert( it.key(), it.value() );
        }
        obj.insert( ""flagMap"", flagObj );
    }

    if ( !field.fields.isEmpty() ) {
        QJsonArray fieldArray;
        for ( const auto& child : field.fields ) {
            fieldArray.append( fieldToJson( child ) );
        }
        obj.insert( ""fields"", fieldArray );
    }

    if ( !field.bitfieldMap.isEmpty() ) {
        QJsonArray fieldArray;
        for ( const auto& child : field.bitfieldMap ) {
            fieldArray.append( fieldToJson( child ) );
        }
        obj.insert( ""bitfieldMap"", fieldArray );
    }

    return obj;
}

QJsonObject previewToJson( const PreviewDefinition& preview )
",""
"Function:src/ui/src/previewrepository.cpp:previewToJson","previewToJson","src/ui/src/previewrepository.cpp",118,147,false,"}

QJsonObject previewToJson( const PreviewDefinition& preview )
{
    QJsonObject obj;
    obj.insert( ""name"", preview.name );
    obj.insert( ""regex"", preview.regex );
    obj.insert( ""enabled"", preview.enabled );

    const auto bufferCaptureValue = toJsonValue( preview.bufferCapture );
    if ( !bufferCaptureValue.isUndefined() ) {
        obj.insert( ""bufferCapture"", bufferCaptureValue );
    }

    const auto offsetValue = toJsonValue( preview.offset );
    if ( !offsetValue.isUndefined() ) {
        obj.insert( ""offset"", offsetValue );
    }

    obj.insert( ""type"", previewBufferTypeToString( preview.type ) );
    obj.insert( ""format"", previewFormatToString( preview.format ) );

    if ( !preview.fields.isEmpty() ) {
        QJsonArray fieldArray;
        for ( const auto& field : preview.fields ) {
            fieldArray.append( fieldToJson( field ) );
        }
        obj.insert( ""fields"", fieldArray );
    }

    return obj;
}
} // namespace

",""
"Function:src/ui/src/previewrepository.cpp:doc","doc","src/ui/src/previewrepository.cpp",179,179,true,"    }

    const QJsonDocument doc( root );
    QSaveFile file( storagePath() );
    if ( !file.open( QIODevice::WriteOnly | QIODevice::Truncate ) ) {
",""
"Function:src/ui/src/previewrepository.cpp:file","file","src/ui/src/previewrepository.cpp",180,180,true,"
    const QJsonDocument doc( root );
    QSaveFile file( storagePath() );
    if ( !file.open( QIODevice::WriteOnly | QIODevice::Truncate ) ) {
        return false;
",""
"Function:src/ui/src/previewmessagetab.cpp:captureValue","captureValue","src/ui/src/previewmessagetab.cpp",31,40,false,"constexpr int ColumnWidth = 4;

QString captureValue( const PreviewCaptureRef& capture, const QRegularExpressionMatch& match )
{
    if ( !capture.isSet ) {
        return {};
    }
    if ( capture.isIndex ) {
        return match.captured( capture.index );
    }
    return match.captured( capture.name );
}

int clampToInt( qsizetype value )",""
"Function:src/ui/src/previewmessagetab.cpp:clampToInt","clampToInt","src/ui/src/previewmessagetab.cpp",42,51,false,"}

int clampToInt( qsizetype value )
{
    if ( value > std::numeric_limits<int>::max() ) {
        return std::numeric_limits<int>::max();
    }
    if ( value < std::numeric_limits<int>::min() ) {
        return std::numeric_limits<int>::min();
    }
    return static_cast<int>( value );
}

int captureStart( const PreviewCaptureRef& capture, const QRegularExpressionMatch& match )",""
"Function:src/ui/src/previewmessagetab.cpp:captureStart","captureStart","src/ui/src/previewmessagetab.cpp",53,61,false,"}

int captureStart( const PreviewCaptureRef& capture, const QRegularExpressionMatch& match )
{
    if ( !capture.isSet ) {
        return -1;
    }
    const auto value = capture.isIndex ? match.capturedStart( capture.index )
                                       : match.capturedStart( capture.name );
    return clampToInt( value );
}

int captureLength( const PreviewCaptureRef& capture, const QRegularExpressionMatch& match )",""
"Function:src/ui/src/previewmessagetab.cpp:captureLength","captureLength","src/ui/src/previewmessagetab.cpp",63,71,false,"}

int captureLength( const PreviewCaptureRef& capture, const QRegularExpressionMatch& match )
{
    if ( !capture.isSet ) {
        return -1;
    }
    const auto value = capture.isIndex ? match.capturedLength( capture.index )
                                       : match.capturedLength( capture.name );
    return clampToInt( value );
}

struct DecodeErrorInfo {
",""
"Function:src/ui/src/previewmessagetab.cpp:describeCaptureRef","describeCaptureRef","src/ui/src/previewmessagetab.cpp",83,95,false,"};

QString describeCaptureRef( const PreviewCaptureRef& capture, const QString& prefix )
{
    if ( !capture.isSet ) {
        return prefix;
    }
    if ( capture.isIndex ) {
        return QString( ""%1 #%2"" ).arg( prefix ).arg( capture.index );
    }
    if ( capture.name.isEmpty() ) {
        return prefix;
    }
    return QString( ""%1 %2"" ).arg( prefix, capture.name );
}

QString truncateText( const QString& text, int limit )
",""
"Function:src/ui/src/previewmessagetab.cpp:truncateText","truncateText","src/ui/src/previewmessagetab.cpp",97,103,false,"}

QString truncateText( const QString& text, int limit )
{
    if ( text.size() <= limit ) {
        return text;
    }
    return text.left( limit ) + ""..."";
}

QString sliceToLogText( const QByteArray& slice )
",""
"Function:src/ui/src/previewmessagetab.cpp:sliceToLogText","sliceToLogText","src/ui/src/previewmessagetab.cpp",105,121,false,"}

QString sliceToLogText( const QByteArray& slice )
{
    if ( slice.isEmpty() ) {
        return {};
    }
    bool printable = true;
    for ( const auto ch : slice ) {
        const unsigned char byte = static_cast<unsigned char>( ch );
        if ( byte < 0x20 || byte > 0x7e ) {
            printable = false;
            break;
        }
    }
    const QString text = printable ? QString::fromLatin1( slice )
                                   : QString::fromLatin1( slice.toHex() );
    return truncateText( text, 64 );
}

QString decodeTooltip( const DecodeErrorInfo& info )
",""
"Function:src/ui/src/previewmessagetab.cpp:decodeTooltip","decodeTooltip","src/ui/src/previewmessagetab.cpp",123,148,false,"}

QString decodeTooltip( const DecodeErrorInfo& info )
{
    QStringList lines;
    if ( !info.previewName.isEmpty() ) {
        lines << QObject::tr( ""Preview: %1"" ).arg( info.previewName );
    }
    if ( !info.fieldPath.isEmpty() ) {
        lines << QObject::tr( ""Field: %1"" ).arg( info.fieldPath );
    }
    if ( !info.source.isEmpty() ) {
        lines << QObject::tr( ""Source: %1"" ).arg( info.source );
    }
    if ( info.offset >= 0 ) {
        lines << QObject::tr( ""Offset: %1"" ).arg( info.offset );
    }
    if ( info.width >= 0 ) {
        lines << QObject::tr( ""Width: %1"" ).arg( info.width );
    }
    if ( !info.rawSlice.isEmpty() ) {
        lines << QObject::tr( ""Raw: %1"" ).arg( info.rawSlice );
    }
    if ( !info.reason.isEmpty() ) {
        lines << QObject::tr( ""Reason: %1"" ).arg( info.reason );
    }
    return lines.join( ""\n"" );
}

void logDecodeError( const DecodeErrorInfo& info )
",""
"Function:src/ui/src/previewmessagetab.cpp:logDecodeError","logDecodeError","src/ui/src/previewmessagetab.cpp",150,157,false,"}

void logDecodeError( const DecodeErrorInfo& info )
{
    LOG_WARNING << ""[Previewer] Decode error for '"" << info.previewName.toStdString() << ""'""
                << "" field '"" << info.fieldPath.toStdString() << ""': ""
                << info.reason.toStdString() << "" (source="" << info.source.toStdString()
                << "", offset="" << info.offset << "", width="" << info.width
                << "", raw="" << info.rawSlice.toStdString() << "")"";
}

void setItemStatus( QTreeWidgetItem* item, const QString& text, const QString& tooltip )
",""
"Function:src/ui/src/previewmessagetab.cpp:setItemStatus","setItemStatus","src/ui/src/previewmessagetab.cpp",159,168,false,"}

void setItemStatus( QTreeWidgetItem* item, const QString& text, const QString& tooltip )
{
    if ( !item ) {
        return;
    }
    item->setText( ColumnValue, text );
    if ( !tooltip.isEmpty() ) {
        item->setToolTip( ColumnValue, tooltip );
    }
}

void setItemOffsetWidth( QTreeWidgetItem* item, int offset, int width )
",""
"Function:src/ui/src/previewmessagetab.cpp:setItemOffsetWidth","setItemOffsetWidth","src/ui/src/previewmessagetab.cpp",170,181,false,"}

void setItemOffsetWidth( QTreeWidgetItem* item, int offset, int width )
{
    if ( !item ) {
        return;
    }
    if ( offset >= 0 ) {
        item->setText( ColumnOffset, QString::number( offset ) );
    }
    if ( width >= 0 ) {
        item->setText( ColumnWidth, QString::number( width ) );
    }
}

void setItemDecodeError( QTreeWidgetItem* item, const DecodeErrorInfo& info )
",""
"Function:src/ui/src/previewmessagetab.cpp:setItemDecodeError","setItemDecodeError","src/ui/src/previewmessagetab.cpp",183,188,false,"}

void setItemDecodeError( QTreeWidgetItem* item, const DecodeErrorInfo& info )
{
    const auto shortText = QObject::tr( ""Decode error: %1"" ).arg( info.reason );
    setItemStatus( item, shortText, decodeTooltip( info ) );
    logDecodeError( info );
}

void setItemMatchError( QTreeWidgetItem* item, const DecodeErrorInfo& info )
",""
"Function:src/ui/src/previewmessagetab.cpp:setItemMatchError","setItemMatchError","src/ui/src/previewmessagetab.cpp",190,195,false,"}

void setItemMatchError( QTreeWidgetItem* item, const DecodeErrorInfo& info )
{
    const auto shortText = QObject::tr( ""Match failed: %1"" ).arg( info.reason );
    setItemStatus( item, shortText, decodeTooltip( info ) );
    logDecodeError( info );
}

bool isBinaryString( const QString& value )
",""
"Function:src/ui/src/previewmessagetab.cpp:isBinaryString","isBinaryString","src/ui/src/previewmessagetab.cpp",197,208,false,"}

bool isBinaryString( const QString& value )
{
    if ( value.isEmpty() ) {
        return false;
    }
    for ( const auto& ch : value ) {
        if ( ch != '0' && ch != '1' ) {
            return false;
        }
    }
    return true;
}

bool parseNumericString( const QString& value, quint64* out )
",""
"Function:src/ui/src/previewmessagetab.cpp:parseNumericString","parseNumericString","src/ui/src/previewmessagetab.cpp",210,229,false,"}

bool parseNumericString( const QString& value, quint64* out )
{
    if ( !out ) {
        return false;
    }
    const auto trimmed = value.trimmed();
    if ( trimmed.startsWith( ""0b"" ) ) {
        bool ok = false;
        *out = trimmed.mid( 2 ).toULongLong( &ok, 2 );
        return ok;
    }
    if ( isBinaryString( trimmed ) ) {
        bool ok = false;
        *out = trimmed.toULongLong( &ok, 2 );
        return ok;
    }
    bool ok = false;
    *out = trimmed.toULongLong( &ok, 0 );
    return ok;
}

quint64 parseInteger( const QByteArray& data, const QString& endianness, bool* ok )
",""
"Function:src/ui/src/previewmessagetab.cpp:parseInteger","parseInteger","src/ui/src/previewmessagetab.cpp",231,259,false,"}

quint64 parseInteger( const QByteArray& data, const QString& endianness, bool* ok )
{
    if ( ok ) {
        *ok = false;
    }
    if ( data.isEmpty() ) {
        return 0;
    }

    const bool little = endianness.compare( ""little"", Qt::CaseInsensitive ) == 0;
    const int size = static_cast<int>( std::min<qsizetype>( data.size(), 8 ) );
    quint64 value = 0;
    if ( little ) {
        for ( int i = 0; i < size; ++i ) {
            value |= ( static_cast<quint64>( static_cast<unsigned char>( data.at( i ) ) )
                       << ( 8 * i ) );
        }
    }
    else {
        for ( int i = 0; i < size; ++i ) {
            value = ( value << 8 )
                    | static_cast<quint64>( static_cast<unsigned char>( data.at( i ) ) );
        }
    }
    if ( ok ) {
        *ok = true;
    }
    return value;
}

bool parseNumericValue( const QString& rawText,
",""
"Function:src/ui/src/previewmessagetab.cpp:parseNumericValue","parseNumericValue","src/ui/src/previewmessagetab.cpp",261,265,false,"}

bool parseNumericValue( const QString& rawText,
                        const QByteArray& rawBytes,
                        const PreviewFieldSpec& field,
                        quint64* numeric,
                        QString* error );

QString formatEnum( quint64 value, const QMap<QString, QString>& enumMap )
",""
"Function:src/ui/src/previewmessagetab.cpp:formatEnum","formatEnum","src/ui/src/previewmessagetab.cpp",267,276,false,"                        QString* error );

QString formatEnum( quint64 value, const QMap<QString, QString>& enumMap )
{
    for ( auto it = enumMap.begin(); it != enumMap.end(); ++it ) {
        quint64 key = 0;
        if ( parseNumericString( it.key(), &key ) && key == value ) {
            return it.value();
        }
    }
    return QString::number( value );
}

QString formatEnumWithRaw( const QString& rawText,
",""
"Function:src/ui/src/previewmessagetab.cpp:formatEnumWithRaw","formatEnumWithRaw","src/ui/src/previewmessagetab.cpp",278,290,false,"}

QString formatEnumWithRaw( const QString& rawText,
                           quint64 value,
                           const QMap<QString, QString>& enumMap )
{
    const auto trimmed = rawText.trimmed();
    if ( !trimmed.isEmpty() ) {
        const auto it = enumMap.constFind( trimmed );
        if ( it != enumMap.constEnd() ) {
            return it.value();
        }
    }
    return formatEnum( value, enumMap );
}

struct EnumLookupResult {
",""
"Function:src/ui/src/previewmessagetab.cpp:resolveEnumValue","resolveEnumValue","src/ui/src/previewmessagetab.cpp",300,344,false,"};

EnumLookupResult resolveEnumValue( const QString& rawText,
                                   const QByteArray& rawBytes,
                                   const PreviewFieldSpec& field )
{
    EnumLookupResult result;
    result.hasNumeric = parseNumericValue( rawText, rawBytes, field, &result.numeric, nullptr );

    const auto trimmed = rawText.trimmed();
    if ( !trimmed.isEmpty() ) {
        const auto it = field.enumMap.constFind( trimmed );
        if ( it != field.enumMap.constEnd() ) {
            result.ok = true;
            result.text = it.value();
            return result;
        }
    }

    if ( result.hasNumeric ) {
        for ( auto it = field.enumMap.begin(); it != field.enumMap.end(); ++it ) {
            quint64 key = 0;
            if ( parseNumericString( it.key(), &key ) && key == result.numeric ) {
                result.ok = true;
                result.text = it.value();
                return result;
            }
        }
    }

    QString displayRaw = trimmed;
    if ( displayRaw.isEmpty() ) {
        displayRaw = sliceToLogText( rawBytes );
    }
    if ( displayRaw.isEmpty() ) {
        displayRaw = QObject::tr( ""<empty>"" );
    }
    if ( result.hasNumeric ) {
        result.error = QObject::tr( ""Unknown enum value '%1' (numeric %2)."" )
                           .arg( displayRaw )
                           .arg( result.numeric );
    }
    else {
        result.error = QObject::tr( ""Unknown enum value '%1'."" ).arg( displayRaw );
    }
    return result;
}

QString formatFlags( quint64 value, const QMap<QString, QString>& flagMap )
",""
"Function:src/ui/src/previewmessagetab.cpp:formatFlags","formatFlags","src/ui/src/previewmessagetab.cpp",346,359,false,"}

QString formatFlags( quint64 value, const QMap<QString, QString>& flagMap )
{
    QStringList names;
    for ( auto it = flagMap.begin(); it != flagMap.end(); ++it ) {
        quint64 key = 0;
        if ( parseNumericString( it.key(), &key ) && ( value & key ) ) {
            names.push_back( it.value() );
        }
    }
    if ( names.isEmpty() ) {
        return QString( ""0x%1"" ).arg( value, 0, 16 );
    }
    return names.join( "", "" );
}

QString formatNumber( quint64 value, PreviewFormat format, const PreviewFieldSpec& field )
",""
"Function:src/ui/src/previewmessagetab.cpp:formatNumber","formatNumber","src/ui/src/previewmessagetab.cpp",361,378,false,"}

QString formatNumber( quint64 value, PreviewFormat format, const PreviewFieldSpec& field )
{
    switch ( format ) {
    case PreviewFormat::Dig:
    case PreviewFormat::Dec:
        return QString::number( value );
    case PreviewFormat::Hex:
        return QString( ""0x%1"" ).arg( value, 0, 16 );
    case PreviewFormat::Bin:
        return QString::number( value, 2 );
    case PreviewFormat::Enum:
        return formatEnum( value, field.enumMap );
    case PreviewFormat::Flags:
        return formatFlags( value, field.flagMap );
    default:
        return QString::number( value );
    }
}

QString formatNumberWithRaw( const QString& rawText,
",""
"Function:src/ui/src/previewmessagetab.cpp:formatNumberWithRaw","formatNumberWithRaw","src/ui/src/previewmessagetab.cpp",380,389,false,"}

QString formatNumberWithRaw( const QString& rawText,
                             quint64 value,
                             PreviewFormat format,
                             const PreviewFieldSpec& field )
{
    if ( format == PreviewFormat::Enum ) {
        return formatEnumWithRaw( rawText, value, field.enumMap );
    }
    return formatNumber( value, format, field );
}

struct ExprResult {
",""
"Function:src/ui/src/previewmessagetab.cpp:resolveExprValue","resolveExprValue","src/ui/src/previewmessagetab.cpp",398,420,false,"};

ExprResult resolveExprValue( const PreviewValueExpr& expr, const QMap<QString, qint64>& values )
{
    ExprResult result;
    if ( !expr.isSet ) {
        result.ok = true;
        result.value = 0;
        return result;
    }
    auto eval = evaluatePreviewExpression( expr, values );
    if ( !eval.ok ) {
        result.error = eval.error;
        result.missingVariable = eval.missingVariable;
        return result;
    }
    if ( eval.value < std::numeric_limits<int>::min()
         || eval.value > std::numeric_limits<int>::max() ) {
        result.error = QObject::tr( ""Expression value is out of range."" );
        return result;
    }
    result.ok = true;
    result.value = static_cast<int>( eval.value );
    return result;
}

struct DecodeBytesResult {
",""
"Function:src/ui/src/previewmessagetab.cpp:decodeBytesFromText","decodeBytesFromText","src/ui/src/previewmessagetab.cpp",429,451,false,"};

DecodeBytesResult decodeBytesFromText( const QString& text, PreviewBufferType type )
{
    DecodeBytesResult result;
    if ( type == PreviewBufferType::HexString ) {
        const auto decoded = decodeHexStringToBytes( text );
        result.ok = decoded.ok;
        result.bytes = decoded.bytes;
        result.digitCount = decoded.digitCount;
        result.error = decoded.error;
        return result;
    }
    if ( type == PreviewBufferType::Base64 ) {
        result.bytes = QByteArray::fromBase64( text.toUtf8() );
        result.ok = !result.bytes.isEmpty() || text.isEmpty();
        if ( !result.ok ) {
            result.error = QObject::tr( ""Failed to decode base64 data."" );
        }
        return result;
    }
    result.ok = true;
    result.bytes = text.toUtf8();
    return result;
}

DecodeBytesResult decodeBytesFromSlice( const QByteArray& slice, PreviewBufferType type )
",""
"Function:src/ui/src/previewmessagetab.cpp:decodeBytesFromSlice","decodeBytesFromSlice","src/ui/src/previewmessagetab.cpp",453,462,false,"}

DecodeBytesResult decodeBytesFromSlice( const QByteArray& slice, PreviewBufferType type )
{
    if ( type == PreviewBufferType::HexString || type == PreviewBufferType::Base64 ) {
        return decodeBytesFromText( QString::fromUtf8( slice ), type );
    }
    DecodeBytesResult result;
    result.ok = true;
    result.bytes = slice;
    return result;
}

QString decodeStringValue( const QString& rawText,
",""
"Function:src/ui/src/previewmessagetab.cpp:decodeStringValue","decodeStringValue","src/ui/src/previewmessagetab.cpp",464,480,false,"}

QString decodeStringValue( const QString& rawText,
                           const QByteArray& rawBytes,
                           PreviewBufferType type,
                           QString* error )
{
    if ( type == PreviewBufferType::HexString || type == PreviewBufferType::Base64 ) {
        const auto decoded = decodeBytesFromText( rawText, type );
        if ( !decoded.ok ) {
            if ( error ) {
                *error = decoded.error;
            }
            return {};
        }
        return QString::fromUtf8( decoded.bytes );
    }
    return rawText.isEmpty() ? QString::fromUtf8( rawBytes ) : rawText;
}

bool parseNumericValue( const QString& rawText,
",""
"Function:src/ui/src/previewmessagetab.cpp:parseFieldIntoItem","parseFieldIntoItem","src/ui/src/previewmessagetab.cpp",564,568,false,"};

void parseFieldIntoItem( QTreeWidgetItem* item,
                         const PreviewFieldSpec& field,
                         ParseContext& context,
                         const QString& prefix,
                         const QString& displayName );
void addFieldItems( QTreeWidgetItem* parent,
                    const PreviewFieldSpec& field,
",""
"Function:src/ui/src/previewmessagetab.cpp:addFieldItems","addFieldItems","src/ui/src/previewmessagetab.cpp",569,572,false,"                         const QString& prefix,
                         const QString& displayName );
void addFieldItems( QTreeWidgetItem* parent,
                    const PreviewFieldSpec& field,
                    ParseContext& context,
                    const QString& prefix );

void insertRawValue( ParseContext& context,
",""
"Function:src/ui/src/previewmessagetab.cpp:insertRawValue","insertRawValue","src/ui/src/previewmessagetab.cpp",574,586,false,"                    const QString& prefix );

void insertRawValue( ParseContext& context,
                     const QString& fullName,
                     const QString& shortName,
                     const QString& rawValue )
{
    if ( !context.rawValues ) {
        return;
    }
    context.rawValues->insert( fullName, rawValue );
    if ( context.allowUnqualified && shortName != fullName ) {
        context.rawValues->insert( shortName, rawValue );
    }
}

void insertValue( ParseContext& context,
",""
"Function:src/ui/src/previewmessagetab.cpp:insertValue","insertValue","src/ui/src/previewmessagetab.cpp",588,601,false,"}

void insertValue( ParseContext& context,
                  const QString& fullName,
                  const QString& shortName,
                  qint64 value,
                  const QString& rawValue )
{
    if ( context.values ) {
        context.values->insert( fullName, value );
        if ( context.allowUnqualified && shortName != fullName ) {
            context.values->insert( shortName, value );
        }
    }
    insertRawValue( context, fullName, shortName, rawValue );
}

void addBlockErrorItem( QTreeWidgetItem* item, const QString& message )
",""
"Function:src/ui/src/previewmessagetab.cpp:addBlockErrorItem","addBlockErrorItem","src/ui/src/previewmessagetab.cpp",603,611,false,"}

void addBlockErrorItem( QTreeWidgetItem* item, const QString& message )
{
    if ( !item ) {
        return;
    }
    auto* errorItem = new QTreeWidgetItem( item );
    errorItem->setText( ColumnField, QObject::tr( ""Error"" ) );
    errorItem->setText( ColumnValue, message );
}

void setItemRaw( QTreeWidgetItem* item, const QString& rawText, const QByteArray& rawBytes )
",""
"Function:src/ui/src/previewmessagetab.cpp:setItemRaw","setItemRaw","src/ui/src/previewmessagetab.cpp",613,625,false,"}

void setItemRaw( QTreeWidgetItem* item, const QString& rawText, const QByteArray& rawBytes )
{
    if ( !item ) {
        return;
    }
    if ( !rawText.isEmpty() ) {
        item->setText( ColumnRaw, rawText );
        return;
    }
    if ( !rawBytes.isEmpty() ) {
        item->setText( ColumnRaw, sliceToLogText( rawBytes ) );
    }
}

struct BlockResolution {
",""
"Function:src/ui/src/previewmessagetab.cpp:resolveBlockReference","resolveBlockReference","src/ui/src/previewmessagetab.cpp",633,678,false,"};

BlockResolution resolveBlockReference( const PreviewFieldSpec& field, ParseContext& context )
{
    BlockResolution result;
    if ( !context.blocks ) {
        result.error = QObject::tr( ""No blocks are available."" );
        return result;
    }

    const QString templateName = field.blockTemplate.trimmed();
    if ( templateName.isEmpty() ) {
        result.error = QObject::tr( ""Missing block reference."" );
        return result;
    }

    const QMap<QString, QString> emptyValues;
    const auto& values = context.rawValues ? *context.rawValues : emptyValues;
    QStringList missing;
    result.resolvedName = resolveTemplateString( templateName, values, &missing );

    const auto it = context.blocks->find( result.resolvedName );
    if ( it == context.blocks->end() ) {
        if ( missing.isEmpty() ) {
            result.error = QObject::tr( ""Missing block: %1"" ).arg( result.resolvedName );
        }
        else {
            result.error = QObject::tr( ""Missing block: %1 (missing values: %2)"" )
                               .arg( result.resolvedName, missing.join( "", "" ) );
        }
        return result;
    }

    if ( !missing.isEmpty() ) {
        result.error = QObject::tr( ""Missing template values: %1"" ).arg( missing.join( "", "" ) );
        return result;
    }

    if ( context.blockStack && context.blockStack->contains( result.resolvedName ) ) {
        const auto chain = context.blockStack->join( "" -> "" );
        result.error = QObject::tr( ""Block cycle detected: %1 -> %2"" )
                           .arg( chain, result.resolvedName );
        return result;
    }

    result.block = &it.value();
    return result;
}

void applyBlockReference( QTreeWidgetItem* item,
",""
"Function:src/ui/src/previewmessagetab.cpp:applyBlockReference","applyBlockReference","src/ui/src/previewmessagetab.cpp",680,699,false,"}

void applyBlockReference( QTreeWidgetItem* item,
                          const PreviewFieldSpec& field,
                          ParseContext& context,
                          const QString& prefix,
                          const QString& displayName )
{
    auto resolution = resolveBlockReference( field, context );
    if ( !resolution.error.isEmpty() ) {
        addBlockErrorItem( item, resolution.error );
        return;
    }

    if ( context.blockStack ) {
        context.blockStack->push_back( resolution.resolvedName );
    }
    parseFieldIntoItem( item, *resolution.block, context, prefix, displayName );
    if ( context.blockStack ) {
        context.blockStack->removeLast();
    }
}

bool applyMatchStage( QTreeWidgetItem* item,
",""
"Function:src/ui/src/previewmessagetab.cpp:applyMatchStage","applyMatchStage","src/ui/src/previewmessagetab.cpp",701,800,false,"}

bool applyMatchStage( QTreeWidgetItem* item,
                      const PreviewFieldSpec& field,
                      ParseContext& context,
                      const QString& fullName,
                      const QString& rawText,
                      const QByteArray& rawBytes,
                      const QString& source,
                      int inputOffset,
                      int inputWidth )
{
    setItemRaw( item, rawText, rawBytes );
    QString decodeError;
    const auto decodedText = decodeStringValue( rawText, rawBytes, field.type, &decodeError );
    if ( !decodeError.isEmpty() ) {
        DecodeErrorInfo errorInfo{ context.previewName,
                                   fullName,
                                   source,
                                   inputOffset,
                                   inputWidth,
                                   truncateText( rawText, 64 ),
                                   QObject::tr( ""Match decode failed: %1"" ).arg( decodeError ) };
        setItemMatchError( item, errorInfo );
        return true;
    }

    if ( field.regex.trimmed().isEmpty() || !field.compiledRegex.isValid() ) {
        DecodeErrorInfo errorInfo{ context.previewName,
                                   fullName,
                                   source,
                                   inputOffset,
                                   inputWidth,
                                   truncateText( decodedText, 64 ),
                                   QObject::tr( ""Match regex is not valid."" ) };
        setItemMatchError( item, errorInfo );
        return true;
    }

    const auto match = field.compiledRegex.match( decodedText );
    if ( !match.hasMatch() ) {
        DecodeErrorInfo errorInfo{
            context.previewName,
            fullName,
            source,
            inputOffset,
            inputWidth,
            truncateText( decodedText, 64 ),
            QObject::tr( ""Regex did not match: %1"" ).arg( field.regex ) };
        setItemMatchError( item, errorInfo );
        return true;
    }

    const int matchOffset = clampToInt( match.capturedStart( 0 ) );
    const int matchWidth = clampToInt( match.capturedLength( 0 ) );
    const int adjustedOffset
        = ( inputOffset >= 0 && matchOffset >= 0 ) ? ( inputOffset + matchOffset ) : -1;
    setItemOffsetWidth( item, adjustedOffset, matchWidth );
    if ( matchWidth >= 0 ) {
        item->setText( ColumnValue, QObject::tr( ""%1 chars"" ).arg( matchWidth ) );
    }
    else {
        item->setText( ColumnValue, QObject::tr( ""match"" ) );
    }

    const QString bufferText
        = field.bufferCapture.isSet ? captureValue( field.bufferCapture, match )
                                    : match.captured( 0 );
    const auto bufferSource = field.bufferCapture.isSet
                                  ? describeCaptureRef( field.bufferCapture, ""bufferCapture"" )
                                  : QObject::tr( ""match"" );

    int bufferBaseOffset = 0;
    if ( field.bufferCapture.isSet ) {
        const auto captureStartOffset = captureStart( field.bufferCapture, match );
        if ( captureStartOffset >= 0 && matchOffset >= 0 ) {
            bufferBaseOffset = captureStartOffset - matchOffset;
            if ( bufferBaseOffset < 0 ) {
                bufferBaseOffset = 0;
            }
        }
    }

    ParseContext childContext{
        bufferText.toUtf8(),
        0,
        context.values,
        context.rawValues,
        &match,
        context.blocks,
        context.blockStack,
        context.previewName,
        bufferSource,
        bufferBaseOffset,
        matchOffset >= 0 ? matchOffset : 0,
        true };

    for ( const auto& child : field.fields ) {
        addFieldItems( item, child, childContext, fullName );
    }
    return true;
}

void addBitfieldItems( QTreeWidgetItem* parent,
",""
"Function:src/ui/src/previewmessagetab.cpp:addBitfieldItems","addBitfieldItems","src/ui/src/previewmessagetab.cpp",802,830,false,"}

void addBitfieldItems( QTreeWidgetItem* parent,
                       const PreviewFieldSpec& field,
                       quint64 value,
                       int totalBits,
                       ParseContext& context,
                       const QString& prefix )
{
    int remaining = totalBits;
    for ( const auto& bitField : field.bitfieldMap ) {
        const auto widthExpr = resolveExprValue( bitField.width, *context.values );
        int width = widthExpr.ok ? widthExpr.value : 1;
        if ( width <= 0 ) {
            width = 1;
        }
        remaining -= width;
        const quint64 mask = width >= 64 ? ~0ULL : ( ( 1ULL << width ) - 1ULL );
        const quint64 bitValue = ( remaining >= 0 ) ? ( ( value >> remaining ) & mask ) : 0;

        auto* item = new QTreeWidgetItem( parent );
        const auto fullName = prefix.isEmpty() ? bitField.name : prefix + ""."" + bitField.name;
        item->setText( ColumnField, bitField.name );
        item->setText( ColumnValue, formatNumber( bitValue, bitField.format, bitField ) );
        insertValue( context,
                     fullName,
                     bitField.name,
                     static_cast<qint64>( bitValue ),
                     QString::number( bitValue ) );
    }
}

int resolveBitfieldWidth( const PreviewFieldSpec& field, ParseContext& context )
",""
"Function:src/ui/src/previewmessagetab.cpp:resolveBitfieldWidth","resolveBitfieldWidth","src/ui/src/previewmessagetab.cpp",832,846,false,"}

int resolveBitfieldWidth( const PreviewFieldSpec& field, ParseContext& context )
{
    const auto totalExpr = resolveExprValue( field.width, *context.values );
    int totalBits = totalExpr.ok ? totalExpr.value : 0;
    if ( totalBits > 0 ) {
        return totalBits;
    }

    totalBits = 0;
    for ( const auto& sub : field.bitfieldMap ) {
        const auto widthExpr = resolveExprValue( sub.width, *context.values );
        totalBits += widthExpr.ok ? widthExpr.value : 1;
    }
    return totalBits;
}

void parseFieldIntoItem( QTreeWidgetItem* item,
",""
"Function:src/ui/src/previewmessagetab.cpp:blocker","blocker","src/ui/src/previewmessagetab.cpp",1396,1396,true,"{
    const auto currentSelection = previewTypeCombo_->currentData().toString();
    QSignalBlocker blocker( previewTypeCombo_ );

    previewTypeCombo_->clear();
",""
"Function:src/ui/src/previewmessagetab.cpp:titleChanged","titleChanged","src/ui/src/previewmessagetab.cpp",1621,1621,true,"    const auto snippet = makeSnippet();
    currentTitle_ = tr( ""Preview #%1 - %2 - %3"" ).arg( tabNumber_ ).arg( typeLabel, snippet );
    Q_EMIT titleChanged( currentTitle_ );
}

",""
"Function:src/ui/src/previewmanager.cpp:previewsChanged","previewsChanged","src/ui/src/previewmanager.cpp",30,30,true,"        preview.hasEnabled = true;
    }
    Q_EMIT previewsChanged();
}

",""
"Function:src/ui/src/previewmanager.cpp:previewEnabledChanged","previewEnabledChanged","src/ui/src/previewmanager.cpp",180,180,true,"    it->hasEnabled = true;
    repository_.save( previews_, blocks_ );
    Q_EMIT previewEnabledChanged( name, enabled );
    Q_EMIT previewsChanged();
}
",""
"Function:src/ui/src/previewdecodeutils.cpp:clampToInt","clampToInt","src/ui/src/previewdecodeutils.cpp",13,22,false,"};

int clampToInt( qsizetype value )
{
    if ( value > std::numeric_limits<int>::max() ) {
        return std::numeric_limits<int>::max();
    }
    if ( value < std::numeric_limits<int>::min() ) {
        return std::numeric_limits<int>::min();
    }
    return static_cast<int>( value );
}

bool isWhitespaceOrSeparator( const QChar ch )
",""
"Function:src/ui/src/previewdecodeutils.cpp:isWhitespaceOrSeparator","isWhitespaceOrSeparator","src/ui/src/previewdecodeutils.cpp",24,27,false,"}

bool isWhitespaceOrSeparator( const QChar ch )
{
    return ch.isSpace() || ch == '_';
}

HexNormalized normalizeHexInput( const QString& input )
",""
"Function:src/ui/src/previewdecodeutils.cpp:normalizeHexInput","normalizeHexInput","src/ui/src/previewdecodeutils.cpp",29,64,false,"}

HexNormalized normalizeHexInput( const QString& input )
{
    HexNormalized normalized;
    auto trimmed = input.trimmed();
    if ( trimmed.startsWith( ""0x"", Qt::CaseInsensitive ) ) {
        trimmed = trimmed.mid( 2 );
    }

    QString digits;
    digits.reserve( trimmed.size() );
    int digitIndex = 0;
    for ( int i = 0; i < trimmed.size(); ++i ) {
        const auto ch = trimmed.at( i );
        if ( isWhitespaceOrSeparator( ch ) ) {
            continue;
        }
        if ( ch.isDigit() || ( ch.toLower() >= 'a' && ch.toLower() <= 'f' ) ) {
            digits.push_back( ch );
            ++digitIndex;
            continue;
        }
        normalized.error
            = QString( ""Invalid hex digit '%1' at position %2."" ).arg( ch ).arg( digitIndex + 1 );
        return normalized;
    }

    if ( digits.isEmpty() ) {
        normalized.error = ""Hex string is empty."";
        return normalized;
    }

    normalized.ok = true;
    normalized.digits = digits;
    normalized.digitCount = clampToInt( digits.size() );
    return normalized;
}

bool parseBinaryString( const QString& value, qint64* out )
",""
"Function:src/ui/src/previewdecodeutils.cpp:parseBinaryString","parseBinaryString","src/ui/src/previewdecodeutils.cpp",66,82,false,"}

bool parseBinaryString( const QString& value, qint64* out )
{
    if ( !out ) {
        return false;
    }
    if ( value.isEmpty() ) {
        return false;
    }
    for ( const auto& ch : value ) {
        if ( ch != '0' && ch != '1' ) {
            return false;
        }
    }
    bool ok = false;
    *out = value.toLongLong( &ok, 2 );
    return ok;
}

bool parseSignedInteger( const QString& token, qint64* out )
",""
"Function:src/ui/src/previewdecodeutils.cpp:parseSignedInteger","parseSignedInteger","src/ui/src/previewdecodeutils.cpp",84,99,false,"}

bool parseSignedInteger( const QString& token, qint64* out )
{
    if ( !out ) {
        return false;
    }
    const auto trimmed = token.trimmed();
    if ( trimmed.startsWith( ""0b"", Qt::CaseInsensitive ) ) {
        return parseBinaryString( trimmed.mid( 2 ), out );
    }
    if ( parseBinaryString( trimmed, out ) ) {
        return true;
    }
    bool ok = false;
    *out = trimmed.toLongLong( &ok, 0 );
    return ok;
}
} // namespace

",""
"Function:src/ui/src/previewdecodeutils.cpp:parseHexToU64AllowOddDigits","parseHexToU64AllowOddDigits","src/ui/src/previewdecodeutils.cpp",102,126,true,"} // namespace

HexParseResult parseHexToU64AllowOddDigits( const QString& input )
{
    HexParseResult result;
    const auto normalized = normalizeHexInput( input );
    if ( !normalized.ok ) {
        result.error = normalized.error;
        return result;
    }

    result.digitCount = normalized.digitCount;
    if ( normalized.digitCount > 16 ) {
        result.error = QString( ""Hex value too large (%1 digits)."" ).arg( normalized.digitCount );
        return result;
    }

    bool ok = false;
    result.value = normalized.digits.toULongLong( &ok, 16 );
    if ( !ok ) {
        result.error = ""Failed to parse hex value."";
        return result;
    }

    result.ok = true;
    return result;
}

HexDecodeResult decodeHexStringToBytes( const QString& input )
",""
"Function:src/ui/src/previewdecodeutils.cpp:decodeHexStringToBytes","decodeHexStringToBytes","src/ui/src/previewdecodeutils.cpp",128,151,true,"}

HexDecodeResult decodeHexStringToBytes( const QString& input )
{
    HexDecodeResult result;
    const auto normalized = normalizeHexInput( input );
    if ( !normalized.ok ) {
        result.error = normalized.error;
        return result;
    }

    result.digitCount = normalized.digitCount;
    auto digits = normalized.digits;
    if ( digits.size() % 2 != 0 ) {
        digits.prepend( '0' );
    }

    result.bytes = QByteArray::fromHex( digits.toUtf8() );
    if ( result.bytes.isEmpty() && !digits.isEmpty() ) {
        result.error = ""Failed to decode hex bytes."";
        return result;
    }

    result.ok = true;
    return result;
}

PreviewExpressionResult evaluatePreviewExpression( const PreviewValueExpr& expr,
",""
"Function:src/ui/src/previewdecodeutils.cpp:evaluatePreviewExpression","evaluatePreviewExpression","src/ui/src/previewdecodeutils.cpp",153,285,true,"}

PreviewExpressionResult evaluatePreviewExpression( const PreviewValueExpr& expr,
                                                   const QMap<QString, qint64>& values )
{
    PreviewExpressionResult result;
    if ( !expr.isSet ) {
        result.ok = true;
        result.value = 0;
        return result;
    }
    if ( expr.isLiteral ) {
        result.ok = true;
        result.value = expr.literalValue;
        return result;
    }

    const auto expression = expr.expression.trimmed();
    if ( expression.isEmpty() ) {
        result.error = ""Expression is empty."";
        return result;
    }

    qint64 total = 0;
    bool firstTerm = true;
    bool expectTerm = true;
    int sign = 1;
    int pos = 0;

    auto skipSpaces = [ &expression, &pos ]() {
        while ( pos < expression.size() && expression.at( pos ).isSpace() ) {
            ++pos;
        }
    };

    auto parseTerm = [ &expression, &pos, &values, &result ]( qint64* out ) {
        if ( !out ) {
            return false;
        }
        if ( pos >= expression.size() ) {
            return false;
        }

        if ( expression.at( pos ) == '{' ) {
            const int start = pos + 1;
            const int end = clampToInt( expression.indexOf( '}', start ) );
            if ( end < 0 ) {
                result.error = ""Missing '}' in expression."";
                return false;
            }
            const auto key = expression.mid( start, end - start ).trimmed();
            if ( key.isEmpty() ) {
                result.error = ""Empty variable name in expression."";
                return false;
            }
            if ( !values.contains( key ) ) {
                result.missingVariable = key;
                result.error = QString( ""Missing variable %1."" ).arg( key );
                return false;
            }
            *out = values.value( key );
            pos = end + 1;
            return true;
        }

        int start = pos;
        while ( pos < expression.size() ) {
            const auto ch = expression.at( pos );
            if ( ch.isSpace() || ch == '+' || ch == '-' ) {
                break;
            }
            ++pos;
        }
        const auto token = expression.mid( start, pos - start );
        if ( token.isEmpty() ) {
            result.error = ""Expected numeric token."";
            return false;
        }
        if ( !parseSignedInteger( token, out ) ) {
            result.error = QString( ""Invalid numeric token '%1'."" ).arg( token );
            return false;
        }
        return true;
    };

    while ( pos < expression.size() ) {
        skipSpaces();
        if ( expectTerm ) {
            if ( pos < expression.size() ) {
                const auto ch = expression.at( pos );
                if ( ch == '+' || ch == '-' ) {
                    sign = ( ch == '-' ) ? -1 : 1;
                    ++pos;
                    skipSpaces();
                }
            }

            qint64 termValue = 0;
            if ( !parseTerm( &termValue ) ) {
                return result;
            }
            if ( firstTerm ) {
                total = sign * termValue;
                firstTerm = false;
            }
            else {
                total += sign * termValue;
            }
            expectTerm = false;
        }
        else {
            skipSpaces();
            if ( pos >= expression.size() ) {
                break;
            }
            const auto ch = expression.at( pos );
            if ( ch != '+' && ch != '-' ) {
                result.error = ""Expected '+' or '-' in expression."";
                return result;
            }
            sign = ( ch == '-' ) ? -1 : 1;
            ++pos;
            expectTerm = true;
        }
    }

    if ( expectTerm ) {
        result.error = ""Expression ends with an operator."";
        return result;
    }

    result.ok = true;
    result.value = total;
    return result;
}

QString resolveTemplateString( const QString& templateText,
",""
"Function:src/ui/src/previewdecodeutils.cpp:resolveTemplateString","resolveTemplateString","src/ui/src/previewdecodeutils.cpp",287,331,true,"}

QString resolveTemplateString( const QString& templateText,
                               const QMap<QString, QString>& values,
                               QStringList* missing )
{
    QString resolved;
    resolved.reserve( templateText.size() );

    int pos = 0;
    while ( pos < templateText.size() ) {
        const auto ch = templateText.at( pos );
        if ( ch != '{' ) {
            resolved.append( ch );
            ++pos;
            continue;
        }

        const int start = pos + 1;
        const int end = clampToInt( templateText.indexOf( '}', start ) );
        if ( end < 0 ) {
            resolved.append( templateText.mid( pos ) );
            break;
        }

        const auto key = templateText.mid( start, end - start ).trimmed();
        if ( key.isEmpty() ) {
            resolved.append( templateText.mid( pos, end - pos + 1 ) );
            pos = end + 1;
            continue;
        }

        const auto it = values.find( key );
        if ( it == values.end() ) {
            resolved.append( templateText.mid( pos, end - pos + 1 ) );
            if ( missing && !missing->contains( key ) ) {
                missing->push_back( key );
            }
        }
        else {
            resolved.append( it.value() );
        }
        pos = end + 1;
    }

    return resolved;
}
",""
"Function:src/ui/src/previewconfigparser.cpp:contextPrefix","contextPrefix","src/ui/src/previewconfigparser.cpp",9,15,false,"
namespace {
QString contextPrefix( const QString& context, const QString& field )
{
    if ( context.isEmpty() ) {
        return field;
    }
    return QString( ""%1.%2"" ).arg( context, field );
}

PreviewValueExpr parseValueExpr( const QJsonValue& value,
",""
"Function:src/ui/src/previewconfigparser.cpp:parseValueExpr","parseValueExpr","src/ui/src/previewconfigparser.cpp",17,43,false,"}

PreviewValueExpr parseValueExpr( const QJsonValue& value,
                                 QStringList* warnings,
                                 const QString& context )
{
    PreviewValueExpr expr;
    if ( value.isUndefined() || value.isNull() ) {
        return expr;
    }

    expr.isSet = true;
    if ( value.isDouble() ) {
        expr.isLiteral = true;
        expr.literalValue = value.toInt();
        return expr;
    }
    if ( value.isString() ) {
        expr.expression = value.toString();
        return expr;
    }

    if ( warnings ) {
        warnings->push_back(
            QString( ""Invalid value expression at %1."" ).arg( context ) );
    }
    expr.isSet = false;
    return expr;
}

PreviewCaptureRef parseCaptureRef( const QJsonValue& value,
",""
"Function:src/ui/src/previewconfigparser.cpp:parseCaptureRef","parseCaptureRef","src/ui/src/previewconfigparser.cpp",45,71,false,"}

PreviewCaptureRef parseCaptureRef( const QJsonValue& value,
                                   QStringList* warnings,
                                   const QString& context )
{
    PreviewCaptureRef capture;
    if ( value.isUndefined() || value.isNull() ) {
        return capture;
    }

    capture.isSet = true;
    if ( value.isDouble() ) {
        capture.isIndex = true;
        capture.index = value.toInt();
        return capture;
    }
    if ( value.isString() ) {
        capture.name = value.toString();
        return capture;
    }

    if ( warnings ) {
        warnings->push_back(
            QString( ""Invalid capture reference at %1."" ).arg( context ) );
    }
    capture.isSet = false;
    return capture;
}

QStringList unknownKeys( const QJsonObject& object, const QSet<QString>& knownKeys )
",""
"Function:src/ui/src/previewconfigparser.cpp:unknownKeys","unknownKeys","src/ui/src/previewconfigparser.cpp",73,82,false,"}

QStringList unknownKeys( const QJsonObject& object, const QSet<QString>& knownKeys )
{
    QStringList unknown;
    for ( const auto& key : object.keys() ) {
        if ( !knownKeys.contains( key ) ) {
            unknown.push_back( key );
        }
    }
    return unknown;
}

bool parseFieldSpec( const QJsonObject& object,
",""
"Function:src/ui/src/previewconfigparser.cpp:parseFieldSpec","parseFieldSpec","src/ui/src/previewconfigparser.cpp",84,88,false,"}

bool parseFieldSpec( const QJsonObject& object,
                     PreviewFieldSpec* out,
                     QStringList* errors,
                     QStringList* warnings,
                     const QString& context );

QVector<PreviewFieldSpec> parseFieldArray( const QJsonValue& value,
",""
"Function:src/ui/src/previewconfigparser.cpp:parseFieldArray","parseFieldArray","src/ui/src/previewconfigparser.cpp",90,124,false,"                     const QString& context );

QVector<PreviewFieldSpec> parseFieldArray( const QJsonValue& value,
                                           QStringList* errors,
                                           QStringList* warnings,
                                           const QString& context )
{
    QVector<PreviewFieldSpec> fields;
    if ( !value.isArray() ) {
        if ( errors ) {
            errors->push_back( QString( ""Expected array at %1."" ).arg( context ) );
        }
        return fields;
    }

    const auto array = value.toArray();
    fields.reserve( array.size() );
    int index = 0;
    for ( const auto& item : array ) {
        if ( !item.isObject() ) {
            if ( errors ) {
                errors->push_back(
                    QString( ""Expected object at %1[%2]."" ).arg( context ).arg( index ) );
            }
            ++index;
            continue;
        }

        PreviewFieldSpec spec;
        if ( parseFieldSpec( item.toObject(), &spec, errors, warnings,
                             QString( ""%1[%2]"" ).arg( context ).arg( index ) ) ) {
            fields.push_back( std::move( spec ) );
        }
        ++index;
    }
    return fields;
}

QMap<QString, PreviewFieldSpec> parseBlockArray( const QJsonValue& value,
",""
"Function:src/ui/src/previewconfigparser.cpp:parseBlockArray","parseBlockArray","src/ui/src/previewconfigparser.cpp",126,171,false,"}

QMap<QString, PreviewFieldSpec> parseBlockArray( const QJsonValue& value,
                                                 QStringList* errors,
                                                 QStringList* warnings,
                                                 const QString& context )
{
    QMap<QString, PreviewFieldSpec> blocks;
    if ( value.isUndefined() || value.isNull() ) {
        return blocks;
    }
    if ( !value.isArray() ) {
        if ( errors ) {
            errors->push_back( QString( ""Expected array at %1."" ).arg( context ) );
        }
        return blocks;
    }

    const auto array = value.toArray();
    int index = 0;
    for ( const auto& item : array ) {
        if ( !item.isObject() ) {
            if ( errors ) {
                errors->push_back(
                    QString( ""Expected object at %1[%2]."" ).arg( context ).arg( index ) );
            }
            ++index;
            continue;
        }

        PreviewFieldSpec spec;
        if ( parseFieldSpec( item.toObject(), &spec, errors, warnings,
                             QString( ""%1[%2]"" ).arg( context ).arg( index ) ) ) {
            if ( blocks.contains( spec.name ) ) {
                if ( errors ) {
                    errors->push_back(
                        QString( ""Duplicate block name '%1' at %2."" )
                            .arg( spec.name, context ) );
                }
            }
            else {
                blocks.insert( spec.name, std::move( spec ) );
            }
        }
        ++index;
    }
    return blocks;
}

bool parseFieldSpec( const QJsonObject& object,
",""
"Function:src/ui/src/previewconfigparser.cpp:parsePreviewDefinition","parsePreviewDefinition","src/ui/src/previewconfigparser.cpp",369,459,false,"}

bool parsePreviewDefinition( const QJsonObject& object,
                             PreviewDefinition* out,
                             QStringList* errors,
                             QStringList* warnings,
                             int index )
{
    if ( !out ) {
        return false;
    }

    const auto nameValue = object.value( ""name"" );
    const auto name = nameValue.toString();
    if ( !nameValue.isString() || name.trimmed().isEmpty() ) {
        if ( errors ) {
            errors->push_back( QString( ""Missing preview name at index %1."" ).arg( index ) );
        }
        return false;
    }

    const auto regexValue = object.contains( ""regex"" ) ? object.value( ""regex"" )
                                                       : object.value( ""pattern"" );
    if ( !regexValue.isString() || regexValue.toString().trimmed().isEmpty() ) {
        if ( errors ) {
            errors->push_back(
                QString( ""Missing preview regex for '%1'."" ).arg( name ) );
        }
        return false;
    }

    const QSet<QString> knownKeys
        = { ""name"",     ""regex"",  ""pattern"", ""enabled"", ""bufferCapture"",
            ""offset"",   ""type"",   ""format"",  ""fields"" };
    const auto extraKeys = unknownKeys( object, knownKeys );
    for ( const auto& key : extraKeys ) {
        if ( warnings ) {
            warnings->push_back(
                QString( ""Unknown preview property '%1' for '%2'."" ).arg( key, name ) );
        }
    }

    out->name = name;
    out->regex = regexValue.toString();
    out->compiled = QRegularExpression( out->regex );
    if ( !out->compiled.isValid() ) {
        if ( errors ) {
            errors->push_back(
                QString( ""Invalid regex for '%1': %2"" ).arg( name, out->compiled.errorString() ) );
        }
        return false;
    }

    if ( object.contains( ""enabled"" ) ) {
        out->hasEnabled = true;
        out->enabled = object.value( ""enabled"" ).toBool( true );
    }

    out->bufferCapture = parseCaptureRef( object.value( ""bufferCapture"" ), warnings,
                                          QString( ""preview %1 bufferCapture"" ).arg( name ) );
    out->offset = parseValueExpr( object.value( ""offset"" ), warnings,
                                  QString( ""preview %1 offset"" ).arg( name ) );

    if ( object.contains( ""type"" ) ) {
        bool ok = false;
        out->type = previewBufferTypeFromString( object.value( ""type"" ).toString(), &ok );
        if ( !ok && warnings ) {
            warnings->push_back(
                QString( ""Unknown preview buffer type for '%1'."" ).arg( name ) );
        }
    }

    if ( object.contains( ""format"" ) ) {
        bool ok = false;
        out->format = previewFormatFromString( object.value( ""format"" ).toString(), &ok );
        if ( !ok && warnings ) {
            warnings->push_back(
                QString( ""Unknown preview format for '%1'."" ).arg( name ) );
        }
    }

    if ( out->format == PreviewFormat::Fields ) {
        if ( !object.contains( ""fields"" ) ) {
            if ( errors ) {
                errors->push_back( QString( ""Missing fields for '%1'."" ).arg( name ) );
            }
            return false;
        }
        out->fields = parseFieldArray( object.value( ""fields"" ), errors, warnings,
                                       QString( ""preview %1 fields"" ).arg( name ) );
    }
    return true;
}
} // namespace

",""
"Function:src/ui/src/previewconfigparser.cpp:file","file","src/ui/src/previewconfigparser.cpp",465,465,true,"{
    PreviewParseResult result;
    QFile file( path );
    if ( !file.open( QIODevice::ReadOnly ) ) {
        result.errors.push_back( QString( ""Failed to open %1."" ).arg( path ) );
",""
"Function:src/ui/src/previewconfig.cpp:normalizedKey","normalizedKey","src/ui/src/previewconfig.cpp",3,6,false,"
namespace {
QString normalizedKey( const QString& value )
{
    return value.trimmed().toLower();
}
} // namespace

",""
"Function:src/ui/src/previewconfig.cpp:previewBufferTypeToString","previewBufferTypeToString","src/ui/src/previewconfig.cpp",9,24,true,"} // namespace

QString previewBufferTypeToString( PreviewBufferType type )
{
    switch ( type ) {
    case PreviewBufferType::String:
        return ""string"";
    case PreviewBufferType::HexString:
        return ""hexString"";
    case PreviewBufferType::Base64:
        return ""base64"";
    case PreviewBufferType::Bin:
        return ""bin"";
    case PreviewBufferType::Bytes:
        return ""bytes"";
    }
    return ""string"";
}

QString previewFormatToString( PreviewFormat format )
",""
"Function:src/ui/src/previewconfig.cpp:previewFormatToString","previewFormatToString","src/ui/src/previewconfig.cpp",26,53,true,"}

QString previewFormatToString( PreviewFormat format )
{
    switch ( format ) {
    case PreviewFormat::Fields:
        return ""fields"";
    case PreviewFormat::Match:
        return ""match"";
    case PreviewFormat::Block:
        return ""block"";
    case PreviewFormat::String:
        return ""string"";
    case PreviewFormat::Dig:
        return ""dig"";
    case PreviewFormat::Dec:
        return ""dec"";
    case PreviewFormat::Hex:
        return ""hex"";
    case PreviewFormat::Bin:
        return ""bin"";
    case PreviewFormat::Enum:
        return ""enum"";
    case PreviewFormat::Flags:
        return ""flags"";
    case PreviewFormat::Bitfield:
        return ""bitfield"";
    }
    return ""fields"";
}

QString previewFieldSourceToString( PreviewFieldSource source )
",""
"Function:src/ui/src/previewconfig.cpp:previewFieldSourceToString","previewFieldSourceToString","src/ui/src/previewconfig.cpp",55,66,true,"}

QString previewFieldSourceToString( PreviewFieldSource source )
{
    switch ( source ) {
    case PreviewFieldSource::Buffer:
        return ""buffer"";
    case PreviewFieldSource::Capture:
        return ""capture"";
    case PreviewFieldSource::Block:
        return ""block"";
    }
    return ""buffer"";
}

PreviewBufferType previewBufferTypeFromString( const QString& value, bool* ok )
",""
"Function:src/ui/src/previewconfig.cpp:previewBufferTypeFromString","previewBufferTypeFromString","src/ui/src/previewconfig.cpp",68,105,true,"}

PreviewBufferType previewBufferTypeFromString( const QString& value, bool* ok )
{
    const auto key = normalizedKey( value );
    if ( key == ""string"" ) {
        if ( ok ) {
            *ok = true;
        }
        return PreviewBufferType::String;
    }
    if ( key == ""hexstring"" ) {
        if ( ok ) {
            *ok = true;
        }
        return PreviewBufferType::HexString;
    }
    if ( key == ""base64"" ) {
        if ( ok ) {
            *ok = true;
        }
        return PreviewBufferType::Base64;
    }
    if ( key == ""bin"" || key == ""binary"" ) {
        if ( ok ) {
            *ok = true;
        }
        return PreviewBufferType::Bin;
    }
    if ( key == ""bytes"" ) {
        if ( ok ) {
            *ok = true;
        }
        return PreviewBufferType::Bytes;
    }
    if ( ok ) {
        *ok = false;
    }
    return PreviewBufferType::String;
}

PreviewFormat previewFormatFromString( const QString& value, bool* ok )
",""
"Function:src/ui/src/previewconfig.cpp:previewFormatFromString","previewFormatFromString","src/ui/src/previewconfig.cpp",107,180,true,"}

PreviewFormat previewFormatFromString( const QString& value, bool* ok )
{
    const auto key = normalizedKey( value );
    if ( key == ""fields"" ) {
        if ( ok ) {
            *ok = true;
        }
        return PreviewFormat::Fields;
    }
    if ( key == ""match"" ) {
        if ( ok ) {
            *ok = true;
        }
        return PreviewFormat::Match;
    }
    if ( key == ""block"" ) {
        if ( ok ) {
            *ok = true;
        }
        return PreviewFormat::Block;
    }
    if ( key == ""string"" ) {
        if ( ok ) {
            *ok = true;
        }
        return PreviewFormat::String;
    }
    if ( key == ""dig"" ) {
        if ( ok ) {
            *ok = true;
        }
        return PreviewFormat::Dig;
    }
    if ( key == ""dec"" ) {
        if ( ok ) {
            *ok = true;
        }
        return PreviewFormat::Dec;
    }
    if ( key == ""hex"" ) {
        if ( ok ) {
            *ok = true;
        }
        return PreviewFormat::Hex;
    }
    if ( key == ""bin"" ) {
        if ( ok ) {
            *ok = true;
        }
        return PreviewFormat::Bin;
    }
    if ( key == ""enum"" ) {
        if ( ok ) {
            *ok = true;
        }
        return PreviewFormat::Enum;
    }
    if ( key == ""flags"" ) {
        if ( ok ) {
            *ok = true;
        }
        return PreviewFormat::Flags;
    }
    if ( key == ""bitfield"" ) {
        if ( ok ) {
            *ok = true;
        }
        return PreviewFormat::Bitfield;
    }
    if ( ok ) {
        *ok = false;
    }
    return PreviewFormat::Fields;
}

PreviewFieldSource previewFieldSourceFromString( const QString& value, bool* ok )
",""
"Function:src/ui/src/previewconfig.cpp:previewFieldSourceFromString","previewFieldSourceFromString","src/ui/src/previewconfig.cpp",182,207,true,"}

PreviewFieldSource previewFieldSourceFromString( const QString& value, bool* ok )
{
    const auto key = normalizedKey( value );
    if ( key == ""buffer"" ) {
        if ( ok ) {
            *ok = true;
        }
        return PreviewFieldSource::Buffer;
    }
    if ( key == ""capture"" ) {
        if ( ok ) {
            *ok = true;
        }
        return PreviewFieldSource::Capture;
    }
    if ( key == ""block"" ) {
        if ( ok ) {
            *ok = true;
        }
        return PreviewFieldSource::Block;
    }
    if ( ok ) {
        *ok = false;
    }
    return PreviewFieldSource::Buffer;
}
",""
"Function:src/ui/src/predefinedfiltersdialog.cpp:optionsChanged","optionsChanged","src/ui/src/predefinedfiltersdialog.cpp",360,360,true,"    }

    Q_EMIT optionsChanged();
}
",""
"Function:src/ui/src/predefinedfilterscombobox.cpp:filterChanged","filterChanged","src/ui/src/predefinedfilterscombobox.cpp",304,304,true,"    }

    Q_EMIT filterChanged( selectedPatterns );
}
",""
"Function:src/ui/src/predefinedfilters.cpp:ensureFilterIds","ensureFilterIds","src/ui/src/predefinedfilters.cpp",45,52,false,"
namespace {
void ensureFilterIds( PredefinedFiltersCollection::Collection& filters )
{
    for ( auto& filter : filters ) {
        if ( filter.id.isEmpty() ) {
            filter.id = createPredefinedFilterId();
        }
    }
}
} // namespace

",""
"Function:src/ui/src/predefinedfilters.cpp:createPredefinedFilterId","createPredefinedFilterId","src/ui/src/predefinedfilters.cpp",55,58,true,"} // namespace

QString createPredefinedFilterId()
{
    return QUuid::createUuid().toString( QUuid::WithoutBraces );
}

void PredefinedFiltersCollection::retrieveFromStorage( QSettings& settings )
",""
"Function:src/ui/src/overviewwidget.cpp:lineClicked","lineClicked","src/ui/src/overviewwidget.cpp",227,227,true,"    const auto line = overview_->fileLineFromY( position );
    LOG_DEBUG << ""OverviewWidget::handleMousePress y="" << position << "" line="" << line;
    Q_EMIT lineClicked( line );
}

",""
"Function:src/ui/src/optionsdialog.cpp:xml","xml","src/ui/src/optionsdialog.cpp",189,189,true,"    QResource resource( "":/i18n/Languages.xml"" );
    QByteArray bytes( reinterpret_cast<const char*>( resource.data() ), (int)resource.size() );
    QXmlStreamReader xml( bytes );

    while ( !xml.atEnd() ) {
",""
"Function:src/ui/src/optionsdialog.cpp:optionsChanged","optionsChanged","src/ui/src/optionsdialog.cpp",674,674,true,"    }

    Q_EMIT optionsChanged();
}

",""
"Function:src/ui/src/optionsdialog.cpp:edited","edited","src/ui/src/optionsdialog.cpp",740,740,true,"    if ( keyEditDialog.exec() == QDialog::Accepted ) {
        keySequenceLabel_->setText( editor->keySequence().toString() );
        Q_EMIT edited(); // NOTE: it's important to emit this signal only after changing
                         // \keySequenceLabel_'s text
    }
",""
"Function:src/ui/src/opencomportdialog.cpp:info","info","src/ui/src/opencomportdialog.cpp",205,205,true,"    bool validPath = false;
    if ( !path.isEmpty() ) {
        const QFileInfo info( path );
        const QDir dir( info.absolutePath() );
        validPath = dir.exists();
",""
"Function:src/ui/src/mainwindow.cpp:makePythonScriptRunnerIcon","makePythonScriptRunnerIcon","src/ui/src/mainwindow.cpp",143,160,false,"namespace {

QIcon makePythonScriptRunnerIcon() {
    constexpr auto iconSize = 20;

    QPixmap pixmap( iconSize, iconSize );
    pixmap.fill( Qt::transparent );

    QPainter painter( &pixmap );
    painter.setRenderHint( QPainter::Antialiasing, true );

    auto font = painter.font();
    font.setBold( true );
    font.setPixelSize( 11 );
    painter.setFont( font );
    painter.setPen( qApp->palette().color( QPalette::WindowText ) );
    painter.drawText( pixmap.rect(), Qt::AlignCenter, QStringLiteral( ""py"" ) );

    return QIcon( pixmap );
}

bool applicationHasMethod( const char* signature )
",""
"Function:src/ui/src/mainwindow.cpp:pixmap","pixmap","src/ui/src/mainwindow.cpp",146,146,false,"    constexpr auto iconSize = 20;

    QPixmap pixmap( iconSize, iconSize );
    pixmap.fill( Qt::transparent );

",""
"Function:src/ui/src/mainwindow.cpp:applicationHasMethod","applicationHasMethod","src/ui/src/mainwindow.cpp",162,165,false,"}

bool applicationHasMethod( const char* signature )
{
    return qApp != nullptr && qApp->metaObject()->indexOfMethod( signature ) >= 0;
}

void signalCrawlerToFollowFile( CrawlerWidget* crawler_widget )
",""
"Function:src/ui/src/mainwindow.cpp:signalCrawlerToFollowFile","signalCrawlerToFollowFile","src/ui/src/mainwindow.cpp",167,181,false,"}

void signalCrawlerToFollowFile( CrawlerWidget* crawler_widget )
{
    if ( crawler_widget == nullptr ) {
        return;
    }

    QPointer<CrawlerWidget> crawler = crawler_widget;
    dispatchToObject(
        [ crawler ]() {
            if ( crawler != nullptr ) {
                crawler->followSet( true );
            }
        },
        crawler_widget );
}

void showComPortMessage( QWidget* parent, QMessageBox::Icon icon, const QString& title,
",""
"Function:src/ui/src/mainwindow.cpp:showComPortMessage","showComPortMessage","src/ui/src/mainwindow.cpp",183,200,false,"}

void showComPortMessage( QWidget* parent, QMessageBox::Icon icon, const QString& title,
                         const QString& text, bool nonBlocking )
{
    if ( !nonBlocking ) {
        if ( icon == QMessageBox::Information ) {
            QMessageBox::information( parent, title, text );
        }
        else {
            QMessageBox::warning( parent, title, text );
        }
        return;
    }

    auto* box = new QMessageBox( icon, title, text, QMessageBox::Ok, parent );
    box->setAttribute( Qt::WA_DeleteOnClose );
    box->setWindowModality( Qt::NonModal );
    box->open();
}

void waitForCrawlerStartupPreparation( CrawlerWidget* crawler_widget, const QString& fileName )
",""
"Function:src/ui/src/mainwindow.cpp:waitForCrawlerStartupPreparation","waitForCrawlerStartupPreparation","src/ui/src/mainwindow.cpp",202,295,false,"}

void waitForCrawlerStartupPreparation( CrawlerWidget* crawler_widget, const QString& fileName )
{
    if ( crawler_widget == nullptr ) {
        return;
    }

    const auto shortName = QFileInfo( fileName ).fileName();
    StartupProgress::advance( QObject::tr( ""Preparing tab"" ), shortName );

    if ( !crawler_widget->isStartupPreparationPending() ) {
        StartupProgress::advance( QObject::tr( ""Tab ready"" ), shortName );
        return;
    }

    constexpr int StartupPrepareTimeoutMs = 120000;
    constexpr int StartupPollIntervalMs = 50;

    bool timedOut = false;
    qint64 lastReportedSecond = -1;
    QEventLoop waitLoop;
    QElapsedTimer elapsed;
    QTimer pollTimer;
    elapsed.start();
    pollTimer.setInterval( StartupPollIntervalMs );
    pollTimer.setSingleShot( false );

    const auto tryFinish = [ &waitLoop, crawler_widget ]() {
        if ( !crawler_widget->isStartupPreparationPending() ) {
            waitLoop.quit();
        }
    };

    const auto loadingFinishedConnection = QObject::connect(
        crawler_widget, &CrawlerWidget::loadingFinished, &waitLoop, [ & ]( LoadingStatus status ) {
            const auto detail = QObject::tr( ""%1 (%2)"" )
                                    .arg( shortName,
                                          status == LoadingStatus::Successful
                                              ? QObject::tr( ""loading completed"" )
                                              : QObject::tr( ""loading failed"" ) );
            StartupProgress::advance( QObject::tr( ""Preparing tab"" ), detail );
            tryFinish();
        } );

    const auto loadingProgressConnection = QObject::connect(
        crawler_widget, &CrawlerWidget::loadingProgressed, &waitLoop, [ & ]( int progress ) {
            StartupProgress::advance( QObject::tr( ""Preparing tab"" ),
                                      QObject::tr( ""%1 (%2%)"" ).arg( shortName ).arg( progress ) );
        } );

    const auto pollConnection = QObject::connect( &pollTimer, &QTimer::timeout, &waitLoop, [ & ]() {
        tryFinish();
        if ( !crawler_widget->isStartupPreparationPending() ) {
            return;
        }

        const auto elapsedMs = elapsed.elapsed();
        if ( elapsedMs >= StartupPrepareTimeoutMs ) {
            timedOut = true;
            waitLoop.quit();
            return;
        }

        const qint64 elapsedSeconds = elapsedMs / 1000;
        if ( elapsedSeconds != lastReportedSecond ) {
            lastReportedSecond = elapsedSeconds;
            StartupProgress::message( QObject::tr( ""Preparing tab"" ),
                                      QObject::tr( ""%1 (waiting %2s)"" )
                                          .arg( shortName )
                                          .arg( elapsedSeconds ) );
        }
    } );

    pollTimer.start();
    QCoreApplication::processEvents( QEventLoop::ExcludeUserInputEvents
                                     | QEventLoop::ExcludeSocketNotifiers );
    tryFinish();
    if ( crawler_widget->isStartupPreparationPending() ) {
        waitLoop.exec( QEventLoop::ExcludeUserInputEvents );
    }

    pollTimer.stop();
    QObject::disconnect( loadingFinishedConnection );
    QObject::disconnect( loadingProgressConnection );
    QObject::disconnect( pollConnection );

    if ( timedOut ) {
        LOG_WARNING << ""Startup tab preparation timeout for "" << fileName.toStdString();
        StartupProgress::advance( QObject::tr( ""Preparing tab"" ),
                                  QObject::tr( ""%1 (timeout)"" ).arg( shortName ) );
    }
    else {
        StartupProgress::advance( QObject::tr( ""Tab ready"" ), shortName );
    }
}

static constexpr auto ClipboardMaxTry = 5;
",""
"Function:src/ui/src/mainwindow.cpp:automationDisplayText","automationDisplayText","src/ui/src/mainwindow.cpp",300,334,false,"static const auto ActionsPortSuffix = QStringLiteral( "" (actions)"" );

QString automationDisplayText( const QObject* object )
{
    if ( object == nullptr ) {
        return {};
    }

    if ( const auto* action = qobject_cast<const QAction*>( object ) ) {
        auto text = action->text();
        text.remove( '&' );
        return text;
    }

    if ( const auto* menu = qobject_cast<const QMenu*>( object ) ) {
        auto title = menu->title();
        title.remove( '&' );
        return title;
    }

    const auto textPropertyIndex = object->metaObject()->indexOfProperty( ""text"" );
    if ( textPropertyIndex >= 0 ) {
        auto text = object->property( ""text"" ).toString();
        text.remove( '&' );
        if ( !text.isEmpty() ) {
            return text;
        }
    }

    if ( const auto* widget = qobject_cast<const QWidget*>( object ) ) {
        auto windowTitle = widget->windowTitle();
        windowTitle.remove( '&' );
        return windowTitle;
    }

    return {};
}

QString automationRole( const QObject* object )
",""
"Function:src/ui/src/mainwindow.cpp:automationRole","automationRole","src/ui/src/mainwindow.cpp",336,373,false,"}

QString automationRole( const QObject* object )
{
    if ( qobject_cast<const QAction*>( object ) != nullptr ) {
        return QStringLiteral( ""action"" );
    }
    if ( qobject_cast<const QMenu*>( object ) != nullptr ) {
        return QStringLiteral( ""menu"" );
    }
    if ( qobject_cast<const QToolBar*>( object ) != nullptr ) {
        return QStringLiteral( ""toolbar"" );
    }
    if ( qobject_cast<const QTabBar*>( object ) != nullptr ) {
        return QStringLiteral( ""tabbar"" );
    }
    if ( qobject_cast<const QTabWidget*>( object ) != nullptr ) {
        return QStringLiteral( ""tabwidget"" );
    }
    if ( qobject_cast<const QComboBox*>( object ) != nullptr ) {
        return QStringLiteral( ""combobox"" );
    }
    if ( qobject_cast<const QLineEdit*>( object ) != nullptr ) {
        return QStringLiteral( ""lineedit"" );
    }
    if ( qobject_cast<const QLabel*>( object ) != nullptr ) {
        return QStringLiteral( ""label"" );
    }
    if ( qobject_cast<const QSplitter*>( object ) != nullptr ) {
        return QStringLiteral( ""splitter"" );
    }
    if ( qobject_cast<const AbstractLogView*>( object ) != nullptr ) {
        return QStringLiteral( ""logview"" );
    }
    if ( qobject_cast<const QWidget*>( object ) != nullptr ) {
        return QStringLiteral( ""widget"" );
    }

    return QString::fromLatin1( object->metaObject()->className() ).toLower();
}

QVariantMap automationBounds( const QWidget* widget, const QWidget* rootWidget )
",""
"Function:src/ui/src/mainwindow.cpp:automationBounds","automationBounds","src/ui/src/mainwindow.cpp",375,388,false,"}

QVariantMap automationBounds( const QWidget* widget, const QWidget* rootWidget )
{
    QVariantMap bounds;
    if ( widget == nullptr || rootWidget == nullptr ) {
        return bounds;
    }

    const auto topLeft = ( widget == rootWidget ) ? QPoint{} : widget->mapTo( rootWidget, QPoint{} );
    bounds.insert( QStringLiteral( ""x"" ), topLeft.x() );
    bounds.insert( QStringLiteral( ""y"" ), topLeft.y() );
    bounds.insert( QStringLiteral( ""width"" ), widget->width() );
    bounds.insert( QStringLiteral( ""height"" ), widget->height() );
    return bounds;
}

QVariantMap automationObjectTree( const QObject* object, const QWidget* rootWidget )
",""
"Function:src/ui/src/mainwindow.cpp:automationObjectTree","automationObjectTree","src/ui/src/mainwindow.cpp",390,435,false,"}

QVariantMap automationObjectTree( const QObject* object, const QWidget* rootWidget )
{
    QVariantMap node;
    if ( object == nullptr ) {
        return node;
    }

    node.insert( QStringLiteral( ""className"" ), object->metaObject()->className() );
    node.insert( QStringLiteral( ""objectName"" ), object->objectName() );
    node.insert( QStringLiteral( ""role"" ), automationRole( object ) );

    const auto text = automationDisplayText( object );
    if ( !text.isEmpty() ) {
        node.insert( QStringLiteral( ""text"" ), text );
    }

    if ( const auto* action = qobject_cast<const QAction*>( object ) ) {
        node.insert( QStringLiteral( ""enabled"" ), action->isEnabled() );
        if ( action->isCheckable() ) {
            node.insert( QStringLiteral( ""checked"" ), action->isChecked() );
        }
    }

    if ( const auto* widget = qobject_cast<const QWidget*>( object ) ) {
        node.insert( QStringLiteral( ""enabled"" ), widget->isEnabled() );
        node.insert( QStringLiteral( ""visible"" ), widget->isVisible() );
        node.insert( QStringLiteral( ""bounds"" ), automationBounds( widget, rootWidget ) );
        if ( !widget->accessibleName().isEmpty() ) {
            node.insert( QStringLiteral( ""accessibleName"" ), widget->accessibleName() );
        }
        if ( const auto* button = qobject_cast<const QAbstractButton*>( widget );
             button != nullptr && button->isCheckable() ) {
            node.insert( QStringLiteral( ""checked"" ), button->isChecked() );
        }
    }

    QVariantList children;
    const auto objectChildren = object->children();
    children.reserve( objectChildren.size() );
    for ( const auto* child : objectChildren ) {
        children.push_back( automationObjectTree( child, rootWidget ) );
    }
    node.insert( QStringLiteral( ""children"" ), children );

    return node;
}

QVariantMap automationActionPayload( const QAction* action )
",""
"Function:src/ui/src/mainwindow.cpp:automationActionPayload","automationActionPayload","src/ui/src/mainwindow.cpp",437,457,false,"}

QVariantMap automationActionPayload( const QAction* action )
{
    QVariantMap payload;
    if ( action == nullptr ) {
        return payload;
    }

    auto text = action->text();
    text.remove( '&' );

    payload.insert( QStringLiteral( ""className"" ), action->metaObject()->className() );
    payload.insert( QStringLiteral( ""objectName"" ), action->objectName() );
    payload.insert( QStringLiteral( ""role"" ), QStringLiteral( ""action"" ) );
    payload.insert( QStringLiteral( ""text"" ), text );
    payload.insert( QStringLiteral( ""enabled"" ), action->isEnabled() );
    if ( action->isCheckable() ) {
        payload.insert( QStringLiteral( ""checked"" ), action->isChecked() );
    }

    return payload;
}

} // namespace
",""
"Function:src/ui/src/mainwindow.cpp:qtTranslations","qtTranslations","src/ui/src/mainwindow.cpp",1414,1414,true,"
    QString qtPath( "":/i18n/qt_"" + lang + "".qm"" );
    QResource qtTranslations( qtPath );
    if ( !mQtTranslator.load( qtTranslations.data(), (int)qtTranslations.size() ) ) {
        LOG_ERROR << ""load fail"";
",""
"Function:src/ui/src/mainwindow.cpp:appTranslations","appTranslations","src/ui/src/mainwindow.cpp",1425,1425,true,"
    QString appPath( "":/i18n/"" + lang + "".qm"" );
    QResource appTranslations( appPath );
    if ( !mTranslator.load( appTranslations.data(), (int)appTranslations.size() ) ) {
        LOG_ERROR << ""load fail"";
",""
"Function:src/ui/src/mainwindow.cpp:newWindow","newWindow","src/ui/src/mainwindow.cpp",1448,1448,true,"    newWindowAction = new QAction( tr( action::newWindowText ), this );
    newWindowAction->setStatusTip( tr( action::newWindowStatusTip ) );
    connect( newWindowAction, &QAction::triggered, [ = ] { Q_EMIT newWindow(); } );
    newWindowAction->setVisible( config.allowMultipleWindows() );

",""
"Function:src/ui/src/mainwindow.cpp:dialog","dialog","src/ui/src/mainwindow.cpp",2497,2497,true,"void MainWindow::editPredefinedFilters( const QString& newFilter )
{
    PredefinedFiltersDialog dialog( newFilter, this );

    signalMux_.connect( &dialog, SIGNAL( optionsChanged() ), SLOT( applyConfiguration() ) );
",""
"Function:src/ui/src/mainwindow.cpp:optionsChanged","optionsChanged","src/ui/src/mainwindow.cpp",2703,2703,true,"    config.setOverviewVisible( isVisible );
    config.save();
    Q_EMIT optionsChanged();
}

",""
"Function:src/ui/src/mainwindow.cpp:windowClosed","windowClosed","src/ui/src/mainwindow.cpp",3711,3711,true,"        closeAll( ActionInitiator::App );
        trayIcon_->hide();
        Q_EMIT windowClosed();

        event->accept();
",""
"Function:src/ui/src/mainwindow.cpp:windowActivated","windowActivated","src/ui/src/mainwindow.cpp",3771,3771,true,"{
    if ( event->type() == QEvent::WindowActivate ) {
        Q_EMIT windowActivated();
    }
    else if ( event->type() == QEvent::Show ) {
",""
"Function:src/ui/src/mainwindow.cpp:enteringQuickFind","enteringQuickFind","src/ui/src/mainwindow.cpp",4514,4514,true,"    // Warn crawlers so they can save the position of the focus in order
    // to do incremental search in the right view.
    Q_EMIT enteringQuickFind();

    const auto crawler = currentCrawlerWidget();
",""
"Function:src/ui/src/importactionsdialog.cpp:truncateText","truncateText","src/ui/src/importactionsdialog.cpp",24,30,false,"
namespace {
QString truncateText( const QString& text, int maxLength )
{
    if ( text.size() <= maxLength ) {
        return text;
    }
    return text.left( maxLength ) + ""..."";
}

int tableWidthHint( QTableView* table )
",""
"Function:src/ui/src/importactionsdialog.cpp:tableWidthHint","tableWidthHint","src/ui/src/importactionsdialog.cpp",32,48,false,"}

int tableWidthHint( QTableView* table )
{
    if ( !table || !table->model() ) {
        return 0;
    }
    int width = table->frameWidth() * 2;
    if ( table->verticalHeader()->isVisible() ) {
        width += table->verticalHeader()->width();
    }
    for ( int column = 0; column < table->model()->columnCount(); ++column ) {
        width += table->columnWidth( column );
    }
    if ( table->verticalScrollBar() ) {
        width += table->verticalScrollBar()->sizeHint().width();
    }
    return width;
}

void capColumnWidth( QTableView* table, int column, int maxWidth )
",""
"Function:src/ui/src/importactionsdialog.cpp:capColumnWidth","capColumnWidth","src/ui/src/importactionsdialog.cpp",50,61,false,"}

void capColumnWidth( QTableView* table, int column, int maxWidth )
{
    if ( !table || !table->model() ) {
        return;
    }
    if ( column < 0 || column >= table->model()->columnCount() ) {
        return;
    }
    if ( table->columnWidth( column ) > maxWidth ) {
        table->setColumnWidth( column, maxWidth );
    }
}

int clampToScreenWidth( const QWidget* widget, int width )
",""
"Function:src/ui/src/importactionsdialog.cpp:clampToScreenWidth","clampToScreenWidth","src/ui/src/importactionsdialog.cpp",63,74,false,"}

int clampToScreenWidth( const QWidget* widget, int width )
{
    const auto* screen = widget ? widget->screen() : nullptr;
    if ( !screen ) {
        return width;
    }
    const int maxWidth = static_cast<int>( screen->availableGeometry().width() * 0.7 );
    if ( maxWidth <= 0 ) {
        return width;
    }
    return qMin( width, maxWidth );
}

int tableHeightForRows( QTableView* table, int rows )
",""
"Function:src/ui/src/importactionsdialog.cpp:tableHeightForRows","tableHeightForRows","src/ui/src/importactionsdialog.cpp",76,88,false,"}

int tableHeightForRows( QTableView* table, int rows )
{
    if ( !table ) {
        return 0;
    }
    const int rowHeight = table->verticalHeader()->defaultSectionSize();
    int height = table->frameWidth() * 2 + table->horizontalHeader()->height();
    height += rowHeight * rows;
    if ( table->horizontalScrollBar() ) {
        height += table->horizontalScrollBar()->sizeHint().height();
    }
    return height;
}
} // namespace

",""
"Function:src/ui/src/iconloader.cpp:pmap","pmap","src/ui/src/iconloader.cpp",36,36,true,"    QIcon icon;
    for ( int sz : IconSizes ) {
        QPixmap pmap( loadPixmap( name, sz ) );
        if ( !pmap.isNull() )
            icon.addPixmap( pmap );
",""
"Function:src/ui/src/highlightersetedit.cpp:changed","changed","src/ui/src/highlightersetedit.cpp",143,143,true,"{
    highlighterSet_.name_ = name;
    Q_EMIT changed();
}

",""
"Function:src/ui/src/highlighterset.cpp:getPatternOptions","getPatternOptions","src/ui/src/highlighterset.cpp",62,70,true,"#include ""highlighterset.h""

QRegularExpression::PatternOptions getPatternOptions( bool ignoreCase )
{
    QRegularExpression::PatternOptions options = QRegularExpression::UseUnicodePropertiesOption;

    if ( ignoreCase ) {
        options |= QRegularExpression::CaseInsensitiveOption;
    }
    return options;
}

Highlighter::Highlighter( const QString& pattern, bool ignoreCase, bool onlyMatch,
",""
"Function:src/ui/src/highlightersdialog.cpp:optionsChanged","optionsChanged","src/ui/src/highlightersdialog.cpp",333,333,true,"    }
    persistentHighlighterSet.save();
    Q_EMIT optionsChanged();
}

",""
"Function:src/ui/src/highlighteredit.cpp:changed","changed","src/ui/src/highlighteredit.cpp",119,119,true,"{
    highlighter_.setPattern( pattern );
    Q_EMIT changed();
}

",""
"Function:src/ui/src/downloader.cpp:request","request","src/ui/src/downloader.cpp",41,41,true,"    output_ = outputFile;

    QNetworkRequest request( url );

    if ( !Configuration::get().verifySslPeers() ) {
",""
"Function:src/ui/src/displayfilepath.cpp:shrinkPath","shrinkPath","src/ui/src/displayfilepath.cpp",26,60,false,"namespace {
// inspired by http://chadkuehn.com/shrink-file-paths-with-an-ellipsis-in-c/
QString shrinkPath( QString fullPath, int limit, QString delimiter = ""…"" )
{
    if ( fullPath.isEmpty() ) {
        return fullPath;
    }

    const auto fileInfo = QFileInfo( fullPath );
    const auto fileName = fileInfo.fileName();
    const auto absoluteNativePath = QDir::toNativeSeparators( fileInfo.absolutePath() );

    const auto idealMinLength = fileName.size() + delimiter.size();

    // less than the minimum amt
    if ( limit < ( ( 2 * delimiter.size() ) + 1 ) ) {
        return """";
    }

    // fullpath
    if ( limit >= fullPath.size() ) {
        return QDir::toNativeSeparators( fullPath );
    }

    // file name condensing
    if ( limit < idealMinLength ) {
        return delimiter + fileName.mid( 0, ( limit - ( 2 * delimiter.size() ) ) ) + delimiter;
    }

    // whole name only, no folder structure shown
    if ( limit == idealMinLength ) {
        return delimiter + fileName;
    }

    return absoluteNativePath.mid( 0, ( limit - ( idealMinLength + 1 ) ) ) + delimiter
           + QDir::separator() + fileName;
}

} // namespace
",""
"Function:src/ui/src/decompressor.cpp:archiveTypeByExtension","archiveTypeByExtension","src/ui/src/decompressor.cpp",38,71,false,"enum class Archive { None, Zip7, Tar, Zip, Gz, Bz2, Xz };

Archive archiveTypeByExtension( const QString& archiveFilePath )
{
    const auto info = QFileInfo( archiveFilePath );
    const auto extension = info.suffix().toLower();
    LOG_INFO << ""Suffix is "" << extension;

    if ( extension == ""zip"" ) {
        return Archive::Zip;
    }
    else if ( extension == ""7z"" ) {
        return Archive::Zip7;
    }
    else if ( extension == ""tgz"" || extension == ""tbz2"" || extension == ""txz"" ) {
        return Archive::Tar;
    }

    if ( extension == ""gz"" || extension == ""bz2"" || extension == ""xz"" || extension == ""lzma"" ) {
        const auto completeSuffix = info.completeSuffix().toLower();
        if ( completeSuffix.contains( ""tar."" ) ) {
            return Archive::Tar;
        }
        else if ( extension == ""gz"" ) {
            return Archive::Gz;
        }
        else if ( extension == ""bz2"" ) {
            return Archive::Bz2;
        }
        else if ( extension == ""xz"" || extension == ""lzma"" ) {
            return Archive::Xz;
        }
    }

    return Archive::None;
}

Archive archiveType( const QString& archiveFilePath )
",""
"Function:src/ui/src/decompressor.cpp:archiveType","archiveType","src/ui/src/decompressor.cpp",73,119,false,"}

Archive archiveType( const QString& archiveFilePath )
{
    QMimeDatabase mimeDb;
    const auto mime = mimeDb.mimeTypeForFile( archiveFilePath );

    if ( mime.inherits( ""application/x-7z-compressed"" ) ) {
        return Archive::Zip7;
    }

    if ( mime.inherits( ""application/zip"" ) ) {
        return Archive::Zip;
    }

    if ( mime.inherits( ""application/x-tar"" ) ) {
        return Archive::Tar;
    }

    auto mimeArchiveType = Archive::None;

    if ( mime.inherits( ""application/x-gzip"" ) ) {
        mimeArchiveType = Archive::Gz;
    }
    else if ( mime.inherits( ""application/x-bzip"" ) ) {
        mimeArchiveType = Archive::Bz2;
    }
    else if ( mime.inherits( ""application/x-lzma"" ) || mime.inherits( ""application/x-xz"" ) ) {
        mimeArchiveType = Archive::Xz;
    }

    if ( mimeArchiveType == Archive::None ) {
        return archiveTypeByExtension( archiveFilePath );
    }

    const auto info = QFileInfo( archiveFilePath );
    const auto extension = info.suffix().toLower();
    const auto completeSuffix = info.completeSuffix().toLower();
    if ( completeSuffix.contains( ""tar."", Qt::CaseInsensitive )
         || extension.endsWith( ""tgz"", Qt::CaseInsensitive )
         || extension.endsWith( ""tbz"", Qt::CaseInsensitive )
         || extension.endsWith( ""tbz2"", Qt::CaseInsensitive )
         || extension.endsWith( ""txz"", Qt::CaseInsensitive ) ) {

        return Archive::Tar;
    }

    return mimeArchiveType;
}

std::shared_ptr<KArchive> makeExtractor( Archive archiveType, const QString& archiveFilePath )
",""
"Function:src/ui/src/decompressor.cpp:makeExtractor","makeExtractor","src/ui/src/decompressor.cpp",121,133,false,"}

std::shared_ptr<KArchive> makeExtractor( Archive archiveType, const QString& archiveFilePath )
{
    switch ( archiveType ) {
    case Archive::Zip:
        return std::make_shared<KZip>( archiveFilePath );
    case Archive::Zip7:
        return std::make_shared<K7Zip>( archiveFilePath );
    case Archive::Tar:
        return std::make_shared<KTar>( archiveFilePath );
    default:
        return {};
    }
}

std::shared_ptr<KCompressionDevice> makeDecompressor( Archive archiveType,
",""
"Function:src/ui/src/decompressor.cpp:makeDecompressor","makeDecompressor","src/ui/src/decompressor.cpp",135,160,false,"}

std::shared_ptr<KCompressionDevice> makeDecompressor( Archive archiveType,
                                                      const QString& archiveFilePath )
{
    KCompressionDevice::CompressionType compression = KCompressionDevice::None;

    switch ( archiveType ) {
    case Archive::Gz:
        compression = KCompressionDevice::GZip;
        break;
    case Archive::Bz2:
        compression = KCompressionDevice::BZip2;
        break;
    case Archive::Xz:
        compression = KCompressionDevice::Xz;
        break;
    default:
        compression = KCompressionDevice::None;
    }

    if ( compression != KCompressionDevice::None ) {
        return std::make_shared<KCompressionDevice>( archiveFilePath, compression );
    }
    else {
        return {};
    }
}

bool doExtract( std::shared_ptr<KArchive> archive, const QString& archiveFilePath,
",""
"Function:src/ui/src/decompressor.cpp:doExtract","doExtract","src/ui/src/decompressor.cpp",162,197,false,"}

bool doExtract( std::shared_ptr<KArchive> archive, const QString& archiveFilePath,
                const QString& destination, AtomicFlag& interrupt )
{
    if ( !archive->open( QIODevice::ReadOnly ) ) {
        LOG_WARNING << ""Cannot open "" << archiveFilePath;
        return false;
    }

    const KArchiveDirectory* root = archive->directory();

    if ( !root ) {
        LOG_WARNING << ""Cannot open root directory"" << archiveFilePath;
        archive->close();
        return false;
    }

    auto result = false;
    try {
        const auto recursive = true;
#ifdef KLOGG_KARCHIVE
        result = root->copyTo( destination, interrupt, recursive );
#else
        result = root->copyTo( destination, recursive );
#endif
    } catch ( const std::exception& e ) {
        LOG_ERROR << ""Exception during extract: "" << e.what();
    }

    if ( interrupt ) {
        result = false;
        LOG_INFO << ""Interrupted extract of "" << archiveFilePath;
    }

    archive->close();
    return result;
}

bool doDecompress( std::shared_ptr<KCompressionDevice> input, const QString& archiveFilePath,
",""
"Function:src/ui/src/decompressor.cpp:doDecompress","doDecompress","src/ui/src/decompressor.cpp",199,234,false,"}

bool doDecompress( std::shared_ptr<KCompressionDevice> input, const QString& archiveFilePath,
                   QFile* outputFile, AtomicFlag& interrupt )
{
    if ( !input->open( QIODevice::ReadOnly ) ) {
        LOG_WARNING << ""Cannot open "" << archiveFilePath;
        return false;
    }

    bool success = true;
    try {
        while ( !input->atEnd() ) {
            if ( interrupt ) {
                success = false;
                LOG_INFO << ""Interrupted decompress of "" << archiveFilePath;
                break;
            }

            QByteArray data = input->read( 4 * 1024 * 1024 );
            if ( data.size() > 0 ) {
                const auto writtenBytes = outputFile->write( data );
                if ( writtenBytes < 0 ) {
                    LOG_ERROR << ""Error decompressing "" << archiveFilePath;
                    success = false;
                    break;
                }
            }
        }
    } catch ( const std::exception& e ) {
        LOG_ERROR << ""Exception during decompress: "" << e.what();
    }

    input->close();
    outputFile->close();

    return success;
}

} // namespace
",""
"Function:src/ui/src/decompressor.cpp:finished","finished","src/ui/src/decompressor.cpp",244,244,true,"        const auto result = future_.isValid() ? watcher_.result() : false;
        LOG_INFO << ""Decompressor finished "" << result;
        Q_EMIT finished( result );
    } );
}
",""
"Function:src/ui/src/crawlerwidget.cpp:matchCaseBlocker","matchCaseBlocker","src/ui/src/crawlerwidget.cpp",649,649,true,"            // immediate expensive searches before the UI is fully restored.
            const QSignalBlocker searchLineBlocker( searchLineEdit_->lineEdit() );
            const QSignalBlocker matchCaseBlocker( matchCaseButton_ );
            const QSignalBlocker regexBlocker( useRegexpButton_ );
            const QSignalBlocker inverseBlocker( inverseButton_ );
",""
"Function:src/ui/src/crawlerwidget.cpp:regexBlocker","regexBlocker","src/ui/src/crawlerwidget.cpp",650,650,true,"            const QSignalBlocker searchLineBlocker( searchLineEdit_->lineEdit() );
            const QSignalBlocker matchCaseBlocker( matchCaseButton_ );
            const QSignalBlocker regexBlocker( useRegexpButton_ );
            const QSignalBlocker inverseBlocker( inverseButton_ );
            const QSignalBlocker booleanBlocker( booleanButton_ );
",""
"Function:src/ui/src/crawlerwidget.cpp:inverseBlocker","inverseBlocker","src/ui/src/crawlerwidget.cpp",651,651,true,"            const QSignalBlocker matchCaseBlocker( matchCaseButton_ );
            const QSignalBlocker regexBlocker( useRegexpButton_ );
            const QSignalBlocker inverseBlocker( inverseButton_ );
            const QSignalBlocker booleanBlocker( booleanButton_ );
            const QSignalBlocker refreshBlocker( searchRefreshButton_ );
",""
"Function:src/ui/src/crawlerwidget.cpp:booleanBlocker","booleanBlocker","src/ui/src/crawlerwidget.cpp",652,652,true,"            const QSignalBlocker regexBlocker( useRegexpButton_ );
            const QSignalBlocker inverseBlocker( inverseButton_ );
            const QSignalBlocker booleanBlocker( booleanButton_ );
            const QSignalBlocker refreshBlocker( searchRefreshButton_ );

",""
"Function:src/ui/src/crawlerwidget.cpp:refreshBlocker","refreshBlocker","src/ui/src/crawlerwidget.cpp",653,653,true,"            const QSignalBlocker inverseBlocker( inverseButton_ );
            const QSignalBlocker booleanBlocker( booleanButton_ );
            const QSignalBlocker refreshBlocker( searchRefreshButton_ );

            searchLineEdit_->setEditText( context.searchPattern() );
",""
"Function:src/ui/src/crawlerwidget.cpp:saveCurrentSearchAsPredefinedFilter","saveCurrentSearchAsPredefinedFilter","src/ui/src/crawlerwidget.cpp",809,809,true,"    const auto currentText = searchLineEdit_->currentText();

    Q_EMIT saveCurrentSearchAsPredefinedFilter( currentText );
}

",""
"Function:src/ui/src/crawlerwidget.cpp:newSelection","newSelection","src/ui/src/crawlerwidget.cpp",913,913,true,"    currentLineNumber_ = line;
    currentColumnNumber_ = startCol;
    Q_EMIT newSelection( line, nLines, startCol, nSymbols );
}

",""
"Function:src/ui/src/crawlerwidget.cpp:loadingFinished","loadingFinished","src/ui/src/crawlerwidget.cpp",1097,1097,true,"
    loadingInProgress_ = false;
    Q_EMIT loadingFinished( status );
}

",""
"Function:src/ui/src/crawlerwidget.cpp:filteredViewChanged","filteredViewChanged","src/ui/src/crawlerwidget.cpp",1731,1731,true,"        logFilteredData_ = filteredViewsData_.at( tabFilteredView );

        Q_EMIT filteredViewChanged();

        logMainView_->useNewFiltering( logFilteredData_.get() );
",""
"Function:src/ui/src/crawlerwidget.cpp:dataStatusChanged","dataStatusChanged","src/ui/src/crawlerwidget.cpp",2195,2195,true,"                 && status == DataStatus::NEW_DATA ) ) ) {
        dataStatus_ = status;
        Q_EMIT dataStatusChanged( dataStatus_ );
    }
}
",""
"Function:src/ui/src/comportutils.cpp:resolveComCaptureBaseDir","resolveComCaptureBaseDir","src/ui/src/comportutils.cpp",10,31,false,"
namespace {
QString resolveComCaptureBaseDir( const QString& preferredPath )
{
    if ( !preferredPath.trimmed().isEmpty() ) {
        const QFileInfo preferredInfo{ preferredPath };
        if ( preferredInfo.exists() && preferredInfo.isDir() ) {
            return preferredInfo.absoluteFilePath();
        }
        if ( !preferredInfo.absolutePath().isEmpty() ) {
            return preferredInfo.absolutePath();
        }
    }

    const QFileInfo defaultPath{ Configuration::get().defaultComLogPath() };
    if ( defaultPath.exists() && defaultPath.isDir() ) {
        return defaultPath.absoluteFilePath();
    }
    if ( !defaultPath.absolutePath().isEmpty() ) {
        return defaultPath.absolutePath();
    }

    return defaultComLogDirectory();
}

QString buildComCaptureFileName( const SerialCaptureSettings& settings,",""
"Function:src/ui/src/comportutils.cpp:buildComCaptureFileName","buildComCaptureFileName","src/ui/src/comportutils.cpp",33,46,false,"}

QString buildComCaptureFileName( const SerialCaptureSettings& settings,
                                 const QDateTime& timestamp,
                                 int suffix = 0 )
{
    const auto portName
        = settings.portName.isEmpty() ? QStringLiteral( ""port"" ) : settings.portName.toLower();
    const auto baudRate = QString::number( settings.baudRate );
    const auto timestampText = timestamp.toString( QStringLiteral( ""yyyy-MM-dd_HH-mm-ss"" ) );
    auto stem = QString( ""%1_%2_%3"" ).arg( portName, baudRate, timestampText );
    if ( suffix > 1 ) {
        stem.append( QStringLiteral( ""_%1"" ).arg( suffix ) );
    }
    return stem.append( QStringLiteral( "".log"" ) );
}
} // namespace

",""
"Function:src/ui/src/comportutils.cpp:defaultComLogDirectory","defaultComLogDirectory","src/ui/src/comportutils.cpp",49,63,true,"} // namespace

QString defaultComLogDirectory()
{
    auto docs = QStandardPaths::writableLocation( QStandardPaths::DocumentsLocation );
    if ( docs.isEmpty() ) {
        docs = QDir::homePath();
    }

    const QString initialDir = QDir( docs ).filePath( QStringLiteral( ""kloggs"" ) );
    QDir initDir( initialDir );
    if ( !initDir.exists() ) {
        initDir.mkpath( ""."" );
    }

    return initialDir;
}

SerialCaptureSettings defaultSerialCaptureSettings()
",""
"Function:src/ui/src/comportutils.cpp:initDir","initDir","src/ui/src/comportutils.cpp",57,57,true,"
    const QString initialDir = QDir( docs ).filePath( QStringLiteral( ""kloggs"" ) );
    QDir initDir( initialDir );
    if ( !initDir.exists() ) {
        initDir.mkpath( ""."" );
",""
"Function:src/ui/src/comportutils.cpp:defaultSerialCaptureSettings","defaultSerialCaptureSettings","src/ui/src/comportutils.cpp",65,80,true,"}

SerialCaptureSettings defaultSerialCaptureSettings()
{
    const auto& config = Configuration::get();

    SerialCaptureSettings settings;
    settings.baudRate = config.defaultComBaudRate();
    settings.dataBits = config.defaultComDataBits();
    settings.parity = config.defaultComParity();
    settings.stopBits = config.defaultComStopBits();
    settings.flowControl = config.defaultComFlowControl();
    settings.filePath = config.defaultComLogPath();
    settings.addTimestamps = config.defaultComTimestampEnabled();
    settings.timestampFormat = config.defaultComTimestampFormat();
    settings.logTransmits = config.defaultComLogTransmits();
    return settings;
}

QString suggestedComCapturePath( const SerialCaptureSettings& settings )",""
"Function:src/ui/src/comportutils.cpp:suggestedComCapturePath","suggestedComCapturePath","src/ui/src/comportutils.cpp",82,93,true,"}

QString suggestedComCapturePath( const SerialCaptureSettings& settings )
{
    auto baseDir = resolveComCaptureBaseDir( settings.filePath );
    QDir dir( baseDir );
    if ( !dir.exists() && !dir.mkpath( ""."" ) ) {
        dir.setPath( defaultComLogDirectory() );
        dir.mkpath( ""."" );
    }

    const auto fileName = buildComCaptureFileName( settings, QDateTime::currentDateTime() );
    return dir.filePath( fileName );
}

QString suggestedNextComCapturePath( const SerialCaptureSettings& settings,",""
"Function:src/ui/src/comportutils.cpp:dir","dir","src/ui/src/comportutils.cpp",85,85,true,"{
    auto baseDir = resolveComCaptureBaseDir( settings.filePath );
    QDir dir( baseDir );
    if ( !dir.exists() && !dir.mkpath( ""."" ) ) {
        dir.setPath( defaultComLogDirectory() );
",""
"Function:src/ui/src/comportutils.cpp:suggestedNextComCapturePath","suggestedNextComCapturePath","src/ui/src/comportutils.cpp",95,114,true,"}

QString suggestedNextComCapturePath( const SerialCaptureSettings& settings,
                                     const QDateTime& timestamp )
{
    auto baseDir = resolveComCaptureBaseDir( settings.filePath );
    QDir dir( baseDir );
    if ( !dir.exists() && !dir.mkpath( ""."" ) ) {
        dir.setPath( defaultComLogDirectory() );
        dir.mkpath( ""."" );
    }

    const QFileInfo currentInfo{ settings.filePath };
    const auto currentPath = currentInfo.absoluteFilePath();
    for ( int suffix = 0;; suffix = suffix == 0 ? 2 : suffix + 1 ) {
        const auto candidate = dir.absoluteFilePath(
            buildComCaptureFileName( settings, timestamp, suffix ) );
        if ( QFileInfo( candidate ).absoluteFilePath() != currentPath && !QFileInfo::exists( candidate ) ) {
            return candidate;
        }
    }
}

SerialCaptureSettings resolveCommanderComSettings( const CommanderComSettings& overrides )
",""
"Function:src/ui/src/comportutils.cpp:resolveCommanderComSettings","resolveCommanderComSettings","src/ui/src/comportutils.cpp",116,166,true,"}

SerialCaptureSettings resolveCommanderComSettings( const CommanderComSettings& overrides )
{
    auto settings = defaultSerialCaptureSettings();
    settings.portName = overrides.portName.trimmed();

    const bool filePathProvided = overrides.filePath.has_value();
    if ( overrides.filePath ) {
        settings.filePath = overrides.filePath->trimmed();
    }
    if ( overrides.baudRate ) {
        settings.baudRate = *overrides.baudRate;
    }
    if ( overrides.dataBits ) {
        settings.dataBits = *overrides.dataBits;
    }
    if ( overrides.parity ) {
        settings.parity = *overrides.parity;
    }
    if ( overrides.stopBits ) {
        settings.stopBits = *overrides.stopBits;
    }
    if ( overrides.flowControl ) {
        settings.flowControl = *overrides.flowControl;
    }
    if ( overrides.addTimestamps ) {
        settings.addTimestamps = *overrides.addTimestamps;
    }
    if ( overrides.timestampFormat ) {
        settings.timestampFormat = overrides.timestampFormat->trimmed();
    }
    if ( overrides.logTransmits ) {
        settings.logTransmits = *overrides.logTransmits;
    }
    if ( overrides.useForActions ) {
        settings.useForActions = *overrides.useForActions;
    }

    const QFileInfo configuredInfo{ settings.filePath };
    if ( !filePathProvided ) {
        settings.filePath = suggestedComCapturePath( settings );
    }
    else if ( settings.filePath.trimmed().isEmpty()
              || ( configuredInfo.exists() && configuredInfo.isDir() ) ) {
        settings.filePath = suggestedComCapturePath( settings );
    }
    else {
        settings.filePath = configuredInfo.absoluteFilePath();
    }

    return settings;
}

bool ensureComCaptureFileWritable( const QString& path, QString* errorMessage )
",""
"Function:src/ui/src/comportutils.cpp:ensureComCaptureFileWritable","ensureComCaptureFileWritable","src/ui/src/comportutils.cpp",168,179,true,"}

bool ensureComCaptureFileWritable( const QString& path, QString* errorMessage )
{
    QFile file( path );
    if ( !file.open( QIODevice::WriteOnly | QIODevice::Append ) ) {
        if ( errorMessage != nullptr ) {
            *errorMessage = file.errorString();
        }
        return false;
    }
    file.close();
    return true;
}

void populateSerialControls( QComboBox* baudCombo,
",""
"Function:src/ui/src/comportutils.cpp:file","file","src/ui/src/comportutils.cpp",170,170,true,"bool ensureComCaptureFileWritable( const QString& path, QString* errorMessage )
{
    QFile file( path );
    if ( !file.open( QIODevice::WriteOnly | QIODevice::Append ) ) {
        if ( errorMessage != nullptr ) {
",""
"Function:src/ui/src/comportutils.cpp:populateSerialControls","populateSerialControls","src/ui/src/comportutils.cpp",181,235,true,"}

void populateSerialControls( QComboBox* baudCombo,
                             QComboBox* dataBitsCombo,
                             QComboBox* parityCombo,
                             QComboBox* stopBitsCombo,
                             QComboBox* flowCombo )
{
    if ( baudCombo ) {
        const QList<int> rates = { 300,   600,   1200,  1800,  2400,  4800,  7200,   9600,
                                   14400, 19200, 38400, 57600, 115200, 230400, 460800, 921600 };
        baudCombo->clear();
        for ( const auto rate : rates ) {
            baudCombo->addItem( QString::number( rate ),
                                static_cast<int>( static_cast<QSerialPort::BaudRate>( rate ) ) );
        }
        const auto defaultRateIndex = baudCombo->findData( static_cast<int>( QSerialPort::Baud115200 ) );
        if ( defaultRateIndex >= 0 ) {
            baudCombo->setCurrentIndex( defaultRateIndex );
        }
    }

    if ( dataBitsCombo ) {
        dataBitsCombo->clear();
        dataBitsCombo->addItem( QObject::tr( ""5"" ), static_cast<int>( QSerialPort::Data5 ) );
        dataBitsCombo->addItem( QObject::tr( ""6"" ), static_cast<int>( QSerialPort::Data6 ) );
        dataBitsCombo->addItem( QObject::tr( ""7"" ), static_cast<int>( QSerialPort::Data7 ) );
        dataBitsCombo->addItem( QObject::tr( ""8"" ), static_cast<int>( QSerialPort::Data8 ) );
        dataBitsCombo->setCurrentIndex( dataBitsCombo->findData( static_cast<int>( QSerialPort::Data8 ) ) );
    }

    if ( parityCombo ) {
        parityCombo->clear();
        parityCombo->addItem( QObject::tr( ""None"" ), static_cast<int>( QSerialPort::NoParity ) );
        parityCombo->addItem( QObject::tr( ""Even"" ), static_cast<int>( QSerialPort::EvenParity ) );
        parityCombo->addItem( QObject::tr( ""Odd"" ), static_cast<int>( QSerialPort::OddParity ) );
        parityCombo->addItem( QObject::tr( ""Mark"" ), static_cast<int>( QSerialPort::MarkParity ) );
        parityCombo->addItem( QObject::tr( ""Space"" ), static_cast<int>( QSerialPort::SpaceParity ) );
        parityCombo->setCurrentIndex( parityCombo->findData( static_cast<int>( QSerialPort::NoParity ) ) );
    }

    if ( stopBitsCombo ) {
        stopBitsCombo->clear();
        stopBitsCombo->addItem( QObject::tr( ""1"" ), static_cast<int>( QSerialPort::OneStop ) );
        stopBitsCombo->addItem( QObject::tr( ""1.5"" ), static_cast<int>( QSerialPort::OneAndHalfStop ) );
        stopBitsCombo->addItem( QObject::tr( ""2"" ), static_cast<int>( QSerialPort::TwoStop ) );
        stopBitsCombo->setCurrentIndex( stopBitsCombo->findData( static_cast<int>( QSerialPort::OneStop ) ) );
    }

    if ( flowCombo ) {
        flowCombo->clear();
        flowCombo->addItem( QObject::tr( ""None"" ), static_cast<int>( QSerialPort::NoFlowControl ) );
        flowCombo->addItem( QObject::tr( ""RTS/CTS"" ), static_cast<int>( QSerialPort::HardwareControl ) );
        flowCombo->addItem( QObject::tr( ""XON/XOFF"" ), static_cast<int>( QSerialPort::SoftwareControl ) );
        flowCombo->setCurrentIndex( flowCombo->findData( static_cast<int>( QSerialPort::NoFlowControl ) ) );
    }
}

",""
"Function:src/ui/src/commander.cpp:insertOptionalEnum","insertOptionalEnum","src/ui/src/commander.cpp",13,18,false,"namespace {
template <typename Enum>
void insertOptionalEnum( QVariantMap& map, const QString& key, const std::optional<Enum>& value )
{
    if ( value ) {
        map.insert( key, static_cast<int>( *value ) );
    }
}

template <typename Enum>
",""
"Function:src/ui/src/commander.cpp:optionalEnumFromMap","optionalEnumFromMap","src/ui/src/commander.cpp",21,35,false,"
template <typename Enum>
std::optional<Enum> optionalEnumFromMap( const QVariantMap& map, const QString& key )
{
    const auto it = map.find( key );
    if ( it == map.end() ) {
        return std::nullopt;
    }

    bool ok = false;
    const auto rawValue = it->toInt( &ok );
    if ( !ok ) {
        return std::nullopt;
    }

    return static_cast<Enum>( rawValue );
}

void setError( QString* errorMessage, const QString& message )
",""
"Function:src/ui/src/commander.cpp:setError","setError","src/ui/src/commander.cpp",37,42,false,"}

void setError( QString* errorMessage, const QString& message )
{
    if ( errorMessage != nullptr ) {
        *errorMessage = message;
    }
}
} // namespace

",""
"Function:src/ui/src/commander.cpp:commanderActionToString","commanderActionToString","src/ui/src/commander.cpp",45,154,true,"} // namespace

QString commanderActionToString( CommanderAction action )
{
    switch ( action ) {
    case CommanderAction::OpenFile:
        return QStringLiteral( ""open_file"" );
    case CommanderAction::OpenUrl:
        return QStringLiteral( ""open_url"" );
    case CommanderAction::OpenCom:
        return QStringLiteral( ""open_com"" );
    case CommanderAction::CloseFile:
        return QStringLiteral( ""close_file"" );
    case CommanderAction::CloseUrl:
        return QStringLiteral( ""close_url"" );
    case CommanderAction::CloseCom:
        return QStringLiteral( ""close_com"" );
    case CommanderAction::CloseKlogg:
        return QStringLiteral( ""close_cilogg"" );
    case CommanderAction::CloseAll:
        return QStringLiteral( ""close_all"" );
    case CommanderAction::GetInfo:
        return QStringLiteral( ""get_info"" );
    case CommanderAction::GetFilters:
        return QStringLiteral( ""get_filters"" );
    case CommanderAction::GetActions:
        return QStringLiteral( ""get_actions"" );
    case CommanderAction::GetResponses:
        return QStringLiteral( ""get_responses"" );
    case CommanderAction::CreateAction:
        return QStringLiteral( ""create_action"" );
    case CommanderAction::UpdateAction:
        return QStringLiteral( ""update_action"" );
    case CommanderAction::DeleteAction:
        return QStringLiteral( ""delete_action"" );
    case CommanderAction::CreateResponse:
        return QStringLiteral( ""create_response"" );
    case CommanderAction::UpdateResponse:
        return QStringLiteral( ""update_response"" );
    case CommanderAction::DeleteResponse:
        return QStringLiteral( ""delete_response"" );
    case CommanderAction::SendAction:
        return QStringLiteral( ""send_action"" );
    case CommanderAction::WaitResponse:
        return QStringLiteral( ""wait_response"" );
    case CommanderAction::StartComm:
        return QStringLiteral( ""start_comm"" );
    case CommanderAction::StopComm:
        return QStringLiteral( ""stop_comm"" );
    case CommanderAction::GetCommStatus:
        return QStringLiteral( ""get_comm_status"" );
    case CommanderAction::StartLogging:
        return QStringLiteral( ""start_logging"" );
    case CommanderAction::StopLogging:
        return QStringLiteral( ""stop_logging"" );
    case CommanderAction::AddComment:
        return QStringLiteral( ""add_comment"" );
    case CommanderAction::GetResponseCounter:
        return QStringLiteral( ""get_response_counter"" );
    case CommanderAction::ResetResponseCounter:
        return QStringLiteral( ""reset_response_counter"" );
    case CommanderAction::ClearComm:
        return QStringLiteral( ""clear_comm"" );
      case CommanderAction::RunScript:
          return QStringLiteral( ""run_script"" );
      case CommanderAction::RunGlobalScript:
          return QStringLiteral( ""run_global_script"" );
      case CommanderAction::RunScenario:
          return QStringLiteral( ""run_scenario"" );
      case CommanderAction::RunSuite:
          return QStringLiteral( ""run_suite"" );
      case CommanderAction::StopScript:
          return QStringLiteral( ""stop_script"" );
      case CommanderAction::StopGlobalScript:
          return QStringLiteral( ""stop_global_script"" );
      case CommanderAction::StopScenarioRun:
          return QStringLiteral( ""stop_scenario_run"" );
      case CommanderAction::GetScriptStatus:
          return QStringLiteral( ""get_script_status"" );
      case CommanderAction::GetGlobalScriptStatus:
          return QStringLiteral( ""get_global_script_status"" );
      case CommanderAction::GetScenarioStatus:
          return QStringLiteral( ""get_scenario_status"" );
      case CommanderAction::GetScriptSubscriptions:
          return QStringLiteral( ""get_script_subscriptions"" );
      case CommanderAction::GetGlobalScriptSubscriptions:
          return QStringLiteral( ""get_global_script_subscriptions"" );
      case CommanderAction::ClearScriptSubscriptions:
          return QStringLiteral( ""clear_script_subscriptions"" );
      case CommanderAction::ClearGlobalScriptSubscriptions:
          return QStringLiteral( ""clear_global_script_subscriptions"" );
      case CommanderAction::GetScenarioReport:
          return QStringLiteral( ""get_scenario_report"" );
      case CommanderAction::FocusTab:
          return QStringLiteral( ""focus_tab"" );
    case CommanderAction::SetFilter:
        return QStringLiteral( ""set_filter"" );
    case CommanderAction::CloseTab:
        return QStringLiteral( ""close_tab"" );
    case CommanderAction::Search:
        return QStringLiteral( ""search"" );
    case CommanderAction::SetFollowMode:
        return QStringLiteral( ""set_follow_mode"" );
    case CommanderAction::InvokeAction:
        return QStringLiteral( ""invoke_action"" );
    case CommanderAction::DumpState:
        return QStringLiteral( ""dump_state"" );
    case CommanderAction::None:
    default:
        return {};
    
... [truncated]",""
"Function:src/ui/src/commander.cpp:commanderActionFromString","commanderActionFromString","src/ui/src/commander.cpp",156,315,true,"}

std::optional<CommanderAction> commanderActionFromString( const QString& action )
{
    const auto normalized = action.trimmed().toLower();
    if ( normalized == QStringLiteral( ""open_file"" ) ) {
        return CommanderAction::OpenFile;
    }
    if ( normalized == QStringLiteral( ""open_url"" ) ) {
        return CommanderAction::OpenUrl;
    }
    if ( normalized == QStringLiteral( ""open_com"" ) ) {
        return CommanderAction::OpenCom;
    }
    if ( normalized == QStringLiteral( ""close_file"" ) ) {
        return CommanderAction::CloseFile;
    }
    if ( normalized == QStringLiteral( ""close_url"" ) ) {
        return CommanderAction::CloseUrl;
    }
    if ( normalized == QStringLiteral( ""close_com"" ) ) {
        return CommanderAction::CloseCom;
    }
    if ( normalized == QStringLiteral( ""close_cilogg"" )
         || normalized == QStringLiteral( ""close_klogg"" ) ) {
        return CommanderAction::CloseKlogg;
    }
    if ( normalized == QStringLiteral( ""close_all"" ) ) {
        return CommanderAction::CloseAll;
    }
    if ( normalized == QStringLiteral( ""get_info"" ) ) {
        return CommanderAction::GetInfo;
    }
    if ( normalized == QStringLiteral( ""get_filters"" ) ) {
        return CommanderAction::GetFilters;
    }
    if ( normalized == QStringLiteral( ""get_actions"" ) ) {
        return CommanderAction::GetActions;
    }
    if ( normalized == QStringLiteral( ""get_responses"" ) ) {
        return CommanderAction::GetResponses;
    }
    if ( normalized == QStringLiteral( ""create_action"" ) ) {
        return CommanderAction::CreateAction;
    }
    if ( normalized == QStringLiteral( ""update_action"" ) ) {
        return CommanderAction::UpdateAction;
    }
    if ( normalized == QStringLiteral( ""delete_action"" ) ) {
        return CommanderAction::DeleteAction;
    }
    if ( normalized == QStringLiteral( ""create_response"" ) ) {
        return CommanderAction::CreateResponse;
    }
    if ( normalized == QStringLiteral( ""update_response"" ) ) {
        return CommanderAction::UpdateResponse;
    }
    if ( normalized == QStringLiteral( ""delete_response"" ) ) {
        return CommanderAction::DeleteResponse;
    }
    if ( normalized == QStringLiteral( ""send_action"" ) ) {
        return CommanderAction::SendAction;
    }
    if ( normalized == QStringLiteral( ""wait_response"" ) ) {
        return CommanderAction::WaitResponse;
    }
    if ( normalized == QStringLiteral( ""start_comm"" ) ) {
        return CommanderAction::StartComm;
    }
    if ( normalized == QStringLiteral( ""stop_comm"" ) ) {
        return CommanderAction::StopComm;
    }
    if ( normalized == QStringLiteral( ""get_comm_status"" ) ) {
        return CommanderAction::GetCommStatus;
    }
    if ( normalized == QStringLiteral( ""start_logging"" ) ) {
        return CommanderAction::StartLogging;
    }
    if ( normalized == QStringLiteral( ""stop_logging"" ) ) {
        return CommanderAction::StopLogging;
    }
    if ( normalized == QStringLiteral( ""add_comment"" ) ) {
        return CommanderAction::AddComment;
    }
    if ( normalized == QStringLiteral( ""get_response_counter"" ) ) {
        return CommanderAction::GetResponseCounter;
    }
    if ( normalized == QStringLiteral( ""reset_response_counter"" ) ) {
        return CommanderAction::ResetResponseCounter;
    }
    if ( normalized == QStringLiteral( ""clear_comm"" ) ) {
        return CommanderAction::ClearComm;
    }
    if ( normalized == QStringLiteral( ""run_script"" ) ) {
        return CommanderAction::RunScript;
    }
      if ( normalized == QStringLiteral( ""run_global_script"" ) ) {
          return CommanderAction::RunGlobalScript;
      }
      if ( normalized == QStringLiteral( ""run_scenario"" ) ) {
          return CommanderAction::RunScenario;
      }
      if ( normalized == QStringLiteral( ""run_suite"" ) ) {
          return CommanderAction::RunSuite;
      }
      if ( normalized == QStringLiteral( ""stop_script"" ) ) {
          return CommanderAction::StopScript;
      }
      if ( normalized == QStringLiteral( ""stop_global_script"" ) ) {
          return CommanderAction::StopGlobalScript;
      }
      if ( normalized == QStringLiteral( ""stop_scenario_run"" ) ) {
          return CommanderAction::StopScenarioRun;
      }
      if ( normalized == QStringLiteral( ""get_script_status"" ) ) {
          return CommanderAction::GetScriptStatus;
      }
      if ( normalized == QStringLiteral( ""get_global_script_status"" ) ) {
          return CommanderAction::GetGlobalScriptStatus;
      }
      if ( normalized == QStringLiteral( ""get_scenario_status"" ) ) {
          return CommanderAction::GetScenarioStatus;
      }
      if ( normalized == QStringLiteral( ""get_script_subscriptions"" ) ) {
          return CommanderAction::GetScriptSubscriptions;
      }
    if ( normalized == QStringLiteral( ""get_global_script_subscriptions"" ) ) {
        return 
... [truncated]",""
"Function:src/ui/src/commander.cpp:commanderResultCodeToString","commanderResultCodeToString","src/ui/src/commander.cpp",317,333,true,"}

QString commanderResultCodeToString( CommanderResultCode code )
{
    switch ( code ) {
    case CommanderResultCode::Success:
        return QStringLiteral( ""success"" );
    case CommanderResultCode::InvalidRequest:
        return QStringLiteral( ""invalid_request"" );
    case CommanderResultCode::NotFound:
        return QStringLiteral( ""not_found"" );
    case CommanderResultCode::ExecutionFailed:
        return QStringLiteral( ""execution_failed"" );
    case CommanderResultCode::TransportError:
        return QStringLiteral( ""transport_error"" );
    default:
        return QStringLiteral( ""execution_failed"" );
    }
}

QString normalizeCommanderFilePath( const QString& path )
",""
"Function:src/ui/src/commander.cpp:normalizeCommanderFilePath","normalizeCommanderFilePath","src/ui/src/commander.cpp",335,343,true,"}

QString normalizeCommanderFilePath( const QString& path )
{
    const auto trimmed = path.trimmed();
    if ( trimmed.isEmpty() ) {
        return {};
    }

    return QFileInfo{ trimmed }.absoluteFilePath();
}

QString normalizeCommanderUrl( const QString& urlString )
",""
"Function:src/ui/src/commander.cpp:normalizeCommanderUrl","normalizeCommanderUrl","src/ui/src/commander.cpp",345,359,true,"}

QString normalizeCommanderUrl( const QString& urlString )
{
    const auto trimmed = urlString.trimmed();
    if ( trimmed.isEmpty() ) {
        return {};
    }

    auto url = QUrl::fromUserInput( trimmed );
    if ( !url.isValid() || url.isEmpty() ) {
        return {};
    }

    url = url.adjusted( QUrl::NormalizePathSegments );
    return url.toString( QUrl::FullyEncoded );
}

bool isCommanderOpenAction( CommanderAction action )
",""
"Function:src/ui/src/commander.cpp:isCommanderOpenAction","isCommanderOpenAction","src/ui/src/commander.cpp",361,365,true,"}

bool isCommanderOpenAction( CommanderAction action )
{
    return action == CommanderAction::OpenFile || action == CommanderAction::OpenUrl
           || action == CommanderAction::OpenCom;
}

QVariantMap commanderRequestToVariantMap( const CommanderRequest& request )
",""
"Function:src/ui/src/commander.cpp:commanderRequestToVariantMap","commanderRequestToVariantMap","src/ui/src/commander.cpp",367,506,true,"}

QVariantMap commanderRequestToVariantMap( const CommanderRequest& request )
{
    QVariantMap map;
    map.insert( QStringLiteral( ""action"" ), commanderActionToString( request.action ) );

    if ( !request.filePath.isEmpty() ) {
        map.insert( QStringLiteral( ""filePath"" ), request.filePath );
    }
    if ( !request.url.isEmpty() ) {
        map.insert( QStringLiteral( ""url"" ), request.url );
    }
    if ( !request.portName.isEmpty() ) {
        map.insert( QStringLiteral( ""portName"" ), request.portName );
    }
    if ( !request.tabId.isEmpty() ) {
        map.insert( QStringLiteral( ""tabId"" ), request.tabId );
    }
    if ( !request.filterId.isEmpty() ) {
        map.insert( QStringLiteral( ""filterId"" ), request.filterId );
    }
    if ( !request.filterString.isEmpty() ) {
        map.insert( QStringLiteral( ""filterString"" ), request.filterString );
    }
    if ( !request.searchText.isEmpty() ) {
        map.insert( QStringLiteral( ""searchText"" ), request.searchText );
    }
    if ( !request.objectName.isEmpty() ) {
        map.insert( QStringLiteral( ""objectName"" ), request.objectName );
    }
    if ( !request.entityName.isEmpty() ) {
        map.insert( QStringLiteral( ""entityName"" ), request.entityName );
    }
    if ( !request.commentText.isEmpty() ) {
        map.insert( QStringLiteral( ""commentText"" ), request.commentText );
    }
    if ( !request.scriptFilePath.isEmpty() ) {
        map.insert( QStringLiteral( ""scriptFilePath"" ), request.scriptFilePath );
    }
    if ( !request.argsJsonFilePath.isEmpty() ) {
        map.insert( QStringLiteral( ""argsJsonFilePath"" ), request.argsJsonFilePath );
    }
    if ( !request.scenarioFilePath.isEmpty() ) {
        map.insert( QStringLiteral( ""scenarioFilePath"" ), request.scenarioFilePath );
    }
    if ( !request.suiteFilePath.isEmpty() ) {
        map.insert( QStringLiteral( ""suiteFilePath"" ), request.suiteFilePath );
    }
    if ( request.windowIndex ) {
        map.insert( QStringLiteral( ""windowIndex"" ), *request.windowIndex );
    }
    if ( request.tabIndex ) {
        map.insert( QStringLiteral( ""tabIndex"" ), *request.tabIndex );
    }
    if ( request.filterIndex ) {
        map.insert( QStringLiteral( ""filterIndex"" ), *request.filterIndex );
    }
    if ( request.entityId ) {
        map.insert( QStringLiteral( ""entityId"" ), *request.entityId );
    }
    if ( request.timeoutMs ) {
        map.insert( QStringLiteral( ""timeoutMs"" ), *request.timeoutMs );
    }
    if ( request.allEntities ) {
        map.insert( QStringLiteral( ""allEntities"" ), true );
    }
    if ( request.timestampComment ) {
        map.insert( QStringLiteral( ""timestampComment"" ), true );
    }
    if ( request.followFile ) {
        map.insert( QStringLiteral( ""followFile"" ), true );
    }
    if ( request.predefinedFilters ) {
        map.insert( QStringLiteral( ""predefinedFilters"" ), true );
    }
    if ( request.prettyOutput ) {
        map.insert( QStringLiteral( ""prettyOutput"" ), true );
    }
    if ( request.runSearch ) {
        map.insert( QStringLiteral( ""runSearch"" ), true );
    }
    if ( request.rearmAutoRefresh ) {
        map.insert( QStringLiteral( ""rearmAutoRefresh"" ), true );
    }
    if ( request.enabled ) {
        map.insert( QStringLiteral( ""enabled"" ), *request.enabled );
    }
    if ( request.searchUseRegex ) {
        map.insert( QStringLiteral( ""searchUseRegex"" ), true );
    }
    if ( request.searchCaseSensitive ) {
        map.insert( QStringLiteral( ""searchCaseSensitive"" ), true );
    }
    if ( request.searchInverseMatch ) {
        map.insert( QStringLiteral( ""searchInverseMatch"" ), true );
    }
    if ( request.searchUseBoolean ) {
        map.insert( QStringLiteral( ""searchUseBoolean"" ), true );
    }
    if ( request.searchAutoRefresh ) {
        map.insert( QStringLiteral( ""searchAutoRefresh"" ), true );
    }
    if ( request.searchKeepResults ) {
        map.insert( QStringLiteral( ""searchKeepResults"" ), true );
    }

    QVariantMap comMap;
    if ( !request.comSettings.portName.isEmpty() ) {
        comMap.insert( QStringLiteral( ""portName"" ), request.comSettings.portName );
    }
    if ( request.comSettings.filePath ) {
        comMap.insert( QStringLiteral( ""filePath"" ), *request.comSettings.filePath );
    }
    if ( request.comSettings.baudRate ) {
        comMap.insert( QStringLiteral( ""baudRate"" ), *request.comSettings.baudRate );
    }
    insertOptionalEnum( comMap, QStringLiteral( ""dataBits"" ), request.comSettings.dataBits );
    insertOptionalEnum( comMap, QStringLiteral( ""parity"" ), request.comSettings.parity );
    insertOptionalEnum( comMap, QStringLiteral( ""stopBits"" ), request.comSettings.stopBits );
    insertOptionalEnum( comMap, QStringLiteral( ""flowControl"" ), request.comSettings.flowControl );
    if ( request.comSettings.addTimestamps ) {
        comMap.insert( QStringLi
... [truncated]",""
"Function:src/ui/src/commander.cpp:commanderRequestFromVariantMap","commanderRequestFromVariantMap","src/ui/src/commander.cpp",508,668,true,"}

std::optional<CommanderRequest> commanderRequestFromVariantMap( const QVariantMap& map,
                                                                QString* errorMessage )
{
    const auto action = commanderActionFromString( map.value( QStringLiteral( ""action"" ) ).toString() );
    if ( !action ) {
        setError( errorMessage, QStringLiteral( ""Invalid or missing commander action."" ) );
        return std::nullopt;
    }

    CommanderRequest request;
    request.action = *action;
    request.filePath = map.value( QStringLiteral( ""filePath"" ) ).toString();
    request.url = map.value( QStringLiteral( ""url"" ) ).toString();
    request.portName = map.value( QStringLiteral( ""portName"" ) ).toString();
    request.tabId = map.value( QStringLiteral( ""tabId"" ) ).toString();
    request.filterId = map.value( QStringLiteral( ""filterId"" ) ).toString();
    request.filterString = map.value( QStringLiteral( ""filterString"" ) ).toString();
    request.searchText = map.value( QStringLiteral( ""searchText"" ) ).toString();
    request.objectName = map.value( QStringLiteral( ""objectName"" ) ).toString();
    request.entityName = map.value( QStringLiteral( ""entityName"" ) ).toString();
    request.commentText = map.value( QStringLiteral( ""commentText"" ) ).toString();
    request.scriptFilePath = map.value( QStringLiteral( ""scriptFilePath"" ) ).toString();
    request.argsJsonFilePath = map.value( QStringLiteral( ""argsJsonFilePath"" ) ).toString();
    request.scenarioFilePath = map.value( QStringLiteral( ""scenarioFilePath"" ) ).toString();
    request.suiteFilePath = map.value( QStringLiteral( ""suiteFilePath"" ) ).toString();
    request.allEntities = map.value( QStringLiteral( ""allEntities"" ) ).toBool();
    request.timestampComment = map.value( QStringLiteral( ""timestampComment"" ) ).toBool();
    request.followFile = map.value( QStringLiteral( ""followFile"" ) ).toBool();
    request.predefinedFilters = map.value( QStringLiteral( ""predefinedFilters"" ) ).toBool();
    request.prettyOutput = map.value( QStringLiteral( ""prettyOutput"" ) ).toBool();
    request.runSearch = map.value( QStringLiteral( ""runSearch"" ) ).toBool();
    request.rearmAutoRefresh = map.value( QStringLiteral( ""rearmAutoRefresh"" ) ).toBool();
    request.searchUseRegex = map.value( QStringLiteral( ""searchUseRegex"" ) ).toBool();
    request.searchCaseSensitive = map.value( QStringLiteral( ""searchCaseSensitive"" ) ).toBool();
    request.searchInverseMatch = map.value( QStringLiteral( ""searchInverseMatch"" ) ).toBool();
    request.searchUseBoolean = map.value( QStringLiteral( ""searchUseBoolean"" ) ).toBool();
    request.searchAutoRefresh = map.value( QStringLiteral( ""searchAutoRefresh"" ) ).toBool();
    request.searchKeepResults = map.value( QStringLiteral( ""searchKeepResults"" ) ).toBool();

    const auto enabledIt = map.find( QStringLiteral( ""enabled"" ) );
    if ( enabledIt != map.end() ) {
        request.enabled = enabledIt->toBool();
    }

    const auto windowIndexIt = map.find( QStringLiteral( ""windowIndex"" ) );
    if ( windowIndexIt != map.end() ) {
        bool ok = false;
        const auto value = windowIndexIt->toInt( &ok );
        if ( !ok ) {
            setError( errorMessage, QStringLiteral( ""Invalid commander window index."" ) );
            return std::nullopt;
        }
        request.windowIndex = value;
    }

    const auto tabIndexIt = map.find( QStringLiteral( ""tabIndex"" ) );
    if ( tabIndexIt != map.end() ) {
        bool ok = false;
        const auto value = tabIndexIt->toInt( &ok );
        if ( !ok ) {
            setError( errorMessage, QStringLiteral( ""Invalid commander tab index."" ) );
            return std::nullopt;
        }
        request.tabIndex = value;
    }

    const auto filterIndexIt = map.find( QStringLiteral( ""filterIndex"" ) );
    if ( filterIndexIt != map.end() ) {
        bool ok = false;
        const auto value = filterIndexIt->toInt( &ok );
        if ( !ok ) {
            setError( errorMessage, QStringLiteral( ""Invalid commander filter index."" ) );
            return std::nullopt;
        }
        request.filterIndex = value;
    }

    const auto entityIdIt = map.find( QStringLiteral( ""entityId"" ) );
    if ( entityIdIt != map.end() ) {
        bool ok = false;
        const auto value = entityIdIt->toInt( &ok );
        if ( !ok ) {
            setError( errorMessage, QStringLiteral( ""Invalid commander entity id."" ) );
            return std::nullopt;
        }
        request.entityId = value;
    }

    const auto timeoutMsIt = map.find( QStringLiteral( ""timeoutMs"" ) );
    if ( timeoutMsIt != map.end() ) {
        bool ok = false;
        const auto value = timeoutMsIt->toInt( &ok );
        if ( !ok ) {
            setError( errorMessage, QStringLiteral( ""Invalid commander timeout."" ) );
            return std::nullopt;
        }
        request.timeoutMs = value;
    }

    const auto comSetti
... [truncated]",""
"Function:src/ui/src/commander.cpp:commanderResultToVariantMap","commanderResultToVariantMap","src/ui/src/commander.cpp",670,679,true,"}

QVariantMap commanderResultToVariantMap( const CommanderResult& result )
{
    QVariantMap map;
    map.insert( QStringLiteral( ""code"" ), commanderResultCodeToString( result.code ) );
    map.insert( QStringLiteral( ""message"" ), result.message );
    if ( !result.payload.isEmpty() ) {
        map.insert( QStringLiteral( ""payload"" ), result.payload );
    }
    return map;
}

std::optional<CommanderResult> commanderResultFromVariantMap( const QVariantMap& map,
",""
"Function:src/ui/src/commander.cpp:commanderResultFromVariantMap","commanderResultFromVariantMap","src/ui/src/commander.cpp",681,718,true,"}

std::optional<CommanderResult> commanderResultFromVariantMap( const QVariantMap& map,
                                                              QString* errorMessage )
{
    const auto codeString = map.value( QStringLiteral( ""code"" ) ).toString().trimmed().toLower();
    CommanderResultCode code = CommanderResultCode::ExecutionFailed;
    if ( codeString == QStringLiteral( ""success"" ) ) {
        code = CommanderResultCode::Success;
    }
    else if ( codeString == QStringLiteral( ""invalid_request"" ) ) {
        code = CommanderResultCode::InvalidRequest;
    }
    else if ( codeString == QStringLiteral( ""not_found"" ) ) {
        code = CommanderResultCode::NotFound;
    }
    else if ( codeString == QStringLiteral( ""execution_failed"" ) ) {
        code = CommanderResultCode::ExecutionFailed;
    }
    else if ( codeString == QStringLiteral( ""transport_error"" ) ) {
        code = CommanderResultCode::TransportError;
    }
    else {
        setError( errorMessage, QStringLiteral( ""Invalid commander result code."" ) );
        return std::nullopt;
    }

    CommanderResult result;
    result.code = code;
    result.message = map.value( QStringLiteral( ""message"" ) ).toString();
    const auto payloadIt = map.find( QStringLiteral( ""payload"" ) );
    if ( payloadIt != map.end() ) {
        if ( !payloadIt->canConvert<QVariantMap>() ) {
            setError( errorMessage, QStringLiteral( ""Invalid commander result payload."" ) );
            return std::nullopt;
        }
        result.payload = payloadIt->toMap();
    }
    return result;
}

bool writeCommanderResult( const QString& resultPath, const CommanderResult& result )
",""
"Function:src/ui/src/commander.cpp:writeCommanderResult","writeCommanderResult","src/ui/src/commander.cpp",720,736,true,"}

bool writeCommanderResult( const QString& resultPath, const CommanderResult& result )
{
    QSaveFile resultFile{ resultPath };
    if ( !resultFile.open( QIODevice::WriteOnly ) ) {
        return false;
    }

    const auto payload = QJsonDocument::fromVariant( commanderResultToVariantMap( result ) ).toJson(
        QJsonDocument::Compact );
    const auto written = resultFile.write( payload );
    if ( written != payload.size() ) {
        resultFile.cancelWriting();
        return false;
    }

    return resultFile.commit();
}

std::optional<CommanderResult> readCommanderResult( const QString& resultPath,
",""
"Function:src/ui/src/commander.cpp:readCommanderResult","readCommanderResult","src/ui/src/commander.cpp",738,758,true,"}

std::optional<CommanderResult> readCommanderResult( const QString& resultPath,
                                                    QString* errorMessage )
{
    QFile resultFile{ resultPath };
    if ( !resultFile.open( QIODevice::ReadOnly ) ) {
        setError( errorMessage, resultFile.errorString() );
        return std::nullopt;
    }

    const auto payload = resultFile.readAll();
    resultFile.close();

    QJsonParseError parseError;
    const auto document = QJsonDocument::fromJson( payload, &parseError );
    if ( parseError.error != QJsonParseError::NoError || !document.isObject() ) {
        setError( errorMessage, QStringLiteral( ""Invalid commander response payload."" ) );
        return std::nullopt;
    }

    return commanderResultFromVariantMap( document.toVariant().toMap(), errorMessage );
}

CommanderResult commanderSuccess( const QString& message, const QVariantMap& payload )
",""
"Function:src/ui/src/commander.cpp:commanderSuccess","commanderSuccess","src/ui/src/commander.cpp",760,763,true,"}

CommanderResult commanderSuccess( const QString& message, const QVariantMap& payload )
{
    return { CommanderResultCode::Success, message, payload };
}

CommanderResult commanderFailure( CommanderResultCode code, const QString& message )
",""
"Function:src/ui/src/commander.cpp:commanderFailure","commanderFailure","src/ui/src/commander.cpp",765,768,true,"}

CommanderResult commanderFailure( CommanderResultCode code, const QString& message )
{
    return { code, message, {} };
}
",""
"Function:src/ui/src/actionstablemodel.cpp:truncateText","truncateText","src/ui/src/actionstablemodel.cpp",5,11,false,"
namespace {
QString truncateText( const QString& text, int maxLength )
{
    if ( text.size() <= maxLength ) {
        return text;
    }
    return text.left( maxLength ) + ""..."";
}
} // namespace

",""
"Function:src/ui/src/actionsresponseswindow.cpp:looksLikeHex","looksLikeHex","src/ui/src/actionsresponseswindow.cpp",73,94,false,"enum class ResponseFilterType { Text, Hex, Regex };

bool looksLikeHex( const QString& text )
{
    auto trimmed = text.trimmed();
    if ( trimmed.startsWith( ""0x"", Qt::CaseInsensitive ) ) {
        trimmed = trimmed.mid( 2 );
    }
    if ( trimmed.isEmpty() ) {
        return false;
    }
    QString normalized;
    normalized.reserve( trimmed.size() );
    for ( const auto ch : trimmed ) {
        if ( ch.isSpace() || ch == '_' ) {
            continue;
        }
        if ( !ch.isDigit() && ( ch.toLower() < 'a' || ch.toLower() > 'f' ) ) {
            return false;
        }
        normalized.append( ch );
    }
    return normalized.size() >= 2 && ( normalized.size() % 2 ) == 0;
}

bool looksLikeRegex( const QString& text )
",""
"Function:src/ui/src/actionsresponseswindow.cpp:looksLikeRegex","looksLikeRegex","src/ui/src/actionsresponseswindow.cpp",96,103,false,"}

bool looksLikeRegex( const QString& text )
{
    if ( text.startsWith( ""re:"", Qt::CaseInsensitive ) ) {
        return true;
    }
    static const QRegularExpression regexMeta( R""([.^$|()?*+\[\]\\])"" );
    return regexMeta.match( text ).hasMatch();
}

class ResponsesFilterProxyModel : public QSortFilterProxyModel {
",""
"Function:src/ui/src/actionsresponseswindow.cpp:tableWidthHint","tableWidthHint","src/ui/src/actionsresponseswindow.cpp",201,217,false,"};

int tableWidthHint( QTableView* table )
{
    if ( !table || !table->model() ) {
        return 0;
    }
    int width = table->frameWidth() * 2;
    if ( table->verticalHeader()->isVisible() ) {
        width += table->verticalHeader()->width();
    }
    for ( int column = 0; column < table->model()->columnCount(); ++column ) {
        width += table->columnWidth( column );
    }
    if ( table->verticalScrollBar() ) {
        width += table->verticalScrollBar()->sizeHint().width();
    }
    return width;
}

void capColumnWidth( QTableView* table, int column, int maxWidth )
",""
"Function:src/ui/src/actionsresponseswindow.cpp:capColumnWidth","capColumnWidth","src/ui/src/actionsresponseswindow.cpp",219,230,false,"}

void capColumnWidth( QTableView* table, int column, int maxWidth )
{
    if ( !table || !table->model() ) {
        return;
    }
    if ( column < 0 || column >= table->model()->columnCount() ) {
        return;
    }
    if ( table->columnWidth( column ) > maxWidth ) {
        table->setColumnWidth( column, maxWidth );
    }
}

int clampToScreenWidth( const QWidget* widget, int width )
",""
"Function:src/ui/src/actionsresponseswindow.cpp:clampToScreenWidth","clampToScreenWidth","src/ui/src/actionsresponseswindow.cpp",232,243,false,"}

int clampToScreenWidth( const QWidget* widget, int width )
{
    const auto* screen = widget ? widget->screen() : nullptr;
    if ( !screen ) {
        return width;
    }
    const int maxWidth = static_cast<int>( screen->availableGeometry().width() * 0.7 );
    if ( maxWidth <= 0 ) {
        return width;
    }
    return qMin( width, maxWidth );
}

int tableHeightForRows( QTableView* table, int rows )
",""
"Function:src/ui/src/actionsresponseswindow.cpp:tableHeightForRows","tableHeightForRows","src/ui/src/actionsresponseswindow.cpp",245,257,false,"}

int tableHeightForRows( QTableView* table, int rows )
{
    if ( !table ) {
        return 0;
    }
    const int rowHeight = table->verticalHeader()->defaultSectionSize();
    int height = table->frameWidth() * 2 + table->horizontalHeader()->height();
    height += rowHeight * rows;
    if ( table->horizontalScrollBar() ) {
        height += table->horizontalScrollBar()->sizeHint().height();
    }
    return height;
}

class ActionSendDelegate : public QStyledItemDelegate {
",""
"Function:src/ui/src/actionsresponseswindow.cpp:sendActionRequested","sendActionRequested","src/ui/src/actionsresponseswindow.cpp",400,400,true,"            const auto actionId = sourceIndex.data( ActionsTableModel::ActionIdRole ).toInt();
            if ( actionId >= 0 ) {
                Q_EMIT sendActionRequested( actionId );
            }
        },
",""
"Function:src/ui/src/actionsresponseswindow.cpp:blocker","blocker","src/ui/src/actionsresponseswindow.cpp",526,526,true,"             this, [ this ]( bool enabled ) {
                 if ( autoResponsesCheck_ && autoResponsesCheck_->isChecked() != enabled ) {
                     const QSignalBlocker blocker( autoResponsesCheck_ );
                     autoResponsesCheck_->setChecked( enabled );
                 }
",""
"Function:src/ui/src/actionsrepository.cpp:sequenceToJson","sequenceToJson","src/ui/src/actionsrepository.cpp",13,19,false,"
namespace {
QJsonObject sequenceToJson( const ActionSequence& sequence )
{
    QJsonObject obj;
    obj.insert( ""type"", actionSequenceTypeToString( sequence.type ) );
    obj.insert( ""value"", sequence.value );
    return obj;
}

QJsonObject actionToJson( const ActionDefinition& action )
",""
"Function:src/ui/src/actionsrepository.cpp:actionToJson","actionToJson","src/ui/src/actionsrepository.cpp",21,46,false,"}

QJsonObject actionToJson( const ActionDefinition& action )
{
    QJsonObject obj;
    obj.insert( ""id"", action.id );
    obj.insert( ""order"", action.order );
    obj.insert( ""enabled"", action.enabled );
    obj.insert( ""hidden"", action.hidden );
    obj.insert( ""name"", action.name );
    obj.insert( ""description"", action.description );
    obj.insert( ""sequence"", sequenceToJson( action.sequence ) );

    QJsonObject params;
    params.insert( ""repeat"", action.parameters.repeat );
    params.insert( ""delay"", action.parameters.delay );
    params.insert( ""repeat_count"", action.parameters.repeatCount );
    params.insert( ""repeat_interval"", action.parameters.repeatInterval );
    params.insert( ""variable_names"", QJsonArray::fromStringList( action.parameters.variableNames ) );
    obj.insert( ""parameters"", params );

    QJsonObject checksum;
    checksum.insert( ""enabled"", action.checksum.enabled );
    checksum.insert( ""algorithm"", action.checksum.algorithm );
    checksum.insert( ""placeholder"", action.checksum.placeholder );
    obj.insert( ""checksum"", checksum );
    return obj;
}

QJsonObject responseToJson( const ResponseDefinition& response )
",""
"Function:src/ui/src/actionsrepository.cpp:responseToJson","responseToJson","src/ui/src/actionsrepository.cpp",48,87,false,"}

QJsonObject responseToJson( const ResponseDefinition& response )
{
    QJsonObject matchObj;
    matchObj.insert( ""type"", responseMatchTypeToString( response.match.type ) );
    matchObj.insert( ""value"", response.match.value );

    QJsonObject responseObj;
    if ( response.response.hasActionId ) {
        responseObj.insert( ""action_id"", response.response.actionId );
    }
    if ( !response.response.steps.isEmpty() ) {
        QJsonArray stepsArray;
        for ( const auto& step : response.response.steps ) {
            QJsonObject stepObj;
            stepObj.insert( ""action_id"", step.actionId );
            stepObj.insert( ""delay_ms"", step.delayMs );
            stepsArray.append( stepObj );
        }
        responseObj.insert( ""steps"", stepsArray );
    }
    if ( response.response.hasInlineAction ) {
        responseObj.insert( ""action"", sequenceToJson( response.response.inlineAction ) );
    }
    responseObj.insert( ""comment"", response.response.comment );
    responseObj.insert( ""linebreak"", response.response.linebreak );
    responseObj.insert( ""timestamp"", response.response.timestamp );
    responseObj.insert( ""snapshot"", response.response.snapshot );
    responseObj.insert( ""stop_communication"", response.response.stopCommunication );

    QJsonObject obj;
    obj.insert( ""id"", response.id );
    obj.insert( ""order"", response.order );
    obj.insert( ""enabled"", response.enabled );
    obj.insert( ""hidden"", response.hidden );
    obj.insert( ""name"", response.name );
    obj.insert( ""description"", response.description );
    obj.insert( ""match"", matchObj );
    obj.insert( ""response"", responseObj );
    return obj;
}
} // namespace

",""
"Function:src/ui/src/actionsrepository.cpp:doc","doc","src/ui/src/actionsrepository.cpp",118,118,true,"    root.insert( ""responses"", responsesArray );

    const QJsonDocument doc( root );
    QSaveFile file( storagePath() );
    if ( !file.open( QIODevice::WriteOnly | QIODevice::Truncate ) ) {
",""
"Function:src/ui/src/actionsrepository.cpp:file","file","src/ui/src/actionsrepository.cpp",119,119,true,"
    const QJsonDocument doc( root );
    QSaveFile file( storagePath() );
    if ( !file.open( QIODevice::WriteOnly | QIODevice::Truncate ) ) {
        return false;
",""
"Function:src/ui/src/actionsmanager.cpp:nextDefinitionId","nextDefinitionId","src/ui/src/actionsmanager.cpp",12,19,false,"namespace {
template <typename Definition>
int nextDefinitionId( const QVector<Definition>& definitions )
{
    int maxId = 0;
    for ( const auto& definition : definitions ) {
        maxId = qMax( maxId, definition.id );
    }
    return maxId + 1;
}

void setError( QString* errorMessage, const QString& message )
",""
"Function:src/ui/src/actionsmanager.cpp:setError","setError","src/ui/src/actionsmanager.cpp",21,26,false,"}

void setError( QString* errorMessage, const QString& message )
{
    if ( errorMessage != nullptr ) {
        *errorMessage = message;
    }
}

bool validateResponseActionIds( const QVector<ActionDefinition>& actions,
",""
"Function:src/ui/src/actionsmanager.cpp:validateResponseActionIds","validateResponseActionIds","src/ui/src/actionsmanager.cpp",28,56,false,"}

bool validateResponseActionIds( const QVector<ActionDefinition>& actions,
                                const ResponseDefinition& response,
                                QString* errorMessage )
{
    const auto hasActionId = [ &actions ]( int actionId ) {
        return std::any_of( actions.cbegin(), actions.cend(),
                            [ actionId ]( const ActionDefinition& action ) {
                                return action.id == actionId;
                            } );
    };

    for ( const auto& step : response.response.steps ) {
        if ( !hasActionId( step.actionId ) ) {
            setError( errorMessage,
                      QObject::tr( ""Response linked action id %1 was not found."" ).arg( step.actionId ) );
            return false;
        }
    }

    if ( response.response.hasActionId && response.response.actionId >= 0
         && !hasActionId( response.response.actionId ) ) {
        setError( errorMessage,
                  QObject::tr( ""Response linked action id %1 was not found."" )
                      .arg( response.response.actionId ) );
        return false;
    }

    return true;
}
} // namespace

",""
"Function:src/ui/src/actionsmanager.cpp:actionsChanged","actionsChanged","src/ui/src/actionsmanager.cpp",86,86,true,"              .value( ""Actions/autoResponsesEnabled"", true )
              .toBool();
    Q_EMIT actionsChanged();
    Q_EMIT responsesChanged();
    Q_EMIT autoResponsesEnabledChanged( autoResponsesEnabled_ );
",""
"Function:src/ui/src/actionsmanager.cpp:responsesChanged","responsesChanged","src/ui/src/actionsmanager.cpp",87,87,true,"              .toBool();
    Q_EMIT actionsChanged();
    Q_EMIT responsesChanged();
    Q_EMIT autoResponsesEnabledChanged( autoResponsesEnabled_ );
}
",""
"Function:src/ui/src/actionsmanager.cpp:autoResponsesEnabledChanged","autoResponsesEnabledChanged","src/ui/src/actionsmanager.cpp",88,88,true,"    Q_EMIT actionsChanged();
    Q_EMIT responsesChanged();
    Q_EMIT autoResponsesEnabledChanged( autoResponsesEnabled_ );
}

",""
"Function:src/ui/src/actionsconfigparser.cpp:stripLineComments","stripLineComments","src/ui/src/actionsconfigparser.cpp",9,51,false,"
namespace {
QByteArray stripLineComments( const QByteArray& input )
{
    QByteArray output;
    output.reserve( input.size() );
    bool inString = false;
    bool escape = false;
    for ( int i = 0; i < input.size(); ++i ) {
        const char c = input.at( i );
        if ( inString ) {
            output.append( c );
            if ( escape ) {
                escape = false;
                continue;
            }
            if ( c == '\\' ) {
                escape = true;
            }
            else if ( c == '""' ) {
                inString = false;
            }
            continue;
        }

        if ( c == '""' ) {
            inString = true;
            output.append( c );
            continue;
        }

        if ( c == '/' && i + 1 < input.size() && input.at( i + 1 ) == '/' ) {
            while ( i < input.size() && input.at( i ) != '\n' ) {
                ++i;
            }
            if ( i < input.size() && input.at( i ) == '\n' ) {
                output.append( '\n' );
            }
            continue;
        }

        output.append( c );
    }
    return output;
}

QStringList unknownKeys( const QJsonObject& object, const QSet<QString>& knownKeys )
",""
"Function:src/ui/src/actionsconfigparser.cpp:unknownKeys","unknownKeys","src/ui/src/actionsconfigparser.cpp",53,62,false,"}

QStringList unknownKeys( const QJsonObject& object, const QSet<QString>& knownKeys )
{
    QStringList unknown;
    for ( const auto& key : object.keys() ) {
        if ( !knownKeys.contains( key ) ) {
            unknown.push_back( key );
        }
    }
    return unknown;
}

bool parseSequence( const QJsonObject& object,
",""
"Function:src/ui/src/actionsconfigparser.cpp:parseSequence","parseSequence","src/ui/src/actionsconfigparser.cpp",64,104,false,"}

bool parseSequence( const QJsonObject& object,
                    ActionSequence* out,
                    QStringList* errors,
                    QStringList* warnings,
                    const QString& context )
{
    if ( !out ) {
        return false;
    }

    const QSet<QString> knownKeys = { ""type"", ""value"" };
    const auto extraKeys = unknownKeys( object, knownKeys );
    for ( const auto& key : extraKeys ) {
        if ( warnings ) {
            warnings->push_back( QString( ""Unknown sequence property '%1' at %2."" )
                                     .arg( key, context ) );
        }
    }

    const auto typeValue = object.value( ""type"" );
    bool typeOk = true;
    if ( typeValue.isString() ) {
        out->type = actionSequenceTypeFromString( typeValue.toString(), &typeOk );
    }
    else {
        typeOk = false;
    }
    if ( !typeOk && warnings ) {
        warnings->push_back( QString( ""Unknown sequence type at %1."" ).arg( context ) );
    }

    const auto valueValue = object.value( ""value"" );
    if ( !valueValue.isString() || valueValue.toString().trimmed().isEmpty() ) {
        if ( errors ) {
            errors->push_back( QString( ""Missing sequence value at %1."" ).arg( context ) );
        }
        return false;
    }
    out->value = valueValue.toString();
    return true;
}

bool parseAction( const QJsonObject& object,
",""
"Function:src/ui/src/actionsconfigparser.cpp:parseAction","parseAction","src/ui/src/actionsconfigparser.cpp",106,217,false,"}

bool parseAction( const QJsonObject& object,
                  ActionDefinition* out,
                  QStringList* errors,
                  QStringList* warnings,
                  int index )
{
    if ( !out ) {
        return false;
    }

    const QSet<QString> knownKeys = { ""id"",       ""order"",      ""enabled"", ""hidden"",
                                      ""hiden"",    ""name"",       ""description"",
                                      ""sequence"", ""parameters"", ""checksum"" };
    const auto extraKeys = unknownKeys( object, knownKeys );
    for ( const auto& key : extraKeys ) {
        if ( warnings ) {
            warnings->push_back(
                QString( ""Unknown action property '%1' at index %2."" ).arg( key ).arg( index ) );
        }
    }

    const auto nameValue = object.value( ""name"" );
    if ( !nameValue.isString() || nameValue.toString().trimmed().isEmpty() ) {
        if ( errors ) {
            errors->push_back( QString( ""Missing action name at index %1."" ).arg( index ) );
        }
        return false;
    }
    out->name = nameValue.toString();

    if ( object.contains( ""id"" ) ) {
        const auto idValue = object.value( ""id"" );
        if ( idValue.isDouble() ) {
            out->id = idValue.toInt();
        }
        else if ( warnings ) {
            warnings->push_back(
                QString( ""Invalid action id for '%1'."" ).arg( out->name ) );
        }
    }
    if ( object.contains( ""order"" ) ) {
        out->order = object.value( ""order"" ).toInt( index );
    }

    if ( object.contains( ""enabled"" ) ) {
        out->enabled = object.value( ""enabled"" ).toBool( true );
    }
    if ( object.contains( ""hidden"" ) ) {
        const auto hiddenValue = object.value( ""hidden"" );
        if ( hiddenValue.isBool() ) {
            out->hidden = hiddenValue.toBool();
        }
        else if ( warnings ) {
            warnings->push_back(
                QString( ""Invalid action hidden flag for '%1'."" ).arg( out->name ) );
        }
    }

    if ( object.contains( ""description"" ) ) {
        out->description = object.value( ""description"" ).toString();
    }

    const auto sequenceValue = object.value( ""sequence"" );
    if ( !sequenceValue.isObject() ) {
        if ( errors ) {
            errors->push_back( QString( ""Missing sequence for action '%1'."" ).arg( out->name ) );
        }
        return false;
    }
    if ( !parseSequence( sequenceValue.toObject(), &out->sequence, errors, warnings,
                         QString( ""action '%1' sequence"" ).arg( out->name ) ) ) {
        return false;
    }

    const auto parametersValue = object.value( ""parameters"" );
    if ( parametersValue.isObject() ) {
        const auto paramsObj = parametersValue.toObject();
        if ( paramsObj.contains( ""repeat"" ) ) {
            out->parameters.repeat = paramsObj.value( ""repeat"" ).toBool( false );
        }
        if ( paramsObj.contains( ""delay"" ) ) {
            out->parameters.delay = paramsObj.value( ""delay"" ).toInt();
        }
        if ( paramsObj.contains( ""repeat_count"" ) ) {
            out->parameters.repeatCount = paramsObj.value( ""repeat_count"" ).toInt( 1 );
        }
        if ( paramsObj.contains( ""repeat_interval"" ) ) {
            out->parameters.repeatInterval = paramsObj.value( ""repeat_interval"" ).toInt();
        }
        if ( paramsObj.contains( ""variable_names"" ) && paramsObj.value( ""variable_names"" ).isArray() ) {
            const auto variableArray = paramsObj.value( ""variable_names"" ).toArray();
            for ( const auto& item : variableArray ) {
                const auto value = item.toString().trimmed();
                if ( !value.isEmpty() ) {
                    out->parameters.variableNames.push_back( value );
                }
            }
        }
    }

    const auto checksumValue = object.value( ""checksum"" );
    if ( checksumValue.isObject() ) {
        const auto checksumObj = checksumValue.toObject();
        out->checksum.enabled = checksumObj.value( ""enabled"" ).toBool( false );
        out->checksum.algorithm
            = checksumObj.value( ""algorithm"" ).toString( out->checksum.algorithm );
        out->checksum.placeholder
            = checksumObj.value( ""placeholder"" ).toString( out->checksum.placeholder );
    }

    return true;
}

bool parseResponse( const QJsonObject& object,
",""
"Function:src/ui/src/actionsconfigparser.cpp:parseResponse","parseResponse","src/ui/src/actionsconfigparser.cpp",219,438,false,"}

bool parseResponse( const QJsonObject& object,
                    ResponseDefinition* out,
                    QStringList* errors,
                    QStringList* warnings,
                    int index )
{
    if ( !out ) {
        return false;
    }

    const QSet<QString> knownKeys = { ""id"",       ""order"",      ""enabled"", ""hidden"",
                                      ""hiden"",    ""name"",       ""description"",
                                      ""match"",    ""response"" };
    const auto extraKeys = unknownKeys( object, knownKeys );
    for ( const auto& key : extraKeys ) {
        if ( warnings ) {
            warnings->push_back( QString( ""Unknown response property '%1' at index %2."" )
                                     .arg( key )
                                     .arg( index ) );
        }
    }

    const auto nameValue = object.value( ""name"" );
    if ( !nameValue.isString() || nameValue.toString().trimmed().isEmpty() ) {
        if ( errors ) {
            errors->push_back( QString( ""Missing response name at index %1."" ).arg( index ) );
        }
        return false;
    }
    out->name = nameValue.toString();

    if ( object.contains( ""id"" ) ) {
        const auto idValue = object.value( ""id"" );
        if ( idValue.isDouble() ) {
            out->id = idValue.toInt();
        }
        else if ( warnings ) {
            warnings->push_back(
                QString( ""Invalid response id for '%1'."" ).arg( out->name ) );
        }
    }
    if ( object.contains( ""order"" ) ) {
        out->order = object.value( ""order"" ).toInt( index );
    }

    if ( object.contains( ""enabled"" ) ) {
        out->enabled = object.value( ""enabled"" ).toBool( true );
    }
    if ( object.contains( ""hidden"" ) ) {
        const auto hiddenValue = object.value( ""hidden"" );
        if ( hiddenValue.isBool() ) {
            out->hidden = hiddenValue.toBool();
        }
        else if ( warnings ) {
            warnings->push_back(
                QString( ""Invalid response hidden flag for '%1'."" ).arg( out->name ) );
        }
    }

    if ( object.contains( ""description"" ) ) {
        out->description = object.value( ""description"" ).toString();
    }

    const auto matchValue = object.value( ""match"" );
    if ( !matchValue.isObject() ) {
        if ( errors ) {
            errors->push_back( QString( ""Missing match for response '%1'."" ).arg( out->name ) );
        }
        return false;
    }
    const auto matchObj = matchValue.toObject();
    const auto matchTypeValue = matchObj.value( ""type"" );
    bool matchTypeOk = true;
    if ( matchTypeValue.isString() ) {
        out->match.type = responseMatchTypeFromString( matchTypeValue.toString(), &matchTypeOk );
    }
    else {
        matchTypeOk = false;
    }
    if ( !matchTypeOk && warnings ) {
        warnings->push_back(
            QString( ""Unknown match type for response '%1'."" ).arg( out->name ) );
    }
    const auto matchPatternValue = matchObj.value( ""value"" );
    if ( !matchPatternValue.isString() || matchPatternValue.toString().trimmed().isEmpty() ) {
        if ( errors ) {
            errors->push_back(
                QString( ""Missing match value for response '%1'."" ).arg( out->name ) );
        }
        return false;
    }
    out->match.value = matchPatternValue.toString();
    if ( out->match.type == ResponseMatchType::Regex ) {
        out->match.compiled = QRegularExpression( out->match.value );
        if ( !out->match.compiled.isValid() ) {
            if ( errors ) {
                errors->push_back(
                    QString( ""Invalid response regex for '%1': %2"" )
                        .arg( out->name, out->match.compiled.errorString() ) );
            }
            return false;
        }
    }
    else if ( out->match.type == ResponseMatchType::Wildcard ) {
        out->match.compiled = QRegularExpression(
            QRegularExpression::wildcardToRegularExpression( out->match.value ),
            QRegularExpression::CaseInsensitiveOption );
    }

    const auto responseValue = object.value( ""response"" );
    if ( !responseValue.isObject() ) {
        if ( errors ) {
            errors->push_back( QString( ""Missing response action for '%1'."" ).arg( out->name ) );
        }
        return false;
    }
    const auto responseObj = responseValue.toObject();
    const QSet<QString> responseKeys = { ""action_id"", ""action"", ""comment"", ""linebreak"",
                                         ""timestamp"", ""snapshot"", ""stop_communication"",
                                         ""steps"" };
    const auto responseExtraKeys = unknownKeys( responseObj, responseKeys );
    for ( const auto& key : responseExtraKeys ) {
        if ( warnings ) {
            warnings->push_back( QString( ""Unknown response action property '%1' for '%2'."" )
                                     .arg( key, out->name ) );
      
... [truncated]",""
"Function:src/ui/src/actionsconfigparser.cpp:file","file","src/ui/src/actionsconfigparser.cpp",444,444,true,"{
    ActionsParseResult result;
    QFile file( path );
    if ( !file.open( QIODevice::ReadOnly ) ) {
        result.errors.push_back( QString( ""Failed to open %1."" ).arg( path ) );
",""
"Function:src/ui/src/actionsconfig.cpp:parseSequenceType","parseSequenceType","src/ui/src/actionsconfig.cpp",11,27,false,"
namespace {
ActionSequenceType parseSequenceType( const QString& text, bool* ok )
{
    if ( ok ) {
        *ok = true;
    }
    const auto normalized = text.trimmed().toLower();
    if ( normalized == ""string"" ) {
        return ActionSequenceType::String;
    }
    if ( normalized == ""hexstring"" ) {
        return ActionSequenceType::HexString;
    }
    if ( ok ) {
        *ok = false;
    }
    return ActionSequenceType::String;
}

ResponseMatchType parseMatchType( const QString& text, bool* ok )
",""
"Function:src/ui/src/actionsconfig.cpp:parseMatchType","parseMatchType","src/ui/src/actionsconfig.cpp",29,51,false,"}

ResponseMatchType parseMatchType( const QString& text, bool* ok )
{
    if ( ok ) {
        *ok = true;
    }
    const auto normalized = text.trimmed().toLower();
    if ( normalized == ""string"" ) {
        return ResponseMatchType::String;
    }
    if ( normalized == ""hexstring"" ) {
        return ResponseMatchType::HexString;
    }
    if ( normalized == ""regex"" ) {
        return ResponseMatchType::Regex;
    }
    if ( normalized == ""wildcard"" ) {
        return ResponseMatchType::Wildcard;
    }
    if ( ok ) {
        *ok = false;
    }
    return ResponseMatchType::String;
}

QStringList readStringListValue( const QVariant& value )
",""
"Function:src/ui/src/actionsconfig.cpp:readStringListValue","readStringListValue","src/ui/src/actionsconfig.cpp",53,68,false,"}

QStringList readStringListValue( const QVariant& value )
{
    if ( value.typeId() == QMetaType::QStringList ) {
        return value.toStringList();
    }

    QStringList values;
    const auto list = value.toList();
    for ( const auto& item : list ) {
        const auto text = item.toString().trimmed();
        if ( !text.isEmpty() ) {
            values.push_back( text );
        }
    }
    return values;
}

void setError( QString* errorMessage, const QString& message )
",""
"Function:src/ui/src/actionsconfig.cpp:setError","setError","src/ui/src/actionsconfig.cpp",70,75,false,"}

void setError( QString* errorMessage, const QString& message )
{
    if ( errorMessage != nullptr ) {
        *errorMessage = message;
    }
}

void normalizeResponseAction( ResponseActionDefinition* responseAction )
",""
"Function:src/ui/src/actionsconfig.cpp:normalizeResponseAction","normalizeResponseAction","src/ui/src/actionsconfig.cpp",77,105,false,"}

void normalizeResponseAction( ResponseActionDefinition* responseAction )
{
    if ( responseAction == nullptr ) {
        return;
    }

    responseAction->steps.erase(
        std::remove_if( responseAction->steps.begin(), responseAction->steps.end(),
                        []( const ResponseActionStep& step ) { return step.actionId < 0; } ),
        responseAction->steps.end() );

    if ( responseAction->steps.isEmpty() && responseAction->hasActionId
         && responseAction->actionId >= 0 ) {
        responseAction->steps.push_back( { responseAction->actionId, 0 } );
    }

    if ( !responseAction->steps.isEmpty() ) {
        responseAction->hasActionId = true;
        responseAction->actionId = responseAction->steps.front().actionId;
    }
    else {
        responseAction->hasActionId = false;
        responseAction->actionId = -1;
    }

    if ( !responseAction->hasInlineAction ) {
        responseAction->inlineAction = {};
    }
}

QString bytesToHexString( const QByteArray& bytes )
",""
"Function:src/ui/src/actionsconfig.cpp:bytesToHexString","bytesToHexString","src/ui/src/actionsconfig.cpp",107,117,false,"}

QString bytesToHexString( const QByteArray& bytes )
{
    QStringList parts;
    parts.reserve( bytes.size() );
    for ( const auto byte : bytes ) {
        parts.push_back( QStringLiteral( ""%1"" )
                             .arg( static_cast<quint8>( byte ), 2, 16, QLatin1Char( '0' ) )
                             .toUpper() );
    }
    return parts.join( QLatin1Char( ' ' ) );
}

QByteArray applyChecksum( const ActionDefinition& action,
",""
"Function:src/ui/src/actionsconfig.cpp:applyChecksum","applyChecksum","src/ui/src/actionsconfig.cpp",119,163,false,"}

QByteArray applyChecksum( const ActionDefinition& action,
                          const QByteArray& baseBytes,
                          QString* errorMessage )
{
    if ( !action.checksum.enabled ) {
        return baseBytes;
    }

    QByteArray checksumBytes;
    const auto algorithm = action.checksum.algorithm.trimmed().toLower();
    if ( algorithm == QStringLiteral( ""sum8"" ) ) {
        quint8 sum = 0;
        for ( const auto byte : baseBytes ) {
            sum = static_cast<quint8>( sum + static_cast<quint8>( byte ) );
        }
        checksumBytes.append( static_cast<char>( sum ) );
    }
    else if ( algorithm == QStringLiteral( ""crc16_ccitt"" ) ) {
        quint16 crc = 0xFFFF;
        for ( const auto byte : baseBytes ) {
            crc ^= static_cast<quint8>( byte ) << 8;
            for ( int i = 0; i < 8; ++i ) {
                if ( ( crc & 0x8000 ) != 0u ) {
                    crc = static_cast<quint16>( static_cast<quint16>( crc << 1 )
                                                ^ static_cast<quint16>( 0x1021u ) );
                }
                else {
                    crc = static_cast<quint16>( crc << 1 );
                }
            }
        }
        checksumBytes.append( static_cast<char>( ( crc >> 8 ) & 0xFF ) );
        checksumBytes.append( static_cast<char>( crc & 0xFF ) );
    }
    else {
        setError( errorMessage, QStringLiteral( ""Unsupported checksum algorithm."" ) );
        return {};
    }

    if ( action.sequence.type == ActionSequenceType::HexString ) {
        return bytesToHexString( checksumBytes ).toLatin1();
    }

    return checksumBytes.toHex().toUpper();
}

bool isValidActionChecksumAlgorithm( const QString& algorithm )
",""
"Function:src/ui/src/actionsconfig.cpp:isValidActionChecksumAlgorithm","isValidActionChecksumAlgorithm","src/ui/src/actionsconfig.cpp",165,170,false,"}

bool isValidActionChecksumAlgorithm( const QString& algorithm )
{
    const auto normalized = algorithm.trimmed().toLower();
    return normalized == QStringLiteral( ""sum8"" )
           || normalized == QStringLiteral( ""crc16_ccitt"" );
}

void normalizeActionOrderValues( QVector<ActionDefinition>* actions )
",""
"Function:src/ui/src/actionsconfig.cpp:normalizeActionOrderValues","normalizeActionOrderValues","src/ui/src/actionsconfig.cpp",172,185,false,"}

void normalizeActionOrderValues( QVector<ActionDefinition>* actions )
{
    if ( actions == nullptr ) {
        return;
    }

    std::stable_sort( actions->begin(), actions->end(), []( const auto& lhs, const auto& rhs ) {
        return lhs.order < rhs.order;
    } );

    for ( int index = 0; index < actions->size(); ++index ) {
        ( *actions )[ index ].order = index;
    }
}

void normalizeResponseOrderValues( QVector<ResponseDefinition>* responses )
",""
"Function:src/ui/src/actionsconfig.cpp:normalizeResponseOrderValues","normalizeResponseOrderValues","src/ui/src/actionsconfig.cpp",187,200,false,"}

void normalizeResponseOrderValues( QVector<ResponseDefinition>* responses )
{
    if ( responses == nullptr ) {
        return;
    }

    std::stable_sort( responses->begin(), responses->end(), []( const auto& lhs, const auto& rhs ) {
        return lhs.order < rhs.order;
    } );

    for ( int index = 0; index < responses->size(); ++index ) {
        ( *responses )[ index ].order = index;
    }
}
} // namespace

",""
"Function:src/ui/src/actionsconfig.cpp:actionSequenceTypeToString","actionSequenceTypeToString","src/ui/src/actionsconfig.cpp",203,212,true,"} // namespace

QString actionSequenceTypeToString( ActionSequenceType type )
{
    switch ( type ) {
    case ActionSequenceType::HexString:
        return ""hexString"";
    case ActionSequenceType::String:
    default:
        return ""string"";
    }
}

ActionSequenceType actionSequenceTypeFromString( const QString& text, bool* ok )
",""
"Function:src/ui/src/actionsconfig.cpp:actionSequenceTypeFromString","actionSequenceTypeFromString","src/ui/src/actionsconfig.cpp",214,217,true,"}

ActionSequenceType actionSequenceTypeFromString( const QString& text, bool* ok )
{
    return parseSequenceType( text, ok );
}

QString responseMatchTypeToString( ResponseMatchType type )
",""
"Function:src/ui/src/actionsconfig.cpp:responseMatchTypeToString","responseMatchTypeToString","src/ui/src/actionsconfig.cpp",219,232,true,"}

QString responseMatchTypeToString( ResponseMatchType type )
{
    switch ( type ) {
    case ResponseMatchType::HexString:
        return ""hexString"";
    case ResponseMatchType::Regex:
        return ""regex"";
    case ResponseMatchType::Wildcard:
        return ""wildcard"";
    case ResponseMatchType::String:
    default:
        return ""string"";
    }
}

ResponseMatchType responseMatchTypeFromString( const QString& text, bool* ok )
",""
"Function:src/ui/src/actionsconfig.cpp:responseMatchTypeFromString","responseMatchTypeFromString","src/ui/src/actionsconfig.cpp",234,237,true,"}

ResponseMatchType responseMatchTypeFromString( const QString& text, bool* ok )
{
    return parseMatchType( text, ok );
}

ActionSequenceResult actionSequenceToBytes( const ActionSequence& sequence,
",""
"Function:src/ui/src/actionsconfig.cpp:actionSequenceToBytes","actionSequenceToBytes","src/ui/src/actionsconfig.cpp",239,263,true,"}

ActionSequenceResult actionSequenceToBytes( const ActionSequence& sequence,
                                            const QMap<QString, QString>& substitutions,
                                            QStringList* missing )
{
    ActionSequenceResult result;
    const QString resolved
        = substitutions.isEmpty()
              ? sequence.value
              : resolveTemplateString( sequence.value, substitutions, missing );

    if ( sequence.type == ActionSequenceType::String ) {
        result.ok = true;
        result.bytes = resolved.toLatin1();
        return result;
    }

    const auto decoded = decodeHexStringToBytes( resolved );
    if ( !decoded.ok ) {
        result.error = decoded.error;
        return result;
    }
    result.ok = true;
    result.bytes = decoded.bytes;
    return result;
}

ActionSequenceResult actionDefinitionToBytes( const ActionDefinition& action,
",""
"Function:src/ui/src/actionsconfig.cpp:actionDefinitionToBytes","actionDefinitionToBytes","src/ui/src/actionsconfig.cpp",265,338,true,"}

ActionSequenceResult actionDefinitionToBytes( const ActionDefinition& action,
                                              const QMap<QString, QString>& substitutions,
                                              QStringList* missing )
{
    ActionSequenceResult result;
    const QString resolved
        = substitutions.isEmpty()
              ? action.sequence.value
              : resolveTemplateString( action.sequence.value, substitutions, missing );

    QString checksumError;
    if ( action.sequence.type == ActionSequenceType::String ) {
        auto bytes = resolved.toLatin1();
        if ( action.checksum.enabled ) {
            const auto checksum = applyChecksum( action, bytes, &checksumError );
            if ( checksum.isEmpty() && !checksumError.isEmpty() ) {
                result.error = checksumError;
                return result;
            }

            if ( action.checksum.placeholder.isEmpty() ) {
                bytes.append( checksum );
            }
            else {
                auto encoded = resolved;
                encoded.replace( action.checksum.placeholder, QString::fromLatin1( checksum ) );
                bytes = encoded.toLatin1();
            }
        }
        result.ok = true;
        result.bytes = bytes;
        return result;
    }

    auto resolvedHex = resolved;
    if ( action.checksum.enabled ) {
        auto payloadSource = resolvedHex;
        if ( !action.checksum.placeholder.isEmpty()
             && payloadSource.contains( action.checksum.placeholder ) ) {
            payloadSource.replace( action.checksum.placeholder, QString{} );
        }
        const auto payload = decodeHexStringToBytes( payloadSource );
        if ( !payload.ok ) {
            result.error = payload.error;
            return result;
        }

        const auto checksum = applyChecksum( action, payload.bytes, &checksumError );
        if ( checksum.isEmpty() && !checksumError.isEmpty() ) {
            result.error = checksumError;
            return result;
        }

        if ( action.checksum.placeholder.isEmpty() ) {
            if ( !resolvedHex.trimmed().isEmpty() ) {
                resolvedHex.append( QLatin1Char( ' ' ) );
            }
            resolvedHex.append( QString::fromLatin1( checksum ) );
        }
        else {
            resolvedHex.replace( action.checksum.placeholder, QString::fromLatin1( checksum ) );
        }
    }

    const auto decoded = decodeHexStringToBytes( resolvedHex );
    if ( !decoded.ok ) {
        result.error = decoded.error;
        return result;
    }

    result.ok = true;
    result.bytes = decoded.bytes;
    return result;
}

bool validateActionDefinition( const ActionDefinition& action, QString* errorMessage )
",""
"Function:src/ui/src/actionsconfig.cpp:validateActionDefinition","validateActionDefinition","src/ui/src/actionsconfig.cpp",340,376,true,"}

bool validateActionDefinition( const ActionDefinition& action, QString* errorMessage )
{
    if ( action.name.trimmed().isEmpty() ) {
        setError( errorMessage, QStringLiteral( ""Action name is required."" ) );
        return false;
    }
    if ( action.sequence.value.trimmed().isEmpty() ) {
        setError( errorMessage, QStringLiteral( ""Action sequence is required."" ) );
        return false;
    }
    if ( action.parameters.delay < 0 || action.parameters.repeatCount < 1
         || action.parameters.repeatInterval < 0 ) {
        setError( errorMessage, QStringLiteral( ""Action timing values must be non-negative."" ) );
        return false;
    }
    if ( action.checksum.enabled ) {
        if ( !isValidActionChecksumAlgorithm( action.checksum.algorithm ) ) {
            setError( errorMessage, QStringLiteral( ""Unsupported checksum algorithm."" ) );
            return false;
        }
        if ( action.checksum.placeholder.trimmed().isEmpty() ) {
            setError( errorMessage, QStringLiteral( ""Checksum placeholder cannot be empty."" ) );
            return false;
        }
    }

    QStringList missing;
    const auto result = actionDefinitionToBytes( action, {}, &missing );
    if ( !result.ok ) {
        setError( errorMessage,
                  result.error.isEmpty() ? QStringLiteral( ""Invalid action sequence."" )
                                         : result.error );
        return false;
    }

    return true;
}

bool validateResponseDefinition( const ResponseDefinition& response, QString* errorMessage )
",""
"Function:src/ui/src/actionsconfig.cpp:validateResponseDefinition","validateResponseDefinition","src/ui/src/actionsconfig.cpp",378,434,true,"}

bool validateResponseDefinition( const ResponseDefinition& response, QString* errorMessage )
{
    if ( response.name.trimmed().isEmpty() ) {
        setError( errorMessage, QStringLiteral( ""Response name is required."" ) );
        return false;
    }
    if ( response.match.value.trimmed().isEmpty() ) {
        setError( errorMessage, QStringLiteral( ""Response match value is required."" ) );
        return false;
    }
    if ( response.match.type == ResponseMatchType::Regex ) {
        const auto regex = response.match.compiled.isValid()
                               ? response.match.compiled
                               : QRegularExpression( response.match.value );
        if ( !regex.isValid() ) {
            setError( errorMessage, regex.errorString() );
            return false;
        }
    }

    for ( const auto& step : response.response.steps ) {
        if ( step.actionId < 0 ) {
            setError( errorMessage, QStringLiteral( ""Response linked action id is invalid."" ) );
            return false;
        }
        if ( step.delayMs < 0 ) {
            setError( errorMessage,
                      QStringLiteral( ""Response linked action delay must be non-negative."" ) );
            return false;
        }
    }

    if ( response.response.hasInlineAction ) {
        ActionDefinition inlineAction;
        inlineAction.name = response.name;
        inlineAction.sequence = response.response.inlineAction;
        if ( !validateActionDefinition( inlineAction, errorMessage ) ) {
            return false;
        }
    }

    const auto hasLinkedSteps = !response.response.steps.isEmpty()
                                || ( response.response.hasActionId
                                     && response.response.actionId >= 0 );
    const auto hasSideEffects = !response.response.comment.isEmpty()
                                || response.response.linebreak
                                || response.response.timestamp
                                || response.response.snapshot
                                || response.response.stopCommunication;
    if ( !hasLinkedSteps && !response.response.hasInlineAction && !hasSideEffects ) {
        setError( errorMessage,
                  QStringLiteral( ""Response must perform at least one action or side effect."" ) );
        return false;
    }

    return true;
}

void normalizeActionDefinitions( QVector<ActionDefinition>* actions )
",""
"Function:src/ui/src/actionsconfig.cpp:normalizeActionDefinitions","normalizeActionDefinitions","src/ui/src/actionsconfig.cpp",436,439,true,"}

void normalizeActionDefinitions( QVector<ActionDefinition>* actions )
{
    normalizeActionOrderValues( actions );
}

void normalizeResponseDefinitions( QVector<ResponseDefinition>* responses )
",""
"Function:src/ui/src/actionsconfig.cpp:normalizeResponseDefinitions","normalizeResponseDefinitions","src/ui/src/actionsconfig.cpp",441,449,true,"}

void normalizeResponseDefinitions( QVector<ResponseDefinition>* responses )
{
    if ( responses != nullptr ) {
        for ( auto& response : *responses ) {
            normalizeResponseAction( &response.response );
        }
    }
    normalizeResponseOrderValues( responses );
}

QVariantMap actionDefinitionToVariantMap( const ActionDefinition& action )
",""
"Function:src/ui/src/actionsconfig.cpp:actionDefinitionToVariantMap","actionDefinitionToVariantMap","src/ui/src/actionsconfig.cpp",451,480,true,"}

QVariantMap actionDefinitionToVariantMap( const ActionDefinition& action )
{
    QVariantMap sequence;
    sequence.insert( QStringLiteral( ""type"" ), actionSequenceTypeToString( action.sequence.type ) );
    sequence.insert( QStringLiteral( ""value"" ), action.sequence.value );

    QVariantMap parameters;
    parameters.insert( QStringLiteral( ""repeat"" ), action.parameters.repeat );
    parameters.insert( QStringLiteral( ""delay"" ), action.parameters.delay );
    parameters.insert( QStringLiteral( ""repeat_count"" ), action.parameters.repeatCount );
    parameters.insert( QStringLiteral( ""repeat_interval"" ), action.parameters.repeatInterval );
    parameters.insert( QStringLiteral( ""variable_names"" ), action.parameters.variableNames );

    QVariantMap checksum;
    checksum.insert( QStringLiteral( ""enabled"" ), action.checksum.enabled );
    checksum.insert( QStringLiteral( ""algorithm"" ), action.checksum.algorithm );
    checksum.insert( QStringLiteral( ""placeholder"" ), action.checksum.placeholder );

    QVariantMap map;
    map.insert( QStringLiteral( ""id"" ), action.id );
    map.insert( QStringLiteral( ""order"" ), action.order );
    map.insert( QStringLiteral( ""enabled"" ), action.enabled );
    map.insert( QStringLiteral( ""hidden"" ), action.hidden );
    map.insert( QStringLiteral( ""name"" ), action.name );
    map.insert( QStringLiteral( ""description"" ), action.description );
    map.insert( QStringLiteral( ""sequence"" ), sequence );
    map.insert( QStringLiteral( ""parameters"" ), parameters );
    map.insert( QStringLiteral( ""checksum"" ), checksum );
    return map;
}

QVariantMap responseDefinitionToVariantMap( const ResponseDefinition& response )
",""
"Function:src/ui/src/actionsconfig.cpp:responseDefinitionToVariantMap","responseDefinitionToVariantMap","src/ui/src/actionsconfig.cpp",482,525,true,"}

QVariantMap responseDefinitionToVariantMap( const ResponseDefinition& response )
{
    QVariantMap match;
    match.insert( QStringLiteral( ""type"" ), responseMatchTypeToString( response.match.type ) );
    match.insert( QStringLiteral( ""value"" ), response.match.value );

    QVariantMap responseAction;
    responseAction.insert( QStringLiteral( ""action_id"" ), response.response.actionId );
    responseAction.insert( QStringLiteral( ""has_action_id"" ), response.response.hasActionId );
    QVariantList steps;
    for ( const auto& step : response.response.steps ) {
        QVariantMap stepMap;
        stepMap.insert( QStringLiteral( ""action_id"" ), step.actionId );
        stepMap.insert( QStringLiteral( ""delay_ms"" ), step.delayMs );
        steps.push_back( stepMap );
    }
    responseAction.insert( QStringLiteral( ""steps"" ), steps );
    responseAction.insert( QStringLiteral( ""has_inline_action"" ),
                           response.response.hasInlineAction );
    responseAction.insert( QStringLiteral( ""comment"" ), response.response.comment );
    responseAction.insert( QStringLiteral( ""linebreak"" ), response.response.linebreak );
    responseAction.insert( QStringLiteral( ""timestamp"" ), response.response.timestamp );
    responseAction.insert( QStringLiteral( ""snapshot"" ), response.response.snapshot );
    responseAction.insert( QStringLiteral( ""stop_communication"" ),
                           response.response.stopCommunication );
    if ( response.response.hasInlineAction ) {
        QVariantMap inlineAction;
        inlineAction.insert( QStringLiteral( ""type"" ),
                             actionSequenceTypeToString( response.response.inlineAction.type ) );
        inlineAction.insert( QStringLiteral( ""value"" ), response.response.inlineAction.value );
        responseAction.insert( QStringLiteral( ""action"" ), inlineAction );
    }

    QVariantMap map;
    map.insert( QStringLiteral( ""id"" ), response.id );
    map.insert( QStringLiteral( ""order"" ), response.order );
    map.insert( QStringLiteral( ""enabled"" ), response.enabled );
    map.insert( QStringLiteral( ""hidden"" ), response.hidden );
    map.insert( QStringLiteral( ""name"" ), response.name );
    map.insert( QStringLiteral( ""description"" ), response.description );
    map.insert( QStringLiteral( ""match"" ), match );
    map.insert( QStringLiteral( ""response"" ), responseAction );
    return map;
}

ActionDefinition actionDefinitionFromVariantMap( const QVariantMap& map, QString* errorMessage )
",""
"Function:src/ui/src/actionsconfig.cpp:actionDefinitionFromVariantMap","actionDefinitionFromVariantMap","src/ui/src/actionsconfig.cpp",527,571,true,"}

ActionDefinition actionDefinitionFromVariantMap( const QVariantMap& map, QString* errorMessage )
{
    ActionDefinition action;
    action.id = map.value( QStringLiteral( ""id"" ), -1 ).toInt();
    action.order = map.value( QStringLiteral( ""order"" ), 0 ).toInt();
    action.enabled = map.value( QStringLiteral( ""enabled"" ), true ).toBool();
    action.hidden = map.value( QStringLiteral( ""hidden"" ), false ).toBool();
    action.name = map.value( QStringLiteral( ""name"" ) ).toString();
    action.description = map.value( QStringLiteral( ""description"" ) ).toString();

    const auto sequenceMap = map.value( QStringLiteral( ""sequence"" ) ).toMap();
    bool sequenceTypeOk = false;
    action.sequence.type = actionSequenceTypeFromString(
        sequenceMap.value( QStringLiteral( ""type"" ) ).toString(), &sequenceTypeOk );
    action.sequence.value = sequenceMap.value( QStringLiteral( ""value"" ) ).toString();
    if ( !sequenceTypeOk ) {
        setError( errorMessage, QStringLiteral( ""Invalid action sequence type."" ) );
    }

    const auto parametersMap = map.value( QStringLiteral( ""parameters"" ) ).toMap();
    action.parameters.repeat = parametersMap.value( QStringLiteral( ""repeat"" ), false ).toBool();
    action.parameters.delay = parametersMap.value( QStringLiteral( ""delay"" ), 0 ).toInt();
    action.parameters.repeatCount
        = parametersMap.value( QStringLiteral( ""repeat_count"" ), 1 ).toInt();
    action.parameters.repeatInterval
        = parametersMap.value( QStringLiteral( ""repeat_interval"" ), 0 ).toInt();
    action.parameters.variableNames
        = readStringListValue( parametersMap.value( QStringLiteral( ""variable_names"" ) ) );

    const auto checksumMap = map.value( QStringLiteral( ""checksum"" ) ).toMap();
    action.checksum.enabled = checksumMap.value( QStringLiteral( ""enabled"" ), false ).toBool();
    action.checksum.algorithm
        = checksumMap.value( QStringLiteral( ""algorithm"" ), QStringLiteral( ""sum8"" ) ).toString();
    action.checksum.placeholder = checksumMap
                                      .value( QStringLiteral( ""placeholder"" ),
                                              QStringLiteral( ""${CHECKSUM}"" ) )
                                      .toString();

    QString validationError;
    if ( !validateActionDefinition( action, &validationError ) ) {
        setError( errorMessage, validationError );
    }

    return action;
}

ResponseDefinition responseDefinitionFromVariantMap( const QVariantMap& map,
",""
"Function:src/ui/src/actionsconfig.cpp:responseDefinitionFromVariantMap","responseDefinitionFromVariantMap","src/ui/src/actionsconfig.cpp",573,646,true,"}

ResponseDefinition responseDefinitionFromVariantMap( const QVariantMap& map,
                                                     QString* errorMessage )
{
    ResponseDefinition response;
    response.id = map.value( QStringLiteral( ""id"" ), -1 ).toInt();
    response.order = map.value( QStringLiteral( ""order"" ), 0 ).toInt();
    response.enabled = map.value( QStringLiteral( ""enabled"" ), true ).toBool();
    response.hidden = map.value( QStringLiteral( ""hidden"" ), false ).toBool();
    response.name = map.value( QStringLiteral( ""name"" ) ).toString();
    response.description = map.value( QStringLiteral( ""description"" ) ).toString();

    const auto matchMap = map.value( QStringLiteral( ""match"" ) ).toMap();
    bool matchTypeOk = false;
    response.match.type = responseMatchTypeFromString(
        matchMap.value( QStringLiteral( ""type"" ) ).toString(), &matchTypeOk );
    response.match.value = matchMap.value( QStringLiteral( ""value"" ) ).toString();
    if ( response.match.type == ResponseMatchType::Regex ) {
        response.match.compiled = QRegularExpression( response.match.value );
    }
    else if ( response.match.type == ResponseMatchType::Wildcard ) {
        response.match.compiled = QRegularExpression(
            QRegularExpression::wildcardToRegularExpression( response.match.value ),
            QRegularExpression::CaseInsensitiveOption );
    }
    if ( !matchTypeOk ) {
        setError( errorMessage, QStringLiteral( ""Invalid response match type."" ) );
    }

    const auto responseAction = map.value( QStringLiteral( ""response"" ) ).toMap();
    response.response.hasActionId
        = responseAction.value( QStringLiteral( ""has_action_id"" ),
                                responseAction.contains( QStringLiteral( ""action_id"" ) ) )
              .toBool();
    response.response.actionId = responseAction.value( QStringLiteral( ""action_id"" ), -1 ).toInt();
    const auto stepsList = responseAction.value( QStringLiteral( ""steps"" ) ).toList();
    for ( const auto& stepValue : stepsList ) {
        const auto stepMap = stepValue.toMap();
        ResponseActionStep step;
        step.actionId = stepMap.value( QStringLiteral( ""action_id"" ), -1 ).toInt();
        step.delayMs = stepMap.value( QStringLiteral( ""delay_ms"" ), 0 ).toInt();
        response.response.steps.push_back( step );
    }
    response.response.hasInlineAction
        = responseAction.value( QStringLiteral( ""has_inline_action"" ),
                                responseAction.contains( QStringLiteral( ""action"" ) ) )
              .toBool();
    response.response.comment = responseAction.value( QStringLiteral( ""comment"" ) ).toString();
    response.response.linebreak = responseAction.value( QStringLiteral( ""linebreak"" ), false ).toBool();
    response.response.timestamp = responseAction.value( QStringLiteral( ""timestamp"" ), false ).toBool();
    response.response.snapshot = responseAction.value( QStringLiteral( ""snapshot"" ), false ).toBool();
    response.response.stopCommunication
        = responseAction.value( QStringLiteral( ""stop_communication"" ), false ).toBool();

    const auto inlineActionMap = responseAction.value( QStringLiteral( ""action"" ) ).toMap();
    if ( !inlineActionMap.isEmpty() ) {
        bool inlineTypeOk = false;
        response.response.inlineAction.type = actionSequenceTypeFromString(
            inlineActionMap.value( QStringLiteral( ""type"" ) ).toString(), &inlineTypeOk );
        response.response.inlineAction.value
            = inlineActionMap.value( QStringLiteral( ""value"" ) ).toString();
        if ( !inlineTypeOk ) {
            setError( errorMessage, QStringLiteral( ""Invalid response inline action type."" ) );
        }
    }

    normalizeResponseAction( &response.response );

    QString validationError;
    if ( !validateResponseDefinition( response, &validationError ) ) {
        setError( errorMessage, validationError );
    }

    return response;
}
",""
"Function:src/ui/src/actionruntime.cpp:effectiveRepeatCount","effectiveRepeatCount","src/ui/src/actionruntime.cpp",12,15,false,"
namespace {
int effectiveRepeatCount( const ActionDefinition& action )
{
    return qMax( action.parameters.repeat ? 2 : 1, action.parameters.repeatCount );
}

void setError( QString* errorMessage, const QString& message )
",""
"Function:src/ui/src/actionruntime.cpp:setError","setError","src/ui/src/actionruntime.cpp",17,22,false,"}

void setError( QString* errorMessage, const QString& message )
{
    if ( errorMessage != nullptr ) {
        *errorMessage = message;
    }
}
} // namespace

",""
"Function:src/ui/src/actionruntime.cpp:matchResponseDefinition","matchResponseDefinition","src/ui/src/actionruntime.cpp",25,83,true,"} // namespace

ResponseMatchResult matchResponseDefinition( const ResponseDefinition& response,
                                            const QByteArray& lineBytes,
                                            const QString& providedLineText )
{
    ResponseMatchResult result;
    result.lineText = providedLineText.isEmpty() ? QString::fromLatin1( lineBytes ) : providedLineText;

    switch ( response.match.type ) {
    case ResponseMatchType::String:
        result.matched = result.lineText.contains( response.match.value, Qt::CaseInsensitive );
        break;
    case ResponseMatchType::HexString: {
        const auto decoded = decodeHexStringToBytes( response.match.value );
        if ( decoded.ok ) {
            result.matched = lineBytes.contains( decoded.bytes );
        }
        break;
    }
    case ResponseMatchType::Regex: {
        const auto regex = response.match.compiled.isValid()
                               ? response.match.compiled
                               : QRegularExpression( response.match.value );
        const auto match = regex.match( result.lineText );
        if ( match.hasMatch() ) {
            result.matched = true;
            const auto names = regex.namedCaptureGroups();
            for ( const auto& name : names ) {
                if ( !name.isEmpty() ) {
                    result.captures.insert( name, match.captured( name ) );
                }
            }
            const auto texts = match.capturedTexts();
            for ( qsizetype i = 0; i < texts.size(); ++i ) {
                result.captures.insert( QString::number( i ), texts.at( i ) );
            }
        }
        break;
    }
    case ResponseMatchType::Wildcard: {
        const auto regex = response.match.compiled.isValid()
                               ? response.match.compiled
                               : QRegularExpression(
                                     QRegularExpression::wildcardToRegularExpression(
                                         response.match.value ),
                                     QRegularExpression::CaseInsensitiveOption );
        const auto match = regex.match( result.lineText );
        if ( match.hasMatch() ) {
            result.matched = true;
            const auto texts = match.capturedTexts();
            for ( qsizetype i = 0; i < texts.size(); ++i ) {
                result.captures.insert( QString::number( i ), texts.at( i ) );
            }
        }
        break;
    }
    }

    return result;
}

bool sendActionDefinition( StreamSession* session,
",""
"Function:src/ui/src/actionruntime.cpp:sendActionDefinition","sendActionDefinition","src/ui/src/actionruntime.cpp",85,131,true,"}

bool sendActionDefinition( StreamSession* session,
                           const ActionDefinition& action,
                           const QMap<QString, QString>& substitutions,
                           int stepIndex,
                           QString* errorMessage )
{
    if ( session == nullptr || !session->isConnectionOpen() ) {
        setError( errorMessage, QObject::tr( ""No active COM port."" ) );
        return false;
    }

    QStringList missing;
    const auto encoded = actionDefinitionToBytes( action, substitutions, &missing );
    if ( !encoded.ok ) {
        setError( errorMessage,
                  encoded.error.isEmpty() ? QObject::tr( ""Failed to encode action."" )
                                          : encoded.error );
        return false;
    }

    const auto repeatCount = effectiveRepeatCount( action );
    const auto firstDelay = qMax( 0, action.parameters.delay );
    const auto repeatInterval = qMax( 0, action.parameters.repeatInterval );
    QPointer<StreamSession> safeSession = session;

    for ( int index = 0; index < repeatCount; ++index ) {
        const auto delayMs = firstDelay + ( index * repeatInterval );
        if ( delayMs <= 0 ) {
            if ( safeSession ) {
                safeSession->notifyActionSend( action.id, action.name, stepIndex, encoded.bytes );
                safeSession->sendBytes( encoded.bytes );
            }
            continue;
        }

        QTimer::singleShot( delayMs, session,
                            [ safeSession, actionId = action.id, actionName = action.name,
                              stepIndex, bytes = encoded.bytes ]() {
            if ( safeSession && safeSession->isConnectionOpen() ) {
                safeSession->notifyActionSend( actionId, actionName, stepIndex, bytes );
                safeSession->sendBytes( bytes );
            }
        } );
    }

    return true;
}

bool executeResponseDefinition( StreamSession* session,
",""
"Function:src/ui/src/actionruntime.cpp:executeResponseDefinition","executeResponseDefinition","src/ui/src/actionruntime.cpp",133,228,true,"}

bool executeResponseDefinition( StreamSession* session,
                                const ResponseDefinition& response,
                                const QMap<QString, QString>& captures,
                                QString* errorMessage )
{
    if ( session == nullptr ) {
        setError( errorMessage, QObject::tr( ""No target COM session."" ) );
        return false;
    }

    if ( response.response.hasInlineAction ) {
        ActionDefinition inlineAction;
        inlineAction.name = response.name;
        inlineAction.sequence = response.response.inlineAction;
        if ( !sendActionDefinition( session, inlineAction, captures, -1, errorMessage ) ) {
            return false;
        }
    }

    QVector<ActionDefinition> linkedActions;
    QVector<int> linkedDelays;
    linkedActions.reserve( response.response.steps.size() );
    linkedDelays.reserve( response.response.steps.size() );
    for ( const auto& step : response.response.steps ) {
        const auto* action = ActionsManager::instance().findActionById( step.actionId );
        if ( action == nullptr ) {
            setError( errorMessage, QObject::tr( ""Unknown action id %1."" ).arg( step.actionId ) );
            return false;
        }
        linkedActions.push_back( *action );
        linkedDelays.push_back( qMax( 0, step.delayMs ) );
    }

    QPointer<StreamSession> safeSession = session;
    int cumulativeDelay = 0;
    for ( int index = 0; index < linkedActions.size(); ++index ) {
        cumulativeDelay += linkedDelays.at( index );
        const auto action = linkedActions.at( index );
        if ( cumulativeDelay <= 0 ) {
            if ( !sendActionDefinition( session, action, captures, index, errorMessage ) ) {
                return false;
            }
            continue;
        }

        QTimer::singleShot( cumulativeDelay, session,
                            [ safeSession, action, captures, stepIndex = index ]() {
            if ( safeSession && safeSession->isConnectionOpen() ) {
                QString ignoredError;
                sendActionDefinition( safeSession, action, captures, stepIndex, &ignoredError );
            }
        } );
    }

    const auto finalizeResponse = [ safeSession, response, captures ]() {
        if ( !safeSession ) {
            return;
        }

        if ( !response.response.comment.isEmpty() || response.response.linebreak ) {
            QStringList missing;
            QString comment = response.response.comment;
            if ( !captures.isEmpty() ) {
                comment = resolveTemplateString( comment, captures, &missing );
            }
            if ( response.response.timestamp ) {
                const auto timestamp = QDateTime::currentDateTime().toString( Qt::ISODateWithMs );
                comment = comment.isEmpty() ? timestamp
                                            : QStringLiteral( ""%1 %2"" ).arg( timestamp, comment );
            }

            QByteArray output;
            if ( !comment.isEmpty() ) {
                output.append( comment.toLatin1() );
                output.append( ""\r\n"" );
            }
            if ( response.response.linebreak ) {
                output.append( ""\r\n"" );
            }
            safeSession->appendToFile( output );
        }

        if ( response.response.stopCommunication ) {
            safeSession->closeConnection();
        }
    };

    if ( cumulativeDelay > 0 ) {
        QTimer::singleShot( cumulativeDelay, session, finalizeResponse );
    }
    else {
        finalizeResponse();
    }

    return true;
}
",""
"Function:src/ui/src/actioneditdialog.cpp:displayedStringToBytes","displayedStringToBytes","src/ui/src/actioneditdialog.cpp",21,79,false,"
namespace {
QByteArray displayedStringToBytes( const QString& text )
{
    QByteArray bytes;
    bytes.reserve( text.size() );

    for ( int index = 0; index < text.size(); ++index ) {
        const auto ch = text.at( index );
        if ( ch != QLatin1Char( '\\' ) ) {
            bytes.push_back( static_cast<char>( ch.toLatin1() ) );
            continue;
        }

        if ( index + 1 >= text.size() ) {
            bytes.push_back( '\\' );
            continue;
        }

        const auto next = text.at( index + 1 );
        switch ( next.toLatin1() ) {
        case '\\':
            bytes.push_back( '\\' );
            ++index;
            break;
        case 'r':
            bytes.push_back( '\r' );
            ++index;
            break;
        case 'n':
            bytes.push_back( '\n' );
            ++index;
            break;
        case 't':
            bytes.push_back( '\t' );
            ++index;
            break;
        case '0':
            bytes.push_back( '\0' );
            ++index;
            break;
        case 'x':
            if ( index + 3 < text.size() ) {
                bool ok = false;
                const auto hexByte = text.mid( index + 2, 2 ).toUInt( &ok, 16 );
                if ( ok ) {
                    bytes.push_back( static_cast<char>( hexByte ) );
                    index += 3;
                    break;
                }
            }
            bytes.push_back( '\\' );
            break;
        default:
            bytes.push_back( '\\' );
            break;
        }
    }

    return bytes;
}

QString bytesToDisplayedString( const QByteArray& bytes )
",""
"Function:src/ui/src/actioneditdialog.cpp:bytesToDisplayedString","bytesToDisplayedString","src/ui/src/actioneditdialog.cpp",81,116,false,"}

QString bytesToDisplayedString( const QByteArray& bytes )
{
    QString text;
    text.reserve( bytes.size() );
    for ( const auto rawByte : bytes ) {
        const auto byte = static_cast<quint8>( rawByte );
        switch ( byte ) {
        case '\\':
            text += QStringLiteral( ""\\\\"" );
            break;
        case '\r':
            text += QStringLiteral( ""\\r"" );
            break;
        case '\n':
            text += QStringLiteral( ""\\n"" );
            break;
        case '\t':
            text += QStringLiteral( ""\\t"" );
            break;
        case '\0':
            text += QStringLiteral( ""\\0"" );
            break;
        default:
            if ( byte >= 0x20 && byte <= 0x7E ) {
                text += QLatin1Char( static_cast<char>( byte ) );
            }
            else {
                text += QStringLiteral( ""\\x%1"" )
                            .arg( byte, 2, 16, QLatin1Char( '0' ) )
                            .toUpper();
            }
            break;
        }
    }
    return text;
}

QStringList splitCsvValues( const QString& text )
",""
"Function:src/ui/src/actioneditdialog.cpp:splitCsvValues","splitCsvValues","src/ui/src/actioneditdialog.cpp",118,129,false,"}

QStringList splitCsvValues( const QString& text )
{
    QStringList values;
    const auto parts = text.split( QLatin1Char( ',' ), Qt::SkipEmptyParts );
    for ( const auto& part : parts ) {
        const auto trimmed = part.trimmed();
        if ( !trimmed.isEmpty() ) {
            values.push_back( trimmed );
        }
    }
    return values;
}

QString bytesToHexString( const QByteArray& bytes )
",""
"Function:src/ui/src/actioneditdialog.cpp:bytesToHexString","bytesToHexString","src/ui/src/actioneditdialog.cpp",131,141,false,"}

QString bytesToHexString( const QByteArray& bytes )
{
    QStringList parts;
    parts.reserve( bytes.size() );
    for ( const auto byte : bytes ) {
        parts.push_back( QStringLiteral( ""%1"" )
                             .arg( static_cast<quint8>( byte ), 2, 16, QLatin1Char( '0' ) )
                             .toUpper() );
    }
    return parts.join( QLatin1Char( ' ' ) );
}

QString lineEndingEscapeText( const QString& lineEndingMode )
",""
"Function:src/ui/src/actioneditdialog.cpp:lineEndingEscapeText","lineEndingEscapeText","src/ui/src/actioneditdialog.cpp",143,152,false,"}

QString lineEndingEscapeText( const QString& lineEndingMode )
{
    if ( lineEndingMode == QStringLiteral( ""cr"" ) ) {
        return QStringLiteral( ""\\r"" );
    }
    if ( lineEndingMode == QStringLiteral( ""lf"" ) ) {
        return QStringLiteral( ""\\n"" );
    }
    return QStringLiteral( ""\\r\\n"" );
}
} // namespace

",""
"Function:src/ui/src/actioneditdialog.cpp:blocker","blocker","src/ui/src/actioneditdialog.cpp",321,321,true,"
    syncingSequenceEditors_ = true;
    const QSignalBlocker blocker( hexValueEdit_ );
    hexValueEdit_->setPlainText( bytesToHexString( displayedStringToBytes( stringValueEdit_->toPlainText() ) ) );
    syncingSequenceEditors_ = false;
",""
"Function:src/ui/src/actioneditdialog.cpp:stringBlocker","stringBlocker","src/ui/src/actioneditdialog.cpp",346,346,true,"{
    syncingSequenceEditors_ = true;
    const QSignalBlocker stringBlocker( stringValueEdit_ );
    const QSignalBlocker hexBlocker( hexValueEdit_ );

",""
"Function:src/ui/src/actioneditdialog.cpp:hexBlocker","hexBlocker","src/ui/src/actioneditdialog.cpp",347,347,true,"    syncingSequenceEditors_ = true;
    const QSignalBlocker stringBlocker( stringValueEdit_ );
    const QSignalBlocker hexBlocker( hexValueEdit_ );

    if ( sequence.type == ActionSequenceType::HexString ) {
",""
"Function:src/ui/src/abstractlogview.cpp:countLeadingZeroes","countLeadingZeroes","src/ui/src/abstractlogview.cpp",105,115,true,"
#if _WIN64
inline int countLeadingZeroes( uint64_t value )
{
    unsigned long leading_zero = 0;

    if ( _BitScanReverse64( &leading_zero, value ) ) {
        return 63ul - leading_zero;
    }
    else {
        return 64;
    }
}
#else
inline int countLeadingZeroes( uint64_t value )
",""
"Function:src/ui/src/abstractlogview.cpp:mapPullToFollowLength","mapPullToFollowLength","src/ui/src/abstractlogview.cpp",139,139,false,"namespace {

int mapPullToFollowLength( int length );

int intLog2( uint64_t x )
",""
"Function:src/ui/src/abstractlogview.cpp:intLog2","intLog2","src/ui/src/abstractlogview.cpp",141,144,false,"int mapPullToFollowLength( int length );

int intLog2( uint64_t x )
{
    return 63 - countLeadingZeroes( x | 1 );
}

// see https://lemire.me/blog/2021/05/28/computing-the-number-of-digits-of-an-integer-quickly/
",""
"Function:src/ui/src/abstractlogview.cpp:countDigits","countDigits","src/ui/src/abstractlogview.cpp",147,175,false,"
// see https://lemire.me/blog/2021/05/28/computing-the-number-of-digits-of-an-integer-quickly/
int countDigits( uint64_t x )
{
    int l2 = intLog2( x );
    int ans = ( ( 77 * l2 ) >> 8 );
    static uint64_t table[] = { 9,
                                99,
                                999,
                                9999,
                                99999,
                                999999,
                                9999999,
                                99999999,
                                999999999,
                                9999999999,
                                99999999999,
                                999999999999,
                                9999999999999,
                                99999999999999,
                                999999999999999,
                                9999999999999999,
                                99999999999999999,
                                999999999999999999,
                                9999999999999999999u,
                                0xFFFFFFFFFFFFFF };
    if ( x > table[ ans ] ) {
        ans += 1;
    }
    return ans + 1;
}

int textWidth( const QFontMetrics& fm, const QString& text )
",""
"Function:src/ui/src/abstractlogview.cpp:textWidth","textWidth","src/ui/src/abstractlogview.cpp",177,180,false,"}

int textWidth( const QFontMetrics& fm, const QString& text )
{
    return fm.horizontalAdvance( text );
}

int textWidth( const QFontMetrics& fm, const QStringView& text )
",""
"Function:src/ui/src/abstractlogview.cpp:pixmapPainter","pixmapPainter","src/ui/src/abstractlogview.cpp",190,200,false,"}

std::unique_ptr<QPainter> pixmapPainter( QPaintDevice* paintDevice, const QFont& font )
{
    auto painter = std::make_unique<QPainter>( paintDevice );
    // LOG_DEBUG << ""font: "" << viewport()->font().family().toStdString();
    // LOG_DEBUG << ""font painter: "" << painter->font().family().toStdString();

    painter->setFont( font );
    painter->setRenderHints( QPainter::Antialiasing | QPainter::TextAntialiasing );

    return painter;
}

QFontMetrics pixmapFontMetrics( const QFont& font )
",""
"Function:src/ui/src/abstractlogview.cpp:pixmapFontMetrics","pixmapFontMetrics","src/ui/src/abstractlogview.cpp",202,207,false,"}

QFontMetrics pixmapFontMetrics( const QFont& font )
{
    QPixmap pm{ 1, 1 };
    auto devicePainter = pixmapPainter( &pm, font );
    return devicePainter->fontMetrics();
}

class LineChunk {
",""
"Function:src/ui/src/abstractlogview.cpp:highlightersChange","highlightersChange","src/ui/src/abstractlogview.cpp",569,569,true,"        highlightersMenu_->createHighlightersMenu();
        highlightersMenu_->populateHighlightersMenu();
        highlightersMenu_->setApplyChange( [ this ]() { Q_EMIT highlightersChange(); } );

        auto colorLablesActionGroup = new QActionGroup( this );
",""
"Function:src/ui/src/abstractlogview.cpp:activity","activity","src/ui/src/abstractlogview.cpp",631,631,true,"    }

    Q_EMIT activity();
}

",""
"Function:src/ui/src/abstractlogview.cpp:ev","ev","src/ui/src/abstractlogview.cpp",732,733,true,"        const QPoint globalPos = QCursor::pos( activeScreen( this ) );
        const QPoint pos = viewport()->mapFromGlobal( globalPos );
        QMouseEvent ev( QEvent::MouseMove, pos, globalPos, Qt::LeftButton, Qt::LeftButton,
                        Qt::NoModifier );
        mouseMoveEvent( &ev );
        int deltaX = qMax( pos.x() - visible.left(), visible.right() - pos.x() ) - visible.width();
",""
"Function:src/ui/src/abstractlogview.cpp:searchNext","searchNext","src/ui/src/abstractlogview.cpp",833,833,true,"                      [ this ]() { jumpToRightOfScreen(); } );

    registerShortcut( ShortcutAction::LogViewQfForward, [ this ]() { Q_EMIT searchNext(); } );
    registerShortcut( ShortcutAction::LogViewQfBackward, [ this ]() { Q_EMIT searchPrevious(); } );
    registerShortcut( ShortcutAction::LogViewQfSelectedForward,
",""
"Function:src/ui/src/abstractlogview.cpp:searchPrevious","searchPrevious","src/ui/src/abstractlogview.cpp",834,834,true,"
    registerShortcut( ShortcutAction::LogViewQfForward, [ this ]() { Q_EMIT searchNext(); } );
    registerShortcut( ShortcutAction::LogViewQfBackward, [ this ]() { Q_EMIT searchPrevious(); } );
    registerShortcut( ShortcutAction::LogViewQfSelectedForward,
                      [ this ]() { findNextSelected(); } );
",""
"Function:src/ui/src/abstractlogview.cpp:exitView","exitView","src/ui/src/abstractlogview.cpp",847,847,true,"    } );

    registerShortcut( ShortcutAction::LogViewExitView, [ this ]() { Q_EMIT exitView(); } );

    registerShortcut( ShortcutAction::LogViewSendSelectionToScratchpad,
",""
"Function:src/ui/src/abstractlogview.cpp:sendSelectionToScratchpad","sendSelectionToScratchpad","src/ui/src/abstractlogview.cpp",850,850,true,"
    registerShortcut( ShortcutAction::LogViewSendSelectionToScratchpad,
                      [ this ]() { Q_EMIT sendSelectionToScratchpad(); } );

    registerShortcut( ShortcutAction::LogViewReplaceScratchpadWithSelection,
",""
"Function:src/ui/src/abstractlogview.cpp:replaceScratchpadWithSelection","replaceScratchpadWithSelection","src/ui/src/abstractlogview.cpp",853,853,true,"
    registerShortcut( ShortcutAction::LogViewReplaceScratchpadWithSelection,
                      [ this ]() { Q_EMIT replaceScratchpadWithSelection(); } );

    registerShortcut( ShortcutAction::LogViewAddToSearch, [ this ]() { addToSearch(); } );
",""
"Function:src/ui/src/abstractlogview.cpp:devicePainter","devicePainter","src/ui/src/abstractlogview.cpp",1128,1128,true,"    }

    QPainter devicePainter( viewport() );
    int drawingTopPosition = -pullToFollowHeight;
    int drawingPullToFollowTopPosition = drawingTopPosition + wholeHeight;
",""
"Function:src/ui/src/abstractlogview.cpp:markLines","markLines","src/ui/src/abstractlogview.cpp",1407,1407,true,"    auto lines = selection_.getLines();
    if ( !lines.empty() ) {
        Q_EMIT markLines( lines );
    }
}
",""
"Function:src/ui/src/abstractlogview.cpp:changeSearchLimits","changeSearchLimits","src/ui/src/abstractlogview.cpp",1541,1541,true,"    forceRefresh();

    Q_EMIT changeSearchLimits( searchStart_, searchEnd_ );
}

",""
"Function:src/ui/src/abstractlogview.cpp:newSelection","newSelection","src/ui/src/abstractlogview.cpp",1724,1724,true,"    selectionCurrentEndPos_ = FilePosition{ line, startCol + nSymbols };
    displayLine( line );
    Q_EMIT newSelection( line, nLines, startCol, nSymbols );
}

",""
"Function:src/ui/src/abstractlogview.cpp:saveDefaultSplitterSizes","saveDefaultSplitterSizes","src/ui/src/abstractlogview.cpp",2097,2097,true,"    saveDefaultSplitterSizesAction_ = new QAction( tr( ""Save splitter position"" ), this );
    connect( saveDefaultSplitterSizesAction_, &QAction::triggered, this,
             [ this ]( auto ) { Q_EMIT saveDefaultSplitterSizes(); } );

    sendToScratchpadAction_ = new QAction( tr( ""Send to scratchpad"" ), this );
",""
"Function:src/ui/src/abstractlogview.cpp:sendSelectionToPreview","sendSelectionToPreview","src/ui/src/abstractlogview.cpp",2152,2152,true,"    auto* autoAction = sendToPreviewMenu_->addAction( tr( ""Auto"" ) );
    connect( autoAction, &QAction::triggered, this,
             [ this ]( auto ) { Q_EMIT sendSelectionToPreview( QString() ); } );

    const auto previews = PreviewManager::instance().enabled();
",""
"Function:src/ui/src/abstractlogview.cpp:mouseLeftHoveringZone","mouseLeftHoveringZone","src/ui/src/abstractlogview.cpp",2178,2178,true,"    else {
        if ( lastHoveredLine_.has_value() ) {
            Q_EMIT mouseLeftHoveringZone();
            lastHoveredLine_ = {};
        }
",""
"Function:src/ui/src/abstractlogview.cpp:lineDrawer","lineDrawer","src/ui/src/abstractlogview.cpp",2484,2484,true,"                           backColor );

        LineDrawer lineDrawer( backColor );
        const auto firstVisibleColumn = std::clamp( useTextWrap_ ? 0_lcol : firstCol_, 0_lcol,
                                                    LineColumn{ klogg::isize( expandedLine ) } );
",""
"Function:src/ui/src/abstractlogview.cpp:clearColorLabels","clearColorLabels","src/ui/src/abstractlogview.cpp",2695,2695,true,"    }
    else {
        Q_EMIT clearColorLabels();
    }
}
",""
"Function:src/ui/include/serialcaptureworker.h:serializeSerialCaptureSettings","serializeSerialCaptureSettings","src/ui/include/serialcaptureworker.h",22,22,true,"};

QString serializeSerialCaptureSettings( const SerialCaptureSettings& settings );
std::optional<SerialCaptureSettings> deserializeSerialCaptureSettings( const QString& serialized );

",""
"Function:src/ui/include/serialcaptureworker.h:deserializeSerialCaptureSettings","deserializeSerialCaptureSettings","src/ui/include/serialcaptureworker.h",23,23,true,"
QString serializeSerialCaptureSettings( const SerialCaptureSettings& settings );
std::optional<SerialCaptureSettings> deserializeSerialCaptureSettings( const QString& serialized );

class SerialCaptureWorker : public QObject {
",""
"Function:src/ui/include/scriptsupervisor.h:scriptRunStateToString","scriptRunStateToString","src/ui/include/scriptsupervisor.h",127,127,true,"};

QString scriptRunStateToString( ScriptRunState state );
",""
"Function:src/ui/include/scenariorunner.h:scenarioRunStateToString","scenarioRunStateToString","src/ui/include/scenariorunner.h",130,130,true,"};

QString scenarioRunStateToString( ScenarioRunState state );
",""
"Function:src/ui/include/previewdecodeutils.h:parseHexToU64AllowOddDigits","parseHexToU64AllowOddDigits","src/ui/include/previewdecodeutils.h",30,30,true,"};

HexParseResult parseHexToU64AllowOddDigits( const QString& input );
HexDecodeResult decodeHexStringToBytes( const QString& input );
PreviewExpressionResult evaluatePreviewExpression( const PreviewValueExpr& expr,
",""
"Function:src/ui/include/previewdecodeutils.h:decodeHexStringToBytes","decodeHexStringToBytes","src/ui/include/previewdecodeutils.h",31,31,true,"
HexParseResult parseHexToU64AllowOddDigits( const QString& input );
HexDecodeResult decodeHexStringToBytes( const QString& input );
PreviewExpressionResult evaluatePreviewExpression( const PreviewValueExpr& expr,
                                                   const QMap<QString, qint64>& values );
",""
"Function:src/ui/include/previewdecodeutils.h:evaluatePreviewExpression","evaluatePreviewExpression","src/ui/include/previewdecodeutils.h",32,33,true,"HexParseResult parseHexToU64AllowOddDigits( const QString& input );
HexDecodeResult decodeHexStringToBytes( const QString& input );
PreviewExpressionResult evaluatePreviewExpression( const PreviewValueExpr& expr,
                                                   const QMap<QString, qint64>& values );
QString resolveTemplateString( const QString& templateText,
                               const QMap<QString, QString>& values,
",""
"Function:src/ui/include/previewdecodeutils.h:resolveTemplateString","resolveTemplateString","src/ui/include/previewdecodeutils.h",34,36,true,"PreviewExpressionResult evaluatePreviewExpression( const PreviewValueExpr& expr,
                                                   const QMap<QString, qint64>& values );
QString resolveTemplateString( const QString& templateText,
                               const QMap<QString, QString>& values,
                               QStringList* missing = nullptr );
",""
"Function:src/ui/include/previewconfig.h:previewBufferTypeToString","previewBufferTypeToString","src/ui/include/previewconfig.h",69,69,true,"};

QString previewBufferTypeToString( PreviewBufferType type );
QString previewFormatToString( PreviewFormat format );
QString previewFieldSourceToString( PreviewFieldSource source );
",""
"Function:src/ui/include/previewconfig.h:previewFormatToString","previewFormatToString","src/ui/include/previewconfig.h",70,70,true,"
QString previewBufferTypeToString( PreviewBufferType type );
QString previewFormatToString( PreviewFormat format );
QString previewFieldSourceToString( PreviewFieldSource source );
PreviewBufferType previewBufferTypeFromString( const QString& value, bool* ok );
",""
"Function:src/ui/include/previewconfig.h:previewFieldSourceToString","previewFieldSourceToString","src/ui/include/previewconfig.h",71,71,true,"QString previewBufferTypeToString( PreviewBufferType type );
QString previewFormatToString( PreviewFormat format );
QString previewFieldSourceToString( PreviewFieldSource source );
PreviewBufferType previewBufferTypeFromString( const QString& value, bool* ok );
PreviewFormat previewFormatFromString( const QString& value, bool* ok );
",""
"Function:src/ui/include/previewconfig.h:previewBufferTypeFromString","previewBufferTypeFromString","src/ui/include/previewconfig.h",72,72,true,"QString previewFormatToString( PreviewFormat format );
QString previewFieldSourceToString( PreviewFieldSource source );
PreviewBufferType previewBufferTypeFromString( const QString& value, bool* ok );
PreviewFormat previewFormatFromString( const QString& value, bool* ok );
PreviewFieldSource previewFieldSourceFromString( const QString& value, bool* ok );
",""
"Function:src/ui/include/previewconfig.h:previewFormatFromString","previewFormatFromString","src/ui/include/previewconfig.h",73,73,true,"QString previewFieldSourceToString( PreviewFieldSource source );
PreviewBufferType previewBufferTypeFromString( const QString& value, bool* ok );
PreviewFormat previewFormatFromString( const QString& value, bool* ok );
PreviewFieldSource previewFieldSourceFromString( const QString& value, bool* ok );
",""
"Function:src/ui/include/previewconfig.h:previewFieldSourceFromString","previewFieldSourceFromString","src/ui/include/previewconfig.h",74,74,true,"PreviewBufferType previewBufferTypeFromString( const QString& value, bool* ok );
PreviewFormat previewFormatFromString( const QString& value, bool* ok );
PreviewFieldSource previewFieldSourceFromString( const QString& value, bool* ok );
",""
"Function:src/ui/include/predefinedfilters.h:createPredefinedFilterId","createPredefinedFilterId","src/ui/include/predefinedfilters.h",78,78,true,"};

QString createPredefinedFilterId();

Q_DECLARE_METATYPE(PredefinedFilter)
",""
"Function:src/ui/include/comportutils.h:defaultComLogDirectory","defaultComLogDirectory","src/ui/include/comportutils.h",12,12,true,"// Returns a writable default directory for COM capture logs (Documents/kloggs or home fallback),
// creating it if needed.
QString defaultComLogDirectory();

// Build the default serial capture settings from current Preferences.
",""
"Function:src/ui/include/comportutils.h:defaultSerialCaptureSettings","defaultSerialCaptureSettings","src/ui/include/comportutils.h",15,15,true,"
// Build the default serial capture settings from current Preferences.
SerialCaptureSettings defaultSerialCaptureSettings();

// Build a suggested capture file path based on the port/baud and the configured capture directory.",""
"Function:src/ui/include/comportutils.h:suggestedComCapturePath","suggestedComCapturePath","src/ui/include/comportutils.h",18,18,true,"
// Build a suggested capture file path based on the port/baud and the configured capture directory.
QString suggestedComCapturePath( const SerialCaptureSettings& settings );

// Build the next capture file path in the same directory as the current capture.",""
"Function:src/ui/include/comportutils.h:suggestedNextComCapturePath","suggestedNextComCapturePath","src/ui/include/comportutils.h",21,23,true,"
// Build the next capture file path in the same directory as the current capture.
QString suggestedNextComCapturePath(
    const SerialCaptureSettings& settings,
    const QDateTime& timestamp = QDateTime::currentDateTime() );

// Resolve commander COM options against Preferences/defaults.",""
"Function:src/ui/include/comportutils.h:resolveCommanderComSettings","resolveCommanderComSettings","src/ui/include/comportutils.h",26,26,true,"
// Resolve commander COM options against Preferences/defaults.
SerialCaptureSettings resolveCommanderComSettings( const CommanderComSettings& settings );

// Ensures that the given capture file can be created/opened for append.
",""
"Function:src/ui/include/comportutils.h:ensureComCaptureFileWritable","ensureComCaptureFileWritable","src/ui/include/comportutils.h",30,30,true,"// Ensures that the given capture file can be created/opened for append.
// Returns true on success, false on failure and optionally populates errorMessage.
bool ensureComCaptureFileWritable( const QString& path, QString* errorMessage = nullptr );

// Populate standard serial parameter combos with common values and defaults.
",""
"Function:src/ui/include/comportutils.h:populateSerialControls","populateSerialControls","src/ui/include/comportutils.h",33,37,true,"
// Populate standard serial parameter combos with common values and defaults.
void populateSerialControls( QComboBox* baudCombo,
                             QComboBox* dataBitsCombo,
                             QComboBox* parityCombo,
                             QComboBox* stopBitsCombo,
                             QComboBox* flowCombo );

",""
"Function:src/ui/include/commander.h:commanderActionToString","commanderActionToString","src/ui/include/commander.h",141,141,true,"};

QString commanderActionToString( CommanderAction action );
std::optional<CommanderAction> commanderActionFromString( const QString& action );
QString commanderResultCodeToString( CommanderResultCode code );
",""
"Function:src/ui/include/commander.h:commanderActionFromString","commanderActionFromString","src/ui/include/commander.h",142,142,true,"
QString commanderActionToString( CommanderAction action );
std::optional<CommanderAction> commanderActionFromString( const QString& action );
QString commanderResultCodeToString( CommanderResultCode code );
QString normalizeCommanderFilePath( const QString& path );
",""
"Function:src/ui/include/commander.h:commanderResultCodeToString","commanderResultCodeToString","src/ui/include/commander.h",143,143,true,"QString commanderActionToString( CommanderAction action );
std::optional<CommanderAction> commanderActionFromString( const QString& action );
QString commanderResultCodeToString( CommanderResultCode code );
QString normalizeCommanderFilePath( const QString& path );
QString normalizeCommanderUrl( const QString& url );
",""
"Function:src/ui/include/commander.h:normalizeCommanderFilePath","normalizeCommanderFilePath","src/ui/include/commander.h",144,144,true,"std::optional<CommanderAction> commanderActionFromString( const QString& action );
QString commanderResultCodeToString( CommanderResultCode code );
QString normalizeCommanderFilePath( const QString& path );
QString normalizeCommanderUrl( const QString& url );
bool isCommanderOpenAction( CommanderAction action );
",""
"Function:src/ui/include/commander.h:normalizeCommanderUrl","normalizeCommanderUrl","src/ui/include/commander.h",145,145,true,"QString commanderResultCodeToString( CommanderResultCode code );
QString normalizeCommanderFilePath( const QString& path );
QString normalizeCommanderUrl( const QString& url );
bool isCommanderOpenAction( CommanderAction action );

",""
"Function:src/ui/include/commander.h:isCommanderOpenAction","isCommanderOpenAction","src/ui/include/commander.h",146,146,true,"QString normalizeCommanderFilePath( const QString& path );
QString normalizeCommanderUrl( const QString& url );
bool isCommanderOpenAction( CommanderAction action );

QVariantMap commanderRequestToVariantMap( const CommanderRequest& request );
",""
"Function:src/ui/include/commander.h:commanderRequestToVariantMap","commanderRequestToVariantMap","src/ui/include/commander.h",148,148,true,"bool isCommanderOpenAction( CommanderAction action );

QVariantMap commanderRequestToVariantMap( const CommanderRequest& request );
std::optional<CommanderRequest> commanderRequestFromVariantMap( const QVariantMap& map,
                                                                QString* errorMessage = nullptr );
",""
"Function:src/ui/include/commander.h:commanderRequestFromVariantMap","commanderRequestFromVariantMap","src/ui/include/commander.h",149,150,true,"
QVariantMap commanderRequestToVariantMap( const CommanderRequest& request );
std::optional<CommanderRequest> commanderRequestFromVariantMap( const QVariantMap& map,
                                                                QString* errorMessage = nullptr );
QVariantMap commanderResultToVariantMap( const CommanderResult& result );
std::optional<CommanderResult> commanderResultFromVariantMap( const QVariantMap& map,
",""
"Function:src/ui/include/commander.h:commanderResultToVariantMap","commanderResultToVariantMap","src/ui/include/commander.h",151,151,true,"std::optional<CommanderRequest> commanderRequestFromVariantMap( const QVariantMap& map,
                                                                QString* errorMessage = nullptr );
QVariantMap commanderResultToVariantMap( const CommanderResult& result );
std::optional<CommanderResult> commanderResultFromVariantMap( const QVariantMap& map,
                                                              QString* errorMessage = nullptr );
",""
"Function:src/ui/include/commander.h:commanderResultFromVariantMap","commanderResultFromVariantMap","src/ui/include/commander.h",152,153,true,"                                                                QString* errorMessage = nullptr );
QVariantMap commanderResultToVariantMap( const CommanderResult& result );
std::optional<CommanderResult> commanderResultFromVariantMap( const QVariantMap& map,
                                                              QString* errorMessage = nullptr );

bool writeCommanderResult( const QString& resultPath, const CommanderResult& result );
",""
"Function:src/ui/include/commander.h:writeCommanderResult","writeCommanderResult","src/ui/include/commander.h",155,155,true,"                                                              QString* errorMessage = nullptr );

bool writeCommanderResult( const QString& resultPath, const CommanderResult& result );
std::optional<CommanderResult> readCommanderResult( const QString& resultPath,
                                                    QString* errorMessage = nullptr );
",""
"Function:src/ui/include/commander.h:readCommanderResult","readCommanderResult","src/ui/include/commander.h",156,157,true,"
bool writeCommanderResult( const QString& resultPath, const CommanderResult& result );
std::optional<CommanderResult> readCommanderResult( const QString& resultPath,
                                                    QString* errorMessage = nullptr );

CommanderResult commanderSuccess( const QString& message = {}, const QVariantMap& payload = {} );
",""
"Function:src/ui/include/commander.h:commanderSuccess","commanderSuccess","src/ui/include/commander.h",159,159,true,"                                                    QString* errorMessage = nullptr );

CommanderResult commanderSuccess( const QString& message = {}, const QVariantMap& payload = {} );
CommanderResult commanderFailure( CommanderResultCode code, const QString& message );

",""
"Function:src/ui/include/commander.h:commanderFailure","commanderFailure","src/ui/include/commander.h",160,160,true,"
CommanderResult commanderSuccess( const QString& message = {}, const QVariantMap& payload = {} );
CommanderResult commanderFailure( CommanderResultCode code, const QString& message );

Q_DECLARE_METATYPE( CommanderRequest )
",""
"Function:src/ui/include/actionsconfig.h:actionSequenceTypeToString","actionSequenceTypeToString","src/ui/include/actionsconfig.h",17,17,true,"
enum class ActionSequenceType { String, HexString };
QString actionSequenceTypeToString( ActionSequenceType type );
ActionSequenceType actionSequenceTypeFromString( const QString& text, bool* ok = nullptr );

",""
"Function:src/ui/include/actionsconfig.h:actionSequenceTypeFromString","actionSequenceTypeFromString","src/ui/include/actionsconfig.h",18,18,true,"enum class ActionSequenceType { String, HexString };
QString actionSequenceTypeToString( ActionSequenceType type );
ActionSequenceType actionSequenceTypeFromString( const QString& text, bool* ok = nullptr );

enum class ResponseMatchType { String, HexString, Regex, Wildcard };
",""
"Function:src/ui/include/actionsconfig.h:responseMatchTypeToString","responseMatchTypeToString","src/ui/include/actionsconfig.h",21,21,true,"
enum class ResponseMatchType { String, HexString, Regex, Wildcard };
QString responseMatchTypeToString( ResponseMatchType type );
ResponseMatchType responseMatchTypeFromString( const QString& text, bool* ok = nullptr );

",""
"Function:src/ui/include/actionsconfig.h:responseMatchTypeFromString","responseMatchTypeFromString","src/ui/include/actionsconfig.h",22,22,true,"enum class ResponseMatchType { String, HexString, Regex, Wildcard };
QString responseMatchTypeToString( ResponseMatchType type );
ResponseMatchType responseMatchTypeFromString( const QString& text, bool* ok = nullptr );

struct ActionChecksumDefinition {
",""
"Function:src/ui/include/actionsconfig.h:actionSequenceToBytes","actionSequenceToBytes","src/ui/include/actionsconfig.h",97,99,true,"};

ActionSequenceResult actionSequenceToBytes( const ActionSequence& sequence,
                                            const QMap<QString, QString>& substitutions = {},
                                            QStringList* missing = nullptr );
ActionSequenceResult actionDefinitionToBytes( const ActionDefinition& action,
                                              const QMap<QString, QString>& substitutions = {},
",""
"Function:src/ui/include/actionsconfig.h:actionDefinitionToBytes","actionDefinitionToBytes","src/ui/include/actionsconfig.h",100,102,true,"                                            const QMap<QString, QString>& substitutions = {},
                                            QStringList* missing = nullptr );
ActionSequenceResult actionDefinitionToBytes( const ActionDefinition& action,
                                              const QMap<QString, QString>& substitutions = {},
                                              QStringList* missing = nullptr );
bool validateActionDefinition( const ActionDefinition& action, QString* errorMessage = nullptr );
bool validateResponseDefinition( const ResponseDefinition& response,
",""
"Function:src/ui/include/actionsconfig.h:validateActionDefinition","validateActionDefinition","src/ui/include/actionsconfig.h",103,103,true,"                                              const QMap<QString, QString>& substitutions = {},
                                              QStringList* missing = nullptr );
bool validateActionDefinition( const ActionDefinition& action, QString* errorMessage = nullptr );
bool validateResponseDefinition( const ResponseDefinition& response,
                                 QString* errorMessage = nullptr );
",""
"Function:src/ui/include/actionsconfig.h:validateResponseDefinition","validateResponseDefinition","src/ui/include/actionsconfig.h",104,105,true,"                                              QStringList* missing = nullptr );
bool validateActionDefinition( const ActionDefinition& action, QString* errorMessage = nullptr );
bool validateResponseDefinition( const ResponseDefinition& response,
                                 QString* errorMessage = nullptr );
void normalizeActionDefinitions( QVector<ActionDefinition>* actions );
void normalizeResponseDefinitions( QVector<ResponseDefinition>* responses );
",""
"Function:src/ui/include/actionsconfig.h:normalizeActionDefinitions","normalizeActionDefinitions","src/ui/include/actionsconfig.h",106,106,true,"bool validateResponseDefinition( const ResponseDefinition& response,
                                 QString* errorMessage = nullptr );
void normalizeActionDefinitions( QVector<ActionDefinition>* actions );
void normalizeResponseDefinitions( QVector<ResponseDefinition>* responses );
QVariantMap actionDefinitionToVariantMap( const ActionDefinition& action );
",""
"Function:src/ui/include/actionsconfig.h:normalizeResponseDefinitions","normalizeResponseDefinitions","src/ui/include/actionsconfig.h",107,107,true,"                                 QString* errorMessage = nullptr );
void normalizeActionDefinitions( QVector<ActionDefinition>* actions );
void normalizeResponseDefinitions( QVector<ResponseDefinition>* responses );
QVariantMap actionDefinitionToVariantMap( const ActionDefinition& action );
QVariantMap responseDefinitionToVariantMap( const ResponseDefinition& response );
",""
"Function:src/ui/include/actionsconfig.h:actionDefinitionToVariantMap","actionDefinitionToVariantMap","src/ui/include/actionsconfig.h",108,108,true,"void normalizeActionDefinitions( QVector<ActionDefinition>* actions );
void normalizeResponseDefinitions( QVector<ResponseDefinition>* responses );
QVariantMap actionDefinitionToVariantMap( const ActionDefinition& action );
QVariantMap responseDefinitionToVariantMap( const ResponseDefinition& response );
ActionDefinition actionDefinitionFromVariantMap( const QVariantMap& map,
",""
"Function:src/ui/include/actionsconfig.h:responseDefinitionToVariantMap","responseDefinitionToVariantMap","src/ui/include/actionsconfig.h",109,109,true,"void normalizeResponseDefinitions( QVector<ResponseDefinition>* responses );
QVariantMap actionDefinitionToVariantMap( const ActionDefinition& action );
QVariantMap responseDefinitionToVariantMap( const ResponseDefinition& response );
ActionDefinition actionDefinitionFromVariantMap( const QVariantMap& map,
                                                QString* errorMessage = nullptr );
",""
"Function:src/ui/include/actionsconfig.h:actionDefinitionFromVariantMap","actionDefinitionFromVariantMap","src/ui/include/actionsconfig.h",110,111,true,"QVariantMap actionDefinitionToVariantMap( const ActionDefinition& action );
QVariantMap responseDefinitionToVariantMap( const ResponseDefinition& response );
ActionDefinition actionDefinitionFromVariantMap( const QVariantMap& map,
                                                QString* errorMessage = nullptr );
ResponseDefinition responseDefinitionFromVariantMap( const QVariantMap& map,
                                                    QString* errorMessage = nullptr );
",""
"Function:src/ui/include/actionsconfig.h:responseDefinitionFromVariantMap","responseDefinitionFromVariantMap","src/ui/include/actionsconfig.h",112,113,true,"ActionDefinition actionDefinitionFromVariantMap( const QVariantMap& map,
                                                QString* errorMessage = nullptr );
ResponseDefinition responseDefinitionFromVariantMap( const QVariantMap& map,
                                                    QString* errorMessage = nullptr );
",""
"Function:src/ui/include/actionruntime.h:matchResponseDefinition","matchResponseDefinition","src/ui/include/actionruntime.h",16,18,true,"};

ResponseMatchResult matchResponseDefinition( const ResponseDefinition& response,
                                            const QByteArray& lineBytes,
                                            const QString& lineText = {} );
bool sendActionDefinition( StreamSession* session,
                           const ActionDefinition& action,
",""
"Function:src/ui/include/actionruntime.h:sendActionDefinition","sendActionDefinition","src/ui/include/actionruntime.h",19,23,true,"                                            const QByteArray& lineBytes,
                                            const QString& lineText = {} );
bool sendActionDefinition( StreamSession* session,
                           const ActionDefinition& action,
                           const QMap<QString, QString>& substitutions = {},
                           int stepIndex = -1,
                           QString* errorMessage = nullptr );
bool executeResponseDefinition( StreamSession* session,
                                const ResponseDefinition& response,
",""
"Function:src/ui/include/actionruntime.h:executeResponseDefinition","executeResponseDefinition","src/ui/include/actionruntime.h",24,27,true,"                           int stepIndex = -1,
                           QString* errorMessage = nullptr );
bool executeResponseDefinition( StreamSession* session,
                                const ResponseDefinition& response,
                                const QMap<QString, QString>& captures = {},
                                QString* errorMessage = nullptr );
",""
"Function:src/settings/src/shortcuts.cpp:getKeyBindings","getKeyBindings","src/settings/src/shortcuts.cpp",27,35,true,"#include ""shortcuts.h""

QStringList getKeyBindings( QKeySequence::StandardKey standardKey )
{
    auto bindings = QKeySequence::keyBindings( standardKey );
    QStringList stringBindings;
    std::transform( bindings.cbegin(), bindings.cend(), std::back_inserter( stringBindings ),
                    []( const auto& keySequence ) { return keySequence.toString(); } );

    return stringBindings;
}

QStringList ShortcutAction::defaultShortcutKeys( const std::string& action )
",""
"Function:src/settings/src/persistentinfo.cpp:makeSessionSettingsPath","makeSessionSettingsPath","src/settings/src/persistentinfo.cpp",61,66,false,"
namespace {
QString makeSessionSettingsPath( const QString& appConfigPath )
{
    return QFileInfo( appConfigPath )
        .absoluteDir()
        .filePath( QString( SessionSettingsFile ) + PortableExtension );
}

QString makeLegacySessionSettingsPath( const QString& appConfigPath )
",""
"Function:src/settings/src/persistentinfo.cpp:makeLegacySessionSettingsPath","makeLegacySessionSettingsPath","src/settings/src/persistentinfo.cpp",68,73,false,"}

QString makeLegacySessionSettingsPath( const QString& appConfigPath )
{
    return QFileInfo( appConfigPath )
        .absoluteDir()
        .filePath( QStringLiteral( ""klogg_session"" ) + PortableExtension );
}

void copySettings( QSettings& destination, QSettings& source )
",""
"Function:src/settings/src/persistentinfo.cpp:copySettings","copySettings","src/settings/src/persistentinfo.cpp",75,80,false,"}

void copySettings( QSettings& destination, QSettings& source )
{
    for ( const auto& key : source.allKeys() ) {
        destination.setValue( key, source.value( key ) );
    }
}
} // namespace

",""
"Function:src/settings/src/configuration.cpp:canonicalShortcutActionId","canonicalShortcutActionId","src/settings/src/configuration.cpp",55,61,false,"std::once_flag fontInitFlag;
static const Configuration DefaultConfiguration = {};
QString canonicalShortcutActionId( QString action )
{
    if ( action == QLatin1String( ShortcutAction::LogViewJumpToButtom ) ) {
        action = QLatin1String( ShortcutAction::LogViewJumpToBottom );
    }
    return action.trimmed();
}

} // namespace
",""
"Function:src/settings/src/configuration.cpp:fi","fi","src/settings/src/configuration.cpp",76,76,true,"        mainFont_.setStyleHint( QFont::Courier, QFont::PreferOutline );

        QFontInfo fi( mainFont_ );
        LOG_INFO << ""DefaultConfiguration font is "" << fi.family().toStdString() << "": ""
                 << fi.pointSize();
",""
"Function:src/regex/src/regularexpression.cpp:splitTopLevelOr","splitTopLevelOr","src/regex/src/regularexpression.cpp",38,89,false,"namespace {

klogg::vector<QString> splitTopLevelOr( const QString& pattern )
{
    klogg::vector<QString> parts;
    int parenDepth = 0;
    int bracketDepth = 0;
    bool escaped = false;
    int lastSplit = 0;

    const auto flushPart = [&]( int endIndex ) {
        const auto part = pattern.mid( lastSplit, endIndex - lastSplit ).trimmed();
        if ( !part.isEmpty() ) {
            parts.push_back( part );
        }
    };

    for ( int i = 0; i < pattern.size(); ++i ) {
        const auto ch = pattern[ i ];

        if ( escaped ) {
            escaped = false;
            continue;
        }

        if ( ch == '\\' ) {
            escaped = true;
            continue;
        }

        if ( ch == '[' ) {
            ++bracketDepth;
        }
        else if ( ch == ']' && bracketDepth > 0 ) {
            --bracketDepth;
        }
        else if ( bracketDepth == 0 ) {
            if ( ch == '(' ) {
                ++parenDepth;
            }
            else if ( ch == ')' && parenDepth > 0 ) {
                --parenDepth;
            }
            else if ( ch == '|' && parenDepth == 0 ) {
                flushPart( i );
                lastSplit = i + 1;
            }
        }
    }

    flushPart( type_safe::narrow_cast<int>( pattern.size() ) );

    return parts;
}

QString normalizeExtendedBooleanOps( QString expression )
",""
"Function:src/regex/src/regularexpression.cpp:normalizeExtendedBooleanOps","normalizeExtendedBooleanOps","src/regex/src/regularexpression.cpp",91,129,false,"}

QString normalizeExtendedBooleanOps( QString expression )
{
    // Convert xor/nand/nor/xnor into combinations of &, | and ! so they can be
    // passed to Hyperscan combination expressions.
    // The regex matches simple binary forms (token OP token) where token is
    // either p_<n>, a number, or a parenthesized subexpression.
    const QRegularExpression binaryOpRe(
        R""((\([^()]+\)|p_\d+|\d+)\s*(xor|nand|nor|xnor)\s*(\([^()]+\)|p_\d+|\d+))"" );

    bool replaced = true;
    while ( replaced ) {
        replaced = false;
        QRegularExpressionMatch match = binaryOpRe.match( expression );
        if ( match.hasMatch() ) {
            const auto a = match.captured( 1 );
            const auto op = match.captured( 2 );
            const auto b = match.captured( 3 );
            QString replacement;
            if ( op == ""xor"" ) {
                replacement = QStringLiteral( ""((%1)|(%2))&!((%1)&(%2))"" ).arg( a, b );
            }
            else if ( op == ""nand"" ) {
                replacement = QStringLiteral( ""!( (%1)&(%2) )"" ).arg( a, b );
            }
            else if ( op == ""nor"" ) {
                replacement = QStringLiteral( ""!( (%1)|(%2) )"" ).arg( a, b );
            }
            else if ( op == ""xnor"" ) {
                replacement
                    = QStringLiteral( ""!(((%1)|(%2))&!((%1)&(%2)))"" ).arg( a, b );
            }

            expression.replace( match.capturedStart(), match.capturedLength(), replacement );
            replaced = true;
        }
    }

    return expression;
}

bool canUseDirectHsCombinationBit( const QString& expression )
",""
"Function:src/regex/src/regularexpression.cpp:canUseDirectHsCombinationBit","canUseDirectHsCombinationBit","src/regex/src/regularexpression.cpp",131,140,false,"}

bool canUseDirectHsCombinationBit( const QString& expression )
{
    // HS combination callbacks are safe for monotonic boolean logic only.
    // Expressions with negation or parity-style operators can become true at
    // an intermediate offset and then false later, so we must use evaluator.
    const auto lower = expression.toLower();
    return !lower.contains( '!' ) && !lower.contains( ""not"" ) && !lower.contains( ""xor"" )
           && !lower.contains( ""xnor"" ) && !lower.contains( ""nand"" )
           && !lower.contains( ""nor"" );
}

klogg::vector<RegularExpressionPattern>
",""
"Function:src/regex/src/regularexpression.cpp:parseBooleanExpressions","parseBooleanExpressions","src/regex/src/regularexpression.cpp",142,214,false,"}

klogg::vector<RegularExpressionPattern>
parseBooleanExpressions( QString& pattern, bool isCaseSensitive, bool isPlainText )
{
    if ( !pattern.contains( '""' ) ) {
        throw std::runtime_error( ""Patterns must be enclosed in quotes"" );
    }

    klogg::vector<RegularExpressionPattern> subPatterns;
    subPatterns.reserve( static_cast<size_t>( pattern.size() ) );

    int currentIndex = 0;
    int leftQuote = -1;
    int rightQuote = -1;

    while ( currentIndex < pattern.size() ) {
        leftQuote = type_safe::narrow_cast<int>( pattern.indexOf( QChar( '""' ), currentIndex ) );
        if ( leftQuote < 0 ) {
            break;
        }

        currentIndex = leftQuote + 1;
        if ( leftQuote > 0 && pattern[ leftQuote - 1 ] == QChar( '\\' ) ) {
            leftQuote = -1;
            continue;
        }

        while ( currentIndex < pattern.size() ) {
            rightQuote
                = type_safe::narrow_cast<int>( pattern.indexOf( QChar( '""' ), currentIndex ) );
            if ( rightQuote < 0 ) {
                break;
            }

            currentIndex = rightQuote + 1;
            if ( rightQuote > 0 && pattern[ rightQuote - 1 ] == QChar( '\\' ) ) {
                rightQuote = -1;
                continue;
            }

            break;
        }

        if ( rightQuote < 0 ) {
            break;
        }

        const auto subPatternLength = rightQuote - leftQuote - 1;
        auto subPattern = pattern.mid( leftQuote + 1, subPatternLength );
        subPattern.replace( ""\\\"""", ""\"""" );

        subPatterns.emplace_back( subPattern, isCaseSensitive, false, false, isPlainText );

        pattern.replace( leftQuote, subPatternLength + 2,
                         QString::fromStdString( subPatterns.back().id() ) );

        currentIndex = 0;
        leftQuote = -1;
        rightQuote = -1;
    }

    if ( pattern.contains( '""' ) ) {
        throw std::runtime_error( ""Pattern has unmatched quotes"" );
    }

    pattern = pattern.toLower();
    LOG_INFO << ""Parsed pattern: "" << pattern;
    QRegularExpression finalPatternCheck( ""^(and|nand|or|nor|xor|xnor|not|[ ()!|&]|p_[0-9]+)+$"" );
    if ( !finalPatternCheck.match( pattern ).hasMatch() ) {
        throw std::runtime_error( ""Sub-patterns must be enclosed in quotes"" );
    }

    return subPatterns;
}

} // namespace
",""
"Function:src/regex/src/regularexpression.cpp:hasSingleMatch","hasSingleMatch","src/regex/src/regularexpression.cpp",321,328,true,"namespace matching {

bool hasSingleMatch( std::string_view line, const MatcherVariant& matcher,
                     BooleanExpressionEvaluator* )
{
    const auto result
        = std::visit( [ &line ]( const auto& m ) { return m.match( line ); }, matcher );

    return std::any_of( result.cbegin(), result.cend(), []( auto value ) { return value > 0; } );
}

bool hasCombinedMatch( std::string_view line, const MatcherVariant& matcher,
",""
"Function:src/regex/src/regularexpression.cpp:hasCombinedMatch","hasCombinedMatch","src/regex/src/regularexpression.cpp",330,341,true,"}

bool hasCombinedMatch( std::string_view line, const MatcherVariant& matcher,
                       BooleanExpressionEvaluator* evaluator )
{
    auto result = std::visit( [ &line ]( const auto& m ) { return m.match( line ); }, matcher );
    if ( evaluator ) {
        if ( result.size() > evaluator->variableCount() ) {
            result.resize( evaluator->variableCount() );
        }
        return evaluator->evaluate( result );
    }
    return false;
}

bool hasInverseSingleMatch( std::string_view line, const MatcherVariant& matcher,
",""
"Function:src/regex/src/regularexpression.cpp:hasInverseSingleMatch","hasInverseSingleMatch","src/regex/src/regularexpression.cpp",343,347,true,"}

bool hasInverseSingleMatch( std::string_view line, const MatcherVariant& matcher,
                            BooleanExpressionEvaluator* evaluator )
{
    return !hasSingleMatch( line, matcher, evaluator );
}

bool hasInverseCombinedMatch( std::string_view line, const MatcherVariant& matcher,
",""
"Function:src/regex/src/regularexpression.cpp:hasInverseCombinedMatch","hasInverseCombinedMatch","src/regex/src/regularexpression.cpp",349,353,true,"}

bool hasInverseCombinedMatch( std::string_view line, const MatcherVariant& matcher,
                              BooleanExpressionEvaluator* evaluator )
{
    return !hasCombinedMatch( line, matcher, evaluator );
}

} // namespace matching
",""
"Function:src/regex/src/hsregularexpression.cpp:acceleratedBackendName","acceleratedBackendName","src/regex/src/hsregularexpression.cpp",35,44,false,"namespace {

const char* acceleratedBackendName()
{
#ifdef KLOGG_BACKEND_HYPERSCAN
    return ""Hyperscan"";
#elif defined( KLOGG_BACKEND_VECTORSCAN )
    return ""Vectorscan"";
#else
    return ""Accelerated regex backend"";
#endif
}

const char* targetArchitectureName()
",""
"Function:src/regex/src/hsregularexpression.cpp:targetArchitectureName","targetArchitectureName","src/regex/src/hsregularexpression.cpp",46,57,false,"}

const char* targetArchitectureName()
{
#if defined( _M_ARM64 ) || defined( __aarch64__ )
    return ""arm64"";
#elif defined( _M_X64 ) || defined( __x86_64__ )
    return ""x64"";
#elif defined( _M_IX86 ) || defined( __i386__ )
    return ""x86"";
#else
    return ""unknown"";
#endif
}

bool isAcceleratedBackendPlatformValid()
",""
"Function:src/regex/src/hsregularexpression.cpp:isAcceleratedBackendPlatformValid","isAcceleratedBackendPlatformValid","src/regex/src/hsregularexpression.cpp",59,89,false,"}

bool isAcceleratedBackendPlatformValid()
{
    const auto validPlatformResult = hs_valid_platform();
    if ( validPlatformResult == HS_SUCCESS ) {
        return true;
    }

    LOG_WARNING << acceleratedBackendName() << "" platform validation failed on "" << targetArchitectureName()
                << "" with status "" << validPlatformResult;

#ifdef KLOGG_BACKEND_HYPERSCAN
    auto requiredInstructions = CpuInstructions::SSE2;
    requiredInstructions |= CpuInstructions::SSSE3;
    const auto cpuInstructions = supportedCpuInstructions();
    if ( !hasRequiredInstructions( cpuInstructions, requiredInstructions ) ) {
        LOG_WARNING << ""Hyperscan platform validation failed, missing x86 SIMD baseline""
                    << static_cast<unsigned>( cpuInstructions );
    }
    else {
        LOG_WARNING << ""Hyperscan platform validation failed"";
    }
#else
#ifdef KLOGG_BACKEND_VECTORSCAN
    LOG_WARNING << ""Vectorscan platform validation failed"";
#else
    LOG_WARNING << ""Accelerated regex backend platform validation failed"";
#endif
#endif

    return false;
}

int matchSingleCallback( unsigned int id, unsigned long long from, unsigned long long to,
",""
"Function:src/regex/src/hsregularexpression.cpp:matchSingleCallback","matchSingleCallback","src/regex/src/hsregularexpression.cpp",91,108,false,"}

int matchSingleCallback( unsigned int id, unsigned long long from, unsigned long long to,
                         unsigned int flags, void* context )
{
    Q_UNUSED( id );
    Q_UNUSED( from );
    Q_UNUSED( to );
    Q_UNUSED( flags );

    auto* matchContext = static_cast<HsMatcherContext*>( context );

    if ( matchContext->matchingPatterns.empty() ) {
        LOG_ERROR << ""Single match callback has empty pattern vector"";
        return 1;
    }

    matchContext->matchingPatterns[ 0 ] = true;
    return 1;
}

int matchMultiCallback( unsigned int id, unsigned long long from, unsigned long long to,
",""
"Function:src/regex/src/hsregularexpression.cpp:matchMultiCallback","matchMultiCallback","src/regex/src/hsregularexpression.cpp",110,128,false,"}

int matchMultiCallback( unsigned int id, unsigned long long from, unsigned long long to,
                        unsigned int flags, void* context )
{
    Q_UNUSED( from );
    Q_UNUSED( to );
    Q_UNUSED( flags );

    auto* matchContext = static_cast<HsMatcherContext*>( context );

    if ( id >= matchContext->matchingPatterns.size() ) {
        LOG_ERROR << ""Match callback id out of range"" << id << ""/""
                  << matchContext->matchingPatterns.size();
        return 1;
    }

    matchContext->matchingPatterns[ id ] = true;

    return 0;
}

} // namespace
",""
"Function:src/regex/src/hsregularexpression.cpp:flags","flags","src/regex/src/hsregularexpression.cpp",247,247,true,"                = combinationExpression.empty() ? expressions.size() : expressions.size() + 1;

            klogg::vector<unsigned> flags( patternCount );
            std::transform( expressions.cbegin(), expressions.cend(), flags.begin(),
                            [ isPrefilter ]( const auto& expression ) {
",""
"Function:src/regex/src/hsregularexpression.cpp:utf8Patterns","utf8Patterns","src/regex/src/hsregularexpression.cpp",261,261,true,"                            } );

            klogg::vector<QByteArray> utf8Patterns( patternCount );
            std::transform( expressions.cbegin(), expressions.cend(), utf8Patterns.begin(),
                            []( const auto& expression ) {
",""
"Function:src/regex/src/hsregularexpression.cpp:expressionIds","expressionIds","src/regex/src/hsregularexpression.cpp",280,280,true,"                            []( const auto& utf8Pattern ) { return utf8Pattern.data(); } );

            klogg::vector<unsigned> expressionIds( patternCount );
            std::iota( expressionIds.begin(), expressionIds.end(), 0u );

",""
"Function:src/regex/src/booleanevaluator.cpp:isBitSet","isBitSet","src/regex/src/booleanevaluator.cpp",30,33,false,"static constexpr size_t PrecomputedCombinations[] = { 0, 2, 4, 8, 16 };

bool isBitSet( unsigned num, unsigned bit )
{
    return 1 == ( ( num >> bit ) & 1 );
}

uint32_t buildPatternCombination( std::string_view variables )
",""
"Function:src/regex/src/booleanevaluator.cpp:buildPatternCombination","buildPatternCombination","src/regex/src/booleanevaluator.cpp",35,45,false,"}

uint32_t buildPatternCombination( std::string_view variables )
{
    uint32_t combination = 0;
    for ( auto bit = 0u; bit < variables.size(); ++bit ) {
        if ( variables[ bit ] ) {
            combination = combination | ( 1u << bit );
        }
    }

    return combination;
}

} // namespace
",""
"Function:src/logdata/src/readablesize.cpp:readableSize","readableSize","src/logdata/src/readablesize.cpp",46,70,true,"#include ""readablesize.h""

QString readableSize( uint64_t size )
{
    static const std::array<std::tuple<uint64_t, uint64_t, QString>, 5> sizeSteps
        = { std::make_tuple( 0x10000000000ull, 30ull, QObject::tr( ""TiB"" ) ),
            std::make_tuple( 0x40000000ull, 20ull, QObject::tr( ""GiB"" ) ),
            std::make_tuple( 0x100000ull, 10ull, QObject::tr( ""MiB"" ) ),
            std::make_tuple( 0x400ull, 0ull, QObject::tr( ""KiB"" ) ) };

    QLocale defaultLocale;
    QString outputFormat{ ""%1 %2"" };

    const auto sizeStep
        = std::find_if( sizeSteps.cbegin(), sizeSteps.cend(),
                        [ &size ]( const auto& step ) { return size >= std::get<0>( step ); } );

    if ( sizeStep != sizeSteps.end() ) {
        const auto humanSize = static_cast<double>( ( size >> std::get<1>( *sizeStep ) ) ) / 1024.0;
        return outputFormat.arg( defaultLocale.toString( humanSize, 'f', 2 ),
                                 std::get<2>( *sizeStep ) );
    }
    else {
        return outputFormat.arg( defaultLocale.toString( static_cast<qulonglong>( size ) ),
                                 QObject::tr( ""B"" ) );
    }
}",""
"Function:src/logdata/src/logfiltereddataworker.cpp:filterLines","filterLines","src/logdata/src/logfiltereddataworker.cpp",97,121,false,"};

PartialSearchResults filterLines( const PatternMatcher& matcher, const LogData::RawLines& rawLines,
                                  LineNumber chunkStart )
{
    LOG_DEBUG << ""Filter lines at "" << chunkStart;
    PartialSearchResults results;
    results.chunkStart = chunkStart;
    results.processedLines = LinesCount{ rawLines.endOfLines.size() };

    const auto& lines = rawLines.buildUtf8View();

    for ( auto offset = 0u; offset < lines.size(); ++offset ) {
        const auto& line = lines[ offset ];

        const auto hasMatch = matcher.hasMatch( line );

        if ( hasMatch ) {
            results.maxLength = qMax( results.maxLength, getUntabifiedLength( line ) );
            const auto lineNumber = chunkStart + LinesCount{ offset };
            results.matchingLines.add( lineNumber.get() );

            // LOG_INFO << ""Match at "" << lineNumber << "": "" << line;
        }
    }
    return results;
}

} // namespace
",""
"Function:src/logdata/src/logfiltereddataworker.cpp:lock","lock","src/logdata/src/logfiltereddataworker.cpp",127,127,true,"SearchResults SearchData::takeCurrentResults() const
{
    UniqueLock lock( dataMutex_ );
    return SearchResults{ std::exchange( newMatches_, {} ), maxLength_, nbLinesProcessed_ };
}
",""
"Function:src/logdata/src/logfiltereddataworker.cpp:locker","locker","src/logdata/src/logfiltereddataworker.cpp",163,163,true,"void SearchData::clear()
{
    UniqueLock locker( dataMutex_ );

    maxLength_ = LineLength( 0 );
",""
"Function:src/logdata/src/logfiltereddataworker.cpp:searchFinished","searchFinished","src/logdata/src/logfiltereddataworker.cpp",293,293,true,"        LOG_WARNING << ""Skipping search: invalid expression "" << compiledRegexp_->errorString();
        Q_EMIT searchFailed( compiledRegexp_->errorString(), searchGeneration_ );
        Q_EMIT searchFinished();
        return;
    }",""
"Function:src/logdata/src/logfiltereddata.cpp:lock","lock","src/logdata/src/logfiltereddata.cpp",505,505,true,"
    {
        ScopedLock lock( searchProgressMutex_ );
        searchProgress_ = std::make_tuple( nbMatches, progress, initialLine, searchGeneration );
    }
",""
"Function:src/logdata/src/logfiltereddata.cpp:searchProgressedThrottled","searchProgressedThrottled","src/logdata/src/logfiltereddata.cpp",513,513,true,"    }

    Q_EMIT searchProgressedThrottled();

    if ( progress == 100 ) {
",""
"Function:src/logdata/src/logfiltereddata.cpp:searchFailed","searchFailed","src/logdata/src/logfiltereddata.cpp",534,534,true,"    detachReader();
    fullScanCompleted_ = false;
    Q_EMIT searchFailed( std::move( errorMessage ) );
}
",""
"Function:src/logdata/src/logfiltereddata.cpp:searchProgressed","searchProgressed","src/logdata/src/logfiltereddata.cpp",553,553,true,"        return;
    }
    Q_EMIT searchProgressed( nbMatches, progress, initialLine );
}

",""
"Function:src/logdata/src/logdataworker.cpp:locker","locker","src/logdata/src/logdataworker.cpp",193,193,true,"    try {
        interruptRequest_.set();
        ScopedLock locker( operationsMutex_ );
        operationsPool_.waitForDone();
        LOG_INFO << ""LogDataWorker shutdown"";
",""
"Function:src/logdata/src/logdataworker.cpp:indexingFinished","indexingFinished","src/logdata/src/logdataworker.cpp",296,296,true,"    if ( result ) {
        LOG_INFO << ""finished indexing in worker thread"";
        Q_EMIT indexingFinished( LoadingStatus::Successful );
    }
    else {
",""
"Function:src/logdata/src/logdataworker.cpp:checkFileChangesFinished","checkFileChangesFinished","src/logdata/src/logdataworker.cpp",307,307,true,"{
    LOG_INFO << ""checking file finished in worker thread"";
    Q_EMIT checkFileChangesFinished( result );
}

",""
"Function:src/logdata/src/logdataworker.cpp:findNextMultiByteDelimeter","findNextMultiByteDelimeter","src/logdata/src/logdataworker.cpp",315,352,true,"namespace parse_data_block {

std::string_view::size_type findNextMultiByteDelimeter( EncodingParameters encodingParams,
                                                        std::string_view data, char delimeter )
{
    auto nextDelimeter = data.find( delimeter );

    if ( nextDelimeter == std::string_view::npos ) {
        return nextDelimeter;
    }

    const auto isNotDelimeter = [ &encodingParams, data ]( std::string_view::size_type checkPos ) {
        const auto lineFeedWidth
            = static_cast<std::string_view::size_type>( encodingParams.lineFeedWidth );

        const auto isCheckForward = encodingParams.lineFeedIndex == 0;

        if ( isCheckForward && checkPos + lineFeedWidth > data.size() ) {
            return true;
        }
        else if ( !isCheckForward && checkPos < lineFeedWidth - 1 ) {
            return true;
        }

        for ( auto i = 1u; i < lineFeedWidth; ++i ) {
            const auto nextByte = isCheckForward ? data[ checkPos + i ] : data[ checkPos - i ];
            if ( nextByte != '\0' ) {
                return true;
            }
        }

        return false;
    };

    while ( nextDelimeter != std::string_view::npos && isNotDelimeter( nextDelimeter ) ) {
        nextDelimeter = data.find( delimeter, nextDelimeter + 1 );
    }

    return nextDelimeter;
}

std::string_view::size_type findNextSingleByteDelimeter( EncodingParameters, std::string_view data,
",""
"Function:src/logdata/src/logdataworker.cpp:findNextSingleByteDelimeter","findNextSingleByteDelimeter","src/logdata/src/logdataworker.cpp",354,358,true,"}

std::string_view::size_type findNextSingleByteDelimeter( EncodingParameters, std::string_view data,
                                                         char delimeter )
{
    return data.find( delimeter );
}

int charOffsetWithinBlock( const char* blockStart, const char* pointer,
",""
"Function:src/logdata/src/logdataworker.cpp:charOffsetWithinBlock","charOffsetWithinBlock","src/logdata/src/logdataworker.cpp",360,365,true,"}

int charOffsetWithinBlock( const char* blockStart, const char* pointer,
                           const EncodingParameters& encodingParams )
{
    return type_safe::narrow_cast<int>( std::distance( blockStart, pointer ) )
           - encodingParams.getBeforeCrOffset();
}

using FindDelimeter = std::string_view::size_type ( * )( EncodingParameters encodingParams,
",""
"Function:src/logdata/src/logdataworker.cpp:expandTabsInLine","expandTabsInLine","src/logdata/src/logdataworker.cpp",370,399,true,"                                                         std::string_view, char );

LineLength::UnderlyingType
expandTabsInLine( const klogg::vector<char>& block, std::string_view blockToExpand,
                  int posWithinBlock, EncodingParameters encodingParams,
                  FindDelimeter findNextDelimeter,
                  LineLength::UnderlyingType initialAdditionalSpaces = 0 )
{
    auto additionalSpaces = initialAdditionalSpaces;
    while ( !blockToExpand.empty() ) {
        const auto nextTab = findNextDelimeter( encodingParams, blockToExpand, '\t' );
        if ( nextTab == std::string_view::npos ) {
            break;
        }

        const auto tabPosWithinBlock
            = charOffsetWithinBlock( block.data(), blockToExpand.data() + nextTab, encodingParams );

        LOG_DEBUG << ""Tab at "" << tabPosWithinBlock;

        const auto currentExpandedSize = tabPosWithinBlock - posWithinBlock + additionalSpaces;

        additionalSpaces += TabStop - ( currentExpandedSize % TabStop ) - 1;
        if ( nextTab >= blockToExpand.size() ) {
            break;
        }

        blockToExpand.remove_prefix( nextTab + 1 );
    }

    return additionalSpaces;
}

std::tuple<bool, int, LineLength::UnderlyingType>
",""
"Function:src/logdata/src/logdataworker.cpp:findNextLineFeed","findNextLineFeed","src/logdata/src/logdataworker.cpp",401,422,true,"}

std::tuple<bool, int, LineLength::UnderlyingType>
findNextLineFeed( const klogg::vector<char>& block, int posWithinBlock, const IndexingState& state,
                  FindDelimeter findNextDelimeter )
{
    const auto searchStart = block.data() + posWithinBlock;
    const auto searchLineSize = static_cast<size_t>( klogg::ssize( block ) - posWithinBlock );

    const auto blockView = std::string_view( searchStart, searchLineSize );
    const auto nextLineFeed = findNextDelimeter( state.encodingParams, blockView, '\n' );

    const auto isEndOfBlock = nextLineFeed == std::string_view::npos;
    const auto nextLineSize = !isEndOfBlock ? nextLineFeed : searchLineSize;

    posWithinBlock
        = charOffsetWithinBlock( block.data(), searchStart + nextLineSize, state.encodingParams );

    const auto additionalSpaces
        = expandTabsInLine( block, blockView.substr( 0, nextLineSize ), posWithinBlock,
                            state.encodingParams, findNextDelimeter, state.additional_spaces );

    return std::make_tuple( isEndOfBlock, posWithinBlock, additionalSpaces );
}
} // namespace parse_data_block

",""
"Function:src/logdata/src/logdataworker.cpp:indexingProgressed","indexingProgressed","src/logdata/src/logdataworker.cpp",595,595,true,"            scopedAccessor.setProgress( progress );
            LOG_DEBUG << ""Indexing progress "" << progress << "", indexed size "" << state.pos;
            Q_EMIT indexingProgressed( progress );
        }
    }
",""
"Function:src/logdata/src/logdataworker.cpp:file","file","src/logdata/src/logdataworker.cpp",608,608,true,"{
    LOG_INFO << ""Indexing file "" << fileName_;
    QFile file( fileName_ );

    if ( !( file.isOpen() || file.open( QIODevice::ReadOnly ) ) ) {
",""
"Function:src/logdata/src/logdataworker.cpp:hashBuffer","hashBuffer","src/logdata/src/logdataworker.cpp",692,692,true,"    const auto endFilePos = file.pos();
    file.reset();
    QByteArray hashBuffer( IndexingBlockSize, Qt::Uninitialized );
    const auto headerHashSize = file.read( hashBuffer.data(), hashBuffer.size() );
    FileDigest fastHashDigest;
",""
"Function:src/logdata/src/logdataworker.cpp:fileCheckFinished","fileCheckFinished","src/logdata/src/logdataworker.cpp",825,825,true,"        LOG_INFO << ""CheckFileChangesOperation::run(), file "" << fileName_.toStdString();
        const auto result = doCheckFileChanges();
        Q_EMIT fileCheckFinished( result );
        return result;
    } catch ( const std::exception& err ) {
",""
"Function:src/logdata/src/logdataworker.cpp:info","info","src/logdata/src/logdataworker.cpp",841,841,true,"MonitoredFileStatus CheckFileChangesOperation::doCheckFileChanges()
{
    QFileInfo info( fileName_ );
    const auto indexedHash = IndexingData::ConstAccessor{ indexing_data_.get() }.getHash();
    const auto realFileSize = info.size();
",""
"Function:src/logdata/src/logdataoperation.cpp:guard","guard","src/logdata/src/logdataoperation.cpp",84,84,true,"void OperationQueue::interrupt()
{
    ScopedLock guard( mutex_ );
    if ( worker_ ) {
        worker_->interrupt();
",""
"Function:src/logdata/src/logdata.cpp:info","info","src/logdata/src/logdata.cpp",158,158,true,"    LOG_INFO << ""signalFileChanged "" << filename << "", indexed file "" << indexingFileName_;

    QFileInfo info( indexingFileName_ );
    const auto currentFileId = FileId::getFileId( indexingFileName_ );
    const auto attachedFileId = attached_file_->getFileId();
",""
"Function:src/logdata/src/logdata.cpp:fileInfo","fileInfo","src/logdata/src/logdata.cpp",211,211,true,"        // Update the modified date/time if the file exists
        lastModifiedDate_ = QDateTime();
        QFileInfo fileInfo( indexingFileName_ );
        if ( fileInfo.exists() )
            lastModifiedDate_ = fileInfo.lastModified();
",""
"Function:src/logdata/src/logdata.cpp:loadingFinished","loadingFinished","src/logdata/src/logdata.cpp",219,219,true,"
    LOG_DEBUG << ""Sending indexingFinished."";
    Q_EMIT loadingFinished( status );

    operationQueue_.finishOperationAndStartNext();
",""
"Function:src/logdata/src/logdata.cpp:fileChanged","fileChanged","src/logdata/src/logdata.cpp",251,251,true,"    if ( status != MonitoredFileStatus::Unchanged
         || fileChangedOnDisk_ == MonitoredFileStatus::Truncated ) {
        Q_EMIT fileChanged( fileChangedOnDisk_ );
    }

",""
"Function:src/logdata/src/fileholder.cpp:openFileByHandle","openFileByHandle","src/logdata/src/fileholder.cpp",16,66,false,"
namespace {
void openFileByHandle( QFile* file )
{
    bool openedByHandle = false;

#ifdef Q_OS_WIN
    //
    // The following code is adapted from Qt's QFSFileEnginePrivate::nativeOpen()
    // by including the FILE_SHARE_DELETE share mode.
    //

    // Enable full sharing.
    DWORD shareMode = FILE_SHARE_READ | FILE_SHARE_WRITE | FILE_SHARE_DELETE;

    int accessRights = GENERIC_READ;
    DWORD creationDisp = OPEN_EXISTING;

    // Create the file handle.
    SECURITY_ATTRIBUTES securityAtts = { sizeof( SECURITY_ATTRIBUTES ), NULL, FALSE };
    HANDLE fileHandle
        = CreateFileW( (const wchar_t*)file->fileName().utf16(), accessRights, shareMode,
                       &securityAtts, creationDisp, FILE_ATTRIBUTE_NORMAL, NULL );

    if ( fileHandle != INVALID_HANDLE_VALUE ) {
        LOG_INFO << ""Got native file handle "" << (intptr_t)fileHandle;
        // Convert the HANDLE to an fd and pass it to QFile's foreign-open
        // function. The fd owns the handle, so when QFile later closes
        // the fd the handle will be closed too.
        int fd = _open_osfhandle( (intptr_t)fileHandle, _O_RDONLY );
        LOG_INFO << ""Got fd "" << fd;
        if ( fd != -1 ) {
            openedByHandle = file->open( fd, QIODevice::ReadOnly, QFile::AutoCloseHandle );
        }
        else {
            LOG_WARNING << ""Failed to open file by handle "" << file->fileName();
            ::CloseHandle( fileHandle );
        }
    }
    else {
        LOG_WARNING << ""Failed to open file by handle "" << file->fileName();
    }
#endif
    bool opened = openedByHandle;
    if ( !opened ) {
        opened = file->open( QIODevice::ReadOnly );
    }
    if ( !opened ) {
        LOG_WARNING << ""Failed to open file "" << file->fileName();
        return;
    }
    LOG_INFO << ""QFile opened"";
}
} // namespace

",""
"Function:src/logdata/src/fileholder.cpp:locker","locker","src/logdata/src/fileholder.cpp",91,91,true,"FileId FileHolder::getFileId()
{
    ScopedRecursiveLock locker( file_mutex_ );
    return attached_file_id_;
}
",""
"Function:src/logdata/src/encodingdetector.cpp:LineFeed","LineFeed","src/logdata/src/encodingdetector.cpp",69,69,false,"EncodingParameters::EncodingParameters( const QTextCodec* codec )
{
    static constexpr QChar LineFeed( QChar::LineFeed );
    static constexpr int Utf8Mib = 106;
    static constexpr int Utf16LEMib = 1014;
",""
"Function:src/logdata/src/encodingdetector.cpp:convertState","convertState","src/logdata/src/encodingdetector.cpp",77,77,true,"    isUtf16LE = codec->mibEnum() == Utf16LEMib;

    QTextCodec::ConverterState convertState( QTextCodec::IgnoreHeader );
    const QByteArray encodedLineFeed = codec->fromUnicode( &LineFeed, 1, &convertState );

",""
"Function:src/logdata/src/encodingdetector.cpp:lock","lock","src/logdata/src/encodingdetector.cpp",87,87,true,"QTextCodec* EncodingDetector::detectEncoding( const klogg::vector<char>& block ) const
{
    UniqueLock lock( mutex_ );

    UchardetHolder ud;
",""
"Function:src/logdata/src/encodingdetector.cpp:guard","guard","src/logdata/src/encodingdetector.cpp",128,128,true,"QTextCodec* TextCodecHolder::codec() const
{
    SharedLock guard( mutex_ );
    return codec_;
}
",""
"Function:src/logdata/include/readablesize.h:readableSize","readableSize","src/logdata/include/readablesize.h",25,25,true,"
// Returns the size in human readable format
QString readableSize( uint64_t size );

#endif // KLOGG_READABLESIZE_H
",""
"Function:src/logdata/include/linetypes.h:maxValue","maxValue","src/logdata/include/linetypes.h",39,42,true,"
template <typename StrongType>
constexpr StrongType maxValue()
{
    return StrongType( std::numeric_limits<typename StrongType::UnderlyingType>::max() );
}

// Qt file reading api has qint64 type offsets
",""
"Function:src/logdata/include/linetypes.h:boundedAdd","boundedAdd","src/logdata/include/linetypes.h",196,200,true,"
template <typename T, typename U, typename R = T>
inline R boundedAdd( const T& value, const U& inc )
{
    return ( value.get() <= maxValue<R>().get() - inc.get() ) ? R( value.get() + inc.get() )
                                                              : maxValue<R>();
}

template <typename T, typename U, typename R = T>
",""
"Function:src/logdata/include/linetypes.h:boundedSubtract","boundedSubtract","src/logdata/include/linetypes.h",203,206,true,"
template <typename T, typename U, typename R = T>
inline R boundedSubtract( const T& value, const U& dec )
{
    return value.get() >= dec.get() ? R( value.get() - dec.get() ) : R{};
}

inline LineNumber& operator+=( LineNumber& number, const LinesCount& count )
",""
"Function:src/logdata/include/linetypes.h:saver","saver","src/logdata/include/linetypes.h",262,262,true,"QDebug operator<<( QDebug dbg, type_safe::strong_typedef<Tag, T> const& object )
{
    QDebugStateSaver saver( dbg );
    dbg << type_safe::get( object );

",""
"Function:src/logdata/include/linetypes.h:untabify","untabify","src/logdata/include/linetypes.h",308,323,true,"constexpr int TabStop = 8;

inline QString untabify( QString&& line, LineColumn initialPosition = 0_lcol )
{
    line.replace( QChar::Null, QChar::Space );

    LineLength::UnderlyingType position = 0;
    position = type_safe::narrow_cast<LineLength::UnderlyingType>(
        line.indexOf( QChar::Tabulation, position ) );
    while ( position >= 0 ) {
        const auto spaces = TabStop - ( ( initialPosition.get() + position ) % TabStop );
        line.replace( position, 1, QString( spaces, QChar::Space ) );
        position = type_safe::narrow_cast<LineLength::UnderlyingType>(
            line.indexOf( QChar::Tabulation, position ) );
    }

    return std::move( line );
}

template <typename LineType>
",""
"Function:src/logdata/include/linetypes.h:getUntabifiedLength","getUntabifiedLength","src/logdata/include/linetypes.h",326,340,true,"
template <typename LineType>
LineLength getUntabifiedLength( const LineType& utf8Line )
{
    size_t totalSpaces = 0;

    auto tabPosition = utf8Line.find( '\t' );
    while ( tabPosition != std::string_view::npos ) {
        const auto spaces = TabStop - ( ( tabPosition + totalSpaces ) % TabStop ) - 1;
        totalSpaces += spaces;

        tabPosition = utf8Line.find( '\t', tabPosition + 1 );
    }

    return LineLength( type_safe::narrow_cast<LineLength::UnderlyingType>(
        static_cast<int64_t>( utf8Line.size() + totalSpaces ) ) );
}
",""
"Function:src/klogg_version/src/klogg_version.cpp:kloggVersion","kloggVersion","src/klogg_version/src/klogg_version.cpp",23,26,true,"#include ""klogg_version.h""

QLatin1String kloggVersion()
{
    return QLatin1String( KLOGG_VERSION );
}

QLatin1String kloggBuildDate()
",""
"Function:src/klogg_version/src/klogg_version.cpp:kloggBuildDate","kloggBuildDate","src/klogg_version/src/klogg_version.cpp",28,31,true,"}

QLatin1String kloggBuildDate()
{
    return QLatin1String( KLOGG_DATE );
}

QLatin1String kloggCommit()
",""
"Function:src/klogg_version/src/klogg_version.cpp:kloggCommit","kloggCommit","src/klogg_version/src/klogg_version.cpp",33,36,true,"}

QLatin1String kloggCommit()
{
    return QLatin1String( KLOGG_COMMIT );
}

QLatin1String kloggGitVersion()
",""
"Function:src/klogg_version/src/klogg_version.cpp:kloggGitVersion","kloggGitVersion","src/klogg_version/src/klogg_version.cpp",38,41,true,"}

QLatin1String kloggGitVersion()
{
    return QLatin1String( KLOGG_GIT_VERSION );
}
",""
"Function:src/klogg_version/include/klogg_version.h:kloggVersion","kloggVersion","src/klogg_version/include/klogg_version.h",24,24,true,"#include <QLatin1String>

QLatin1String kloggVersion();
QLatin1String kloggBuildDate();
QLatin1String kloggCommit();
",""
"Function:src/klogg_version/include/klogg_version.h:kloggBuildDate","kloggBuildDate","src/klogg_version/include/klogg_version.h",25,25,true,"
QLatin1String kloggVersion();
QLatin1String kloggBuildDate();
QLatin1String kloggCommit();
QLatin1String kloggGitVersion();
",""
"Function:src/klogg_version/include/klogg_version.h:kloggCommit","kloggCommit","src/klogg_version/include/klogg_version.h",26,26,true,"QLatin1String kloggVersion();
QLatin1String kloggBuildDate();
QLatin1String kloggCommit();
QLatin1String kloggGitVersion();

",""
"Function:src/klogg_version/include/klogg_version.h:kloggGitVersion","kloggGitVersion","src/klogg_version/include/klogg_version.h",27,27,true,"QLatin1String kloggBuildDate();
QLatin1String kloggCommit();
QLatin1String kloggGitVersion();

#endif // KLOGG_KLOGG_VERSION
",""
"Function:src/filewatch/src/filewatcher.cpp:isOnlyForPolling","isOnlyForPolling","src/filewatch/src/filewatcher.cpp",64,67,false,"};

bool isOnlyForPolling( const WatchedDirecotry& wd )
{
    return wd.watchId < 0;
}

} // namespace
",""
"Function:src/filewatch/src/filewatcher.cpp:notifyFileChangedOnDisk","notifyFileChangedOnDisk","src/filewatch/src/filewatcher.cpp",376,376,true,"    }

    Q_EMIT notifyFileChangedOnDisk();
}

",""
"Function:src/filewatch/src/filewatcher.cpp:fileChanged","fileChanged","src/filewatch/src/filewatcher.cpp",382,382,true,"{
    for ( const auto& fileName : changes_ ) {
        Q_EMIT fileChanged( fileName );
    }

",""
"Function:src/logging/src/logger.cpp:kloggFileMessageHandler","kloggFileMessageHandler","src/logging/src/logger.cpp",36,37,true,"namespace logging {

void kloggFileMessageHandler( QtMsgType type, const QMessageLogContext& context,
                              const QString& msg );
void kloggConsoleMessageHandler( QtMsgType type, const QMessageLogContext& context,
                                 const QString& msg );
",""
"Function:src/logging/src/logger.cpp:kloggConsoleMessageHandler","kloggConsoleMessageHandler","src/logging/src/logger.cpp",38,39,true,"void kloggFileMessageHandler( QtMsgType type, const QMessageLogContext& context,
                              const QString& msg );
void kloggConsoleMessageHandler( QtMsgType type, const QMessageLogContext& context,
                                 const QString& msg );
void kloggNoopMessageHandler( QtMsgType, const QMessageLogContext&, const QString& ) {}

",""
"Function:src/logging/src/logger.cpp:kloggNoopMessageHandler","kloggNoopMessageHandler","src/logging/src/logger.cpp",40,40,true,"void kloggConsoleMessageHandler( QtMsgType type, const QMessageLogContext& context,
                                 const QString& msg );
void kloggNoopMessageHandler( QtMsgType, const QMessageLogContext&, const QString& ) {}

class Logger {
",""
"Function:src/logging/src/logger.cpp:enableLogging","enableLogging","src/logging/src/logger.cpp",183,186,true,"};

void enableLogging( bool isEnabled, LogLevel logLevel )
{
    Logger::instance().enableLogging( isEnabled, static_cast<uint8_t>( logLevel ) );
}

void enableFileLogging( bool isEnabled, LogLevel logLevel )
",""
"Function:src/logging/src/logger.cpp:enableFileLogging","enableFileLogging","src/logging/src/logger.cpp",188,191,true,"}

void enableFileLogging( bool isEnabled, LogLevel logLevel )
{
    Logger::instance().enableFileLogging( isEnabled, static_cast<uint8_t>( logLevel ) );
}

void kloggFileMessageHandler( QtMsgType type, const QMessageLogContext& context,
",""
"Function:src/logging/src/logger.cpp:needLogging","needLogging","src/logging/src/logger.cpp",205,208,true,"}

bool needLogging( QtMsgType type )
{
    return Logger::instance().needLogging( type );
}

} // namespace logging",""
"Function:src/logging/include/logger.h:enableLogging","enableLogging","src/logging/include/logger.h",30,30,true,"enum class LogLevel { None, Fatal, Error, Warning, Info, Debug };

void enableLogging( bool enableLogging = true, LogLevel logLevel = LogLevel::Info);
void enableFileLogging( bool enableLogging = true, LogLevel logLevel = LogLevel::Info);
} // namespace logging
",""
"Function:src/logging/include/logger.h:enableFileLogging","enableFileLogging","src/logging/include/logger.h",31,31,true,"
void enableLogging( bool enableLogging = true, LogLevel logLevel = LogLevel::Info);
void enableFileLogging( bool enableLogging = true, LogLevel logLevel = LogLevel::Info);
} // namespace logging

",""
"Function:src/logging/include/log.h:needLogging","needLogging","src/logging/include/log.h",44,44,true,"
namespace logging {
bool needLogging( QtMsgType type );
} // namespace logging

",""
"Function:src/logging/include/log.h:saver","saver","src/logging/include/log.h",50,50,true,"QDebug operator<<( QDebug dbg, const std::optional<T>& opt )
{
    QDebugStateSaver saver( dbg );
    opt ? dbg << *opt : dbg << ""<empty>"";

",""
"Function:src/crash_handler/src/memory_info.cpp:systemPhysicalMemory","systemPhysicalMemory","src/crash_handler/src/memory_info.cpp",31,37,true,"#include <psapi.h>

uint64_t systemPhysicalMemory()
{
    MEMORYSTATUSEX status;
    status.dwLength = sizeof( status );
    GlobalMemoryStatusEx( &status );
    return static_cast<uint64_t>( status.ullTotalPhys );
}

uint64_t usedMemory()
",""
"Function:src/crash_handler/src/memory_info.cpp:usedMemory","usedMemory","src/crash_handler/src/memory_info.cpp",39,44,true,"}

uint64_t usedMemory()
{
    PROCESS_MEMORY_COUNTERS_EX pmc;
    GetProcessMemoryInfo( GetCurrentProcess(), (PROCESS_MEMORY_COUNTERS*)&pmc, sizeof( pmc ) );
    return static_cast<uint64_t>( pmc.PagefileUsage );
}

#elif defined( Q_OS_APPLE )
",""
"Function:src/crash_handler/src/memory_info.cpp:physicalMemory","physicalMemory","src/crash_handler/src/memory_info.cpp",126,130,true,"} // namespace

uint64_t physicalMemory()
{
    std::call_once( totalMemoryFlag, []() { totalMemory = systemPhysicalMemory(); } );
    return totalMemory;
}",""
"Function:src/crash_handler/src/issuereporter.cpp:encodeQueryValue","encodeQueryValue","src/crash_handler/src/issuereporter.cpp",70,73,false,"
namespace {
QString encodeQueryValue( const QString& value )
{
    return QString::fromLatin1( QUrl::toPercentEncoding( value ) );
}
} // namespace

",""
"Function:src/crash_handler/src/crashhandler.cpp:sentryDatabasePath","sentryDatabasePath","src/crash_handler/src/crashhandler.cpp",60,69,false,"    = ""https://github.com/dm17ryk/klogg/blob/master/website/content/docs/privacy_policy/_index.md"";

QString sentryDatabasePath()
{
#ifdef KLOGG_PORTABLE
    auto basePath = QCoreApplication::applicationDirPath();
#else
    auto basePath = QStandardPaths::writableLocation( QStandardPaths::AppDataLocation );
#endif

    return basePath.append( ""/cilogg_dump"" );
}

QString processedReportMarkerPath( const QString& reportPath )
",""
"Function:src/crash_handler/src/crashhandler.cpp:processedReportMarkerPath","processedReportMarkerPath","src/crash_handler/src/crashhandler.cpp",71,74,false,"}

QString processedReportMarkerPath( const QString& reportPath )
{
    return reportPath + "".github-reported"";
}

bool isReportAlreadyProcessed( const QString& reportPath )
",""
"Function:src/crash_handler/src/crashhandler.cpp:isReportAlreadyProcessed","isReportAlreadyProcessed","src/crash_handler/src/crashhandler.cpp",76,79,false,"}

bool isReportAlreadyProcessed( const QString& reportPath )
{
    return QFile::exists( processedReportMarkerPath( reportPath ) );
}

void markReportProcessed( const QString& reportPath )
",""
"Function:src/crash_handler/src/crashhandler.cpp:markReportProcessed","markReportProcessed","src/crash_handler/src/crashhandler.cpp",81,87,false,"}

void markReportProcessed( const QString& reportPath )
{
    QFile marker{ processedReportMarkerPath( reportPath ) };
    if ( marker.open( QIODevice::WriteOnly | QIODevice::Truncate | QIODevice::Text ) ) {
        marker.write( ""reported-on-github\n"" );
    }
}

void clearProcessedMarker( const QString& reportPath )
",""
"Function:src/crash_handler/src/crashhandler.cpp:clearProcessedMarker","clearProcessedMarker","src/crash_handler/src/crashhandler.cpp",89,92,false,"}

void clearProcessedMarker( const QString& reportPath )
{
    QFile::remove( processedReportMarkerPath( reportPath ) );
}

void logSentry( sentry_level_t level, const char* message, va_list args, void* userdata )
",""
"Function:src/crash_handler/src/crashhandler.cpp:logSentry","logSentry","src/crash_handler/src/crashhandler.cpp",94,123,false,"}

void logSentry( sentry_level_t level, const char* message, va_list args, void* userdata )
{
#if defined __clang__
#pragma clang diagnostic push
#pragma clang diagnostic ignored ""-Wformat-nonliteral""
#elif defined __GNUC__
#pragma GCC diagnostic push
#pragma GCC diagnostic ignored ""-Wformat-nonliteral""
#endif

    Q_UNUSED( userdata );
    QString formattedMessage;
    switch ( level ) {
    case SENTRY_LEVEL_WARNING:
        qWarning( message, args );
        break;
    case SENTRY_LEVEL_ERROR:
        qCritical( message, args );
        break;
    default:
        qInfo( message, args );
        break;
    }

#if defined __clang__
#pragma clang diagnostic pop
#elif defined __GNUC__
#pragma GCC diagnostic pop
#endif
}

QDialog::DialogCode askUserConfirmation( const QString& formattedReport, const QString& reportPath )
",""
"Function:src/crash_handler/src/crashhandler.cpp:askUserConfirmation","askUserConfirmation","src/crash_handler/src/crashhandler.cpp",125,183,false,"}

QDialog::DialogCode askUserConfirmation( const QString& formattedReport, const QString& reportPath )
{
    auto message = std::make_unique<QLabel>();
    message->setText( ""During last run application has encountered an unexpected error."" );

    auto crashReportHeader = std::make_unique<QLabel>();
    crashReportHeader->setText( ""We collected the following crash report:"" );

    auto report = std::make_unique<QPlainTextEdit>();
    report->setReadOnly( true );
    report->setPlainText( formattedReport );
    report->setSizePolicy( QSizePolicy::Expanding, QSizePolicy::Expanding );

    auto sendReportLabel = std::make_unique<QLabel>();
    sendReportLabel->setText( ""Application can open a prefilled GitHub issue so you can report ""
                              ""this crash to the maintainer."" );

    auto privacyPolicy = std::make_unique<QLabel>();
    privacyPolicy->setText( QString( ""<a href=\""%1\"">Privacy policy</a>"" ).arg( PrivacyPolicyUrl ) );

    privacyPolicy->setTextFormat( Qt::RichText );
    privacyPolicy->setTextInteractionFlags( Qt::TextBrowserInteraction );
    privacyPolicy->setOpenExternalLinks( true );

    auto exploreButton = std::make_unique<QPushButton>();
    exploreButton->setText( ""Open report directory"" );
    exploreButton->setFlat( true );
    QObject::connect( exploreButton.get(), &QPushButton::clicked,
                      [ &reportPath ] { showPathInFileExplorer( reportPath ); } );

    auto privacyLayout = std::make_unique<QHBoxLayout>();
    privacyLayout->addWidget( privacyPolicy.release() );
    privacyLayout->addStretch();
    privacyLayout->addWidget( exploreButton.release() );

    auto buttonBox = std::make_unique<QDialogButtonBox>();
    buttonBox->addButton( ""Report on GitHub"", QDialogButtonBox::AcceptRole );
    buttonBox->addButton( ""Discard report"", QDialogButtonBox::RejectRole );

    auto confirmationDialog = std::make_unique<QDialog>();
    confirmationDialog->resize( 800, 600 );

    QObject::connect( buttonBox.get(), &QDialogButtonBox::accepted, confirmationDialog.get(),
                      &QDialog::accept );
    QObject::connect( buttonBox.get(), &QDialogButtonBox::rejected, confirmationDialog.get(),
                      &QDialog::reject );

    auto layout = std::make_unique<QVBoxLayout>();
    layout->addWidget( message.release() );
    layout->addWidget( crashReportHeader.release() );
    layout->addWidget( report.release() );
    layout->addWidget( sendReportLabel.release() );
    layout->addLayout( privacyLayout.release() );
    layout->addWidget( buttonBox.release() );

    confirmationDialog->setLayout( layout.release() );

    return static_cast<QDialog::DialogCode>( confirmationDialog->exec() );
}

void checkCrashpadReports( const QString& databasePath )
",""
"Function:src/crash_handler/src/crashhandler.cpp:checkCrashpadReports","checkCrashpadReports","src/crash_handler/src/crashhandler.cpp",185,240,false,"}

void checkCrashpadReports( const QString& databasePath )
{
    using namespace crashpad;

#ifdef Q_OS_WIN
    auto database = CrashReportDatabase::InitializeWithoutCreating(
        base::FilePath{ databasePath.toStdWString() } );
#else
    auto database = CrashReportDatabase::InitializeWithoutCreating(
        base::FilePath{ databasePath.toStdString() } );
#endif

    std::vector<CrashReportDatabase::Report> pendingReports;
    database->GetCompletedReports( &pendingReports );
    LOG_INFO << ""Pending reports "" << pendingReports.size();

#ifdef Q_OS_WIN
    const auto stackwalker = QCoreApplication::applicationDirPath() + ""/cilogg_minidump_dump.exe"";
#else
    const auto stackwalker = QCoreApplication::applicationDirPath() + ""/cilogg_minidump_dump"";
#endif

    for ( const auto& report : pendingReports ) {
        if ( report.uploaded ) {
            continue;
        }

#ifdef Q_OS_WIN
        const auto reportFile = QString::fromStdWString( report.file_path.value() );
#else
        const auto reportFile = QString::fromStdString( report.file_path.value() );
#endif

        if ( isReportAlreadyProcessed( reportFile ) ) {
            continue;
        }

        QProcess stackProcess;
        stackProcess.start( stackwalker, QStringList() << reportFile );
        stackProcess.waitForFinished();

        QString formattedReport = reportFile;
        formattedReport.append( QChar::LineFeed )
            .append( QString::fromUtf8( stackProcess.readAllStandardOutput() ) );

        if ( QDialog::Accepted == askUserConfirmation( formattedReport, reportFile ) ) {
            IssueReporter::reportIssue( IssueTemplate::Crash, report.uuid.ToString().c_str(),
                                        reportFile );
            markReportProcessed( reportFile );
        }
        else {
            database->DeleteReport( report.uuid );
            clearProcessedMarker( reportFile );
        }
    }
}
} // namespace

",""
"Function:src/crash_handler/include/memory_info.h:physicalMemory","physicalMemory","src/crash_handler/include/memory_info.h",24,24,true,"#include <cstdint>

uint64_t physicalMemory();
uint64_t usedMemory();

",""
"Function:src/crash_handler/include/memory_info.h:usedMemory","usedMemory","src/crash_handler/include/memory_info.h",25,25,true,"
uint64_t physicalMemory();
uint64_t usedMemory();

#endif",""
"Function:src/app/python_runtime/worker_bootstrap.py:main","main","src/app/python_runtime/worker_bootstrap.py",6,20,true,"

def main() -> int:
    script_file = os.environ.get(""CILOGG_SCRIPT_FILE"", """")
    if not script_file:
        sys.stderr.write(""Missing CILOGG_SCRIPT_FILE\n"")
        return 2

    try:
        runpy.run_path(script_file, run_name=""__main__"")
        return 0
    except SystemExit as exc:
        code = exc.code if isinstance(exc.code, int) else 0
        return code
    except BaseException:
        traceback.print_exc()
        return 1


",""
"Function:src/app/python_runtime/scenario_bootstrap.py:_utc_now","_utc_now","src/app/python_runtime/scenario_bootstrap.py",22,23,false,"

def _utc_now() -> str:
    return datetime.now(timezone.utc).isoformat().replace(""+00:00"", ""Z"")


",""
"Function:src/app/python_runtime/scenario_bootstrap.py:_load_json_file","_load_json_file","src/app/python_runtime/scenario_bootstrap.py",26,28,false,"

def _load_json_file(path: str) -> Any:
    with open(path, ""r"", encoding=""utf-8"") as handle:
        return json.load(handle)


",""
"Function:src/app/python_runtime/scenario_bootstrap.py:_load_device_bindings","_load_device_bindings","src/app/python_runtime/scenario_bootstrap.py",31,39,false,"

def _load_device_bindings() -> Dict[str, Any]:
    raw = os.environ.get(""CILOGG_SCENARIO_DEVICE_BINDINGS_JSON"", """").strip()
    if not raw:
        return {}
    try:
        payload = json.loads(raw)
    except Exception:
        return {}
    return payload if isinstance(payload, dict) else {}


",""
"Function:src/app/python_runtime/scenario_bootstrap.py:_resolve_relative","_resolve_relative","src/app/python_runtime/scenario_bootstrap.py",42,46,false,"

def _resolve_relative(base_dir: Path, value: str) -> str:
    path = Path(value)
    if not path.is_absolute():
        path = base_dir / path
    return str(path.resolve())


",""
"Function:src/app/python_runtime/scenario_bootstrap.py:_notify_status","_notify_status","src/app/python_runtime/scenario_bootstrap.py",49,50,false,"

def _notify_status(**kwargs: Any) -> None:
    _get_client()._send_notification(""report_scenario_status"", kwargs)


",""
"Function:src/app/python_runtime/scenario_bootstrap.py:_notify_report","_notify_report","src/app/python_runtime/scenario_bootstrap.py",53,54,false,"

def _notify_report(payload: Dict[str, Any]) -> None:
    _get_client()._send_notification(""report_scenario_report"", payload)


",""
"Function:src/app/python_runtime/scenario_bootstrap.py:_scenario_entry","_scenario_entry","src/app/python_runtime/scenario_bootstrap.py",57,62,false,"

def _scenario_entry(file_path: str, args_json_file: str = """", enabled: bool = True) -> Dict[str, Any]:
    return {
        ""scenarioFile"": file_path,
        ""argsJsonFile"": args_json_file,
        ""enabled"": enabled,
    }


",""
"Function:src/app/python_runtime/scenario_bootstrap.py:_run_scenario_file","_run_scenario_file","src/app/python_runtime/scenario_bootstrap.py",65,88,false,"

def _run_scenario_file(file_path: str, args_json_file: str = """") -> Dict[str, Any]:
    scenario_path = Path(file_path).resolve()
    scenario_name = scenario_path.stem

    if args_json_file:
        os.environ[""CILOGG_SCRIPT_ARGS_JSON_FILE""] = args_json_file
        _set_script_args(_load_json_file(args_json_file))
    else:
        os.environ.pop(""CILOGG_SCRIPT_ARGS_JSON_FILE"", None)
        _set_script_args(None)

    _begin_scenario_run(scenario_name, str(scenario_path), args_json_file)

    try:
        runpy.run_path(str(scenario_path), run_name=""__main__"")
        return _finalize_success()
    except ScenarioSkip as exc:
        return _finalize_skip(str(exc))
    except SystemExit as exc:
        if isinstance(exc.code, int) and exc.code == 0:
            return _finalize_success()
        return _finalize_failure(f""Scenario exited with code {exc.code!r}."")
    except BaseException as exc:
        return _finalize_failure(str(exc), traceback.format_exc())


",""
"Function:src/app/python_runtime/scenario_bootstrap.py:_disabled_result","_disabled_result","src/app/python_runtime/scenario_bootstrap.py",91,94,false,"

def _disabled_result(file_path: str, args_json_file: str = """") -> Dict[str, Any]:
    scenario_path = Path(file_path).resolve()
    _begin_scenario_run(scenario_path.stem, str(scenario_path), args_json_file)
    return _finalize_skip(""Disabled in suite"")


",""
"Function:src/app/python_runtime/scenario_bootstrap.py:_summarize_report","_summarize_report","src/app/python_runtime/scenario_bootstrap.py",97,120,false,"

def _summarize_report(suite_name: str, suite_id: str, scenarios: List[Dict[str, Any]]) -> Dict[str, Any]:
    counts = {
        ""total"": len(scenarios),
        ""passed"": sum(1 for item in scenarios if item.get(""status"") == ""passed""),
        ""failed"": sum(1 for item in scenarios if item.get(""status"") == ""failed""),
        ""skipped"": sum(1 for item in scenarios if item.get(""status"") == ""skipped""),
        ""cancelled"": sum(1 for item in scenarios if item.get(""status"") == ""cancelled""),
    }
    status = ""passed""
    if counts[""failed""] > 0:
        status = ""failed""
    elif counts[""passed""] == 0 and counts[""skipped""] > 0:
        status = ""skipped""

    return {
        ""suiteId"": suite_id,
        ""suiteName"": suite_name,
        ""status"": status,
        ""startedAt"": scenarios[0][""startedAt""] if scenarios else _utc_now(),
        ""finishedAt"": scenarios[-1][""finishedAt""] if scenarios else _utc_now(),
        ""counts"": counts,
        ""scenarios"": scenarios,
        ""deviceBindings"": _load_device_bindings(),
    }


",""
"Function:src/app/python_runtime/scenario_bootstrap.py:_write_json_report","_write_json_report","src/app/python_runtime/scenario_bootstrap.py",123,126,false,"

def _write_json_report(path: str, report: Dict[str, Any]) -> None:
    if not path:
        return
    Path(path).write_text(json.dumps(report, indent=2), encoding=""utf-8"")


",""
"Function:src/app/python_runtime/scenario_bootstrap.py:_write_junit_report","_write_junit_report","src/app/python_runtime/scenario_bootstrap.py",129,169,false,"

def _write_junit_report(path: str, report: Dict[str, Any]) -> None:
    if not path:
        return

    testsuite = ET.Element(
        ""testsuite"",
        {
            ""name"": report.get(""suiteName"", """"),
            ""tests"": str(report.get(""counts"", {}).get(""total"", 0)),
            ""failures"": str(report.get(""counts"", {}).get(""failed"", 0)),
            ""skipped"": str(report.get(""counts"", {}).get(""skipped"", 0)),
        },
    )

    for scenario in report.get(""scenarios"", []):
        testcase = ET.SubElement(
            testsuite,
            ""testcase"",
            {
                ""name"": scenario.get(""name"", """"),
                ""classname"": report.get(""suiteName"", """"),
                ""file"": scenario.get(""file"", """"),
            },
        )
        if scenario.get(""status"") == ""failed"":
            failure = ET.SubElement(
                testcase,
                ""failure"",
                {""message"": scenario.get(""error"", ""Scenario failed"")},
            )
            failure.text = scenario.get(""traceback"", """") or scenario.get(""error"", """")
        elif scenario.get(""status"") == ""skipped"":
            skipped = ET.SubElement(
                testcase,
                ""skipped"",
                {""message"": scenario.get(""error"", ""Scenario skipped"")},
            )
            skipped.text = scenario.get(""error"", """")

    tree = ET.ElementTree(testsuite)
    tree.write(path, encoding=""utf-8"", xml_declaration=True)


",""
"Function:src/app/python_runtime/scenario_bootstrap.py:_run_single_scenario","_run_single_scenario","src/app/python_runtime/scenario_bootstrap.py",172,178,false,"

def _run_single_scenario() -> Dict[str, Any]:
    scenario_file = os.environ.get(""CILOGG_SCENARIO_FILE"", """")
    if not scenario_file:
        raise RuntimeError(""Missing CILOGG_SCENARIO_FILE"")
    args_json_file = os.environ.get(""CILOGG_SCENARIO_ARGS_JSON_FILE"", """")
    result = _run_scenario_file(scenario_file, args_json_file)
    return _summarize_report(Path(scenario_file).stem, ""single-scenario"", [result])


",""
"Function:src/app/python_runtime/scenario_bootstrap.py:_run_suite","_run_suite","src/app/python_runtime/scenario_bootstrap.py",181,232,false,"

def _run_suite() -> Dict[str, Any]:
    suite_file = os.environ.get(""CILOGG_SUITE_FILE"", """")
    if not suite_file:
        raise RuntimeError(""Missing CILOGG_SUITE_FILE"")

    suite_path = Path(suite_file).resolve()
    suite_document = _load_json_file(str(suite_path))
    suite_name = suite_document.get(""name"") or suite_path.stem
    suite_id = suite_document.get(""suiteId"") or suite_path.stem
    entries = suite_document.get(""scenarios"", [])
    base_dir = suite_path.parent
    scenarios: List[Dict[str, Any]] = []

    total = len(entries)
    _notify_status(suiteName=suite_name, suiteId=suite_id, totalScenarios=total)

    for index, entry in enumerate(entries, start=1):
        scenario_file = _resolve_relative(base_dir, entry.get(""scenarioFile"", """"))
        args_json_file = entry.get(""argsJsonFile"", """")
        if args_json_file:
            args_json_file = _resolve_relative(base_dir, args_json_file)

        _notify_status(
            suiteName=suite_name,
            suiteId=suite_id,
            totalScenarios=total,
            completedScenarios=len(scenarios),
            currentScenarioFile=scenario_file,
            currentScenarioName=Path(scenario_file).stem,
        )

        if not entry.get(""enabled"", True):
            result = _disabled_result(scenario_file, args_json_file)
        else:
            result = _run_scenario_file(scenario_file, args_json_file)
        scenarios.append(result)

        counts = _summarize_report(suite_name, suite_id, scenarios)[""counts""]
        _notify_status(
            suiteName=suite_name,
            suiteId=suite_id,
            totalScenarios=total,
            completedScenarios=len(scenarios),
            passedCount=counts[""passed""],
            failedCount=counts[""failed""],
            skippedCount=counts[""skipped""],
            currentScenarioFile="""" if index == total else """",
            currentScenarioName="""" if index == total else """",
            currentStepName="""",
        )

    return _summarize_report(suite_name, suite_id, scenarios)


",""
"Function:src/app/python_runtime/scenario_bootstrap.py:main","main","src/app/python_runtime/scenario_bootstrap.py",235,267,true,"

def main() -> int:
    report_json = os.environ.get(""CILOGG_SCENARIO_REPORT_JSON"", """")
    report_junit = os.environ.get(""CILOGG_SCENARIO_REPORT_JUNIT"", """")

    try:
        report = _run_suite() if os.environ.get(""CILOGG_SUITE_FILE"", """") else _run_single_scenario()
        report[""reportJsonFile""] = report_json
        report[""reportJunitFile""] = report_junit
        _write_json_report(report_json, report)
        _write_junit_report(report_junit, report)
        _notify_report(report)
        return 0 if report.get(""status"") != ""failed"" else 1
    except BaseException as exc:
        traceback_text = traceback.format_exc()
        report = {
            ""suiteId"": ""scenario-run"",
            ""suiteName"": ""Scenario Run"",
            ""status"": ""failed"",
            ""startedAt"": _utc_now(),
            ""finishedAt"": _utc_now(),
            ""counts"": {""total"": 0, ""passed"": 0, ""failed"": 1, ""skipped"": 0, ""cancelled"": 0},
            ""scenarios"": [],
            ""error"": str(exc),
            ""traceback"": traceback_text,
            ""deviceBindings"": _load_device_bindings(),
            ""reportJsonFile"": report_json,
            ""reportJunitFile"": report_junit,
        }
        _write_json_report(report_json, report)
        _write_junit_report(report_junit, report)
        _notify_report(report)
        print(traceback_text, file=sys.stderr, flush=True)
        return 1


",""
"Function:src/app/python_runtime/klogg/test.py:_utc_now","_utc_now","src/app/python_runtime/klogg/test.py",22,23,false,"

def _utc_now() -> str:
    return datetime.now(timezone.utc).isoformat().replace(""+00:00"", ""Z"")


",""
"Function:src/app/python_runtime/klogg/test.py:_client_notify","_client_notify","src/app/python_runtime/klogg/test.py",26,30,false,"

def _client_notify(method: str, params: Dict[str, Any]) -> None:
    try:
        _get_client()._send_notification(method, params)
    except Exception:
        pass


",""
"Function:src/app/python_runtime/klogg/test.py:_StepContext.to_dict","to_dict","src/app/python_runtime/klogg/test.py",44,54,true,"    metrics: List[Dict[str, Any]] = field(default_factory=list)

    def to_dict(self) -> Dict[str, Any]:
        return {
            ""name"": self.name,
            ""startedAt"": self.started_at,
            ""finishedAt"": self.finished_at,
            ""status"": self.status,
            ""error"": self.error,
            ""traceback"": self.traceback,
            ""artifacts"": deepcopy(self.artifacts),
            ""metrics"": deepcopy(self.metrics),
        }


",""
"Function:src/app/python_runtime/klogg/test.py:_ScenarioContext.current_step","current_step","src/app/python_runtime/klogg/test.py",73,74,true,"    active_steps: List[_StepContext] = field(default_factory=list)

    def current_step(self) -> Optional[_StepContext]:
        return self.active_steps[-1] if self.active_steps else None

    def to_dict(self) -> Dict[str, Any]:
",""
"Function:src/app/python_runtime/klogg/test.py:_ScenarioContext.to_dict","to_dict","src/app/python_runtime/klogg/test.py",76,90,true,"        return self.active_steps[-1] if self.active_steps else None

    def to_dict(self) -> Dict[str, Any]:
        return {
            ""name"": self.name,
            ""file"": self.file_path,
            ""argsJsonFile"": self.args_json_file,
            ""tags"": list(self.tags),
            ""startedAt"": self.started_at,
            ""finishedAt"": self.finished_at,
            ""status"": self.status,
            ""error"": self.error,
            ""traceback"": self.traceback,
            ""artifacts"": deepcopy(self.artifacts),
            ""metrics"": deepcopy(self.metrics),
            ""steps"": deepcopy(self.steps),
        }


",""
"Function:src/app/python_runtime/klogg/test.py:_load_device_bindings","_load_device_bindings","src/app/python_runtime/klogg/test.py",97,115,false,"

def _load_device_bindings() -> Dict[str, Dict[str, Any]]:
    global _DEVICE_BINDINGS
    if _DEVICE_BINDINGS is not None:
        return _DEVICE_BINDINGS

    raw = os.environ.get(""CILOGG_SCENARIO_DEVICE_BINDINGS_JSON"", """").strip()
    if not raw:
        _DEVICE_BINDINGS = {}
        return _DEVICE_BINDINGS

    try:
        import json

        payload = json.loads(raw)
    except Exception:
        payload = {}

    _DEVICE_BINDINGS = payload if isinstance(payload, dict) else {}
    return _DEVICE_BINDINGS


",""
"Function:src/app/python_runtime/klogg/test.py:_ensure_context","_ensure_context","src/app/python_runtime/klogg/test.py",118,123,false,"

def _ensure_context() -> _ScenarioContext:
    global _CURRENT
    if _CURRENT is None:
        default_name = os.path.splitext(os.path.basename(__file__))[0]
        _CURRENT = _ScenarioContext(name=default_name, file_path=default_name)
    return _CURRENT


",""
"Function:src/app/python_runtime/klogg/test.py:_update_status","_update_status","src/app/python_runtime/klogg/test.py",126,135,false,"

def _update_status(*, current_step_name: str = """") -> None:
    context = _ensure_context()
    _client_notify(
        ""report_scenario_status"",
        {
            ""currentScenarioName"": context.name,
            ""currentScenarioFile"": context.file_path,
            ""currentStepName"": current_step_name,
        },
    )


",""
"Function:src/app/python_runtime/klogg/test.py:_begin_scenario_run","_begin_scenario_run","src/app/python_runtime/klogg/test.py",138,141,false,"

def _begin_scenario_run(default_name: str, file_path: str, args_json_file: str = """") -> None:
    global _CURRENT
    _CURRENT = _ScenarioContext(name=default_name, file_path=file_path, args_json_file=args_json_file)
    _update_status(current_step_name="""")


",""
"Function:src/app/python_runtime/klogg/test.py:_finalize_success","_finalize_success","src/app/python_runtime/klogg/test.py",144,149,false,"

def _finalize_success() -> Dict[str, Any]:
    context = _ensure_context()
    context.finished_at = _utc_now()
    context.status = ""passed""
    _update_status(current_step_name="""")
    return context.to_dict()


",""
"Function:src/app/python_runtime/klogg/test.py:_finalize_skip","_finalize_skip","src/app/python_runtime/klogg/test.py",152,158,false,"

def _finalize_skip(message: str) -> Dict[str, Any]:
    context = _ensure_context()
    context.finished_at = _utc_now()
    context.status = ""skipped""
    context.error = message
    _update_status(current_step_name="""")
    return context.to_dict()


",""
"Function:src/app/python_runtime/klogg/test.py:_finalize_failure","_finalize_failure","src/app/python_runtime/klogg/test.py",161,168,false,"

def _finalize_failure(message: str, traceback_text: str = """") -> Dict[str, Any]:
    context = _ensure_context()
    context.finished_at = _utc_now()
    context.status = ""failed""
    context.error = message
    context.traceback = traceback_text
    _update_status(current_step_name="""")
    return context.to_dict()


",""
"Function:src/app/python_runtime/klogg/test.py:scenario","scenario","src/app/python_runtime/klogg/test.py",171,175,true,"

def scenario(name: str, tags: List[str] | None = None) -> None:
    context = _ensure_context()
    context.name = name
    context.tags = list(tags or [])
    _update_status(current_step_name=context.current_step().name if context.current_step() else """")


",""
"Function:src/app/python_runtime/klogg/test.py:step","step","src/app/python_runtime/klogg/test.py",179,207,true,"
@contextmanager
def step(name: str):
    context = _ensure_context()
    step_context = _StepContext(name=name)
    context.active_steps.append(step_context)
    _update_status(current_step_name=name)
    try:
        yield
    except ScenarioSkip as exc:
        step_context.status = ""skipped""
        step_context.error = str(exc)
        step_context.finished_at = _utc_now()
        context.steps.append(step_context.to_dict())
        context.active_steps.pop()
        _update_status(current_step_name=context.current_step().name if context.current_step() else """")
        raise
    except BaseException as exc:
        step_context.status = ""failed""
        step_context.error = str(exc)
        step_context.finished_at = _utc_now()
        context.steps.append(step_context.to_dict())
        context.active_steps.pop()
        _update_status(current_step_name=context.current_step().name if context.current_step() else """")
        raise
    else:
        step_context.status = ""passed""
        step_context.finished_at = _utc_now()
        context.steps.append(step_context.to_dict())
        context.active_steps.pop()
        _update_status(current_step_name=context.current_step().name if context.current_step() else """")


",""
"Function:src/app/python_runtime/klogg/test.py:expect","expect","src/app/python_runtime/klogg/test.py",210,212,true,"

def expect(condition: Any, message: str) -> None:
    if not condition:
        raise ScenarioFailure(message)


",""
"Function:src/app/python_runtime/klogg/test.py:assert_equal","assert_equal","src/app/python_runtime/klogg/test.py",215,219,true,"

def assert_equal(actual: Any, expected: Any, message: str = """") -> None:
    if actual != expected:
        if not message:
            message = f""Expected {expected!r} but got {actual!r}""
        raise ScenarioFailure(message)


",""
"Function:src/app/python_runtime/klogg/test.py:fail","fail","src/app/python_runtime/klogg/test.py",222,223,true,"

def fail(message: str) -> None:
    raise ScenarioFailure(message)


",""
"Function:src/app/python_runtime/klogg/test.py:skip","skip","src/app/python_runtime/klogg/test.py",226,227,true,"

def skip(message: str) -> None:
    raise ScenarioSkip(message)


",""
"Function:src/app/python_runtime/klogg/test.py:wait_until","wait_until","src/app/python_runtime/klogg/test.py",230,249,true,"

def wait_until(
    fn: Callable[[], Any],
    timeout_ms: int,
    poll_ms: int = 50,
    message: str = """",
) -> None:
    deadline = time.monotonic() + (max(0, int(timeout_ms)) / 1000.0)
    last_error = """"
    while time.monotonic() <= deadline:
        try:
            if fn():
                return
        except Exception as exc:
            last_error = str(exc)
        time.sleep(max(1, int(poll_ms)) / 1000.0)

    timeout_message = message or ""Timed out waiting for condition.""
    if last_error:
        timeout_message = f""{timeout_message} Last error: {last_error}""
    raise ScenarioFailure(timeout_message)


",""
"Function:src/app/python_runtime/klogg/test.py:artifact","artifact","src/app/python_runtime/klogg/test.py",252,264,true,"

def artifact(name: str, value_or_path: Any) -> None:
    context = _ensure_context()
    entry: Dict[str, Any]
    if isinstance(value_or_path, str) and os.path.exists(value_or_path):
        entry = {""name"": name, ""path"": value_or_path}
    else:
        entry = {""name"": name, ""value"": value_or_path}

    current_step = context.current_step()
    if current_step is not None:
        current_step.artifacts.append(entry)
    else:
        context.artifacts.append(entry)


",""
"Function:src/app/python_runtime/klogg/test.py:record_metric","record_metric","src/app/python_runtime/klogg/test.py",267,274,true,"

def record_metric(name: str, value: Any, unit: str = """") -> None:
    context = _ensure_context()
    metric = {""name"": name, ""value"": value, ""unit"": unit}
    current_step = context.current_step()
    if current_step is not None:
        current_step.metrics.append(metric)
    else:
        context.metrics.append(metric)


",""
"Function:src/app/python_runtime/klogg/test.py:devices","devices","src/app/python_runtime/klogg/test.py",277,278,true,"

def devices() -> Dict[str, Dict[str, Any]]:
    return deepcopy(_load_device_bindings())


",""
"Function:src/app/python_runtime/klogg/test.py:device","device","src/app/python_runtime/klogg/test.py",281,296,true,"

def device(name: str) -> TabRef:
    bindings = _load_device_bindings()
    binding = bindings.get(name)
    if not isinstance(binding, dict):
        raise KloggError(""NotFound"", f""Logical device {name!r} was not found"", {})

    tab_id = binding.get(""tabId"")
    if tab_id:
        return TabRef(tab_id=tab_id)

    window_index = binding.get(""windowIndex"")
    tab_index = binding.get(""tabIndex"")
    if window_index is not None and tab_index is not None:
        return TabRef(window_index=int(window_index), tab_index=int(tab_index))

    raise KloggError(""NotFound"", f""Logical device {name!r} does not have an active tab binding"", {})
",""
"Function:src/app/python_runtime/klogg/exceptions.py:KloggError.__init__","__init__","src/app/python_runtime/klogg/exceptions.py",1,5,false,"class KloggError(RuntimeError):
    def __init__(self, code: str, message: str, payload=None):
        super().__init__(message or code)
        self.code = code
        self.message = message
        self.payload = payload or {}
",""
"Function:src/app/python_runtime/klogg/client.py:_load_script_args","_load_script_args","src/app/python_runtime/klogg/client.py",16,21,false,"

def _load_script_args() -> Any:
    path = os.environ.get(""CILOGG_SCRIPT_ARGS_JSON_FILE"", """")
    if not path:
        return None
    with open(path, ""r"", encoding=""utf-8"") as handle:
        return json.load(handle)


",""
"Function:src/app/python_runtime/klogg/client.py:_set_script_args","_set_script_args","src/app/python_runtime/klogg/client.py",24,25,false,"

def _set_script_args(value: Any) -> None:
    _get_client()._script_args = value


",""
"Function:src/app/python_runtime/klogg/client.py:_RpcClient.__init__","__init__","src/app/python_runtime/klogg/client.py",125,159,false,"    MAX_EVENT_QUEUE = 1000

    def __init__(self) -> None:
        port = os.environ.get(""CILOGG_SCRIPT_PORT"", """")
        token = os.environ.get(""CILOGG_SCRIPT_TOKEN"", """")
        if not port or not token:
            raise RuntimeError(""klogg scripting environment is not initialized"")

        self._token = token
        self._sock = socket.create_connection((""127.0.0.1"", int(port)))
        self._reader = self._sock.makefile(""r"", encoding=""utf-8"", newline=""\n"")
        self._next_id = 1
        self._script_args = _load_script_args()
        self._write_lock = threading.Lock()
        self._response_condition = threading.Condition()
        self._event_condition = threading.Condition()
        self._pending: Dict[int, Optional[Dict[str, Any]]] = {}
        self._event_queue: Deque[Dict[str, Any]] = deque()
        self._closed = False
        self._local_stop_requested = False
        self._dropped_events = 0
        self._receive_handlers: Dict[str, List[Callable[[ReceiveEvent], Any]]] = {}
        self._response_handlers: Dict[str, List[Tuple[Callable[[ResponseEvent], Any], Optional[int], str]]] = {}
        self._send_handlers: Dict[str, List[Callable[[SendEvent], Any]]] = {}
        self._action_send_handlers: Dict[str, List[Tuple[Callable[[ActionSendEvent], Any], Optional[int], str]]] = {}
        self._app_receive_handlers: List[Tuple[Callable[[ReceiveEvent], Any], str, str]] = []
        self._app_response_handlers: List[Tuple[Callable[[ResponseEvent], Any], Optional[int], str, str, str]] = []
        self._app_send_handlers: List[Tuple[Callable[[SendEvent], Any], str, str]] = []
        self._app_action_send_handlers: List[Tuple[Callable[[ActionSendEvent], Any], Optional[int], str, str, str]] = []
        self._tab_open_handlers: List[Callable[[TabLifecycleEvent], Any]] = []
        self._tab_close_handlers: List[Callable[[TabLifecycleEvent], Any]] = []
        self._comm_start_handlers: List[Callable[[CommLifecycleEvent], Any]] = []
        self._comm_stop_handlers: List[Callable[[CommLifecycleEvent], Any]] = []
        self._timers: Dict[int, Dict[str, Any]] = {}
        self._next_timer_id = 1
        self._reader_thread = threading.Thread(target=self._reader_loop, name=""cilogg-rpc-reader"", daemon=True)
        self._reader_thread.start()

    @property
",""
"Function:src/app/python_runtime/klogg/client.py:_RpcClient.script_args","script_args","src/app/python_runtime/klogg/client.py",162,163,true,"
    @property
    def script_args(self) -> Any:
        return self._script_args

    def _send_message(self, payload: Dict[str, Any]) -> None:
",""
"Function:src/app/python_runtime/klogg/client.py:_RpcClient._send_message","_send_message","src/app/python_runtime/klogg/client.py",165,168,false,"        return self._script_args

    def _send_message(self, payload: Dict[str, Any]) -> None:
        raw = json.dumps(payload, separators=("","", "":""))
        with self._write_lock:
            self._sock.sendall(raw.encode(""utf-8"") + b""\n"")

    def _send_notification(self, method: str, params: Optional[Dict[str, Any]] = None) -> None:
",""
"Function:src/app/python_runtime/klogg/client.py:_RpcClient._send_notification","_send_notification","src/app/python_runtime/klogg/client.py",170,181,false,"            self._sock.sendall(raw.encode(""utf-8"") + b""\n"")

    def _send_notification(self, method: str, params: Optional[Dict[str, Any]] = None) -> None:
        try:
            self._send_message(
                {
                    ""token"": self._token,
                    ""method"": method,
                    ""params"": params or {},
                    ""notification"": True,
                }
            )
        except OSError:
            pass

    def _reader_loop(self) -> None:
",""
"Function:src/app/python_runtime/klogg/client.py:_RpcClient._reader_loop","_reader_loop","src/app/python_runtime/klogg/client.py",183,205,false,"            pass

    def _reader_loop(self) -> None:
        try:
            while True:
                line = self._reader.readline()
                if not line:
                    break

                payload = json.loads(line)
                if ""id"" in payload:
                    request_id = int(payload[""id""])
                    with self._response_condition:
                        self._pending[request_id] = payload
                        self._response_condition.notify_all()
                    continue

                if payload.get(""type"") == ""event"":
                    self._queue_event(payload.get(""event"", {}))
        finally:
            self._closed = True
            with self._response_condition:
                self._response_condition.notify_all()
            with self._event_condition:
                self._event_condition.notify_all()

    def _queue_event(self, event: Dict[str, Any]) -> None:
",""
"Function:src/app/python_runtime/klogg/client.py:_RpcClient._queue_event","_queue_event","src/app/python_runtime/klogg/client.py",207,214,false,"                self._event_condition.notify_all()

    def _queue_event(self, event: Dict[str, Any]) -> None:
        with self._event_condition:
            if len(self._event_queue) >= self.MAX_EVENT_QUEUE:
                self._event_queue.popleft()
                self._dropped_events += 1
                self._send_notification(""report_event_stats"", {""droppedEvents"": self._dropped_events})
            self._event_queue.append(event)
            self._event_condition.notify_all()

    def request(self, method: str, params: Optional[Dict[str, Any]] = None) -> Dict[str, Any]:
",""
"Function:src/app/python_runtime/klogg/client.py:_RpcClient.request","request","src/app/python_runtime/klogg/client.py",216,240,true,"            self._event_condition.notify_all()

    def request(self, method: str, params: Optional[Dict[str, Any]] = None) -> Dict[str, Any]:
        request_id = self._next_id
        self._next_id += 1
        with self._response_condition:
            self._pending[request_id] = None

        self._send_message(
            {
                ""id"": request_id,
                ""token"": self._token,
                ""method"": method,
                ""params"": params or {},
            }
        )

        with self._response_condition:
            while self._pending.get(request_id) is None and not self._closed:
                self._response_condition.wait()
            response = self._pending.pop(request_id, None)

        if response is None:
            raise RuntimeError(""klogg RPC connection closed"")
        if not response.get(""ok"", False):
            raise RuntimeError(response.get(""error"", ""unknown RPC error""))
        return response.get(""result"", {})

    def command(self, action: str, **request: Any) -> Dict[str, Any]:
",""
"Function:src/app/python_runtime/klogg/client.py:_RpcClient.command","command","src/app/python_runtime/klogg/client.py",242,247,true,"        return response.get(""result"", {})

    def command(self, action: str, **request: Any) -> Dict[str, Any]:
        result = self.request(""command"", {""action"": action, **request})
        code = result.get(""code"", ""ExecutionFailed"")
        if code != ""Success"":
            raise KloggError(code, result.get(""message"", """"), result.get(""payload"", {}))
        return result.get(""payload"", {})

    def is_stop_requested(self) -> bool:
",""
"Function:src/app/python_runtime/klogg/client.py:_RpcClient.is_stop_requested","is_stop_requested","src/app/python_runtime/klogg/client.py",249,253,true,"        return result.get(""payload"", {})

    def is_stop_requested(self) -> bool:
        if self._closed:
            return True
        result = self.request(""is_stop_requested"")
        return bool(result.get(""stopRequested"", False))

    def subscribe_event(
",""
"Function:src/app/python_runtime/klogg/client.py:_RpcClient.subscribe_event","subscribe_event","src/app/python_runtime/klogg/client.py",255,275,true,"        return bool(result.get(""stopRequested"", False))

    def subscribe_event(
        self,
        selector: Dict[str, Any],
        event_type: str,
        *,
        response_id: Optional[int] = None,
        response_name: Optional[str] = None,
        action_id: Optional[int] = None,
        action_name: Optional[str] = None,
    ) -> Dict[str, Any]:
        payload = dict(selector)
        payload[""eventType""] = event_type
        if response_id is not None:
            payload[""responseId""] = int(response_id)
        if response_name:
            payload[""responseName""] = response_name
        if action_id is not None:
            payload[""actionId""] = int(action_id)
        if action_name:
            payload[""actionName""] = action_name
        return self.request(""subscribe_event"", payload)

    def clear_event_handlers(self, selector: Dict[str, Any]) -> None:
",""
"Function:src/app/python_runtime/klogg/client.py:_RpcClient.clear_event_handlers","clear_event_handlers","src/app/python_runtime/klogg/client.py",277,278,true,"        return self.request(""subscribe_event"", payload)

    def clear_event_handlers(self, selector: Dict[str, Any]) -> None:
        self.request(""clear_event_handlers"", dict(selector))

    def register_receive_handler(self, tab_id: str, handler: Callable[[ReceiveEvent], Any]) -> None:
",""
"Function:src/app/python_runtime/klogg/client.py:_RpcClient.register_receive_handler","register_receive_handler","src/app/python_runtime/klogg/client.py",280,281,true,"        self.request(""clear_event_handlers"", dict(selector))

    def register_receive_handler(self, tab_id: str, handler: Callable[[ReceiveEvent], Any]) -> None:
        self._receive_handlers.setdefault(tab_id, []).append(handler)

    def register_response_handler(
",""
"Function:src/app/python_runtime/klogg/client.py:_RpcClient.register_response_handler","register_response_handler","src/app/python_runtime/klogg/client.py",283,291,true,"        self._receive_handlers.setdefault(tab_id, []).append(handler)

    def register_response_handler(
        self,
        tab_id: str,
        handler: Callable[[ResponseEvent], Any],
        *,
        response_id: Optional[int] = None,
        response_name: str = """",
    ) -> None:
        self._response_handlers.setdefault(tab_id, []).append((handler, response_id, response_name))

    def clear_local_handlers(self, tab_id: str) -> None:
",""
"Function:src/app/python_runtime/klogg/client.py:_RpcClient.clear_local_handlers","clear_local_handlers","src/app/python_runtime/klogg/client.py",293,297,true,"        self._response_handlers.setdefault(tab_id, []).append((handler, response_id, response_name))

    def clear_local_handlers(self, tab_id: str) -> None:
        self._receive_handlers.pop(tab_id, None)
        self._response_handlers.pop(tab_id, None)
        self._send_handlers.pop(tab_id, None)
        self._action_send_handlers.pop(tab_id, None)

    def clear_app_handlers(self) -> None:
",""
"Function:src/app/python_runtime/klogg/client.py:_RpcClient.clear_app_handlers","clear_app_handlers","src/app/python_runtime/klogg/client.py",299,307,true,"        self._action_send_handlers.pop(tab_id, None)

    def clear_app_handlers(self) -> None:
        self._app_receive_handlers.clear()
        self._app_response_handlers.clear()
        self._app_send_handlers.clear()
        self._app_action_send_handlers.clear()
        self._tab_open_handlers.clear()
        self._tab_close_handlers.clear()
        self._comm_start_handlers.clear()
        self._comm_stop_handlers.clear()

    def register_send_handler(self, tab_id: str, handler: Callable[[SendEvent], Any]) -> None:
",""
"Function:src/app/python_runtime/klogg/client.py:_RpcClient.register_send_handler","register_send_handler","src/app/python_runtime/klogg/client.py",309,310,true,"        self._comm_stop_handlers.clear()

    def register_send_handler(self, tab_id: str, handler: Callable[[SendEvent], Any]) -> None:
        self._send_handlers.setdefault(tab_id, []).append(handler)

    def register_action_send_handler(
",""
"Function:src/app/python_runtime/klogg/client.py:_RpcClient.register_action_send_handler","register_action_send_handler","src/app/python_runtime/klogg/client.py",312,320,true,"        self._send_handlers.setdefault(tab_id, []).append(handler)

    def register_action_send_handler(
        self,
        tab_id: str,
        handler: Callable[[ActionSendEvent], Any],
        *,
        action_id: Optional[int] = None,
        action_name: str = """",
    ) -> None:
        self._action_send_handlers.setdefault(tab_id, []).append((handler, action_id, action_name))

    def register_app_receive_handler(
",""
"Function:src/app/python_runtime/klogg/client.py:_RpcClient.register_app_receive_handler","register_app_receive_handler","src/app/python_runtime/klogg/client.py",322,325,true,"        self._action_send_handlers.setdefault(tab_id, []).append((handler, action_id, action_name))

    def register_app_receive_handler(
        self, handler: Callable[[ReceiveEvent], Any], *, tab_id: str = """", port_name: str = """"
    ) -> None:
        self._app_receive_handlers.append((handler, tab_id, port_name))

    def register_app_response_handler(
",""
"Function:src/app/python_runtime/klogg/client.py:_RpcClient.register_app_response_handler","register_app_response_handler","src/app/python_runtime/klogg/client.py",327,336,true,"        self._app_receive_handlers.append((handler, tab_id, port_name))

    def register_app_response_handler(
        self,
        handler: Callable[[ResponseEvent], Any],
        *,
        response_id: Optional[int] = None,
        response_name: str = """",
        tab_id: str = """",
        port_name: str = """",
    ) -> None:
        self._app_response_handlers.append((handler, response_id, response_name, tab_id, port_name))

    def register_app_send_handler(
",""
"Function:src/app/python_runtime/klogg/client.py:_RpcClient.register_app_send_handler","register_app_send_handler","src/app/python_runtime/klogg/client.py",338,341,true,"        self._app_response_handlers.append((handler, response_id, response_name, tab_id, port_name))

    def register_app_send_handler(
        self, handler: Callable[[SendEvent], Any], *, tab_id: str = """", port_name: str = """"
    ) -> None:
        self._app_send_handlers.append((handler, tab_id, port_name))

    def register_app_action_send_handler(
",""
"Function:src/app/python_runtime/klogg/client.py:_RpcClient.register_app_action_send_handler","register_app_action_send_handler","src/app/python_runtime/klogg/client.py",343,352,true,"        self._app_send_handlers.append((handler, tab_id, port_name))

    def register_app_action_send_handler(
        self,
        handler: Callable[[ActionSendEvent], Any],
        *,
        action_id: Optional[int] = None,
        action_name: str = """",
        tab_id: str = """",
        port_name: str = """",
    ) -> None:
        self._app_action_send_handlers.append((handler, action_id, action_name, tab_id, port_name))

    def register_tab_open_handler(self, handler: Callable[[TabLifecycleEvent], Any]) -> None:
",""
"Function:src/app/python_runtime/klogg/client.py:_RpcClient.register_tab_open_handler","register_tab_open_handler","src/app/python_runtime/klogg/client.py",354,355,true,"        self._app_action_send_handlers.append((handler, action_id, action_name, tab_id, port_name))

    def register_tab_open_handler(self, handler: Callable[[TabLifecycleEvent], Any]) -> None:
        self._tab_open_handlers.append(handler)

    def register_tab_close_handler(self, handler: Callable[[TabLifecycleEvent], Any]) -> None:
",""
"Function:src/app/python_runtime/klogg/client.py:_RpcClient.register_tab_close_handler","register_tab_close_handler","src/app/python_runtime/klogg/client.py",357,358,true,"        self._tab_open_handlers.append(handler)

    def register_tab_close_handler(self, handler: Callable[[TabLifecycleEvent], Any]) -> None:
        self._tab_close_handlers.append(handler)

    def register_comm_start_handler(self, handler: Callable[[CommLifecycleEvent], Any]) -> None:
",""
"Function:src/app/python_runtime/klogg/client.py:_RpcClient.register_comm_start_handler","register_comm_start_handler","src/app/python_runtime/klogg/client.py",360,361,true,"        self._tab_close_handlers.append(handler)

    def register_comm_start_handler(self, handler: Callable[[CommLifecycleEvent], Any]) -> None:
        self._comm_start_handlers.append(handler)

    def register_comm_stop_handler(self, handler: Callable[[CommLifecycleEvent], Any]) -> None:
",""
"Function:src/app/python_runtime/klogg/client.py:_RpcClient.register_comm_stop_handler","register_comm_stop_handler","src/app/python_runtime/klogg/client.py",363,364,true,"        self._comm_start_handlers.append(handler)

    def register_comm_stop_handler(self, handler: Callable[[CommLifecycleEvent], Any]) -> None:
        self._comm_stop_handlers.append(handler)

    def set_timeout(self, handler: Callable[[], Any], delay_ms: int) -> int:
",""
"Function:src/app/python_runtime/klogg/client.py:_RpcClient.set_timeout","set_timeout","src/app/python_runtime/klogg/client.py",366,377,true,"        self._comm_stop_handlers.append(handler)

    def set_timeout(self, handler: Callable[[], Any], delay_ms: int) -> int:
        timer_id = self._next_timer_id
        self._next_timer_id += 1
        with self._event_condition:
            self._timers[timer_id] = {
                ""handler"": handler,
                ""interval_ms"": max(0, int(delay_ms)),
                ""repeat"": False,
                ""next_run"": time.monotonic() + (max(0, int(delay_ms)) / 1000.0),
            }
            self._event_condition.notify_all()
        return timer_id

    def set_interval(self, handler: Callable[[], Any], interval_ms: int) -> int:
",""
"Function:src/app/python_runtime/klogg/client.py:_RpcClient.set_interval","set_interval","src/app/python_runtime/klogg/client.py",379,391,true,"        return timer_id

    def set_interval(self, handler: Callable[[], Any], interval_ms: int) -> int:
        timer_id = self._next_timer_id
        self._next_timer_id += 1
        interval = max(1, int(interval_ms))
        with self._event_condition:
            self._timers[timer_id] = {
                ""handler"": handler,
                ""interval_ms"": interval,
                ""repeat"": True,
                ""next_run"": time.monotonic() + (interval / 1000.0),
            }
            self._event_condition.notify_all()
        return timer_id

    def clear_timer(self, timer_id: int) -> None:
",""
"Function:src/app/python_runtime/klogg/client.py:_RpcClient.clear_timer","clear_timer","src/app/python_runtime/klogg/client.py",393,396,true,"        return timer_id

    def clear_timer(self, timer_id: int) -> None:
        with self._event_condition:
            self._timers.pop(int(timer_id), None)
            self._event_condition.notify_all()

    def run(self) -> None:
",""
"Function:src/app/python_runtime/klogg/client.py:_RpcClient.run","run","src/app/python_runtime/klogg/client.py",398,446,true,"            self._event_condition.notify_all()

    def run(self) -> None:
        self._local_stop_requested = False
        self._send_notification(""set_dispatch_state"", {""state"": ""dispatching""})
        try:
            while not self._local_stop_requested:
                timer_handler: Optional[Callable[[], Any]] = None
                event: Optional[Dict[str, Any]] = None
                with self._event_condition:
                    while not self._event_queue and not self._closed and not self._local_stop_requested:
                        now = time.monotonic()
                        due_timer = None
                        for timer_id, timer in list(self._timers.items()):
                            if timer[""next_run""] <= now:
                                due_timer = (timer_id, timer)
                                break
                        if due_timer is not None:
                            timer_id, timer = due_timer
                            timer_handler = timer[""handler""]
                            if timer[""repeat""]:
                                timer[""next_run""] = time.monotonic() + (timer[""interval_ms""] / 1000.0)
                            else:
                                self._timers.pop(timer_id, None)
                            break

                        next_due = None
                        for timer in self._timers.values():
                            candidate = max(0.0, timer[""next_run""] - now)
                            next_due = candidate if next_due is None else min(next_due, candidate)
                        self._event_condition.wait(timeout=0.2 if next_due is None else min(0.2, next_due))

                    if self._local_stop_requested:
                        break

                    if timer_handler is not None:
                        pass
                    elif self._event_queue:
                        event = self._event_queue.popleft()
                    elif self._closed:
                        break
                    else:
                        continue

                if timer_handler is not None:
                    self._invoke_handler(lambda _ignored: timer_handler(), None)
                elif event is not None:
                    self._dispatch_event(event)
        finally:
            self._send_notification(""set_dispatch_state"", {""state"": ""idle""})
            self._local_stop_requested = False

    def stop(self) -> None:
",""
"Function:src/app/python_runtime/klogg/client.py:_RpcClient.stop","stop","src/app/python_runtime/klogg/client.py",448,451,true,"            self._local_stop_requested = False

    def stop(self) -> None:
        self._local_stop_requested = True
        with self._event_condition:
            self._event_condition.notify_all()

    def _dispatch_event(self, payload: Dict[str, Any]) -> None:
",""
"Function:src/app/python_runtime/klogg/client.py:_RpcClient._dispatch_event","_dispatch_event","src/app/python_runtime/klogg/client.py",453,612,false,"            self._event_condition.notify_all()

    def _dispatch_event(self, payload: Dict[str, Any]) -> None:
        event_type = payload.get(""eventType"", """")
        tab_id = payload.get(""tabId"", """")
        if event_type == ""receive"":
            event = ReceiveEvent(
                tab_id=tab_id,
                window_index=int(payload.get(""windowIndex"", -1)),
                tab_index=int(payload.get(""tabIndex"", -1)),
                file_path=payload.get(""filePath"", """"),
                port_name=payload.get(""portName"", """"),
                text=payload.get(""text"", """"),
                raw_bytes=base64.b64decode(payload.get(""rawBase64"", """") or b""""),
                hex_string=payload.get(""hexString"", """"),
                timestamp=payload.get(""timestamp"", """"),
                display_name=payload.get(""displayName"", """"),
                window_id=payload.get(""windowId"", """"),
            )
            handlers = list(self._receive_handlers.get(tab_id, []))
            for handler in handlers:
                self._invoke_handler(handler, event)
            for handler, expected_tab_id, expected_port_name in list(self._app_receive_handlers):
                if expected_tab_id and expected_tab_id != event.tab_id:
                    continue
                if expected_port_name and expected_port_name.lower() != event.port_name.lower():
                    continue
                self._invoke_handler(handler, event)
            return

        if event_type == ""response"":
            event = ResponseEvent(
                tab_id=tab_id,
                window_index=int(payload.get(""windowIndex"", -1)),
                tab_index=int(payload.get(""tabIndex"", -1)),
                file_path=payload.get(""filePath"", """"),
                port_name=payload.get(""portName"", """"),
                matched_text=payload.get(""matchedText"", """"),
                raw_bytes=base64.b64decode(payload.get(""rawBase64"", """") or b""""),
                hex_string=payload.get(""hexString"", """"),
                timestamp=payload.get(""timestamp"", """"),
                response_id=int(payload.get(""responseId"", 0)),
                response_name=payload.get(""responseName"", """"),
                counter=int(payload.get(""counter"", 0)),
                display_name=payload.get(""displayName"", """"),
                window_id=payload.get(""windowId"", """"),
            )
            handlers = list(self._response_handlers.get(tab_id, []))
            for handler, expected_id, expected_name in handlers:
                if expected_id is not None and expected_id != event.response_id:
                    continue
                if expected_name and expected_name.lower() != event.response_name.lower():
                    continue
                self._invoke_handler(handler, event)
            for handler, expected_id, expected_name, expected_tab_id, expected_port_name in list(self._app_response_handlers):
                if expected_id is not None and expected_id != event.response_id:
                    continue
                if expected_name and expected_name.lower() != event.response_name.lower():
                    continue
                if expected_tab_id and expected_tab_id != event.tab_id:
                    continue
                if expected_port_name and expected_port_name.lower() != event.port_name.lower():
                    continue
                self._invoke_handler(handler, event)
            return

        if event_type == ""tx"":
            event = SendEvent(
                tab_id=tab_id,
                window_index=int(payload.get(""windowIndex"", -1)),
                tab_index=int(payload.get(""tabIndex"", -1)),
                file_path=payload.get(""filePath"", """"),
                port_name=payload.get(""portName"", """"),
                text=payload.get(""text"", """"),
                raw_bytes=base64.b64decode(payload.get(""rawBase64"", """") or b""""),
                hex_string=payload.get(""hexString"", """"),
                timestamp=payload.get(""timestamp"", """"),
                display_name=payload.get(""displayName"", """"),
                window_id=payload.get(""windowId"", """"),
            )
            handlers = list(self._send_handlers.get(tab_id, []))
            for handler in handlers:
                self._invoke_handler(handler, event)
            for handler, expected_tab_id, expected_port_name in list(self._app_send_handlers):
                if expected_tab_id and expected_tab_id != event.tab_id:
                    continue
                if expected_port_name and expected_port_name.lower() != event.port_name.lower():
                    continue
                self._invoke_handler(handler, event)
            return

        if event_type == ""action_send"":
            event = ActionSendEvent(
                tab_id=tab_id,
                window_index=int(payload.get(""windowIndex"", -1)),
                tab_index=int(paylo
... [truncated]",""
"Function:src/app/python_runtime/klogg/client.py:_RpcClient._invoke_handler","_invoke_handler","src/app/python_runtime/klogg/client.py",614,619,false,"            return
            
    def _invoke_handler(self, handler: Callable[[Any], Any], event: Any) -> None:
        try:
            handler(event)
        except BaseException:
            self._send_notification(""report_callback_error"", {""error"": traceback.format_exc().strip()})
            raise


",""
"Function:src/app/python_runtime/klogg/client.py:_get_client","_get_client","src/app/python_runtime/klogg/client.py",625,629,false,"

def _get_client() -> _RpcClient:
    global _CLIENT
    if _CLIENT is None:
        _CLIENT = _RpcClient()
    return _CLIENT


",""
"Function:src/app/python_runtime/klogg/client.py:TabRef.__init__","__init__","src/app/python_runtime/klogg/client.py",633,641,false,"
class TabRef:
    def __init__(self, tab_id: Optional[str] = None, window_index: Optional[int] = None,
                 tab_index: Optional[int] = None) -> None:
        self._selector: Dict[str, Any] = {}
        if tab_id:
            self._selector[""tabId""] = tab_id
        if window_index is not None:
            self._selector[""windowIndex""] = int(window_index)
        if tab_index is not None:
            self._selector[""tabIndex""] = int(tab_index)

    @classmethod
",""
"Function:src/app/python_runtime/klogg/client.py:TabRef.from_info","from_info","src/app/python_runtime/klogg/client.py",644,647,true,"
    @classmethod
    def from_info(cls, tab_info: Dict[str, Any], window_index: int) -> ""TabRef"":
        return cls(tab_id=tab_info.get(""tabId""),
                   window_index=window_index,
                   tab_index=tab_info.get(""tabIndex""))

    def _update_selector(self, info: Dict[str, Any]) -> None:
",""
"Function:src/app/python_runtime/klogg/client.py:TabRef._update_selector","_update_selector","src/app/python_runtime/klogg/client.py",649,656,false,"                   tab_index=tab_info.get(""tabIndex""))

    def _update_selector(self, info: Dict[str, Any]) -> None:
        tab_id = info.get(""tabId"")
        if tab_id:
            self._selector[""tabId""] = tab_id
        if info.get(""windowIndex"") is not None:
            self._selector[""windowIndex""] = int(info[""windowIndex""])
        if info.get(""tabIndex"") is not None:
            self._selector[""tabIndex""] = int(info[""tabIndex""])

    def _ensure_tab_id(self) -> str:
",""
"Function:src/app/python_runtime/klogg/client.py:TabRef._ensure_tab_id","_ensure_tab_id","src/app/python_runtime/klogg/client.py",658,667,false,"            self._selector[""tabIndex""] = int(info[""tabIndex""])

    def _ensure_tab_id(self) -> str:
        tab_id = self._selector.get(""tabId"", """")
        if tab_id:
            return tab_id
        info = self.info()
        self._update_selector(info)
        tab_id = self._selector.get(""tabId"", """")
        if not tab_id:
            raise KloggError(""NotFound"", ""Tab was not found"", {})
        return str(tab_id)

    def info(self) -> Dict[str, Any]:
",""
"Function:src/app/python_runtime/klogg/client.py:TabRef.info","info","src/app/python_runtime/klogg/client.py",669,680,true,"        return str(tab_id)

    def info(self) -> Dict[str, Any]:
        info = _get_client().command(""get_info"")
        for window in info.get(""windows"", []):
            for tab in window.get(""tabs"", []):
                if self._selector.get(""tabId"") and tab.get(""tabId"") == self._selector[""tabId""]:
                    return tab
                if (
                    self._selector.get(""windowIndex"") == window.get(""windowIndex"")
                    and self._selector.get(""tabIndex"") == tab.get(""tabIndex"")
                ):
                    return tab
        raise KloggError(""NotFound"", ""Tab was not found"", {})

    def _command(self, action: str, **extra: Any) -> Dict[str, Any]:
",""
"Function:src/app/python_runtime/klogg/client.py:TabRef._command","_command","src/app/python_runtime/klogg/client.py",682,685,false,"        raise KloggError(""NotFound"", ""Tab was not found"", {})

    def _command(self, action: str, **extra: Any) -> Dict[str, Any]:
        payload = dict(self._selector)
        payload.update(extra)
        return _get_client().command(action, **payload)

    def send_action(self, action_id: int) -> Dict[str, Any]:
",""
"Function:src/app/python_runtime/klogg/client.py:TabRef.send_action","send_action","src/app/python_runtime/klogg/client.py",687,688,true,"        return _get_client().command(action, **payload)

    def send_action(self, action_id: int) -> Dict[str, Any]:
        return self._command(""send_action"", entityId=int(action_id))

    def wait_response(self, *, response_id: Optional[int] = None, name: Optional[str] = None,
",""
"Function:src/app/python_runtime/klogg/client.py:TabRef.wait_response","wait_response","src/app/python_runtime/klogg/client.py",690,697,true,"        return self._command(""send_action"", entityId=int(action_id))

    def wait_response(self, *, response_id: Optional[int] = None, name: Optional[str] = None,
                      timeout_ms: int = 1000) -> Dict[str, Any]:
        request: Dict[str, Any] = {""timeoutMs"": int(timeout_ms)}
        if response_id is not None:
            request[""entityId""] = int(response_id)
        if name:
            request[""entityName""] = name
        return self._command(""wait_response"", **request)

    def start_comm(self) -> Dict[str, Any]:
",""
"Function:src/app/python_runtime/klogg/client.py:TabRef.start_comm","start_comm","src/app/python_runtime/klogg/client.py",699,700,true,"        return self._command(""wait_response"", **request)

    def start_comm(self) -> Dict[str, Any]:
        return self._command(""start_comm"")

    def stop_comm(self) -> Dict[str, Any]:
",""
"Function:src/app/python_runtime/klogg/client.py:TabRef.stop_comm","stop_comm","src/app/python_runtime/klogg/client.py",702,703,true,"        return self._command(""start_comm"")

    def stop_comm(self) -> Dict[str, Any]:
        return self._command(""stop_comm"")

    def get_comm_status(self) -> Dict[str, Any]:
",""
"Function:src/app/python_runtime/klogg/client.py:TabRef.get_comm_status","get_comm_status","src/app/python_runtime/klogg/client.py",705,706,true,"        return self._command(""stop_comm"")

    def get_comm_status(self) -> Dict[str, Any]:
        return self._command(""get_comm_status"")

    def start_logging(self) -> Dict[str, Any]:
",""
"Function:src/app/python_runtime/klogg/client.py:TabRef.start_logging","start_logging","src/app/python_runtime/klogg/client.py",708,709,true,"        return self._command(""get_comm_status"")

    def start_logging(self) -> Dict[str, Any]:
        return self._command(""start_logging"")

    def stop_logging(self) -> Dict[str, Any]:
",""
"Function:src/app/python_runtime/klogg/client.py:TabRef.stop_logging","stop_logging","src/app/python_runtime/klogg/client.py",711,712,true,"        return self._command(""start_logging"")

    def stop_logging(self) -> Dict[str, Any]:
        return self._command(""stop_logging"")

    def add_comment(self, text: str, *, timestamp: bool = False) -> Dict[str, Any]:
",""
"Function:src/app/python_runtime/klogg/client.py:TabRef.add_comment","add_comment","src/app/python_runtime/klogg/client.py",714,715,true,"        return self._command(""stop_logging"")

    def add_comment(self, text: str, *, timestamp: bool = False) -> Dict[str, Any]:
        return self._command(""add_comment"", commentText=text, timestampComment=bool(timestamp))

    def get_response_counter(self, *, response_id: Optional[int] = None,
",""
"Function:src/app/python_runtime/klogg/client.py:TabRef.get_response_counter","get_response_counter","src/app/python_runtime/klogg/client.py",717,726,true,"        return self._command(""add_comment"", commentText=text, timestampComment=bool(timestamp))

    def get_response_counter(self, *, response_id: Optional[int] = None,
                             name: Optional[str] = None, all: bool = False) -> Dict[str, Any]:
        payload: Dict[str, Any] = {}
        if response_id is not None:
            payload[""entityId""] = int(response_id)
        if name:
            payload[""entityName""] = name
        if all:
            payload[""allEntities""] = True
        return self._command(""get_response_counter"", **payload)

    def reset_response_counter(self, *, response_id: Optional[int] = None,
",""
"Function:src/app/python_runtime/klogg/client.py:TabRef.reset_response_counter","reset_response_counter","src/app/python_runtime/klogg/client.py",728,737,true,"        return self._command(""get_response_counter"", **payload)

    def reset_response_counter(self, *, response_id: Optional[int] = None,
                               name: Optional[str] = None, all: bool = False) -> Dict[str, Any]:
        payload: Dict[str, Any] = {}
        if response_id is not None:
            payload[""entityId""] = int(response_id)
        if name:
            payload[""entityName""] = name
        if all:
            payload[""allEntities""] = True
        return self._command(""reset_response_counter"", **payload)

    def get_filters(self, *, predefined: bool = False) -> Dict[str, Any]:
",""
"Function:src/app/python_runtime/klogg/client.py:TabRef.get_filters","get_filters","src/app/python_runtime/klogg/client.py",739,740,true,"        return self._command(""reset_response_counter"", **payload)

    def get_filters(self, *, predefined: bool = False) -> Dict[str, Any]:
        return self._command(""get_filters"", predefinedFilters=bool(predefined))

    def set_filter(self, *, filter_id: Optional[str] = None, filter_index: Optional[int] = None,
",""
"Function:src/app/python_runtime/klogg/client.py:TabRef.set_filter","set_filter","src/app/python_runtime/klogg/client.py",742,756,true,"        return self._command(""get_filters"", predefinedFilters=bool(predefined))

    def set_filter(self, *, filter_id: Optional[str] = None, filter_index: Optional[int] = None,
                   filter_string: Optional[str] = None, predefined: bool = False,
                   search: bool = False, auto_refresh: bool = False) -> Dict[str, Any]:
        payload: Dict[str, Any] = {
            ""predefinedFilters"": bool(predefined),
            ""runSearch"": bool(search or auto_refresh),
            ""rearmAutoRefresh"": bool(auto_refresh),
        }
        if filter_id:
            payload[""filterId""] = filter_id
        if filter_index is not None:
            payload[""filterIndex""] = int(filter_index)
        if filter_string:
            payload[""filterString""] = filter_string
        return self._command(""set_filter"", **payload)

    def clear_comm(self) -> Dict[str, Any]:
",""
"Function:src/app/python_runtime/klogg/client.py:TabRef.clear_comm","clear_comm","src/app/python_runtime/klogg/client.py",758,759,true,"        return self._command(""set_filter"", **payload)

    def clear_comm(self) -> Dict[str, Any]:
        return self._command(""clear_comm"")

    def on_receive(self, handler: Callable[[ReceiveEvent], Any]) -> None:
",""
"Function:src/app/python_runtime/klogg/client.py:TabRef.on_receive","on_receive","src/app/python_runtime/klogg/client.py",761,764,true,"        return self._command(""clear_comm"")

    def on_receive(self, handler: Callable[[ReceiveEvent], Any]) -> None:
        resolved = _get_client().subscribe_event(self._selector, ""receive"")
        self._update_selector(resolved)
        _get_client().register_receive_handler(str(resolved.get(""tabId"", """")), handler)

    def on_response(self, handler: Callable[[ResponseEvent], Any], *,
",""
"Function:src/app/python_runtime/klogg/client.py:TabRef.on_response","on_response","src/app/python_runtime/klogg/client.py",766,774,true,"        _get_client().register_receive_handler(str(resolved.get(""tabId"", """")), handler)

    def on_response(self, handler: Callable[[ResponseEvent], Any], *,
                    response_id: Optional[int] = None, name: Optional[str] = None) -> None:
        resolved = _get_client().subscribe_event(
            self._selector, ""response"", response_id=response_id, response_name=name
        )
        self._update_selector(resolved)
        _get_client().register_response_handler(
            str(resolved.get(""tabId"", """")), handler, response_id=response_id, response_name=name or """"
        )

    def clear_event_handlers(self) -> None:
",""
"Function:src/app/python_runtime/klogg/client.py:TabRef.clear_event_handlers","clear_event_handlers","src/app/python_runtime/klogg/client.py",776,778,true,"        )

    def clear_event_handlers(self) -> None:
        _get_client().clear_event_handlers(self._selector)
        _get_client().clear_local_handlers(self._ensure_tab_id())

    def on_send(self, handler: Callable[[SendEvent], Any]) -> None:
",""
"Function:src/app/python_runtime/klogg/client.py:TabRef.on_send","on_send","src/app/python_runtime/klogg/client.py",780,783,true,"        _get_client().clear_local_handlers(self._ensure_tab_id())

    def on_send(self, handler: Callable[[SendEvent], Any]) -> None:
        resolved = _get_client().subscribe_event(self._selector, ""tx"")
        self._update_selector(resolved)
        _get_client().register_send_handler(str(resolved.get(""tabId"", """")), handler)

    def on_action_send(self, handler: Callable[[ActionSendEvent], Any], *,
",""
"Function:src/app/python_runtime/klogg/client.py:TabRef.on_action_send","on_action_send","src/app/python_runtime/klogg/client.py",785,793,true,"        _get_client().register_send_handler(str(resolved.get(""tabId"", """")), handler)

    def on_action_send(self, handler: Callable[[ActionSendEvent], Any], *,
                       action_id: Optional[int] = None, name: Optional[str] = None) -> None:
        resolved = _get_client().subscribe_event(
            self._selector, ""action_send"", action_id=action_id, action_name=name
        )
        self._update_selector(resolved)
        _get_client().register_action_send_handler(
            str(resolved.get(""tabId"", """")), handler, action_id=action_id, action_name=name or """"
        )


",""
"Function:src/app/python_runtime/klogg/client.py:Application.get_info","get_info","src/app/python_runtime/klogg/client.py",797,798,true,"
class Application:
    def get_info(self) -> Dict[str, Any]:
        return _get_client().command(""get_info"")

    def get_actions(self) -> List[Dict[str, Any]]:
",""
"Function:src/app/python_runtime/klogg/client.py:Application.get_actions","get_actions","src/app/python_runtime/klogg/client.py",800,801,true,"        return _get_client().command(""get_info"")

    def get_actions(self) -> List[Dict[str, Any]]:
        return _get_client().command(""get_actions"").get(""actions"", [])

    def get_responses(self) -> List[Dict[str, Any]]:
",""
"Function:src/app/python_runtime/klogg/client.py:Application.get_responses","get_responses","src/app/python_runtime/klogg/client.py",803,804,true,"        return _get_client().command(""get_actions"").get(""actions"", [])

    def get_responses(self) -> List[Dict[str, Any]]:
        return _get_client().command(""get_responses"").get(""responses"", [])

    def tabs(self) -> List[TabRef]:
",""
"Function:src/app/python_runtime/klogg/client.py:Application.tabs","tabs","src/app/python_runtime/klogg/client.py",806,813,true,"        return _get_client().command(""get_responses"").get(""responses"", [])

    def tabs(self) -> List[TabRef]:
        result: List[TabRef] = []
        info = self.get_info()
        for window in info.get(""windows"", []):
            window_index = window.get(""windowIndex"")
            for tab in window.get(""tabs"", []):
                result.append(TabRef.from_info(tab, window_index))
        return result

    def live_tabs(self) -> List[TabRef]:
",""
"Function:src/app/python_runtime/klogg/client.py:Application.live_tabs","live_tabs","src/app/python_runtime/klogg/client.py",815,827,true,"        return result

    def live_tabs(self) -> List[TabRef]:
        result: List[TabRef] = []
        info = self.get_info()
        for window in info.get(""windows"", []):
            window_index = window.get(""windowIndex"")
            for tab in window.get(""tabs"", []):
                if tab.get(""sourceType"") != ""com"":
                    continue
                com_info = tab.get(""com"", {})
                if not com_info.get(""connected"", False):
                    continue
                result.append(TabRef.from_info(tab, window_index))
        return result

    def find_tabs(self, *, port_name: Optional[str] = None, source_type: Optional[str] = None) -> List[TabRef]:
",""
"Function:src/app/python_runtime/klogg/client.py:Application.find_tabs","find_tabs","src/app/python_runtime/klogg/client.py",829,840,true,"        return result

    def find_tabs(self, *, port_name: Optional[str] = None, source_type: Optional[str] = None) -> List[TabRef]:
        result: List[TabRef] = []
        requested_port = (port_name or """").lower()
        for tab in self.tabs():
            info = tab.info()
            if source_type and info.get(""sourceType"") != source_type:
                continue
            com_info = info.get(""com"", {})
            if requested_port and com_info.get(""portName"", """").lower() != requested_port:
                continue
            result.append(tab)
        return result

    def current_tab(self) -> TabRef:
",""
"Function:src/app/python_runtime/klogg/client.py:Application.current_tab","current_tab","src/app/python_runtime/klogg/client.py",842,853,true,"        return result

    def current_tab(self) -> TabRef:
        info = self.get_info()
        for window in info.get(""windows"", []):
            if not window.get(""isActiveWindow"", False):
                continue
            current_tab_id = window.get(""currentTabId"")
            current_tab_index = window.get(""currentTabIndex"")
            if current_tab_id:
                return TabRef(tab_id=current_tab_id)
            if current_tab_index is not None:
                return TabRef(window_index=window.get(""windowIndex""), tab_index=current_tab_index)
        raise KloggError(""NotFound"", ""No active tab was found"", {})

    def tab(self, *, tab_id: Optional[str] = None,
",""
"Function:src/app/python_runtime/klogg/client.py:Application.tab","tab","src/app/python_runtime/klogg/client.py",855,857,true,"        raise KloggError(""NotFound"", ""No active tab was found"", {})

    def tab(self, *, tab_id: Optional[str] = None,
            window_index: Optional[int] = None, tab_index: Optional[int] = None) -> TabRef:
        return TabRef(tab_id=tab_id, window_index=window_index, tab_index=tab_index)

    def create_action(self, definition: Dict[str, Any]) -> Dict[str, Any]:
",""
"Function:src/app/python_runtime/klogg/client.py:Application.create_action","create_action","src/app/python_runtime/klogg/client.py",859,860,true,"        return TabRef(tab_id=tab_id, window_index=window_index, tab_index=tab_index)

    def create_action(self, definition: Dict[str, Any]) -> Dict[str, Any]:
        return _get_client().command(""create_action"", definitionPayload=definition)

    def update_action(self, action_id: int, definition: Dict[str, Any]) -> Dict[str, Any]:
",""
"Function:src/app/python_runtime/klogg/client.py:Application.update_action","update_action","src/app/python_runtime/klogg/client.py",862,864,true,"        return _get_client().command(""create_action"", definitionPayload=definition)

    def update_action(self, action_id: int, definition: Dict[str, Any]) -> Dict[str, Any]:
        return _get_client().command(""update_action"", entityId=int(action_id),
                                     definitionPayload=definition)

    def delete_action(self, action_id: int) -> Dict[str, Any]:
",""
"Function:src/app/python_runtime/klogg/client.py:Application.delete_action","delete_action","src/app/python_runtime/klogg/client.py",866,867,true,"                                     definitionPayload=definition)

    def delete_action(self, action_id: int) -> Dict[str, Any]:
        return _get_client().command(""delete_action"", entityId=int(action_id))

    def create_response(self, definition: Dict[str, Any]) -> Dict[str, Any]:
",""
"Function:src/app/python_runtime/klogg/client.py:Application.create_response","create_response","src/app/python_runtime/klogg/client.py",869,870,true,"        return _get_client().command(""delete_action"", entityId=int(action_id))

    def create_response(self, definition: Dict[str, Any]) -> Dict[str, Any]:
        return _get_client().command(""create_response"", definitionPayload=definition)

    def update_response(self, response_id: int, definition: Dict[str, Any]) -> Dict[str, Any]:
",""
"Function:src/app/python_runtime/klogg/client.py:Application.update_response","update_response","src/app/python_runtime/klogg/client.py",872,874,true,"        return _get_client().command(""create_response"", definitionPayload=definition)

    def update_response(self, response_id: int, definition: Dict[str, Any]) -> Dict[str, Any]:
        return _get_client().command(""update_response"", entityId=int(response_id),
                                     definitionPayload=definition)

    def delete_response(self, response_id: int) -> Dict[str, Any]:
",""
"Function:src/app/python_runtime/klogg/client.py:Application.delete_response","delete_response","src/app/python_runtime/klogg/client.py",876,877,true,"                                     definitionPayload=definition)

    def delete_response(self, response_id: int) -> Dict[str, Any]:
        return _get_client().command(""delete_response"", entityId=int(response_id))

    def run_action_crud(self, operation: str, **kwargs: Any) -> Dict[str, Any]:
",""
"Function:src/app/python_runtime/klogg/client.py:Application.run_action_crud","run_action_crud","src/app/python_runtime/klogg/client.py",879,880,true,"        return _get_client().command(""delete_response"", entityId=int(response_id))

    def run_action_crud(self, operation: str, **kwargs: Any) -> Dict[str, Any]:
        return _get_client().command(f""{operation}_action"", **kwargs)

    def run_response_crud(self, operation: str, **kwargs: Any) -> Dict[str, Any]:
",""
"Function:src/app/python_runtime/klogg/client.py:Application.run_response_crud","run_response_crud","src/app/python_runtime/klogg/client.py",882,883,true,"        return _get_client().command(f""{operation}_action"", **kwargs)

    def run_response_crud(self, operation: str, **kwargs: Any) -> Dict[str, Any]:
        return _get_client().command(f""{operation}_response"", **kwargs)

    def script_args(self) -> Any:
",""
"Function:src/app/python_runtime/klogg/client.py:Application.script_args","script_args","src/app/python_runtime/klogg/client.py",885,886,true,"        return _get_client().command(f""{operation}_response"", **kwargs)

    def script_args(self) -> Any:
        return _get_client().script_args

    def on_receive(
",""
"Function:src/app/python_runtime/klogg/client.py:Application.on_receive","on_receive","src/app/python_runtime/klogg/client.py",888,900,true,"        return _get_client().script_args

    def on_receive(
        self, handler: Callable[[ReceiveEvent], Any], *, tab_id: Optional[str] = None,
        port_name: Optional[str] = None
    ) -> None:
        selector: Dict[str, Any] = {}
        if tab_id:
            selector[""tabId""] = tab_id
        if port_name:
            selector[""portName""] = port_name
        _get_client().subscribe_event(selector, ""receive"")
        _get_client().register_app_receive_handler(
            handler, tab_id=tab_id or """", port_name=port_name or """"
        )

    def on_response(
",""
"Function:src/app/python_runtime/klogg/client.py:Application.on_response","on_response","src/app/python_runtime/klogg/client.py",902,923,true,"        )

    def on_response(
        self, handler: Callable[[ResponseEvent], Any], *, response_id: Optional[int] = None,
        name: Optional[str] = None, tab_id: Optional[str] = None, port_name: Optional[str] = None
    ) -> None:
        selector: Dict[str, Any] = {}
        if tab_id:
            selector[""tabId""] = tab_id
        if port_name:
            selector[""portName""] = port_name
        _get_client().subscribe_event(
            selector,
            ""response"",
            response_id=response_id,
            response_name=name,
        )
        _get_client().register_app_response_handler(
            handler,
            response_id=response_id,
            response_name=name or """",
            tab_id=tab_id or """",
            port_name=port_name or """",
        )

    def on_send(
",""
"Function:src/app/python_runtime/klogg/client.py:Application.on_send","on_send","src/app/python_runtime/klogg/client.py",925,937,true,"        )

    def on_send(
        self, handler: Callable[[SendEvent], Any], *, tab_id: Optional[str] = None,
        port_name: Optional[str] = None
    ) -> None:
        selector: Dict[str, Any] = {}
        if tab_id:
            selector[""tabId""] = tab_id
        if port_name:
            selector[""portName""] = port_name
        _get_client().subscribe_event(selector, ""tx"")
        _get_client().register_app_send_handler(
            handler, tab_id=tab_id or """", port_name=port_name or """"
        )

    def on_action_send(
",""
"Function:src/app/python_runtime/klogg/client.py:Application.on_action_send","on_action_send","src/app/python_runtime/klogg/client.py",939,960,true,"        )

    def on_action_send(
        self, handler: Callable[[ActionSendEvent], Any], *, action_id: Optional[int] = None,
        name: Optional[str] = None, tab_id: Optional[str] = None, port_name: Optional[str] = None
    ) -> None:
        selector: Dict[str, Any] = {}
        if tab_id:
            selector[""tabId""] = tab_id
        if port_name:
            selector[""portName""] = port_name
        _get_client().subscribe_event(
            selector,
            ""action_send"",
            action_id=action_id,
            action_name=name,
        )
        _get_client().register_app_action_send_handler(
            handler,
            action_id=action_id,
            action_name=name or """",
            tab_id=tab_id or """",
            port_name=port_name or """",
        )

    def on_tab_open(self, handler: Callable[[TabLifecycleEvent], Any]) -> None:
",""
"Function:src/app/python_runtime/klogg/client.py:Application.on_tab_open","on_tab_open","src/app/python_runtime/klogg/client.py",962,964,true,"        )

    def on_tab_open(self, handler: Callable[[TabLifecycleEvent], Any]) -> None:
        _get_client().subscribe_event({}, ""tab_open"")
        _get_client().register_tab_open_handler(handler)

    def on_tab_close(self, handler: Callable[[TabLifecycleEvent], Any]) -> None:
",""
"Function:src/app/python_runtime/klogg/client.py:Application.on_tab_close","on_tab_close","src/app/python_runtime/klogg/client.py",966,968,true,"        _get_client().register_tab_open_handler(handler)

    def on_tab_close(self, handler: Callable[[TabLifecycleEvent], Any]) -> None:
        _get_client().subscribe_event({}, ""tab_close"")
        _get_client().register_tab_close_handler(handler)

    def on_comm_start(self, handler: Callable[[CommLifecycleEvent], Any]) -> None:
",""
"Function:src/app/python_runtime/klogg/client.py:Application.on_comm_start","on_comm_start","src/app/python_runtime/klogg/client.py",970,972,true,"        _get_client().register_tab_close_handler(handler)

    def on_comm_start(self, handler: Callable[[CommLifecycleEvent], Any]) -> None:
        _get_client().subscribe_event({}, ""comm_start"")
        _get_client().register_comm_start_handler(handler)

    def on_comm_stop(self, handler: Callable[[CommLifecycleEvent], Any]) -> None:
",""
"Function:src/app/python_runtime/klogg/client.py:Application.on_comm_stop","on_comm_stop","src/app/python_runtime/klogg/client.py",974,976,true,"        _get_client().register_comm_start_handler(handler)

    def on_comm_stop(self, handler: Callable[[CommLifecycleEvent], Any]) -> None:
        _get_client().subscribe_event({}, ""comm_stop"")
        _get_client().register_comm_stop_handler(handler)

    def clear_event_handlers(self) -> None:
",""
"Function:src/app/python_runtime/klogg/client.py:Application.clear_event_handlers","clear_event_handlers","src/app/python_runtime/klogg/client.py",978,980,true,"        _get_client().register_comm_stop_handler(handler)

    def clear_event_handlers(self) -> None:
        _get_client().clear_event_handlers({})
        _get_client().clear_app_handlers()


",""
"Function:src/app/python_runtime/klogg/client.py:sleep_ms","sleep_ms","src/app/python_runtime/klogg/client.py",986,987,true,"

def sleep_ms(milliseconds: int) -> None:
    time.sleep(max(0, milliseconds) / 1000.0)


",""
"Function:src/app/python_runtime/klogg/client.py:is_stop_requested","is_stop_requested","src/app/python_runtime/klogg/client.py",990,991,true,"

def is_stop_requested() -> bool:
    return _get_client().is_stop_requested()


",""
"Function:src/app/python_runtime/klogg/client.py:run","run","src/app/python_runtime/klogg/client.py",994,995,true,"

def run() -> None:
    _get_client().run()


",""
"Function:src/app/python_runtime/klogg/client.py:stop","stop","src/app/python_runtime/klogg/client.py",998,999,true,"

def stop() -> None:
    _get_client().stop()


",""
"Function:src/app/python_runtime/klogg/client.py:set_timeout","set_timeout","src/app/python_runtime/klogg/client.py",1002,1003,true,"

def set_timeout(handler: Callable[[], Any], delay_ms: int) -> int:
    return _get_client().set_timeout(handler, delay_ms)


",""
"Function:src/app/python_runtime/klogg/client.py:set_interval","set_interval","src/app/python_runtime/klogg/client.py",1006,1007,true,"

def set_interval(handler: Callable[[], Any], interval_ms: int) -> int:
    return _get_client().set_interval(handler, interval_ms)


",""
"Function:src/app/python_runtime/klogg/client.py:clear_timer","clear_timer","src/app/python_runtime/klogg/client.py",1010,1011,true,"

def clear_timer(timer_id: int) -> None:
    _get_client().clear_timer(timer_id)


",""
"Function:src/app/python_runtime/klogg/client.py:log","log","src/app/python_runtime/klogg/client.py",1014,1015,true,"

def log(message: Any) -> None:
    print(f""[klogg] {message}"", flush=True)
",""
"Function:website/themes/hugo-book/assets/search.js:focusSearchFieldOnKeyPress","focusSearchFieldOnKeyPress","website/themes/hugo-book/assets/search.js",21,33,false,"   * @param {Event} event
   */
  function focusSearchFieldOnKeyPress(event) {
    if (input === document.activeElement) {
      return;
    }

    const characterPressed = String.fromCharCode(event.charCode);
    if (!isHotkey(characterPressed)) {
      return;
    }

    input.focus();
    event.preventDefault();
  }

  /**
",""
"Function:website/themes/hugo-book/assets/search.js:isHotkey","isHotkey","website/themes/hugo-book/assets/search.js",39,42,false,"   * @returns {Boolean} 
   */
  function isHotkey(character) {
    const dataHotkeys = input.getAttribute('data-hotkeys') || '';
    return dataHotkeys.indexOf(character) >= 0;
  }

  function init() {
",""
"Function:website/themes/hugo-book/assets/search.js:init","init","website/themes/hugo-book/assets/search.js",44,53,false,"  }

  function init() {
    input.removeEventListener('focus', init); // init once
    input.required = true;

    loadScript('{{ ""flexsearch.min.js"" | relURL }}');
    loadScript('{{ $searchData.RelPermalink }}', function () {
      input.required = false;
      search();
    });
  }

  function search() {
",""
"Function:website/themes/hugo-book/assets/search.js:search","search","website/themes/hugo-book/assets/search.js",55,75,false,"  }

  function search() {
    while (results.firstChild) {
      results.removeChild(results.firstChild);
    }

    if (!input.value) {
      return;
    }

    const searchHits = window.bookSearchIndex.search(input.value, 10);
    searchHits.forEach(function (page) {
      const li = element('<li><a href></a><small></small></li>');
      const a = li.querySelector('a'), small = li.querySelector('small');

      a.href = page.href;
      a.textContent = page.title;
      small.textContent = page.section;

      results.appendChild(li);
    });
  }

  /**
",""
"Function:website/themes/hugo-book/assets/search.js:loadScript","loadScript","website/themes/hugo-book/assets/search.js",81,89,false,"   * @param {Function} callback 
   */
  function loadScript(src, callback) {
    const script = document.createElement('script');
    script.defer = true;
    script.async = false;
    script.src = src;
    script.onload = callback;

    document.head.appendChild(script);
  }

  /**
",""
"Function:website/themes/hugo-book/assets/search.js:element","element","website/themes/hugo-book/assets/search.js",95,99,false,"   * @returns {Node}
   */
  function element(content) {
    const div = document.createElement('div');
    div.innerHTML = content;
    return div.firstChild;
  }
})();
",""
