id,name,filePath,startLine,endLine,content,description
"Property:scripts/gen_changelog.py:CommitMessage.date","date","scripts/gen_changelog.py",17,17,"@dataclass
class CommitMessage:
    date: date
    sha: str
    group: str
",""
"Property:scripts/gen_changelog.py:CommitMessage.sha","sha","scripts/gen_changelog.py",18,18,"class CommitMessage:
    date: date
    sha: str
    group: str
    message: str
",""
"Property:scripts/gen_changelog.py:CommitMessage.group","group","scripts/gen_changelog.py",19,19,"    date: date
    sha: str
    group: str
    message: str

",""
"Property:scripts/gen_changelog.py:CommitMessage.message","message","scripts/gen_changelog.py",20,20,"    sha: str
    group: str
    message: str

YearMonthKey = Tuple[int,int]
",""
"Property:scripts/gen_changelog.py:commits","commits","scripts/gen_changelog.py",25,25,"CommitsList = List[CommitMessage]
CommitsGroup = Dict[str, CommitsList]
commits: Dict[YearMonthKey, CommitsGroup] = defaultdict(lambda: defaultdict(lambda: []))

for log_line in log:
",""
"Property:scripts/gen_changelog.py:key","key","scripts/gen_changelog.py",62,62,"        commit_group = 'tests'

    key: YearMonthKey = (commit_date.year, commit_date.month)
    commits_this_month = commits[key]
    commits_this_month[commit_group].append(CommitMessage(commit_date, commit_sha, commit_group, commit_message))
",""
"Property:tests/unit/commander_test.cpp:ComDefaultsRestoreGuard.baudRate","baudRate","tests/unit/commander_test.cpp",18,18,"namespace {
struct ComDefaultsRestoreGuard {
    QSerialPort::BaudRate baudRate = Configuration::get().defaultComBaudRate();
    QSerialPort::DataBits dataBits = Configuration::get().defaultComDataBits();
    QSerialPort::Parity parity = Configuration::get().defaultComParity();
",""
"Property:tests/unit/commander_test.cpp:ComDefaultsRestoreGuard.dataBits","dataBits","tests/unit/commander_test.cpp",19,19,"struct ComDefaultsRestoreGuard {
    QSerialPort::BaudRate baudRate = Configuration::get().defaultComBaudRate();
    QSerialPort::DataBits dataBits = Configuration::get().defaultComDataBits();
    QSerialPort::Parity parity = Configuration::get().defaultComParity();
    QSerialPort::StopBits stopBits = Configuration::get().defaultComStopBits();
",""
"Property:tests/unit/commander_test.cpp:ComDefaultsRestoreGuard.parity","parity","tests/unit/commander_test.cpp",20,20,"    QSerialPort::BaudRate baudRate = Configuration::get().defaultComBaudRate();
    QSerialPort::DataBits dataBits = Configuration::get().defaultComDataBits();
    QSerialPort::Parity parity = Configuration::get().defaultComParity();
    QSerialPort::StopBits stopBits = Configuration::get().defaultComStopBits();
    QSerialPort::FlowControl flowControl = Configuration::get().defaultComFlowControl();
",""
"Property:tests/unit/commander_test.cpp:ComDefaultsRestoreGuard.stopBits","stopBits","tests/unit/commander_test.cpp",21,21,"    QSerialPort::DataBits dataBits = Configuration::get().defaultComDataBits();
    QSerialPort::Parity parity = Configuration::get().defaultComParity();
    QSerialPort::StopBits stopBits = Configuration::get().defaultComStopBits();
    QSerialPort::FlowControl flowControl = Configuration::get().defaultComFlowControl();
    QString logPath = Configuration::get().defaultComLogPath();
",""
"Property:tests/unit/commander_test.cpp:ComDefaultsRestoreGuard.flowControl","flowControl","tests/unit/commander_test.cpp",22,22,"    QSerialPort::Parity parity = Configuration::get().defaultComParity();
    QSerialPort::StopBits stopBits = Configuration::get().defaultComStopBits();
    QSerialPort::FlowControl flowControl = Configuration::get().defaultComFlowControl();
    QString logPath = Configuration::get().defaultComLogPath();
    bool timestamps = Configuration::get().defaultComTimestampEnabled();
",""
"Property:tests/unit/commander_test.cpp:ComDefaultsRestoreGuard.logPath","logPath","tests/unit/commander_test.cpp",23,23,"    QSerialPort::StopBits stopBits = Configuration::get().defaultComStopBits();
    QSerialPort::FlowControl flowControl = Configuration::get().defaultComFlowControl();
    QString logPath = Configuration::get().defaultComLogPath();
    bool timestamps = Configuration::get().defaultComTimestampEnabled();
    QString timestampFormat = Configuration::get().defaultComTimestampFormat();
",""
"Property:tests/unit/commander_test.cpp:ComDefaultsRestoreGuard.timestamps","timestamps","tests/unit/commander_test.cpp",24,24,"    QSerialPort::FlowControl flowControl = Configuration::get().defaultComFlowControl();
    QString logPath = Configuration::get().defaultComLogPath();
    bool timestamps = Configuration::get().defaultComTimestampEnabled();
    QString timestampFormat = Configuration::get().defaultComTimestampFormat();
    bool logTransmits = Configuration::get().defaultComLogTransmits();
",""
"Property:tests/unit/commander_test.cpp:ComDefaultsRestoreGuard.timestampFormat","timestampFormat","tests/unit/commander_test.cpp",25,25,"    QString logPath = Configuration::get().defaultComLogPath();
    bool timestamps = Configuration::get().defaultComTimestampEnabled();
    QString timestampFormat = Configuration::get().defaultComTimestampFormat();
    bool logTransmits = Configuration::get().defaultComLogTransmits();

",""
"Property:tests/unit/commander_test.cpp:ComDefaultsRestoreGuard.logTransmits","logTransmits","tests/unit/commander_test.cpp",26,26,"    bool timestamps = Configuration::get().defaultComTimestampEnabled();
    QString timestampFormat = Configuration::get().defaultComTimestampFormat();
    bool logTransmits = Configuration::get().defaultComLogTransmits();

    ~ComDefaultsRestoreGuard()
",""
"Property:tests/ui/qtests_main.cpp:TestRunner.public","public","tests/ui/qtests_main.cpp",36,43,"
class TestRunner : public QObject {
    Q_OBJECT

  public:
    TestRunner( int argc, char** argv )
        : argc_( argc )
        , argv_( argv )
    {
    }

    int result()
",""
"Property:tests/ui/qtests_main.cpp:TestRunner.argc_","argc_","tests/ui/qtests_main.cpp",61,61,"
  private:
    int argc_;
    char** argv_;

",""
"Property:tests/ui/qtests_main.cpp:TestRunner.result_","result_","tests/ui/qtests_main.cpp",64,64,"    char** argv_;

    int result_;
};

",""
"Property:tests/ui/mainwindow_test.cpp:SessionFilesRestoreGuard.sessionInfo","sessionInfo","tests/ui/mainwindow_test.cpp",48,48,"namespace {
struct SessionFilesRestoreGuard {
    SessionInfo& sessionInfo;
    QString windowId;
    std::vector<SessionInfo::OpenFile> openFiles;
",""
"Property:tests/ui/mainwindow_test.cpp:SessionFilesRestoreGuard.windowId","windowId","tests/ui/mainwindow_test.cpp",49,49,"struct SessionFilesRestoreGuard {
    SessionInfo& sessionInfo;
    QString windowId;
    std::vector<SessionInfo::OpenFile> openFiles;

",""
"Property:tests/ui/mainwindow_test.cpp:SessionFilesRestoreGuard.openFiles","openFiles","tests/ui/mainwindow_test.cpp",50,50,"    SessionInfo& sessionInfo;
    QString windowId;
    std::vector<SessionInfo::OpenFile> openFiles;

    ~SessionFilesRestoreGuard()
",""
"Property:tests/ui/mainwindow_test.cpp:MinimizeToTrayRestoreGuard.previousValue","previousValue","tests/ui/mainwindow_test.cpp",60,60,"
struct MinimizeToTrayRestoreGuard {
    bool previousValue = false;

    explicit MinimizeToTrayRestoreGuard( bool value )
",""
"Property:tests/ui/mainwindow_test.cpp:PredefinedFiltersRestoreGuard.filters","filters","tests/ui/mainwindow_test.cpp",79,80,"
struct PredefinedFiltersRestoreGuard {
    PredefinedFiltersCollection::Collection filters
        = PredefinedFiltersCollection::getSynced().getFilters();

    ~PredefinedFiltersRestoreGuard()
",""
"Property:tests/ui/mainwindow_test.cpp:StartupProgressRecorder.mutex_","mutex_","tests/ui/mainwindow_test.cpp",103,103,"
  private:
    mutable std::mutex mutex_;
    std::vector<StartupProgressState> states_;
};
",""
"Property:tests/ui/mainwindow_test.cpp:StartupProgressRecorder.states_","states_","tests/ui/mainwindow_test.cpp",104,104,"  private:
    mutable std::mutex mutex_;
    std::vector<StartupProgressState> states_;
};

",""
"Property:tests/ui/logfiltereddata_test.cpp:LogDataLoader.file","file","tests/ui/logfiltereddata_test.cpp",129,129,"    }

    QTemporaryFile file{ ""filtered_test_XXXXXX"" };
    LogData log_data;
};",""
"Property:tests/ui/logfiltereddata_test.cpp:LogDataLoader.log_data","log_data","tests/ui/logfiltereddata_test.cpp",130,130,"
    QTemporaryFile file{ ""filtered_test_XXXXXX"" };
    LogData log_data;
};
",""
"Property:tests/ui/logdata_test.cpp:WriteFileThread.file_","file_","tests/ui/logdata_test.cpp",77,77,"
  private:
    QFile* file_;
    int numberOfLines_;
    WriteFileModification flag_;
",""
"Property:tests/ui/logdata_test.cpp:WriteFileThread.numberOfLines_","numberOfLines_","tests/ui/logdata_test.cpp",78,78,"  private:
    QFile* file_;
    int numberOfLines_;
    WriteFileModification flag_;

",""
"Property:tests/ui/logdata_test.cpp:WriteFileThread.flag_","flag_","tests/ui/logdata_test.cpp",79,79,"    QFile* file_;
    int numberOfLines_;
    WriteFileModification flag_;

    int result_{};
",""
"Property:tests/ui/logdata_test.cpp:WriteFileThread.result_","result_","tests/ui/logdata_test.cpp",81,81,"    WriteFileModification flag_;

    int result_{};
};
} // namespace
",""
"Property:tests/ui/crawlerwidget_test.cpp:CrawlerWidget::access_by<CrawlerWidgetPrivate>.crawler","crawler","tests/ui/crawlerwidget_test.cpp",77,77,"template <>
struct CrawlerWidget::access_by<CrawlerWidgetPrivate> {
    std::unique_ptr<CrawlerWidget> crawler;

    bool isLoadingFinished()
",""
"Property:tests/ui/crawlerwidget_test.cpp:SavedSearchesRestoreGuard.searches","searches","tests/ui/crawlerwidget_test.cpp",449,449,"
    struct SavedSearchesRestoreGuard {
        SavedSearches& searches;
        QStringList history;
        int historySize;
",""
"Property:tests/ui/crawlerwidget_test.cpp:SavedSearchesRestoreGuard.history","history","tests/ui/crawlerwidget_test.cpp",450,450,"    struct SavedSearchesRestoreGuard {
        SavedSearches& searches;
        QStringList history;
        int historySize;

",""
"Property:tests/ui/crawlerwidget_test.cpp:SavedSearchesRestoreGuard.historySize","historySize","tests/ui/crawlerwidget_test.cpp",451,451,"        SavedSearches& searches;
        QStringList history;
        int historySize;

        ~SavedSearchesRestoreGuard()
",""
"Property:src/app/scenarioheadlessrunner.h:Result.exitCode","exitCode","src/app/scenarioheadlessrunner.h",14,14,"  public:
    struct Result {
        int exitCode = EXIT_FAILURE;
        QString message;
        bool outputToStderr = false;
",""
"Property:src/app/scenarioheadlessrunner.h:Result.message","message","src/app/scenarioheadlessrunner.h",15,15,"    struct Result {
        int exitCode = EXIT_FAILURE;
        QString message;
        bool outputToStderr = false;
        QVariantMap payload;
",""
"Property:src/app/scenarioheadlessrunner.h:Result.outputToStderr","outputToStderr","src/app/scenarioheadlessrunner.h",16,16,"        int exitCode = EXIT_FAILURE;
        QString message;
        bool outputToStderr = false;
        QVariantMap payload;

",""
"Property:src/app/scenarioheadlessrunner.h:Result.payload","payload","src/app/scenarioheadlessrunner.h",17,17,"        QString message;
        bool outputToStderr = false;
        QVariantMap payload;

        bool hasPayload() const
",""
"Property:src/app/scenarioheadlessrunner.h:ScenarioHeadlessRunner.app_","app_","src/app/scenarioheadlessrunner.h",30,30,"
  private:
    KloggApp& app_;
};
",""
"Property:src/app/scenarioheadlessrunner.cpp:LogicalDeviceDefinition.name","name","src/app/scenarioheadlessrunner.cpp",33,33,"
struct LogicalDeviceDefinition {
    QString name;
    CommanderComSettings settings;
};
",""
"Property:src/app/scenarioheadlessrunner.cpp:LogicalDeviceDefinition.settings","settings","src/app/scenarioheadlessrunner.cpp",34,34,"struct LogicalDeviceDefinition {
    QString name;
    CommanderComSettings settings;
};

",""
"Property:src/app/scenarioheadlessrunner.cpp:SuiteScenarioEntry.scenarioFilePath","scenarioFilePath","src/app/scenarioheadlessrunner.cpp",38,38,"
struct SuiteScenarioEntry {
    QString scenarioFilePath;
    QString argsJsonFilePath;
    bool enabled = true;
",""
"Property:src/app/scenarioheadlessrunner.cpp:SuiteScenarioEntry.argsJsonFilePath","argsJsonFilePath","src/app/scenarioheadlessrunner.cpp",39,39,"struct SuiteScenarioEntry {
    QString scenarioFilePath;
    QString argsJsonFilePath;
    bool enabled = true;
    QStringList requiredDevices;
",""
"Property:src/app/scenarioheadlessrunner.cpp:SuiteScenarioEntry.enabled","enabled","src/app/scenarioheadlessrunner.cpp",40,40,"    QString scenarioFilePath;
    QString argsJsonFilePath;
    bool enabled = true;
    QStringList requiredDevices;
};
",""
"Property:src/app/scenarioheadlessrunner.cpp:SuiteScenarioEntry.requiredDevices","requiredDevices","src/app/scenarioheadlessrunner.cpp",41,41,"    QString argsJsonFilePath;
    bool enabled = true;
    QStringList requiredDevices;
};

",""
"Property:src/app/scenarioheadlessrunner.cpp:SuiteDefinition.suiteFilePath","suiteFilePath","src/app/scenarioheadlessrunner.cpp",45,45,"
struct SuiteDefinition {
    QString suiteFilePath;
    QString suiteId;
    QString suiteName;
",""
"Property:src/app/scenarioheadlessrunner.cpp:SuiteDefinition.suiteId","suiteId","src/app/scenarioheadlessrunner.cpp",46,46,"struct SuiteDefinition {
    QString suiteFilePath;
    QString suiteId;
    QString suiteName;
    QList<LogicalDeviceDefinition> devices;
",""
"Property:src/app/scenarioheadlessrunner.cpp:SuiteDefinition.suiteName","suiteName","src/app/scenarioheadlessrunner.cpp",47,47,"    QString suiteFilePath;
    QString suiteId;
    QString suiteName;
    QList<LogicalDeviceDefinition> devices;
    QList<SuiteScenarioEntry> scenarios;
",""
"Property:src/app/scenarioheadlessrunner.cpp:SuiteDefinition.devices","devices","src/app/scenarioheadlessrunner.cpp",48,48,"    QString suiteId;
    QString suiteName;
    QList<LogicalDeviceDefinition> devices;
    QList<SuiteScenarioEntry> scenarios;
    QStringList requiredDevices;
",""
"Property:src/app/scenarioheadlessrunner.cpp:SuiteDefinition.scenarios","scenarios","src/app/scenarioheadlessrunner.cpp",49,49,"    QString suiteName;
    QList<LogicalDeviceDefinition> devices;
    QList<SuiteScenarioEntry> scenarios;
    QStringList requiredDevices;
};
",""
"Property:src/app/scenarioheadlessrunner.cpp:SuiteDefinition.requiredDevices","requiredDevices","src/app/scenarioheadlessrunner.cpp",50,50,"    QList<LogicalDeviceDefinition> devices;
    QList<SuiteScenarioEntry> scenarios;
    QStringList requiredDevices;
};

",""
"Property:src/app/scenarioheadlessrunner.cpp:ResolvedDeviceBinding.logicalName","logicalName","src/app/scenarioheadlessrunner.cpp",54,54,"
struct ResolvedDeviceBinding {
    QString logicalName;
    CommanderComSettings settings;
    QString captureFilePath;
",""
"Property:src/app/scenarioheadlessrunner.cpp:ResolvedDeviceBinding.settings","settings","src/app/scenarioheadlessrunner.cpp",55,55,"struct ResolvedDeviceBinding {
    QString logicalName;
    CommanderComSettings settings;
    QString captureFilePath;
    QString tabId;
",""
"Property:src/app/scenarioheadlessrunner.cpp:ResolvedDeviceBinding.captureFilePath","captureFilePath","src/app/scenarioheadlessrunner.cpp",56,56,"    QString logicalName;
    CommanderComSettings settings;
    QString captureFilePath;
    QString tabId;
    int windowIndex = -1;
",""
"Property:src/app/scenarioheadlessrunner.cpp:ResolvedDeviceBinding.tabId","tabId","src/app/scenarioheadlessrunner.cpp",57,57,"    CommanderComSettings settings;
    QString captureFilePath;
    QString tabId;
    int windowIndex = -1;
    int tabIndex = -1;
",""
"Property:src/app/scenarioheadlessrunner.cpp:ResolvedDeviceBinding.windowIndex","windowIndex","src/app/scenarioheadlessrunner.cpp",58,58,"    QString captureFilePath;
    QString tabId;
    int windowIndex = -1;
    int tabIndex = -1;
    QString displayName;
",""
"Property:src/app/scenarioheadlessrunner.cpp:ResolvedDeviceBinding.tabIndex","tabIndex","src/app/scenarioheadlessrunner.cpp",59,59,"    QString tabId;
    int windowIndex = -1;
    int tabIndex = -1;
    QString displayName;
    QString filePath;
",""
"Property:src/app/scenarioheadlessrunner.cpp:ResolvedDeviceBinding.displayName","displayName","src/app/scenarioheadlessrunner.cpp",60,60,"    int windowIndex = -1;
    int tabIndex = -1;
    QString displayName;
    QString filePath;
};
",""
"Property:src/app/scenarioheadlessrunner.cpp:ResolvedDeviceBinding.filePath","filePath","src/app/scenarioheadlessrunner.cpp",61,61,"    int tabIndex = -1;
    QString displayName;
    QString filePath;
};

",""
"Property:src/app/scenarioheadlessrunner.cpp:LoadJsonResult.object","object","src/app/scenarioheadlessrunner.cpp",65,65,"
struct LoadJsonResult {
    QJsonObject object;
    QString error;
};
",""
"Property:src/app/scenarioheadlessrunner.cpp:LoadJsonResult.error","error","src/app/scenarioheadlessrunner.cpp",66,66,"struct LoadJsonResult {
    QJsonObject object;
    QString error;
};

",""
"Property:src/app/scenariobatchrequest.h:ScenarioBatchRequest.action","action","src/app/scenariobatchrequest.h",12,12,"
struct ScenarioBatchRequest {
    ScenarioBatchAction action = ScenarioBatchAction::None;
    QString scenarioFilePath;
    QString suiteFilePath;
",""
"Property:src/app/scenariobatchrequest.h:ScenarioBatchRequest.scenarioFilePath","scenarioFilePath","src/app/scenariobatchrequest.h",13,13,"struct ScenarioBatchRequest {
    ScenarioBatchAction action = ScenarioBatchAction::None;
    QString scenarioFilePath;
    QString suiteFilePath;
    QString argsJsonFilePath;
",""
"Property:src/app/scenariobatchrequest.h:ScenarioBatchRequest.suiteFilePath","suiteFilePath","src/app/scenariobatchrequest.h",14,14,"    ScenarioBatchAction action = ScenarioBatchAction::None;
    QString scenarioFilePath;
    QString suiteFilePath;
    QString argsJsonFilePath;
    QString deviceMapFilePath;
",""
"Property:src/app/scenariobatchrequest.h:ScenarioBatchRequest.argsJsonFilePath","argsJsonFilePath","src/app/scenariobatchrequest.h",15,15,"    QString scenarioFilePath;
    QString suiteFilePath;
    QString argsJsonFilePath;
    QString deviceMapFilePath;
    QString reportDirPath;
",""
"Property:src/app/scenariobatchrequest.h:ScenarioBatchRequest.deviceMapFilePath","deviceMapFilePath","src/app/scenariobatchrequest.h",16,16,"    QString suiteFilePath;
    QString argsJsonFilePath;
    QString deviceMapFilePath;
    QString reportDirPath;
};
",""
"Property:src/app/scenariobatchrequest.h:ScenarioBatchRequest.reportDirPath","reportDirPath","src/app/scenariobatchrequest.h",17,17,"    QString argsJsonFilePath;
    QString deviceMapFilePath;
    QString reportDirPath;
};
",""
"Property:src/app/main.cpp:StartupSplashScreen.state_","state_","src/app/main.cpp",207,207,"
  private:
    StartupProgressState state_;
    bool processingEvents_ = false;
};
",""
"Property:src/app/main.cpp:StartupSplashScreen.processingEvents_","processingEvents_","src/app/main.cpp",208,208,"  private:
    StartupProgressState state_;
    bool processingEvents_ = false;
};

",""
"Property:src/app/labtypes.h:LabLogicalDeviceDefinition.name","name","src/app/labtypes.h",8,8,"
struct LabLogicalDeviceDefinition {
    QString name;
    QStringList capabilityTags;
    CommanderComSettings settings;
",""
"Property:src/app/labtypes.h:LabLogicalDeviceDefinition.capabilityTags","capabilityTags","src/app/labtypes.h",9,9,"struct LabLogicalDeviceDefinition {
    QString name;
    QStringList capabilityTags;
    CommanderComSettings settings;
};
",""
"Property:src/app/labtypes.h:LabLogicalDeviceDefinition.settings","settings","src/app/labtypes.h",10,10,"    QString name;
    QStringList capabilityTags;
    CommanderComSettings settings;
};

",""
"Property:src/app/labtypes.h:LabAgentPortDefinition.portName","portName","src/app/labtypes.h",14,14,"
struct LabAgentPortDefinition {
    QString portName;
    QString displayName;
    QStringList capabilityTags;
",""
"Property:src/app/labtypes.h:LabAgentPortDefinition.displayName","displayName","src/app/labtypes.h",15,15,"struct LabAgentPortDefinition {
    QString portName;
    QString displayName;
    QStringList capabilityTags;
    QStringList labels;
",""
"Property:src/app/labtypes.h:LabAgentPortDefinition.capabilityTags","capabilityTags","src/app/labtypes.h",16,16,"    QString portName;
    QString displayName;
    QStringList capabilityTags;
    QStringList labels;
    CommanderComSettings settings;
",""
"Property:src/app/labtypes.h:LabAgentPortDefinition.labels","labels","src/app/labtypes.h",17,17,"    QString displayName;
    QStringList capabilityTags;
    QStringList labels;
    CommanderComSettings settings;
};
",""
"Property:src/app/labtypes.h:LabAgentPortDefinition.settings","settings","src/app/labtypes.h",18,18,"    QStringList capabilityTags;
    QStringList labels;
    CommanderComSettings settings;
};

",""
"Property:src/app/labtypes.h:LabAgentConfig.agentId","agentId","src/app/labtypes.h",22,22,"
struct LabAgentConfig {
    QString agentId;
    QString displayName;
    QStringList labels;
",""
"Property:src/app/labtypes.h:LabAgentConfig.displayName","displayName","src/app/labtypes.h",23,23,"struct LabAgentConfig {
    QString agentId;
    QString displayName;
    QStringList labels;
    QList<LabAgentPortDefinition> ports;
",""
"Property:src/app/labtypes.h:LabAgentConfig.labels","labels","src/app/labtypes.h",24,24,"    QString agentId;
    QString displayName;
    QStringList labels;
    QList<LabAgentPortDefinition> ports;
};
",""
"Property:src/app/labtypes.h:LabAgentConfig.ports","ports","src/app/labtypes.h",25,25,"    QString displayName;
    QStringList labels;
    QList<LabAgentPortDefinition> ports;
};

",""
"Property:src/app/labtypes.h:LabBundleFile.relativePath","relativePath","src/app/labtypes.h",29,29,"
struct LabBundleFile {
    QString relativePath;
    QByteArray content;
};
",""
"Property:src/app/labtypes.h:LabBundleFile.content","content","src/app/labtypes.h",30,30,"struct LabBundleFile {
    QString relativePath;
    QByteArray content;
};

",""
"Property:src/app/labtypes.h:LabJobBundle.kind","kind","src/app/labtypes.h",34,34,"
struct LabJobBundle {
    QString kind;
    QString suiteId;
    QString suiteName;
",""
"Property:src/app/labtypes.h:LabJobBundle.suiteId","suiteId","src/app/labtypes.h",35,35,"struct LabJobBundle {
    QString kind;
    QString suiteId;
    QString suiteName;
    QString suiteFile;
",""
"Property:src/app/labtypes.h:LabJobBundle.suiteName","suiteName","src/app/labtypes.h",36,36,"    QString kind;
    QString suiteId;
    QString suiteName;
    QString suiteFile;
    QString scenarioFile;
",""
"Property:src/app/labtypes.h:LabJobBundle.suiteFile","suiteFile","src/app/labtypes.h",37,37,"    QString suiteId;
    QString suiteName;
    QString suiteFile;
    QString scenarioFile;
    QString argsJsonFile;
",""
"Property:src/app/labtypes.h:LabJobBundle.scenarioFile","scenarioFile","src/app/labtypes.h",38,38,"    QString suiteName;
    QString suiteFile;
    QString scenarioFile;
    QString argsJsonFile;
    QStringList requiredDevices;
",""
"Property:src/app/labtypes.h:LabJobBundle.argsJsonFile","argsJsonFile","src/app/labtypes.h",39,39,"    QString suiteFile;
    QString scenarioFile;
    QString argsJsonFile;
    QStringList requiredDevices;
    QString agentLabel;
",""
"Property:src/app/labtypes.h:LabJobBundle.requiredDevices","requiredDevices","src/app/labtypes.h",40,40,"    QString scenarioFile;
    QString argsJsonFile;
    QStringList requiredDevices;
    QString agentLabel;
    QList<LabLogicalDeviceDefinition> logicalDevices;
",""
"Property:src/app/labtypes.h:LabJobBundle.agentLabel","agentLabel","src/app/labtypes.h",41,41,"    QString argsJsonFile;
    QStringList requiredDevices;
    QString agentLabel;
    QList<LabLogicalDeviceDefinition> logicalDevices;
    QList<LabBundleFile> files;
",""
"Property:src/app/labtypes.h:LabJobBundle.logicalDevices","logicalDevices","src/app/labtypes.h",42,42,"    QStringList requiredDevices;
    QString agentLabel;
    QList<LabLogicalDeviceDefinition> logicalDevices;
    QList<LabBundleFile> files;
};
",""
"Property:src/app/labtypes.h:LabJobBundle.files","files","src/app/labtypes.h",43,43,"    QString agentLabel;
    QList<LabLogicalDeviceDefinition> logicalDevices;
    QList<LabBundleFile> files;
};

",""
"Property:src/app/labtypes.h:LabResolvedBinding.logicalName","logicalName","src/app/labtypes.h",47,47,"
struct LabResolvedBinding {
    QString logicalName;
    QString portName;
    QString displayName;
",""
"Property:src/app/labtypes.h:LabResolvedBinding.portName","portName","src/app/labtypes.h",48,48,"struct LabResolvedBinding {
    QString logicalName;
    QString portName;
    QString displayName;
    QStringList capabilityTags;
",""
"Property:src/app/labtypes.h:LabResolvedBinding.displayName","displayName","src/app/labtypes.h",49,49,"    QString logicalName;
    QString portName;
    QString displayName;
    QStringList capabilityTags;
    CommanderComSettings settings;
",""
"Property:src/app/labtypes.h:LabResolvedBinding.capabilityTags","capabilityTags","src/app/labtypes.h",50,50,"    QString portName;
    QString displayName;
    QStringList capabilityTags;
    CommanderComSettings settings;
};
",""
"Property:src/app/labtypes.h:LabResolvedBinding.settings","settings","src/app/labtypes.h",51,51,"    QString displayName;
    QStringList capabilityTags;
    CommanderComSettings settings;
};

",""
"Property:src/app/labtypes.h:LabStoredArtifact.name","name","src/app/labtypes.h",55,55,"
struct LabStoredArtifact {
    QString name;
    QString path;
};
",""
"Property:src/app/labtypes.h:LabStoredArtifact.path","path","src/app/labtypes.h",56,56,"struct LabStoredArtifact {
    QString name;
    QString path;
};

",""
"Property:src/app/labrequest.h:LabCliRequest.mode","mode","src/app/labrequest.h",17,17,"
struct LabCliRequest {
    LabCliMode mode = LabCliMode::None;
    QString controllerUrl;
    QString listenAddress;
",""
"Property:src/app/labrequest.h:LabCliRequest.controllerUrl","controllerUrl","src/app/labrequest.h",18,18,"struct LabCliRequest {
    LabCliMode mode = LabCliMode::None;
    QString controllerUrl;
    QString listenAddress;
    quint16 listenPort = 0;
",""
"Property:src/app/labrequest.h:LabCliRequest.listenAddress","listenAddress","src/app/labrequest.h",19,19,"    LabCliMode mode = LabCliMode::None;
    QString controllerUrl;
    QString listenAddress;
    quint16 listenPort = 0;
    QString stateDirPath;
",""
"Property:src/app/labrequest.h:LabCliRequest.listenPort","listenPort","src/app/labrequest.h",20,20,"    QString controllerUrl;
    QString listenAddress;
    quint16 listenPort = 0;
    QString stateDirPath;
    QString tokenFilePath;
",""
"Property:src/app/labrequest.h:LabCliRequest.stateDirPath","stateDirPath","src/app/labrequest.h",21,21,"    QString listenAddress;
    quint16 listenPort = 0;
    QString stateDirPath;
    QString tokenFilePath;
    QString agentConfigPath;
",""
"Property:src/app/labrequest.h:LabCliRequest.tokenFilePath","tokenFilePath","src/app/labrequest.h",22,22,"    quint16 listenPort = 0;
    QString stateDirPath;
    QString tokenFilePath;
    QString agentConfigPath;
    QString suiteFilePath;
",""
"Property:src/app/labrequest.h:LabCliRequest.agentConfigPath","agentConfigPath","src/app/labrequest.h",23,23,"    QString stateDirPath;
    QString tokenFilePath;
    QString agentConfigPath;
    QString suiteFilePath;
    QString scenarioFilePath;
",""
"Property:src/app/labrequest.h:LabCliRequest.suiteFilePath","suiteFilePath","src/app/labrequest.h",24,24,"    QString tokenFilePath;
    QString agentConfigPath;
    QString suiteFilePath;
    QString scenarioFilePath;
    QString argsJsonFilePath;
",""
"Property:src/app/labrequest.h:LabCliRequest.scenarioFilePath","scenarioFilePath","src/app/labrequest.h",25,25,"    QString agentConfigPath;
    QString suiteFilePath;
    QString scenarioFilePath;
    QString argsJsonFilePath;
    QString reportDirPath;
",""
"Property:src/app/labrequest.h:LabCliRequest.argsJsonFilePath","argsJsonFilePath","src/app/labrequest.h",26,26,"    QString suiteFilePath;
    QString scenarioFilePath;
    QString argsJsonFilePath;
    QString reportDirPath;
    QString outputDirPath;
",""
"Property:src/app/labrequest.h:LabCliRequest.reportDirPath","reportDirPath","src/app/labrequest.h",27,27,"    QString scenarioFilePath;
    QString argsJsonFilePath;
    QString reportDirPath;
    QString outputDirPath;
    QString agentLabel;
",""
"Property:src/app/labrequest.h:LabCliRequest.outputDirPath","outputDirPath","src/app/labrequest.h",28,28,"    QString argsJsonFilePath;
    QString reportDirPath;
    QString outputDirPath;
    QString agentLabel;
    QString jobId;
",""
"Property:src/app/labrequest.h:LabCliRequest.agentLabel","agentLabel","src/app/labrequest.h",29,29,"    QString reportDirPath;
    QString outputDirPath;
    QString agentLabel;
    QString jobId;
    bool prettyOutput = false;
",""
"Property:src/app/labrequest.h:LabCliRequest.jobId","jobId","src/app/labrequest.h",30,30,"    QString outputDirPath;
    QString agentLabel;
    QString jobId;
    bool prettyOutput = false;
};
",""
"Property:src/app/labrequest.h:LabCliRequest.prettyOutput","prettyOutput","src/app/labrequest.h",31,31,"    QString agentLabel;
    QString jobId;
    bool prettyOutput = false;
};
",""
"Property:src/app/labcontrollerservice.h:LabControllerService.public","public","src/app/labcontrollerservice.h",16,19,"
class LabControllerService : public QObject {
    Q_OBJECT

  public:
    explicit LabControllerService( QObject* parent = nullptr );
    ~LabControllerService() override;

",""
"Property:src/app/labcontrollerservice.h:LabControllerService.databaseConnectionName_","databaseConnectionName_","src/app/labcontrollerservice.h",75,75,"    const AgentConnectionState* connectionStateForSocket( QTcpSocket* socket ) const;

    QString databaseConnectionName_;
    QTcpServer* httpServer_ = nullptr;
    QTcpServer* agentServer_ = nullptr;
",""
"Property:src/app/labcontrollerservice.h:LabControllerService.httpServer_","httpServer_","src/app/labcontrollerservice.h",76,76,"
    QString databaseConnectionName_;
    QTcpServer* httpServer_ = nullptr;
    QTcpServer* agentServer_ = nullptr;
    QByteArray sharedToken_;
",""
"Property:src/app/labcontrollerservice.h:LabControllerService.agentServer_","agentServer_","src/app/labcontrollerservice.h",77,77,"    QString databaseConnectionName_;
    QTcpServer* httpServer_ = nullptr;
    QTcpServer* agentServer_ = nullptr;
    QByteArray sharedToken_;
    QString stateDirPath_;
",""
"Property:src/app/labcontrollerservice.h:LabControllerService.sharedToken_","sharedToken_","src/app/labcontrollerservice.h",78,78,"    QTcpServer* httpServer_ = nullptr;
    QTcpServer* agentServer_ = nullptr;
    QByteArray sharedToken_;
    QString stateDirPath_;
    QHash<QTcpSocket*, AgentConnectionState*> agentConnections_;
",""
"Property:src/app/labcontrollerservice.h:LabControllerService.stateDirPath_","stateDirPath_","src/app/labcontrollerservice.h",79,79,"    QTcpServer* agentServer_ = nullptr;
    QByteArray sharedToken_;
    QString stateDirPath_;
    QHash<QTcpSocket*, AgentConnectionState*> agentConnections_;
    int heartbeatTimeoutMs_ = 15000;
",""
"Property:src/app/labcontrollerservice.h:LabControllerService.agentConnections_","agentConnections_","src/app/labcontrollerservice.h",80,80,"    QByteArray sharedToken_;
    QString stateDirPath_;
    QHash<QTcpSocket*, AgentConnectionState*> agentConnections_;
    int heartbeatTimeoutMs_ = 15000;
};
",""
"Property:src/app/labcontrollerservice.h:LabControllerService.heartbeatTimeoutMs_","heartbeatTimeoutMs_","src/app/labcontrollerservice.h",81,81,"    QString stateDirPath_;
    QHash<QTcpSocket*, AgentConnectionState*> agentConnections_;
    int heartbeatTimeoutMs_ = 15000;
};
",""
"Property:src/app/labcontrollerservice.cpp:LabControllerService::AgentConnectionState.socket","socket","src/app/labcontrollerservice.cpp",83,83,"
struct LabControllerService::AgentConnectionState {
    QTcpSocket* socket = nullptr;
    QByteArray buffer;
    QString agentId;
",""
"Property:src/app/labcontrollerservice.cpp:LabControllerService::AgentConnectionState.buffer","buffer","src/app/labcontrollerservice.cpp",84,84,"struct LabControllerService::AgentConnectionState {
    QTcpSocket* socket = nullptr;
    QByteArray buffer;
    QString agentId;
    LabAgentConfig config;
",""
"Property:src/app/labcontrollerservice.cpp:LabControllerService::AgentConnectionState.agentId","agentId","src/app/labcontrollerservice.cpp",85,85,"    QTcpSocket* socket = nullptr;
    QByteArray buffer;
    QString agentId;
    LabAgentConfig config;
    QString assignedJobId;
",""
"Property:src/app/labcontrollerservice.cpp:LabControllerService::AgentConnectionState.config","config","src/app/labcontrollerservice.cpp",86,86,"    QByteArray buffer;
    QString agentId;
    LabAgentConfig config;
    QString assignedJobId;
    QDateTime lastHeartbeat;
",""
"Property:src/app/labcontrollerservice.cpp:LabControllerService::AgentConnectionState.assignedJobId","assignedJobId","src/app/labcontrollerservice.cpp",87,87,"    QString agentId;
    LabAgentConfig config;
    QString assignedJobId;
    QDateTime lastHeartbeat;
};
",""
"Property:src/app/labcontrollerservice.cpp:LabControllerService::AgentConnectionState.lastHeartbeat","lastHeartbeat","src/app/labcontrollerservice.cpp",88,88,"    LabAgentConfig config;
    QString assignedJobId;
    QDateTime lastHeartbeat;
};

",""
"Property:src/app/labclient.h:LabClient.sharedToken_","sharedToken_","src/app/labclient.h",27,27,"                                    QString* errorMessage );

    QByteArray sharedToken_;
};
",""
"Property:src/app/labagentrunner.h:LabAgentRunner.public","public","src/app/labagentrunner.h",11,14,"
class LabAgentRunner : public QObject {
    Q_OBJECT

  public:
    explicit LabAgentRunner( KloggApp& app, QObject* parent = nullptr );

    bool start( const LabCliRequest& request, QString* errorMessage );
",""
"Property:src/app/labagentrunner.h:LabAgentRunner.app_","app_","src/app/labagentrunner.h",29,29,"    void runAssignedJob( const QVariantMap& message );

    KloggApp& app_;
    QTcpSocket* socket_ = nullptr;
    QByteArray sharedToken_;
",""
"Property:src/app/labagentrunner.h:LabAgentRunner.socket_","socket_","src/app/labagentrunner.h",30,30,"
    KloggApp& app_;
    QTcpSocket* socket_ = nullptr;
    QByteArray sharedToken_;
    QByteArray buffer_;
",""
"Property:src/app/labagentrunner.h:LabAgentRunner.sharedToken_","sharedToken_","src/app/labagentrunner.h",31,31,"    KloggApp& app_;
    QTcpSocket* socket_ = nullptr;
    QByteArray sharedToken_;
    QByteArray buffer_;
    LabAgentConfig config_;
",""
"Property:src/app/labagentrunner.h:LabAgentRunner.buffer_","buffer_","src/app/labagentrunner.h",32,32,"    QTcpSocket* socket_ = nullptr;
    QByteArray sharedToken_;
    QByteArray buffer_;
    LabAgentConfig config_;
};
",""
"Property:src/app/labagentrunner.h:LabAgentRunner.config_","config_","src/app/labagentrunner.h",33,33,"    QByteArray sharedToken_;
    QByteArray buffer_;
    LabAgentConfig config_;
};
",""
"Property:src/app/kloggapp.h:KloggApp.QVariantMap","QVariantMap","src/app/kloggapp.h",864,864,"    }

    Q_INVOKABLE QVariantMap scriptStatusForTab( const QString& tabId ) const
    {
        return scriptSupervisor_.scriptStatusForTab( tabId );
",""
"Property:src/app/kloggapp.h:KloggApp.singleApplication_","singleApplication_","src/app/kloggapp.h",1229,1229,"
  private:
    KDSingleApplication singleApplication_;
    std::unique_ptr<CrashHandler> crashHandler_;

",""
"Property:src/app/kloggapp.h:KloggApp.crashHandler_","crashHandler_","src/app/kloggapp.h",1230,1230,"  private:
    KDSingleApplication singleApplication_;
    std::unique_ptr<CrashHandler> crashHandler_;

    MessageReceiver messageReceiver_;
",""
"Property:src/app/kloggapp.h:KloggApp.messageReceiver_","messageReceiver_","src/app/kloggapp.h",1232,1232,"    std::unique_ptr<CrashHandler> crashHandler_;

    MessageReceiver messageReceiver_;
    ScriptSupervisor scriptSupervisor_;
    ScriptRunnerWindow scriptRunnerWindow_{ &scriptSupervisor_ };
",""
"Property:src/app/kloggapp.h:KloggApp.scriptSupervisor_","scriptSupervisor_","src/app/kloggapp.h",1233,1233,"
    MessageReceiver messageReceiver_;
    ScriptSupervisor scriptSupervisor_;
    ScriptRunnerWindow scriptRunnerWindow_{ &scriptSupervisor_ };
    ScenarioRunner scenarioRunner_;
",""
"Property:src/app/kloggapp.h:KloggApp.scriptRunnerWindow_","scriptRunnerWindow_","src/app/kloggapp.h",1234,1234,"    MessageReceiver messageReceiver_;
    ScriptSupervisor scriptSupervisor_;
    ScriptRunnerWindow scriptRunnerWindow_{ &scriptSupervisor_ };
    ScenarioRunner scenarioRunner_;
    ScenarioRunnerWindow scenarioRunnerWindow_{ &scenarioRunner_ };
",""
"Property:src/app/kloggapp.h:KloggApp.scenarioRunner_","scenarioRunner_","src/app/kloggapp.h",1235,1235,"    ScriptSupervisor scriptSupervisor_;
    ScriptRunnerWindow scriptRunnerWindow_{ &scriptSupervisor_ };
    ScenarioRunner scenarioRunner_;
    ScenarioRunnerWindow scenarioRunnerWindow_{ &scenarioRunner_ };
    LabQueueWindow labQueueWindow_{};
",""
"Property:src/app/kloggapp.h:KloggApp.scenarioRunnerWindow_","scenarioRunnerWindow_","src/app/kloggapp.h",1236,1236,"    ScriptRunnerWindow scriptRunnerWindow_{ &scriptSupervisor_ };
    ScenarioRunner scenarioRunner_;
    ScenarioRunnerWindow scenarioRunnerWindow_{ &scenarioRunner_ };
    LabQueueWindow labQueueWindow_{};
    bool globalScriptRestoreAttempted_ = false;
",""
"Property:src/app/kloggapp.h:KloggApp.labQueueWindow_","labQueueWindow_","src/app/kloggapp.h",1237,1237,"    ScenarioRunner scenarioRunner_;
    ScenarioRunnerWindow scenarioRunnerWindow_{ &scenarioRunner_ };
    LabQueueWindow labQueueWindow_{};
    bool globalScriptRestoreAttempted_ = false;

",""
"Property:src/app/kloggapp.h:KloggApp.globalScriptRestoreAttempted_","globalScriptRestoreAttempted_","src/app/kloggapp.h",1238,1238,"    ScenarioRunnerWindow scenarioRunnerWindow_{ &scenarioRunner_ };
    LabQueueWindow labQueueWindow_{};
    bool globalScriptRestoreAttempted_ = false;

    std::shared_ptr<Session> session_;
",""
"Property:src/app/kloggapp.h:KloggApp.session_","session_","src/app/kloggapp.h",1240,1240,"    bool globalScriptRestoreAttempted_ = false;

    std::shared_ptr<Session> session_;

    std::list<std::pair<WindowSession, MainWindow*>> mainWindows_;
",""
"Property:src/app/kloggapp.h:KloggApp.mainWindows_","mainWindows_","src/app/kloggapp.h",1242,1242,"    std::shared_ptr<Session> session_;

    std::list<std::pair<WindowSession, MainWindow*>> mainWindows_;
    std::stack<QPointer<MainWindow>> activeWindows_;
    bool startupBootstrapEnabled_ = false;
",""
"Property:src/app/kloggapp.h:KloggApp.activeWindows_","activeWindows_","src/app/kloggapp.h",1243,1243,"
    std::list<std::pair<WindowSession, MainWindow*>> mainWindows_;
    std::stack<QPointer<MainWindow>> activeWindows_;
    bool startupBootstrapEnabled_ = false;
    QPoint startupBootstrapTopLeft_;
",""
"Property:src/app/kloggapp.h:KloggApp.startupBootstrapEnabled_","startupBootstrapEnabled_","src/app/kloggapp.h",1244,1244,"    std::list<std::pair<WindowSession, MainWindow*>> mainWindows_;
    std::stack<QPointer<MainWindow>> activeWindows_;
    bool startupBootstrapEnabled_ = false;
    QPoint startupBootstrapTopLeft_;
    bool automationModeEnabled_ = false;
",""
"Property:src/app/kloggapp.h:KloggApp.startupBootstrapTopLeft_","startupBootstrapTopLeft_","src/app/kloggapp.h",1245,1245,"    std::stack<QPointer<MainWindow>> activeWindows_;
    bool startupBootstrapEnabled_ = false;
    QPoint startupBootstrapTopLeft_;
    bool automationModeEnabled_ = false;
    bool startupCommanderReady_ = false;
",""
"Property:src/app/kloggapp.h:KloggApp.automationModeEnabled_","automationModeEnabled_","src/app/kloggapp.h",1246,1246,"    bool startupBootstrapEnabled_ = false;
    QPoint startupBootstrapTopLeft_;
    bool automationModeEnabled_ = false;
    bool startupCommanderReady_ = false;
    QPoint automationTopLeft_ = QPoint( 40, 40 );
",""
"Property:src/app/kloggapp.h:KloggApp.startupCommanderReady_","startupCommanderReady_","src/app/kloggapp.h",1247,1247,"    QPoint startupBootstrapTopLeft_;
    bool automationModeEnabled_ = false;
    bool startupCommanderReady_ = false;
    QPoint automationTopLeft_ = QPoint( 40, 40 );
    QSize automationWindowSize_ = QSize( 1600, 1000 );
",""
"Property:src/app/kloggapp.h:KloggApp.automationTopLeft_","automationTopLeft_","src/app/kloggapp.h",1248,1248,"    bool automationModeEnabled_ = false;
    bool startupCommanderReady_ = false;
    QPoint automationTopLeft_ = QPoint( 40, 40 );
    QSize automationWindowSize_ = QSize( 1600, 1000 );

",""
"Property:src/app/kloggapp.h:KloggApp.automationWindowSize_","automationWindowSize_","src/app/kloggapp.h",1249,1249,"    bool startupCommanderReady_ = false;
    QPoint automationTopLeft_ = QPoint( 40, 40 );
    QSize automationWindowSize_ = QSize( 1600, 1000 );

    VersionChecker versionChecker_;
",""
"Property:src/app/kloggapp.h:KloggApp.versionChecker_","versionChecker_","src/app/kloggapp.h",1251,1251,"    QSize automationWindowSize_ = QSize( 1600, 1000 );

    VersionChecker versionChecker_;
};

",""
"Property:src/app/cli.h:CommanderParseResult.request","request","src/app/cli.h",46,46,"struct CliParameters {
    struct CommanderParseResult {
        std::optional<CommanderRequest> request;
        bool exit_requested = false;
        int exit_code = EXIT_FAILURE;
",""
"Property:src/app/cli.h:CommanderParseResult.exit_requested","exit_requested","src/app/cli.h",47,47,"    struct CommanderParseResult {
        std::optional<CommanderRequest> request;
        bool exit_requested = false;
        int exit_code = EXIT_FAILURE;
        QString output_message;
",""
"Property:src/app/cli.h:CommanderParseResult.exit_code","exit_code","src/app/cli.h",48,48,"        std::optional<CommanderRequest> request;
        bool exit_requested = false;
        int exit_code = EXIT_FAILURE;
        QString output_message;
    };
",""
"Property:src/app/cli.h:CommanderParseResult.output_message","output_message","src/app/cli.h",49,49,"        bool exit_requested = false;
        int exit_code = EXIT_FAILURE;
        QString output_message;
    };

",""
"Property:src/app/cli.h:ScenarioBatchParseResult.request","request","src/app/cli.h",53,53,"
    struct ScenarioBatchParseResult {
        std::optional<ScenarioBatchRequest> request;
        bool exit_requested = false;
        int exit_code = EXIT_FAILURE;
",""
"Property:src/app/cli.h:ScenarioBatchParseResult.exit_requested","exit_requested","src/app/cli.h",54,54,"    struct ScenarioBatchParseResult {
        std::optional<ScenarioBatchRequest> request;
        bool exit_requested = false;
        int exit_code = EXIT_FAILURE;
        QString output_message;
",""
"Property:src/app/cli.h:ScenarioBatchParseResult.exit_code","exit_code","src/app/cli.h",55,55,"        std::optional<ScenarioBatchRequest> request;
        bool exit_requested = false;
        int exit_code = EXIT_FAILURE;
        QString output_message;
    };
",""
"Property:src/app/cli.h:ScenarioBatchParseResult.output_message","output_message","src/app/cli.h",56,56,"        bool exit_requested = false;
        int exit_code = EXIT_FAILURE;
        QString output_message;
    };

",""
"Property:src/app/cli.h:LabParseResult.request","request","src/app/cli.h",60,60,"
    struct LabParseResult {
        std::optional<LabCliRequest> request;
        bool exit_requested = false;
        int exit_code = EXIT_FAILURE;
",""
"Property:src/app/cli.h:LabParseResult.exit_requested","exit_requested","src/app/cli.h",61,61,"    struct LabParseResult {
        std::optional<LabCliRequest> request;
        bool exit_requested = false;
        int exit_code = EXIT_FAILURE;
        QString output_message;
",""
"Property:src/app/cli.h:LabParseResult.exit_code","exit_code","src/app/cli.h",62,62,"        std::optional<LabCliRequest> request;
        bool exit_requested = false;
        int exit_code = EXIT_FAILURE;
        QString output_message;
    };
",""
"Property:src/app/cli.h:LabParseResult.output_message","output_message","src/app/cli.h",63,63,"        bool exit_requested = false;
        int exit_code = EXIT_FAILURE;
        QString output_message;
    };

",""
"Property:src/app/cli.h:CliParameters.new_session","new_session","src/app/cli.h",66,66,"    };

    bool new_session = false;
    bool load_session = false;
    bool multi_instance = false;
",""
"Property:src/app/cli.h:CliParameters.load_session","load_session","src/app/cli.h",67,67,"
    bool new_session = false;
    bool load_session = false;
    bool multi_instance = false;
    bool log_to_file = false;
",""
"Property:src/app/cli.h:CliParameters.multi_instance","multi_instance","src/app/cli.h",68,68,"    bool new_session = false;
    bool load_session = false;
    bool multi_instance = false;
    bool log_to_file = false;
    bool follow_file = false;
",""
"Property:src/app/cli.h:CliParameters.log_to_file","log_to_file","src/app/cli.h",69,69,"    bool load_session = false;
    bool multi_instance = false;
    bool log_to_file = false;
    bool follow_file = false;
    bool dump_ui_tree = false;
",""
"Property:src/app/cli.h:CliParameters.follow_file","follow_file","src/app/cli.h",70,70,"    bool multi_instance = false;
    bool log_to_file = false;
    bool follow_file = false;
    bool dump_ui_tree = false;
    QString dump_state_json_path;
",""
"Property:src/app/cli.h:CliParameters.dump_ui_tree","dump_ui_tree","src/app/cli.h",71,71,"    bool log_to_file = false;
    bool follow_file = false;
    bool dump_ui_tree = false;
    QString dump_state_json_path;

",""
"Property:src/app/cli.h:CliParameters.dump_state_json_path","dump_state_json_path","src/app/cli.h",72,72,"    bool follow_file = false;
    bool dump_ui_tree = false;
    QString dump_state_json_path;

    bool enable_logging = false;
",""
"Property:src/app/cli.h:CliParameters.enable_logging","enable_logging","src/app/cli.h",74,74,"    QString dump_state_json_path;

    bool enable_logging = false;
    int log_level = 3;

",""
"Property:src/app/cli.h:CliParameters.log_level","log_level","src/app/cli.h",75,75,"
    bool enable_logging = false;
    int log_level = 3;

    bool parse_error = false;
",""
"Property:src/app/cli.h:CliParameters.parse_error","parse_error","src/app/cli.h",77,77,"    int log_level = 3;

    bool parse_error = false;
    QString parse_error_message;
    bool exit_requested = false;
",""
"Property:src/app/cli.h:CliParameters.parse_error_message","parse_error_message","src/app/cli.h",78,78,"
    bool parse_error = false;
    QString parse_error_message;
    bool exit_requested = false;
    int exit_code = EXIT_SUCCESS;
",""
"Property:src/app/cli.h:CliParameters.exit_requested","exit_requested","src/app/cli.h",79,79,"    bool parse_error = false;
    QString parse_error_message;
    bool exit_requested = false;
    int exit_code = EXIT_SUCCESS;
    QString exit_message;
",""
"Property:src/app/cli.h:CliParameters.exit_code","exit_code","src/app/cli.h",80,80,"    QString parse_error_message;
    bool exit_requested = false;
    int exit_code = EXIT_SUCCESS;
    QString exit_message;

",""
"Property:src/app/cli.h:CliParameters.exit_message","exit_message","src/app/cli.h",81,81,"    bool exit_requested = false;
    int exit_code = EXIT_SUCCESS;
    QString exit_message;

    std::vector<QString> filenames;
",""
"Property:src/app/cli.h:CliParameters.filenames","filenames","src/app/cli.h",83,83,"    QString exit_message;

    std::vector<QString> filenames;
    std::optional<CommanderRequest> commander_request;
    std::optional<ScenarioBatchRequest> scenario_batch_request;
",""
"Property:src/app/cli.h:CliParameters.commander_request","commander_request","src/app/cli.h",84,84,"
    std::vector<QString> filenames;
    std::optional<CommanderRequest> commander_request;
    std::optional<ScenarioBatchRequest> scenario_batch_request;
    std::optional<LabCliRequest> lab_request;
",""
"Property:src/app/cli.h:CliParameters.scenario_batch_request","scenario_batch_request","src/app/cli.h",85,85,"    std::vector<QString> filenames;
    std::optional<CommanderRequest> commander_request;
    std::optional<ScenarioBatchRequest> scenario_batch_request;
    std::optional<LabCliRequest> lab_request;

",""
"Property:src/app/cli.h:CliParameters.lab_request","lab_request","src/app/cli.h",86,86,"    std::optional<CommanderRequest> commander_request;
    std::optional<ScenarioBatchRequest> scenario_batch_request;
    std::optional<LabCliRequest> lab_request;

    int window_width = 0;
",""
"Property:src/app/cli.h:CliParameters.window_width","window_width","src/app/cli.h",88,88,"    std::optional<LabCliRequest> lab_request;

    int window_width = 0;
    int window_height = 0;

",""
"Property:src/app/cli.h:CliParameters.window_height","window_height","src/app/cli.h",89,89,"
    int window_width = 0;
    int window_height = 0;

    QString pattern;
",""
"Property:src/app/cli.h:CliParameters.pattern","pattern","src/app/cli.h",91,91,"    int window_height = 0;

    QString pattern;

    CliParameters() = default;
",""
"Property:src/versioncheck/include/versionchecker.h:VersionCheckerConfig.next_deadline_","next_deadline_","src/versioncheck/include/versionchecker.h",70,70,"
  private:
    std::time_t next_deadline_ = {};
};

",""
"Property:src/versioncheck/include/versionchecker.h:VersionChecker.public","public","src/versioncheck/include/versionchecker.h",76,79,"// stored on a central server
class VersionChecker : public QObject {
    Q_OBJECT

  public:
    VersionChecker();
    ~VersionChecker() override = default;

",""
"Property:src/versioncheck/include/versionchecker.h:VersionChecker.","","src/versioncheck/include/versionchecker.h",87,89,"    void startCheck();

  Q_SIGNALS:
    // New version ""version"" is available
    void newVersionFound( const QString& version, const QString& url, const QStringList& changes );

  private Q_SLOTS:
",""
"Property:src/versioncheck/include/versionchecker.h:VersionChecker.manager_","manager_","src/versioncheck/include/versionchecker.h",99,99,"
  private:
    QNetworkAccessManager* manager_ = nullptr;
};

",""
"Property:src/utils/include/runnable_lambda.h:RunnableWrapper.runnable_","runnable_","src/utils/include/runnable_lambda.h",39,39,"
  private:
    TRunnable runnable_;
};

",""
"Property:src/utils/include/perfcounter.h:PerfCounter.counter_","counter_","src/utils/include/perfcounter.h",60,60,"
  private:
    uint32_t counter_ = 0;
    std::chrono::steady_clock::time_point firstEventDate_;
};
",""
"Property:src/utils/include/perfcounter.h:PerfCounter.firstEventDate_","firstEventDate_","src/utils/include/perfcounter.h",61,61,"  private:
    uint32_t counter_ = 0;
    std::chrono::steady_clock::time_point firstEventDate_;
};

",""
"Property:src/utils/include/atomicflag.h:AtomicFlag.flag_","flag_","src/utils/include/atomicflag.h",77,77,"
  private:
    QAtomicInt flag_;
};

",""
"Property:src/ui/src/startupprogress.cpp:CallbackHolder.active","active","src/ui/src/startupprogress.cpp",14,14,"struct StartupProgressData {
    struct CallbackHolder {
        std::atomic_bool active{ true };
        StartupProgress::Callback callback;
    };
",""
"Property:src/ui/src/startupprogress.cpp:CallbackHolder.callback","callback","src/ui/src/startupprogress.cpp",15,15,"    struct CallbackHolder {
        std::atomic_bool active{ true };
        StartupProgress::Callback callback;
    };

",""
"Property:src/ui/src/startupprogress.cpp:StartupProgressData.state","state","src/ui/src/startupprogress.cpp",18,18,"    };

    StartupProgressState state;
    std::shared_ptr<CallbackHolder> callbackHolder;
    std::chrono::steady_clock::time_point lastAdvanceNotification{};
",""
"Property:src/ui/src/startupprogress.cpp:StartupProgressData.callbackHolder","callbackHolder","src/ui/src/startupprogress.cpp",19,19,"
    StartupProgressState state;
    std::shared_ptr<CallbackHolder> callbackHolder;
    std::chrono::steady_clock::time_point lastAdvanceNotification{};
    bool hasAdvanceNotification = false;
",""
"Property:src/ui/src/startupprogress.cpp:StartupProgressData.lastAdvanceNotification","lastAdvanceNotification","src/ui/src/startupprogress.cpp",20,20,"    StartupProgressState state;
    std::shared_ptr<CallbackHolder> callbackHolder;
    std::chrono::steady_clock::time_point lastAdvanceNotification{};
    bool hasAdvanceNotification = false;
};
",""
"Property:src/ui/src/startupprogress.cpp:StartupProgressData.hasAdvanceNotification","hasAdvanceNotification","src/ui/src/startupprogress.cpp",21,21,"    std::shared_ptr<CallbackHolder> callbackHolder;
    std::chrono::steady_clock::time_point lastAdvanceNotification{};
    bool hasAdvanceNotification = false;
};

",""
"Property:src/ui/src/scriptsupervisor.cpp:ScriptSupervisor::ScriptRun.scope","scope","src/ui/src/scriptsupervisor.cpp",81,81,"
struct ScriptSupervisor::ScriptRun {
    ScriptRunScope scope = ScriptRunScope::Tab;
    QString ownerTabId;
    int ownerWindowIndex = -1;
",""
"Property:src/ui/src/scriptsupervisor.cpp:ScriptSupervisor::ScriptRun.ownerTabId","ownerTabId","src/ui/src/scriptsupervisor.cpp",82,82,"struct ScriptSupervisor::ScriptRun {
    ScriptRunScope scope = ScriptRunScope::Tab;
    QString ownerTabId;
    int ownerWindowIndex = -1;
    int ownerTabIndex = -1;
",""
"Property:src/ui/src/scriptsupervisor.cpp:ScriptSupervisor::ScriptRun.ownerWindowIndex","ownerWindowIndex","src/ui/src/scriptsupervisor.cpp",83,83,"    ScriptRunScope scope = ScriptRunScope::Tab;
    QString ownerTabId;
    int ownerWindowIndex = -1;
    int ownerTabIndex = -1;
    QString ownerWindowId;
",""
"Property:src/ui/src/scriptsupervisor.cpp:ScriptSupervisor::ScriptRun.ownerTabIndex","ownerTabIndex","src/ui/src/scriptsupervisor.cpp",84,84,"    QString ownerTabId;
    int ownerWindowIndex = -1;
    int ownerTabIndex = -1;
    QString ownerWindowId;
    QString ownerFilePath;
",""
"Property:src/ui/src/scriptsupervisor.cpp:ScriptSupervisor::ScriptRun.ownerWindowId","ownerWindowId","src/ui/src/scriptsupervisor.cpp",85,85,"    int ownerWindowIndex = -1;
    int ownerTabIndex = -1;
    QString ownerWindowId;
    QString ownerFilePath;
    QString ownerDisplayName;
",""
"Property:src/ui/src/scriptsupervisor.cpp:ScriptSupervisor::ScriptRun.ownerFilePath","ownerFilePath","src/ui/src/scriptsupervisor.cpp",86,86,"    int ownerTabIndex = -1;
    QString ownerWindowId;
    QString ownerFilePath;
    QString ownerDisplayName;
    QString ownerPortName;
",""
"Property:src/ui/src/scriptsupervisor.cpp:ScriptSupervisor::ScriptRun.ownerDisplayName","ownerDisplayName","src/ui/src/scriptsupervisor.cpp",87,87,"    QString ownerWindowId;
    QString ownerFilePath;
    QString ownerDisplayName;
    QString ownerPortName;

",""
"Property:src/ui/src/scriptsupervisor.cpp:ScriptSupervisor::ScriptRun.ownerPortName","ownerPortName","src/ui/src/scriptsupervisor.cpp",88,88,"    QString ownerFilePath;
    QString ownerDisplayName;
    QString ownerPortName;

    QString scriptFilePath;
",""
"Property:src/ui/src/scriptsupervisor.cpp:ScriptSupervisor::ScriptRun.scriptFilePath","scriptFilePath","src/ui/src/scriptsupervisor.cpp",90,90,"    QString ownerPortName;

    QString scriptFilePath;
    QString argsJsonFilePath;
    bool enabled = true;
",""
"Property:src/ui/src/scriptsupervisor.cpp:ScriptSupervisor::ScriptRun.argsJsonFilePath","argsJsonFilePath","src/ui/src/scriptsupervisor.cpp",91,91,"
    QString scriptFilePath;
    QString argsJsonFilePath;
    bool enabled = true;
    bool autostart = true;
",""
"Property:src/ui/src/scriptsupervisor.cpp:ScriptSupervisor::ScriptRun.enabled","enabled","src/ui/src/scriptsupervisor.cpp",92,92,"    QString scriptFilePath;
    QString argsJsonFilePath;
    bool enabled = true;
    bool autostart = true;
    bool broken = false;
",""
"Property:src/ui/src/scriptsupervisor.cpp:ScriptSupervisor::ScriptRun.autostart","autostart","src/ui/src/scriptsupervisor.cpp",93,93,"    QString argsJsonFilePath;
    bool enabled = true;
    bool autostart = true;
    bool broken = false;

",""
"Property:src/ui/src/scriptsupervisor.cpp:ScriptSupervisor::ScriptRun.broken","broken","src/ui/src/scriptsupervisor.cpp",94,94,"    bool enabled = true;
    bool autostart = true;
    bool broken = false;

    QProcess process;
",""
"Property:src/ui/src/scriptsupervisor.cpp:ScriptSupervisor::ScriptRun.process","process","src/ui/src/scriptsupervisor.cpp",96,96,"    bool broken = false;

    QProcess process;
    QTcpServer server;
    QTcpSocket* socket = nullptr;
",""
"Property:src/ui/src/scriptsupervisor.cpp:ScriptSupervisor::ScriptRun.server","server","src/ui/src/scriptsupervisor.cpp",97,97,"
    QProcess process;
    QTcpServer server;
    QTcpSocket* socket = nullptr;
    QByteArray socketBuffer;
",""
"Property:src/ui/src/scriptsupervisor.cpp:ScriptSupervisor::ScriptRun.socket","socket","src/ui/src/scriptsupervisor.cpp",98,98,"    QProcess process;
    QTcpServer server;
    QTcpSocket* socket = nullptr;
    QByteArray socketBuffer;
    QString authToken;
",""
"Property:src/ui/src/scriptsupervisor.cpp:ScriptSupervisor::ScriptRun.socketBuffer","socketBuffer","src/ui/src/scriptsupervisor.cpp",99,99,"    QTcpServer server;
    QTcpSocket* socket = nullptr;
    QByteArray socketBuffer;
    QString authToken;
    QStringList outputTail;
",""
"Property:src/ui/src/scriptsupervisor.cpp:ScriptSupervisor::ScriptRun.authToken","authToken","src/ui/src/scriptsupervisor.cpp",100,100,"    QTcpSocket* socket = nullptr;
    QByteArray socketBuffer;
    QString authToken;
    QStringList outputTail;
    QString pendingStdout;
",""
"Property:src/ui/src/scriptsupervisor.cpp:ScriptSupervisor::ScriptRun.outputTail","outputTail","src/ui/src/scriptsupervisor.cpp",101,101,"    QByteArray socketBuffer;
    QString authToken;
    QStringList outputTail;
    QString pendingStdout;
    QString pendingStderr;
",""
"Property:src/ui/src/scriptsupervisor.cpp:ScriptSupervisor::ScriptRun.pendingStdout","pendingStdout","src/ui/src/scriptsupervisor.cpp",102,102,"    QString authToken;
    QStringList outputTail;
    QString pendingStdout;
    QString pendingStderr;
    QString lastError;
",""
"Property:src/ui/src/scriptsupervisor.cpp:ScriptSupervisor::ScriptRun.pendingStderr","pendingStderr","src/ui/src/scriptsupervisor.cpp",103,103,"    QStringList outputTail;
    QString pendingStdout;
    QString pendingStderr;
    QString lastError;
    QString lastCallbackError;
",""
"Property:src/ui/src/scriptsupervisor.cpp:ScriptSupervisor::ScriptRun.lastError","lastError","src/ui/src/scriptsupervisor.cpp",104,104,"    QString pendingStdout;
    QString pendingStderr;
    QString lastError;
    QString lastCallbackError;
    QDateTime startedAt;
",""
"Property:src/ui/src/scriptsupervisor.cpp:ScriptSupervisor::ScriptRun.lastCallbackError","lastCallbackError","src/ui/src/scriptsupervisor.cpp",105,105,"    QString pendingStderr;
    QString lastError;
    QString lastCallbackError;
    QDateTime startedAt;
    QDateTime finishedAt;
",""
"Property:src/ui/src/scriptsupervisor.cpp:ScriptSupervisor::ScriptRun.startedAt","startedAt","src/ui/src/scriptsupervisor.cpp",106,106,"    QString lastError;
    QString lastCallbackError;
    QDateTime startedAt;
    QDateTime finishedAt;
    ScriptRunState state = ScriptRunState::Idle;
",""
"Property:src/ui/src/scriptsupervisor.cpp:ScriptSupervisor::ScriptRun.finishedAt","finishedAt","src/ui/src/scriptsupervisor.cpp",107,107,"    QString lastCallbackError;
    QDateTime startedAt;
    QDateTime finishedAt;
    ScriptRunState state = ScriptRunState::Idle;
    int exitCode = 0;
",""
"Property:src/ui/src/scriptsupervisor.cpp:ScriptSupervisor::ScriptRun.state","state","src/ui/src/scriptsupervisor.cpp",108,108,"    QDateTime startedAt;
    QDateTime finishedAt;
    ScriptRunState state = ScriptRunState::Idle;
    int exitCode = 0;
    bool stopRequested = false;
",""
"Property:src/ui/src/scriptsupervisor.cpp:ScriptSupervisor::ScriptRun.exitCode","exitCode","src/ui/src/scriptsupervisor.cpp",109,109,"    QDateTime finishedAt;
    ScriptRunState state = ScriptRunState::Idle;
    int exitCode = 0;
    bool stopRequested = false;
    int droppedEvents = 0;
",""
"Property:src/ui/src/scriptsupervisor.cpp:ScriptSupervisor::ScriptRun.stopRequested","stopRequested","src/ui/src/scriptsupervisor.cpp",110,110,"    ScriptRunState state = ScriptRunState::Idle;
    int exitCode = 0;
    bool stopRequested = false;
    int droppedEvents = 0;
    QString dispatchState = QStringLiteral( ""idle"" );
",""
"Property:src/ui/src/scriptsupervisor.cpp:ScriptSupervisor::ScriptRun.droppedEvents","droppedEvents","src/ui/src/scriptsupervisor.cpp",111,111,"    int exitCode = 0;
    bool stopRequested = false;
    int droppedEvents = 0;
    QString dispatchState = QStringLiteral( ""idle"" );
    QVector<ScriptSubscription> subscriptions;
",""
"Property:src/ui/src/scriptsupervisor.cpp:ScriptSupervisor::ScriptRun.dispatchState","dispatchState","src/ui/src/scriptsupervisor.cpp",112,112,"    bool stopRequested = false;
    int droppedEvents = 0;
    QString dispatchState = QStringLiteral( ""idle"" );
    QVector<ScriptSubscription> subscriptions;
};
",""
"Property:src/ui/src/scriptsupervisor.cpp:ScriptSupervisor::ScriptRun.subscriptions","subscriptions","src/ui/src/scriptsupervisor.cpp",113,113,"    int droppedEvents = 0;
    QString dispatchState = QStringLiteral( ""idle"" );
    QVector<ScriptSubscription> subscriptions;
};

",""
"Property:src/ui/src/scratchpad.cpp:DateTimeBox.timestamp_","timestamp_","src/ui/src/scratchpad.cpp",57,57,"
  private:
    std::optional<qint64> timestamp_;
    QLineEdit* timeLine_;
    QComboBox* tzComboBox_;
",""
"Property:src/ui/src/scratchpad.cpp:DateTimeBox.timeLine_","timeLine_","src/ui/src/scratchpad.cpp",58,58,"  private:
    std::optional<qint64> timestamp_;
    QLineEdit* timeLine_;
    QComboBox* tzComboBox_;
};
",""
"Property:src/ui/src/scratchpad.cpp:DateTimeBox.tzComboBox_","tzComboBox_","src/ui/src/scratchpad.cpp",59,59,"    std::optional<qint64> timestamp_;
    QLineEdit* timeLine_;
    QComboBox* tzComboBox_;
};
} // namespace klogg
",""
"Property:src/ui/src/responseeditdialog.cpp:ResponseActionStepDialog.actions_","actions_","src/ui/src/responseeditdialog.cpp",245,245,"    }

    QVector<ActionDefinition> actions_;
    QLineEdit* filterEdit_ = nullptr;
    QComboBox* actionCombo_ = nullptr;
",""
"Property:src/ui/src/responseeditdialog.cpp:ResponseActionStepDialog.filterEdit_","filterEdit_","src/ui/src/responseeditdialog.cpp",246,246,"
    QVector<ActionDefinition> actions_;
    QLineEdit* filterEdit_ = nullptr;
    QComboBox* actionCombo_ = nullptr;
    QSpinBox* delaySpin_ = nullptr;
",""
"Property:src/ui/src/responseeditdialog.cpp:ResponseActionStepDialog.actionCombo_","actionCombo_","src/ui/src/responseeditdialog.cpp",247,247,"    QVector<ActionDefinition> actions_;
    QLineEdit* filterEdit_ = nullptr;
    QComboBox* actionCombo_ = nullptr;
    QSpinBox* delaySpin_ = nullptr;
    QDialogButtonBox* buttons_ = nullptr;
",""
"Property:src/ui/src/responseeditdialog.cpp:ResponseActionStepDialog.delaySpin_","delaySpin_","src/ui/src/responseeditdialog.cpp",248,248,"    QLineEdit* filterEdit_ = nullptr;
    QComboBox* actionCombo_ = nullptr;
    QSpinBox* delaySpin_ = nullptr;
    QDialogButtonBox* buttons_ = nullptr;
};
",""
"Property:src/ui/src/responseeditdialog.cpp:ResponseActionStepDialog.buttons_","buttons_","src/ui/src/responseeditdialog.cpp",249,249,"    QComboBox* actionCombo_ = nullptr;
    QSpinBox* delaySpin_ = nullptr;
    QDialogButtonBox* buttons_ = nullptr;
};
} // namespace
",""
"Property:src/ui/src/previewmessagetab.cpp:DecodeErrorInfo.previewName","previewName","src/ui/src/previewmessagetab.cpp",74,74,"
struct DecodeErrorInfo {
    QString previewName;
    QString fieldPath;
    QString source;
",""
"Property:src/ui/src/previewmessagetab.cpp:DecodeErrorInfo.fieldPath","fieldPath","src/ui/src/previewmessagetab.cpp",75,75,"struct DecodeErrorInfo {
    QString previewName;
    QString fieldPath;
    QString source;
    int offset = -1;
",""
"Property:src/ui/src/previewmessagetab.cpp:DecodeErrorInfo.source","source","src/ui/src/previewmessagetab.cpp",76,76,"    QString previewName;
    QString fieldPath;
    QString source;
    int offset = -1;
    int width = -1;
",""
"Property:src/ui/src/previewmessagetab.cpp:DecodeErrorInfo.offset","offset","src/ui/src/previewmessagetab.cpp",77,77,"    QString fieldPath;
    QString source;
    int offset = -1;
    int width = -1;
    QString rawSlice;
",""
"Property:src/ui/src/previewmessagetab.cpp:DecodeErrorInfo.width","width","src/ui/src/previewmessagetab.cpp",78,78,"    QString source;
    int offset = -1;
    int width = -1;
    QString rawSlice;
    QString reason;
",""
"Property:src/ui/src/previewmessagetab.cpp:DecodeErrorInfo.rawSlice","rawSlice","src/ui/src/previewmessagetab.cpp",79,79,"    int offset = -1;
    int width = -1;
    QString rawSlice;
    QString reason;
};
",""
"Property:src/ui/src/previewmessagetab.cpp:DecodeErrorInfo.reason","reason","src/ui/src/previewmessagetab.cpp",80,80,"    int width = -1;
    QString rawSlice;
    QString reason;
};

",""
"Property:src/ui/src/previewmessagetab.cpp:EnumLookupResult.ok","ok","src/ui/src/previewmessagetab.cpp",293,293,"
struct EnumLookupResult {
    bool ok = false;
    QString text;
    QString error;
",""
"Property:src/ui/src/previewmessagetab.cpp:EnumLookupResult.text","text","src/ui/src/previewmessagetab.cpp",294,294,"struct EnumLookupResult {
    bool ok = false;
    QString text;
    QString error;
    bool hasNumeric = false;
",""
"Property:src/ui/src/previewmessagetab.cpp:EnumLookupResult.error","error","src/ui/src/previewmessagetab.cpp",295,295,"    bool ok = false;
    QString text;
    QString error;
    bool hasNumeric = false;
    quint64 numeric = 0;
",""
"Property:src/ui/src/previewmessagetab.cpp:EnumLookupResult.hasNumeric","hasNumeric","src/ui/src/previewmessagetab.cpp",296,296,"    QString text;
    QString error;
    bool hasNumeric = false;
    quint64 numeric = 0;
};
",""
"Property:src/ui/src/previewmessagetab.cpp:EnumLookupResult.numeric","numeric","src/ui/src/previewmessagetab.cpp",297,297,"    QString error;
    bool hasNumeric = false;
    quint64 numeric = 0;
};

",""
"Property:src/ui/src/previewmessagetab.cpp:ExprResult.ok","ok","src/ui/src/previewmessagetab.cpp",392,392,"
struct ExprResult {
    bool ok = false;
    int value = 0;
    QString error;
",""
"Property:src/ui/src/previewmessagetab.cpp:ExprResult.value","value","src/ui/src/previewmessagetab.cpp",393,393,"struct ExprResult {
    bool ok = false;
    int value = 0;
    QString error;
    QString missingVariable;
",""
"Property:src/ui/src/previewmessagetab.cpp:ExprResult.error","error","src/ui/src/previewmessagetab.cpp",394,394,"    bool ok = false;
    int value = 0;
    QString error;
    QString missingVariable;
};
",""
"Property:src/ui/src/previewmessagetab.cpp:ExprResult.missingVariable","missingVariable","src/ui/src/previewmessagetab.cpp",395,395,"    int value = 0;
    QString error;
    QString missingVariable;
};

",""
"Property:src/ui/src/previewmessagetab.cpp:DecodeBytesResult.ok","ok","src/ui/src/previewmessagetab.cpp",423,423,"
struct DecodeBytesResult {
    bool ok = false;
    QByteArray bytes;
    int digitCount = 0;
",""
"Property:src/ui/src/previewmessagetab.cpp:DecodeBytesResult.bytes","bytes","src/ui/src/previewmessagetab.cpp",424,424,"struct DecodeBytesResult {
    bool ok = false;
    QByteArray bytes;
    int digitCount = 0;
    QString error;
",""
"Property:src/ui/src/previewmessagetab.cpp:DecodeBytesResult.digitCount","digitCount","src/ui/src/previewmessagetab.cpp",425,425,"    bool ok = false;
    QByteArray bytes;
    int digitCount = 0;
    QString error;
};
",""
"Property:src/ui/src/previewmessagetab.cpp:DecodeBytesResult.error","error","src/ui/src/previewmessagetab.cpp",426,426,"    QByteArray bytes;
    int digitCount = 0;
    QString error;
};

",""
"Property:src/ui/src/previewmessagetab.cpp:ParseContext.buffer","buffer","src/ui/src/previewmessagetab.cpp",550,550,"
struct ParseContext {
    QByteArray buffer;
    int cursor = 0;
    QMap<QString, qint64>* values = nullptr;
",""
"Property:src/ui/src/previewmessagetab.cpp:ParseContext.cursor","cursor","src/ui/src/previewmessagetab.cpp",551,551,"struct ParseContext {
    QByteArray buffer;
    int cursor = 0;
    QMap<QString, qint64>* values = nullptr;
    QMap<QString, QString>* rawValues = nullptr;
",""
"Property:src/ui/src/previewmessagetab.cpp:ParseContext.values","values","src/ui/src/previewmessagetab.cpp",552,552,"    QByteArray buffer;
    int cursor = 0;
    QMap<QString, qint64>* values = nullptr;
    QMap<QString, QString>* rawValues = nullptr;
    const QRegularExpressionMatch* match = nullptr;
",""
"Property:src/ui/src/previewmessagetab.cpp:ParseContext.rawValues","rawValues","src/ui/src/previewmessagetab.cpp",553,553,"    int cursor = 0;
    QMap<QString, qint64>* values = nullptr;
    QMap<QString, QString>* rawValues = nullptr;
    const QRegularExpressionMatch* match = nullptr;
    const QMap<QString, PreviewFieldSpec>* blocks = nullptr;
",""
"Property:src/ui/src/previewmessagetab.cpp:ParseContext.match","match","src/ui/src/previewmessagetab.cpp",554,554,"    QMap<QString, qint64>* values = nullptr;
    QMap<QString, QString>* rawValues = nullptr;
    const QRegularExpressionMatch* match = nullptr;
    const QMap<QString, PreviewFieldSpec>* blocks = nullptr;
    QStringList* blockStack = nullptr;
",""
"Property:src/ui/src/previewmessagetab.cpp:ParseContext.blocks","blocks","src/ui/src/previewmessagetab.cpp",555,555,"    QMap<QString, QString>* rawValues = nullptr;
    const QRegularExpressionMatch* match = nullptr;
    const QMap<QString, PreviewFieldSpec>* blocks = nullptr;
    QStringList* blockStack = nullptr;
    QString previewName;
",""
"Property:src/ui/src/previewmessagetab.cpp:ParseContext.blockStack","blockStack","src/ui/src/previewmessagetab.cpp",556,556,"    const QRegularExpressionMatch* match = nullptr;
    const QMap<QString, PreviewFieldSpec>* blocks = nullptr;
    QStringList* blockStack = nullptr;
    QString previewName;
    QString bufferSource;
",""
"Property:src/ui/src/previewmessagetab.cpp:ParseContext.previewName","previewName","src/ui/src/previewmessagetab.cpp",557,557,"    const QMap<QString, PreviewFieldSpec>* blocks = nullptr;
    QStringList* blockStack = nullptr;
    QString previewName;
    QString bufferSource;
    int baseOffset = 0;
",""
"Property:src/ui/src/previewmessagetab.cpp:ParseContext.bufferSource","bufferSource","src/ui/src/previewmessagetab.cpp",558,558,"    QStringList* blockStack = nullptr;
    QString previewName;
    QString bufferSource;
    int baseOffset = 0;
    int matchStart = 0;
",""
"Property:src/ui/src/previewmessagetab.cpp:ParseContext.baseOffset","baseOffset","src/ui/src/previewmessagetab.cpp",559,559,"    QString previewName;
    QString bufferSource;
    int baseOffset = 0;
    int matchStart = 0;
    bool allowUnqualified = false;
",""
"Property:src/ui/src/previewmessagetab.cpp:ParseContext.matchStart","matchStart","src/ui/src/previewmessagetab.cpp",560,560,"    QString bufferSource;
    int baseOffset = 0;
    int matchStart = 0;
    bool allowUnqualified = false;
};
",""
"Property:src/ui/src/previewmessagetab.cpp:ParseContext.allowUnqualified","allowUnqualified","src/ui/src/previewmessagetab.cpp",561,561,"    int baseOffset = 0;
    int matchStart = 0;
    bool allowUnqualified = false;
};

",""
"Property:src/ui/src/previewmessagetab.cpp:BlockResolution.block","block","src/ui/src/previewmessagetab.cpp",628,628,"
struct BlockResolution {
    const PreviewFieldSpec* block = nullptr;
    QString resolvedName;
    QString error;
",""
"Property:src/ui/src/previewmessagetab.cpp:BlockResolution.resolvedName","resolvedName","src/ui/src/previewmessagetab.cpp",629,629,"struct BlockResolution {
    const PreviewFieldSpec* block = nullptr;
    QString resolvedName;
    QString error;
};
",""
"Property:src/ui/src/previewmessagetab.cpp:BlockResolution.error","error","src/ui/src/previewmessagetab.cpp",630,630,"    const PreviewFieldSpec* block = nullptr;
    QString resolvedName;
    QString error;
};

",""
"Property:src/ui/src/previewdecodeutils.cpp:HexNormalized.ok","ok","src/ui/src/previewdecodeutils.cpp",7,7,"namespace {
struct HexNormalized {
    bool ok = false;
    QString digits;
    int digitCount = 0;
",""
"Property:src/ui/src/previewdecodeutils.cpp:HexNormalized.digits","digits","src/ui/src/previewdecodeutils.cpp",8,8,"struct HexNormalized {
    bool ok = false;
    QString digits;
    int digitCount = 0;
    QString error;
",""
"Property:src/ui/src/previewdecodeutils.cpp:HexNormalized.digitCount","digitCount","src/ui/src/previewdecodeutils.cpp",9,9,"    bool ok = false;
    QString digits;
    int digitCount = 0;
    QString error;
};
",""
"Property:src/ui/src/previewdecodeutils.cpp:HexNormalized.error","error","src/ui/src/previewdecodeutils.cpp",10,10,"    QString digits;
    int digitCount = 0;
    QString error;
};

",""
"Property:src/ui/src/predefinedfiltersdialog.cpp:CenteredCheckbox.checkbox_","checkbox_","src/ui/src/predefinedfiltersdialog.cpp",85,85,"
  private:
    QCheckBox* checkbox_;
};

",""
"Property:src/ui/src/importactionsdialog.cpp:ActionsImportTableModel.actions_","actions_","src/ui/src/importactionsdialog.cpp",225,225,"
  private:
    QVector<ActionDefinition>* actions_ = nullptr;
};

",""
"Property:src/ui/src/importactionsdialog.cpp:ResponsesImportTableModel.responses_","responses_","src/ui/src/importactionsdialog.cpp",382,382,"
  private:
    QVector<ResponseDefinition>* responses_ = nullptr;
};

",""
"Property:src/ui/src/crawlerwidget.cpp:CrawlerWidgetContext.sizes_","sizes_","src/ui/src/crawlerwidget.cpp",164,164,"
private:
    QList<int> sizes_ = { 400, 100 };

    bool ignoreCase_ = false;
",""
"Property:src/ui/src/crawlerwidget.cpp:CrawlerWidgetContext.ignoreCase_","ignoreCase_","src/ui/src/crawlerwidget.cpp",166,166,"    QList<int> sizes_ = { 400, 100 };

    bool ignoreCase_ = false;
    bool autoRefresh_ = false;
    bool followFile_ = false;
",""
"Property:src/ui/src/crawlerwidget.cpp:CrawlerWidgetContext.autoRefresh_","autoRefresh_","src/ui/src/crawlerwidget.cpp",167,167,"
    bool ignoreCase_ = false;
    bool autoRefresh_ = false;
    bool followFile_ = false;
    bool useRegexp_ = false;
",""
"Property:src/ui/src/crawlerwidget.cpp:CrawlerWidgetContext.followFile_","followFile_","src/ui/src/crawlerwidget.cpp",168,168,"    bool ignoreCase_ = false;
    bool autoRefresh_ = false;
    bool followFile_ = false;
    bool useRegexp_ = false;
    bool inverseRegexp_ = false;
",""
"Property:src/ui/src/crawlerwidget.cpp:CrawlerWidgetContext.useRegexp_","useRegexp_","src/ui/src/crawlerwidget.cpp",169,169,"    bool autoRefresh_ = false;
    bool followFile_ = false;
    bool useRegexp_ = false;
    bool inverseRegexp_ = false;
    bool useBooleanCombination_ = false;
",""
"Property:src/ui/src/crawlerwidget.cpp:CrawlerWidgetContext.inverseRegexp_","inverseRegexp_","src/ui/src/crawlerwidget.cpp",170,170,"    bool followFile_ = false;
    bool useRegexp_ = false;
    bool inverseRegexp_ = false;
    bool useBooleanCombination_ = false;

",""
"Property:src/ui/src/crawlerwidget.cpp:CrawlerWidgetContext.useBooleanCombination_","useBooleanCombination_","src/ui/src/crawlerwidget.cpp",171,171,"    bool useRegexp_ = false;
    bool inverseRegexp_ = false;
    bool useBooleanCombination_ = false;

    QList<LineNumber::UnderlyingType> marks_;
",""
"Property:src/ui/src/crawlerwidget.cpp:CrawlerWidgetContext.marks_","marks_","src/ui/src/crawlerwidget.cpp",173,173,"    bool useBooleanCombination_ = false;

    QList<LineNumber::UnderlyingType> marks_;
    QString searchPattern_;
};
",""
"Property:src/ui/src/crawlerwidget.cpp:CrawlerWidgetContext.searchPattern_","searchPattern_","src/ui/src/crawlerwidget.cpp",174,174,"
    QList<LineNumber::UnderlyingType> marks_;
    QString searchPattern_;
};

",""
"Property:src/ui/src/actionsresponseswindow.cpp:ActionsFilterProxyModel.filterText_","filterText_","src/ui/src/actionsresponseswindow.cpp",68,68,"    }

    QString filterText_;
};

",""
"Property:src/ui/src/actionsresponseswindow.cpp:ResponsesFilterProxyModel.filterText_","filterText_","src/ui/src/actionsresponseswindow.cpp",194,194,"    }

    QString filterText_;
    ResponseFilterType filterType_ = ResponseFilterType::Text;
    bool filterValid_ = true;
",""
"Property:src/ui/src/actionsresponseswindow.cpp:ResponsesFilterProxyModel.filterType_","filterType_","src/ui/src/actionsresponseswindow.cpp",195,195,"
    QString filterText_;
    ResponseFilterType filterType_ = ResponseFilterType::Text;
    bool filterValid_ = true;
    QByteArray hexBytes_;
",""
"Property:src/ui/src/actionsresponseswindow.cpp:ResponsesFilterProxyModel.filterValid_","filterValid_","src/ui/src/actionsresponseswindow.cpp",196,196,"    QString filterText_;
    ResponseFilterType filterType_ = ResponseFilterType::Text;
    bool filterValid_ = true;
    QByteArray hexBytes_;
    QRegularExpression regex_;
",""
"Property:src/ui/src/actionsresponseswindow.cpp:ResponsesFilterProxyModel.hexBytes_","hexBytes_","src/ui/src/actionsresponseswindow.cpp",197,197,"    ResponseFilterType filterType_ = ResponseFilterType::Text;
    bool filterValid_ = true;
    QByteArray hexBytes_;
    QRegularExpression regex_;
};
",""
"Property:src/ui/src/actionsresponseswindow.cpp:ResponsesFilterProxyModel.regex_","regex_","src/ui/src/actionsresponseswindow.cpp",198,198,"    bool filterValid_ = true;
    QByteArray hexBytes_;
    QRegularExpression regex_;
};

",""
"Property:src/ui/src/actionsresponseswindow.cpp:ActionSendDelegate.callback_","callback_","src/ui/src/actionsresponseswindow.cpp",345,345,"
  private:
    std::function<void( const QModelIndex& )> callback_;
    QPersistentModelIndex pressedIndex_;
};
",""
"Property:src/ui/src/actionsresponseswindow.cpp:ActionSendDelegate.pressedIndex_","pressedIndex_","src/ui/src/actionsresponseswindow.cpp",346,346,"  private:
    std::function<void( const QModelIndex& )> callback_;
    QPersistentModelIndex pressedIndex_;
};
} // namespace
",""
"Property:src/ui/src/abstractlogview.cpp:LineChunk.start_","start_","src/ui/src/abstractlogview.cpp",245,245,"
private:
    LineColumn start_ = {};
    LineColumn end_ = {};

",""
"Property:src/ui/src/abstractlogview.cpp:LineChunk.end_","end_","src/ui/src/abstractlogview.cpp",246,246,"private:
    LineColumn start_ = {};
    LineColumn end_ = {};

    QColor foreColor_;
",""
"Property:src/ui/src/abstractlogview.cpp:LineChunk.foreColor_","foreColor_","src/ui/src/abstractlogview.cpp",248,248,"    LineColumn end_ = {};

    QColor foreColor_;
    QColor backColor_;
};
",""
"Property:src/ui/src/abstractlogview.cpp:LineChunk.backColor_","backColor_","src/ui/src/abstractlogview.cpp",249,249,"
    QColor foreColor_;
    QColor backColor_;
};

",""
"Property:src/ui/src/abstractlogview.cpp:LineDrawer.chunks_","chunks_","src/ui/src/abstractlogview.cpp",352,352,"
private:
    klogg::vector<LineChunk> chunks_;
    QColor backColor_;
};
",""
"Property:src/ui/src/abstractlogview.cpp:LineDrawer.backColor_","backColor_","src/ui/src/abstractlogview.cpp",353,353,"private:
    klogg::vector<LineChunk> chunks_;
    QColor backColor_;
};

",""
"Property:src/ui/include/wrappedstring.h:WrappedString.wrappedLines_","wrappedLines_","src/ui/include/wrappedstring.h",132,132,"
private:
    klogg::vector<WrappedStringPart> wrappedLines_;
    QString unwrappedLine_;
};",""
"Property:src/ui/include/wrappedstring.h:WrappedString.unwrappedLine_","unwrappedLine_","src/ui/include/wrappedstring.h",133,133,"private:
    klogg::vector<WrappedStringPart> wrappedLines_;
    QString unwrappedLine_;
};",""
"Property:src/ui/include/viewtools.h:ElasticHook.","","src/ui/include/viewtools.h",82,84,"    void timerEvent( QTimerEvent* event ) override;

  Q_SIGNALS:
    // Sent when the length has changed
    void lengthChanged();
    // Sent when the hooked status has changed
    void hooked( bool is_hooked );
",""
"Property:src/ui/include/viewtools.h:ElasticHook.TIMER_PERIOD_MS","TIMER_PERIOD_MS","src/ui/include/viewtools.h",91,91,"    void decreasePosition();

    static constexpr int TIMER_PERIOD_MS = 10;
    static constexpr int DECREASE_RATE = 4;
    const int hook_threshold_;
",""
"Property:src/ui/include/viewtools.h:ElasticHook.DECREASE_RATE","DECREASE_RATE","src/ui/include/viewtools.h",92,92,"
    static constexpr int TIMER_PERIOD_MS = 10;
    static constexpr int DECREASE_RATE = 4;
    const int hook_threshold_;
    bool hooked_ = false;
",""
"Property:src/ui/include/viewtools.h:ElasticHook.hook_threshold_","hook_threshold_","src/ui/include/viewtools.h",93,93,"    static constexpr int TIMER_PERIOD_MS = 10;
    static constexpr int DECREASE_RATE = 4;
    const int hook_threshold_;
    bool hooked_ = false;
    bool held_ = false;
",""
"Property:src/ui/include/viewtools.h:ElasticHook.hooked_","hooked_","src/ui/include/viewtools.h",94,94,"    static constexpr int DECREASE_RATE = 4;
    const int hook_threshold_;
    bool hooked_ = false;
    bool held_ = false;
    bool allowHook_ = true;
",""
"Property:src/ui/include/viewtools.h:ElasticHook.held_","held_","src/ui/include/viewtools.h",95,95,"    const int hook_threshold_;
    bool hooked_ = false;
    bool held_ = false;
    bool allowHook_ = true;
    int position_ = 0;
",""
"Property:src/ui/include/viewtools.h:ElasticHook.allowHook_","allowHook_","src/ui/include/viewtools.h",96,96,"    bool hooked_ = false;
    bool held_ = false;
    bool allowHook_ = true;
    int position_ = 0;
    int timer_id_ = 0;
",""
"Property:src/ui/include/viewtools.h:ElasticHook.position_","position_","src/ui/include/viewtools.h",97,97,"    bool held_ = false;
    bool allowHook_ = true;
    int position_ = 0;
    int timer_id_ = 0;
    std::chrono::time_point<std::chrono::steady_clock> last_update_;
",""
"Property:src/ui/include/viewtools.h:ElasticHook.timer_id_","timer_id_","src/ui/include/viewtools.h",98,98,"    bool allowHook_ = true;
    int position_ = 0;
    int timer_id_ = 0;
    std::chrono::time_point<std::chrono::steady_clock> last_update_;
};
",""
"Property:src/ui/include/viewtools.h:ElasticHook.last_update_","last_update_","src/ui/include/viewtools.h",99,99,"    int position_ = 0;
    int timer_id_ = 0;
    std::chrono::time_point<std::chrono::steady_clock> last_update_;
};

",""
"Property:src/ui/include/tabnamemapping.h:TabName.path","path","src/ui/include/tabnamemapping.h",45,45,"    struct TabName
    {
        QString path;
        QString name;
    };
",""
"Property:src/ui/include/tabnamemapping.h:TabName.name","name","src/ui/include/tabnamemapping.h",46,46,"    {
        QString path;
        QString name;
    };

",""
"Property:src/ui/include/tabnamemapping.h:TabNameMapping.tabNames_","tabNames_","src/ui/include/tabnamemapping.h",49,49,"    };

    std::vector<TabName> tabNames_;
};

",""
"Property:src/ui/include/tabbedscratchpad.h:TabbedScratchPad.public","public","src/ui/include/tabbedscratchpad.h",27,29,"
class TabbedScratchPad : public QWidget {
    Q_OBJECT
  public:
    explicit TabbedScratchPad( QWidget* parent = nullptr );

    ~TabbedScratchPad() = default;
",""
"Property:src/ui/include/tabbedscratchpad.h:TabbedScratchPad.tabWidget_","tabWidget_","src/ui/include/tabbedscratchpad.h",48,48,"
  private:
    QTabWidget* tabWidget_{ nullptr };
    int tabCounter_{};
};
",""
"Property:src/ui/include/tabbedscratchpad.h:TabbedScratchPad.tabCounter_","tabCounter_","src/ui/include/tabbedscratchpad.h",49,49,"  private:
    QTabWidget* tabWidget_{ nullptr };
    int tabCounter_{};
};

",""
"Property:src/ui/include/tabbedcrawlerwidget.h:CrawlerTabBar.Q_SIGNALS","Q_SIGNALS","src/ui/include/tabbedcrawlerwidget.h",44,47,"
class CrawlerTabBar : public QTabBar {
  Q_OBJECT

  Q_SIGNALS:
    void showTabContextMenu(int tab, QPoint point);

  protected:
",""
"Property:src/ui/include/tabbedcrawlerwidget.h:TabbedCrawlerWidget.public","public","src/ui/include/tabbedcrawlerwidget.h",55,57,"
class TabbedCrawlerWidget : public QTabWidget {
    Q_OBJECT
  public:
    TabbedCrawlerWidget();

    template <typename T>
",""
"Property:src/ui/include/tabbedcrawlerwidget.h:TabbedCrawlerWidget.olddata_icon_","olddata_icon_","src/ui/include/tabbedcrawlerwidget.h",131,131,"
  private:
    QIcon olddata_icon_;
    QIcon newdata_icon_;
    QIcon newfiltered_icon_;
",""
"Property:src/ui/include/tabbedcrawlerwidget.h:TabbedCrawlerWidget.newdata_icon_","newdata_icon_","src/ui/include/tabbedcrawlerwidget.h",132,132,"  private:
    QIcon olddata_icon_;
    QIcon newdata_icon_;
    QIcon newfiltered_icon_;

",""
"Property:src/ui/include/tabbedcrawlerwidget.h:TabbedCrawlerWidget.newfiltered_icon_","newfiltered_icon_","src/ui/include/tabbedcrawlerwidget.h",133,133,"    QIcon olddata_icon_;
    QIcon newdata_icon_;
    QIcon newfiltered_icon_;

    CrawlerTabBar myTabBar_;
",""
"Property:src/ui/include/tabbedcrawlerwidget.h:TabbedCrawlerWidget.myTabBar_","myTabBar_","src/ui/include/tabbedcrawlerwidget.h",135,135,"    QIcon newfiltered_icon_;

    CrawlerTabBar myTabBar_;
    std::map<QString, std::shared_ptr<StreamSession>> streamSessions_;
    bool alwaysShowTabBar_ = false;
",""
"Property:src/ui/include/tabbedcrawlerwidget.h:TabbedCrawlerWidget.streamSessions_","streamSessions_","src/ui/include/tabbedcrawlerwidget.h",136,136,"
    CrawlerTabBar myTabBar_;
    std::map<QString, std::shared_ptr<StreamSession>> streamSessions_;
    bool alwaysShowTabBar_ = false;
    QColor defaultTabTextColor_;
",""
"Property:src/ui/include/tabbedcrawlerwidget.h:TabbedCrawlerWidget.alwaysShowTabBar_","alwaysShowTabBar_","src/ui/include/tabbedcrawlerwidget.h",137,137,"    CrawlerTabBar myTabBar_;
    std::map<QString, std::shared_ptr<StreamSession>> streamSessions_;
    bool alwaysShowTabBar_ = false;
    QColor defaultTabTextColor_;
    const QColor openStreamTabColor_{ 0, 160, 0 };
",""
"Property:src/ui/include/tabbedcrawlerwidget.h:TabbedCrawlerWidget.defaultTabTextColor_","defaultTabTextColor_","src/ui/include/tabbedcrawlerwidget.h",138,138,"    std::map<QString, std::shared_ptr<StreamSession>> streamSessions_;
    bool alwaysShowTabBar_ = false;
    QColor defaultTabTextColor_;
    const QColor openStreamTabColor_{ 0, 160, 0 };
    QIcon connectionIcon_{ "":/images/icons8-lock-16.png"" };
",""
"Property:src/ui/include/tabbedcrawlerwidget.h:TabbedCrawlerWidget.openStreamTabColor_","openStreamTabColor_","src/ui/include/tabbedcrawlerwidget.h",139,139,"    bool alwaysShowTabBar_ = false;
    QColor defaultTabTextColor_;
    const QColor openStreamTabColor_{ 0, 160, 0 };
    QIcon connectionIcon_{ "":/images/icons8-lock-16.png"" };
};
",""
"Property:src/ui/include/tabbedcrawlerwidget.h:TabbedCrawlerWidget.connectionIcon_","connectionIcon_","src/ui/include/tabbedcrawlerwidget.h",140,140,"    QColor defaultTabTextColor_;
    const QColor openStreamTabColor_{ 0, 160, 0 };
    QIcon connectionIcon_{ "":/images/icons8-lock-16.png"" };
};

",""
"Property:src/ui/include/streamsourceregistry.h:StreamSourceRegistry.mutex_","mutex_","src/ui/include/streamsourceregistry.h",18,18,"    QString normalizedPortName( const QString& portName ) const;

    mutable QMutex mutex_;
    QSet<QString> activeSerialPorts_;
};
",""
"Property:src/ui/include/streamsourceregistry.h:StreamSourceRegistry.activeSerialPorts_","activeSerialPorts_","src/ui/include/streamsourceregistry.h",19,19,"
    mutable QMutex mutex_;
    QSet<QString> activeSerialPorts_;
};
",""
"Property:src/ui/include/streamsession.h:StreamSession.public","public","src/ui/include/streamsession.h",11,14,"
class StreamSession : public QObject {
    Q_OBJECT

  public:
    explicit StreamSession( SerialCaptureSettings settings );
    ~StreamSession() override;

",""
"Property:src/ui/include/streamsession.h:StreamSession.settings_","settings_","src/ui/include/streamsession.h",65,65,"
  private:
    SerialCaptureSettings settings_;
    QThread thread_;
    SerialCaptureWorker* worker_ = nullptr;
",""
"Property:src/ui/include/streamsession.h:StreamSession.thread_","thread_","src/ui/include/streamsession.h",66,66,"  private:
    SerialCaptureSettings settings_;
    QThread thread_;
    SerialCaptureWorker* worker_ = nullptr;
    bool started_ = false;
",""
"Property:src/ui/include/streamsession.h:StreamSession.worker_","worker_","src/ui/include/streamsession.h",67,67,"    SerialCaptureSettings settings_;
    QThread thread_;
    SerialCaptureWorker* worker_ = nullptr;
    bool started_ = false;
    bool stopping_ = false;
",""
"Property:src/ui/include/streamsession.h:StreamSession.started_","started_","src/ui/include/streamsession.h",68,68,"    QThread thread_;
    SerialCaptureWorker* worker_ = nullptr;
    bool started_ = false;
    bool stopping_ = false;
    bool connectionOpen_ = false;
",""
"Property:src/ui/include/streamsession.h:StreamSession.stopping_","stopping_","src/ui/include/streamsession.h",69,69,"    SerialCaptureWorker* worker_ = nullptr;
    bool started_ = false;
    bool stopping_ = false;
    bool connectionOpen_ = false;
    bool loggingEnabled_ = true;
",""
"Property:src/ui/include/streamsession.h:StreamSession.connectionOpen_","connectionOpen_","src/ui/include/streamsession.h",70,70,"    bool started_ = false;
    bool stopping_ = false;
    bool connectionOpen_ = false;
    bool loggingEnabled_ = true;
    QByteArray lineBuffer_;
",""
"Property:src/ui/include/streamsession.h:StreamSession.loggingEnabled_","loggingEnabled_","src/ui/include/streamsession.h",71,71,"    bool stopping_ = false;
    bool connectionOpen_ = false;
    bool loggingEnabled_ = true;
    QByteArray lineBuffer_;
    QMap<int, int> responseCounters_;
",""
"Property:src/ui/include/streamsession.h:StreamSession.lineBuffer_","lineBuffer_","src/ui/include/streamsession.h",72,72,"    bool connectionOpen_ = false;
    bool loggingEnabled_ = true;
    QByteArray lineBuffer_;
    QMap<int, int> responseCounters_;
};
",""
"Property:src/ui/include/streamsession.h:StreamSession.responseCounters_","responseCounters_","src/ui/include/streamsession.h",73,73,"    bool loggingEnabled_ = true;
    QByteArray lineBuffer_;
    QMap<int, int> responseCounters_;
};
",""
"Property:src/ui/include/startupprogress.h:StartupProgressState.minimum","minimum","src/ui/include/startupprogress.h",7,7,"
struct StartupProgressState {
    int minimum = 0;
    int maximum = 1;
    int value = 0;
",""
"Property:src/ui/include/startupprogress.h:StartupProgressState.maximum","maximum","src/ui/include/startupprogress.h",8,8,"struct StartupProgressState {
    int minimum = 0;
    int maximum = 1;
    int value = 0;
    QString status;
",""
"Property:src/ui/include/startupprogress.h:StartupProgressState.value","value","src/ui/include/startupprogress.h",9,9,"    int minimum = 0;
    int maximum = 1;
    int value = 0;
    QString status;
    QString detail;
",""
"Property:src/ui/include/startupprogress.h:StartupProgressState.status","status","src/ui/include/startupprogress.h",10,10,"    int maximum = 1;
    int value = 0;
    QString status;
    QString detail;
};
",""
"Property:src/ui/include/startupprogress.h:StartupProgressState.detail","detail","src/ui/include/startupprogress.h",11,11,"    int value = 0;
    QString status;
    QString detail;
};

",""
"Property:src/ui/include/signalmux.h:Connection.source","source","src/ui/include/signalmux.h",83,83,"  private:
    struct Connection {
        QPointer<QObject>   source;
        QPointer<QObject>   sink;
        const char*         signal;
",""
"Property:src/ui/include/signalmux.h:Connection.sink","sink","src/ui/include/signalmux.h",84,84,"    struct Connection {
        QPointer<QObject>   source;
        QPointer<QObject>   sink;
        const char*         signal;
        const char*         slot;
",""
"Property:src/ui/include/signalmux.h:Connection.signal","signal","src/ui/include/signalmux.h",85,85,"        QPointer<QObject>   source;
        QPointer<QObject>   sink;
        const char*         signal;
        const char*         slot;
    };
",""
"Property:src/ui/include/signalmux.h:Connection.slot","slot","src/ui/include/signalmux.h",86,86,"        QPointer<QObject>   sink;
        const char*         signal;
        const char*         slot;
    };

",""
"Property:src/ui/include/signalmux.h:SignalMux.connectionList_","connectionList_","src/ui/include/signalmux.h",92,92,"    void disconnect( const Connection& connection);

    std::list<Connection> connectionList_;

    QPointer<QObject> currentDocument_;
",""
"Property:src/ui/include/signalmux.h:SignalMux.currentDocument_","currentDocument_","src/ui/include/signalmux.h",94,94,"    std::list<Connection> connectionList_;

    QPointer<QObject> currentDocument_;
};

",""
"Property:src/ui/include/sessioninfo.h:OpenFile.fileName","fileName","src/ui/include/sessioninfo.h",70,70,"        }

        QString fileName;
        uint64_t topLine;

",""
"Property:src/ui/include/sessioninfo.h:OpenFile.topLine","topLine","src/ui/include/sessioninfo.h",71,71,"
        QString fileName;
        uint64_t topLine;

        // The view context contains parameter specific to the view's
",""
"Property:src/ui/include/sessioninfo.h:OpenFile.viewContext","viewContext","src/ui/include/sessioninfo.h",75,75,"        // The view context contains parameter specific to the view's
        // implementation (such as geometry...)
        QString viewContext;

        // Optional stream context for special sources (e.g. COM sessions).
",""
"Property:src/ui/include/sessioninfo.h:OpenFile.streamContext","streamContext","src/ui/include/sessioninfo.h",78,78,"
        // Optional stream context for special sources (e.g. COM sessions).
        QString streamContext;

        // Optional script binding context for tab-owned automation.
",""
"Property:src/ui/include/sessioninfo.h:OpenFile.scriptContext","scriptContext","src/ui/include/sessioninfo.h",81,81,"
        // Optional script binding context for tab-owned automation.
        QString scriptContext;
    };

",""
"Property:src/ui/include/sessioninfo.h:Window.id","id","src/ui/include/sessioninfo.h",91,91,"        }

        QString id;
        QByteArray geometry;
        std::vector<OpenFile> openFiles;
",""
"Property:src/ui/include/sessioninfo.h:Window.geometry","geometry","src/ui/include/sessioninfo.h",92,92,"
        QString id;
        QByteArray geometry;
        std::vector<OpenFile> openFiles;
    };
",""
"Property:src/ui/include/sessioninfo.h:Window.openFiles","openFiles","src/ui/include/sessioninfo.h",93,93,"        QString id;
        QByteArray geometry;
        std::vector<OpenFile> openFiles;
    };

",""
"Property:src/ui/include/sessioninfo.h:SessionInfo.windows_","windows_","src/ui/include/sessioninfo.h",187,187,"
  private:
    mutable std::vector<Window> windows_;
    QString globalScriptContext_;
};
",""
"Property:src/ui/include/sessioninfo.h:SessionInfo.globalScriptContext_","globalScriptContext_","src/ui/include/sessioninfo.h",188,188,"  private:
    mutable std::vector<Window> windows_;
    QString globalScriptContext_;
};

",""
"Property:src/ui/include/session.h:OpenFile.fileName","fileName","src/ui/include/session.h",110,110,"  private:
    struct OpenFile {
        QString fileName;
        std::shared_ptr<LogData> logData;
        std::shared_ptr<LogFilteredData> logFilteredData;
",""
"Property:src/ui/include/session.h:OpenFile.logData","logData","src/ui/include/session.h",111,111,"    struct OpenFile {
        QString fileName;
        std::shared_ptr<LogData> logData;
        std::shared_ptr<LogFilteredData> logFilteredData;
        ViewInterface* view;
",""
"Property:src/ui/include/session.h:OpenFile.logFilteredData","logFilteredData","src/ui/include/session.h",112,112,"        QString fileName;
        std::shared_ptr<LogData> logData;
        std::shared_ptr<LogFilteredData> logFilteredData;
        ViewInterface* view;
    };
",""
"Property:src/ui/include/session.h:OpenFile.view","view","src/ui/include/session.h",113,113,"        std::shared_ptr<LogData> logData;
        std::shared_ptr<LogFilteredData> logFilteredData;
        ViewInterface* view;
    };

",""
"Property:src/ui/include/session.h:Session.openFiles_","openFiles_","src/ui/include/session.h",127,127,"    // List of open files
    typedef std::unordered_map<const ViewInterface*, OpenFile> OpenFileMap;
    OpenFileMap openFiles_;

    // Global search history
",""
"Property:src/ui/include/session.h:Session.savedSearches_","savedSearches_","src/ui/include/session.h",130,130,"
    // Global search history
    SavedSearches* savedSearches_;

    // Global quickfind pattern
",""
"Property:src/ui/include/session.h:Session.quickFindPattern_","quickFindPattern_","src/ui/include/session.h",133,133,"
    // Global quickfind pattern
    std::shared_ptr<QuickFindPattern> quickFindPattern_;

    bool exitRequested_ = false;
",""
"Property:src/ui/include/session.h:Session.exitRequested_","exitRequested_","src/ui/include/session.h",135,135,"    std::shared_ptr<QuickFindPattern> quickFindPattern_;

    bool exitRequested_ = false;

    friend class WindowSession;
",""
"Property:src/ui/include/session.h:OpenedFileData.fileName","fileName","src/ui/include/session.h",141,141,"
struct OpenedFileData {
    QString fileName;
    ViewInterface* view = nullptr;
    QString streamContext;
",""
"Property:src/ui/include/session.h:OpenedFileData.view","view","src/ui/include/session.h",142,142,"struct OpenedFileData {
    QString fileName;
    ViewInterface* view = nullptr;
    QString streamContext;
    QString scriptContext;
",""
"Property:src/ui/include/session.h:OpenedFileData.streamContext","streamContext","src/ui/include/session.h",143,143,"    QString fileName;
    ViewInterface* view = nullptr;
    QString streamContext;
    QString scriptContext;
};
",""
"Property:src/ui/include/session.h:OpenedFileData.scriptContext","scriptContext","src/ui/include/session.h",144,144,"    ViewInterface* view = nullptr;
    QString streamContext;
    QString scriptContext;
};

",""
"Property:src/ui/include/session.h:WindowSession.appSession_","appSession_","src/ui/include/session.h",230,230,"
  private:
    std::shared_ptr<Session> appSession_;
    QString windowId_;
    size_t windowIndex_;
",""
"Property:src/ui/include/session.h:WindowSession.windowId_","windowId_","src/ui/include/session.h",231,231,"  private:
    std::shared_ptr<Session> appSession_;
    QString windowId_;
    size_t windowIndex_;

",""
"Property:src/ui/include/session.h:WindowSession.windowIndex_","windowIndex_","src/ui/include/session.h",232,232,"    std::shared_ptr<Session> appSession_;
    QString windowId_;
    size_t windowIndex_;

    std::vector<QString> openedFiles_;
",""
"Property:src/ui/include/session.h:WindowSession.openedFiles_","openedFiles_","src/ui/include/session.h",234,234,"    size_t windowIndex_;

    std::vector<QString> openedFiles_;
};

",""
"Property:src/ui/include/serialcaptureworker.h:SerialCaptureSettings.portName","portName","src/ui/include/serialcaptureworker.h",9,9,"
struct SerialCaptureSettings {
    QString portName;
    qint32 baudRate = 115200;
    QSerialPort::DataBits dataBits = QSerialPort::Data8;
",""
"Property:src/ui/include/serialcaptureworker.h:SerialCaptureSettings.baudRate","baudRate","src/ui/include/serialcaptureworker.h",10,10,"struct SerialCaptureSettings {
    QString portName;
    qint32 baudRate = 115200;
    QSerialPort::DataBits dataBits = QSerialPort::Data8;
    QSerialPort::Parity parity = QSerialPort::NoParity;
",""
"Property:src/ui/include/serialcaptureworker.h:SerialCaptureSettings.dataBits","dataBits","src/ui/include/serialcaptureworker.h",11,11,"    QString portName;
    qint32 baudRate = 115200;
    QSerialPort::DataBits dataBits = QSerialPort::Data8;
    QSerialPort::Parity parity = QSerialPort::NoParity;
    QSerialPort::StopBits stopBits = QSerialPort::OneStop;
",""
"Property:src/ui/include/serialcaptureworker.h:SerialCaptureSettings.parity","parity","src/ui/include/serialcaptureworker.h",12,12,"    qint32 baudRate = 115200;
    QSerialPort::DataBits dataBits = QSerialPort::Data8;
    QSerialPort::Parity parity = QSerialPort::NoParity;
    QSerialPort::StopBits stopBits = QSerialPort::OneStop;
    QSerialPort::FlowControl flowControl = QSerialPort::NoFlowControl;
",""
"Property:src/ui/include/serialcaptureworker.h:SerialCaptureSettings.stopBits","stopBits","src/ui/include/serialcaptureworker.h",13,13,"    QSerialPort::DataBits dataBits = QSerialPort::Data8;
    QSerialPort::Parity parity = QSerialPort::NoParity;
    QSerialPort::StopBits stopBits = QSerialPort::OneStop;
    QSerialPort::FlowControl flowControl = QSerialPort::NoFlowControl;
    QString filePath;
",""
"Property:src/ui/include/serialcaptureworker.h:SerialCaptureSettings.flowControl","flowControl","src/ui/include/serialcaptureworker.h",14,14,"    QSerialPort::Parity parity = QSerialPort::NoParity;
    QSerialPort::StopBits stopBits = QSerialPort::OneStop;
    QSerialPort::FlowControl flowControl = QSerialPort::NoFlowControl;
    QString filePath;
    bool addTimestamps = false;
",""
"Property:src/ui/include/serialcaptureworker.h:SerialCaptureSettings.filePath","filePath","src/ui/include/serialcaptureworker.h",15,15,"    QSerialPort::StopBits stopBits = QSerialPort::OneStop;
    QSerialPort::FlowControl flowControl = QSerialPort::NoFlowControl;
    QString filePath;
    bool addTimestamps = false;
    QString timestampFormat = QStringLiteral( ""dd/MM/yyyy HH:mm:ss.zzz"" );
",""
"Property:src/ui/include/serialcaptureworker.h:SerialCaptureSettings.addTimestamps","addTimestamps","src/ui/include/serialcaptureworker.h",16,16,"    QSerialPort::FlowControl flowControl = QSerialPort::NoFlowControl;
    QString filePath;
    bool addTimestamps = false;
    QString timestampFormat = QStringLiteral( ""dd/MM/yyyy HH:mm:ss.zzz"" );
    bool logTransmits = false;
",""
"Property:src/ui/include/serialcaptureworker.h:SerialCaptureSettings.timestampFormat","timestampFormat","src/ui/include/serialcaptureworker.h",17,17,"    QString filePath;
    bool addTimestamps = false;
    QString timestampFormat = QStringLiteral( ""dd/MM/yyyy HH:mm:ss.zzz"" );
    bool logTransmits = false;
    bool useForActions = false;
",""
"Property:src/ui/include/serialcaptureworker.h:SerialCaptureSettings.logTransmits","logTransmits","src/ui/include/serialcaptureworker.h",18,18,"    bool addTimestamps = false;
    QString timestampFormat = QStringLiteral( ""dd/MM/yyyy HH:mm:ss.zzz"" );
    bool logTransmits = false;
    bool useForActions = false;
};
",""
"Property:src/ui/include/serialcaptureworker.h:SerialCaptureSettings.useForActions","useForActions","src/ui/include/serialcaptureworker.h",19,19,"    QString timestampFormat = QStringLiteral( ""dd/MM/yyyy HH:mm:ss.zzz"" );
    bool logTransmits = false;
    bool useForActions = false;
};

",""
"Property:src/ui/include/serialcaptureworker.h:SerialCaptureWorker.public","public","src/ui/include/serialcaptureworker.h",26,29,"
class SerialCaptureWorker : public QObject {
    Q_OBJECT

  public:
    explicit SerialCaptureWorker( SerialCaptureSettings settings, QObject* parent = nullptr );
    bool switchCaptureFile( const QString& filePath, QString* errorMessage = nullptr );
",""
"Property:src/ui/include/serialcaptureworker.h:SerialCaptureWorker.settings_","settings_","src/ui/include/serialcaptureworker.h",50,50,"
  private:
    SerialCaptureSettings settings_;
    QSerialPort* port_ = nullptr;
    QFile file_;
",""
"Property:src/ui/include/serialcaptureworker.h:SerialCaptureWorker.port_","port_","src/ui/include/serialcaptureworker.h",51,51,"  private:
    SerialCaptureSettings settings_;
    QSerialPort* port_ = nullptr;
    QFile file_;
    int flushCounter_ = 0;
",""
"Property:src/ui/include/serialcaptureworker.h:SerialCaptureWorker.file_","file_","src/ui/include/serialcaptureworker.h",52,52,"    SerialCaptureSettings settings_;
    QSerialPort* port_ = nullptr;
    QFile file_;
    int flushCounter_ = 0;
    bool stopping_ = false;
",""
"Property:src/ui/include/serialcaptureworker.h:SerialCaptureWorker.flushCounter_","flushCounter_","src/ui/include/serialcaptureworker.h",53,53,"    QSerialPort* port_ = nullptr;
    QFile file_;
    int flushCounter_ = 0;
    bool stopping_ = false;
    bool atLineStart_ = true;
",""
"Property:src/ui/include/serialcaptureworker.h:SerialCaptureWorker.stopping_","stopping_","src/ui/include/serialcaptureworker.h",54,54,"    QFile file_;
    int flushCounter_ = 0;
    bool stopping_ = false;
    bool atLineStart_ = true;
    bool loggingEnabled_ = true;
",""
"Property:src/ui/include/serialcaptureworker.h:SerialCaptureWorker.atLineStart_","atLineStart_","src/ui/include/serialcaptureworker.h",55,55,"    int flushCounter_ = 0;
    bool stopping_ = false;
    bool atLineStart_ = true;
    bool loggingEnabled_ = true;
};
",""
"Property:src/ui/include/serialcaptureworker.h:SerialCaptureWorker.loggingEnabled_","loggingEnabled_","src/ui/include/serialcaptureworker.h",56,56,"    bool stopping_ = false;
    bool atLineStart_ = true;
    bool loggingEnabled_ = true;
};
",""
"Property:src/ui/include/selection.h:Portion.line_","line_","src/ui/include/selection.h",70,70,"
  private:
    OptionalLineNumber line_;
    LineColumn startColumn_;
    LineColumn endColumn_;
",""
"Property:src/ui/include/selection.h:Portion.startColumn_","startColumn_","src/ui/include/selection.h",71,71,"  private:
    OptionalLineNumber line_;
    LineColumn startColumn_;
    LineColumn endColumn_;
};
",""
"Property:src/ui/include/selection.h:Portion.endColumn_","endColumn_","src/ui/include/selection.h",72,72,"    OptionalLineNumber line_;
    LineColumn startColumn_;
    LineColumn endColumn_;
};

",""
"Property:src/ui/include/selection.h:Selection.selectedLine_","selectedLine_","src/ui/include/selection.h",169,169,"  private:
    // Line number currently selected, or -1 if none selected
    OptionalLineNumber selectedLine_;

    struct SelectedPartial {
",""
"Property:src/ui/include/selection.h:SelectedPartial.line","line","src/ui/include/selection.h",172,172,"
    struct SelectedPartial {
        OptionalLineNumber line;
        LineColumn startColumn;
        LineColumn endColumn;
",""
"Property:src/ui/include/selection.h:SelectedPartial.startColumn","startColumn","src/ui/include/selection.h",173,173,"    struct SelectedPartial {
        OptionalLineNumber line;
        LineColumn startColumn;
        LineColumn endColumn;

",""
"Property:src/ui/include/selection.h:SelectedPartial.endColumn","endColumn","src/ui/include/selection.h",174,174,"        OptionalLineNumber line;
        LineColumn startColumn;
        LineColumn endColumn;

        LineLength size() const
",""
"Property:src/ui/include/selection.h:SelectedRange.startLine","startLine","src/ui/include/selection.h",183,183,"    struct SelectedRange {
        // The limits of the range, sorted
        OptionalLineNumber startLine;
        LineNumber endLine;
        // The line selected first, used for shift+click
",""
"Property:src/ui/include/selection.h:SelectedRange.endLine","endLine","src/ui/include/selection.h",184,184,"        // The limits of the range, sorted
        OptionalLineNumber startLine;
        LineNumber endLine;
        // The line selected first, used for shift+click
        LineNumber firstLine;
",""
"Property:src/ui/include/selection.h:SelectedRange.firstLine","firstLine","src/ui/include/selection.h",186,186,"        LineNumber endLine;
        // The line selected first, used for shift+click
        LineNumber firstLine;

        LinesCount size() const
",""
"Property:src/ui/include/selection.h:Selection.selectedPartial_","selectedPartial_","src/ui/include/selection.h",193,193,"        }
    };
    struct SelectedPartial selectedPartial_;
    struct SelectedRange selectedRange_;
};
",""
"Property:src/ui/include/selection.h:Selection.selectedRange_","selectedRange_","src/ui/include/selection.h",194,194,"    };
    struct SelectedPartial selectedPartial_;
    struct SelectedRange selectedRange_;
};

",""
"Property:src/ui/include/scriptsupervisor.h:ScriptSupervisor.public","public","src/ui/include/scriptsupervisor.h",31,34,"
class ScriptSupervisor : public QObject {
    Q_OBJECT

  public:
    explicit ScriptSupervisor( QObject* parent = nullptr );
    ~ScriptSupervisor() override;

",""
"Property:src/ui/include/scriptsupervisor.h:ScriptSubscription.tabId","tabId","src/ui/include/scriptsupervisor.h",67,67,"  private:
    struct ScriptSubscription {
        QString tabId;
        int windowIndex = -1;
        int tabIndex = -1;
",""
"Property:src/ui/include/scriptsupervisor.h:ScriptSubscription.windowIndex","windowIndex","src/ui/include/scriptsupervisor.h",68,68,"    struct ScriptSubscription {
        QString tabId;
        int windowIndex = -1;
        int tabIndex = -1;
        QString windowId;
",""
"Property:src/ui/include/scriptsupervisor.h:ScriptSubscription.tabIndex","tabIndex","src/ui/include/scriptsupervisor.h",69,69,"        QString tabId;
        int windowIndex = -1;
        int tabIndex = -1;
        QString windowId;
        QString filePath;
",""
"Property:src/ui/include/scriptsupervisor.h:ScriptSubscription.windowId","windowId","src/ui/include/scriptsupervisor.h",70,70,"        int windowIndex = -1;
        int tabIndex = -1;
        QString windowId;
        QString filePath;
        QString displayName;
",""
"Property:src/ui/include/scriptsupervisor.h:ScriptSubscription.filePath","filePath","src/ui/include/scriptsupervisor.h",71,71,"        int tabIndex = -1;
        QString windowId;
        QString filePath;
        QString displayName;
        QString portName;
",""
"Property:src/ui/include/scriptsupervisor.h:ScriptSubscription.displayName","displayName","src/ui/include/scriptsupervisor.h",72,72,"        QString windowId;
        QString filePath;
        QString displayName;
        QString portName;
        QString eventType;
",""
"Property:src/ui/include/scriptsupervisor.h:ScriptSubscription.portName","portName","src/ui/include/scriptsupervisor.h",73,73,"        QString filePath;
        QString displayName;
        QString portName;
        QString eventType;
        QString sourceType;
",""
"Property:src/ui/include/scriptsupervisor.h:ScriptSubscription.eventType","eventType","src/ui/include/scriptsupervisor.h",74,74,"        QString displayName;
        QString portName;
        QString eventType;
        QString sourceType;
        std::optional<int> responseId;
",""
"Property:src/ui/include/scriptsupervisor.h:ScriptSubscription.sourceType","sourceType","src/ui/include/scriptsupervisor.h",75,75,"        QString portName;
        QString eventType;
        QString sourceType;
        std::optional<int> responseId;
        QString responseName;
",""
"Property:src/ui/include/scriptsupervisor.h:ScriptSubscription.responseId","responseId","src/ui/include/scriptsupervisor.h",76,76,"        QString eventType;
        QString sourceType;
        std::optional<int> responseId;
        QString responseName;
        std::optional<int> actionId;
",""
"Property:src/ui/include/scriptsupervisor.h:ScriptSubscription.responseName","responseName","src/ui/include/scriptsupervisor.h",77,77,"        QString sourceType;
        std::optional<int> responseId;
        QString responseName;
        std::optional<int> actionId;
        QString actionName;
",""
"Property:src/ui/include/scriptsupervisor.h:ScriptSubscription.actionId","actionId","src/ui/include/scriptsupervisor.h",78,78,"        std::optional<int> responseId;
        QString responseName;
        std::optional<int> actionId;
        QString actionName;
    };
",""
"Property:src/ui/include/scriptsupervisor.h:ScriptSubscription.actionName","actionName","src/ui/include/scriptsupervisor.h",79,79,"        QString responseName;
        std::optional<int> actionId;
        QString actionName;
    };

",""
"Property:src/ui/include/scriptsupervisor.h:ScriptSupervisor.commanderExecutor_","commanderExecutor_","src/ui/include/scriptsupervisor.h",123,123,"                                   const ScriptSubscription& subscription ) const;

    std::function<CommanderResult( const CommanderRequest& )> commanderExecutor_;
    std::vector<std::unique_ptr<ScriptRun>> runs_;
};
",""
"Property:src/ui/include/scriptsupervisor.h:ScriptSupervisor.runs_","runs_","src/ui/include/scriptsupervisor.h",124,124,"
    std::function<CommanderResult( const CommanderRequest& )> commanderExecutor_;
    std::vector<std::unique_ptr<ScriptRun>> runs_;
};

",""
"Property:src/ui/include/scriptrunnerwindow.h:ScriptRunnerWindow.public","public","src/ui/include/scriptrunnerwindow.h",13,16,"
class ScriptRunnerWindow : public QWidget {
    Q_OBJECT

  public:
    explicit ScriptRunnerWindow( ScriptSupervisor* supervisor, QWidget* parent = nullptr );

    void setScriptPath( const QString& path );
",""
"Property:src/ui/include/scriptrunnerwindow.h:ScriptRunnerWindow.supervisor_","supervisor_","src/ui/include/scriptrunnerwindow.h",34,34,"
  private:
    ScriptSupervisor* supervisor_;
    QLineEdit* scriptPathEdit_;
    QLineEdit* argsJsonPathEdit_;
",""
"Property:src/ui/include/scriptrunnerwindow.h:ScriptRunnerWindow.scriptPathEdit_","scriptPathEdit_","src/ui/include/scriptrunnerwindow.h",35,35,"  private:
    ScriptSupervisor* supervisor_;
    QLineEdit* scriptPathEdit_;
    QLineEdit* argsJsonPathEdit_;
    QListWidget* runsList_;
",""
"Property:src/ui/include/scriptrunnerwindow.h:ScriptRunnerWindow.argsJsonPathEdit_","argsJsonPathEdit_","src/ui/include/scriptrunnerwindow.h",36,36,"    ScriptSupervisor* supervisor_;
    QLineEdit* scriptPathEdit_;
    QLineEdit* argsJsonPathEdit_;
    QListWidget* runsList_;
    QLabel* globalStatusLabel_;
",""
"Property:src/ui/include/scriptrunnerwindow.h:ScriptRunnerWindow.runsList_","runsList_","src/ui/include/scriptrunnerwindow.h",37,37,"    QLineEdit* scriptPathEdit_;
    QLineEdit* argsJsonPathEdit_;
    QListWidget* runsList_;
    QLabel* globalStatusLabel_;
    QLabel* globalSummaryLabel_;
",""
"Property:src/ui/include/scriptrunnerwindow.h:ScriptRunnerWindow.globalStatusLabel_","globalStatusLabel_","src/ui/include/scriptrunnerwindow.h",38,38,"    QLineEdit* argsJsonPathEdit_;
    QListWidget* runsList_;
    QLabel* globalStatusLabel_;
    QLabel* globalSummaryLabel_;
    QLabel* globalSubscriptionsLabel_;
",""
"Property:src/ui/include/scriptrunnerwindow.h:ScriptRunnerWindow.globalSummaryLabel_","globalSummaryLabel_","src/ui/include/scriptrunnerwindow.h",39,39,"    QListWidget* runsList_;
    QLabel* globalStatusLabel_;
    QLabel* globalSummaryLabel_;
    QLabel* globalSubscriptionsLabel_;
    QPlainTextEdit* globalOutputEdit_;
",""
"Property:src/ui/include/scriptrunnerwindow.h:ScriptRunnerWindow.globalSubscriptionsLabel_","globalSubscriptionsLabel_","src/ui/include/scriptrunnerwindow.h",40,40,"    QLabel* globalStatusLabel_;
    QLabel* globalSummaryLabel_;
    QLabel* globalSubscriptionsLabel_;
    QPlainTextEdit* globalOutputEdit_;
    QLabel* statusLabel_;
",""
"Property:src/ui/include/scriptrunnerwindow.h:ScriptRunnerWindow.globalOutputEdit_","globalOutputEdit_","src/ui/include/scriptrunnerwindow.h",41,41,"    QLabel* globalSummaryLabel_;
    QLabel* globalSubscriptionsLabel_;
    QPlainTextEdit* globalOutputEdit_;
    QLabel* statusLabel_;
    QLabel* summaryLabel_;
",""
"Property:src/ui/include/scriptrunnerwindow.h:ScriptRunnerWindow.statusLabel_","statusLabel_","src/ui/include/scriptrunnerwindow.h",42,42,"    QLabel* globalSubscriptionsLabel_;
    QPlainTextEdit* globalOutputEdit_;
    QLabel* statusLabel_;
    QLabel* summaryLabel_;
    QLabel* subscriptionsLabel_;
",""
"Property:src/ui/include/scriptrunnerwindow.h:ScriptRunnerWindow.summaryLabel_","summaryLabel_","src/ui/include/scriptrunnerwindow.h",43,43,"    QPlainTextEdit* globalOutputEdit_;
    QLabel* statusLabel_;
    QLabel* summaryLabel_;
    QLabel* subscriptionsLabel_;
    QPlainTextEdit* outputEdit_;
",""
"Property:src/ui/include/scriptrunnerwindow.h:ScriptRunnerWindow.subscriptionsLabel_","subscriptionsLabel_","src/ui/include/scriptrunnerwindow.h",44,44,"    QLabel* statusLabel_;
    QLabel* summaryLabel_;
    QLabel* subscriptionsLabel_;
    QPlainTextEdit* outputEdit_;
    QPushButton* runButton_;
",""
"Property:src/ui/include/scriptrunnerwindow.h:ScriptRunnerWindow.outputEdit_","outputEdit_","src/ui/include/scriptrunnerwindow.h",45,45,"    QLabel* summaryLabel_;
    QLabel* subscriptionsLabel_;
    QPlainTextEdit* outputEdit_;
    QPushButton* runButton_;
    QPushButton* runGlobalButton_;
",""
"Property:src/ui/include/scriptrunnerwindow.h:ScriptRunnerWindow.runButton_","runButton_","src/ui/include/scriptrunnerwindow.h",46,46,"    QLabel* subscriptionsLabel_;
    QPlainTextEdit* outputEdit_;
    QPushButton* runButton_;
    QPushButton* runGlobalButton_;
    QPushButton* rerunGlobalButton_;
",""
"Property:src/ui/include/scriptrunnerwindow.h:ScriptRunnerWindow.runGlobalButton_","runGlobalButton_","src/ui/include/scriptrunnerwindow.h",47,47,"    QPlainTextEdit* outputEdit_;
    QPushButton* runButton_;
    QPushButton* runGlobalButton_;
    QPushButton* rerunGlobalButton_;
    QPushButton* stopGlobalButton_;
",""
"Property:src/ui/include/scriptrunnerwindow.h:ScriptRunnerWindow.rerunGlobalButton_","rerunGlobalButton_","src/ui/include/scriptrunnerwindow.h",48,48,"    QPushButton* runButton_;
    QPushButton* runGlobalButton_;
    QPushButton* rerunGlobalButton_;
    QPushButton* stopGlobalButton_;
    QPushButton* rerunButton_;
",""
"Property:src/ui/include/scriptrunnerwindow.h:ScriptRunnerWindow.stopGlobalButton_","stopGlobalButton_","src/ui/include/scriptrunnerwindow.h",49,49,"    QPushButton* runGlobalButton_;
    QPushButton* rerunGlobalButton_;
    QPushButton* stopGlobalButton_;
    QPushButton* rerunButton_;
    QPushButton* stopButton_;
",""
"Property:src/ui/include/scriptrunnerwindow.h:ScriptRunnerWindow.rerunButton_","rerunButton_","src/ui/include/scriptrunnerwindow.h",50,50,"    QPushButton* rerunGlobalButton_;
    QPushButton* stopGlobalButton_;
    QPushButton* rerunButton_;
    QPushButton* stopButton_;
    QString selectedTabId_;
",""
"Property:src/ui/include/scriptrunnerwindow.h:ScriptRunnerWindow.stopButton_","stopButton_","src/ui/include/scriptrunnerwindow.h",51,51,"    QPushButton* stopGlobalButton_;
    QPushButton* rerunButton_;
    QPushButton* stopButton_;
    QString selectedTabId_;
};
",""
"Property:src/ui/include/scriptrunnerwindow.h:ScriptRunnerWindow.selectedTabId_","selectedTabId_","src/ui/include/scriptrunnerwindow.h",52,52,"    QPushButton* rerunButton_;
    QPushButton* stopButton_;
    QString selectedTabId_;
};
",""
"Property:src/ui/include/scratchpad.h:ScratchPad.public","public","src/ui/include/scratchpad.h",36,38,"
class ScratchPad : public QWidget {
    Q_OBJECT
  public:
    explicit ScratchPad( QWidget* parent = nullptr );
    bool hasContent() const;

",""
"Property:src/ui/include/scratchpad.h:ScratchPad.textEdit_","textEdit_","src/ui/include/scratchpad.h",76,76,"
  private:
    QPlainTextEdit* textEdit_;
    QStatusBar* statusBar_;

",""
"Property:src/ui/include/scratchpad.h:ScratchPad.statusBar_","statusBar_","src/ui/include/scratchpad.h",77,77,"  private:
    QPlainTextEdit* textEdit_;
    QStatusBar* statusBar_;

    QLineEdit* crc32HexBox_;
",""
"Property:src/ui/include/scratchpad.h:ScratchPad.crc32HexBox_","crc32HexBox_","src/ui/include/scratchpad.h",79,79,"    QStatusBar* statusBar_;

    QLineEdit* crc32HexBox_;
    QLineEdit* crc32DecBox_;
    QLineEdit* fileTimeBox_;
",""
"Property:src/ui/include/scratchpad.h:ScratchPad.crc32DecBox_","crc32DecBox_","src/ui/include/scratchpad.h",80,80,"
    QLineEdit* crc32HexBox_;
    QLineEdit* crc32DecBox_;
    QLineEdit* fileTimeBox_;
    QLineEdit* decToHexBox_;
",""
"Property:src/ui/include/scratchpad.h:ScratchPad.fileTimeBox_","fileTimeBox_","src/ui/include/scratchpad.h",81,81,"    QLineEdit* crc32HexBox_;
    QLineEdit* crc32DecBox_;
    QLineEdit* fileTimeBox_;
    QLineEdit* decToHexBox_;
    QLineEdit* hexToDecBox_;
",""
"Property:src/ui/include/scratchpad.h:ScratchPad.decToHexBox_","decToHexBox_","src/ui/include/scratchpad.h",82,82,"    QLineEdit* crc32DecBox_;
    QLineEdit* fileTimeBox_;
    QLineEdit* decToHexBox_;
    QLineEdit* hexToDecBox_;
    klogg::DateTimeBox* timeBox_;
",""
"Property:src/ui/include/scratchpad.h:ScratchPad.hexToDecBox_","hexToDecBox_","src/ui/include/scratchpad.h",83,83,"    QLineEdit* fileTimeBox_;
    QLineEdit* decToHexBox_;
    QLineEdit* hexToDecBox_;
    klogg::DateTimeBox* timeBox_;
};
",""
"Property:src/ui/include/scratchpad.h:ScratchPad.timeBox_","timeBox_","src/ui/include/scratchpad.h",84,84,"    QLineEdit* decToHexBox_;
    QLineEdit* hexToDecBox_;
    klogg::DateTimeBox* timeBox_;
};

",""
"Property:src/ui/include/scenariorunnerwindow.h:ScenarioRunnerWindow.public","public","src/ui/include/scenariorunnerwindow.h",14,17,"
class ScenarioRunnerWindow : public QWidget {
    Q_OBJECT

  public:
    explicit ScenarioRunnerWindow( ScenarioRunner* runner, QWidget* parent = nullptr );

  private Q_SLOTS:
",""
"Property:src/ui/include/scenariorunnerwindow.h:ScenarioRunnerWindow.runner_","runner_","src/ui/include/scenariorunnerwindow.h",50,50,"    bool saveSuiteFile( const QString& path );

    ScenarioRunner* runner_;
    QLineEdit* scenarioFileEdit_;
    QLineEdit* scenarioArgsEdit_;
",""
"Property:src/ui/include/scenariorunnerwindow.h:ScenarioRunnerWindow.scenarioFileEdit_","scenarioFileEdit_","src/ui/include/scenariorunnerwindow.h",51,51,"
    ScenarioRunner* runner_;
    QLineEdit* scenarioFileEdit_;
    QLineEdit* scenarioArgsEdit_;
    QLineEdit* suiteFileEdit_;
",""
"Property:src/ui/include/scenariorunnerwindow.h:ScenarioRunnerWindow.scenarioArgsEdit_","scenarioArgsEdit_","src/ui/include/scenariorunnerwindow.h",52,52,"    ScenarioRunner* runner_;
    QLineEdit* scenarioFileEdit_;
    QLineEdit* scenarioArgsEdit_;
    QLineEdit* suiteFileEdit_;
    QListWidget* suiteScenariosList_;
",""
"Property:src/ui/include/scenariorunnerwindow.h:ScenarioRunnerWindow.suiteFileEdit_","suiteFileEdit_","src/ui/include/scenariorunnerwindow.h",53,53,"    QLineEdit* scenarioFileEdit_;
    QLineEdit* scenarioArgsEdit_;
    QLineEdit* suiteFileEdit_;
    QListWidget* suiteScenariosList_;
    QLabel* selectedScenarioLabel_;
",""
"Property:src/ui/include/scenariorunnerwindow.h:ScenarioRunnerWindow.suiteScenariosList_","suiteScenariosList_","src/ui/include/scenariorunnerwindow.h",54,54,"    QLineEdit* scenarioArgsEdit_;
    QLineEdit* suiteFileEdit_;
    QListWidget* suiteScenariosList_;
    QLabel* selectedScenarioLabel_;
    QLabel* statusLabel_;
",""
"Property:src/ui/include/scenariorunnerwindow.h:ScenarioRunnerWindow.selectedScenarioLabel_","selectedScenarioLabel_","src/ui/include/scenariorunnerwindow.h",55,55,"    QLineEdit* suiteFileEdit_;
    QListWidget* suiteScenariosList_;
    QLabel* selectedScenarioLabel_;
    QLabel* statusLabel_;
    QLabel* summaryLabel_;
",""
"Property:src/ui/include/scenariorunnerwindow.h:ScenarioRunnerWindow.statusLabel_","statusLabel_","src/ui/include/scenariorunnerwindow.h",56,56,"    QListWidget* suiteScenariosList_;
    QLabel* selectedScenarioLabel_;
    QLabel* statusLabel_;
    QLabel* summaryLabel_;
    QLabel* reportLabel_;
",""
"Property:src/ui/include/scenariorunnerwindow.h:ScenarioRunnerWindow.summaryLabel_","summaryLabel_","src/ui/include/scenariorunnerwindow.h",57,57,"    QLabel* selectedScenarioLabel_;
    QLabel* statusLabel_;
    QLabel* summaryLabel_;
    QLabel* reportLabel_;
    QPlainTextEdit* outputEdit_;
",""
"Property:src/ui/include/scenariorunnerwindow.h:ScenarioRunnerWindow.reportLabel_","reportLabel_","src/ui/include/scenariorunnerwindow.h",58,58,"    QLabel* statusLabel_;
    QLabel* summaryLabel_;
    QLabel* reportLabel_;
    QPlainTextEdit* outputEdit_;
    QPushButton* runScenarioButton_;
",""
"Property:src/ui/include/scenariorunnerwindow.h:ScenarioRunnerWindow.outputEdit_","outputEdit_","src/ui/include/scenariorunnerwindow.h",59,59,"    QLabel* summaryLabel_;
    QLabel* reportLabel_;
    QPlainTextEdit* outputEdit_;
    QPushButton* runScenarioButton_;
    QPushButton* runSuiteButton_;
",""
"Property:src/ui/include/scenariorunnerwindow.h:ScenarioRunnerWindow.runScenarioButton_","runScenarioButton_","src/ui/include/scenariorunnerwindow.h",60,60,"    QLabel* reportLabel_;
    QPlainTextEdit* outputEdit_;
    QPushButton* runScenarioButton_;
    QPushButton* runSuiteButton_;
    QPushButton* stopButton_;
",""
"Property:src/ui/include/scenariorunnerwindow.h:ScenarioRunnerWindow.runSuiteButton_","runSuiteButton_","src/ui/include/scenariorunnerwindow.h",61,61,"    QPlainTextEdit* outputEdit_;
    QPushButton* runScenarioButton_;
    QPushButton* runSuiteButton_;
    QPushButton* stopButton_;
    QPushButton* openJsonButton_;
",""
"Property:src/ui/include/scenariorunnerwindow.h:ScenarioRunnerWindow.stopButton_","stopButton_","src/ui/include/scenariorunnerwindow.h",62,62,"    QPushButton* runScenarioButton_;
    QPushButton* runSuiteButton_;
    QPushButton* stopButton_;
    QPushButton* openJsonButton_;
    QPushButton* openJunitButton_;
",""
"Property:src/ui/include/scenariorunnerwindow.h:ScenarioRunnerWindow.openJsonButton_","openJsonButton_","src/ui/include/scenariorunnerwindow.h",63,63,"    QPushButton* runSuiteButton_;
    QPushButton* stopButton_;
    QPushButton* openJsonButton_;
    QPushButton* openJunitButton_;
};
",""
"Property:src/ui/include/scenariorunnerwindow.h:ScenarioRunnerWindow.openJunitButton_","openJunitButton_","src/ui/include/scenariorunnerwindow.h",64,64,"    QPushButton* stopButton_;
    QPushButton* openJsonButton_;
    QPushButton* openJunitButton_;
};
",""
"Property:src/ui/include/scenariorunner.h:ScenarioRunner.public","public","src/ui/include/scenariorunner.h",26,29,"
class ScenarioRunner : public QObject {
    Q_OBJECT

  public:
    explicit ScenarioRunner( QObject* parent = nullptr );
    ~ScenarioRunner() override;

",""
"Property:src/ui/include/scenariorunner.h:Subscription.tabId","tabId","src/ui/include/scenariorunner.h",49,49,"  private:
    struct Subscription {
        QString tabId;
        int windowIndex = -1;
        int tabIndex = -1;
",""
"Property:src/ui/include/scenariorunner.h:Subscription.windowIndex","windowIndex","src/ui/include/scenariorunner.h",50,50,"    struct Subscription {
        QString tabId;
        int windowIndex = -1;
        int tabIndex = -1;
        QString windowId;
",""
"Property:src/ui/include/scenariorunner.h:Subscription.tabIndex","tabIndex","src/ui/include/scenariorunner.h",51,51,"        QString tabId;
        int windowIndex = -1;
        int tabIndex = -1;
        QString windowId;
        QString filePath;
",""
"Property:src/ui/include/scenariorunner.h:Subscription.windowId","windowId","src/ui/include/scenariorunner.h",52,52,"        int windowIndex = -1;
        int tabIndex = -1;
        QString windowId;
        QString filePath;
        QString displayName;
",""
"Property:src/ui/include/scenariorunner.h:Subscription.filePath","filePath","src/ui/include/scenariorunner.h",53,53,"        int tabIndex = -1;
        QString windowId;
        QString filePath;
        QString displayName;
        QString portName;
",""
"Property:src/ui/include/scenariorunner.h:Subscription.displayName","displayName","src/ui/include/scenariorunner.h",54,54,"        QString windowId;
        QString filePath;
        QString displayName;
        QString portName;
        QString eventType;
",""
"Property:src/ui/include/scenariorunner.h:Subscription.portName","portName","src/ui/include/scenariorunner.h",55,55,"        QString filePath;
        QString displayName;
        QString portName;
        QString eventType;
        QString sourceType;
",""
"Property:src/ui/include/scenariorunner.h:Subscription.eventType","eventType","src/ui/include/scenariorunner.h",56,56,"        QString displayName;
        QString portName;
        QString eventType;
        QString sourceType;
        std::optional<int> responseId;
",""
"Property:src/ui/include/scenariorunner.h:Subscription.sourceType","sourceType","src/ui/include/scenariorunner.h",57,57,"        QString portName;
        QString eventType;
        QString sourceType;
        std::optional<int> responseId;
        QString responseName;
",""
"Property:src/ui/include/scenariorunner.h:Subscription.responseId","responseId","src/ui/include/scenariorunner.h",58,58,"        QString eventType;
        QString sourceType;
        std::optional<int> responseId;
        QString responseName;
        std::optional<int> actionId;
",""
"Property:src/ui/include/scenariorunner.h:Subscription.responseName","responseName","src/ui/include/scenariorunner.h",59,59,"        QString sourceType;
        std::optional<int> responseId;
        QString responseName;
        std::optional<int> actionId;
        QString actionName;
",""
"Property:src/ui/include/scenariorunner.h:Subscription.actionId","actionId","src/ui/include/scenariorunner.h",60,60,"        std::optional<int> responseId;
        QString responseName;
        std::optional<int> actionId;
        QString actionName;
    };
",""
"Property:src/ui/include/scenariorunner.h:Subscription.actionName","actionName","src/ui/include/scenariorunner.h",61,61,"        QString responseName;
        std::optional<int> actionId;
        QString actionName;
    };

",""
"Property:src/ui/include/scenariorunner.h:ScenarioRunner.commanderExecutor_","commanderExecutor_","src/ui/include/scenariorunner.h",89,89,"    QVariantMap buildSyntheticReport() const;

    std::function<CommanderResult( const CommanderRequest& )> commanderExecutor_;

    QProcess process_;
",""
"Property:src/ui/include/scenariorunner.h:ScenarioRunner.process_","process_","src/ui/include/scenariorunner.h",91,91,"    std::function<CommanderResult( const CommanderRequest& )> commanderExecutor_;

    QProcess process_;
    QTcpServer* server_ = nullptr;
    QTcpSocket* socket_ = nullptr;
",""
"Property:src/ui/include/scenariorunner.h:ScenarioRunner.server_","server_","src/ui/include/scenariorunner.h",92,92,"
    QProcess process_;
    QTcpServer* server_ = nullptr;
    QTcpSocket* socket_ = nullptr;
    QByteArray socketBuffer_;
",""
"Property:src/ui/include/scenariorunner.h:ScenarioRunner.socket_","socket_","src/ui/include/scenariorunner.h",93,93,"    QProcess process_;
    QTcpServer* server_ = nullptr;
    QTcpSocket* socket_ = nullptr;
    QByteArray socketBuffer_;
    QString authToken_;
",""
"Property:src/ui/include/scenariorunner.h:ScenarioRunner.socketBuffer_","socketBuffer_","src/ui/include/scenariorunner.h",94,94,"    QTcpServer* server_ = nullptr;
    QTcpSocket* socket_ = nullptr;
    QByteArray socketBuffer_;
    QString authToken_;
    QStringList outputTail_;
",""
"Property:src/ui/include/scenariorunner.h:ScenarioRunner.authToken_","authToken_","src/ui/include/scenariorunner.h",95,95,"    QTcpSocket* socket_ = nullptr;
    QByteArray socketBuffer_;
    QString authToken_;
    QStringList outputTail_;
    QString pendingStdout_;
",""
"Property:src/ui/include/scenariorunner.h:ScenarioRunner.outputTail_","outputTail_","src/ui/include/scenariorunner.h",96,96,"    QByteArray socketBuffer_;
    QString authToken_;
    QStringList outputTail_;
    QString pendingStdout_;
    QString pendingStderr_;
",""
"Property:src/ui/include/scenariorunner.h:ScenarioRunner.pendingStdout_","pendingStdout_","src/ui/include/scenariorunner.h",97,97,"    QString authToken_;
    QStringList outputTail_;
    QString pendingStdout_;
    QString pendingStderr_;

",""
"Property:src/ui/include/scenariorunner.h:ScenarioRunner.pendingStderr_","pendingStderr_","src/ui/include/scenariorunner.h",98,98,"    QStringList outputTail_;
    QString pendingStdout_;
    QString pendingStderr_;

    ScenarioRunState state_ = ScenarioRunState::Idle;
",""
"Property:src/ui/include/scenariorunner.h:ScenarioRunner.state_","state_","src/ui/include/scenariorunner.h",100,100,"    QString pendingStderr_;

    ScenarioRunState state_ = ScenarioRunState::Idle;
    bool stopRequested_ = false;
    bool hasRun_ = false;
",""
"Property:src/ui/include/scenariorunner.h:ScenarioRunner.stopRequested_","stopRequested_","src/ui/include/scenariorunner.h",101,101,"
    ScenarioRunState state_ = ScenarioRunState::Idle;
    bool stopRequested_ = false;
    bool hasRun_ = false;
    int exitCode_ = 0;
",""
"Property:src/ui/include/scenariorunner.h:ScenarioRunner.hasRun_","hasRun_","src/ui/include/scenariorunner.h",102,102,"    ScenarioRunState state_ = ScenarioRunState::Idle;
    bool stopRequested_ = false;
    bool hasRun_ = false;
    int exitCode_ = 0;
    int droppedEvents_ = 0;
",""
"Property:src/ui/include/scenariorunner.h:ScenarioRunner.exitCode_","exitCode_","src/ui/include/scenariorunner.h",103,103,"    bool stopRequested_ = false;
    bool hasRun_ = false;
    int exitCode_ = 0;
    int droppedEvents_ = 0;
    QString lastError_;
",""
"Property:src/ui/include/scenariorunner.h:ScenarioRunner.droppedEvents_","droppedEvents_","src/ui/include/scenariorunner.h",104,104,"    bool hasRun_ = false;
    int exitCode_ = 0;
    int droppedEvents_ = 0;
    QString lastError_;
    QString lastCallbackError_;
",""
"Property:src/ui/include/scenariorunner.h:ScenarioRunner.lastError_","lastError_","src/ui/include/scenariorunner.h",105,105,"    int exitCode_ = 0;
    int droppedEvents_ = 0;
    QString lastError_;
    QString lastCallbackError_;
    QString dispatchState_ = QStringLiteral( ""idle"" );
",""
"Property:src/ui/include/scenariorunner.h:ScenarioRunner.lastCallbackError_","lastCallbackError_","src/ui/include/scenariorunner.h",106,106,"    int droppedEvents_ = 0;
    QString lastError_;
    QString lastCallbackError_;
    QString dispatchState_ = QStringLiteral( ""idle"" );
    QDateTime startedAt_;
",""
"Property:src/ui/include/scenariorunner.h:ScenarioRunner.dispatchState_","dispatchState_","src/ui/include/scenariorunner.h",107,107,"    QString lastError_;
    QString lastCallbackError_;
    QString dispatchState_ = QStringLiteral( ""idle"" );
    QDateTime startedAt_;
    QDateTime finishedAt_;
",""
"Property:src/ui/include/scenariorunner.h:ScenarioRunner.startedAt_","startedAt_","src/ui/include/scenariorunner.h",108,108,"    QString lastCallbackError_;
    QString dispatchState_ = QStringLiteral( ""idle"" );
    QDateTime startedAt_;
    QDateTime finishedAt_;

",""
"Property:src/ui/include/scenariorunner.h:ScenarioRunner.finishedAt_","finishedAt_","src/ui/include/scenariorunner.h",109,109,"    QString dispatchState_ = QStringLiteral( ""idle"" );
    QDateTime startedAt_;
    QDateTime finishedAt_;

    QString scenarioFilePath_;
",""
"Property:src/ui/include/scenariorunner.h:ScenarioRunner.scenarioFilePath_","scenarioFilePath_","src/ui/include/scenariorunner.h",111,111,"    QDateTime finishedAt_;

    QString scenarioFilePath_;
    QString suiteFilePath_;
    QString argsJsonFilePath_;
",""
"Property:src/ui/include/scenariorunner.h:ScenarioRunner.suiteFilePath_","suiteFilePath_","src/ui/include/scenariorunner.h",112,112,"
    QString scenarioFilePath_;
    QString suiteFilePath_;
    QString argsJsonFilePath_;
    QString suiteName_;
",""
"Property:src/ui/include/scenariorunner.h:ScenarioRunner.argsJsonFilePath_","argsJsonFilePath_","src/ui/include/scenariorunner.h",113,113,"    QString scenarioFilePath_;
    QString suiteFilePath_;
    QString argsJsonFilePath_;
    QString suiteName_;
    QString suiteId_;
",""
"Property:src/ui/include/scenariorunner.h:ScenarioRunner.suiteName_","suiteName_","src/ui/include/scenariorunner.h",114,114,"    QString suiteFilePath_;
    QString argsJsonFilePath_;
    QString suiteName_;
    QString suiteId_;
    QString currentScenarioName_;
",""
"Property:src/ui/include/scenariorunner.h:ScenarioRunner.suiteId_","suiteId_","src/ui/include/scenariorunner.h",115,115,"    QString argsJsonFilePath_;
    QString suiteName_;
    QString suiteId_;
    QString currentScenarioName_;
    QString currentScenarioFile_;
",""
"Property:src/ui/include/scenariorunner.h:ScenarioRunner.currentScenarioName_","currentScenarioName_","src/ui/include/scenariorunner.h",116,116,"    QString suiteName_;
    QString suiteId_;
    QString currentScenarioName_;
    QString currentScenarioFile_;
    QString currentStepName_;
",""
"Property:src/ui/include/scenariorunner.h:ScenarioRunner.currentScenarioFile_","currentScenarioFile_","src/ui/include/scenariorunner.h",117,117,"    QString suiteId_;
    QString currentScenarioName_;
    QString currentScenarioFile_;
    QString currentStepName_;
    int totalScenarios_ = 0;
",""
"Property:src/ui/include/scenariorunner.h:ScenarioRunner.currentStepName_","currentStepName_","src/ui/include/scenariorunner.h",118,118,"    QString currentScenarioName_;
    QString currentScenarioFile_;
    QString currentStepName_;
    int totalScenarios_ = 0;
    int completedScenarios_ = 0;
",""
"Property:src/ui/include/scenariorunner.h:ScenarioRunner.totalScenarios_","totalScenarios_","src/ui/include/scenariorunner.h",119,119,"    QString currentScenarioFile_;
    QString currentStepName_;
    int totalScenarios_ = 0;
    int completedScenarios_ = 0;
    int passedCount_ = 0;
",""
"Property:src/ui/include/scenariorunner.h:ScenarioRunner.completedScenarios_","completedScenarios_","src/ui/include/scenariorunner.h",120,120,"    QString currentStepName_;
    int totalScenarios_ = 0;
    int completedScenarios_ = 0;
    int passedCount_ = 0;
    int failedCount_ = 0;
",""
"Property:src/ui/include/scenariorunner.h:ScenarioRunner.passedCount_","passedCount_","src/ui/include/scenariorunner.h",121,121,"    int totalScenarios_ = 0;
    int completedScenarios_ = 0;
    int passedCount_ = 0;
    int failedCount_ = 0;
    int skippedCount_ = 0;
",""
"Property:src/ui/include/scenariorunner.h:ScenarioRunner.failedCount_","failedCount_","src/ui/include/scenariorunner.h",122,122,"    int completedScenarios_ = 0;
    int passedCount_ = 0;
    int failedCount_ = 0;
    int skippedCount_ = 0;
    QString reportJsonPath_;
",""
"Property:src/ui/include/scenariorunner.h:ScenarioRunner.skippedCount_","skippedCount_","src/ui/include/scenariorunner.h",123,123,"    int passedCount_ = 0;
    int failedCount_ = 0;
    int skippedCount_ = 0;
    QString reportJsonPath_;
    QString reportJunitPath_;
",""
"Property:src/ui/include/scenariorunner.h:ScenarioRunner.reportJsonPath_","reportJsonPath_","src/ui/include/scenariorunner.h",124,124,"    int failedCount_ = 0;
    int skippedCount_ = 0;
    QString reportJsonPath_;
    QString reportJunitPath_;
    QVariantMap lastReportPayload_;
",""
"Property:src/ui/include/scenariorunner.h:ScenarioRunner.reportJunitPath_","reportJunitPath_","src/ui/include/scenariorunner.h",125,125,"    int skippedCount_ = 0;
    QString reportJsonPath_;
    QString reportJunitPath_;
    QVariantMap lastReportPayload_;
    QVector<Subscription> subscriptions_;
",""
"Property:src/ui/include/scenariorunner.h:ScenarioRunner.lastReportPayload_","lastReportPayload_","src/ui/include/scenariorunner.h",126,126,"    QString reportJsonPath_;
    QString reportJunitPath_;
    QVariantMap lastReportPayload_;
    QVector<Subscription> subscriptions_;
};
",""
"Property:src/ui/include/scenariorunner.h:ScenarioRunner.subscriptions_","subscriptions_","src/ui/include/scenariorunner.h",127,127,"    QString reportJunitPath_;
    QVariantMap lastReportPayload_;
    QVector<Subscription> subscriptions_;
};

",""
"Property:src/ui/include/savedsearches.h:SavedSearches.SAVEDSEARCHES_VERSION","SAVEDSEARCHES_VERSION","src/ui/include/savedsearches.h",56,56,"
  private:
    static constexpr int SAVEDSEARCHES_VERSION = 1;

    static constexpr int MaxNumberOfRecentSearches = 50;
",""
"Property:src/ui/include/savedsearches.h:SavedSearches.MaxNumberOfRecentSearches","MaxNumberOfRecentSearches","src/ui/include/savedsearches.h",58,58,"    static constexpr int SAVEDSEARCHES_VERSION = 1;

    static constexpr int MaxNumberOfRecentSearches = 50;

    int historySize_ = MaxNumberOfRecentSearches;
",""
"Property:src/ui/include/savedsearches.h:SavedSearches.historySize_","historySize_","src/ui/include/savedsearches.h",60,60,"    static constexpr int MaxNumberOfRecentSearches = 50;

    int historySize_ = MaxNumberOfRecentSearches;
    QStringList savedSearches_;
};
",""
"Property:src/ui/include/savedsearches.h:SavedSearches.savedSearches_","savedSearches_","src/ui/include/savedsearches.h",61,61,"
    int historySize_ = MaxNumberOfRecentSearches;
    QStringList savedSearches_;
};

",""
"Property:src/ui/include/responsestablemodel.h:ResponsesTableModel.public","public","src/ui/include/responsestablemodel.h",7,13,"
class ResponsesTableModel : public QAbstractTableModel {
    Q_OBJECT
  public:
    enum Roles {
        ResponseIdRole = Qt::UserRole + 1,
        MatchValueRole,
        MatchTypeRole
    };

    explicit ResponsesTableModel( QObject* parent = nullptr );
",""
"Property:src/ui/include/responsestablemodel.h:ResponsesTableModel.responses_","responses_","src/ui/include/responsestablemodel.h",33,33,"    QString tooltipForResponse( const ResponseDefinition& response ) const;

    QVector<ResponseDefinition> responses_;
};
",""
"Property:src/ui/include/responseeditdialog.h:ResponseEditDialog.public","public","src/ui/include/responseeditdialog.h",15,17,"
class ResponseEditDialog : public QDialog {
    Q_OBJECT
  public:
    explicit ResponseEditDialog( QWidget* parent = nullptr );

    void setResponse( const ResponseDefinition& response,
",""
"Property:src/ui/include/responseeditdialog.h:ResponseEditDialog.response_","response_","src/ui/include/responseeditdialog.h",40,40,"    void moveSelectedStep( int offset );

    ResponseDefinition response_;
    QVector<ActionDefinition> actions_;
    QLineEdit* nameEdit_ = nullptr;
",""
"Property:src/ui/include/responseeditdialog.h:ResponseEditDialog.actions_","actions_","src/ui/include/responseeditdialog.h",41,41,"
    ResponseDefinition response_;
    QVector<ActionDefinition> actions_;
    QLineEdit* nameEdit_ = nullptr;
    QPlainTextEdit* descriptionEdit_ = nullptr;
",""
"Property:src/ui/include/responseeditdialog.h:ResponseEditDialog.nameEdit_","nameEdit_","src/ui/include/responseeditdialog.h",42,42,"    ResponseDefinition response_;
    QVector<ActionDefinition> actions_;
    QLineEdit* nameEdit_ = nullptr;
    QPlainTextEdit* descriptionEdit_ = nullptr;
    QComboBox* matchTypeCombo_ = nullptr;
",""
"Property:src/ui/include/responseeditdialog.h:ResponseEditDialog.descriptionEdit_","descriptionEdit_","src/ui/include/responseeditdialog.h",43,43,"    QVector<ActionDefinition> actions_;
    QLineEdit* nameEdit_ = nullptr;
    QPlainTextEdit* descriptionEdit_ = nullptr;
    QComboBox* matchTypeCombo_ = nullptr;
    QComboBox* lineEndingCombo_ = nullptr;
",""
"Property:src/ui/include/responseeditdialog.h:ResponseEditDialog.matchTypeCombo_","matchTypeCombo_","src/ui/include/responseeditdialog.h",44,44,"    QLineEdit* nameEdit_ = nullptr;
    QPlainTextEdit* descriptionEdit_ = nullptr;
    QComboBox* matchTypeCombo_ = nullptr;
    QComboBox* lineEndingCombo_ = nullptr;
    QStackedWidget* matchEditorStack_ = nullptr;
",""
"Property:src/ui/include/responseeditdialog.h:ResponseEditDialog.lineEndingCombo_","lineEndingCombo_","src/ui/include/responseeditdialog.h",45,45,"    QPlainTextEdit* descriptionEdit_ = nullptr;
    QComboBox* matchTypeCombo_ = nullptr;
    QComboBox* lineEndingCombo_ = nullptr;
    QStackedWidget* matchEditorStack_ = nullptr;
    QPlainTextEdit* stringValueEdit_ = nullptr;
",""
"Property:src/ui/include/responseeditdialog.h:ResponseEditDialog.matchEditorStack_","matchEditorStack_","src/ui/include/responseeditdialog.h",46,46,"    QComboBox* matchTypeCombo_ = nullptr;
    QComboBox* lineEndingCombo_ = nullptr;
    QStackedWidget* matchEditorStack_ = nullptr;
    QPlainTextEdit* stringValueEdit_ = nullptr;
    QPlainTextEdit* hexValueEdit_ = nullptr;
",""
"Property:src/ui/include/responseeditdialog.h:ResponseEditDialog.stringValueEdit_","stringValueEdit_","src/ui/include/responseeditdialog.h",47,47,"    QComboBox* lineEndingCombo_ = nullptr;
    QStackedWidget* matchEditorStack_ = nullptr;
    QPlainTextEdit* stringValueEdit_ = nullptr;
    QPlainTextEdit* hexValueEdit_ = nullptr;
    QPlainTextEdit* expressionValueEdit_ = nullptr;
",""
"Property:src/ui/include/responseeditdialog.h:ResponseEditDialog.hexValueEdit_","hexValueEdit_","src/ui/include/responseeditdialog.h",48,48,"    QStackedWidget* matchEditorStack_ = nullptr;
    QPlainTextEdit* stringValueEdit_ = nullptr;
    QPlainTextEdit* hexValueEdit_ = nullptr;
    QPlainTextEdit* expressionValueEdit_ = nullptr;
    QTableWidget* stepsTable_ = nullptr;
",""
"Property:src/ui/include/responseeditdialog.h:ResponseEditDialog.expressionValueEdit_","expressionValueEdit_","src/ui/include/responseeditdialog.h",49,49,"    QPlainTextEdit* stringValueEdit_ = nullptr;
    QPlainTextEdit* hexValueEdit_ = nullptr;
    QPlainTextEdit* expressionValueEdit_ = nullptr;
    QTableWidget* stepsTable_ = nullptr;
    QPushButton* addStepButton_ = nullptr;
",""
"Property:src/ui/include/responseeditdialog.h:ResponseEditDialog.stepsTable_","stepsTable_","src/ui/include/responseeditdialog.h",50,50,"    QPlainTextEdit* hexValueEdit_ = nullptr;
    QPlainTextEdit* expressionValueEdit_ = nullptr;
    QTableWidget* stepsTable_ = nullptr;
    QPushButton* addStepButton_ = nullptr;
    QPushButton* editStepButton_ = nullptr;
",""
"Property:src/ui/include/responseeditdialog.h:ResponseEditDialog.addStepButton_","addStepButton_","src/ui/include/responseeditdialog.h",51,51,"    QPlainTextEdit* expressionValueEdit_ = nullptr;
    QTableWidget* stepsTable_ = nullptr;
    QPushButton* addStepButton_ = nullptr;
    QPushButton* editStepButton_ = nullptr;
    QPushButton* deleteStepButton_ = nullptr;
",""
"Property:src/ui/include/responseeditdialog.h:ResponseEditDialog.editStepButton_","editStepButton_","src/ui/include/responseeditdialog.h",52,52,"    QTableWidget* stepsTable_ = nullptr;
    QPushButton* addStepButton_ = nullptr;
    QPushButton* editStepButton_ = nullptr;
    QPushButton* deleteStepButton_ = nullptr;
    QPushButton* moveStepUpButton_ = nullptr;
",""
"Property:src/ui/include/responseeditdialog.h:ResponseEditDialog.deleteStepButton_","deleteStepButton_","src/ui/include/responseeditdialog.h",53,53,"    QPushButton* addStepButton_ = nullptr;
    QPushButton* editStepButton_ = nullptr;
    QPushButton* deleteStepButton_ = nullptr;
    QPushButton* moveStepUpButton_ = nullptr;
    QPushButton* moveStepDownButton_ = nullptr;
",""
"Property:src/ui/include/responseeditdialog.h:ResponseEditDialog.moveStepUpButton_","moveStepUpButton_","src/ui/include/responseeditdialog.h",54,54,"    QPushButton* editStepButton_ = nullptr;
    QPushButton* deleteStepButton_ = nullptr;
    QPushButton* moveStepUpButton_ = nullptr;
    QPushButton* moveStepDownButton_ = nullptr;
    QCheckBox* inlineActionCheck_ = nullptr;
",""
"Property:src/ui/include/responseeditdialog.h:ResponseEditDialog.moveStepDownButton_","moveStepDownButton_","src/ui/include/responseeditdialog.h",55,55,"    QPushButton* deleteStepButton_ = nullptr;
    QPushButton* moveStepUpButton_ = nullptr;
    QPushButton* moveStepDownButton_ = nullptr;
    QCheckBox* inlineActionCheck_ = nullptr;
    QComboBox* inlineTypeCombo_ = nullptr;
",""
"Property:src/ui/include/responseeditdialog.h:ResponseEditDialog.inlineActionCheck_","inlineActionCheck_","src/ui/include/responseeditdialog.h",56,56,"    QPushButton* moveStepUpButton_ = nullptr;
    QPushButton* moveStepDownButton_ = nullptr;
    QCheckBox* inlineActionCheck_ = nullptr;
    QComboBox* inlineTypeCombo_ = nullptr;
    QPlainTextEdit* inlineValueEdit_ = nullptr;
",""
"Property:src/ui/include/responseeditdialog.h:ResponseEditDialog.inlineTypeCombo_","inlineTypeCombo_","src/ui/include/responseeditdialog.h",57,57,"    QPushButton* moveStepDownButton_ = nullptr;
    QCheckBox* inlineActionCheck_ = nullptr;
    QComboBox* inlineTypeCombo_ = nullptr;
    QPlainTextEdit* inlineValueEdit_ = nullptr;
    QPlainTextEdit* commentEdit_ = nullptr;
",""
"Property:src/ui/include/responseeditdialog.h:ResponseEditDialog.inlineValueEdit_","inlineValueEdit_","src/ui/include/responseeditdialog.h",58,58,"    QCheckBox* inlineActionCheck_ = nullptr;
    QComboBox* inlineTypeCombo_ = nullptr;
    QPlainTextEdit* inlineValueEdit_ = nullptr;
    QPlainTextEdit* commentEdit_ = nullptr;
    QCheckBox* linebreakCheck_ = nullptr;
",""
"Property:src/ui/include/responseeditdialog.h:ResponseEditDialog.commentEdit_","commentEdit_","src/ui/include/responseeditdialog.h",59,59,"    QComboBox* inlineTypeCombo_ = nullptr;
    QPlainTextEdit* inlineValueEdit_ = nullptr;
    QPlainTextEdit* commentEdit_ = nullptr;
    QCheckBox* linebreakCheck_ = nullptr;
    QCheckBox* timestampCheck_ = nullptr;
",""
"Property:src/ui/include/responseeditdialog.h:ResponseEditDialog.linebreakCheck_","linebreakCheck_","src/ui/include/responseeditdialog.h",60,60,"    QPlainTextEdit* inlineValueEdit_ = nullptr;
    QPlainTextEdit* commentEdit_ = nullptr;
    QCheckBox* linebreakCheck_ = nullptr;
    QCheckBox* timestampCheck_ = nullptr;
    QCheckBox* snapshotCheck_ = nullptr;
",""
"Property:src/ui/include/responseeditdialog.h:ResponseEditDialog.timestampCheck_","timestampCheck_","src/ui/include/responseeditdialog.h",61,61,"    QPlainTextEdit* commentEdit_ = nullptr;
    QCheckBox* linebreakCheck_ = nullptr;
    QCheckBox* timestampCheck_ = nullptr;
    QCheckBox* snapshotCheck_ = nullptr;
    QCheckBox* stopCommunicationCheck_ = nullptr;
",""
"Property:src/ui/include/responseeditdialog.h:ResponseEditDialog.snapshotCheck_","snapshotCheck_","src/ui/include/responseeditdialog.h",62,62,"    QCheckBox* linebreakCheck_ = nullptr;
    QCheckBox* timestampCheck_ = nullptr;
    QCheckBox* snapshotCheck_ = nullptr;
    QCheckBox* stopCommunicationCheck_ = nullptr;
    QVector<ResponseActionStep> steps_;
",""
"Property:src/ui/include/responseeditdialog.h:ResponseEditDialog.stopCommunicationCheck_","stopCommunicationCheck_","src/ui/include/responseeditdialog.h",63,63,"    QCheckBox* timestampCheck_ = nullptr;
    QCheckBox* snapshotCheck_ = nullptr;
    QCheckBox* stopCommunicationCheck_ = nullptr;
    QVector<ResponseActionStep> steps_;
    bool syncingLiteralEditors_ = false;
",""
"Property:src/ui/include/responseeditdialog.h:ResponseEditDialog.steps_","steps_","src/ui/include/responseeditdialog.h",64,64,"    QCheckBox* snapshotCheck_ = nullptr;
    QCheckBox* stopCommunicationCheck_ = nullptr;
    QVector<ResponseActionStep> steps_;
    bool syncingLiteralEditors_ = false;
};
",""
"Property:src/ui/include/responseeditdialog.h:ResponseEditDialog.syncingLiteralEditors_","syncingLiteralEditors_","src/ui/include/responseeditdialog.h",65,65,"    QCheckBox* stopCommunicationCheck_ = nullptr;
    QVector<ResponseActionStep> steps_;
    bool syncingLiteralEditors_ = false;
};
",""
"Property:src/ui/include/recentfiles.h:RecentFiles.RECENTFILES_VERSION","RECENTFILES_VERSION","src/ui/include/recentfiles.h",49,49,"
  private:
    static constexpr int RECENTFILES_VERSION = 1;
    static constexpr int DEFAULT_MAX_ITEMS_TO_SHOW = 5;

",""
"Property:src/ui/include/recentfiles.h:RecentFiles.DEFAULT_MAX_ITEMS_TO_SHOW","DEFAULT_MAX_ITEMS_TO_SHOW","src/ui/include/recentfiles.h",50,50,"  private:
    static constexpr int RECENTFILES_VERSION = 1;
    static constexpr int DEFAULT_MAX_ITEMS_TO_SHOW = 5;

    QStringList recentFiles_;
",""
"Property:src/ui/include/recentfiles.h:RecentFiles.recentFiles_","recentFiles_","src/ui/include/recentfiles.h",52,52,"    static constexpr int DEFAULT_MAX_ITEMS_TO_SHOW = 5;

    QStringList recentFiles_;
    int filesHistoryMaxItemsToShow_ = DEFAULT_MAX_ITEMS_TO_SHOW;
};
",""
"Property:src/ui/include/recentfiles.h:RecentFiles.filesHistoryMaxItemsToShow_","filesHistoryMaxItemsToShow_","src/ui/include/recentfiles.h",53,53,"
    QStringList recentFiles_;
    int filesHistoryMaxItemsToShow_ = DEFAULT_MAX_ITEMS_TO_SHOW;
};

",""
"Property:src/ui/include/quickfindwidget.h:QuickFindWidget.public","public","src/ui/include/quickfindwidget.h",58,61,"class QuickFindWidget : public QWidget
{
  Q_OBJECT

  public:
    QuickFindWidget( QWidget* parent = nullptr );

    // Show the widget with the given direction
",""
"Property:src/ui/include/quickfindwidget.h:QuickFindWidget.","","src/ui/include/quickfindwidget.h",84,87,"    void textChanged();

  Q_SIGNALS:
    // Sent when Return is pressed to confirm the pattern
    // (pattern and ignor_case flag)
    void patternConfirmed( const QString&, bool, bool );
    // Sent every time the pattern is modified
    // (pattern and ignor_case flag)
",""
"Property:src/ui/include/quickfindwidget.h:QuickFindWidget.bool","bool","src/ui/include/quickfindwidget.h",84,87,"    void textChanged();

  Q_SIGNALS:
    // Sent when Return is pressed to confirm the pattern
    // (pattern and ignor_case flag)
    void patternConfirmed( const QString&, bool, bool );
    // Sent every time the pattern is modified
    // (pattern and ignor_case flag)
",""
"Property:src/ui/include/quickfindwidget.h:QuickFindWidget.layout_","layout_","src/ui/include/quickfindwidget.h",99,99,"
  private:
    QHBoxLayout* layout_;

    QToolButton* closeButton_;
",""
"Property:src/ui/include/quickfindwidget.h:QuickFindWidget.closeButton_","closeButton_","src/ui/include/quickfindwidget.h",101,101,"    QHBoxLayout* layout_;

    QToolButton* closeButton_;
    QToolButton* nextButton_;
    QToolButton* previousButton_;
",""
"Property:src/ui/include/quickfindwidget.h:QuickFindWidget.nextButton_","nextButton_","src/ui/include/quickfindwidget.h",102,102,"
    QToolButton* closeButton_;
    QToolButton* nextButton_;
    QToolButton* previousButton_;
    QLineEdit*   editQuickFind_;
",""
"Property:src/ui/include/quickfindwidget.h:QuickFindWidget.previousButton_","previousButton_","src/ui/include/quickfindwidget.h",103,103,"    QToolButton* closeButton_;
    QToolButton* nextButton_;
    QToolButton* previousButton_;
    QLineEdit*   editQuickFind_;
    QCheckBox*   ignoreCaseCheck_;
",""
"Property:src/ui/include/quickfindwidget.h:QuickFindWidget.editQuickFind_","editQuickFind_","src/ui/include/quickfindwidget.h",104,104,"    QToolButton* nextButton_;
    QToolButton* previousButton_;
    QLineEdit*   editQuickFind_;
    QCheckBox*   ignoreCaseCheck_;
    QLabel*      notificationText_;
",""
"Property:src/ui/include/quickfindwidget.h:QuickFindWidget.ignoreCaseCheck_","ignoreCaseCheck_","src/ui/include/quickfindwidget.h",105,105,"    QToolButton* previousButton_;
    QLineEdit*   editQuickFind_;
    QCheckBox*   ignoreCaseCheck_;
    QLabel*      notificationText_;

",""
"Property:src/ui/include/quickfindwidget.h:QuickFindWidget.notificationText_","notificationText_","src/ui/include/quickfindwidget.h",106,106,"    QLineEdit*   editQuickFind_;
    QCheckBox*   ignoreCaseCheck_;
    QLabel*      notificationText_;

    QToolButton* setupToolButton(const QString &text, const QString &icon);
",""
"Property:src/ui/include/quickfindwidget.h:QuickFindWidget.notificationTimer_","notificationTimer_","src/ui/include/quickfindwidget.h",112,112,"    bool isRegexSearch() const;

    QTimer*      notificationTimer_;

    QFDirection  direction_;
",""
"Property:src/ui/include/quickfindwidget.h:QuickFindWidget.direction_","direction_","src/ui/include/quickfindwidget.h",114,114,"    QTimer*      notificationTimer_;

    QFDirection  direction_;

    // Whether the user explicitely wants us on the screen
",""
"Property:src/ui/include/quickfindwidget.h:QuickFindWidget.userRequested_","userRequested_","src/ui/include/quickfindwidget.h",117,117,"
    // Whether the user explicitely wants us on the screen
    bool         userRequested_;

    int          patternCursorPosition_;
",""
"Property:src/ui/include/quickfindwidget.h:QuickFindWidget.patternCursorPosition_","patternCursorPosition_","src/ui/include/quickfindwidget.h",119,119,"    bool         userRequested_;

    int          patternCursorPosition_;
};

",""
"Property:src/ui/include/quickfindpattern.h:QuickFindMatcher.isActive_","isActive_","src/ui/include/quickfindpattern.h",81,81,"
  private:
    bool isActive_ = false;
    QRegularExpression regexp_;

",""
"Property:src/ui/include/quickfindpattern.h:QuickFindMatcher.regexp_","regexp_","src/ui/include/quickfindpattern.h",82,82,"  private:
    bool isActive_ = false;
    QRegularExpression regexp_;

    mutable LineColumn lastMatchStart_;
",""
"Property:src/ui/include/quickfindpattern.h:QuickFindMatcher.lastMatchStart_","lastMatchStart_","src/ui/include/quickfindpattern.h",84,84,"    QRegularExpression regexp_;

    mutable LineColumn lastMatchStart_;
    mutable LineColumn lastMatchEnd_;
};
",""
"Property:src/ui/include/quickfindpattern.h:QuickFindMatcher.lastMatchEnd_","lastMatchEnd_","src/ui/include/quickfindpattern.h",85,85,"
    mutable LineColumn lastMatchStart_;
    mutable LineColumn lastMatchEnd_;
};

",""
"Property:src/ui/include/quickfindpattern.h:QuickFindPattern.public","public","src/ui/include/quickfindpattern.h",90,94,"// Represents a search pattern for QuickFind (without its results)
class QuickFindPattern : public QObject {
    Q_OBJECT

  public:
    // Construct an empty search
    QuickFindPattern() = default;

    // Set the search to a new pattern, using the current
",""
"Property:src/ui/include/quickfindpattern.h:QuickFindPattern.","","src/ui/include/quickfindpattern.h",122,124,"    QuickFindMatcher getMatcher() const;

  Q_SIGNALS:
    // Sent when the pattern is changed
    void patternUpdated();

  private:
",""
"Property:src/ui/include/quickfindpattern.h:QuickFindPattern.active_","active_","src/ui/include/quickfindpattern.h",127,127,"
  private:
    bool active_ = false;
    QRegularExpression regexp_;
    QString pattern_;
",""
"Property:src/ui/include/quickfindpattern.h:QuickFindPattern.regexp_","regexp_","src/ui/include/quickfindpattern.h",128,128,"  private:
    bool active_ = false;
    QRegularExpression regexp_;
    QString pattern_;
};
",""
"Property:src/ui/include/quickfindpattern.h:QuickFindPattern.pattern_","pattern_","src/ui/include/quickfindpattern.h",129,129,"    bool active_ = false;
    QRegularExpression regexp_;
    QString pattern_;
};

",""
"Property:src/ui/include/quickfindmux.h:QuickFindMux.public","public","src/ui/include/quickfindmux.h",71,78,"class QuickFindMux : public QObject
{
  Q_OBJECT

  public:

    enum QFDirection {
        Forward,
        Backward,
    };

    // Construct the multiplexer, taking a reference to the pattern
",""
"Property:src/ui/include/quickfindmux.h:QuickFindMux.selector_","selector_","src/ui/include/quickfindmux.h",130,130,"
  private:
    const QuickFindMuxSelectorInterface* selector_;

    // The (application wide) quick find pattern
",""
"Property:src/ui/include/quickfindmux.h:QuickFindMux.pattern_","pattern_","src/ui/include/quickfindmux.h",133,133,"
    // The (application wide) quick find pattern
    std::shared_ptr<QuickFindPattern> pattern_;

    QFDirection currentDirection_;
",""
"Property:src/ui/include/quickfindmux.h:QuickFindMux.currentDirection_","currentDirection_","src/ui/include/quickfindmux.h",135,135,"    std::shared_ptr<QuickFindPattern> pattern_;

    QFDirection currentDirection_;

    std::vector<QObject*> registeredSearchables_;
",""
"Property:src/ui/include/quickfindmux.h:QuickFindMux.registeredSearchables_","registeredSearchables_","src/ui/include/quickfindmux.h",137,137,"    QFDirection currentDirection_;

    std::vector<QObject*> registeredSearchables_;

    SearchableWidgetInterface* getSearchableWidget() const;
",""
"Property:src/ui/include/quickfind.h:SearchingNotifier.","","src/ui/include/quickfind.h",82,84,"    }

  Q_SIGNALS:
    // Sent when the UI shall display a message to the user.
    void notify( const QFNotification& message );

  private:
",""
"Property:src/ui/include/quickfind.h:SearchingNotifier.startTime_","startTime_","src/ui/include/quickfind.h",89,89,"    void sendNotification( LineNumber current_line, LinesCount nb_lines, bool backward );

    QTime startTime_;
    int dotToDisplay_;
};
",""
"Property:src/ui/include/quickfind.h:SearchingNotifier.dotToDisplay_","dotToDisplay_","src/ui/include/quickfind.h",90,90,"
    QTime startTime_;
    int dotToDisplay_;
};

",""
"Property:src/ui/include/quickfind.h:QuickFind.public","public","src/ui/include/quickfind.h",97,101,"// are used for the searches. (the caller retains ownership of both).
class QuickFind : public QObject {
    Q_OBJECT

  public:
    // Construct a search
    explicit QuickFind( const AbstractLogData& logData );

    // Set the starting point that will be used by the next search
",""
"Property:src/ui/include/quickfind.h:QuickFind.","","src/ui/include/quickfind.h",133,135,"    void stopSearch();

  Q_SIGNALS:
    // Sent when the UI shall display a message to the user.
    void notify( const QFNotification& message );
    // Sent when the UI shall clear the notification.
    void clearNotification();
",""
"Property:src/ui/include/quickfind.h:LastMatchPosition.line_","line_","src/ui/include/quickfind.h",169,169,"
      private:
        OptionalLineNumber line_;
        LineColumn column_{ -1 };
    };
",""
"Property:src/ui/include/quickfind.h:LastMatchPosition.column_","column_","src/ui/include/quickfind.h",170,170,"      private:
        OptionalLineNumber line_;
        LineColumn column_{ -1 };
    };

",""
"Property:src/ui/include/quickfind.h:IncrementalSearchStatus.ongoing_","ongoing_","src/ui/include/quickfind.h",204,204,"
      private:
        QFDirection ongoing_{ None };
        FilePosition position_;
        Selection initialSelection_;
",""
"Property:src/ui/include/quickfind.h:IncrementalSearchStatus.position_","position_","src/ui/include/quickfind.h",205,205,"      private:
        QFDirection ongoing_{ None };
        FilePosition position_;
        Selection initialSelection_;
    };
",""
"Property:src/ui/include/quickfind.h:IncrementalSearchStatus.initialSelection_","initialSelection_","src/ui/include/quickfind.h",206,206,"        QFDirection ongoing_{ None };
        FilePosition position_;
        Selection initialSelection_;
    };

",""
"Property:src/ui/include/quickfind.h:QuickFind.logData_","logData_","src/ui/include/quickfind.h",210,210,"
    // Pointers to external objects
    const AbstractLogData& logData_;

    // Owned objects
",""
"Property:src/ui/include/quickfind.h:QuickFind.lastMatch_","lastMatch_","src/ui/include/quickfind.h",216,216,"    // Position of the last match in the file
    // (to avoid searching multiple times where there is no result)
    LastMatchPosition lastMatch_;
    LastMatchPosition firstMatch_;

",""
"Property:src/ui/include/quickfind.h:QuickFind.firstMatch_","firstMatch_","src/ui/include/quickfind.h",217,217,"    // (to avoid searching multiple times where there is no result)
    LastMatchPosition lastMatch_;
    LastMatchPosition firstMatch_;

    SearchingNotifier searchingNotifier_;
",""
"Property:src/ui/include/quickfind.h:QuickFind.searchingNotifier_","searchingNotifier_","src/ui/include/quickfind.h",219,219,"    LastMatchPosition firstMatch_;

    SearchingNotifier searchingNotifier_;

    // Incremental search status
",""
"Property:src/ui/include/quickfind.h:QuickFind.incrementalSearchStatus_","incrementalSearchStatus_","src/ui/include/quickfind.h",222,222,"
    // Incremental search status
    IncrementalSearchStatus incrementalSearchStatus_;

    // Private functions
",""
"Property:src/ui/include/quickfind.h:QuickFind.interruptRequested_","interruptRequested_","src/ui/include/quickfind.h",232,232,"                              const QuickFindMatcher& matcher );

    AtomicFlag interruptRequested_;
    QFuture<Portion> operationFuture_;
    QFutureWatcher<Portion> operationWatcher_;
",""
"Property:src/ui/include/quickfind.h:QuickFind.operationFuture_","operationFuture_","src/ui/include/quickfind.h",233,233,"
    AtomicFlag interruptRequested_;
    QFuture<Portion> operationFuture_;
    QFutureWatcher<Portion> operationWatcher_;
};
",""
"Property:src/ui/include/quickfind.h:QuickFind.operationWatcher_","operationWatcher_","src/ui/include/quickfind.h",234,234,"    AtomicFlag interruptRequested_;
    QFuture<Portion> operationFuture_;
    QFutureWatcher<Portion> operationWatcher_;
};

",""
"Property:src/ui/include/qfnotifications.h:QFNotification.REACHED_EOF","REACHED_EOF","src/ui/include/qfnotifications.h",49,49,"
  protected:
    static const QString REACHED_EOF;
    static const QString REACHED_BOF;
    static const QString INTERRUPTED;
",""
"Property:src/ui/include/qfnotifications.h:QFNotification.REACHED_BOF","REACHED_BOF","src/ui/include/qfnotifications.h",50,50,"  protected:
    static const QString REACHED_EOF;
    static const QString REACHED_BOF;
    static const QString INTERRUPTED;

",""
"Property:src/ui/include/qfnotifications.h:QFNotification.INTERRUPTED","INTERRUPTED","src/ui/include/qfnotifications.h",51,51,"    static const QString REACHED_EOF;
    static const QString REACHED_BOF;
    static const QString INTERRUPTED;

  private:
",""
"Property:src/ui/include/qfnotifications.h:QFNotification.message_","message_","src/ui/include/qfnotifications.h",54,54,"
  private:
    QString message_;
};

",""
"Property:src/ui/include/previewwindow.h:PreviewWindow.public","public","src/ui/include/previewwindow.h",8,11,"
class PreviewWindow : public QWidget {
    Q_OBJECT

  public:
    explicit PreviewWindow( QWidget* parent = nullptr );

    void openMessageTab( const QString& rawLine, const QString& initialPreviewNameOrAuto );
",""
"Property:src/ui/include/previewwindow.h:PreviewWindow.tabWidget_","tabWidget_","src/ui/include/previewwindow.h",19,19,"    void refreshTabs();

    QTabWidget* tabWidget_ = nullptr;
    int tabCounter_ = 0;
};
",""
"Property:src/ui/include/previewwindow.h:PreviewWindow.tabCounter_","tabCounter_","src/ui/include/previewwindow.h",20,20,"
    QTabWidget* tabWidget_ = nullptr;
    int tabCounter_ = 0;
};
",""
"Property:src/ui/include/previewstablemodel.h:PreviewsTableModel.public","public","src/ui/include/previewstablemodel.h",7,10,"
class PreviewsTableModel : public QAbstractTableModel {
    Q_OBJECT

  public:
    explicit PreviewsTableModel( QObject* parent = nullptr );

    int rowCount( const QModelIndex& parent = QModelIndex() ) const override;
",""
"Property:src/ui/include/previewmessagetab.h:PreviewMessageTab.public","public","src/ui/include/previewmessagetab.h",12,18,"
class PreviewMessageTab : public QWidget {
    Q_OBJECT

  public:
    PreviewMessageTab( const QString& rawLine,
                       const QString& initialPreviewNameOrAuto,
                       int tabNumber,
                       QWidget* parent = nullptr );

    void refreshPreviewList();
",""
"Property:src/ui/include/previewmessagetab.h:PreviewMessageTab.rawLine_","rawLine_","src/ui/include/previewmessagetab.h",38,38,"    void updateRawLineHeight();

    QString rawLine_;
    QString initialPreviewName_;
    int tabNumber_ = 0;
",""
"Property:src/ui/include/previewmessagetab.h:PreviewMessageTab.initialPreviewName_","initialPreviewName_","src/ui/include/previewmessagetab.h",39,39,"
    QString rawLine_;
    QString initialPreviewName_;
    int tabNumber_ = 0;
    QString currentTitle_;
",""
"Property:src/ui/include/previewmessagetab.h:PreviewMessageTab.tabNumber_","tabNumber_","src/ui/include/previewmessagetab.h",40,40,"    QString rawLine_;
    QString initialPreviewName_;
    int tabNumber_ = 0;
    QString currentTitle_;
    bool initialApplied_ = false;
",""
"Property:src/ui/include/previewmessagetab.h:PreviewMessageTab.currentTitle_","currentTitle_","src/ui/include/previewmessagetab.h",41,41,"    QString initialPreviewName_;
    int tabNumber_ = 0;
    QString currentTitle_;
    bool initialApplied_ = false;

",""
"Property:src/ui/include/previewmessagetab.h:PreviewMessageTab.initialApplied_","initialApplied_","src/ui/include/previewmessagetab.h",42,42,"    int tabNumber_ = 0;
    QString currentTitle_;
    bool initialApplied_ = false;

    QComboBox* previewTypeCombo_ = nullptr;
",""
"Property:src/ui/include/previewmessagetab.h:PreviewMessageTab.previewTypeCombo_","previewTypeCombo_","src/ui/include/previewmessagetab.h",44,44,"    bool initialApplied_ = false;

    QComboBox* previewTypeCombo_ = nullptr;
    QTreeWidget* previewTree_ = nullptr;
    QGroupBox* rawGroup_ = nullptr;
",""
"Property:src/ui/include/previewmessagetab.h:PreviewMessageTab.previewTree_","previewTree_","src/ui/include/previewmessagetab.h",45,45,"
    QComboBox* previewTypeCombo_ = nullptr;
    QTreeWidget* previewTree_ = nullptr;
    QGroupBox* rawGroup_ = nullptr;
    QPlainTextEdit* rawLineEdit_ = nullptr;
",""
"Property:src/ui/include/previewmessagetab.h:PreviewMessageTab.rawGroup_","rawGroup_","src/ui/include/previewmessagetab.h",46,46,"    QComboBox* previewTypeCombo_ = nullptr;
    QTreeWidget* previewTree_ = nullptr;
    QGroupBox* rawGroup_ = nullptr;
    QPlainTextEdit* rawLineEdit_ = nullptr;
};
",""
"Property:src/ui/include/previewmessagetab.h:PreviewMessageTab.rawLineEdit_","rawLineEdit_","src/ui/include/previewmessagetab.h",47,47,"    QTreeWidget* previewTree_ = nullptr;
    QGroupBox* rawGroup_ = nullptr;
    QPlainTextEdit* rawLineEdit_ = nullptr;
};
",""
"Property:src/ui/include/previewmanager.h:PreviewImportResult.ok","ok","src/ui/include/previewmanager.h",9,9,"
struct PreviewImportResult {
    bool ok = false;
    QStringList errors;
    QStringList warnings;
",""
"Property:src/ui/include/previewmanager.h:PreviewImportResult.errors","errors","src/ui/include/previewmanager.h",10,10,"struct PreviewImportResult {
    bool ok = false;
    QStringList errors;
    QStringList warnings;
};
",""
"Property:src/ui/include/previewmanager.h:PreviewImportResult.warnings","warnings","src/ui/include/previewmanager.h",11,11,"    bool ok = false;
    QStringList errors;
    QStringList warnings;
};

",""
"Property:src/ui/include/previewmanager.h:PreviewManager.public","public","src/ui/include/previewmanager.h",15,18,"
class PreviewManager : public QObject {
    Q_OBJECT

  public:
    static PreviewManager& instance();

    void loadFromRepository();
",""
"Property:src/ui/include/previewmanager.h:PreviewManager.repository_","repository_","src/ui/include/previewmanager.h",40,40,"    PreviewManager() = default;

    PreviewRepository repository_;
    QVector<PreviewDefinition> previews_;
    QMap<QString, PreviewFieldSpec> blocks_;
",""
"Property:src/ui/include/previewmanager.h:PreviewManager.previews_","previews_","src/ui/include/previewmanager.h",41,41,"
    PreviewRepository repository_;
    QVector<PreviewDefinition> previews_;
    QMap<QString, PreviewFieldSpec> blocks_;
};
",""
"Property:src/ui/include/previewmanager.h:PreviewManager.blocks_","blocks_","src/ui/include/previewmanager.h",42,42,"    PreviewRepository repository_;
    QVector<PreviewDefinition> previews_;
    QMap<QString, PreviewFieldSpec> blocks_;
};
",""
"Property:src/ui/include/previewdecodeutils.h:HexParseResult.ok","ok","src/ui/include/previewdecodeutils.h",10,10,"
struct HexParseResult {
    bool ok = false;
    quint64 value = 0;
    int digitCount = 0;
",""
"Property:src/ui/include/previewdecodeutils.h:HexParseResult.value","value","src/ui/include/previewdecodeutils.h",11,11,"struct HexParseResult {
    bool ok = false;
    quint64 value = 0;
    int digitCount = 0;
    QString error;
",""
"Property:src/ui/include/previewdecodeutils.h:HexParseResult.digitCount","digitCount","src/ui/include/previewdecodeutils.h",12,12,"    bool ok = false;
    quint64 value = 0;
    int digitCount = 0;
    QString error;
};
",""
"Property:src/ui/include/previewdecodeutils.h:HexParseResult.error","error","src/ui/include/previewdecodeutils.h",13,13,"    quint64 value = 0;
    int digitCount = 0;
    QString error;
};

",""
"Property:src/ui/include/previewdecodeutils.h:HexDecodeResult.ok","ok","src/ui/include/previewdecodeutils.h",17,17,"
struct HexDecodeResult {
    bool ok = false;
    QByteArray bytes;
    int digitCount = 0;
",""
"Property:src/ui/include/previewdecodeutils.h:HexDecodeResult.bytes","bytes","src/ui/include/previewdecodeutils.h",18,18,"struct HexDecodeResult {
    bool ok = false;
    QByteArray bytes;
    int digitCount = 0;
    QString error;
",""
"Property:src/ui/include/previewdecodeutils.h:HexDecodeResult.digitCount","digitCount","src/ui/include/previewdecodeutils.h",19,19,"    bool ok = false;
    QByteArray bytes;
    int digitCount = 0;
    QString error;
};
",""
"Property:src/ui/include/previewdecodeutils.h:HexDecodeResult.error","error","src/ui/include/previewdecodeutils.h",20,20,"    QByteArray bytes;
    int digitCount = 0;
    QString error;
};

",""
"Property:src/ui/include/previewdecodeutils.h:PreviewExpressionResult.ok","ok","src/ui/include/previewdecodeutils.h",24,24,"
struct PreviewExpressionResult {
    bool ok = false;
    qint64 value = 0;
    QString error;
",""
"Property:src/ui/include/previewdecodeutils.h:PreviewExpressionResult.value","value","src/ui/include/previewdecodeutils.h",25,25,"struct PreviewExpressionResult {
    bool ok = false;
    qint64 value = 0;
    QString error;
    QString missingVariable;
",""
"Property:src/ui/include/previewdecodeutils.h:PreviewExpressionResult.error","error","src/ui/include/previewdecodeutils.h",26,26,"    bool ok = false;
    qint64 value = 0;
    QString error;
    QString missingVariable;
};
",""
"Property:src/ui/include/previewdecodeutils.h:PreviewExpressionResult.missingVariable","missingVariable","src/ui/include/previewdecodeutils.h",27,27,"    qint64 value = 0;
    QString error;
    QString missingVariable;
};

",""
"Property:src/ui/include/previewconfigparser.h:PreviewParseResult.previews","previews","src/ui/include/previewconfigparser.h",9,9,"
struct PreviewParseResult {
    QVector<PreviewDefinition> previews;
    QMap<QString, PreviewFieldSpec> blocks;
    QStringList errors;
",""
"Property:src/ui/include/previewconfigparser.h:PreviewParseResult.blocks","blocks","src/ui/include/previewconfigparser.h",10,10,"struct PreviewParseResult {
    QVector<PreviewDefinition> previews;
    QMap<QString, PreviewFieldSpec> blocks;
    QStringList errors;
    QStringList warnings;
",""
"Property:src/ui/include/previewconfigparser.h:PreviewParseResult.errors","errors","src/ui/include/previewconfigparser.h",11,11,"    QVector<PreviewDefinition> previews;
    QMap<QString, PreviewFieldSpec> blocks;
    QStringList errors;
    QStringList warnings;
};
",""
"Property:src/ui/include/previewconfigparser.h:PreviewParseResult.warnings","warnings","src/ui/include/previewconfigparser.h",12,12,"    QMap<QString, PreviewFieldSpec> blocks;
    QStringList errors;
    QStringList warnings;
};

",""
"Property:src/ui/include/previewconfig.h:PreviewValueExpr.isSet","isSet","src/ui/include/previewconfig.h",24,24,"
struct PreviewValueExpr {
    bool isSet = false;
    bool isLiteral = false;
    int literalValue = 0;
",""
"Property:src/ui/include/previewconfig.h:PreviewValueExpr.isLiteral","isLiteral","src/ui/include/previewconfig.h",25,25,"struct PreviewValueExpr {
    bool isSet = false;
    bool isLiteral = false;
    int literalValue = 0;
    QString expression;
",""
"Property:src/ui/include/previewconfig.h:PreviewValueExpr.literalValue","literalValue","src/ui/include/previewconfig.h",26,26,"    bool isSet = false;
    bool isLiteral = false;
    int literalValue = 0;
    QString expression;
};
",""
"Property:src/ui/include/previewconfig.h:PreviewValueExpr.expression","expression","src/ui/include/previewconfig.h",27,27,"    bool isLiteral = false;
    int literalValue = 0;
    QString expression;
};

",""
"Property:src/ui/include/previewconfig.h:PreviewCaptureRef.isSet","isSet","src/ui/include/previewconfig.h",31,31,"
struct PreviewCaptureRef {
    bool isSet = false;
    bool isIndex = false;
    int index = 0;
",""
"Property:src/ui/include/previewconfig.h:PreviewCaptureRef.isIndex","isIndex","src/ui/include/previewconfig.h",32,32,"struct PreviewCaptureRef {
    bool isSet = false;
    bool isIndex = false;
    int index = 0;
    QString name;
",""
"Property:src/ui/include/previewconfig.h:PreviewCaptureRef.index","index","src/ui/include/previewconfig.h",33,33,"    bool isSet = false;
    bool isIndex = false;
    int index = 0;
    QString name;
};
",""
"Property:src/ui/include/previewconfig.h:PreviewCaptureRef.name","name","src/ui/include/previewconfig.h",34,34,"    bool isIndex = false;
    int index = 0;
    QString name;
};

",""
"Property:src/ui/include/previewconfig.h:PreviewFieldSpec.name","name","src/ui/include/previewconfig.h",38,38,"
struct PreviewFieldSpec {
    QString name;
    PreviewFieldSource source = PreviewFieldSource::Buffer;
    PreviewCaptureRef capture;
",""
"Property:src/ui/include/previewconfig.h:PreviewFieldSpec.source","source","src/ui/include/previewconfig.h",39,39,"struct PreviewFieldSpec {
    QString name;
    PreviewFieldSource source = PreviewFieldSource::Buffer;
    PreviewCaptureRef capture;
    PreviewValueExpr offset;
",""
"Property:src/ui/include/previewconfig.h:PreviewFieldSpec.capture","capture","src/ui/include/previewconfig.h",40,40,"    QString name;
    PreviewFieldSource source = PreviewFieldSource::Buffer;
    PreviewCaptureRef capture;
    PreviewValueExpr offset;
    PreviewValueExpr width;
",""
"Property:src/ui/include/previewconfig.h:PreviewFieldSpec.offset","offset","src/ui/include/previewconfig.h",41,41,"    PreviewFieldSource source = PreviewFieldSource::Buffer;
    PreviewCaptureRef capture;
    PreviewValueExpr offset;
    PreviewValueExpr width;
    PreviewBufferType type = PreviewBufferType::Bytes;
",""
"Property:src/ui/include/previewconfig.h:PreviewFieldSpec.width","width","src/ui/include/previewconfig.h",42,42,"    PreviewCaptureRef capture;
    PreviewValueExpr offset;
    PreviewValueExpr width;
    PreviewBufferType type = PreviewBufferType::Bytes;
    PreviewFormat format = PreviewFormat::String;
",""
"Property:src/ui/include/previewconfig.h:PreviewFieldSpec.type","type","src/ui/include/previewconfig.h",43,43,"    PreviewValueExpr offset;
    PreviewValueExpr width;
    PreviewBufferType type = PreviewBufferType::Bytes;
    PreviewFormat format = PreviewFormat::String;
    QString regex;
",""
"Property:src/ui/include/previewconfig.h:PreviewFieldSpec.format","format","src/ui/include/previewconfig.h",44,44,"    PreviewValueExpr width;
    PreviewBufferType type = PreviewBufferType::Bytes;
    PreviewFormat format = PreviewFormat::String;
    QString regex;
    QRegularExpression compiledRegex;
",""
"Property:src/ui/include/previewconfig.h:PreviewFieldSpec.regex","regex","src/ui/include/previewconfig.h",45,45,"    PreviewBufferType type = PreviewBufferType::Bytes;
    PreviewFormat format = PreviewFormat::String;
    QString regex;
    QRegularExpression compiledRegex;
    PreviewCaptureRef bufferCapture;
",""
"Property:src/ui/include/previewconfig.h:PreviewFieldSpec.compiledRegex","compiledRegex","src/ui/include/previewconfig.h",46,46,"    PreviewFormat format = PreviewFormat::String;
    QString regex;
    QRegularExpression compiledRegex;
    PreviewCaptureRef bufferCapture;
    QString blockTemplate;
",""
"Property:src/ui/include/previewconfig.h:PreviewFieldSpec.bufferCapture","bufferCapture","src/ui/include/previewconfig.h",47,47,"    QString regex;
    QRegularExpression compiledRegex;
    PreviewCaptureRef bufferCapture;
    QString blockTemplate;
    QString endianness;
",""
"Property:src/ui/include/previewconfig.h:PreviewFieldSpec.blockTemplate","blockTemplate","src/ui/include/previewconfig.h",48,48,"    QRegularExpression compiledRegex;
    PreviewCaptureRef bufferCapture;
    QString blockTemplate;
    QString endianness;
    QMap<QString, QString> enumMap;
",""
"Property:src/ui/include/previewconfig.h:PreviewFieldSpec.endianness","endianness","src/ui/include/previewconfig.h",49,49,"    PreviewCaptureRef bufferCapture;
    QString blockTemplate;
    QString endianness;
    QMap<QString, QString> enumMap;
    QMap<QString, QString> flagMap;
",""
"Property:src/ui/include/previewconfig.h:PreviewFieldSpec.enumMap","enumMap","src/ui/include/previewconfig.h",50,50,"    QString blockTemplate;
    QString endianness;
    QMap<QString, QString> enumMap;
    QMap<QString, QString> flagMap;
    QVector<PreviewFieldSpec> fields;
",""
"Property:src/ui/include/previewconfig.h:PreviewFieldSpec.flagMap","flagMap","src/ui/include/previewconfig.h",51,51,"    QString endianness;
    QMap<QString, QString> enumMap;
    QMap<QString, QString> flagMap;
    QVector<PreviewFieldSpec> fields;
    QVector<PreviewFieldSpec> bitfieldMap;
",""
"Property:src/ui/include/previewconfig.h:PreviewFieldSpec.fields","fields","src/ui/include/previewconfig.h",52,52,"    QMap<QString, QString> enumMap;
    QMap<QString, QString> flagMap;
    QVector<PreviewFieldSpec> fields;
    QVector<PreviewFieldSpec> bitfieldMap;
};
",""
"Property:src/ui/include/previewconfig.h:PreviewFieldSpec.bitfieldMap","bitfieldMap","src/ui/include/previewconfig.h",53,53,"    QMap<QString, QString> flagMap;
    QVector<PreviewFieldSpec> fields;
    QVector<PreviewFieldSpec> bitfieldMap;
};

",""
"Property:src/ui/include/previewconfig.h:PreviewDefinition.name","name","src/ui/include/previewconfig.h",57,57,"
struct PreviewDefinition {
    QString name;
    QString regex;
    QRegularExpression compiled;
",""
"Property:src/ui/include/previewconfig.h:PreviewDefinition.regex","regex","src/ui/include/previewconfig.h",58,58,"struct PreviewDefinition {
    QString name;
    QString regex;
    QRegularExpression compiled;
    bool enabled = true;
",""
"Property:src/ui/include/previewconfig.h:PreviewDefinition.compiled","compiled","src/ui/include/previewconfig.h",59,59,"    QString name;
    QString regex;
    QRegularExpression compiled;
    bool enabled = true;
    bool hasEnabled = false;
",""
"Property:src/ui/include/previewconfig.h:PreviewDefinition.enabled","enabled","src/ui/include/previewconfig.h",60,60,"    QString regex;
    QRegularExpression compiled;
    bool enabled = true;
    bool hasEnabled = false;
    PreviewCaptureRef bufferCapture;
",""
"Property:src/ui/include/previewconfig.h:PreviewDefinition.hasEnabled","hasEnabled","src/ui/include/previewconfig.h",61,61,"    QRegularExpression compiled;
    bool enabled = true;
    bool hasEnabled = false;
    PreviewCaptureRef bufferCapture;
    PreviewValueExpr offset;
",""
"Property:src/ui/include/previewconfig.h:PreviewDefinition.bufferCapture","bufferCapture","src/ui/include/previewconfig.h",62,62,"    bool enabled = true;
    bool hasEnabled = false;
    PreviewCaptureRef bufferCapture;
    PreviewValueExpr offset;
    PreviewBufferType type = PreviewBufferType::String;
",""
"Property:src/ui/include/previewconfig.h:PreviewDefinition.offset","offset","src/ui/include/previewconfig.h",63,63,"    bool hasEnabled = false;
    PreviewCaptureRef bufferCapture;
    PreviewValueExpr offset;
    PreviewBufferType type = PreviewBufferType::String;
    PreviewFormat format = PreviewFormat::Fields;
",""
"Property:src/ui/include/previewconfig.h:PreviewDefinition.type","type","src/ui/include/previewconfig.h",64,64,"    PreviewCaptureRef bufferCapture;
    PreviewValueExpr offset;
    PreviewBufferType type = PreviewBufferType::String;
    PreviewFormat format = PreviewFormat::Fields;
    QVector<PreviewFieldSpec> fields;
",""
"Property:src/ui/include/previewconfig.h:PreviewDefinition.format","format","src/ui/include/previewconfig.h",65,65,"    PreviewValueExpr offset;
    PreviewBufferType type = PreviewBufferType::String;
    PreviewFormat format = PreviewFormat::Fields;
    QVector<PreviewFieldSpec> fields;
};
",""
"Property:src/ui/include/previewconfig.h:PreviewDefinition.fields","fields","src/ui/include/previewconfig.h",66,66,"    PreviewBufferType type = PreviewBufferType::String;
    PreviewFormat format = PreviewFormat::Fields;
    QVector<PreviewFieldSpec> fields;
};

",""
"Property:src/ui/include/predefinedfiltersdialog.h:PredefinedFiltersDialog.public","public","src/ui/include/predefinedfiltersdialog.h",49,52,"
class PredefinedFiltersDialog : public QDialog, public Ui::PredefinedFiltersDialog {
    Q_OBJECT

  public:
    PredefinedFiltersDialog( QWidget* parent = nullptr );
    PredefinedFiltersDialog( const QString& newFilter, QWidget* parent = nullptr );

",""
"Property:src/ui/include/predefinedfilterscombobox.h:PredefinedFiltersComboBox.public","public","src/ui/include/predefinedfilterscombobox.h",51,54,"
class PredefinedFiltersComboBox final : public QComboBox {
    Q_OBJECT

  public:
    explicit PredefinedFiltersComboBox( QWidget* parent );

    ~PredefinedFiltersComboBox() = default;
",""
"Property:src/ui/include/predefinedfilterscombobox.h:PredefinedFiltersComboBox.filtersCollection_","filtersCollection_","src/ui/include/predefinedfilterscombobox.h",80,80,"
  private:
    PredefinedFiltersCollection filtersCollection_;

    QStandardItemModel* model_;
",""
"Property:src/ui/include/predefinedfilterscombobox.h:PredefinedFiltersComboBox.model_","model_","src/ui/include/predefinedfilterscombobox.h",82,82,"    PredefinedFiltersCollection filtersCollection_;

    QStandardItemModel* model_;
    struct SearchPatternState {
        QString lastOne_;
",""
"Property:src/ui/include/predefinedfilterscombobox.h:SearchPatternState.lastOne_","lastOne_","src/ui/include/predefinedfilterscombobox.h",84,84,"    QStandardItemModel* model_;
    struct SearchPatternState {
        QString lastOne_;
        QString newOne_;
        bool useLogicalCombining_{false};
",""
"Property:src/ui/include/predefinedfilterscombobox.h:SearchPatternState.newOne_","newOne_","src/ui/include/predefinedfilterscombobox.h",85,85,"    struct SearchPatternState {
        QString lastOne_;
        QString newOne_;
        bool useLogicalCombining_{false};
    }; 
",""
"Property:src/ui/include/predefinedfilterscombobox.h:SearchPatternState.useLogicalCombining_","useLogicalCombining_","src/ui/include/predefinedfilterscombobox.h",86,86,"        QString lastOne_;
        QString newOne_;
        bool useLogicalCombining_{false};
    }; 
    SearchPatternState searchPattern_;
",""
"Property:src/ui/include/predefinedfilterscombobox.h:PredefinedFiltersComboBox.searchPattern_","searchPattern_","src/ui/include/predefinedfilterscombobox.h",88,88,"        bool useLogicalCombining_{false};
    }; 
    SearchPatternState searchPattern_;
    bool ignoreCollecting_{false};
};
",""
"Property:src/ui/include/predefinedfilterscombobox.h:PredefinedFiltersComboBox.ignoreCollecting_","ignoreCollecting_","src/ui/include/predefinedfilterscombobox.h",89,89,"    }; 
    SearchPatternState searchPattern_;
    bool ignoreCollecting_{false};
};

",""
"Property:src/ui/include/predefinedfilters.h:PredefinedFilter.id","id","src/ui/include/predefinedfilters.h",48,48,"
struct PredefinedFilter {
    QString id;
    QString name;
    QString pattern;
",""
"Property:src/ui/include/predefinedfilters.h:PredefinedFilter.name","name","src/ui/include/predefinedfilters.h",49,49,"struct PredefinedFilter {
    QString id;
    QString name;
    QString pattern;
    bool useRegex;
",""
"Property:src/ui/include/predefinedfilters.h:PredefinedFilter.pattern","pattern","src/ui/include/predefinedfilters.h",50,50,"    QString id;
    QString name;
    QString pattern;
    bool useRegex;
};
",""
"Property:src/ui/include/predefinedfilters.h:PredefinedFilter.useRegex","useRegex","src/ui/include/predefinedfilters.h",51,51,"    QString name;
    QString pattern;
    bool useRegex;
};

",""
"Property:src/ui/include/predefinedfilters.h:PredefinedFiltersCollection.PredefinedFiltersCollection_VERSION","PredefinedFiltersCollection_VERSION","src/ui/include/predefinedfilters.h",73,73,"
  private:
    static constexpr int PredefinedFiltersCollection_VERSION = 3;

    Collection filters_;
",""
"Property:src/ui/include/predefinedfilters.h:PredefinedFiltersCollection.filters_","filters_","src/ui/include/predefinedfilters.h",75,75,"    static constexpr int PredefinedFiltersCollection_VERSION = 3;

    Collection filters_;
};

",""
"Property:src/ui/include/pathline.h:PathLine.public","public","src/ui/include/pathline.h",26,29,"class PathLine : public InfoLine
{
  Q_OBJECT

public:
    void setPath(const QString& path);

  protected:
",""
"Property:src/ui/include/pathline.h:PathLine.path_","path_","src/ui/include/pathline.h",35,35,"
  private:
    QString path_;
};

",""
"Property:src/ui/include/overviewwidget.h:OverviewWidget.public","public","src/ui/include/overviewwidget.h",30,33,"
class OverviewWidget : public QWidget {
    Q_OBJECT

  public:
    explicit OverviewWidget( QWidget* parent = nullptr );

    // Associate the widget with an Overview object.
",""
"Property:src/ui/include/overviewwidget.h:OverviewWidget.","","src/ui/include/overviewwidget.h",53,55,"    void timerEvent( QTimerEvent* event ) override;

  Q_SIGNALS:
    // Sent when the user click on a line in the Overview.
    void lineClicked( LineNumber line );

  private:
",""
"Property:src/ui/include/overviewwidget.h:OverviewWidget.LINE_MARGIN","LINE_MARGIN","src/ui/include/overviewwidget.h",59,59,"  private:
    // Constants
    static constexpr int LINE_MARGIN = 4;
    static constexpr int STEP_DURATION_MS = 30;
    static constexpr int INITIAL_TTL_VALUE = 5;
",""
"Property:src/ui/include/overviewwidget.h:OverviewWidget.STEP_DURATION_MS","STEP_DURATION_MS","src/ui/include/overviewwidget.h",60,60,"    // Constants
    static constexpr int LINE_MARGIN = 4;
    static constexpr int STEP_DURATION_MS = 30;
    static constexpr int INITIAL_TTL_VALUE = 5;

",""
"Property:src/ui/include/overviewwidget.h:OverviewWidget.INITIAL_TTL_VALUE","INITIAL_TTL_VALUE","src/ui/include/overviewwidget.h",61,61,"    static constexpr int LINE_MARGIN = 4;
    static constexpr int STEP_DURATION_MS = 30;
    static constexpr int INITIAL_TTL_VALUE = 5;

    Overview* overview_ = nullptr;
",""
"Property:src/ui/include/overviewwidget.h:OverviewWidget.overview_","overview_","src/ui/include/overviewwidget.h",63,63,"    static constexpr int INITIAL_TTL_VALUE = 5;

    Overview* overview_ = nullptr;

    // Highlight:
",""
"Property:src/ui/include/overviewwidget.h:OverviewWidget.highlightedLine_","highlightedLine_","src/ui/include/overviewwidget.h",67,67,"    // Highlight:
    // Which line is higlighted
    OptionalLineNumber highlightedLine_;
    // Number of step until the highlight become static
    int highlightedTTL_ = 0;
",""
"Property:src/ui/include/overviewwidget.h:OverviewWidget.highlightedTTL_","highlightedTTL_","src/ui/include/overviewwidget.h",69,69,"    OptionalLineNumber highlightedLine_;
    // Number of step until the highlight become static
    int highlightedTTL_ = 0;

    QBasicTimer highlightTimer_;
",""
"Property:src/ui/include/overviewwidget.h:OverviewWidget.highlightTimer_","highlightTimer_","src/ui/include/overviewwidget.h",71,71,"    int highlightedTTL_ = 0;

    QBasicTimer highlightTimer_;

    void handleMousePress( int position );
",""
"Property:src/ui/include/overview.h:WeightedLine.WEIGHT_STEPS","WEIGHT_STEPS","src/ui/include/overview.h",39,39,"    class WeightedLine {
      public:
        static constexpr int WEIGHT_STEPS = 3;

        WeightedLine()
",""
"Property:src/ui/include/overview.h:WeightedLine.pos_","pos_","src/ui/include/overview.h",68,68,"
      private:
        int pos_;
        int weight_;
    };
",""
"Property:src/ui/include/overview.h:WeightedLine.weight_","weight_","src/ui/include/overview.h",69,69,"      private:
        int pos_;
        int weight_;
    };

",""
"Property:src/ui/include/overview.h:Overview.logFilteredData_","logFilteredData_","src/ui/include/overview.h",118,118,"  private:
    // List of matches associated with this Overview.
    const LogFilteredData* logFilteredData_;
    // Total number of lines in the file.
    LinesCount linesInFile_;
",""
"Property:src/ui/include/overview.h:Overview.linesInFile_","linesInFile_","src/ui/include/overview.h",120,120,"    const LogFilteredData* logFilteredData_;
    // Total number of lines in the file.
    LinesCount linesInFile_;
    // Whether the overview is visible.
    bool visible_;
",""
"Property:src/ui/include/overview.h:Overview.visible_","visible_","src/ui/include/overview.h",122,122,"    LinesCount linesInFile_;
    // Whether the overview is visible.
    bool visible_;
    // First and last line currently viewed.
    LineNumber topLine_;
",""
"Property:src/ui/include/overview.h:Overview.topLine_","topLine_","src/ui/include/overview.h",124,124,"    bool visible_;
    // First and last line currently viewed.
    LineNumber topLine_;
    LinesCount nbLines_;
    // Current height of view window.
",""
"Property:src/ui/include/overview.h:Overview.nbLines_","nbLines_","src/ui/include/overview.h",125,125,"    // First and last line currently viewed.
    LineNumber topLine_;
    LinesCount nbLines_;
    // Current height of view window.
    unsigned height_;
",""
"Property:src/ui/include/overview.h:Overview.height_","height_","src/ui/include/overview.h",127,127,"    LinesCount nbLines_;
    // Current height of view window.
    unsigned height_;
    // Does the cache (matchesLines, markLines) need to be recalculated.
    bool dirty_;
",""
"Property:src/ui/include/overview.h:Overview.dirty_","dirty_","src/ui/include/overview.h",129,129,"    unsigned height_;
    // Does the cache (matchesLines, markLines) need to be recalculated.
    bool dirty_;

    // List of lines representing matches and marks (are shared with the client)
",""
"Property:src/ui/include/overview.h:Overview.matchLines_","matchLines_","src/ui/include/overview.h",132,132,"
    // List of lines representing matches and marks (are shared with the client)
    klogg::vector<WeightedLine> matchLines_;
    klogg::vector<WeightedLine> markLines_;

",""
"Property:src/ui/include/overview.h:Overview.markLines_","markLines_","src/ui/include/overview.h",133,133,"    // List of lines representing matches and marks (are shared with the client)
    klogg::vector<WeightedLine> matchLines_;
    klogg::vector<WeightedLine> markLines_;

    void recalculatesLines();
",""
"Property:src/ui/include/optionsdialog.h:KeySequencePresenter.public","public","src/ui/include/optionsdialog.h",53,55,"
class KeySequencePresenter : public QWidget {
    Q_OBJECT
  public:
    explicit KeySequencePresenter( const QString& keySequence );

    QString keySequence() const;
",""
"Property:src/ui/include/optionsdialog.h:KeySequencePresenter.keySequenceLabel_","keySequenceLabel_","src/ui/include/optionsdialog.h",66,66,"
  private:
    QLabel* keySequenceLabel_;
};

",""
"Property:src/ui/include/optionsdialog.h:OptionsDialog.public","public","src/ui/include/optionsdialog.h",71,74,"// Implements the main option dialog box
class OptionsDialog : public QDialog, public Ui::OptionsDialog {
    Q_OBJECT

  public:
    explicit OptionsDialog( QWidget* parent = nullptr );

  Q_SIGNALS:
",""
"Property:src/ui/include/optionsdialog.h:OptionsDialog.","","src/ui/include/optionsdialog.h",76,78,"    explicit OptionsDialog( QWidget* parent = nullptr );

  Q_SIGNALS:
    // Is emitted when new settings must be used
    void optionsChanged();

  private Q_SLOTS:
",""
"Property:src/ui/include/optionsdialog.h:OptionsDialog.mainSearchColor_","mainSearchColor_","src/ui/include/optionsdialog.h",121,121,"    void updateDialogFromConfig();

    QColor mainSearchColor_;
    QColor qfSearchColor_;
};
",""
"Property:src/ui/include/optionsdialog.h:OptionsDialog.qfSearchColor_","qfSearchColor_","src/ui/include/optionsdialog.h",122,122,"
    QColor mainSearchColor_;
    QColor qfSearchColor_;
};

",""
"Property:src/ui/include/opencomportdialog.h:OpenComPortDialog.public","public","src/ui/include/opencomportdialog.h",13,16,"
class OpenComPortDialog : public QDialog {
    Q_OBJECT

  public:
    explicit OpenComPortDialog( QWidget* parent = nullptr );
    SerialCaptureSettings settings() const;

",""
"Property:src/ui/include/opencomportdialog.h:OpenComPortDialog.portCombo_","portCombo_","src/ui/include/opencomportdialog.h",30,30,"    QString suggestedFileName() const;

    QComboBox* portCombo_ = nullptr;
    QComboBox* baudCombo_ = nullptr;
    QComboBox* dataBitsCombo_ = nullptr;
",""
"Property:src/ui/include/opencomportdialog.h:OpenComPortDialog.baudCombo_","baudCombo_","src/ui/include/opencomportdialog.h",31,31,"
    QComboBox* portCombo_ = nullptr;
    QComboBox* baudCombo_ = nullptr;
    QComboBox* dataBitsCombo_ = nullptr;
    QComboBox* parityCombo_ = nullptr;
",""
"Property:src/ui/include/opencomportdialog.h:OpenComPortDialog.dataBitsCombo_","dataBitsCombo_","src/ui/include/opencomportdialog.h",32,32,"    QComboBox* portCombo_ = nullptr;
    QComboBox* baudCombo_ = nullptr;
    QComboBox* dataBitsCombo_ = nullptr;
    QComboBox* parityCombo_ = nullptr;
    QComboBox* stopBitsCombo_ = nullptr;
",""
"Property:src/ui/include/opencomportdialog.h:OpenComPortDialog.parityCombo_","parityCombo_","src/ui/include/opencomportdialog.h",33,33,"    QComboBox* baudCombo_ = nullptr;
    QComboBox* dataBitsCombo_ = nullptr;
    QComboBox* parityCombo_ = nullptr;
    QComboBox* stopBitsCombo_ = nullptr;
    QComboBox* flowCombo_ = nullptr;
",""
"Property:src/ui/include/opencomportdialog.h:OpenComPortDialog.stopBitsCombo_","stopBitsCombo_","src/ui/include/opencomportdialog.h",34,34,"    QComboBox* dataBitsCombo_ = nullptr;
    QComboBox* parityCombo_ = nullptr;
    QComboBox* stopBitsCombo_ = nullptr;
    QComboBox* flowCombo_ = nullptr;
    QLineEdit* fileEdit_ = nullptr;
",""
"Property:src/ui/include/opencomportdialog.h:OpenComPortDialog.flowCombo_","flowCombo_","src/ui/include/opencomportdialog.h",35,35,"    QComboBox* parityCombo_ = nullptr;
    QComboBox* stopBitsCombo_ = nullptr;
    QComboBox* flowCombo_ = nullptr;
    QLineEdit* fileEdit_ = nullptr;
    QCheckBox* timestampCheck_ = nullptr;
",""
"Property:src/ui/include/opencomportdialog.h:OpenComPortDialog.fileEdit_","fileEdit_","src/ui/include/opencomportdialog.h",36,36,"    QComboBox* stopBitsCombo_ = nullptr;
    QComboBox* flowCombo_ = nullptr;
    QLineEdit* fileEdit_ = nullptr;
    QCheckBox* timestampCheck_ = nullptr;
    QLineEdit* timestampFormatEdit_ = nullptr;
",""
"Property:src/ui/include/opencomportdialog.h:OpenComPortDialog.timestampCheck_","timestampCheck_","src/ui/include/opencomportdialog.h",37,37,"    QComboBox* flowCombo_ = nullptr;
    QLineEdit* fileEdit_ = nullptr;
    QCheckBox* timestampCheck_ = nullptr;
    QLineEdit* timestampFormatEdit_ = nullptr;
    QCheckBox* logTxCheck_ = nullptr;
",""
"Property:src/ui/include/opencomportdialog.h:OpenComPortDialog.timestampFormatEdit_","timestampFormatEdit_","src/ui/include/opencomportdialog.h",38,38,"    QLineEdit* fileEdit_ = nullptr;
    QCheckBox* timestampCheck_ = nullptr;
    QLineEdit* timestampFormatEdit_ = nullptr;
    QCheckBox* logTxCheck_ = nullptr;
    QCheckBox* useForActionsCheck_ = nullptr;
",""
"Property:src/ui/include/opencomportdialog.h:OpenComPortDialog.logTxCheck_","logTxCheck_","src/ui/include/opencomportdialog.h",39,39,"    QCheckBox* timestampCheck_ = nullptr;
    QLineEdit* timestampFormatEdit_ = nullptr;
    QCheckBox* logTxCheck_ = nullptr;
    QCheckBox* useForActionsCheck_ = nullptr;
    QPushButton* browseButton_ = nullptr;
",""
"Property:src/ui/include/opencomportdialog.h:OpenComPortDialog.useForActionsCheck_","useForActionsCheck_","src/ui/include/opencomportdialog.h",40,40,"    QLineEdit* timestampFormatEdit_ = nullptr;
    QCheckBox* logTxCheck_ = nullptr;
    QCheckBox* useForActionsCheck_ = nullptr;
    QPushButton* browseButton_ = nullptr;
    QDialogButtonBox* buttonBox_ = nullptr;
",""
"Property:src/ui/include/opencomportdialog.h:OpenComPortDialog.browseButton_","browseButton_","src/ui/include/opencomportdialog.h",41,41,"    QCheckBox* logTxCheck_ = nullptr;
    QCheckBox* useForActionsCheck_ = nullptr;
    QPushButton* browseButton_ = nullptr;
    QDialogButtonBox* buttonBox_ = nullptr;
    QPushButton* openButton_ = nullptr;
",""
"Property:src/ui/include/opencomportdialog.h:OpenComPortDialog.buttonBox_","buttonBox_","src/ui/include/opencomportdialog.h",42,42,"    QCheckBox* useForActionsCheck_ = nullptr;
    QPushButton* browseButton_ = nullptr;
    QDialogButtonBox* buttonBox_ = nullptr;
    QPushButton* openButton_ = nullptr;

",""
"Property:src/ui/include/opencomportdialog.h:OpenComPortDialog.openButton_","openButton_","src/ui/include/opencomportdialog.h",43,43,"    QPushButton* browseButton_ = nullptr;
    QDialogButtonBox* buttonBox_ = nullptr;
    QPushButton* openButton_ = nullptr;

    QString lastSuggestedPath_;
",""
"Property:src/ui/include/opencomportdialog.h:OpenComPortDialog.lastSuggestedPath_","lastSuggestedPath_","src/ui/include/opencomportdialog.h",45,45,"    QPushButton* openButton_ = nullptr;

    QString lastSuggestedPath_;
    bool userEditedPath_ = false;
};
",""
"Property:src/ui/include/opencomportdialog.h:OpenComPortDialog.userEditedPath_","userEditedPath_","src/ui/include/opencomportdialog.h",46,46,"
    QString lastSuggestedPath_;
    bool userEditedPath_ = false;
};
",""
"Property:src/ui/include/menu.h:MenuActionToolTipBehavior.public","public","src/ui/include/menu.h",35,38,"// files in the file menu. Not thread-safe.
class MenuActionToolTipBehavior : public QObject {
    Q_OBJECT

  public:
    MenuActionToolTipBehavior( QAction* menuAction, QMenu* menuParent, QObject* parent );

    // Time in ms that mouse needs to stay unmoved for tooltip to be shown
",""
"Property:src/ui/include/menu.h:MenuActionToolTipBehavior.action","action","src/ui/include/menu.h",52,52,"
  private:
    QAction* action;
    QMenu* parentMenu;
    int toolTipDelayMs;
",""
"Property:src/ui/include/menu.h:MenuActionToolTipBehavior.parentMenu","parentMenu","src/ui/include/menu.h",53,53,"  private:
    QAction* action;
    QMenu* parentMenu;
    int toolTipDelayMs;
    int timerId;
",""
"Property:src/ui/include/menu.h:MenuActionToolTipBehavior.toolTipDelayMs","toolTipDelayMs","src/ui/include/menu.h",54,54,"    QAction* action;
    QMenu* parentMenu;
    int toolTipDelayMs;
    int timerId;
    QPoint hoverPoint;
",""
"Property:src/ui/include/menu.h:MenuActionToolTipBehavior.timerId","timerId","src/ui/include/menu.h",55,55,"    QMenu* parentMenu;
    int toolTipDelayMs;
    int timerId;
    QPoint hoverPoint;
};
",""
"Property:src/ui/include/menu.h:MenuActionToolTipBehavior.hoverPoint","hoverPoint","src/ui/include/menu.h",56,56,"    int toolTipDelayMs;
    int timerId;
    QPoint hoverPoint;
};

",""
"Property:src/ui/include/menu.h:HoverMenu.mouseInMenu_","mouseInMenu_","src/ui/include/menu.h",73,73,"
  private:
    bool mouseInMenu_;
};

",""
"Property:src/ui/include/mainwindow.h:MainWindow.public","public","src/ui/include/mainwindow.h",81,84,"// the CrawlerWidget
class MainWindow : public QMainWindow {
    Q_OBJECT

  public:
    explicit MainWindow( WindowSession session );

    // Re-install the geometry stored in config file
",""
"Property:src/ui/include/mainwindow.h:MainWindow.","","src/ui/include/mainwindow.h",203,205,"    void changeQFPattern( const QString& newPattern );

  Q_SIGNALS:
    // Is emitted when new settings must be used
    void optionsChanged();
    // Is emitted when the 'follow' option is enabled/disabled
    void followSet( bool checked );
",""
"Property:src/ui/include/mainwindow.h:ComCaptureStartOptions.allowActionsPrompt","allowActionsPrompt","src/ui/include/mainwindow.h",226,226,"        static ComCaptureStartOptions restore() { return { false, true, true, true }; }

        bool allowActionsPrompt = true;
        bool showErrors = true;
        bool nonBlockingErrors = false;
",""
"Property:src/ui/include/mainwindow.h:ComCaptureStartOptions.showErrors","showErrors","src/ui/include/mainwindow.h",227,227,"
        bool allowActionsPrompt = true;
        bool showErrors = true;
        bool nonBlockingErrors = false;
        bool restoreMode = false;
",""
"Property:src/ui/include/mainwindow.h:ComCaptureStartOptions.nonBlockingErrors","nonBlockingErrors","src/ui/include/mainwindow.h",228,228,"        bool allowActionsPrompt = true;
        bool showErrors = true;
        bool nonBlockingErrors = false;
        bool restoreMode = false;
    };
",""
"Property:src/ui/include/mainwindow.h:ComCaptureStartOptions.restoreMode","restoreMode","src/ui/include/mainwindow.h",229,229,"        bool showErrors = true;
        bool nonBlockingErrors = false;
        bool restoreMode = false;
    };

",""
"Property:src/ui/include/mainwindow.h:MainWindow.session_","session_","src/ui/include/mainwindow.h",325,325,"        void restoreGlobalScriptContext();

    WindowSession session_;
    QString loadingFileName;

",""
"Property:src/ui/include/mainwindow.h:MainWindow.loadingFileName","loadingFileName","src/ui/include/mainwindow.h",326,326,"
    WindowSession session_;
    QString loadingFileName;

    std::array<QAction*, MAX_RECENT_FILES> recentFileActions;
",""
"Property:src/ui/include/mainwindow.h:MainWindow.recentFileActions","recentFileActions","src/ui/include/mainwindow.h",328,328,"    QString loadingFileName;

    std::array<QAction*, MAX_RECENT_FILES> recentFileActions;
    QActionGroup* recentFilesGroup;

",""
"Property:src/ui/include/mainwindow.h:MainWindow.recentFilesGroup","recentFilesGroup","src/ui/include/mainwindow.h",329,329,"
    std::array<QAction*, MAX_RECENT_FILES> recentFileActions;
    QActionGroup* recentFilesGroup;

    QMenu* fileMenu;
",""
"Property:src/ui/include/mainwindow.h:MainWindow.fileMenu","fileMenu","src/ui/include/mainwindow.h",331,331,"    QActionGroup* recentFilesGroup;

    QMenu* fileMenu;
    QMenu* recentFilesMenu;
    QMenu* editMenu;
",""
"Property:src/ui/include/mainwindow.h:MainWindow.recentFilesMenu","recentFilesMenu","src/ui/include/mainwindow.h",332,332,"
    QMenu* fileMenu;
    QMenu* recentFilesMenu;
    QMenu* editMenu;
    QMenu* viewMenu;
",""
"Property:src/ui/include/mainwindow.h:MainWindow.editMenu","editMenu","src/ui/include/mainwindow.h",333,333,"    QMenu* fileMenu;
    QMenu* recentFilesMenu;
    QMenu* editMenu;
    QMenu* viewMenu;
    QMenu* toolsMenu;
",""
"Property:src/ui/include/mainwindow.h:MainWindow.viewMenu","viewMenu","src/ui/include/mainwindow.h",334,334,"    QMenu* recentFilesMenu;
    QMenu* editMenu;
    QMenu* viewMenu;
    QMenu* toolsMenu;
    QMenu* favoritesMenu;
",""
"Property:src/ui/include/mainwindow.h:MainWindow.toolsMenu","toolsMenu","src/ui/include/mainwindow.h",335,335,"    QMenu* editMenu;
    QMenu* viewMenu;
    QMenu* toolsMenu;
    QMenu* favoritesMenu;
    HighlightersMenu* highlightersMenu;
",""
"Property:src/ui/include/mainwindow.h:MainWindow.favoritesMenu","favoritesMenu","src/ui/include/mainwindow.h",336,336,"    QMenu* viewMenu;
    QMenu* toolsMenu;
    QMenu* favoritesMenu;
    HighlightersMenu* highlightersMenu;
    QMenu* openedFilesMenu;
",""
"Property:src/ui/include/mainwindow.h:MainWindow.highlightersMenu","highlightersMenu","src/ui/include/mainwindow.h",337,337,"    QMenu* toolsMenu;
    QMenu* favoritesMenu;
    HighlightersMenu* highlightersMenu;
    QMenu* openedFilesMenu;
    QMenu* helpMenu;
",""
"Property:src/ui/include/mainwindow.h:MainWindow.openedFilesMenu","openedFilesMenu","src/ui/include/mainwindow.h",338,338,"    QMenu* favoritesMenu;
    HighlightersMenu* highlightersMenu;
    QMenu* openedFilesMenu;
    QMenu* helpMenu;

",""
"Property:src/ui/include/mainwindow.h:MainWindow.helpMenu","helpMenu","src/ui/include/mainwindow.h",339,339,"    HighlightersMenu* highlightersMenu;
    QMenu* openedFilesMenu;
    QMenu* helpMenu;

    PathLine* infoLine;
",""
"Property:src/ui/include/mainwindow.h:MainWindow.infoLine","infoLine","src/ui/include/mainwindow.h",341,341,"    QMenu* helpMenu;

    PathLine* infoLine;
    QLabel* lineNbField;
    QLabel* sizeField;
",""
"Property:src/ui/include/mainwindow.h:MainWindow.lineNbField","lineNbField","src/ui/include/mainwindow.h",342,342,"
    PathLine* infoLine;
    QLabel* lineNbField;
    QLabel* sizeField;
    QLabel* dateField;
",""
"Property:src/ui/include/mainwindow.h:MainWindow.sizeField","sizeField","src/ui/include/mainwindow.h",343,343,"    PathLine* infoLine;
    QLabel* lineNbField;
    QLabel* sizeField;
    QLabel* dateField;
    QLabel* encodingField;
",""
"Property:src/ui/include/mainwindow.h:MainWindow.dateField","dateField","src/ui/include/mainwindow.h",344,344,"    QLabel* lineNbField;
    QLabel* sizeField;
    QLabel* dateField;
    QLabel* encodingField;
    QLabel* comPortField;
",""
"Property:src/ui/include/mainwindow.h:MainWindow.encodingField","encodingField","src/ui/include/mainwindow.h",345,345,"    QLabel* sizeField;
    QLabel* dateField;
    QLabel* encodingField;
    QLabel* comPortField;
    std::vector<QAction*> infoToolbarSeparators;
",""
"Property:src/ui/include/mainwindow.h:MainWindow.comPortField","comPortField","src/ui/include/mainwindow.h",346,346,"    QLabel* dateField;
    QLabel* encodingField;
    QLabel* comPortField;
    std::vector<QAction*> infoToolbarSeparators;

",""
"Property:src/ui/include/mainwindow.h:MainWindow.infoToolbarSeparators","infoToolbarSeparators","src/ui/include/mainwindow.h",347,347,"    QLabel* encodingField;
    QLabel* comPortField;
    std::vector<QAction*> infoToolbarSeparators;

    QToolBar* toolBar;
",""
"Property:src/ui/include/mainwindow.h:MainWindow.toolBar","toolBar","src/ui/include/mainwindow.h",349,349,"    std::vector<QAction*> infoToolbarSeparators;

    QToolBar* toolBar;

    QAction* newWindowAction;
",""
"Property:src/ui/include/mainwindow.h:MainWindow.newWindowAction","newWindowAction","src/ui/include/mainwindow.h",351,351,"    QToolBar* toolBar;

    QAction* newWindowAction;
    QAction* openAction;
    QAction* openComPortAction;
",""
"Property:src/ui/include/mainwindow.h:MainWindow.openAction","openAction","src/ui/include/mainwindow.h",352,352,"
    QAction* newWindowAction;
    QAction* openAction;
    QAction* openComPortAction;
    QAction* closeAction;
",""
"Property:src/ui/include/mainwindow.h:MainWindow.openComPortAction","openComPortAction","src/ui/include/mainwindow.h",353,353,"    QAction* newWindowAction;
    QAction* openAction;
    QAction* openComPortAction;
    QAction* closeAction;
    QAction* closeAllAction;
",""
"Property:src/ui/include/mainwindow.h:MainWindow.closeAction","closeAction","src/ui/include/mainwindow.h",354,354,"    QAction* openAction;
    QAction* openComPortAction;
    QAction* closeAction;
    QAction* closeAllAction;
    QAction* exitAction;
",""
"Property:src/ui/include/mainwindow.h:MainWindow.closeAllAction","closeAllAction","src/ui/include/mainwindow.h",355,355,"    QAction* openComPortAction;
    QAction* closeAction;
    QAction* closeAllAction;
    QAction* exitAction;
    QAction* copyAction;
",""
"Property:src/ui/include/mainwindow.h:MainWindow.exitAction","exitAction","src/ui/include/mainwindow.h",356,356,"    QAction* closeAction;
    QAction* closeAllAction;
    QAction* exitAction;
    QAction* copyAction;
    QAction* selectAllAction;
",""
"Property:src/ui/include/mainwindow.h:MainWindow.copyAction","copyAction","src/ui/include/mainwindow.h",357,357,"    QAction* closeAllAction;
    QAction* exitAction;
    QAction* copyAction;
    QAction* selectAllAction;
    QAction* goToLineAction;
",""
"Property:src/ui/include/mainwindow.h:MainWindow.selectAllAction","selectAllAction","src/ui/include/mainwindow.h",358,358,"    QAction* exitAction;
    QAction* copyAction;
    QAction* selectAllAction;
    QAction* goToLineAction;
    QAction* findAction;
",""
"Property:src/ui/include/mainwindow.h:MainWindow.goToLineAction","goToLineAction","src/ui/include/mainwindow.h",359,359,"    QAction* copyAction;
    QAction* selectAllAction;
    QAction* goToLineAction;
    QAction* findAction;
    QAction* clearLogAction;
",""
"Property:src/ui/include/mainwindow.h:MainWindow.findAction","findAction","src/ui/include/mainwindow.h",360,360,"    QAction* selectAllAction;
    QAction* goToLineAction;
    QAction* findAction;
    QAction* clearLogAction;
    QAction* copyPathToClipboardAction;
",""
"Property:src/ui/include/mainwindow.h:MainWindow.clearLogAction","clearLogAction","src/ui/include/mainwindow.h",361,361,"    QAction* goToLineAction;
    QAction* findAction;
    QAction* clearLogAction;
    QAction* copyPathToClipboardAction;
    QAction* openContainingFolderAction;
",""
"Property:src/ui/include/mainwindow.h:MainWindow.copyPathToClipboardAction","copyPathToClipboardAction","src/ui/include/mainwindow.h",362,362,"    QAction* findAction;
    QAction* clearLogAction;
    QAction* copyPathToClipboardAction;
    QAction* openContainingFolderAction;
    QAction* openInEditorAction;
",""
"Property:src/ui/include/mainwindow.h:MainWindow.openContainingFolderAction","openContainingFolderAction","src/ui/include/mainwindow.h",363,363,"    QAction* clearLogAction;
    QAction* copyPathToClipboardAction;
    QAction* openContainingFolderAction;
    QAction* openInEditorAction;
    QAction* openClipboardAction;
",""
"Property:src/ui/include/mainwindow.h:MainWindow.openInEditorAction","openInEditorAction","src/ui/include/mainwindow.h",364,364,"    QAction* copyPathToClipboardAction;
    QAction* openContainingFolderAction;
    QAction* openInEditorAction;
    QAction* openClipboardAction;
    QAction* openUrlAction;
",""
"Property:src/ui/include/mainwindow.h:MainWindow.openClipboardAction","openClipboardAction","src/ui/include/mainwindow.h",365,365,"    QAction* openContainingFolderAction;
    QAction* openInEditorAction;
    QAction* openClipboardAction;
    QAction* openUrlAction;
    QAction* overviewVisibleAction;
",""
"Property:src/ui/include/mainwindow.h:MainWindow.openUrlAction","openUrlAction","src/ui/include/mainwindow.h",366,366,"    QAction* openInEditorAction;
    QAction* openClipboardAction;
    QAction* openUrlAction;
    QAction* overviewVisibleAction;
    QAction* lineNumbersVisibleInMainAction;
",""
"Property:src/ui/include/mainwindow.h:MainWindow.overviewVisibleAction","overviewVisibleAction","src/ui/include/mainwindow.h",367,367,"    QAction* openClipboardAction;
    QAction* openUrlAction;
    QAction* overviewVisibleAction;
    QAction* lineNumbersVisibleInMainAction;
    QAction* lineNumbersVisibleInFilteredAction;
",""
"Property:src/ui/include/mainwindow.h:MainWindow.lineNumbersVisibleInMainAction","lineNumbersVisibleInMainAction","src/ui/include/mainwindow.h",368,368,"    QAction* openUrlAction;
    QAction* overviewVisibleAction;
    QAction* lineNumbersVisibleInMainAction;
    QAction* lineNumbersVisibleInFilteredAction;
    QAction* followAction;
",""
"Property:src/ui/include/mainwindow.h:MainWindow.lineNumbersVisibleInFilteredAction","lineNumbersVisibleInFilteredAction","src/ui/include/mainwindow.h",369,369,"    QAction* overviewVisibleAction;
    QAction* lineNumbersVisibleInMainAction;
    QAction* lineNumbersVisibleInFilteredAction;
    QAction* followAction;
    QAction* textWrapAction;
",""
"Property:src/ui/include/mainwindow.h:MainWindow.followAction","followAction","src/ui/include/mainwindow.h",370,370,"    QAction* lineNumbersVisibleInMainAction;
    QAction* lineNumbersVisibleInFilteredAction;
    QAction* followAction;
    QAction* textWrapAction;
    QAction* showTabsBarAction;
",""
"Property:src/ui/include/mainwindow.h:MainWindow.textWrapAction","textWrapAction","src/ui/include/mainwindow.h",371,371,"    QAction* lineNumbersVisibleInFilteredAction;
    QAction* followAction;
    QAction* textWrapAction;
    QAction* showTabsBarAction;
    QAction* reloadAction;
",""
"Property:src/ui/include/mainwindow.h:MainWindow.showTabsBarAction","showTabsBarAction","src/ui/include/mainwindow.h",372,372,"    QAction* followAction;
    QAction* textWrapAction;
    QAction* showTabsBarAction;
    QAction* reloadAction;
    QAction* stopAction;
",""
"Property:src/ui/include/mainwindow.h:MainWindow.reloadAction","reloadAction","src/ui/include/mainwindow.h",373,373,"    QAction* textWrapAction;
    QAction* showTabsBarAction;
    QAction* reloadAction;
    QAction* stopAction;
    QAction* editHighlightersAction;
",""
"Property:src/ui/include/mainwindow.h:MainWindow.stopAction","stopAction","src/ui/include/mainwindow.h",374,374,"    QAction* showTabsBarAction;
    QAction* reloadAction;
    QAction* stopAction;
    QAction* editHighlightersAction;
    QAction* optionsAction;
",""
"Property:src/ui/include/mainwindow.h:MainWindow.editHighlightersAction","editHighlightersAction","src/ui/include/mainwindow.h",375,375,"    QAction* reloadAction;
    QAction* stopAction;
    QAction* editHighlightersAction;
    QAction* optionsAction;
    QAction* showScratchPadAction;
",""
"Property:src/ui/include/mainwindow.h:MainWindow.optionsAction","optionsAction","src/ui/include/mainwindow.h",376,376,"    QAction* stopAction;
    QAction* editHighlightersAction;
    QAction* optionsAction;
    QAction* showScratchPadAction;
    QAction* showPreviewerAction;
",""
"Property:src/ui/include/mainwindow.h:MainWindow.showScratchPadAction","showScratchPadAction","src/ui/include/mainwindow.h",377,377,"    QAction* editHighlightersAction;
    QAction* optionsAction;
    QAction* showScratchPadAction;
    QAction* showPreviewerAction;
    QAction* showActionsResponsesAction;
",""
"Property:src/ui/include/mainwindow.h:MainWindow.showPreviewerAction","showPreviewerAction","src/ui/include/mainwindow.h",378,378,"    QAction* optionsAction;
    QAction* showScratchPadAction;
    QAction* showPreviewerAction;
    QAction* showActionsResponsesAction;
    QAction* showScriptRunnerAction;
",""
"Property:src/ui/include/mainwindow.h:MainWindow.showActionsResponsesAction","showActionsResponsesAction","src/ui/include/mainwindow.h",379,379,"    QAction* showScratchPadAction;
    QAction* showPreviewerAction;
    QAction* showActionsResponsesAction;
    QAction* showScriptRunnerAction;
    QAction* showScenarioRunnerAction;
",""
"Property:src/ui/include/mainwindow.h:MainWindow.showScriptRunnerAction","showScriptRunnerAction","src/ui/include/mainwindow.h",380,380,"    QAction* showPreviewerAction;
    QAction* showActionsResponsesAction;
    QAction* showScriptRunnerAction;
    QAction* showScenarioRunnerAction;
    QAction* showLabQueueAction;
",""
"Property:src/ui/include/mainwindow.h:MainWindow.showScenarioRunnerAction","showScenarioRunnerAction","src/ui/include/mainwindow.h",381,381,"    QAction* showActionsResponsesAction;
    QAction* showScriptRunnerAction;
    QAction* showScenarioRunnerAction;
    QAction* showLabQueueAction;
    QAction* importPreviewsAction;
",""
"Property:src/ui/include/mainwindow.h:MainWindow.showLabQueueAction","showLabQueueAction","src/ui/include/mainwindow.h",382,382,"    QAction* showScriptRunnerAction;
    QAction* showScenarioRunnerAction;
    QAction* showLabQueueAction;
    QAction* importPreviewsAction;
    QAction* importActionsAction;
",""
"Property:src/ui/include/mainwindow.h:MainWindow.importPreviewsAction","importPreviewsAction","src/ui/include/mainwindow.h",383,383,"    QAction* showScenarioRunnerAction;
    QAction* showLabQueueAction;
    QAction* importPreviewsAction;
    QAction* importActionsAction;
    QAction* showDocumentationAction;
",""
"Property:src/ui/include/mainwindow.h:MainWindow.importActionsAction","importActionsAction","src/ui/include/mainwindow.h",384,384,"    QAction* showLabQueueAction;
    QAction* importPreviewsAction;
    QAction* importActionsAction;
    QAction* showDocumentationAction;
    QAction* aboutAction;
",""
"Property:src/ui/include/mainwindow.h:MainWindow.showDocumentationAction","showDocumentationAction","src/ui/include/mainwindow.h",385,385,"    QAction* importPreviewsAction;
    QAction* importActionsAction;
    QAction* showDocumentationAction;
    QAction* aboutAction;
    QAction* aboutQtAction;
",""
"Property:src/ui/include/mainwindow.h:MainWindow.aboutAction","aboutAction","src/ui/include/mainwindow.h",386,386,"    QAction* importActionsAction;
    QAction* showDocumentationAction;
    QAction* aboutAction;
    QAction* aboutQtAction;
    QAction* predefinedFiltersDialogAction;
",""
"Property:src/ui/include/mainwindow.h:MainWindow.aboutQtAction","aboutQtAction","src/ui/include/mainwindow.h",387,387,"    QAction* showDocumentationAction;
    QAction* aboutAction;
    QAction* aboutQtAction;
    QAction* predefinedFiltersDialogAction;
    QAction* reportIssueAction;
",""
"Property:src/ui/include/mainwindow.h:MainWindow.predefinedFiltersDialogAction","predefinedFiltersDialogAction","src/ui/include/mainwindow.h",388,388,"    QAction* aboutAction;
    QAction* aboutQtAction;
    QAction* predefinedFiltersDialogAction;
    QAction* reportIssueAction;
    QAction* joinDiscordAction;
",""
"Property:src/ui/include/mainwindow.h:MainWindow.reportIssueAction","reportIssueAction","src/ui/include/mainwindow.h",389,389,"    QAction* aboutQtAction;
    QAction* predefinedFiltersDialogAction;
    QAction* reportIssueAction;
    QAction* joinDiscordAction;
    QAction* joinTelegramAction;
",""
"Property:src/ui/include/mainwindow.h:MainWindow.joinDiscordAction","joinDiscordAction","src/ui/include/mainwindow.h",390,390,"    QAction* predefinedFiltersDialogAction;
    QAction* reportIssueAction;
    QAction* joinDiscordAction;
    QAction* joinTelegramAction;
    QAction* generateDumpAction;
",""
"Property:src/ui/include/mainwindow.h:MainWindow.joinTelegramAction","joinTelegramAction","src/ui/include/mainwindow.h",391,391,"    QAction* reportIssueAction;
    QAction* joinDiscordAction;
    QAction* joinTelegramAction;
    QAction* generateDumpAction;
    QActionGroup* encodingGroup;
",""
"Property:src/ui/include/mainwindow.h:MainWindow.generateDumpAction","generateDumpAction","src/ui/include/mainwindow.h",392,392,"    QAction* joinDiscordAction;
    QAction* joinTelegramAction;
    QAction* generateDumpAction;
    QActionGroup* encodingGroup;
    QAction* addToFavoritesAction;
",""
"Property:src/ui/include/mainwindow.h:MainWindow.encodingGroup","encodingGroup","src/ui/include/mainwindow.h",393,393,"    QAction* joinTelegramAction;
    QAction* generateDumpAction;
    QActionGroup* encodingGroup;
    QAction* addToFavoritesAction;
    QAction* addToFavoritesMenuAction;
",""
"Property:src/ui/include/mainwindow.h:MainWindow.addToFavoritesAction","addToFavoritesAction","src/ui/include/mainwindow.h",394,394,"    QAction* generateDumpAction;
    QActionGroup* encodingGroup;
    QAction* addToFavoritesAction;
    QAction* addToFavoritesMenuAction;
    QAction* removeFromFavoritesAction;
",""
"Property:src/ui/include/mainwindow.h:MainWindow.addToFavoritesMenuAction","addToFavoritesMenuAction","src/ui/include/mainwindow.h",395,395,"    QActionGroup* encodingGroup;
    QAction* addToFavoritesAction;
    QAction* addToFavoritesMenuAction;
    QAction* removeFromFavoritesAction;
    QAction* selectOpenFileAction;
",""
"Property:src/ui/include/mainwindow.h:MainWindow.removeFromFavoritesAction","removeFromFavoritesAction","src/ui/include/mainwindow.h",396,396,"    QAction* addToFavoritesAction;
    QAction* addToFavoritesMenuAction;
    QAction* removeFromFavoritesAction;
    QAction* selectOpenFileAction;
    QAction* recentFilesCleanup;
",""
"Property:src/ui/include/mainwindow.h:MainWindow.selectOpenFileAction","selectOpenFileAction","src/ui/include/mainwindow.h",397,397,"    QAction* addToFavoritesMenuAction;
    QAction* removeFromFavoritesAction;
    QAction* selectOpenFileAction;
    QAction* recentFilesCleanup;
    QActionGroup* favoritesGroup;
",""
"Property:src/ui/include/mainwindow.h:MainWindow.recentFilesCleanup","recentFilesCleanup","src/ui/include/mainwindow.h",398,398,"    QAction* removeFromFavoritesAction;
    QAction* selectOpenFileAction;
    QAction* recentFilesCleanup;
    QActionGroup* favoritesGroup;
    QActionGroup* openedFilesGroup;
",""
"Property:src/ui/include/mainwindow.h:MainWindow.favoritesGroup","favoritesGroup","src/ui/include/mainwindow.h",399,399,"    QAction* selectOpenFileAction;
    QAction* recentFilesCleanup;
    QActionGroup* favoritesGroup;
    QActionGroup* openedFilesGroup;
    QActionGroup* highlightersActionGroup = nullptr;
",""
"Property:src/ui/include/mainwindow.h:MainWindow.openedFilesGroup","openedFilesGroup","src/ui/include/mainwindow.h",400,400,"    QAction* recentFilesCleanup;
    QActionGroup* favoritesGroup;
    QActionGroup* openedFilesGroup;
    QActionGroup* highlightersActionGroup = nullptr;

",""
"Property:src/ui/include/mainwindow.h:MainWindow.highlightersActionGroup","highlightersActionGroup","src/ui/include/mainwindow.h",401,401,"    QActionGroup* favoritesGroup;
    QActionGroup* openedFilesGroup;
    QActionGroup* highlightersActionGroup = nullptr;

    std::map<QString, QShortcut*> shortcuts_;
",""
"Property:src/ui/include/mainwindow.h:MainWindow.shortcuts_","shortcuts_","src/ui/include/mainwindow.h",403,403,"    QActionGroup* highlightersActionGroup = nullptr;

    std::map<QString, QShortcut*> shortcuts_;

    QSystemTrayIcon* trayIcon_;
",""
"Property:src/ui/include/mainwindow.h:MainWindow.trayIcon_","trayIcon_","src/ui/include/mainwindow.h",405,405,"    std::map<QString, QShortcut*> shortcuts_;

    QSystemTrayIcon* trayIcon_;

    QIcon mainIcon_;
",""
"Property:src/ui/include/mainwindow.h:MainWindow.mainIcon_","mainIcon_","src/ui/include/mainwindow.h",407,407,"    QSystemTrayIcon* trayIcon_;

    QIcon mainIcon_;

    IconLoader iconLoader_;
",""
"Property:src/ui/include/mainwindow.h:MainWindow.iconLoader_","iconLoader_","src/ui/include/mainwindow.h",409,409,"    QIcon mainIcon_;

    IconLoader iconLoader_;

    // Multiplex signals to any of the CrawlerWidgets
",""
"Property:src/ui/include/mainwindow.h:MainWindow.signalMux_","signalMux_","src/ui/include/mainwindow.h",412,412,"
    // Multiplex signals to any of the CrawlerWidgets
    SignalMux signalMux_;

    static QTranslator mTranslator;
",""
"Property:src/ui/include/mainwindow.h:MainWindow.mTranslator","mTranslator","src/ui/include/mainwindow.h",414,414,"    SignalMux signalMux_;

    static QTranslator mTranslator;
    static QTranslator mQtTranslator;

",""
"Property:src/ui/include/mainwindow.h:MainWindow.mQtTranslator","mQtTranslator","src/ui/include/mainwindow.h",415,415,"
    static QTranslator mTranslator;
    static QTranslator mQtTranslator;

    // QuickFind widget
",""
"Property:src/ui/include/mainwindow.h:MainWindow.quickFindWidget_","quickFindWidget_","src/ui/include/mainwindow.h",418,418,"
    // QuickFind widget
    QuickFindWidget quickFindWidget_;

    // Multiplex signals to/from the QuickFindWidget
",""
"Property:src/ui/include/mainwindow.h:MainWindow.quickFindMux_","quickFindMux_","src/ui/include/mainwindow.h",421,421,"
    // Multiplex signals to/from the QuickFindWidget
    QuickFindMux quickFindMux_;

    // The main widget
",""
"Property:src/ui/include/mainwindow.h:MainWindow.mainTabWidget_","mainTabWidget_","src/ui/include/mainwindow.h",424,424,"
    // The main widget
    TabbedCrawlerWidget mainTabWidget_;

    TabbedScratchPad scratchPad_;
",""
"Property:src/ui/include/mainwindow.h:MainWindow.scratchPad_","scratchPad_","src/ui/include/mainwindow.h",426,426,"    TabbedCrawlerWidget mainTabWidget_;

    TabbedScratchPad scratchPad_;
    PreviewWindow previewWindow_;
    ActionsResponsesWindow actionsResponsesWindow_;
",""
"Property:src/ui/include/mainwindow.h:MainWindow.previewWindow_","previewWindow_","src/ui/include/mainwindow.h",427,427,"
    TabbedScratchPad scratchPad_;
    PreviewWindow previewWindow_;
    ActionsResponsesWindow actionsResponsesWindow_;
    QPointer<StreamSession> actionsStreamSession_;
",""
"Property:src/ui/include/mainwindow.h:MainWindow.actionsResponsesWindow_","actionsResponsesWindow_","src/ui/include/mainwindow.h",428,428,"    TabbedScratchPad scratchPad_;
    PreviewWindow previewWindow_;
    ActionsResponsesWindow actionsResponsesWindow_;
    QPointer<StreamSession> actionsStreamSession_;

",""
"Property:src/ui/include/mainwindow.h:MainWindow.actionsStreamSession_","actionsStreamSession_","src/ui/include/mainwindow.h",429,429,"    PreviewWindow previewWindow_;
    ActionsResponsesWindow actionsResponsesWindow_;
    QPointer<StreamSession> actionsStreamSession_;

    QTemporaryDir tempDir_;
",""
"Property:src/ui/include/mainwindow.h:MainWindow.tempDir_","tempDir_","src/ui/include/mainwindow.h",431,431,"    QPointer<StreamSession> actionsStreamSession_;

    QTemporaryDir tempDir_;
    std::map<QString, QString> remoteFileSources_;

",""
"Property:src/ui/include/mainwindow.h:MainWindow.remoteFileSources_","remoteFileSources_","src/ui/include/mainwindow.h",432,432,"
    QTemporaryDir tempDir_;
    std::map<QString, QString> remoteFileSources_;

    bool isMaximized_ = false;
",""
"Property:src/ui/include/mainwindow.h:MainWindow.isMaximized_","isMaximized_","src/ui/include/mainwindow.h",434,434,"    std::map<QString, QString> remoteFileSources_;

    bool isMaximized_ = false;
    bool isCloseFromTray_ = false;

",""
"Property:src/ui/include/mainwindow.h:MainWindow.isCloseFromTray_","isCloseFromTray_","src/ui/include/mainwindow.h",435,435,"
    bool isMaximized_ = false;
    bool isCloseFromTray_ = false;

    std::once_flag screenChangesConnect_;
",""
"Property:src/ui/include/mainwindow.h:MainWindow.screenChangesConnect_","screenChangesConnect_","src/ui/include/mainwindow.h",437,437,"    bool isCloseFromTray_ = false;

    std::once_flag screenChangesConnect_;
};

",""
"Property:src/ui/include/logmainview.h:LogMainView.public","public","src/ui/include/logmainview.h",48,54,"class LogMainView : public AbstractLogView
{
  Q_OBJECT
  public:
    LogMainView( const LogData* newLogData,
            const QuickFindPattern* const quickFindPattern,
            Overview* overview,
            OverviewWidget* overview_widget,
            QWidget* parent = nullptr );

    // Configure the view to use the passed filtered list
",""
"Property:src/ui/include/logmainview.h:LogMainView.filteredData_","filteredData_","src/ui/include/logmainview.h",68,68,"
  private:
    LogFilteredData* filteredData_;
};

",""
"Property:src/ui/include/labqueuewindow.h:LabQueueWindow.public","public","src/ui/include/labqueuewindow.h",11,14,"
class LabQueueWindow : public QWidget {
    Q_OBJECT

  public:
    explicit LabQueueWindow( QWidget* parent = nullptr );

  private Q_SLOTS:
",""
"Property:src/ui/include/labqueuewindow.h:LabQueueWindow.controllerUrlEdit_","controllerUrlEdit_","src/ui/include/labqueuewindow.h",26,26,"    void saveState() const;

    QLineEdit* controllerUrlEdit_;
    QLineEdit* tokenFileEdit_;
    QListWidget* agentsList_;
",""
"Property:src/ui/include/labqueuewindow.h:LabQueueWindow.tokenFileEdit_","tokenFileEdit_","src/ui/include/labqueuewindow.h",27,27,"
    QLineEdit* controllerUrlEdit_;
    QLineEdit* tokenFileEdit_;
    QListWidget* agentsList_;
    QListWidget* jobsList_;
",""
"Property:src/ui/include/labqueuewindow.h:LabQueueWindow.agentsList_","agentsList_","src/ui/include/labqueuewindow.h",28,28,"    QLineEdit* controllerUrlEdit_;
    QLineEdit* tokenFileEdit_;
    QListWidget* agentsList_;
    QListWidget* jobsList_;
    QLabel* summaryLabel_;
",""
"Property:src/ui/include/labqueuewindow.h:LabQueueWindow.jobsList_","jobsList_","src/ui/include/labqueuewindow.h",29,29,"    QLineEdit* tokenFileEdit_;
    QListWidget* agentsList_;
    QListWidget* jobsList_;
    QLabel* summaryLabel_;
    QPlainTextEdit* detailsEdit_;
",""
"Property:src/ui/include/labqueuewindow.h:LabQueueWindow.summaryLabel_","summaryLabel_","src/ui/include/labqueuewindow.h",30,30,"    QListWidget* agentsList_;
    QListWidget* jobsList_;
    QLabel* summaryLabel_;
    QPlainTextEdit* detailsEdit_;
    QPushButton* refreshButton_;
",""
"Property:src/ui/include/labqueuewindow.h:LabQueueWindow.detailsEdit_","detailsEdit_","src/ui/include/labqueuewindow.h",31,31,"    QListWidget* jobsList_;
    QLabel* summaryLabel_;
    QPlainTextEdit* detailsEdit_;
    QPushButton* refreshButton_;
    QPushButton* openArtifactsButton_;
",""
"Property:src/ui/include/labqueuewindow.h:LabQueueWindow.refreshButton_","refreshButton_","src/ui/include/labqueuewindow.h",32,32,"    QLabel* summaryLabel_;
    QPlainTextEdit* detailsEdit_;
    QPushButton* refreshButton_;
    QPushButton* openArtifactsButton_;
};
",""
"Property:src/ui/include/labqueuewindow.h:LabQueueWindow.openArtifactsButton_","openArtifactsButton_","src/ui/include/labqueuewindow.h",33,33,"    QPlainTextEdit* detailsEdit_;
    QPushButton* refreshButton_;
    QPushButton* openArtifactsButton_;
};
",""
"Property:src/ui/include/infoline.h:InfoLine.public","public","src/ui/include/infoline.h",49,51,"// used for the file name and the search results.
class InfoLine : public QLabel {
    Q_OBJECT
  public:
    InfoLine();

    // Display the gauge in the background with the passed value (0-100)
",""
"Property:src/ui/include/infoline.h:InfoLine.origPalette_","origPalette_","src/ui/include/infoline.h",65,65,"  private:
    // The original palette of the QLabel
    std::optional<QPalette> origPalette_;
};

",""
"Property:src/ui/include/importpreviewsdialog.h:ImportPreviewsDialog.public","public","src/ui/include/importpreviewsdialog.h",10,13,"
class ImportPreviewsDialog : public QDialog {
    Q_OBJECT

  public:
    explicit ImportPreviewsDialog( QWidget* parent = nullptr );

  private Q_SLOTS:
",""
"Property:src/ui/include/importpreviewsdialog.h:ImportPreviewsDialog.tableView_","tableView_","src/ui/include/importpreviewsdialog.h",25,25,"    void updateDialogWidth();

    QTableView* tableView_ = nullptr;
    PreviewsTableModel* model_ = nullptr;
    QDialogButtonBox* buttonBox_ = nullptr;
",""
"Property:src/ui/include/importpreviewsdialog.h:ImportPreviewsDialog.model_","model_","src/ui/include/importpreviewsdialog.h",26,26,"
    QTableView* tableView_ = nullptr;
    PreviewsTableModel* model_ = nullptr;
    QDialogButtonBox* buttonBox_ = nullptr;
    QToolButton* removeButton_ = nullptr;
",""
"Property:src/ui/include/importpreviewsdialog.h:ImportPreviewsDialog.buttonBox_","buttonBox_","src/ui/include/importpreviewsdialog.h",27,27,"    QTableView* tableView_ = nullptr;
    PreviewsTableModel* model_ = nullptr;
    QDialogButtonBox* buttonBox_ = nullptr;
    QToolButton* removeButton_ = nullptr;
    QToolButton* clearButton_ = nullptr;
",""
"Property:src/ui/include/importpreviewsdialog.h:ImportPreviewsDialog.removeButton_","removeButton_","src/ui/include/importpreviewsdialog.h",28,28,"    PreviewsTableModel* model_ = nullptr;
    QDialogButtonBox* buttonBox_ = nullptr;
    QToolButton* removeButton_ = nullptr;
    QToolButton* clearButton_ = nullptr;
    int pendingSelectionRow_ = -1;
",""
"Property:src/ui/include/importpreviewsdialog.h:ImportPreviewsDialog.clearButton_","clearButton_","src/ui/include/importpreviewsdialog.h",29,29,"    QDialogButtonBox* buttonBox_ = nullptr;
    QToolButton* removeButton_ = nullptr;
    QToolButton* clearButton_ = nullptr;
    int pendingSelectionRow_ = -1;
};
",""
"Property:src/ui/include/importpreviewsdialog.h:ImportPreviewsDialog.pendingSelectionRow_","pendingSelectionRow_","src/ui/include/importpreviewsdialog.h",30,30,"    QToolButton* removeButton_ = nullptr;
    QToolButton* clearButton_ = nullptr;
    int pendingSelectionRow_ = -1;
};
",""
"Property:src/ui/include/importactionsdialog.h:ImportActionsDialog.public","public","src/ui/include/importactionsdialog.h",14,17,"
class ImportActionsDialog : public QDialog {
    Q_OBJECT

  public:
    explicit ImportActionsDialog( QWidget* parent = nullptr );

  private Q_SLOTS:
",""
"Property:src/ui/include/importactionsdialog.h:ImportActionsDialog.actions_","actions_","src/ui/include/importactionsdialog.h",31,31,"    void updateDialogSize();

    QVector<ActionDefinition> actions_;
    QVector<ResponseDefinition> responses_;
    QTableView* actionsTable_ = nullptr;
",""
"Property:src/ui/include/importactionsdialog.h:ImportActionsDialog.responses_","responses_","src/ui/include/importactionsdialog.h",32,32,"
    QVector<ActionDefinition> actions_;
    QVector<ResponseDefinition> responses_;
    QTableView* actionsTable_ = nullptr;
    QTableView* responsesTable_ = nullptr;
",""
"Property:src/ui/include/importactionsdialog.h:ImportActionsDialog.actionsTable_","actionsTable_","src/ui/include/importactionsdialog.h",33,33,"    QVector<ActionDefinition> actions_;
    QVector<ResponseDefinition> responses_;
    QTableView* actionsTable_ = nullptr;
    QTableView* responsesTable_ = nullptr;
    ActionsImportTableModel* actionsModel_ = nullptr;
",""
"Property:src/ui/include/importactionsdialog.h:ImportActionsDialog.responsesTable_","responsesTable_","src/ui/include/importactionsdialog.h",34,34,"    QVector<ResponseDefinition> responses_;
    QTableView* actionsTable_ = nullptr;
    QTableView* responsesTable_ = nullptr;
    ActionsImportTableModel* actionsModel_ = nullptr;
    ResponsesImportTableModel* responsesModel_ = nullptr;
",""
"Property:src/ui/include/importactionsdialog.h:ImportActionsDialog.actionsModel_","actionsModel_","src/ui/include/importactionsdialog.h",35,35,"    QTableView* actionsTable_ = nullptr;
    QTableView* responsesTable_ = nullptr;
    ActionsImportTableModel* actionsModel_ = nullptr;
    ResponsesImportTableModel* responsesModel_ = nullptr;
    QDialogButtonBox* buttonBox_ = nullptr;
",""
"Property:src/ui/include/importactionsdialog.h:ImportActionsDialog.responsesModel_","responsesModel_","src/ui/include/importactionsdialog.h",36,36,"    QTableView* responsesTable_ = nullptr;
    ActionsImportTableModel* actionsModel_ = nullptr;
    ResponsesImportTableModel* responsesModel_ = nullptr;
    QDialogButtonBox* buttonBox_ = nullptr;
    QPushButton* importButton_ = nullptr;
",""
"Property:src/ui/include/importactionsdialog.h:ImportActionsDialog.buttonBox_","buttonBox_","src/ui/include/importactionsdialog.h",37,37,"    ActionsImportTableModel* actionsModel_ = nullptr;
    ResponsesImportTableModel* responsesModel_ = nullptr;
    QDialogButtonBox* buttonBox_ = nullptr;
    QPushButton* importButton_ = nullptr;
    QToolButton* removeActionButton_ = nullptr;
",""
"Property:src/ui/include/importactionsdialog.h:ImportActionsDialog.importButton_","importButton_","src/ui/include/importactionsdialog.h",38,38,"    ResponsesImportTableModel* responsesModel_ = nullptr;
    QDialogButtonBox* buttonBox_ = nullptr;
    QPushButton* importButton_ = nullptr;
    QToolButton* removeActionButton_ = nullptr;
    QToolButton* clearActionsButton_ = nullptr;
",""
"Property:src/ui/include/importactionsdialog.h:ImportActionsDialog.removeActionButton_","removeActionButton_","src/ui/include/importactionsdialog.h",39,39,"    QDialogButtonBox* buttonBox_ = nullptr;
    QPushButton* importButton_ = nullptr;
    QToolButton* removeActionButton_ = nullptr;
    QToolButton* clearActionsButton_ = nullptr;
    QToolButton* removeResponseButton_ = nullptr;
",""
"Property:src/ui/include/importactionsdialog.h:ImportActionsDialog.clearActionsButton_","clearActionsButton_","src/ui/include/importactionsdialog.h",40,40,"    QPushButton* importButton_ = nullptr;
    QToolButton* removeActionButton_ = nullptr;
    QToolButton* clearActionsButton_ = nullptr;
    QToolButton* removeResponseButton_ = nullptr;
    QToolButton* clearResponsesButton_ = nullptr;
",""
"Property:src/ui/include/importactionsdialog.h:ImportActionsDialog.removeResponseButton_","removeResponseButton_","src/ui/include/importactionsdialog.h",41,41,"    QToolButton* removeActionButton_ = nullptr;
    QToolButton* clearActionsButton_ = nullptr;
    QToolButton* removeResponseButton_ = nullptr;
    QToolButton* clearResponsesButton_ = nullptr;
    int pendingActionSelectionRow_ = -1;
",""
"Property:src/ui/include/importactionsdialog.h:ImportActionsDialog.clearResponsesButton_","clearResponsesButton_","src/ui/include/importactionsdialog.h",42,42,"    QToolButton* clearActionsButton_ = nullptr;
    QToolButton* removeResponseButton_ = nullptr;
    QToolButton* clearResponsesButton_ = nullptr;
    int pendingActionSelectionRow_ = -1;
    int pendingResponseSelectionRow_ = -1;
",""
"Property:src/ui/include/importactionsdialog.h:ImportActionsDialog.pendingActionSelectionRow_","pendingActionSelectionRow_","src/ui/include/importactionsdialog.h",43,43,"    QToolButton* removeResponseButton_ = nullptr;
    QToolButton* clearResponsesButton_ = nullptr;
    int pendingActionSelectionRow_ = -1;
    int pendingResponseSelectionRow_ = -1;
    bool suppressPersist_ = false;
",""
"Property:src/ui/include/importactionsdialog.h:ImportActionsDialog.pendingResponseSelectionRow_","pendingResponseSelectionRow_","src/ui/include/importactionsdialog.h",44,44,"    QToolButton* clearResponsesButton_ = nullptr;
    int pendingActionSelectionRow_ = -1;
    int pendingResponseSelectionRow_ = -1;
    bool suppressPersist_ = false;
    bool sizeInitialized_ = false;
",""
"Property:src/ui/include/importactionsdialog.h:ImportActionsDialog.suppressPersist_","suppressPersist_","src/ui/include/importactionsdialog.h",45,45,"    int pendingActionSelectionRow_ = -1;
    int pendingResponseSelectionRow_ = -1;
    bool suppressPersist_ = false;
    bool sizeInitialized_ = false;
};
",""
"Property:src/ui/include/importactionsdialog.h:ImportActionsDialog.sizeInitialized_","sizeInitialized_","src/ui/include/importactionsdialog.h",46,46,"    int pendingResponseSelectionRow_ = -1;
    bool suppressPersist_ = false;
    bool sizeInitialized_ = false;
};
",""
"Property:src/ui/include/iconloader.h:IconLoader.widget_","widget_","src/ui/include/iconloader.h",36,36,"
  private:
    QWidget* widget_;
};

",""
"Property:src/ui/include/highlightersmenu.h:HighlightersMenu.public","public","src/ui/include/highlightersmenu.h",35,38,"
class HighlightersMenu : public HoverMenu {
    Q_OBJECT

  public:
    using HoverMenu::addAction;

    HighlightersMenu( const QString& title, QWidget* parent = nullptr );
",""
"Property:src/ui/include/highlightersmenu.h:HighlightersMenu.highLighters_","highLighters_","src/ui/include/highlightersmenu.h",67,67,"
  private:
    QActionGroup* highLighters_;
    std::function<void()> applyChange_;
};
",""
"Property:src/ui/include/highlightersmenu.h:HighlightersMenu.applyChange_","applyChange_","src/ui/include/highlightersmenu.h",68,68,"  private:
    QActionGroup* highLighters_;
    std::function<void()> applyChange_;
};

",""
"Property:src/ui/include/highlightersetedit.h:HighlighterSetEdit.public","public","src/ui/include/highlightersetedit.h",50,53,"
class HighlighterSetEdit : public QWidget, public Ui::HighlighterSetEdit {
    Q_OBJECT

  public:
    explicit HighlighterSetEdit( QWidget* parent = nullptr );

    HighlighterSet highlighters() const;
",""
"Property:src/ui/include/highlightersetedit.h:HighlighterSetEdit.highlighterEdit_","highlighterEdit_","src/ui/include/highlightersetedit.h",84,84,"
  private:
    HighlighterEdit* highlighterEdit_;

    // Temporary HighlighterSet modified by the dialog
",""
"Property:src/ui/include/highlightersetedit.h:HighlighterSetEdit.highlighterSet_","highlighterSet_","src/ui/include/highlightersetedit.h",88,88,"    // Temporary HighlighterSet modified by the dialog
    // it is copied from the one in Config()
    HighlighterSet highlighterSet_;

    // Index of the row currently selected or -1 if none.
",""
"Property:src/ui/include/highlightersetedit.h:HighlighterSetEdit.selectedRow_","selectedRow_","src/ui/include/highlightersetedit.h",91,91,"
    // Index of the row currently selected or -1 if none.
    int selectedRow_;
};

",""
"Property:src/ui/include/highlighterset.h:HighlightColor.foreColor","foreColor","src/ui/include/highlighterset.h",57,57,"
struct HighlightColor {
    QColor foreColor;
    QColor backColor;
};
",""
"Property:src/ui/include/highlighterset.h:HighlightColor.backColor","backColor","src/ui/include/highlighterset.h",58,58,"struct HighlightColor {
    QColor foreColor;
    QColor backColor;
};

",""
"Property:src/ui/include/highlighterset.h:Highlighter.regexp_","regexp_","src/ui/include/highlighterset.h",107,107,"
  private:
    QRegularExpression regexp_;
    
    mutable std::optional<QRegularExpression> optimizedRegexp_;
",""
"Property:src/ui/include/highlighterset.h:Highlighter.optimizedRegexp_","optimizedRegexp_","src/ui/include/highlighterset.h",109,109,"    QRegularExpression regexp_;
    
    mutable std::optional<QRegularExpression> optimizedRegexp_;

    bool useRegex_ = true;
",""
"Property:src/ui/include/highlighterset.h:Highlighter.useRegex_","useRegex_","src/ui/include/highlighterset.h",111,111,"    mutable std::optional<QRegularExpression> optimizedRegexp_;

    bool useRegex_ = true;
    bool highlightOnlyMatch_ = false;
    bool variateColors_ = false;
",""
"Property:src/ui/include/highlighterset.h:Highlighter.highlightOnlyMatch_","highlightOnlyMatch_","src/ui/include/highlighterset.h",112,112,"
    bool useRegex_ = true;
    bool highlightOnlyMatch_ = false;
    bool variateColors_ = false;
    int colorVariance_ = 15;
",""
"Property:src/ui/include/highlighterset.h:Highlighter.variateColors_","variateColors_","src/ui/include/highlighterset.h",113,113,"    bool useRegex_ = true;
    bool highlightOnlyMatch_ = false;
    bool variateColors_ = false;
    int colorVariance_ = 15;

",""
"Property:src/ui/include/highlighterset.h:Highlighter.colorVariance_","colorVariance_","src/ui/include/highlighterset.h",114,114,"    bool highlightOnlyMatch_ = false;
    bool variateColors_ = false;
    int colorVariance_ = 15;

    HighlightColor color_;
",""
"Property:src/ui/include/highlighterset.h:Highlighter.color_","color_","src/ui/include/highlighterset.h",116,116,"    int colorVariance_ = 15;

    HighlightColor color_;
};

",""
"Property:src/ui/include/highlighterset.h:HighlighterSet.HighlighterSet_VERSION","HighlighterSet_VERSION","src/ui/include/highlighterset.h",156,156,"
  private:
    static constexpr int HighlighterSet_VERSION = 3;
    static constexpr int FilterSet_VERSION = 2;

",""
"Property:src/ui/include/highlighterset.h:HighlighterSet.FilterSet_VERSION","FilterSet_VERSION","src/ui/include/highlighterset.h",157,157,"  private:
    static constexpr int HighlighterSet_VERSION = 3;
    static constexpr int FilterSet_VERSION = 2;

    QString name_;
",""
"Property:src/ui/include/highlighterset.h:HighlighterSet.name_","name_","src/ui/include/highlighterset.h",159,159,"    static constexpr int FilterSet_VERSION = 2;

    QString name_;
    QString id_;
    QList<Highlighter> highlighterList_;
",""
"Property:src/ui/include/highlighterset.h:HighlighterSet.id_","id_","src/ui/include/highlighterset.h",160,160,"
    QString name_;
    QString id_;
    QList<Highlighter> highlighterList_;

",""
"Property:src/ui/include/highlighterset.h:HighlighterSet.highlighterList_","highlighterList_","src/ui/include/highlighterset.h",161,161,"    QString name_;
    QString id_;
    QList<Highlighter> highlighterList_;

    // To simplify this class interface, HighlightersDialog can access our
",""
"Property:src/ui/include/highlighterset.h:HighlighterSet.compiledExpression_","compiledExpression_","src/ui/include/highlighterset.h",168,168,"    friend class HighlighterSetCollection;

    mutable std::shared_ptr<MultiRegularExpression> compiledExpression_;
    mutable QVector<int> compiledPatternToHighlighterIndex_;
};
",""
"Property:src/ui/include/highlighterset.h:HighlighterSet.compiledPatternToHighlighterIndex_","compiledPatternToHighlighterIndex_","src/ui/include/highlighterset.h",169,169,"
    mutable std::shared_ptr<MultiRegularExpression> compiledExpression_;
    mutable QVector<int> compiledPatternToHighlighterIndex_;
};

",""
"Property:src/ui/include/highlighterset.h:QuickHighlighter.name","name","src/ui/include/highlighterset.h",173,173,"
struct QuickHighlighter {
    QString name;
    HighlightColor color;
    bool useInCycle;
",""
"Property:src/ui/include/highlighterset.h:QuickHighlighter.color","color","src/ui/include/highlighterset.h",174,174,"struct QuickHighlighter {
    QString name;
    HighlightColor color;
    bool useInCycle;
};
",""
"Property:src/ui/include/highlighterset.h:QuickHighlighter.useInCycle","useInCycle","src/ui/include/highlighterset.h",175,175,"    QString name;
    HighlightColor color;
    bool useInCycle;
};

",""
"Property:src/ui/include/highlighterset.h:HighlighterSetCollection.HighlighterSetCollection_VERSION","HighlighterSetCollection_VERSION","src/ui/include/highlighterset.h",207,207,"
  private:
    static constexpr int HighlighterSetCollection_VERSION = 2;

    void updateCombinedSet();
",""
"Property:src/ui/include/highlighterset.h:HighlighterSetCollection.highlighters_","highlighters_","src/ui/include/highlighterset.h",212,212,"
  private:
    QList<HighlighterSet> highlighters_;
    QStringList activeSets_;
    HighlighterSet combinedActiveSet_;
",""
"Property:src/ui/include/highlighterset.h:HighlighterSetCollection.activeSets_","activeSets_","src/ui/include/highlighterset.h",213,213,"  private:
    QList<HighlighterSet> highlighters_;
    QStringList activeSets_;
    HighlighterSet combinedActiveSet_;

",""
"Property:src/ui/include/highlighterset.h:HighlighterSetCollection.combinedActiveSet_","combinedActiveSet_","src/ui/include/highlighterset.h",214,214,"    QList<HighlighterSet> highlighters_;
    QStringList activeSets_;
    HighlighterSet combinedActiveSet_;

    QList<QuickHighlighter> quickHighlighters_;
",""
"Property:src/ui/include/highlighterset.h:HighlighterSetCollection.quickHighlighters_","quickHighlighters_","src/ui/include/highlighterset.h",216,216,"    HighlighterSet combinedActiveSet_;

    QList<QuickHighlighter> quickHighlighters_;

    // To simplify this class interface, HighlightersDialog can access our
",""
"Property:src/ui/include/highlightersdialog.h:HighlightersDialog.public","public","src/ui/include/highlightersdialog.h",50,53,"
class HighlightersDialog : public QDialog, public Ui::HighlightersDialog {
    Q_OBJECT

  public:
    explicit HighlightersDialog( QWidget* parent = nullptr );

  Q_SIGNALS:
",""
"Property:src/ui/include/highlightersdialog.h:HighlightersDialog.","","src/ui/include/highlightersdialog.h",55,57,"    explicit HighlightersDialog( QWidget* parent = nullptr );

  Q_SIGNALS:
    // Is emitted when new settings must be used
    void optionsChanged();

  private Q_SLOTS:
",""
"Property:src/ui/include/highlightersdialog.h:HighlightersDialog.highlighterSetEdit_","highlighterSetEdit_","src/ui/include/highlightersdialog.h",82,82,"
  private:
    HighlighterSetEdit* highlighterSetEdit_;

    // Temporary HighlighterSetCollection modified by the dialog
",""
"Property:src/ui/include/highlightersdialog.h:HighlightersDialog.highlighterSetCollection_","highlighterSetCollection_","src/ui/include/highlightersdialog.h",86,86,"    // Temporary HighlighterSetCollection modified by the dialog
    // it is copied from the one in Config()
    HighlighterSetCollection highlighterSetCollection_;

    // Index of the row currently selected or -1 if none.
",""
"Property:src/ui/include/highlightersdialog.h:HighlightersDialog.selectedRow_","selectedRow_","src/ui/include/highlightersdialog.h",89,89,"
    // Index of the row currently selected or -1 if none.
    int selectedRow_;
};

",""
"Property:src/ui/include/highlighteredit.h:HighlighterEdit.public","public","src/ui/include/highlighteredit.h",28,31,"
class HighlighterEdit : public QWidget, public Ui::HighlighterEdit {
    Q_OBJECT

  public:
    HighlighterEdit( Highlighter defaultHighlighter, QWidget* parent = nullptr );

    Highlighter highlighter() const;
",""
"Property:src/ui/include/highlighteredit.h:HighlighterEdit.defaultHighlighter_","defaultHighlighter_","src/ui/include/highlighteredit.h",54,54,"
  private:
    const Highlighter defaultHighlighter_;

    Highlighter highlighter_;
",""
"Property:src/ui/include/highlighteredit.h:HighlighterEdit.highlighter_","highlighter_","src/ui/include/highlighteredit.h",56,56,"    const Highlighter defaultHighlighter_;

    Highlighter highlighter_;
};

",""
"Property:src/ui/include/highlightedmatch.h:HighlightedMatch.startColumn_","startColumn_","src/ui/include/highlightedmatch.h",65,65,"
private:
    LineColumn startColumn_;
    LineLength size_;

",""
"Property:src/ui/include/highlightedmatch.h:HighlightedMatch.size_","size_","src/ui/include/highlightedmatch.h",66,66,"private:
    LineColumn startColumn_;
    LineLength size_;

    QColor foreColor_;
",""
"Property:src/ui/include/highlightedmatch.h:HighlightedMatch.foreColor_","foreColor_","src/ui/include/highlightedmatch.h",68,68,"    LineLength size_;

    QColor foreColor_;
    QColor backColor_;
};
",""
"Property:src/ui/include/highlightedmatch.h:HighlightedMatch.backColor_","backColor_","src/ui/include/highlightedmatch.h",69,69,"
    QColor foreColor_;
    QColor backColor_;
};

",""
"Property:src/ui/include/highlightedmatch.h:HighlightedMatchRanges.matches_","matches_","src/ui/include/highlightedmatch.h",191,191,"
private:
    klogg::vector<HighlightedMatch> matches_;
};

",""
"Property:src/ui/include/filteredview.h:FilteredView.public","public","src/ui/include/filteredview.h",50,54,"class FilteredView : public AbstractLogView
{
  Q_OBJECT
  public:
    FilteredView( LogFilteredData* newLogData,
            const QuickFindPattern* const quickFindPattern,
            QWidget* parent = nullptr );

    // What is visible in the view.
",""
"Property:src/ui/include/filteredview.h:FilteredView.logFilteredData_","logFilteredData_","src/ui/include/filteredview.h",72,72,"
  private:
    LogFilteredData* logFilteredData_;
};

",""
"Property:src/ui/include/favoritefiles.h:FavoriteFiles.files_","files_","src/ui/include/favoritefiles.h",48,48,"
  private:
    std::vector<DisplayFilePath> files_;
};

",""
"Property:src/ui/include/downloader.h:Downloader.public","public","src/ui/include/downloader.h",26,28,"
class Downloader : public QObject {
    Q_OBJECT
  public:
    explicit Downloader( QObject* parent = nullptr );

    void download( const QUrl& url, QFile* outputFile );
",""
"Property:src/ui/include/downloader.h:Downloader.manager_","manager_","src/ui/include/downloader.h",43,43,"
  private:
    QNetworkAccessManager manager_;
    QNetworkReply* currentDownload_ = nullptr;

",""
"Property:src/ui/include/downloader.h:Downloader.currentDownload_","currentDownload_","src/ui/include/downloader.h",44,44,"  private:
    QNetworkAccessManager manager_;
    QNetworkReply* currentDownload_ = nullptr;

    QString lastError_;
",""
"Property:src/ui/include/downloader.h:Downloader.lastError_","lastError_","src/ui/include/downloader.h",46,46,"    QNetworkReply* currentDownload_ = nullptr;

    QString lastError_;

    QFile* output_;
",""
"Property:src/ui/include/downloader.h:Downloader.output_","output_","src/ui/include/downloader.h",48,48,"    QString lastError_;

    QFile* output_;
};

",""
"Property:src/ui/include/displayfilepath.h:DisplayFilePath.fullPath_","fullPath_","src/ui/include/displayfilepath.h",33,33,"
  private:
    QString fullPath_;
    QString nativeFullPath_;
    QString displayName_;
",""
"Property:src/ui/include/displayfilepath.h:DisplayFilePath.nativeFullPath_","nativeFullPath_","src/ui/include/displayfilepath.h",34,34,"  private:
    QString fullPath_;
    QString nativeFullPath_;
    QString displayName_;
};
",""
"Property:src/ui/include/displayfilepath.h:DisplayFilePath.displayName_","displayName_","src/ui/include/displayfilepath.h",35,35,"    QString fullPath_;
    QString nativeFullPath_;
    QString displayName_;
};

",""
"Property:src/ui/include/displayfilepath.h:FullPathComparator.fullPath_","fullPath_","src/ui/include/displayfilepath.h",44,44,"
  private:
    QString fullPath_;
};

",""
"Property:src/ui/include/decompressor.h:Decompressor.public","public","src/ui/include/decompressor.h",29,31,"enum class DecompressAction { None, Extract, Decompress };
class Decompressor : public QObject {
    Q_OBJECT
  public:
    explicit Decompressor( QObject* parent = nullptr );

    bool decompress( const QString& path, QFile* outputFile, AtomicFlag& interrupt );
",""
"Property:src/ui/include/decompressor.h:Decompressor.future_","future_","src/ui/include/decompressor.h",45,45,"
  private:
    QFuture<bool> future_;
    QFutureWatcher<bool> watcher_;
};
",""
"Property:src/ui/include/decompressor.h:Decompressor.watcher_","watcher_","src/ui/include/decompressor.h",46,46,"  private:
    QFuture<bool> future_;
    QFutureWatcher<bool> watcher_;
};

",""
"Property:src/ui/include/crawlerwidget.h:CrawlerWidget.public","public","src/ui/include/crawlerwidget.h",84,87,"                      public ViewInterface,
                      public MuxableDocumentInterface {
    Q_OBJECT

  public:
    CrawlerWidget( QWidget* parent = nullptr );
    ~CrawlerWidget() override;

",""
"Property:src/ui/include/crawlerwidget.h:CrawlerWidget.","","src/ui/include/crawlerwidget.h",186,189,"    void changeEvent( QEvent* event ) override;

  Q_SIGNALS:
    // Sent to signal the client load has progressed,
    // passing the completion percentage.
    void loadingProgressed( int progress );
    // Sent to the client when the loading has finished
    // whether successful or not.
",""
"Property:src/ui/include/crawlerwidget.h:SearchState.state_","state_","src/ui/include/crawlerwidget.h",356,356,"
      private:
        State state_;
        bool autoRefreshRequested_;
    };
",""
"Property:src/ui/include/crawlerwidget.h:SearchState.autoRefreshRequested_","autoRefreshRequested_","src/ui/include/crawlerwidget.h",357,357,"      private:
        State state_;
        bool autoRefreshRequested_;
    };

",""
"Property:src/ui/include/crawlerwidget.h:CrawlerWidget.ErrorPalette","ErrorPalette","src/ui/include/crawlerwidget.h",396,396,"
    // Palette for error notification (yellow background)
    static const QPalette ErrorPalette;

    IconLoader iconLoader_;
",""
"Property:src/ui/include/crawlerwidget.h:CrawlerWidget.iconLoader_","iconLoader_","src/ui/include/crawlerwidget.h",398,398,"    static const QPalette ErrorPalette;

    IconLoader iconLoader_;

    SavedSearches* savedSearches_ = nullptr;
",""
"Property:src/ui/include/crawlerwidget.h:CrawlerWidget.savedSearches_","savedSearches_","src/ui/include/crawlerwidget.h",400,400,"    IconLoader iconLoader_;

    SavedSearches* savedSearches_ = nullptr;

    std::shared_ptr<LogData> logData_;
",""
"Property:src/ui/include/crawlerwidget.h:CrawlerWidget.logData_","logData_","src/ui/include/crawlerwidget.h",402,402,"    SavedSearches* savedSearches_ = nullptr;

    std::shared_ptr<LogData> logData_;
    std::shared_ptr<LogFilteredData> logFilteredData_;

",""
"Property:src/ui/include/crawlerwidget.h:CrawlerWidget.logFilteredData_","logFilteredData_","src/ui/include/crawlerwidget.h",403,403,"
    std::shared_ptr<LogData> logData_;
    std::shared_ptr<LogFilteredData> logFilteredData_;

    // Matches overview
",""
"Property:src/ui/include/crawlerwidget.h:CrawlerWidget.overview_","overview_","src/ui/include/crawlerwidget.h",406,406,"
    // Matches overview
    Overview overview_;

    std::shared_ptr<QuickFindPattern> quickFindPattern_;
",""
"Property:src/ui/include/crawlerwidget.h:CrawlerWidget.quickFindPattern_","quickFindPattern_","src/ui/include/crawlerwidget.h",408,408,"    Overview overview_;

    std::shared_ptr<QuickFindPattern> quickFindPattern_;

    LogMainView* logMainView_;
",""
"Property:src/ui/include/crawlerwidget.h:CrawlerWidget.logMainView_","logMainView_","src/ui/include/crawlerwidget.h",410,410,"    std::shared_ptr<QuickFindPattern> quickFindPattern_;

    LogMainView* logMainView_;
    FilteredView* filteredView_;
    std::unordered_map<FilteredView*, std::shared_ptr<LogFilteredData>> filteredViewsData_;
",""
"Property:src/ui/include/crawlerwidget.h:CrawlerWidget.filteredView_","filteredView_","src/ui/include/crawlerwidget.h",411,411,"
    LogMainView* logMainView_;
    FilteredView* filteredView_;
    std::unordered_map<FilteredView*, std::shared_ptr<LogFilteredData>> filteredViewsData_;
    QTabWidget* tabbedFilteredView_;
",""
"Property:src/ui/include/crawlerwidget.h:CrawlerWidget.filteredViewsData_","filteredViewsData_","src/ui/include/crawlerwidget.h",412,412,"    LogMainView* logMainView_;
    FilteredView* filteredView_;
    std::unordered_map<FilteredView*, std::shared_ptr<LogFilteredData>> filteredViewsData_;
    QTabWidget* tabbedFilteredView_;

",""
"Property:src/ui/include/crawlerwidget.h:CrawlerWidget.tabbedFilteredView_","tabbedFilteredView_","src/ui/include/crawlerwidget.h",413,413,"    FilteredView* filteredView_;
    std::unordered_map<FilteredView*, std::shared_ptr<LogFilteredData>> filteredViewsData_;
    QTabWidget* tabbedFilteredView_;

    OverviewWidget* overviewWidget_;
",""
"Property:src/ui/include/crawlerwidget.h:CrawlerWidget.overviewWidget_","overviewWidget_","src/ui/include/crawlerwidget.h",415,415,"    QTabWidget* tabbedFilteredView_;

    OverviewWidget* overviewWidget_;

    QComboBox* visibilityBox_;
",""
"Property:src/ui/include/crawlerwidget.h:CrawlerWidget.visibilityBox_","visibilityBox_","src/ui/include/crawlerwidget.h",417,417,"    OverviewWidget* overviewWidget_;

    QComboBox* visibilityBox_;
    QStandardItemModel* visibilityModel_;

",""
"Property:src/ui/include/crawlerwidget.h:CrawlerWidget.visibilityModel_","visibilityModel_","src/ui/include/crawlerwidget.h",418,418,"
    QComboBox* visibilityBox_;
    QStandardItemModel* visibilityModel_;

    PredefinedFiltersComboBox* predefinedFilters_;
",""
"Property:src/ui/include/crawlerwidget.h:CrawlerWidget.predefinedFilters_","predefinedFilters_","src/ui/include/crawlerwidget.h",420,420,"    QStandardItemModel* visibilityModel_;

    PredefinedFiltersComboBox* predefinedFilters_;

    QComboBox* searchLineEdit_;
",""
"Property:src/ui/include/crawlerwidget.h:CrawlerWidget.searchLineEdit_","searchLineEdit_","src/ui/include/crawlerwidget.h",422,422,"    PredefinedFiltersComboBox* predefinedFilters_;

    QComboBox* searchLineEdit_;
    QMenu* searchLineContextMenu_;
    QCompleter* searchLineCompleter_;
",""
"Property:src/ui/include/crawlerwidget.h:CrawlerWidget.searchLineContextMenu_","searchLineContextMenu_","src/ui/include/crawlerwidget.h",423,423,"
    QComboBox* searchLineEdit_;
    QMenu* searchLineContextMenu_;
    QCompleter* searchLineCompleter_;

",""
"Property:src/ui/include/crawlerwidget.h:CrawlerWidget.searchLineCompleter_","searchLineCompleter_","src/ui/include/crawlerwidget.h",424,424,"    QComboBox* searchLineEdit_;
    QMenu* searchLineContextMenu_;
    QCompleter* searchLineCompleter_;

    InfoLine* searchInfoLine_;
",""
"Property:src/ui/include/crawlerwidget.h:CrawlerWidget.searchInfoLine_","searchInfoLine_","src/ui/include/crawlerwidget.h",426,426,"    QCompleter* searchLineCompleter_;

    InfoLine* searchInfoLine_;

    QToolButton* clearButton_;
",""
"Property:src/ui/include/crawlerwidget.h:CrawlerWidget.clearButton_","clearButton_","src/ui/include/crawlerwidget.h",428,428,"    InfoLine* searchInfoLine_;

    QToolButton* clearButton_;
    QToolButton* searchButton_;
    QToolButton* keepSearchResultsButton_;
",""
"Property:src/ui/include/crawlerwidget.h:CrawlerWidget.searchButton_","searchButton_","src/ui/include/crawlerwidget.h",429,429,"
    QToolButton* clearButton_;
    QToolButton* searchButton_;
    QToolButton* keepSearchResultsButton_;
    QToolButton* stopButton_;
",""
"Property:src/ui/include/crawlerwidget.h:CrawlerWidget.keepSearchResultsButton_","keepSearchResultsButton_","src/ui/include/crawlerwidget.h",430,430,"    QToolButton* clearButton_;
    QToolButton* searchButton_;
    QToolButton* keepSearchResultsButton_;
    QToolButton* stopButton_;

",""
"Property:src/ui/include/crawlerwidget.h:CrawlerWidget.stopButton_","stopButton_","src/ui/include/crawlerwidget.h",431,431,"    QToolButton* searchButton_;
    QToolButton* keepSearchResultsButton_;
    QToolButton* stopButton_;

    QToolButton* matchCaseButton_;
",""
"Property:src/ui/include/crawlerwidget.h:CrawlerWidget.matchCaseButton_","matchCaseButton_","src/ui/include/crawlerwidget.h",433,433,"    QToolButton* stopButton_;

    QToolButton* matchCaseButton_;
    QToolButton* useRegexpButton_;
    QToolButton* inverseButton_;
",""
"Property:src/ui/include/crawlerwidget.h:CrawlerWidget.useRegexpButton_","useRegexpButton_","src/ui/include/crawlerwidget.h",434,434,"
    QToolButton* matchCaseButton_;
    QToolButton* useRegexpButton_;
    QToolButton* inverseButton_;
    QToolButton* booleanButton_;
",""
"Property:src/ui/include/crawlerwidget.h:CrawlerWidget.inverseButton_","inverseButton_","src/ui/include/crawlerwidget.h",435,435,"    QToolButton* matchCaseButton_;
    QToolButton* useRegexpButton_;
    QToolButton* inverseButton_;
    QToolButton* booleanButton_;
    QToolButton* searchRefreshButton_;
",""
"Property:src/ui/include/crawlerwidget.h:CrawlerWidget.booleanButton_","booleanButton_","src/ui/include/crawlerwidget.h",436,436,"    QToolButton* useRegexpButton_;
    QToolButton* inverseButton_;
    QToolButton* booleanButton_;
    QToolButton* searchRefreshButton_;

",""
"Property:src/ui/include/crawlerwidget.h:CrawlerWidget.searchRefreshButton_","searchRefreshButton_","src/ui/include/crawlerwidget.h",437,437,"    QToolButton* inverseButton_;
    QToolButton* booleanButton_;
    QToolButton* searchRefreshButton_;

    std::map<QString, QShortcut*> shortcuts_;
",""
"Property:src/ui/include/crawlerwidget.h:CrawlerWidget.shortcuts_","shortcuts_","src/ui/include/crawlerwidget.h",439,439,"    QToolButton* searchRefreshButton_;

    std::map<QString, QShortcut*> shortcuts_;

    // Default palette to be remembered
",""
"Property:src/ui/include/crawlerwidget.h:CrawlerWidget.searchInfoLineDefaultPalette_","searchInfoLineDefaultPalette_","src/ui/include/crawlerwidget.h",442,442,"
    // Default palette to be remembered
    QPalette searchInfoLineDefaultPalette_;

    // Reference to the QuickFind Pattern (not owned)
",""
"Property:src/ui/include/crawlerwidget.h:CrawlerWidget.qfSavedFocus_","qfSavedFocus_","src/ui/include/crawlerwidget.h",446,446,"    // Reference to the QuickFind Pattern (not owned)

    QWidget* qfSavedFocus_ = nullptr;

    // Search state (for auto-refresh and truncation)
",""
"Property:src/ui/include/crawlerwidget.h:CrawlerWidget.searchState_","searchState_","src/ui/include/crawlerwidget.h",449,449,"
    // Search state (for auto-refresh and truncation)
    SearchState searchState_;

    // the current dataStatus (whether we have new, not seen, data)
",""
"Property:src/ui/include/crawlerwidget.h:CrawlerWidget.dataStatus_","dataStatus_","src/ui/include/crawlerwidget.h",452,452,"
    // the current dataStatus (whether we have new, not seen, data)
    DataStatus dataStatus_ = DataStatus::OLD_DATA;

    // Last main line number received
",""
"Property:src/ui/include/crawlerwidget.h:CrawlerWidget.currentLineNumber_","currentLineNumber_","src/ui/include/crawlerwidget.h",455,455,"
    // Last main line number received
    LineNumber currentLineNumber_ = 0_lnum;
    LineColumn currentColumnNumber_ = 0_lcol;

",""
"Property:src/ui/include/crawlerwidget.h:CrawlerWidget.currentColumnNumber_","currentColumnNumber_","src/ui/include/crawlerwidget.h",456,456,"    // Last main line number received
    LineNumber currentLineNumber_ = 0_lnum;
    LineColumn currentColumnNumber_ = 0_lcol;

    // Current number of matches
",""
"Property:src/ui/include/crawlerwidget.h:CrawlerWidget.nbMatches_","nbMatches_","src/ui/include/crawlerwidget.h",459,459,"
    // Current number of matches
    LinesCount nbMatches_;

    LineNumber searchStartLine_;
",""
"Property:src/ui/include/crawlerwidget.h:CrawlerWidget.searchStartLine_","searchStartLine_","src/ui/include/crawlerwidget.h",461,461,"    LinesCount nbMatches_;

    LineNumber searchStartLine_;
    LineNumber searchEndLine_;

",""
"Property:src/ui/include/crawlerwidget.h:CrawlerWidget.searchEndLine_","searchEndLine_","src/ui/include/crawlerwidget.h",462,462,"
    LineNumber searchStartLine_;
    LineNumber searchEndLine_;

    // Until we have received confirmation loading is finished, we
",""
"Property:src/ui/include/crawlerwidget.h:CrawlerWidget.loadingInProgress_","loadingInProgress_","src/ui/include/crawlerwidget.h",466,466,"    // Until we have received confirmation loading is finished, we
    // should consider we are loading something.
    bool loadingInProgress_ = true;
    bool restoreSearchPending_ = false;
    bool lazyRestoreSearchPending_ = false;",""
"Property:src/ui/include/crawlerwidget.h:CrawlerWidget.restoreSearchPending_","restoreSearchPending_","src/ui/include/crawlerwidget.h",467,467,"    // should consider we are loading something.
    bool loadingInProgress_ = true;
    bool restoreSearchPending_ = false;
    bool lazyRestoreSearchPending_ = false;
    bool startupFilterSearchInProgress_ = false;",""
"Property:src/ui/include/crawlerwidget.h:CrawlerWidget.lazyRestoreSearchPending_","lazyRestoreSearchPending_","src/ui/include/crawlerwidget.h",468,468,"    bool loadingInProgress_ = true;
    bool restoreSearchPending_ = false;
    bool lazyRestoreSearchPending_ = false;
    bool startupFilterSearchInProgress_ = false;
    bool firstLoadDone_ = false;
",""
"Property:src/ui/include/crawlerwidget.h:CrawlerWidget.startupFilterSearchInProgress_","startupFilterSearchInProgress_","src/ui/include/crawlerwidget.h",469,469,"    bool restoreSearchPending_ = false;
    bool lazyRestoreSearchPending_ = false;
    bool startupFilterSearchInProgress_ = false;
    bool firstLoadDone_ = false;
    QString lastSearchErrorText_;
",""
"Property:src/ui/include/crawlerwidget.h:CrawlerWidget.firstLoadDone_","firstLoadDone_","src/ui/include/crawlerwidget.h",470,470,"    bool lazyRestoreSearchPending_ = false;
    bool startupFilterSearchInProgress_ = false;
    bool firstLoadDone_ = false;
    QString lastSearchErrorText_;

",""
"Property:src/ui/include/crawlerwidget.h:CrawlerWidget.lastSearchErrorText_","lastSearchErrorText_","src/ui/include/crawlerwidget.h",471,471,"    bool startupFilterSearchInProgress_ = false;
    bool firstLoadDone_ = false;
    QString lastSearchErrorText_;

    klogg::vector<LineNumber> savedMarkedLines_;
",""
"Property:src/ui/include/crawlerwidget.h:CrawlerWidget.savedMarkedLines_","savedMarkedLines_","src/ui/include/crawlerwidget.h",473,473,"    QString lastSearchErrorText_;

    klogg::vector<LineNumber> savedMarkedLines_;

    // Current encoding setting;
",""
"Property:src/ui/include/crawlerwidget.h:CrawlerWidget.encodingMib_","encodingMib_","src/ui/include/crawlerwidget.h",476,476,"
    // Current encoding setting;
    std::optional<int> encodingMib_;
    QString encodingText_;

",""
"Property:src/ui/include/crawlerwidget.h:CrawlerWidget.encodingText_","encodingText_","src/ui/include/crawlerwidget.h",477,477,"    // Current encoding setting;
    std::optional<int> encodingMib_;
    QString encodingText_;

    ColorLabelsManager colorLabelsManager_;
",""
"Property:src/ui/include/crawlerwidget.h:CrawlerWidget.colorLabelsManager_","colorLabelsManager_","src/ui/include/crawlerwidget.h",479,479,"    QString encodingText_;

    ColorLabelsManager colorLabelsManager_;
};

",""
"Property:src/ui/include/commander.h:CommanderComSettings.portName","portName","src/ui/include/commander.h",73,73,"
struct CommanderComSettings {
    QString portName;
    std::optional<QString> filePath;
    std::optional<qint32> baudRate;
",""
"Property:src/ui/include/commander.h:CommanderComSettings.filePath","filePath","src/ui/include/commander.h",74,74,"struct CommanderComSettings {
    QString portName;
    std::optional<QString> filePath;
    std::optional<qint32> baudRate;
    std::optional<QSerialPort::DataBits> dataBits;
",""
"Property:src/ui/include/commander.h:CommanderComSettings.baudRate","baudRate","src/ui/include/commander.h",75,75,"    QString portName;
    std::optional<QString> filePath;
    std::optional<qint32> baudRate;
    std::optional<QSerialPort::DataBits> dataBits;
    std::optional<QSerialPort::Parity> parity;
",""
"Property:src/ui/include/commander.h:CommanderComSettings.dataBits","dataBits","src/ui/include/commander.h",76,76,"    std::optional<QString> filePath;
    std::optional<qint32> baudRate;
    std::optional<QSerialPort::DataBits> dataBits;
    std::optional<QSerialPort::Parity> parity;
    std::optional<QSerialPort::StopBits> stopBits;
",""
"Property:src/ui/include/commander.h:CommanderComSettings.parity","parity","src/ui/include/commander.h",77,77,"    std::optional<qint32> baudRate;
    std::optional<QSerialPort::DataBits> dataBits;
    std::optional<QSerialPort::Parity> parity;
    std::optional<QSerialPort::StopBits> stopBits;
    std::optional<QSerialPort::FlowControl> flowControl;
",""
"Property:src/ui/include/commander.h:CommanderComSettings.stopBits","stopBits","src/ui/include/commander.h",78,78,"    std::optional<QSerialPort::DataBits> dataBits;
    std::optional<QSerialPort::Parity> parity;
    std::optional<QSerialPort::StopBits> stopBits;
    std::optional<QSerialPort::FlowControl> flowControl;
    std::optional<bool> addTimestamps;
",""
"Property:src/ui/include/commander.h:CommanderComSettings.flowControl","flowControl","src/ui/include/commander.h",79,79,"    std::optional<QSerialPort::Parity> parity;
    std::optional<QSerialPort::StopBits> stopBits;
    std::optional<QSerialPort::FlowControl> flowControl;
    std::optional<bool> addTimestamps;
    std::optional<QString> timestampFormat;
",""
"Property:src/ui/include/commander.h:CommanderComSettings.addTimestamps","addTimestamps","src/ui/include/commander.h",80,80,"    std::optional<QSerialPort::StopBits> stopBits;
    std::optional<QSerialPort::FlowControl> flowControl;
    std::optional<bool> addTimestamps;
    std::optional<QString> timestampFormat;
    std::optional<bool> logTransmits;
",""
"Property:src/ui/include/commander.h:CommanderComSettings.timestampFormat","timestampFormat","src/ui/include/commander.h",81,81,"    std::optional<QSerialPort::FlowControl> flowControl;
    std::optional<bool> addTimestamps;
    std::optional<QString> timestampFormat;
    std::optional<bool> logTransmits;
    std::optional<bool> useForActions;
",""
"Property:src/ui/include/commander.h:CommanderComSettings.logTransmits","logTransmits","src/ui/include/commander.h",82,82,"    std::optional<bool> addTimestamps;
    std::optional<QString> timestampFormat;
    std::optional<bool> logTransmits;
    std::optional<bool> useForActions;
};
",""
"Property:src/ui/include/commander.h:CommanderComSettings.useForActions","useForActions","src/ui/include/commander.h",83,83,"    std::optional<QString> timestampFormat;
    std::optional<bool> logTransmits;
    std::optional<bool> useForActions;
};

",""
"Property:src/ui/include/commander.h:CommanderRequest.action","action","src/ui/include/commander.h",87,87,"
struct CommanderRequest {
    CommanderAction action = CommanderAction::None;
    QString filePath;
    QString url;
",""
"Property:src/ui/include/commander.h:CommanderRequest.filePath","filePath","src/ui/include/commander.h",88,88,"struct CommanderRequest {
    CommanderAction action = CommanderAction::None;
    QString filePath;
    QString url;
    QString portName;
",""
"Property:src/ui/include/commander.h:CommanderRequest.url","url","src/ui/include/commander.h",89,89,"    CommanderAction action = CommanderAction::None;
    QString filePath;
    QString url;
    QString portName;
    QString tabId;
",""
"Property:src/ui/include/commander.h:CommanderRequest.portName","portName","src/ui/include/commander.h",90,90,"    QString filePath;
    QString url;
    QString portName;
    QString tabId;
    QString filterId;
",""
"Property:src/ui/include/commander.h:CommanderRequest.tabId","tabId","src/ui/include/commander.h",91,91,"    QString url;
    QString portName;
    QString tabId;
    QString filterId;
    QString filterString;
",""
"Property:src/ui/include/commander.h:CommanderRequest.filterId","filterId","src/ui/include/commander.h",92,92,"    QString portName;
    QString tabId;
    QString filterId;
    QString filterString;
    QString searchText;
",""
"Property:src/ui/include/commander.h:CommanderRequest.filterString","filterString","src/ui/include/commander.h",93,93,"    QString tabId;
    QString filterId;
    QString filterString;
    QString searchText;
    QString objectName;
",""
"Property:src/ui/include/commander.h:CommanderRequest.searchText","searchText","src/ui/include/commander.h",94,94,"    QString filterId;
    QString filterString;
    QString searchText;
    QString objectName;
    QString entityName;
",""
"Property:src/ui/include/commander.h:CommanderRequest.objectName","objectName","src/ui/include/commander.h",95,95,"    QString filterString;
    QString searchText;
    QString objectName;
    QString entityName;
    QString commentText;
",""
"Property:src/ui/include/commander.h:CommanderRequest.entityName","entityName","src/ui/include/commander.h",96,96,"    QString searchText;
    QString objectName;
    QString entityName;
    QString commentText;
    QString scriptFilePath;
",""
"Property:src/ui/include/commander.h:CommanderRequest.commentText","commentText","src/ui/include/commander.h",97,97,"    QString objectName;
    QString entityName;
    QString commentText;
    QString scriptFilePath;
    QString argsJsonFilePath;
",""
"Property:src/ui/include/commander.h:CommanderRequest.scriptFilePath","scriptFilePath","src/ui/include/commander.h",98,98,"    QString entityName;
    QString commentText;
    QString scriptFilePath;
    QString argsJsonFilePath;
    QString scenarioFilePath;
",""
"Property:src/ui/include/commander.h:CommanderRequest.argsJsonFilePath","argsJsonFilePath","src/ui/include/commander.h",99,99,"    QString commentText;
    QString scriptFilePath;
    QString argsJsonFilePath;
    QString scenarioFilePath;
    QString suiteFilePath;
",""
"Property:src/ui/include/commander.h:CommanderRequest.scenarioFilePath","scenarioFilePath","src/ui/include/commander.h",100,100,"    QString scriptFilePath;
    QString argsJsonFilePath;
    QString scenarioFilePath;
    QString suiteFilePath;
    std::optional<int> windowIndex;
",""
"Property:src/ui/include/commander.h:CommanderRequest.suiteFilePath","suiteFilePath","src/ui/include/commander.h",101,101,"    QString argsJsonFilePath;
    QString scenarioFilePath;
    QString suiteFilePath;
    std::optional<int> windowIndex;
    std::optional<int> tabIndex;
",""
"Property:src/ui/include/commander.h:CommanderRequest.windowIndex","windowIndex","src/ui/include/commander.h",102,102,"    QString scenarioFilePath;
    QString suiteFilePath;
    std::optional<int> windowIndex;
    std::optional<int> tabIndex;
    std::optional<int> filterIndex;
",""
"Property:src/ui/include/commander.h:CommanderRequest.tabIndex","tabIndex","src/ui/include/commander.h",103,103,"    QString suiteFilePath;
    std::optional<int> windowIndex;
    std::optional<int> tabIndex;
    std::optional<int> filterIndex;
    std::optional<int> entityId;
",""
"Property:src/ui/include/commander.h:CommanderRequest.filterIndex","filterIndex","src/ui/include/commander.h",104,104,"    std::optional<int> windowIndex;
    std::optional<int> tabIndex;
    std::optional<int> filterIndex;
    std::optional<int> entityId;
    std::optional<int> timeoutMs;
",""
"Property:src/ui/include/commander.h:CommanderRequest.entityId","entityId","src/ui/include/commander.h",105,105,"    std::optional<int> tabIndex;
    std::optional<int> filterIndex;
    std::optional<int> entityId;
    std::optional<int> timeoutMs;
    std::optional<bool> enabled;
",""
"Property:src/ui/include/commander.h:CommanderRequest.timeoutMs","timeoutMs","src/ui/include/commander.h",106,106,"    std::optional<int> filterIndex;
    std::optional<int> entityId;
    std::optional<int> timeoutMs;
    std::optional<bool> enabled;
    bool allEntities = false;
",""
"Property:src/ui/include/commander.h:CommanderRequest.enabled","enabled","src/ui/include/commander.h",107,107,"    std::optional<int> entityId;
    std::optional<int> timeoutMs;
    std::optional<bool> enabled;
    bool allEntities = false;
    bool timestampComment = false;
",""
"Property:src/ui/include/commander.h:CommanderRequest.allEntities","allEntities","src/ui/include/commander.h",108,108,"    std::optional<int> timeoutMs;
    std::optional<bool> enabled;
    bool allEntities = false;
    bool timestampComment = false;
    bool followFile = false;
",""
"Property:src/ui/include/commander.h:CommanderRequest.timestampComment","timestampComment","src/ui/include/commander.h",109,109,"    std::optional<bool> enabled;
    bool allEntities = false;
    bool timestampComment = false;
    bool followFile = false;
    bool predefinedFilters = false;
",""
"Property:src/ui/include/commander.h:CommanderRequest.followFile","followFile","src/ui/include/commander.h",110,110,"    bool allEntities = false;
    bool timestampComment = false;
    bool followFile = false;
    bool predefinedFilters = false;
    bool prettyOutput = false;
",""
"Property:src/ui/include/commander.h:CommanderRequest.predefinedFilters","predefinedFilters","src/ui/include/commander.h",111,111,"    bool timestampComment = false;
    bool followFile = false;
    bool predefinedFilters = false;
    bool prettyOutput = false;
    bool runSearch = false;
",""
"Property:src/ui/include/commander.h:CommanderRequest.prettyOutput","prettyOutput","src/ui/include/commander.h",112,112,"    bool followFile = false;
    bool predefinedFilters = false;
    bool prettyOutput = false;
    bool runSearch = false;
    bool rearmAutoRefresh = false;
",""
"Property:src/ui/include/commander.h:CommanderRequest.runSearch","runSearch","src/ui/include/commander.h",113,113,"    bool predefinedFilters = false;
    bool prettyOutput = false;
    bool runSearch = false;
    bool rearmAutoRefresh = false;
    bool searchUseRegex = false;
",""
"Property:src/ui/include/commander.h:CommanderRequest.rearmAutoRefresh","rearmAutoRefresh","src/ui/include/commander.h",114,114,"    bool prettyOutput = false;
    bool runSearch = false;
    bool rearmAutoRefresh = false;
    bool searchUseRegex = false;
    bool searchCaseSensitive = false;
",""
"Property:src/ui/include/commander.h:CommanderRequest.searchUseRegex","searchUseRegex","src/ui/include/commander.h",115,115,"    bool runSearch = false;
    bool rearmAutoRefresh = false;
    bool searchUseRegex = false;
    bool searchCaseSensitive = false;
    bool searchInverseMatch = false;
",""
"Property:src/ui/include/commander.h:CommanderRequest.searchCaseSensitive","searchCaseSensitive","src/ui/include/commander.h",116,116,"    bool rearmAutoRefresh = false;
    bool searchUseRegex = false;
    bool searchCaseSensitive = false;
    bool searchInverseMatch = false;
    bool searchUseBoolean = false;
",""
"Property:src/ui/include/commander.h:CommanderRequest.searchInverseMatch","searchInverseMatch","src/ui/include/commander.h",117,117,"    bool searchUseRegex = false;
    bool searchCaseSensitive = false;
    bool searchInverseMatch = false;
    bool searchUseBoolean = false;
    bool searchAutoRefresh = false;
",""
"Property:src/ui/include/commander.h:CommanderRequest.searchUseBoolean","searchUseBoolean","src/ui/include/commander.h",118,118,"    bool searchCaseSensitive = false;
    bool searchInverseMatch = false;
    bool searchUseBoolean = false;
    bool searchAutoRefresh = false;
    bool searchKeepResults = false;
",""
"Property:src/ui/include/commander.h:CommanderRequest.searchAutoRefresh","searchAutoRefresh","src/ui/include/commander.h",119,119,"    bool searchInverseMatch = false;
    bool searchUseBoolean = false;
    bool searchAutoRefresh = false;
    bool searchKeepResults = false;
    CommanderComSettings comSettings;
",""
"Property:src/ui/include/commander.h:CommanderRequest.searchKeepResults","searchKeepResults","src/ui/include/commander.h",120,120,"    bool searchUseBoolean = false;
    bool searchAutoRefresh = false;
    bool searchKeepResults = false;
    CommanderComSettings comSettings;
    QVariantMap definitionPayload;
",""
"Property:src/ui/include/commander.h:CommanderRequest.comSettings","comSettings","src/ui/include/commander.h",121,121,"    bool searchAutoRefresh = false;
    bool searchKeepResults = false;
    CommanderComSettings comSettings;
    QVariantMap definitionPayload;
};
",""
"Property:src/ui/include/commander.h:CommanderRequest.definitionPayload","definitionPayload","src/ui/include/commander.h",122,122,"    bool searchKeepResults = false;
    CommanderComSettings comSettings;
    QVariantMap definitionPayload;
};

",""
"Property:src/ui/include/commander.h:CommanderResult.code","code","src/ui/include/commander.h",126,126,"
struct CommanderResult {
    CommanderResultCode code = CommanderResultCode::Success;
    QString message;
    QVariantMap payload;
",""
"Property:src/ui/include/commander.h:CommanderResult.message","message","src/ui/include/commander.h",127,127,"struct CommanderResult {
    CommanderResultCode code = CommanderResultCode::Success;
    QString message;
    QVariantMap payload;

",""
"Property:src/ui/include/commander.h:CommanderResult.payload","payload","src/ui/include/commander.h",128,128,"    CommanderResultCode code = CommanderResultCode::Success;
    QString message;
    QVariantMap payload;

    bool ok() const
",""
"Property:src/ui/include/colorlabelsmanager.h:ColorLabelsManager.quickHighlighters_","quickHighlighters_","src/ui/include/colorlabelsmanager.h",43,43,"                                                  bool replaceCurrent );

    QuickHighlightersCollection quickHighlighters_ = QuickHighlightersCollection{9};
    std::optional<size_t> currentLabel_;
};
",""
"Property:src/ui/include/colorlabelsmanager.h:ColorLabelsManager.currentLabel_","currentLabel_","src/ui/include/colorlabelsmanager.h",44,44,"
    QuickHighlightersCollection quickHighlighters_ = QuickHighlightersCollection{9};
    std::optional<size_t> currentLabel_;
};

",""
"Property:src/ui/include/actionstablemodel.h:ActionsTableModel.public","public","src/ui/include/actionstablemodel.h",7,13,"
class ActionsTableModel : public QAbstractTableModel {
    Q_OBJECT
  public:
    enum Roles {
        ActionIdRole = Qt::UserRole + 1,
        SendEnabledRole,
        SequenceValueRole
    };

    explicit ActionsTableModel( QObject* parent = nullptr );
",""
"Property:src/ui/include/actionstablemodel.h:ActionsTableModel.actions_","actions_","src/ui/include/actionstablemodel.h",33,33,"    QString tooltipForAction( const ActionDefinition& action ) const;

    QVector<ActionDefinition> actions_;
    bool sendAvailable_ = false;
};
",""
"Property:src/ui/include/actionstablemodel.h:ActionsTableModel.sendAvailable_","sendAvailable_","src/ui/include/actionstablemodel.h",34,34,"
    QVector<ActionDefinition> actions_;
    bool sendAvailable_ = false;
};
",""
"Property:src/ui/include/actionsresponseswindow.h:ActionsResponsesWindow.public","public","src/ui/include/actionsresponseswindow.h",13,15,"
class ActionsResponsesWindow : public QWidget {
    Q_OBJECT
  public:
    explicit ActionsResponsesWindow( QWidget* parent = nullptr );

    void setSendAvailable( bool available );
",""
"Property:src/ui/include/actionsresponseswindow.h:ActionsResponsesWindow.actionsModel_","actionsModel_","src/ui/include/actionsresponseswindow.h",39,39,"
  private:
    ActionsTableModel* actionsModel_ = nullptr;
    ResponsesTableModel* responsesModel_ = nullptr;
    QSortFilterProxyModel* actionsProxy_ = nullptr;
",""
"Property:src/ui/include/actionsresponseswindow.h:ActionsResponsesWindow.responsesModel_","responsesModel_","src/ui/include/actionsresponseswindow.h",40,40,"  private:
    ActionsTableModel* actionsModel_ = nullptr;
    ResponsesTableModel* responsesModel_ = nullptr;
    QSortFilterProxyModel* actionsProxy_ = nullptr;
    QSortFilterProxyModel* responsesProxy_ = nullptr;
",""
"Property:src/ui/include/actionsresponseswindow.h:ActionsResponsesWindow.actionsProxy_","actionsProxy_","src/ui/include/actionsresponseswindow.h",41,41,"    ActionsTableModel* actionsModel_ = nullptr;
    ResponsesTableModel* responsesModel_ = nullptr;
    QSortFilterProxyModel* actionsProxy_ = nullptr;
    QSortFilterProxyModel* responsesProxy_ = nullptr;
    QLineEdit* actionsFilter_ = nullptr;
",""
"Property:src/ui/include/actionsresponseswindow.h:ActionsResponsesWindow.responsesProxy_","responsesProxy_","src/ui/include/actionsresponseswindow.h",42,42,"    ResponsesTableModel* responsesModel_ = nullptr;
    QSortFilterProxyModel* actionsProxy_ = nullptr;
    QSortFilterProxyModel* responsesProxy_ = nullptr;
    QLineEdit* actionsFilter_ = nullptr;
    QLineEdit* responsesFilter_ = nullptr;
",""
"Property:src/ui/include/actionsresponseswindow.h:ActionsResponsesWindow.actionsFilter_","actionsFilter_","src/ui/include/actionsresponseswindow.h",43,43,"    QSortFilterProxyModel* actionsProxy_ = nullptr;
    QSortFilterProxyModel* responsesProxy_ = nullptr;
    QLineEdit* actionsFilter_ = nullptr;
    QLineEdit* responsesFilter_ = nullptr;
    QTableView* actionsTable_ = nullptr;
",""
"Property:src/ui/include/actionsresponseswindow.h:ActionsResponsesWindow.responsesFilter_","responsesFilter_","src/ui/include/actionsresponseswindow.h",44,44,"    QSortFilterProxyModel* responsesProxy_ = nullptr;
    QLineEdit* actionsFilter_ = nullptr;
    QLineEdit* responsesFilter_ = nullptr;
    QTableView* actionsTable_ = nullptr;
    QTableView* responsesTable_ = nullptr;
",""
"Property:src/ui/include/actionsresponseswindow.h:ActionsResponsesWindow.actionsTable_","actionsTable_","src/ui/include/actionsresponseswindow.h",45,45,"    QLineEdit* actionsFilter_ = nullptr;
    QLineEdit* responsesFilter_ = nullptr;
    QTableView* actionsTable_ = nullptr;
    QTableView* responsesTable_ = nullptr;
    QCheckBox* autoResponsesCheck_ = nullptr;
",""
"Property:src/ui/include/actionsresponseswindow.h:ActionsResponsesWindow.responsesTable_","responsesTable_","src/ui/include/actionsresponseswindow.h",46,46,"    QLineEdit* responsesFilter_ = nullptr;
    QTableView* actionsTable_ = nullptr;
    QTableView* responsesTable_ = nullptr;
    QCheckBox* autoResponsesCheck_ = nullptr;
    QPushButton* editActionButton_ = nullptr;
",""
"Property:src/ui/include/actionsresponseswindow.h:ActionsResponsesWindow.autoResponsesCheck_","autoResponsesCheck_","src/ui/include/actionsresponseswindow.h",47,47,"    QTableView* actionsTable_ = nullptr;
    QTableView* responsesTable_ = nullptr;
    QCheckBox* autoResponsesCheck_ = nullptr;
    QPushButton* editActionButton_ = nullptr;
    QPushButton* duplicateActionButton_ = nullptr;
",""
"Property:src/ui/include/actionsresponseswindow.h:ActionsResponsesWindow.editActionButton_","editActionButton_","src/ui/include/actionsresponseswindow.h",48,48,"    QTableView* responsesTable_ = nullptr;
    QCheckBox* autoResponsesCheck_ = nullptr;
    QPushButton* editActionButton_ = nullptr;
    QPushButton* duplicateActionButton_ = nullptr;
    QPushButton* deleteActionButton_ = nullptr;
",""
"Property:src/ui/include/actionsresponseswindow.h:ActionsResponsesWindow.duplicateActionButton_","duplicateActionButton_","src/ui/include/actionsresponseswindow.h",49,49,"    QCheckBox* autoResponsesCheck_ = nullptr;
    QPushButton* editActionButton_ = nullptr;
    QPushButton* duplicateActionButton_ = nullptr;
    QPushButton* deleteActionButton_ = nullptr;
    QPushButton* moveActionUpButton_ = nullptr;
",""
"Property:src/ui/include/actionsresponseswindow.h:ActionsResponsesWindow.deleteActionButton_","deleteActionButton_","src/ui/include/actionsresponseswindow.h",50,50,"    QPushButton* editActionButton_ = nullptr;
    QPushButton* duplicateActionButton_ = nullptr;
    QPushButton* deleteActionButton_ = nullptr;
    QPushButton* moveActionUpButton_ = nullptr;
    QPushButton* moveActionDownButton_ = nullptr;
",""
"Property:src/ui/include/actionsresponseswindow.h:ActionsResponsesWindow.moveActionUpButton_","moveActionUpButton_","src/ui/include/actionsresponseswindow.h",51,51,"    QPushButton* duplicateActionButton_ = nullptr;
    QPushButton* deleteActionButton_ = nullptr;
    QPushButton* moveActionUpButton_ = nullptr;
    QPushButton* moveActionDownButton_ = nullptr;
    QPushButton* editResponseButton_ = nullptr;
",""
"Property:src/ui/include/actionsresponseswindow.h:ActionsResponsesWindow.moveActionDownButton_","moveActionDownButton_","src/ui/include/actionsresponseswindow.h",52,52,"    QPushButton* deleteActionButton_ = nullptr;
    QPushButton* moveActionUpButton_ = nullptr;
    QPushButton* moveActionDownButton_ = nullptr;
    QPushButton* editResponseButton_ = nullptr;
    QPushButton* duplicateResponseButton_ = nullptr;
",""
"Property:src/ui/include/actionsresponseswindow.h:ActionsResponsesWindow.editResponseButton_","editResponseButton_","src/ui/include/actionsresponseswindow.h",53,53,"    QPushButton* moveActionUpButton_ = nullptr;
    QPushButton* moveActionDownButton_ = nullptr;
    QPushButton* editResponseButton_ = nullptr;
    QPushButton* duplicateResponseButton_ = nullptr;
    QPushButton* deleteResponseButton_ = nullptr;
",""
"Property:src/ui/include/actionsresponseswindow.h:ActionsResponsesWindow.duplicateResponseButton_","duplicateResponseButton_","src/ui/include/actionsresponseswindow.h",54,54,"    QPushButton* moveActionDownButton_ = nullptr;
    QPushButton* editResponseButton_ = nullptr;
    QPushButton* duplicateResponseButton_ = nullptr;
    QPushButton* deleteResponseButton_ = nullptr;
    QPushButton* moveResponseUpButton_ = nullptr;
",""
"Property:src/ui/include/actionsresponseswindow.h:ActionsResponsesWindow.deleteResponseButton_","deleteResponseButton_","src/ui/include/actionsresponseswindow.h",55,55,"    QPushButton* editResponseButton_ = nullptr;
    QPushButton* duplicateResponseButton_ = nullptr;
    QPushButton* deleteResponseButton_ = nullptr;
    QPushButton* moveResponseUpButton_ = nullptr;
    QPushButton* moveResponseDownButton_ = nullptr;
",""
"Property:src/ui/include/actionsresponseswindow.h:ActionsResponsesWindow.moveResponseUpButton_","moveResponseUpButton_","src/ui/include/actionsresponseswindow.h",56,56,"    QPushButton* duplicateResponseButton_ = nullptr;
    QPushButton* deleteResponseButton_ = nullptr;
    QPushButton* moveResponseUpButton_ = nullptr;
    QPushButton* moveResponseDownButton_ = nullptr;

",""
"Property:src/ui/include/actionsresponseswindow.h:ActionsResponsesWindow.moveResponseDownButton_","moveResponseDownButton_","src/ui/include/actionsresponseswindow.h",57,57,"    QPushButton* deleteResponseButton_ = nullptr;
    QPushButton* moveResponseUpButton_ = nullptr;
    QPushButton* moveResponseDownButton_ = nullptr;

    void updateWindowSize();
",""
"Property:src/ui/include/actionsresponseswindow.h:ActionsResponsesWindow.sizeInitialized_","sizeInitialized_","src/ui/include/actionsresponseswindow.h",64,64,"    int selectedActionRow() const;
    int selectedResponseRow() const;
    bool sizeInitialized_ = false;
};
",""
"Property:src/ui/include/actionsmanager.h:ActionsImportResult.ok","ok","src/ui/include/actionsmanager.h",8,8,"
struct ActionsImportResult {
    bool ok = false;
    QStringList errors;
    QStringList warnings;
",""
"Property:src/ui/include/actionsmanager.h:ActionsImportResult.errors","errors","src/ui/include/actionsmanager.h",9,9,"struct ActionsImportResult {
    bool ok = false;
    QStringList errors;
    QStringList warnings;
};
",""
"Property:src/ui/include/actionsmanager.h:ActionsImportResult.warnings","warnings","src/ui/include/actionsmanager.h",10,10,"    bool ok = false;
    QStringList errors;
    QStringList warnings;
};

",""
"Property:src/ui/include/actionsmanager.h:ActionsManager.public","public","src/ui/include/actionsmanager.h",14,16,"
class ActionsManager : public QObject {
    Q_OBJECT
  public:
    static ActionsManager& instance();

    void loadFromRepository();
",""
"Property:src/ui/include/actionsmanager.h:ActionsManager.repository_","repository_","src/ui/include/actionsmanager.h",51,51,"    ActionsManager() = default;

    ActionsRepository repository_;
    QVector<ActionDefinition> actions_;
    QVector<ResponseDefinition> responses_;
",""
"Property:src/ui/include/actionsmanager.h:ActionsManager.actions_","actions_","src/ui/include/actionsmanager.h",52,52,"
    ActionsRepository repository_;
    QVector<ActionDefinition> actions_;
    QVector<ResponseDefinition> responses_;
    bool autoResponsesEnabled_ = true;
",""
"Property:src/ui/include/actionsmanager.h:ActionsManager.responses_","responses_","src/ui/include/actionsmanager.h",53,53,"    ActionsRepository repository_;
    QVector<ActionDefinition> actions_;
    QVector<ResponseDefinition> responses_;
    bool autoResponsesEnabled_ = true;
};
",""
"Property:src/ui/include/actionsmanager.h:ActionsManager.autoResponsesEnabled_","autoResponsesEnabled_","src/ui/include/actionsmanager.h",54,54,"    QVector<ActionDefinition> actions_;
    QVector<ResponseDefinition> responses_;
    bool autoResponsesEnabled_ = true;
};
",""
"Property:src/ui/include/actionsconfig.h:ActionSequenceResult.ok","ok","src/ui/include/actionsconfig.h",11,11,"
struct ActionSequenceResult {
    bool ok = false;
    QByteArray bytes;
    QString error;
",""
"Property:src/ui/include/actionsconfig.h:ActionSequenceResult.bytes","bytes","src/ui/include/actionsconfig.h",12,12,"struct ActionSequenceResult {
    bool ok = false;
    QByteArray bytes;
    QString error;
};
",""
"Property:src/ui/include/actionsconfig.h:ActionSequenceResult.error","error","src/ui/include/actionsconfig.h",13,13,"    bool ok = false;
    QByteArray bytes;
    QString error;
};

",""
"Property:src/ui/include/actionsconfig.h:ActionChecksumDefinition.enabled","enabled","src/ui/include/actionsconfig.h",25,25,"
struct ActionChecksumDefinition {
    bool enabled = false;
    QString algorithm = QStringLiteral( ""sum8"" );
    QString placeholder = QStringLiteral( ""${CHECKSUM}"" );
",""
"Property:src/ui/include/actionsconfig.h:ActionChecksumDefinition.algorithm","algorithm","src/ui/include/actionsconfig.h",26,26,"struct ActionChecksumDefinition {
    bool enabled = false;
    QString algorithm = QStringLiteral( ""sum8"" );
    QString placeholder = QStringLiteral( ""${CHECKSUM}"" );
};
",""
"Property:src/ui/include/actionsconfig.h:ActionChecksumDefinition.placeholder","placeholder","src/ui/include/actionsconfig.h",27,27,"    bool enabled = false;
    QString algorithm = QStringLiteral( ""sum8"" );
    QString placeholder = QStringLiteral( ""${CHECKSUM}"" );
};

",""
"Property:src/ui/include/actionsconfig.h:ActionSequence.type","type","src/ui/include/actionsconfig.h",31,31,"
struct ActionSequence {
    ActionSequenceType type = ActionSequenceType::String;
    QString value;
};
",""
"Property:src/ui/include/actionsconfig.h:ActionSequence.value","value","src/ui/include/actionsconfig.h",32,32,"struct ActionSequence {
    ActionSequenceType type = ActionSequenceType::String;
    QString value;
};

",""
"Property:src/ui/include/actionsconfig.h:ActionParameters.repeat","repeat","src/ui/include/actionsconfig.h",36,36,"
struct ActionParameters {
    bool repeat = false;
    int delay = 0;
    int repeatCount = 1;
",""
"Property:src/ui/include/actionsconfig.h:ActionParameters.delay","delay","src/ui/include/actionsconfig.h",37,37,"struct ActionParameters {
    bool repeat = false;
    int delay = 0;
    int repeatCount = 1;
    int repeatInterval = 0;
",""
"Property:src/ui/include/actionsconfig.h:ActionParameters.repeatCount","repeatCount","src/ui/include/actionsconfig.h",38,38,"    bool repeat = false;
    int delay = 0;
    int repeatCount = 1;
    int repeatInterval = 0;
    QStringList variableNames;
",""
"Property:src/ui/include/actionsconfig.h:ActionParameters.repeatInterval","repeatInterval","src/ui/include/actionsconfig.h",39,39,"    int delay = 0;
    int repeatCount = 1;
    int repeatInterval = 0;
    QStringList variableNames;
};
",""
"Property:src/ui/include/actionsconfig.h:ActionParameters.variableNames","variableNames","src/ui/include/actionsconfig.h",40,40,"    int repeatCount = 1;
    int repeatInterval = 0;
    QStringList variableNames;
};

",""
"Property:src/ui/include/actionsconfig.h:ActionDefinition.id","id","src/ui/include/actionsconfig.h",44,44,"
struct ActionDefinition {
    int id = -1;
    int order = 0;
    bool enabled = true;
",""
"Property:src/ui/include/actionsconfig.h:ActionDefinition.order","order","src/ui/include/actionsconfig.h",45,45,"struct ActionDefinition {
    int id = -1;
    int order = 0;
    bool enabled = true;
    bool hidden = false;
",""
"Property:src/ui/include/actionsconfig.h:ActionDefinition.enabled","enabled","src/ui/include/actionsconfig.h",46,46,"    int id = -1;
    int order = 0;
    bool enabled = true;
    bool hidden = false;
    QString name;
",""
"Property:src/ui/include/actionsconfig.h:ActionDefinition.hidden","hidden","src/ui/include/actionsconfig.h",47,47,"    int order = 0;
    bool enabled = true;
    bool hidden = false;
    QString name;
    QString description;
",""
"Property:src/ui/include/actionsconfig.h:ActionDefinition.name","name","src/ui/include/actionsconfig.h",48,48,"    bool enabled = true;
    bool hidden = false;
    QString name;
    QString description;
    ActionSequence sequence;
",""
"Property:src/ui/include/actionsconfig.h:ActionDefinition.description","description","src/ui/include/actionsconfig.h",49,49,"    bool hidden = false;
    QString name;
    QString description;
    ActionSequence sequence;
    ActionParameters parameters;
",""
"Property:src/ui/include/actionsconfig.h:ActionDefinition.sequence","sequence","src/ui/include/actionsconfig.h",50,50,"    QString name;
    QString description;
    ActionSequence sequence;
    ActionParameters parameters;
    ActionChecksumDefinition checksum;
",""
"Property:src/ui/include/actionsconfig.h:ActionDefinition.parameters","parameters","src/ui/include/actionsconfig.h",51,51,"    QString description;
    ActionSequence sequence;
    ActionParameters parameters;
    ActionChecksumDefinition checksum;
};
",""
"Property:src/ui/include/actionsconfig.h:ActionDefinition.checksum","checksum","src/ui/include/actionsconfig.h",52,52,"    ActionSequence sequence;
    ActionParameters parameters;
    ActionChecksumDefinition checksum;
};

",""
"Property:src/ui/include/actionsconfig.h:ResponseMatchDefinition.type","type","src/ui/include/actionsconfig.h",56,56,"
struct ResponseMatchDefinition {
    ResponseMatchType type = ResponseMatchType::String;
    QString value;
    QRegularExpression compiled;
",""
"Property:src/ui/include/actionsconfig.h:ResponseMatchDefinition.value","value","src/ui/include/actionsconfig.h",57,57,"struct ResponseMatchDefinition {
    ResponseMatchType type = ResponseMatchType::String;
    QString value;
    QRegularExpression compiled;
};
",""
"Property:src/ui/include/actionsconfig.h:ResponseMatchDefinition.compiled","compiled","src/ui/include/actionsconfig.h",58,58,"    ResponseMatchType type = ResponseMatchType::String;
    QString value;
    QRegularExpression compiled;
};

",""
"Property:src/ui/include/actionsconfig.h:ResponseActionStep.actionId","actionId","src/ui/include/actionsconfig.h",62,62,"
struct ResponseActionStep {
    int actionId = -1;
    int delayMs = 0;
};
",""
"Property:src/ui/include/actionsconfig.h:ResponseActionStep.delayMs","delayMs","src/ui/include/actionsconfig.h",63,63,"struct ResponseActionStep {
    int actionId = -1;
    int delayMs = 0;
};

",""
"Property:src/ui/include/actionsconfig.h:ResponseActionDefinition.hasActionId","hasActionId","src/ui/include/actionsconfig.h",67,67,"
struct ResponseActionDefinition {
    bool hasActionId = false;
    int actionId = -1;
    QVector<ResponseActionStep> steps;
",""
"Property:src/ui/include/actionsconfig.h:ResponseActionDefinition.actionId","actionId","src/ui/include/actionsconfig.h",68,68,"struct ResponseActionDefinition {
    bool hasActionId = false;
    int actionId = -1;
    QVector<ResponseActionStep> steps;
    bool hasInlineAction = false;
",""
"Property:src/ui/include/actionsconfig.h:ResponseActionDefinition.steps","steps","src/ui/include/actionsconfig.h",69,69,"    bool hasActionId = false;
    int actionId = -1;
    QVector<ResponseActionStep> steps;
    bool hasInlineAction = false;
    ActionSequence inlineAction;
",""
"Property:src/ui/include/actionsconfig.h:ResponseActionDefinition.hasInlineAction","hasInlineAction","src/ui/include/actionsconfig.h",70,70,"    int actionId = -1;
    QVector<ResponseActionStep> steps;
    bool hasInlineAction = false;
    ActionSequence inlineAction;
    QString comment;
",""
"Property:src/ui/include/actionsconfig.h:ResponseActionDefinition.inlineAction","inlineAction","src/ui/include/actionsconfig.h",71,71,"    QVector<ResponseActionStep> steps;
    bool hasInlineAction = false;
    ActionSequence inlineAction;
    QString comment;
    bool linebreak = false;
",""
"Property:src/ui/include/actionsconfig.h:ResponseActionDefinition.comment","comment","src/ui/include/actionsconfig.h",72,72,"    bool hasInlineAction = false;
    ActionSequence inlineAction;
    QString comment;
    bool linebreak = false;
    bool timestamp = false;
",""
"Property:src/ui/include/actionsconfig.h:ResponseActionDefinition.linebreak","linebreak","src/ui/include/actionsconfig.h",73,73,"    ActionSequence inlineAction;
    QString comment;
    bool linebreak = false;
    bool timestamp = false;
    bool snapshot = false;
",""
"Property:src/ui/include/actionsconfig.h:ResponseActionDefinition.timestamp","timestamp","src/ui/include/actionsconfig.h",74,74,"    QString comment;
    bool linebreak = false;
    bool timestamp = false;
    bool snapshot = false;
    bool stopCommunication = false;
",""
"Property:src/ui/include/actionsconfig.h:ResponseActionDefinition.snapshot","snapshot","src/ui/include/actionsconfig.h",75,75,"    bool linebreak = false;
    bool timestamp = false;
    bool snapshot = false;
    bool stopCommunication = false;
};
",""
"Property:src/ui/include/actionsconfig.h:ResponseActionDefinition.stopCommunication","stopCommunication","src/ui/include/actionsconfig.h",76,76,"    bool timestamp = false;
    bool snapshot = false;
    bool stopCommunication = false;
};

",""
"Property:src/ui/include/actionsconfig.h:ResponseDefinition.id","id","src/ui/include/actionsconfig.h",80,80,"
struct ResponseDefinition {
    int id = -1;
    int order = 0;
    bool enabled = true;
",""
"Property:src/ui/include/actionsconfig.h:ResponseDefinition.order","order","src/ui/include/actionsconfig.h",81,81,"struct ResponseDefinition {
    int id = -1;
    int order = 0;
    bool enabled = true;
    bool hidden = false;
",""
"Property:src/ui/include/actionsconfig.h:ResponseDefinition.enabled","enabled","src/ui/include/actionsconfig.h",82,82,"    int id = -1;
    int order = 0;
    bool enabled = true;
    bool hidden = false;
    QString name;
",""
"Property:src/ui/include/actionsconfig.h:ResponseDefinition.hidden","hidden","src/ui/include/actionsconfig.h",83,83,"    int order = 0;
    bool enabled = true;
    bool hidden = false;
    QString name;
    QString description;
",""
"Property:src/ui/include/actionsconfig.h:ResponseDefinition.name","name","src/ui/include/actionsconfig.h",84,84,"    bool enabled = true;
    bool hidden = false;
    QString name;
    QString description;
    ResponseMatchDefinition match;
",""
"Property:src/ui/include/actionsconfig.h:ResponseDefinition.description","description","src/ui/include/actionsconfig.h",85,85,"    bool hidden = false;
    QString name;
    QString description;
    ResponseMatchDefinition match;
    ResponseActionDefinition response;
",""
"Property:src/ui/include/actionsconfig.h:ResponseDefinition.match","match","src/ui/include/actionsconfig.h",86,86,"    QString name;
    QString description;
    ResponseMatchDefinition match;
    ResponseActionDefinition response;
};
",""
"Property:src/ui/include/actionsconfig.h:ResponseDefinition.response","response","src/ui/include/actionsconfig.h",87,87,"    QString description;
    ResponseMatchDefinition match;
    ResponseActionDefinition response;
};

",""
"Property:src/ui/include/actionsconfig.h:ActionsParseResult.actions","actions","src/ui/include/actionsconfig.h",91,91,"
struct ActionsParseResult {
    QVector<ActionDefinition> actions;
    QVector<ResponseDefinition> responses;
    QStringList errors;
",""
"Property:src/ui/include/actionsconfig.h:ActionsParseResult.responses","responses","src/ui/include/actionsconfig.h",92,92,"struct ActionsParseResult {
    QVector<ActionDefinition> actions;
    QVector<ResponseDefinition> responses;
    QStringList errors;
    QStringList warnings;
",""
"Property:src/ui/include/actionsconfig.h:ActionsParseResult.errors","errors","src/ui/include/actionsconfig.h",93,93,"    QVector<ActionDefinition> actions;
    QVector<ResponseDefinition> responses;
    QStringList errors;
    QStringList warnings;
};
",""
"Property:src/ui/include/actionsconfig.h:ActionsParseResult.warnings","warnings","src/ui/include/actionsconfig.h",94,94,"    QVector<ResponseDefinition> responses;
    QStringList errors;
    QStringList warnings;
};

",""
"Property:src/ui/include/actionruntime.h:ResponseMatchResult.matched","matched","src/ui/include/actionruntime.h",11,11,"
struct ResponseMatchResult {
    bool matched = false;
    QMap<QString, QString> captures;
    QString lineText;
",""
"Property:src/ui/include/actionruntime.h:ResponseMatchResult.captures","captures","src/ui/include/actionruntime.h",12,12,"struct ResponseMatchResult {
    bool matched = false;
    QMap<QString, QString> captures;
    QString lineText;
};
",""
"Property:src/ui/include/actionruntime.h:ResponseMatchResult.lineText","lineText","src/ui/include/actionruntime.h",13,13,"    bool matched = false;
    QMap<QString, QString> captures;
    QString lineText;
};

",""
"Property:src/ui/include/actioneditdialog.h:ActionEditDialog.public","public","src/ui/include/actioneditdialog.h",13,15,"
class ActionEditDialog : public QDialog {
    Q_OBJECT
  public:
    explicit ActionEditDialog( QWidget* parent = nullptr );

    void setAction( const ActionDefinition& action );
",""
"Property:src/ui/include/actioneditdialog.h:ActionEditDialog.action_","action_","src/ui/include/actioneditdialog.h",30,30,"    void setSequenceEditors( const ActionSequence& sequence );

    ActionDefinition action_;
    QLineEdit* nameEdit_ = nullptr;
    QPlainTextEdit* descriptionEdit_ = nullptr;
",""
"Property:src/ui/include/actioneditdialog.h:ActionEditDialog.nameEdit_","nameEdit_","src/ui/include/actioneditdialog.h",31,31,"
    ActionDefinition action_;
    QLineEdit* nameEdit_ = nullptr;
    QPlainTextEdit* descriptionEdit_ = nullptr;
    QComboBox* sequenceTypeCombo_ = nullptr;
",""
"Property:src/ui/include/actioneditdialog.h:ActionEditDialog.descriptionEdit_","descriptionEdit_","src/ui/include/actioneditdialog.h",32,32,"    ActionDefinition action_;
    QLineEdit* nameEdit_ = nullptr;
    QPlainTextEdit* descriptionEdit_ = nullptr;
    QComboBox* sequenceTypeCombo_ = nullptr;
    QComboBox* lineEndingCombo_ = nullptr;
",""
"Property:src/ui/include/actioneditdialog.h:ActionEditDialog.sequenceTypeCombo_","sequenceTypeCombo_","src/ui/include/actioneditdialog.h",33,33,"    QLineEdit* nameEdit_ = nullptr;
    QPlainTextEdit* descriptionEdit_ = nullptr;
    QComboBox* sequenceTypeCombo_ = nullptr;
    QComboBox* lineEndingCombo_ = nullptr;
    QPlainTextEdit* stringValueEdit_ = nullptr;
",""
"Property:src/ui/include/actioneditdialog.h:ActionEditDialog.lineEndingCombo_","lineEndingCombo_","src/ui/include/actioneditdialog.h",34,34,"    QPlainTextEdit* descriptionEdit_ = nullptr;
    QComboBox* sequenceTypeCombo_ = nullptr;
    QComboBox* lineEndingCombo_ = nullptr;
    QPlainTextEdit* stringValueEdit_ = nullptr;
    QPlainTextEdit* hexValueEdit_ = nullptr;
",""
"Property:src/ui/include/actioneditdialog.h:ActionEditDialog.stringValueEdit_","stringValueEdit_","src/ui/include/actioneditdialog.h",35,35,"    QComboBox* sequenceTypeCombo_ = nullptr;
    QComboBox* lineEndingCombo_ = nullptr;
    QPlainTextEdit* stringValueEdit_ = nullptr;
    QPlainTextEdit* hexValueEdit_ = nullptr;
    QSpinBox* delaySpin_ = nullptr;
",""
"Property:src/ui/include/actioneditdialog.h:ActionEditDialog.hexValueEdit_","hexValueEdit_","src/ui/include/actioneditdialog.h",36,36,"    QComboBox* lineEndingCombo_ = nullptr;
    QPlainTextEdit* stringValueEdit_ = nullptr;
    QPlainTextEdit* hexValueEdit_ = nullptr;
    QSpinBox* delaySpin_ = nullptr;
    QSpinBox* repeatCountSpin_ = nullptr;
",""
"Property:src/ui/include/actioneditdialog.h:ActionEditDialog.delaySpin_","delaySpin_","src/ui/include/actioneditdialog.h",37,37,"    QPlainTextEdit* stringValueEdit_ = nullptr;
    QPlainTextEdit* hexValueEdit_ = nullptr;
    QSpinBox* delaySpin_ = nullptr;
    QSpinBox* repeatCountSpin_ = nullptr;
    QSpinBox* repeatIntervalSpin_ = nullptr;
",""
"Property:src/ui/include/actioneditdialog.h:ActionEditDialog.repeatCountSpin_","repeatCountSpin_","src/ui/include/actioneditdialog.h",38,38,"    QPlainTextEdit* hexValueEdit_ = nullptr;
    QSpinBox* delaySpin_ = nullptr;
    QSpinBox* repeatCountSpin_ = nullptr;
    QSpinBox* repeatIntervalSpin_ = nullptr;
    QLineEdit* variableNamesEdit_ = nullptr;
",""
"Property:src/ui/include/actioneditdialog.h:ActionEditDialog.repeatIntervalSpin_","repeatIntervalSpin_","src/ui/include/actioneditdialog.h",39,39,"    QSpinBox* delaySpin_ = nullptr;
    QSpinBox* repeatCountSpin_ = nullptr;
    QSpinBox* repeatIntervalSpin_ = nullptr;
    QLineEdit* variableNamesEdit_ = nullptr;
    QCheckBox* checksumEnabledCheck_ = nullptr;
",""
"Property:src/ui/include/actioneditdialog.h:ActionEditDialog.variableNamesEdit_","variableNamesEdit_","src/ui/include/actioneditdialog.h",40,40,"    QSpinBox* repeatCountSpin_ = nullptr;
    QSpinBox* repeatIntervalSpin_ = nullptr;
    QLineEdit* variableNamesEdit_ = nullptr;
    QCheckBox* checksumEnabledCheck_ = nullptr;
    QComboBox* checksumAlgorithmCombo_ = nullptr;
",""
"Property:src/ui/include/actioneditdialog.h:ActionEditDialog.checksumEnabledCheck_","checksumEnabledCheck_","src/ui/include/actioneditdialog.h",41,41,"    QSpinBox* repeatIntervalSpin_ = nullptr;
    QLineEdit* variableNamesEdit_ = nullptr;
    QCheckBox* checksumEnabledCheck_ = nullptr;
    QComboBox* checksumAlgorithmCombo_ = nullptr;
    QLineEdit* checksumPlaceholderEdit_ = nullptr;
",""
"Property:src/ui/include/actioneditdialog.h:ActionEditDialog.checksumAlgorithmCombo_","checksumAlgorithmCombo_","src/ui/include/actioneditdialog.h",42,42,"    QLineEdit* variableNamesEdit_ = nullptr;
    QCheckBox* checksumEnabledCheck_ = nullptr;
    QComboBox* checksumAlgorithmCombo_ = nullptr;
    QLineEdit* checksumPlaceholderEdit_ = nullptr;
    bool syncingSequenceEditors_ = false;
",""
"Property:src/ui/include/actioneditdialog.h:ActionEditDialog.checksumPlaceholderEdit_","checksumPlaceholderEdit_","src/ui/include/actioneditdialog.h",43,43,"    QCheckBox* checksumEnabledCheck_ = nullptr;
    QComboBox* checksumAlgorithmCombo_ = nullptr;
    QLineEdit* checksumPlaceholderEdit_ = nullptr;
    bool syncingSequenceEditors_ = false;
};
",""
"Property:src/ui/include/actioneditdialog.h:ActionEditDialog.syncingSequenceEditors_","syncingSequenceEditors_","src/ui/include/actioneditdialog.h",44,44,"    QComboBox* checksumAlgorithmCombo_ = nullptr;
    QLineEdit* checksumPlaceholderEdit_ = nullptr;
    bool syncingSequenceEditors_ = false;
};
",""
"Property:src/ui/include/abstractlogview.h:DigitsBuffer.public","public","src/ui/include/abstractlogview.h",78,82,"// The buffer keep at most 7 digits, and reset itself after a timeout.
class DigitsBuffer : public QObject {
    Q_OBJECT

  public:
    // Reset the buffer.
    void reset();
    // Add a single digit to the buffer (discarded if it's not a digit),
    // the timeout timer is reset.
",""
"Property:src/ui/include/abstractlogview.h:DigitsBuffer.DigitsTimeout","DigitsTimeout","src/ui/include/abstractlogview.h",96,96,"  private:
    // Duration of the timeout in milliseconds.
    static constexpr int DigitsTimeout = 2000;

    QString digits_;
",""
"Property:src/ui/include/abstractlogview.h:DigitsBuffer.digits_","digits_","src/ui/include/abstractlogview.h",98,98,"    static constexpr int DigitsTimeout = 2000;

    QString digits_;

    QBasicTimer timer_;
",""
"Property:src/ui/include/abstractlogview.h:DigitsBuffer.timer_","timer_","src/ui/include/abstractlogview.h",100,100,"    QString digits_;

    QBasicTimer timer_;
};

",""
"Property:src/ui/include/abstractlogview.h:AbstractLogView.public","public","src/ui/include/abstractlogview.h",108,115,"// It can be either the top (full) or bottom (filtered) view.
class AbstractLogView : public QAbstractScrollArea, public SearchableWidgetInterface {
    Q_OBJECT

  public:
    // Constructor of the widget, the data set is passed.
    // The caller retains ownership of the data set.
    // The pointer to the QFP is used for colouring and QuickFind searches
    AbstractLogView( const AbstractLogData* newLogData, const QuickFindPattern* const quickFind,
                     QWidget* parent = nullptr );

    ~AbstractLogView() override;
",""
"Property:src/ui/include/abstractlogview.h:AbstractLogView.","","src/ui/include/abstractlogview.h",200,202,"    void registerShortcut( const std::string& action, std::function<void()> func );

  Q_SIGNALS:
    // Sent up to the MainWindow to enable/disable the follow mode
    void followModeChanged( bool enabled );
    // Sent when the view wants the QuickFind widget pattern to change.
    void changeQuickFind( const QString& newPattern, QuickFindMux::QFDirection newDirection );
",""
"Property:src/ui/include/abstractlogview.h:AbstractLogView.OverviewWidth","OverviewWidth","src/ui/include/abstractlogview.h",312,312,"  private:
    // Graphic parameters
    static constexpr int OverviewWidth = 27;
    static constexpr int HookThreshold = 300;
    static constexpr int PullToFollowHookedHeight = 10;
",""
"Property:src/ui/include/abstractlogview.h:AbstractLogView.HookThreshold","HookThreshold","src/ui/include/abstractlogview.h",313,313,"    // Graphic parameters
    static constexpr int OverviewWidth = 27;
    static constexpr int HookThreshold = 300;
    static constexpr int PullToFollowHookedHeight = 10;

",""
"Property:src/ui/include/abstractlogview.h:AbstractLogView.PullToFollowHookedHeight","PullToFollowHookedHeight","src/ui/include/abstractlogview.h",314,314,"    static constexpr int OverviewWidth = 27;
    static constexpr int HookThreshold = 300;
    static constexpr int PullToFollowHookedHeight = 10;

    // Width of the bullet zone, including decoration
",""
"Property:src/ui/include/abstractlogview.h:AbstractLogView.bulletZoneWidthPx_","bulletZoneWidthPx_","src/ui/include/abstractlogview.h",317,317,"
    // Width of the bullet zone, including decoration
    int bulletZoneWidthPx_;

    // Total size of all margins and decorations in pixels
",""
"Property:src/ui/include/abstractlogview.h:AbstractLogView.leftMarginPx_","leftMarginPx_","src/ui/include/abstractlogview.h",320,320,"
    // Total size of all margins and decorations in pixels
    int leftMarginPx_ = 0;

    // Digits buffer (for numeric keyboard entry)
",""
"Property:src/ui/include/abstractlogview.h:AbstractLogView.digitsBuffer_","digitsBuffer_","src/ui/include/abstractlogview.h",323,323,"
    // Digits buffer (for numeric keyboard entry)
    DigitsBuffer digitsBuffer_;

    // Follow mode
",""
"Property:src/ui/include/abstractlogview.h:AbstractLogView.followMode_","followMode_","src/ui/include/abstractlogview.h",326,326,"
    // Follow mode
    bool followMode_ = false;

    // ElasticHook for follow mode
",""
"Property:src/ui/include/abstractlogview.h:AbstractLogView.followElasticHook_","followElasticHook_","src/ui/include/abstractlogview.h",329,329,"
    // ElasticHook for follow mode
    ElasticHook followElasticHook_;

    // Whether to show line numbers or not
",""
"Property:src/ui/include/abstractlogview.h:AbstractLogView.lineNumbersVisible_","lineNumbersVisible_","src/ui/include/abstractlogview.h",332,332,"
    // Whether to show line numbers or not
    bool lineNumbersVisible_ = false;

    // Pointer to the CrawlerWidget's data set
",""
"Property:src/ui/include/abstractlogview.h:AbstractLogView.logData_","logData_","src/ui/include/abstractlogview.h",335,335,"
    // Pointer to the CrawlerWidget's data set
    const AbstractLogData* logData_;

    // Pointer to the Overview object
",""
"Property:src/ui/include/abstractlogview.h:AbstractLogView.overview_","overview_","src/ui/include/abstractlogview.h",338,338,"
    // Pointer to the Overview object
    Overview* overview_ = nullptr;

    // Pointer to the OverviewWidget, this class doesn't own it,
",""
"Property:src/ui/include/abstractlogview.h:AbstractLogView.overviewWidget_","overviewWidget_","src/ui/include/abstractlogview.h",343,343,"    // but is responsible for displaying it (for purely aesthetic
    // reasons).
    OverviewWidget* overviewWidget_ = nullptr;

    bool selectionStarted_ = false;
",""
"Property:src/ui/include/abstractlogview.h:AbstractLogView.selectionStarted_","selectionStarted_","src/ui/include/abstractlogview.h",345,345,"    OverviewWidget* overviewWidget_ = nullptr;

    bool selectionStarted_ = false;
    // Start of the selection (characters)
    FilePosition selectionStartPos_;
",""
"Property:src/ui/include/abstractlogview.h:AbstractLogView.selectionStartPos_","selectionStartPos_","src/ui/include/abstractlogview.h",347,347,"    bool selectionStarted_ = false;
    // Start of the selection (characters)
    FilePosition selectionStartPos_;
    // Current end of the selection (characters)
    FilePosition selectionCurrentEndPos_;
",""
"Property:src/ui/include/abstractlogview.h:AbstractLogView.selectionCurrentEndPos_","selectionCurrentEndPos_","src/ui/include/abstractlogview.h",349,349,"    FilePosition selectionStartPos_;
    // Current end of the selection (characters)
    FilePosition selectionCurrentEndPos_;
    QBasicTimer autoScrollTimer_;

",""
"Property:src/ui/include/abstractlogview.h:AbstractLogView.autoScrollTimer_","autoScrollTimer_","src/ui/include/abstractlogview.h",350,350,"    // Current end of the selection (characters)
    FilePosition selectionCurrentEndPos_;
    QBasicTimer autoScrollTimer_;

    // Hovering state
",""
"Property:src/ui/include/abstractlogview.h:AbstractLogView.lastHoveredLine_","lastHoveredLine_","src/ui/include/abstractlogview.h",354,354,"    // Hovering state
    // Last line that has been hoovered on, -1 if none
    OptionalLineNumber lastHoveredLine_;

    // Marks (left margin click)
",""
"Property:src/ui/include/abstractlogview.h:AbstractLogView.markingClickInitiated_","markingClickInitiated_","src/ui/include/abstractlogview.h",357,357,"
    // Marks (left margin click)
    bool markingClickInitiated_ = false;
    OptionalLineNumber markingClickLine_;

",""
"Property:src/ui/include/abstractlogview.h:AbstractLogView.markingClickLine_","markingClickLine_","src/ui/include/abstractlogview.h",358,358,"    // Marks (left margin click)
    bool markingClickInitiated_ = false;
    OptionalLineNumber markingClickLine_;

    Selection selection_;
",""
"Property:src/ui/include/abstractlogview.h:AbstractLogView.selection_","selection_","src/ui/include/abstractlogview.h",360,360,"    OptionalLineNumber markingClickLine_;

    Selection selection_;
    RegularExpressionPattern searchPattern_;

",""
"Property:src/ui/include/abstractlogview.h:AbstractLogView.searchPattern_","searchPattern_","src/ui/include/abstractlogview.h",361,361,"
    Selection selection_;
    RegularExpressionPattern searchPattern_;

    std::vector<QuickHighlighters> quickHighlighters_ = std::vector<QuickHighlighters>{ 9 };
",""
"Property:src/ui/include/abstractlogview.h:AbstractLogView.quickHighlighters_","quickHighlighters_","src/ui/include/abstractlogview.h",363,363,"    RegularExpressionPattern searchPattern_;

    std::vector<QuickHighlighters> quickHighlighters_ = std::vector<QuickHighlighters>{ 9 };

    // Position of the view, those are crucial to control drawing
",""
"Property:src/ui/include/abstractlogview.h:AbstractLogView.firstLine_","firstLine_","src/ui/include/abstractlogview.h",369,369,"    // lastLineAligned == true make the bottom of the last line aligned
    // rather than the top of the top one.
    LineNumber firstLine_;
    bool lastLineAligned_ = false;
    bool useTextWrap_ = false;
",""
"Property:src/ui/include/abstractlogview.h:AbstractLogView.lastLineAligned_","lastLineAligned_","src/ui/include/abstractlogview.h",370,370,"    // rather than the top of the top one.
    LineNumber firstLine_;
    bool lastLineAligned_ = false;
    bool useTextWrap_ = false;
    LineColumn firstCol_ = 0_lcol;
",""
"Property:src/ui/include/abstractlogview.h:AbstractLogView.useTextWrap_","useTextWrap_","src/ui/include/abstractlogview.h",371,371,"    LineNumber firstLine_;
    bool lastLineAligned_ = false;
    bool useTextWrap_ = false;
    LineColumn firstCol_ = 0_lcol;

",""
"Property:src/ui/include/abstractlogview.h:AbstractLogView.firstCol_","firstCol_","src/ui/include/abstractlogview.h",372,372,"    bool lastLineAligned_ = false;
    bool useTextWrap_ = false;
    LineColumn firstCol_ = 0_lcol;

    struct WrappedLineData {
",""
"Property:src/ui/include/abstractlogview.h:WrappedLineData.lineNumber","lineNumber","src/ui/include/abstractlogview.h",375,375,"
    struct WrappedLineData {
      LineNumber lineNumber;
      size_t wrappedLineIndex;
      WrappedString wrappedString;
",""
"Property:src/ui/include/abstractlogview.h:WrappedLineData.wrappedLineIndex","wrappedLineIndex","src/ui/include/abstractlogview.h",376,376,"    struct WrappedLineData {
      LineNumber lineNumber;
      size_t wrappedLineIndex;
      WrappedString wrappedString;
    };
",""
"Property:src/ui/include/abstractlogview.h:WrappedLineData.wrappedString","wrappedString","src/ui/include/abstractlogview.h",377,377,"      LineNumber lineNumber;
      size_t wrappedLineIndex;
      WrappedString wrappedString;
    };
    struct VisibleLayoutInfo {
",""
"Property:src/ui/include/abstractlogview.h:VisibleLayoutInfo.logicalLines","logicalLines","src/ui/include/abstractlogview.h",380,380,"    };
    struct VisibleLayoutInfo {
        LinesCount logicalLines = 0_lcount;
        LinesCount visualLines = 0_lcount;
        OptionalLineNumber lastVisibleLine;
",""
"Property:src/ui/include/abstractlogview.h:VisibleLayoutInfo.visualLines","visualLines","src/ui/include/abstractlogview.h",381,381,"    struct VisibleLayoutInfo {
        LinesCount logicalLines = 0_lcount;
        LinesCount visualLines = 0_lcount;
        OptionalLineNumber lastVisibleLine;
    };
",""
"Property:src/ui/include/abstractlogview.h:VisibleLayoutInfo.lastVisibleLine","lastVisibleLine","src/ui/include/abstractlogview.h",382,382,"        LinesCount logicalLines = 0_lcount;
        LinesCount visualLines = 0_lcount;
        OptionalLineNumber lastVisibleLine;
    };
    klogg::vector<WrappedLineData> wrappedLinesInfo_;
",""
"Property:src/ui/include/abstractlogview.h:AbstractLogView.wrappedLinesInfo_","wrappedLinesInfo_","src/ui/include/abstractlogview.h",384,384,"        OptionalLineNumber lastVisibleLine;
    };
    klogg::vector<WrappedLineData> wrappedLinesInfo_;

    LineNumber searchStart_;
",""
"Property:src/ui/include/abstractlogview.h:AbstractLogView.searchStart_","searchStart_","src/ui/include/abstractlogview.h",386,386,"    klogg::vector<WrappedLineData> wrappedLinesInfo_;

    LineNumber searchStart_;
    LineNumber searchEnd_;

",""
"Property:src/ui/include/abstractlogview.h:AbstractLogView.searchEnd_","searchEnd_","src/ui/include/abstractlogview.h",387,387,"
    LineNumber searchStart_;
    LineNumber searchEnd_;

    OptionalLineNumber selectionStart_;
",""
"Property:src/ui/include/abstractlogview.h:AbstractLogView.selectionStart_","selectionStart_","src/ui/include/abstractlogview.h",389,389,"    LineNumber searchEnd_;

    OptionalLineNumber selectionStart_;

    // Text handling
",""
"Property:src/ui/include/abstractlogview.h:AbstractLogView.charWidth_","charWidth_","src/ui/include/abstractlogview.h",392,392,"
    // Text handling
    int charWidth_ = 1;
    int charHeight_ = 10;

",""
"Property:src/ui/include/abstractlogview.h:AbstractLogView.charHeight_","charHeight_","src/ui/include/abstractlogview.h",393,393,"    // Text handling
    int charWidth_ = 1;
    int charHeight_ = 10;

    // Popup menu
",""
"Property:src/ui/include/abstractlogview.h:AbstractLogView.popupMenu_","popupMenu_","src/ui/include/abstractlogview.h",396,396,"
    // Popup menu
    QMenu* popupMenu_;
    QAction* copyAction_;
    QAction* copyWithLineNumbersAction_;
",""
"Property:src/ui/include/abstractlogview.h:AbstractLogView.copyAction_","copyAction_","src/ui/include/abstractlogview.h",397,397,"    // Popup menu
    QMenu* popupMenu_;
    QAction* copyAction_;
    QAction* copyWithLineNumbersAction_;
    QAction* markAction_;
",""
"Property:src/ui/include/abstractlogview.h:AbstractLogView.copyWithLineNumbersAction_","copyWithLineNumbersAction_","src/ui/include/abstractlogview.h",398,398,"    QMenu* popupMenu_;
    QAction* copyAction_;
    QAction* copyWithLineNumbersAction_;
    QAction* markAction_;
    QAction* sendToScratchpadAction_;
",""
"Property:src/ui/include/abstractlogview.h:AbstractLogView.markAction_","markAction_","src/ui/include/abstractlogview.h",399,399,"    QAction* copyAction_;
    QAction* copyWithLineNumbersAction_;
    QAction* markAction_;
    QAction* sendToScratchpadAction_;
    QAction* replaceInScratchpadAction_;
",""
"Property:src/ui/include/abstractlogview.h:AbstractLogView.sendToScratchpadAction_","sendToScratchpadAction_","src/ui/include/abstractlogview.h",400,400,"    QAction* copyWithLineNumbersAction_;
    QAction* markAction_;
    QAction* sendToScratchpadAction_;
    QAction* replaceInScratchpadAction_;
    QMenu* sendToPreviewMenu_ = nullptr;
",""
"Property:src/ui/include/abstractlogview.h:AbstractLogView.replaceInScratchpadAction_","replaceInScratchpadAction_","src/ui/include/abstractlogview.h",401,401,"    QAction* markAction_;
    QAction* sendToScratchpadAction_;
    QAction* replaceInScratchpadAction_;
    QMenu* sendToPreviewMenu_ = nullptr;
    QAction* saveToFileAction_;
",""
"Property:src/ui/include/abstractlogview.h:AbstractLogView.sendToPreviewMenu_","sendToPreviewMenu_","src/ui/include/abstractlogview.h",402,402,"    QAction* sendToScratchpadAction_;
    QAction* replaceInScratchpadAction_;
    QMenu* sendToPreviewMenu_ = nullptr;
    QAction* saveToFileAction_;
    QAction* saveSelectedToFileAction_;
",""
"Property:src/ui/include/abstractlogview.h:AbstractLogView.saveToFileAction_","saveToFileAction_","src/ui/include/abstractlogview.h",403,403,"    QAction* replaceInScratchpadAction_;
    QMenu* sendToPreviewMenu_ = nullptr;
    QAction* saveToFileAction_;
    QAction* saveSelectedToFileAction_;
    QAction* findNextAction_;
",""
"Property:src/ui/include/abstractlogview.h:AbstractLogView.saveSelectedToFileAction_","saveSelectedToFileAction_","src/ui/include/abstractlogview.h",404,404,"    QMenu* sendToPreviewMenu_ = nullptr;
    QAction* saveToFileAction_;
    QAction* saveSelectedToFileAction_;
    QAction* findNextAction_;
    QAction* findPreviousAction_;
",""
"Property:src/ui/include/abstractlogview.h:AbstractLogView.findNextAction_","findNextAction_","src/ui/include/abstractlogview.h",405,405,"    QAction* saveToFileAction_;
    QAction* saveSelectedToFileAction_;
    QAction* findNextAction_;
    QAction* findPreviousAction_;
    QAction* addToSearchAction_;
",""
"Property:src/ui/include/abstractlogview.h:AbstractLogView.findPreviousAction_","findPreviousAction_","src/ui/include/abstractlogview.h",406,406,"    QAction* saveSelectedToFileAction_;
    QAction* findNextAction_;
    QAction* findPreviousAction_;
    QAction* addToSearchAction_;
    QAction* replaceSearchAction_;
",""
"Property:src/ui/include/abstractlogview.h:AbstractLogView.addToSearchAction_","addToSearchAction_","src/ui/include/abstractlogview.h",407,407,"    QAction* findNextAction_;
    QAction* findPreviousAction_;
    QAction* addToSearchAction_;
    QAction* replaceSearchAction_;
    QAction* excludeFromSearchAction_;
",""
"Property:src/ui/include/abstractlogview.h:AbstractLogView.replaceSearchAction_","replaceSearchAction_","src/ui/include/abstractlogview.h",408,408,"    QAction* findPreviousAction_;
    QAction* addToSearchAction_;
    QAction* replaceSearchAction_;
    QAction* excludeFromSearchAction_;
    QAction* setSearchStartAction_;
",""
"Property:src/ui/include/abstractlogview.h:AbstractLogView.excludeFromSearchAction_","excludeFromSearchAction_","src/ui/include/abstractlogview.h",409,409,"    QAction* addToSearchAction_;
    QAction* replaceSearchAction_;
    QAction* excludeFromSearchAction_;
    QAction* setSearchStartAction_;
    QAction* setSearchEndAction_;
",""
"Property:src/ui/include/abstractlogview.h:AbstractLogView.setSearchStartAction_","setSearchStartAction_","src/ui/include/abstractlogview.h",410,410,"    QAction* replaceSearchAction_;
    QAction* excludeFromSearchAction_;
    QAction* setSearchStartAction_;
    QAction* setSearchEndAction_;
    QAction* clearSearchLimitAction_;
",""
"Property:src/ui/include/abstractlogview.h:AbstractLogView.setSearchEndAction_","setSearchEndAction_","src/ui/include/abstractlogview.h",411,411,"    QAction* excludeFromSearchAction_;
    QAction* setSearchStartAction_;
    QAction* setSearchEndAction_;
    QAction* clearSearchLimitAction_;
    QAction* setSelectionStartAction_;
",""
"Property:src/ui/include/abstractlogview.h:AbstractLogView.clearSearchLimitAction_","clearSearchLimitAction_","src/ui/include/abstractlogview.h",412,412,"    QAction* setSearchStartAction_;
    QAction* setSearchEndAction_;
    QAction* clearSearchLimitAction_;
    QAction* setSelectionStartAction_;
    QAction* setSelectionEndAction_;
",""
"Property:src/ui/include/abstractlogview.h:AbstractLogView.setSelectionStartAction_","setSelectionStartAction_","src/ui/include/abstractlogview.h",413,413,"    QAction* setSearchEndAction_;
    QAction* clearSearchLimitAction_;
    QAction* setSelectionStartAction_;
    QAction* setSelectionEndAction_;
    QAction* saveDefaultSplitterSizesAction_;
",""
"Property:src/ui/include/abstractlogview.h:AbstractLogView.setSelectionEndAction_","setSelectionEndAction_","src/ui/include/abstractlogview.h",414,414,"    QAction* clearSearchLimitAction_;
    QAction* setSelectionStartAction_;
    QAction* setSelectionEndAction_;
    QAction* saveDefaultSplitterSizesAction_;
    HighlightersMenu* highlightersMenu_;
",""
"Property:src/ui/include/abstractlogview.h:AbstractLogView.saveDefaultSplitterSizesAction_","saveDefaultSplitterSizesAction_","src/ui/include/abstractlogview.h",415,415,"    QAction* setSelectionStartAction_;
    QAction* setSelectionEndAction_;
    QAction* saveDefaultSplitterSizesAction_;
    HighlightersMenu* highlightersMenu_;
    QMenu* colorLabelsMenu_;
",""
"Property:src/ui/include/abstractlogview.h:AbstractLogView.highlightersMenu_","highlightersMenu_","src/ui/include/abstractlogview.h",416,416,"    QAction* setSelectionEndAction_;
    QAction* saveDefaultSplitterSizesAction_;
    HighlightersMenu* highlightersMenu_;
    QMenu* colorLabelsMenu_;

",""
"Property:src/ui/include/abstractlogview.h:AbstractLogView.colorLabelsMenu_","colorLabelsMenu_","src/ui/include/abstractlogview.h",417,417,"    QAction* saveDefaultSplitterSizesAction_;
    HighlightersMenu* highlightersMenu_;
    QMenu* colorLabelsMenu_;

    std::map<QString, QShortcut*> shortcuts_;
",""
"Property:src/ui/include/abstractlogview.h:AbstractLogView.shortcuts_","shortcuts_","src/ui/include/abstractlogview.h",419,419,"    QMenu* colorLabelsMenu_;

    std::map<QString, QShortcut*> shortcuts_;

    // Pointer to the CrawlerWidget's QFP object
",""
"Property:src/ui/include/abstractlogview.h:AbstractLogView.quickFindPattern_","quickFindPattern_","src/ui/include/abstractlogview.h",422,422,"
    // Pointer to the CrawlerWidget's QFP object
    const QuickFindPattern* const quickFindPattern_;
    // Our own QuickFind object
    QuickFind* quickFind_;
",""
"Property:src/ui/include/abstractlogview.h:AbstractLogView.quickFind_","quickFind_","src/ui/include/abstractlogview.h",424,424,"    const QuickFindPattern* const quickFindPattern_;
    // Our own QuickFind object
    QuickFind* quickFind_;

#ifdef GLOGG_PERF_MEASURE_FPS
",""
"Property:src/ui/include/abstractlogview.h:AbstractLogView.perfCounter_","perfCounter_","src/ui/include/abstractlogview.h",428,428,"#ifdef GLOGG_PERF_MEASURE_FPS
    // Performance measurement
    PerfCounter perfCounter_;
#endif

",""
"Property:src/ui/include/abstractlogview.h:AbstractLogView.drawingTopOffset_","drawingTopOffset_","src/ui/include/abstractlogview.h",432,432,"
    // Vertical offset (in pixels) at which the first line of text is written
    int drawingTopOffset_ = 0;

    // Cache pixmap and associated info
",""
"Property:src/ui/include/abstractlogview.h:TextAreaCache.pixmap_","pixmap_","src/ui/include/abstractlogview.h",436,436,"    // Cache pixmap and associated info
    struct TextAreaCache {
        QPixmap pixmap_;
        bool invalid_;
        LineNumber first_line_;
",""
"Property:src/ui/include/abstractlogview.h:TextAreaCache.invalid_","invalid_","src/ui/include/abstractlogview.h",437,437,"    struct TextAreaCache {
        QPixmap pixmap_;
        bool invalid_;
        LineNumber first_line_;
        LineNumber last_line_;
",""
"Property:src/ui/include/abstractlogview.h:TextAreaCache.first_line_","first_line_","src/ui/include/abstractlogview.h",438,438,"        QPixmap pixmap_;
        bool invalid_;
        LineNumber first_line_;
        LineNumber last_line_;
        LineColumn first_column_;
",""
"Property:src/ui/include/abstractlogview.h:TextAreaCache.last_line_","last_line_","src/ui/include/abstractlogview.h",439,439,"        bool invalid_;
        LineNumber first_line_;
        LineNumber last_line_;
        LineColumn first_column_;
    };
",""
"Property:src/ui/include/abstractlogview.h:TextAreaCache.first_column_","first_column_","src/ui/include/abstractlogview.h",440,440,"        LineNumber first_line_;
        LineNumber last_line_;
        LineColumn first_column_;
    };
    struct PullToFollowCache {
",""
"Property:src/ui/include/abstractlogview.h:PullToFollowCache.pixmap_","pixmap_","src/ui/include/abstractlogview.h",443,443,"    };
    struct PullToFollowCache {
        QPixmap pixmap_;
        LineLength nb_columns_;
    };
",""
"Property:src/ui/include/abstractlogview.h:PullToFollowCache.nb_columns_","nb_columns_","src/ui/include/abstractlogview.h",444,444,"    struct PullToFollowCache {
        QPixmap pixmap_;
        LineLength nb_columns_;
    };
    TextAreaCache textAreaCache_ = { {}, true, 0_lnum, 0_lnum, 0_lcol };
",""
"Property:src/ui/include/abstractlogview.h:AbstractLogView.textAreaCache_","textAreaCache_","src/ui/include/abstractlogview.h",446,446,"        LineLength nb_columns_;
    };
    TextAreaCache textAreaCache_ = { {}, true, 0_lnum, 0_lnum, 0_lcol };
    PullToFollowCache pullToFollowCache_ = { {}, 0_length };
    QFontMetrics pixmapFontMetrics_;
",""
"Property:src/ui/include/abstractlogview.h:AbstractLogView.pullToFollowCache_","pullToFollowCache_","src/ui/include/abstractlogview.h",447,447,"    };
    TextAreaCache textAreaCache_ = { {}, true, 0_lnum, 0_lnum, 0_lcol };
    PullToFollowCache pullToFollowCache_ = { {}, 0_length };
    QFontMetrics pixmapFontMetrics_;

",""
"Property:src/ui/include/abstractlogview.h:AbstractLogView.pixmapFontMetrics_","pixmapFontMetrics_","src/ui/include/abstractlogview.h",448,448,"    TextAreaCache textAreaCache_ = { {}, true, 0_lnum, 0_lnum, 0_lcol };
    PullToFollowCache pullToFollowCache_ = { {}, 0_length };
    QFontMetrics pixmapFontMetrics_;

    LinesCount getNbVisibleLines() const;
",""
"Property:src/settings/include/styles.h:StyleManager.DarkStyleKey","DarkStyleKey","src/settings/include/styles.h",27,27,"struct StyleManager {

    static constexpr QLatin1String DarkStyleKey = QLatin1String( ""Dark"", 4 );
    static constexpr QLatin1String DarkWindowsStyleKey = QLatin1String( ""Windows Dark"", 12 );
    static constexpr QLatin1String VistaKey = QLatin1String( ""WindowsVista"", 12 );
",""
"Property:src/settings/include/styles.h:StyleManager.DarkWindowsStyleKey","DarkWindowsStyleKey","src/settings/include/styles.h",28,28,"
    static constexpr QLatin1String DarkStyleKey = QLatin1String( ""Dark"", 4 );
    static constexpr QLatin1String DarkWindowsStyleKey = QLatin1String( ""Windows Dark"", 12 );
    static constexpr QLatin1String VistaKey = QLatin1String( ""WindowsVista"", 12 );
    static constexpr QLatin1String FusionKey = QLatin1String( ""Fusion"", 6 );
",""
"Property:src/settings/include/styles.h:StyleManager.VistaKey","VistaKey","src/settings/include/styles.h",29,29,"    static constexpr QLatin1String DarkStyleKey = QLatin1String( ""Dark"", 4 );
    static constexpr QLatin1String DarkWindowsStyleKey = QLatin1String( ""Windows Dark"", 12 );
    static constexpr QLatin1String VistaKey = QLatin1String( ""WindowsVista"", 12 );
    static constexpr QLatin1String FusionKey = QLatin1String( ""Fusion"", 6 );
    static constexpr QLatin1String WindowsKey = QLatin1String( ""Windows"", 7 );
",""
"Property:src/settings/include/styles.h:StyleManager.FusionKey","FusionKey","src/settings/include/styles.h",30,30,"    static constexpr QLatin1String DarkWindowsStyleKey = QLatin1String( ""Windows Dark"", 12 );
    static constexpr QLatin1String VistaKey = QLatin1String( ""WindowsVista"", 12 );
    static constexpr QLatin1String FusionKey = QLatin1String( ""Fusion"", 6 );
    static constexpr QLatin1String WindowsKey = QLatin1String( ""Windows"", 7 );
    static constexpr QLatin1String MacintoshKey = QLatin1String( ""macintosh"", 9 );
",""
"Property:src/settings/include/styles.h:StyleManager.WindowsKey","WindowsKey","src/settings/include/styles.h",31,31,"    static constexpr QLatin1String VistaKey = QLatin1String( ""WindowsVista"", 12 );
    static constexpr QLatin1String FusionKey = QLatin1String( ""Fusion"", 6 );
    static constexpr QLatin1String WindowsKey = QLatin1String( ""Windows"", 7 );
    static constexpr QLatin1String MacintoshKey = QLatin1String( ""macintosh"", 9 );

",""
"Property:src/settings/include/styles.h:StyleManager.MacintoshKey","MacintoshKey","src/settings/include/styles.h",32,32,"    static constexpr QLatin1String FusionKey = QLatin1String( ""Fusion"", 6 );
    static constexpr QLatin1String WindowsKey = QLatin1String( ""Windows"", 7 );
    static constexpr QLatin1String MacintoshKey = QLatin1String( ""macintosh"", 9 );

    static constexpr QLatin1String Gtk2Key = QLatin1String( ""Gtk2"", 4 );
",""
"Property:src/settings/include/styles.h:StyleManager.Gtk2Key","Gtk2Key","src/settings/include/styles.h",34,34,"    static constexpr QLatin1String MacintoshKey = QLatin1String( ""macintosh"", 9 );

    static constexpr QLatin1String Gtk2Key = QLatin1String( ""Gtk2"", 4 );
    static constexpr QLatin1String Bb10Key = QLatin1String( ""bb10"", 4 );

",""
"Property:src/settings/include/styles.h:StyleManager.Bb10Key","Bb10Key","src/settings/include/styles.h",35,35,"
    static constexpr QLatin1String Gtk2Key = QLatin1String( ""Gtk2"", 4 );
    static constexpr QLatin1String Bb10Key = QLatin1String( ""bb10"", 4 );

    static QStringList availableStyles();
",""
"Property:src/settings/include/shortcuts.h:ShortcutAction.CrawlerChangeVisibilityForward","CrawlerChangeVisibilityForward","src/settings/include/shortcuts.h",32,32,"
struct ShortcutAction {
    static constexpr auto CrawlerChangeVisibilityForward = ""crawler.change_visibility_type"";
    static constexpr auto CrawlerChangeVisibilityBackward
        = ""crawler.change_visibility_type_backward"";
",""
"Property:src/settings/include/shortcuts.h:ShortcutAction.CrawlerChangeVisibilityBackward","CrawlerChangeVisibilityBackward","src/settings/include/shortcuts.h",33,34,"struct ShortcutAction {
    static constexpr auto CrawlerChangeVisibilityForward = ""crawler.change_visibility_type"";
    static constexpr auto CrawlerChangeVisibilityBackward
        = ""crawler.change_visibility_type_backward"";
    static constexpr auto CrawlerChangeVisibilityToMarksAndMatches
        = ""crawler.change_visibility_to_marks_and_matches"";
",""
"Property:src/settings/include/shortcuts.h:ShortcutAction.CrawlerChangeVisibilityToMarksAndMatches","CrawlerChangeVisibilityToMarksAndMatches","src/settings/include/shortcuts.h",35,36,"    static constexpr auto CrawlerChangeVisibilityBackward
        = ""crawler.change_visibility_type_backward"";
    static constexpr auto CrawlerChangeVisibilityToMarksAndMatches
        = ""crawler.change_visibility_to_marks_and_matches"";
    static constexpr auto CrawlerChangeVisibilityToMarks = ""crawler.change_visibility_to_marks"";
    static constexpr auto CrawlerChangeVisibilityToMatches = ""crawler.change_visibility_to_matches"";
",""
"Property:src/settings/include/shortcuts.h:ShortcutAction.CrawlerChangeVisibilityToMarks","CrawlerChangeVisibilityToMarks","src/settings/include/shortcuts.h",37,37,"    static constexpr auto CrawlerChangeVisibilityToMarksAndMatches
        = ""crawler.change_visibility_to_marks_and_matches"";
    static constexpr auto CrawlerChangeVisibilityToMarks = ""crawler.change_visibility_to_marks"";
    static constexpr auto CrawlerChangeVisibilityToMatches = ""crawler.change_visibility_to_matches"";
    static constexpr auto CrawlerIncreseTopViewSize = ""crawler.increase_top_view_size"";
",""
"Property:src/settings/include/shortcuts.h:ShortcutAction.CrawlerChangeVisibilityToMatches","CrawlerChangeVisibilityToMatches","src/settings/include/shortcuts.h",38,38,"        = ""crawler.change_visibility_to_marks_and_matches"";
    static constexpr auto CrawlerChangeVisibilityToMarks = ""crawler.change_visibility_to_marks"";
    static constexpr auto CrawlerChangeVisibilityToMatches = ""crawler.change_visibility_to_matches"";
    static constexpr auto CrawlerIncreseTopViewSize = ""crawler.increase_top_view_size"";
    static constexpr auto CrawlerDecreaseTopViewSize = ""crawler.decrease_top_view_size"";
",""
"Property:src/settings/include/shortcuts.h:ShortcutAction.CrawlerIncreseTopViewSize","CrawlerIncreseTopViewSize","src/settings/include/shortcuts.h",39,39,"    static constexpr auto CrawlerChangeVisibilityToMarks = ""crawler.change_visibility_to_marks"";
    static constexpr auto CrawlerChangeVisibilityToMatches = ""crawler.change_visibility_to_matches"";
    static constexpr auto CrawlerIncreseTopViewSize = ""crawler.increase_top_view_size"";
    static constexpr auto CrawlerDecreaseTopViewSize = ""crawler.decrease_top_view_size"";
    static constexpr auto CrawlerEnableCaseMatching = ""crawler.enable_case_matching"";
",""
"Property:src/settings/include/shortcuts.h:ShortcutAction.CrawlerDecreaseTopViewSize","CrawlerDecreaseTopViewSize","src/settings/include/shortcuts.h",40,40,"    static constexpr auto CrawlerChangeVisibilityToMatches = ""crawler.change_visibility_to_matches"";
    static constexpr auto CrawlerIncreseTopViewSize = ""crawler.increase_top_view_size"";
    static constexpr auto CrawlerDecreaseTopViewSize = ""crawler.decrease_top_view_size"";
    static constexpr auto CrawlerEnableCaseMatching = ""crawler.enable_case_matching"";
    static constexpr auto CrawlerEnableRegex = ""crawler.enable_regex"";
",""
"Property:src/settings/include/shortcuts.h:ShortcutAction.CrawlerEnableCaseMatching","CrawlerEnableCaseMatching","src/settings/include/shortcuts.h",41,41,"    static constexpr auto CrawlerIncreseTopViewSize = ""crawler.increase_top_view_size"";
    static constexpr auto CrawlerDecreaseTopViewSize = ""crawler.decrease_top_view_size"";
    static constexpr auto CrawlerEnableCaseMatching = ""crawler.enable_case_matching"";
    static constexpr auto CrawlerEnableRegex = ""crawler.enable_regex"";
    static constexpr auto CrawlerEnableInverseMatching = ""crawler.enable_inverse_matching"";
",""
"Property:src/settings/include/shortcuts.h:ShortcutAction.CrawlerEnableRegex","CrawlerEnableRegex","src/settings/include/shortcuts.h",42,42,"    static constexpr auto CrawlerDecreaseTopViewSize = ""crawler.decrease_top_view_size"";
    static constexpr auto CrawlerEnableCaseMatching = ""crawler.enable_case_matching"";
    static constexpr auto CrawlerEnableRegex = ""crawler.enable_regex"";
    static constexpr auto CrawlerEnableInverseMatching = ""crawler.enable_inverse_matching"";
    static constexpr auto CrawlerEnableRegexCombining = ""crawler.enable_regex_combining"";
",""
"Property:src/settings/include/shortcuts.h:ShortcutAction.CrawlerEnableInverseMatching","CrawlerEnableInverseMatching","src/settings/include/shortcuts.h",43,43,"    static constexpr auto CrawlerEnableCaseMatching = ""crawler.enable_case_matching"";
    static constexpr auto CrawlerEnableRegex = ""crawler.enable_regex"";
    static constexpr auto CrawlerEnableInverseMatching = ""crawler.enable_inverse_matching"";
    static constexpr auto CrawlerEnableRegexCombining = ""crawler.enable_regex_combining"";
    static constexpr auto CrawlerEnableAutoRefresh = ""crawler.enable_auto_refresh"";
",""
"Property:src/settings/include/shortcuts.h:ShortcutAction.CrawlerEnableRegexCombining","CrawlerEnableRegexCombining","src/settings/include/shortcuts.h",44,44,"    static constexpr auto CrawlerEnableRegex = ""crawler.enable_regex"";
    static constexpr auto CrawlerEnableInverseMatching = ""crawler.enable_inverse_matching"";
    static constexpr auto CrawlerEnableRegexCombining = ""crawler.enable_regex_combining"";
    static constexpr auto CrawlerEnableAutoRefresh = ""crawler.enable_auto_refresh"";
    static constexpr auto CrawlerKeepResults = ""crawler.enable_keep_results"";
",""
"Property:src/settings/include/shortcuts.h:ShortcutAction.CrawlerEnableAutoRefresh","CrawlerEnableAutoRefresh","src/settings/include/shortcuts.h",45,45,"    static constexpr auto CrawlerEnableInverseMatching = ""crawler.enable_inverse_matching"";
    static constexpr auto CrawlerEnableRegexCombining = ""crawler.enable_regex_combining"";
    static constexpr auto CrawlerEnableAutoRefresh = ""crawler.enable_auto_refresh"";
    static constexpr auto CrawlerKeepResults = ""crawler.enable_keep_results"";

",""
"Property:src/settings/include/shortcuts.h:ShortcutAction.CrawlerKeepResults","CrawlerKeepResults","src/settings/include/shortcuts.h",46,46,"    static constexpr auto CrawlerEnableRegexCombining = ""crawler.enable_regex_combining"";
    static constexpr auto CrawlerEnableAutoRefresh = ""crawler.enable_auto_refresh"";
    static constexpr auto CrawlerKeepResults = ""crawler.enable_keep_results"";

    static constexpr auto QfFindNext = ""qf.find_next"";
",""
"Property:src/settings/include/shortcuts.h:ShortcutAction.QfFindNext","QfFindNext","src/settings/include/shortcuts.h",48,48,"    static constexpr auto CrawlerKeepResults = ""crawler.enable_keep_results"";

    static constexpr auto QfFindNext = ""qf.find_next"";
    static constexpr auto QfFindPrev = ""qf.find_prev"";

",""
"Property:src/settings/include/shortcuts.h:ShortcutAction.QfFindPrev","QfFindPrev","src/settings/include/shortcuts.h",49,49,"
    static constexpr auto QfFindNext = ""qf.find_next"";
    static constexpr auto QfFindPrev = ""qf.find_prev"";

    static constexpr auto MainWindowOpenFile = ""mainwindow.open_file"";
",""
"Property:src/settings/include/shortcuts.h:ShortcutAction.MainWindowOpenFile","MainWindowOpenFile","src/settings/include/shortcuts.h",51,51,"    static constexpr auto QfFindPrev = ""qf.find_prev"";

    static constexpr auto MainWindowOpenFile = ""mainwindow.open_file"";
    static constexpr auto MainWindowNewWindow = ""mainwindow.new_window"";
    static constexpr auto MainWindowCloseFile = ""mainwindow.close_file"";
",""
"Property:src/settings/include/shortcuts.h:ShortcutAction.MainWindowNewWindow","MainWindowNewWindow","src/settings/include/shortcuts.h",52,52,"
    static constexpr auto MainWindowOpenFile = ""mainwindow.open_file"";
    static constexpr auto MainWindowNewWindow = ""mainwindow.new_window"";
    static constexpr auto MainWindowCloseFile = ""mainwindow.close_file"";
    static constexpr auto MainWindowCloseAll = ""mainwindow.close_all"";
",""
"Property:src/settings/include/shortcuts.h:ShortcutAction.MainWindowCloseFile","MainWindowCloseFile","src/settings/include/shortcuts.h",53,53,"    static constexpr auto MainWindowOpenFile = ""mainwindow.open_file"";
    static constexpr auto MainWindowNewWindow = ""mainwindow.new_window"";
    static constexpr auto MainWindowCloseFile = ""mainwindow.close_file"";
    static constexpr auto MainWindowCloseAll = ""mainwindow.close_all"";
    static constexpr auto MainWindowQuit = ""mainwindow.quit"";
",""
"Property:src/settings/include/shortcuts.h:ShortcutAction.MainWindowCloseAll","MainWindowCloseAll","src/settings/include/shortcuts.h",54,54,"    static constexpr auto MainWindowNewWindow = ""mainwindow.new_window"";
    static constexpr auto MainWindowCloseFile = ""mainwindow.close_file"";
    static constexpr auto MainWindowCloseAll = ""mainwindow.close_all"";
    static constexpr auto MainWindowQuit = ""mainwindow.quit"";
    static constexpr auto MainWindowFullScreen = ""mainwindow.fullscreen"";
",""
"Property:src/settings/include/shortcuts.h:ShortcutAction.MainWindowQuit","MainWindowQuit","src/settings/include/shortcuts.h",55,55,"    static constexpr auto MainWindowCloseFile = ""mainwindow.close_file"";
    static constexpr auto MainWindowCloseAll = ""mainwindow.close_all"";
    static constexpr auto MainWindowQuit = ""mainwindow.quit"";
    static constexpr auto MainWindowFullScreen = ""mainwindow.fullscreen"";
    static constexpr auto MainWindowMax = ""mainwindow.max_window"";
",""
"Property:src/settings/include/shortcuts.h:ShortcutAction.MainWindowFullScreen","MainWindowFullScreen","src/settings/include/shortcuts.h",56,56,"    static constexpr auto MainWindowCloseAll = ""mainwindow.close_all"";
    static constexpr auto MainWindowQuit = ""mainwindow.quit"";
    static constexpr auto MainWindowFullScreen = ""mainwindow.fullscreen"";
    static constexpr auto MainWindowMax = ""mainwindow.max_window"";
    static constexpr auto MainWindowMin = ""mainwindow.min_window"";
",""
"Property:src/settings/include/shortcuts.h:ShortcutAction.MainWindowMax","MainWindowMax","src/settings/include/shortcuts.h",57,57,"    static constexpr auto MainWindowQuit = ""mainwindow.quit"";
    static constexpr auto MainWindowFullScreen = ""mainwindow.fullscreen"";
    static constexpr auto MainWindowMax = ""mainwindow.max_window"";
    static constexpr auto MainWindowMin = ""mainwindow.min_window"";
    static constexpr auto MainWindowPreference = ""mainwindow.preference"";
",""
"Property:src/settings/include/shortcuts.h:ShortcutAction.MainWindowMin","MainWindowMin","src/settings/include/shortcuts.h",58,58,"    static constexpr auto MainWindowFullScreen = ""mainwindow.fullscreen"";
    static constexpr auto MainWindowMax = ""mainwindow.max_window"";
    static constexpr auto MainWindowMin = ""mainwindow.min_window"";
    static constexpr auto MainWindowPreference = ""mainwindow.preference"";
    static constexpr auto MainWindowCopy = ""mainwindow.copy_selection"";
",""
"Property:src/settings/include/shortcuts.h:ShortcutAction.MainWindowPreference","MainWindowPreference","src/settings/include/shortcuts.h",59,59,"    static constexpr auto MainWindowMax = ""mainwindow.max_window"";
    static constexpr auto MainWindowMin = ""mainwindow.min_window"";
    static constexpr auto MainWindowPreference = ""mainwindow.preference"";
    static constexpr auto MainWindowCopy = ""mainwindow.copy_selection"";
    static constexpr auto MainWindowSelectAll = ""mainwindow.select_all"";
",""
"Property:src/settings/include/shortcuts.h:ShortcutAction.MainWindowCopy","MainWindowCopy","src/settings/include/shortcuts.h",60,60,"    static constexpr auto MainWindowMin = ""mainwindow.min_window"";
    static constexpr auto MainWindowPreference = ""mainwindow.preference"";
    static constexpr auto MainWindowCopy = ""mainwindow.copy_selection"";
    static constexpr auto MainWindowSelectAll = ""mainwindow.select_all"";
    static constexpr auto MainWindowOpenQf = ""mainwindow.open_qf"";
",""
"Property:src/settings/include/shortcuts.h:ShortcutAction.MainWindowSelectAll","MainWindowSelectAll","src/settings/include/shortcuts.h",61,61,"    static constexpr auto MainWindowPreference = ""mainwindow.preference"";
    static constexpr auto MainWindowCopy = ""mainwindow.copy_selection"";
    static constexpr auto MainWindowSelectAll = ""mainwindow.select_all"";
    static constexpr auto MainWindowOpenQf = ""mainwindow.open_qf"";
    static constexpr auto MainWindowOpenQfForward = ""mainwindow.open_qf_forward"";
",""
"Property:src/settings/include/shortcuts.h:ShortcutAction.MainWindowOpenQf","MainWindowOpenQf","src/settings/include/shortcuts.h",62,62,"    static constexpr auto MainWindowCopy = ""mainwindow.copy_selection"";
    static constexpr auto MainWindowSelectAll = ""mainwindow.select_all"";
    static constexpr auto MainWindowOpenQf = ""mainwindow.open_qf"";
    static constexpr auto MainWindowOpenQfForward = ""mainwindow.open_qf_forward"";
    static constexpr auto MainWindowOpenQfBackward = ""mainwindow.open_qf_backward"";
",""
"Property:src/settings/include/shortcuts.h:ShortcutAction.MainWindowOpenQfForward","MainWindowOpenQfForward","src/settings/include/shortcuts.h",63,63,"    static constexpr auto MainWindowSelectAll = ""mainwindow.select_all"";
    static constexpr auto MainWindowOpenQf = ""mainwindow.open_qf"";
    static constexpr auto MainWindowOpenQfForward = ""mainwindow.open_qf_forward"";
    static constexpr auto MainWindowOpenQfBackward = ""mainwindow.open_qf_backward"";
    static constexpr auto MainWindowFocusSearchInput = ""qf.focus_search"";
",""
"Property:src/settings/include/shortcuts.h:ShortcutAction.MainWindowOpenQfBackward","MainWindowOpenQfBackward","src/settings/include/shortcuts.h",64,64,"    static constexpr auto MainWindowOpenQf = ""mainwindow.open_qf"";
    static constexpr auto MainWindowOpenQfForward = ""mainwindow.open_qf_forward"";
    static constexpr auto MainWindowOpenQfBackward = ""mainwindow.open_qf_backward"";
    static constexpr auto MainWindowFocusSearchInput = ""qf.focus_search"";
    static constexpr auto MainWindowClearFile = ""mainwindow.clear_file"";
",""
"Property:src/settings/include/shortcuts.h:ShortcutAction.MainWindowFocusSearchInput","MainWindowFocusSearchInput","src/settings/include/shortcuts.h",65,65,"    static constexpr auto MainWindowOpenQfForward = ""mainwindow.open_qf_forward"";
    static constexpr auto MainWindowOpenQfBackward = ""mainwindow.open_qf_backward"";
    static constexpr auto MainWindowFocusSearchInput = ""qf.focus_search"";
    static constexpr auto MainWindowClearFile = ""mainwindow.clear_file"";
    static constexpr auto MainWindowFollowFile = ""mainwindow.follow_file"";
",""
"Property:src/settings/include/shortcuts.h:ShortcutAction.MainWindowClearFile","MainWindowClearFile","src/settings/include/shortcuts.h",66,66,"    static constexpr auto MainWindowOpenQfBackward = ""mainwindow.open_qf_backward"";
    static constexpr auto MainWindowFocusSearchInput = ""qf.focus_search"";
    static constexpr auto MainWindowClearFile = ""mainwindow.clear_file"";
    static constexpr auto MainWindowFollowFile = ""mainwindow.follow_file"";
    static constexpr auto MainWindowTextWrap = ""mainwindow.text_wrap"";
",""
"Property:src/settings/include/shortcuts.h:ShortcutAction.MainWindowFollowFile","MainWindowFollowFile","src/settings/include/shortcuts.h",67,67,"    static constexpr auto MainWindowFocusSearchInput = ""qf.focus_search"";
    static constexpr auto MainWindowClearFile = ""mainwindow.clear_file"";
    static constexpr auto MainWindowFollowFile = ""mainwindow.follow_file"";
    static constexpr auto MainWindowTextWrap = ""mainwindow.text_wrap"";
    static constexpr auto MainWindowReload = ""mainwindow.reload"";
",""
"Property:src/settings/include/shortcuts.h:ShortcutAction.MainWindowTextWrap","MainWindowTextWrap","src/settings/include/shortcuts.h",68,68,"    static constexpr auto MainWindowClearFile = ""mainwindow.clear_file"";
    static constexpr auto MainWindowFollowFile = ""mainwindow.follow_file"";
    static constexpr auto MainWindowTextWrap = ""mainwindow.text_wrap"";
    static constexpr auto MainWindowReload = ""mainwindow.reload"";
    static constexpr auto MainWindowStop = ""mainwindow.stop"";
",""
"Property:src/settings/include/shortcuts.h:ShortcutAction.MainWindowReload","MainWindowReload","src/settings/include/shortcuts.h",69,69,"    static constexpr auto MainWindowFollowFile = ""mainwindow.follow_file"";
    static constexpr auto MainWindowTextWrap = ""mainwindow.text_wrap"";
    static constexpr auto MainWindowReload = ""mainwindow.reload"";
    static constexpr auto MainWindowStop = ""mainwindow.stop"";
    static constexpr auto MainWindowScratchpad = ""mainwindow.scratchpad"";
",""
"Property:src/settings/include/shortcuts.h:ShortcutAction.MainWindowStop","MainWindowStop","src/settings/include/shortcuts.h",70,70,"    static constexpr auto MainWindowTextWrap = ""mainwindow.text_wrap"";
    static constexpr auto MainWindowReload = ""mainwindow.reload"";
    static constexpr auto MainWindowStop = ""mainwindow.stop"";
    static constexpr auto MainWindowScratchpad = ""mainwindow.scratchpad"";
    static constexpr auto MainWindowSelectOpenFile = ""mainwindow.select_open_file"";
",""
"Property:src/settings/include/shortcuts.h:ShortcutAction.MainWindowScratchpad","MainWindowScratchpad","src/settings/include/shortcuts.h",71,71,"    static constexpr auto MainWindowReload = ""mainwindow.reload"";
    static constexpr auto MainWindowStop = ""mainwindow.stop"";
    static constexpr auto MainWindowScratchpad = ""mainwindow.scratchpad"";
    static constexpr auto MainWindowSelectOpenFile = ""mainwindow.select_open_file"";
    static constexpr auto MainWindowOpenContainingFolder = ""mainwindow.open_containing_folder"";
",""
"Property:src/settings/include/shortcuts.h:ShortcutAction.MainWindowSelectOpenFile","MainWindowSelectOpenFile","src/settings/include/shortcuts.h",72,72,"    static constexpr auto MainWindowStop = ""mainwindow.stop"";
    static constexpr auto MainWindowScratchpad = ""mainwindow.scratchpad"";
    static constexpr auto MainWindowSelectOpenFile = ""mainwindow.select_open_file"";
    static constexpr auto MainWindowOpenContainingFolder = ""mainwindow.open_containing_folder"";
    static constexpr auto MainWindowOpenInEditor = ""mainwindow.open_in_editor"";
",""
"Property:src/settings/include/shortcuts.h:ShortcutAction.MainWindowOpenContainingFolder","MainWindowOpenContainingFolder","src/settings/include/shortcuts.h",73,73,"    static constexpr auto MainWindowScratchpad = ""mainwindow.scratchpad"";
    static constexpr auto MainWindowSelectOpenFile = ""mainwindow.select_open_file"";
    static constexpr auto MainWindowOpenContainingFolder = ""mainwindow.open_containing_folder"";
    static constexpr auto MainWindowOpenInEditor = ""mainwindow.open_in_editor"";
    static constexpr auto MainWindowCopyPathToClipboard = ""mainwindow.copy_path_to_clipboard"";
",""
"Property:src/settings/include/shortcuts.h:ShortcutAction.MainWindowOpenInEditor","MainWindowOpenInEditor","src/settings/include/shortcuts.h",74,74,"    static constexpr auto MainWindowSelectOpenFile = ""mainwindow.select_open_file"";
    static constexpr auto MainWindowOpenContainingFolder = ""mainwindow.open_containing_folder"";
    static constexpr auto MainWindowOpenInEditor = ""mainwindow.open_in_editor"";
    static constexpr auto MainWindowCopyPathToClipboard = ""mainwindow.copy_path_to_clipboard"";
    static constexpr auto MainWindowOpenFromClipboard = ""mainwindow.open_from_clipboard"";
",""
"Property:src/settings/include/shortcuts.h:ShortcutAction.MainWindowCopyPathToClipboard","MainWindowCopyPathToClipboard","src/settings/include/shortcuts.h",75,75,"    static constexpr auto MainWindowOpenContainingFolder = ""mainwindow.open_containing_folder"";
    static constexpr auto MainWindowOpenInEditor = ""mainwindow.open_in_editor"";
    static constexpr auto MainWindowCopyPathToClipboard = ""mainwindow.copy_path_to_clipboard"";
    static constexpr auto MainWindowOpenFromClipboard = ""mainwindow.open_from_clipboard"";
    static constexpr auto MainWindowOpenFromUrl = ""mainwindow.open_from_url"";
",""
"Property:src/settings/include/shortcuts.h:ShortcutAction.MainWindowOpenFromClipboard","MainWindowOpenFromClipboard","src/settings/include/shortcuts.h",76,76,"    static constexpr auto MainWindowOpenInEditor = ""mainwindow.open_in_editor"";
    static constexpr auto MainWindowCopyPathToClipboard = ""mainwindow.copy_path_to_clipboard"";
    static constexpr auto MainWindowOpenFromClipboard = ""mainwindow.open_from_clipboard"";
    static constexpr auto MainWindowOpenFromUrl = ""mainwindow.open_from_url"";

",""
"Property:src/settings/include/shortcuts.h:ShortcutAction.MainWindowOpenFromUrl","MainWindowOpenFromUrl","src/settings/include/shortcuts.h",77,77,"    static constexpr auto MainWindowCopyPathToClipboard = ""mainwindow.copy_path_to_clipboard"";
    static constexpr auto MainWindowOpenFromClipboard = ""mainwindow.open_from_clipboard"";
    static constexpr auto MainWindowOpenFromUrl = ""mainwindow.open_from_url"";

    static constexpr auto LogViewMark = ""logview.mark"";
",""
"Property:src/settings/include/shortcuts.h:ShortcutAction.LogViewMark","LogViewMark","src/settings/include/shortcuts.h",79,79,"    static constexpr auto MainWindowOpenFromUrl = ""mainwindow.open_from_url"";

    static constexpr auto LogViewMark = ""logview.mark"";
    static constexpr auto LogViewNextMark = ""logview.next_mark"";
    static constexpr auto LogViewPrevMark = ""logview.prev_mark"";
",""
"Property:src/settings/include/shortcuts.h:ShortcutAction.LogViewNextMark","LogViewNextMark","src/settings/include/shortcuts.h",80,80,"
    static constexpr auto LogViewMark = ""logview.mark"";
    static constexpr auto LogViewNextMark = ""logview.next_mark"";
    static constexpr auto LogViewPrevMark = ""logview.prev_mark"";
    static constexpr auto LogViewSelectionUp = ""logview.selection_up"";
",""
"Property:src/settings/include/shortcuts.h:ShortcutAction.LogViewPrevMark","LogViewPrevMark","src/settings/include/shortcuts.h",81,81,"    static constexpr auto LogViewMark = ""logview.mark"";
    static constexpr auto LogViewNextMark = ""logview.next_mark"";
    static constexpr auto LogViewPrevMark = ""logview.prev_mark"";
    static constexpr auto LogViewSelectionUp = ""logview.selection_up"";
    static constexpr auto LogViewSelectionDown = ""logview.selection_down"";
",""
"Property:src/settings/include/shortcuts.h:ShortcutAction.LogViewSelectionUp","LogViewSelectionUp","src/settings/include/shortcuts.h",82,82,"    static constexpr auto LogViewNextMark = ""logview.next_mark"";
    static constexpr auto LogViewPrevMark = ""logview.prev_mark"";
    static constexpr auto LogViewSelectionUp = ""logview.selection_up"";
    static constexpr auto LogViewSelectionDown = ""logview.selection_down"";
    static constexpr auto LogViewScrollUp = ""logview.scroll_up"";
",""
"Property:src/settings/include/shortcuts.h:ShortcutAction.LogViewSelectionDown","LogViewSelectionDown","src/settings/include/shortcuts.h",83,83,"    static constexpr auto LogViewPrevMark = ""logview.prev_mark"";
    static constexpr auto LogViewSelectionUp = ""logview.selection_up"";
    static constexpr auto LogViewSelectionDown = ""logview.selection_down"";
    static constexpr auto LogViewScrollUp = ""logview.scroll_up"";
    static constexpr auto LogViewScrollDown = ""logview.scroll_down"";
",""
"Property:src/settings/include/shortcuts.h:ShortcutAction.LogViewScrollUp","LogViewScrollUp","src/settings/include/shortcuts.h",84,84,"    static constexpr auto LogViewSelectionUp = ""logview.selection_up"";
    static constexpr auto LogViewSelectionDown = ""logview.selection_down"";
    static constexpr auto LogViewScrollUp = ""logview.scroll_up"";
    static constexpr auto LogViewScrollDown = ""logview.scroll_down"";
    static constexpr auto LogViewScrollLeft = ""logview.scroll_left"";
",""
"Property:src/settings/include/shortcuts.h:ShortcutAction.LogViewScrollDown","LogViewScrollDown","src/settings/include/shortcuts.h",85,85,"    static constexpr auto LogViewSelectionDown = ""logview.selection_down"";
    static constexpr auto LogViewScrollUp = ""logview.scroll_up"";
    static constexpr auto LogViewScrollDown = ""logview.scroll_down"";
    static constexpr auto LogViewScrollLeft = ""logview.scroll_left"";
    static constexpr auto LogViewScrollRight = ""logview.scroll_right"";
",""
"Property:src/settings/include/shortcuts.h:ShortcutAction.LogViewScrollLeft","LogViewScrollLeft","src/settings/include/shortcuts.h",86,86,"    static constexpr auto LogViewScrollUp = ""logview.scroll_up"";
    static constexpr auto LogViewScrollDown = ""logview.scroll_down"";
    static constexpr auto LogViewScrollLeft = ""logview.scroll_left"";
    static constexpr auto LogViewScrollRight = ""logview.scroll_right"";
    static constexpr auto LogViewJumpToTop = ""logview.jump_to_top"";
",""
"Property:src/settings/include/shortcuts.h:ShortcutAction.LogViewScrollRight","LogViewScrollRight","src/settings/include/shortcuts.h",87,87,"    static constexpr auto LogViewScrollDown = ""logview.scroll_down"";
    static constexpr auto LogViewScrollLeft = ""logview.scroll_left"";
    static constexpr auto LogViewScrollRight = ""logview.scroll_right"";
    static constexpr auto LogViewJumpToTop = ""logview.jump_to_top"";
    static constexpr auto LogViewJumpToButtom = ""logview.jump_to_buttom"";
",""
"Property:src/settings/include/shortcuts.h:ShortcutAction.LogViewJumpToTop","LogViewJumpToTop","src/settings/include/shortcuts.h",88,88,"    static constexpr auto LogViewScrollLeft = ""logview.scroll_left"";
    static constexpr auto LogViewScrollRight = ""logview.scroll_right"";
    static constexpr auto LogViewJumpToTop = ""logview.jump_to_top"";
    static constexpr auto LogViewJumpToButtom = ""logview.jump_to_buttom"";
    static constexpr auto LogViewJumpToBottom = ""logview.jump_to_bottom"";
",""
"Property:src/settings/include/shortcuts.h:ShortcutAction.LogViewJumpToButtom","LogViewJumpToButtom","src/settings/include/shortcuts.h",89,89,"    static constexpr auto LogViewScrollRight = ""logview.scroll_right"";
    static constexpr auto LogViewJumpToTop = ""logview.jump_to_top"";
    static constexpr auto LogViewJumpToButtom = ""logview.jump_to_buttom"";
    static constexpr auto LogViewJumpToBottom = ""logview.jump_to_bottom"";
    static constexpr auto LogViewJumpToStartOfLine = ""logview.jump_to_start_of_line"";
",""
"Property:src/settings/include/shortcuts.h:ShortcutAction.LogViewJumpToBottom","LogViewJumpToBottom","src/settings/include/shortcuts.h",90,90,"    static constexpr auto LogViewJumpToTop = ""logview.jump_to_top"";
    static constexpr auto LogViewJumpToButtom = ""logview.jump_to_buttom"";
    static constexpr auto LogViewJumpToBottom = ""logview.jump_to_bottom"";
    static constexpr auto LogViewJumpToStartOfLine = ""logview.jump_to_start_of_line"";
    static constexpr auto LogViewJumpToEndOfLine = ""logview.jump_to_end_of_line"";
",""
"Property:src/settings/include/shortcuts.h:ShortcutAction.LogViewJumpToStartOfLine","LogViewJumpToStartOfLine","src/settings/include/shortcuts.h",91,91,"    static constexpr auto LogViewJumpToButtom = ""logview.jump_to_buttom"";
    static constexpr auto LogViewJumpToBottom = ""logview.jump_to_bottom"";
    static constexpr auto LogViewJumpToStartOfLine = ""logview.jump_to_start_of_line"";
    static constexpr auto LogViewJumpToEndOfLine = ""logview.jump_to_end_of_line"";
    static constexpr auto LogViewJumpToRightOfScreen = ""logview.jump_to_right"";
",""
"Property:src/settings/include/shortcuts.h:ShortcutAction.LogViewJumpToEndOfLine","LogViewJumpToEndOfLine","src/settings/include/shortcuts.h",92,92,"    static constexpr auto LogViewJumpToBottom = ""logview.jump_to_bottom"";
    static constexpr auto LogViewJumpToStartOfLine = ""logview.jump_to_start_of_line"";
    static constexpr auto LogViewJumpToEndOfLine = ""logview.jump_to_end_of_line"";
    static constexpr auto LogViewJumpToRightOfScreen = ""logview.jump_to_right"";
    static constexpr auto LogViewJumpToLine = ""logview.jump_to_line"";
",""
"Property:src/settings/include/shortcuts.h:ShortcutAction.LogViewJumpToRightOfScreen","LogViewJumpToRightOfScreen","src/settings/include/shortcuts.h",93,93,"    static constexpr auto LogViewJumpToStartOfLine = ""logview.jump_to_start_of_line"";
    static constexpr auto LogViewJumpToEndOfLine = ""logview.jump_to_end_of_line"";
    static constexpr auto LogViewJumpToRightOfScreen = ""logview.jump_to_right"";
    static constexpr auto LogViewJumpToLine = ""logview.jump_to_line"";
    static constexpr auto LogViewJumpToLineNumber = ""logview.jump_to_line_number"";
",""
"Property:src/settings/include/shortcuts.h:ShortcutAction.LogViewJumpToLine","LogViewJumpToLine","src/settings/include/shortcuts.h",94,94,"    static constexpr auto LogViewJumpToEndOfLine = ""logview.jump_to_end_of_line"";
    static constexpr auto LogViewJumpToRightOfScreen = ""logview.jump_to_right"";
    static constexpr auto LogViewJumpToLine = ""logview.jump_to_line"";
    static constexpr auto LogViewJumpToLineNumber = ""logview.jump_to_line_number"";

",""
"Property:src/settings/include/shortcuts.h:ShortcutAction.LogViewJumpToLineNumber","LogViewJumpToLineNumber","src/settings/include/shortcuts.h",95,95,"    static constexpr auto LogViewJumpToRightOfScreen = ""logview.jump_to_right"";
    static constexpr auto LogViewJumpToLine = ""logview.jump_to_line"";
    static constexpr auto LogViewJumpToLineNumber = ""logview.jump_to_line_number"";

    static constexpr auto LogViewQfSelectedForward = ""logview.qf_selected_forward"";
",""
"Property:src/settings/include/shortcuts.h:ShortcutAction.LogViewQfSelectedForward","LogViewQfSelectedForward","src/settings/include/shortcuts.h",97,97,"    static constexpr auto LogViewJumpToLineNumber = ""logview.jump_to_line_number"";

    static constexpr auto LogViewQfSelectedForward = ""logview.qf_selected_forward"";
    static constexpr auto LogViewQfSelectedBackward = ""logview.qf_selected_backward"";
    static constexpr auto LogViewQfForward = ""logview.open_qf_forward"";
",""
"Property:src/settings/include/shortcuts.h:ShortcutAction.LogViewQfSelectedBackward","LogViewQfSelectedBackward","src/settings/include/shortcuts.h",98,98,"
    static constexpr auto LogViewQfSelectedForward = ""logview.qf_selected_forward"";
    static constexpr auto LogViewQfSelectedBackward = ""logview.qf_selected_backward"";
    static constexpr auto LogViewQfForward = ""logview.open_qf_forward"";
    static constexpr auto LogViewQfBackward = ""logview.open_qf_backward"";
",""
"Property:src/settings/include/shortcuts.h:ShortcutAction.LogViewQfForward","LogViewQfForward","src/settings/include/shortcuts.h",99,99,"    static constexpr auto LogViewQfSelectedForward = ""logview.qf_selected_forward"";
    static constexpr auto LogViewQfSelectedBackward = ""logview.qf_selected_backward"";
    static constexpr auto LogViewQfForward = ""logview.open_qf_forward"";
    static constexpr auto LogViewQfBackward = ""logview.open_qf_backward"";

",""
"Property:src/settings/include/shortcuts.h:ShortcutAction.LogViewQfBackward","LogViewQfBackward","src/settings/include/shortcuts.h",100,100,"    static constexpr auto LogViewQfSelectedBackward = ""logview.qf_selected_backward"";
    static constexpr auto LogViewQfForward = ""logview.open_qf_forward"";
    static constexpr auto LogViewQfBackward = ""logview.open_qf_backward"";

    static constexpr auto LogViewExitView = ""logview.exit_view"";
",""
"Property:src/settings/include/shortcuts.h:ShortcutAction.LogViewExitView","LogViewExitView","src/settings/include/shortcuts.h",102,102,"    static constexpr auto LogViewQfBackward = ""logview.open_qf_backward"";

    static constexpr auto LogViewExitView = ""logview.exit_view"";

    static constexpr auto LogViewAddColorLabel1 = ""logview.add_color_label_1"";
",""
"Property:src/settings/include/shortcuts.h:ShortcutAction.LogViewAddColorLabel1","LogViewAddColorLabel1","src/settings/include/shortcuts.h",104,104,"    static constexpr auto LogViewExitView = ""logview.exit_view"";

    static constexpr auto LogViewAddColorLabel1 = ""logview.add_color_label_1"";
    static constexpr auto LogViewAddColorLabel2 = ""logview.add_color_label_2"";
    static constexpr auto LogViewAddColorLabel3 = ""logview.add_color_label_3"";
",""
"Property:src/settings/include/shortcuts.h:ShortcutAction.LogViewAddColorLabel2","LogViewAddColorLabel2","src/settings/include/shortcuts.h",105,105,"
    static constexpr auto LogViewAddColorLabel1 = ""logview.add_color_label_1"";
    static constexpr auto LogViewAddColorLabel2 = ""logview.add_color_label_2"";
    static constexpr auto LogViewAddColorLabel3 = ""logview.add_color_label_3"";
    static constexpr auto LogViewAddColorLabel4 = ""logview.add_color_label_4"";
",""
"Property:src/settings/include/shortcuts.h:ShortcutAction.LogViewAddColorLabel3","LogViewAddColorLabel3","src/settings/include/shortcuts.h",106,106,"    static constexpr auto LogViewAddColorLabel1 = ""logview.add_color_label_1"";
    static constexpr auto LogViewAddColorLabel2 = ""logview.add_color_label_2"";
    static constexpr auto LogViewAddColorLabel3 = ""logview.add_color_label_3"";
    static constexpr auto LogViewAddColorLabel4 = ""logview.add_color_label_4"";
    static constexpr auto LogViewAddColorLabel5 = ""logview.add_color_label_5"";
",""
"Property:src/settings/include/shortcuts.h:ShortcutAction.LogViewAddColorLabel4","LogViewAddColorLabel4","src/settings/include/shortcuts.h",107,107,"    static constexpr auto LogViewAddColorLabel2 = ""logview.add_color_label_2"";
    static constexpr auto LogViewAddColorLabel3 = ""logview.add_color_label_3"";
    static constexpr auto LogViewAddColorLabel4 = ""logview.add_color_label_4"";
    static constexpr auto LogViewAddColorLabel5 = ""logview.add_color_label_5"";
    static constexpr auto LogViewAddColorLabel6 = ""logview.add_color_label_6"";
",""
"Property:src/settings/include/shortcuts.h:ShortcutAction.LogViewAddColorLabel5","LogViewAddColorLabel5","src/settings/include/shortcuts.h",108,108,"    static constexpr auto LogViewAddColorLabel3 = ""logview.add_color_label_3"";
    static constexpr auto LogViewAddColorLabel4 = ""logview.add_color_label_4"";
    static constexpr auto LogViewAddColorLabel5 = ""logview.add_color_label_5"";
    static constexpr auto LogViewAddColorLabel6 = ""logview.add_color_label_6"";
    static constexpr auto LogViewAddColorLabel7 = ""logview.add_color_label_7"";
",""
"Property:src/settings/include/shortcuts.h:ShortcutAction.LogViewAddColorLabel6","LogViewAddColorLabel6","src/settings/include/shortcuts.h",109,109,"    static constexpr auto LogViewAddColorLabel4 = ""logview.add_color_label_4"";
    static constexpr auto LogViewAddColorLabel5 = ""logview.add_color_label_5"";
    static constexpr auto LogViewAddColorLabel6 = ""logview.add_color_label_6"";
    static constexpr auto LogViewAddColorLabel7 = ""logview.add_color_label_7"";
    static constexpr auto LogViewAddColorLabel8 = ""logview.add_color_label_8"";
",""
"Property:src/settings/include/shortcuts.h:ShortcutAction.LogViewAddColorLabel7","LogViewAddColorLabel7","src/settings/include/shortcuts.h",110,110,"    static constexpr auto LogViewAddColorLabel5 = ""logview.add_color_label_5"";
    static constexpr auto LogViewAddColorLabel6 = ""logview.add_color_label_6"";
    static constexpr auto LogViewAddColorLabel7 = ""logview.add_color_label_7"";
    static constexpr auto LogViewAddColorLabel8 = ""logview.add_color_label_8"";
    static constexpr auto LogViewAddColorLabel9 = ""logview.add_color_label_9"";
",""
"Property:src/settings/include/shortcuts.h:ShortcutAction.LogViewAddColorLabel8","LogViewAddColorLabel8","src/settings/include/shortcuts.h",111,111,"    static constexpr auto LogViewAddColorLabel6 = ""logview.add_color_label_6"";
    static constexpr auto LogViewAddColorLabel7 = ""logview.add_color_label_7"";
    static constexpr auto LogViewAddColorLabel8 = ""logview.add_color_label_8"";
    static constexpr auto LogViewAddColorLabel9 = ""logview.add_color_label_9"";

",""
"Property:src/settings/include/shortcuts.h:ShortcutAction.LogViewAddColorLabel9","LogViewAddColorLabel9","src/settings/include/shortcuts.h",112,112,"    static constexpr auto LogViewAddColorLabel7 = ""logview.add_color_label_7"";
    static constexpr auto LogViewAddColorLabel8 = ""logview.add_color_label_8"";
    static constexpr auto LogViewAddColorLabel9 = ""logview.add_color_label_9"";

    static constexpr auto LogViewClearColorLabels = ""logview.clear_color_labels"";
",""
"Property:src/settings/include/shortcuts.h:ShortcutAction.LogViewClearColorLabels","LogViewClearColorLabels","src/settings/include/shortcuts.h",114,114,"    static constexpr auto LogViewAddColorLabel9 = ""logview.add_color_label_9"";

    static constexpr auto LogViewClearColorLabels = ""logview.clear_color_labels"";
    static constexpr auto LogViewAddNextColorLabel = ""logview.add_next_color_label"";

",""
"Property:src/settings/include/shortcuts.h:ShortcutAction.LogViewAddNextColorLabel","LogViewAddNextColorLabel","src/settings/include/shortcuts.h",115,115,"
    static constexpr auto LogViewClearColorLabels = ""logview.clear_color_labels"";
    static constexpr auto LogViewAddNextColorLabel = ""logview.add_next_color_label"";

    static constexpr auto LogViewSendSelectionToScratchpad = ""logview.send_selection_to_scratchpad"";
",""
"Property:src/settings/include/shortcuts.h:ShortcutAction.LogViewSendSelectionToScratchpad","LogViewSendSelectionToScratchpad","src/settings/include/shortcuts.h",117,117,"    static constexpr auto LogViewAddNextColorLabel = ""logview.add_next_color_label"";

    static constexpr auto LogViewSendSelectionToScratchpad = ""logview.send_selection_to_scratchpad"";
    static constexpr auto LogViewReplaceScratchpadWithSelection
        = ""logview.replace_scratchpad_with_selection"";
",""
"Property:src/settings/include/shortcuts.h:ShortcutAction.LogViewReplaceScratchpadWithSelection","LogViewReplaceScratchpadWithSelection","src/settings/include/shortcuts.h",118,119,"
    static constexpr auto LogViewSendSelectionToScratchpad = ""logview.send_selection_to_scratchpad"";
    static constexpr auto LogViewReplaceScratchpadWithSelection
        = ""logview.replace_scratchpad_with_selection"";

    static constexpr auto LogViewAddToSearch = ""logview.add_to_search"";
",""
"Property:src/settings/include/shortcuts.h:ShortcutAction.LogViewAddToSearch","LogViewAddToSearch","src/settings/include/shortcuts.h",121,121,"        = ""logview.replace_scratchpad_with_selection"";

    static constexpr auto LogViewAddToSearch = ""logview.add_to_search"";
    static constexpr auto LogViewExcludeFromSearch = ""logview.exclude_from_search"";
    static constexpr auto LogViewReplaceSearch = ""logview.replace_search"";
",""
"Property:src/settings/include/shortcuts.h:ShortcutAction.LogViewExcludeFromSearch","LogViewExcludeFromSearch","src/settings/include/shortcuts.h",122,122,"
    static constexpr auto LogViewAddToSearch = ""logview.add_to_search"";
    static constexpr auto LogViewExcludeFromSearch = ""logview.exclude_from_search"";
    static constexpr auto LogViewReplaceSearch = ""logview.replace_search"";
    static constexpr auto LogViewSelectLinesUp = ""logview.select_lines_up"";
",""
"Property:src/settings/include/shortcuts.h:ShortcutAction.LogViewReplaceSearch","LogViewReplaceSearch","src/settings/include/shortcuts.h",123,123,"    static constexpr auto LogViewAddToSearch = ""logview.add_to_search"";
    static constexpr auto LogViewExcludeFromSearch = ""logview.exclude_from_search"";
    static constexpr auto LogViewReplaceSearch = ""logview.replace_search"";
    static constexpr auto LogViewSelectLinesUp = ""logview.select_lines_up"";
    static constexpr auto LogViewSelectLinesDown = ""logview.select_lines_down"";
",""
"Property:src/settings/include/shortcuts.h:ShortcutAction.LogViewSelectLinesUp","LogViewSelectLinesUp","src/settings/include/shortcuts.h",124,124,"    static constexpr auto LogViewExcludeFromSearch = ""logview.exclude_from_search"";
    static constexpr auto LogViewReplaceSearch = ""logview.replace_search"";
    static constexpr auto LogViewSelectLinesUp = ""logview.select_lines_up"";
    static constexpr auto LogViewSelectLinesDown = ""logview.select_lines_down"";

",""
"Property:src/settings/include/shortcuts.h:ShortcutAction.LogViewSelectLinesDown","LogViewSelectLinesDown","src/settings/include/shortcuts.h",125,125,"    static constexpr auto LogViewReplaceSearch = ""logview.replace_search"";
    static constexpr auto LogViewSelectLinesUp = ""logview.select_lines_up"";
    static constexpr auto LogViewSelectLinesDown = ""logview.select_lines_down"";

private:
",""
"Property:src/settings/include/shortcuts.h:ShortcutDesc.name","name","src/settings/include/shortcuts.h",129,129,"private:
    struct ShortcutDesc {
        QString name;
        QStringList keySequence;
    };
",""
"Property:src/settings/include/shortcuts.h:ShortcutDesc.keySequence","keySequence","src/settings/include/shortcuts.h",130,130,"    struct ShortcutDesc {
        QString name;
        QStringList keySequence;
    };

",""
"Property:src/settings/include/persistentinfo.h:PersistentInfo.ForcePortable","ForcePortable","src/settings/include/persistentinfo.h",59,59,"
  private:
    static const bool ForcePortable;

    explicit PersistentInfo();
",""
"Property:src/settings/include/persistentinfo.h:PersistentInfo.appSettings_","appSettings_","src/settings/include/persistentinfo.h",69,69,"    void UpdateSettings();

    std::unique_ptr<QSettings> appSettings_;
    std::unique_ptr<QSettings> sessionSettings_;
};
",""
"Property:src/settings/include/persistentinfo.h:PersistentInfo.sessionSettings_","sessionSettings_","src/settings/include/persistentinfo.h",70,70,"
    std::unique_ptr<QSettings> appSettings_;
    std::unique_ptr<QSettings> sessionSettings_;
};
#endif
",""
"Property:src/settings/include/configuration.h:Configuration.mainFont_","mainFont_","src/settings/include/configuration.h",646,646,"  private:
    // Configuration settings
    mutable QFont mainFont_ = { ""DejaVu Sans Mono"", 10 };
    SearchRegexpType mainRegexpType_ = SearchRegexpType::ExtendedRegexp;
    SearchRegexpType quickfindRegexpType_ = SearchRegexpType::FixedString;
",""
"Property:src/settings/include/configuration.h:Configuration.mainRegexpType_","mainRegexpType_","src/settings/include/configuration.h",647,647,"    // Configuration settings
    mutable QFont mainFont_ = { ""DejaVu Sans Mono"", 10 };
    SearchRegexpType mainRegexpType_ = SearchRegexpType::ExtendedRegexp;
    SearchRegexpType quickfindRegexpType_ = SearchRegexpType::FixedString;
    bool quickfindIncremental_ = true;
",""
"Property:src/settings/include/configuration.h:Configuration.quickfindRegexpType_","quickfindRegexpType_","src/settings/include/configuration.h",648,648,"    mutable QFont mainFont_ = { ""DejaVu Sans Mono"", 10 };
    SearchRegexpType mainRegexpType_ = SearchRegexpType::ExtendedRegexp;
    SearchRegexpType quickfindRegexpType_ = SearchRegexpType::FixedString;
    bool quickfindIncremental_ = true;

",""
"Property:src/settings/include/configuration.h:Configuration.quickfindIncremental_","quickfindIncremental_","src/settings/include/configuration.h",649,649,"    SearchRegexpType mainRegexpType_ = SearchRegexpType::ExtendedRegexp;
    SearchRegexpType quickfindRegexpType_ = SearchRegexpType::FixedString;
    bool quickfindIncremental_ = true;

    QString language_{ ""en"" };
",""
"Property:src/settings/include/configuration.h:Configuration.language_","language_","src/settings/include/configuration.h",651,651,"    bool quickfindIncremental_ = true;

    QString language_{ ""en"" };

    bool nativeFileWatchEnabled_ = true;
",""
"Property:src/settings/include/configuration.h:Configuration.nativeFileWatchEnabled_","nativeFileWatchEnabled_","src/settings/include/configuration.h",653,653,"    QString language_{ ""en"" };

    bool nativeFileWatchEnabled_ = true;
#ifdef Q_OS_WIN
    bool pollingEnabled_ = true;
",""
"Property:src/settings/include/configuration.h:Configuration.pollingEnabled_","pollingEnabled_","src/settings/include/configuration.h",655,655,"    bool nativeFileWatchEnabled_ = true;
#ifdef Q_OS_WIN
    bool pollingEnabled_ = true;
#else
    bool pollingEnabled_ = false;
",""
"Property:src/settings/include/configuration.h:Configuration.pollIntervalMs_","pollIntervalMs_","src/settings/include/configuration.h",660,660,"#endif

    int pollIntervalMs_ = 2000;

    bool fastModificationDetection_ = false;
",""
"Property:src/settings/include/configuration.h:Configuration.fastModificationDetection_","fastModificationDetection_","src/settings/include/configuration.h",662,662,"    int pollIntervalMs_ = 2000;

    bool fastModificationDetection_ = false;

    bool loadLastSession_ = true;
",""
"Property:src/settings/include/configuration.h:Configuration.loadLastSession_","loadLastSession_","src/settings/include/configuration.h",664,664,"    bool fastModificationDetection_ = false;

    bool loadLastSession_ = true;
    bool followFileOnLoad_ = false;
    bool allowMultipleWindows_ = false;
",""
"Property:src/settings/include/configuration.h:Configuration.followFileOnLoad_","followFileOnLoad_","src/settings/include/configuration.h",665,665,"
    bool loadLastSession_ = true;
    bool followFileOnLoad_ = false;
    bool allowMultipleWindows_ = false;

",""
"Property:src/settings/include/configuration.h:Configuration.allowMultipleWindows_","allowMultipleWindows_","src/settings/include/configuration.h",666,666,"    bool loadLastSession_ = true;
    bool followFileOnLoad_ = false;
    bool allowMultipleWindows_ = false;

    // View settings
",""
"Property:src/settings/include/configuration.h:Configuration.overviewVisible_","overviewVisible_","src/settings/include/configuration.h",669,669,"
    // View settings
    bool overviewVisible_ = true;
    bool lineNumbersVisibleInMain_ = false;
    bool lineNumbersVisibleInFiltered_ = true;
",""
"Property:src/settings/include/configuration.h:Configuration.lineNumbersVisibleInMain_","lineNumbersVisibleInMain_","src/settings/include/configuration.h",670,670,"    // View settings
    bool overviewVisible_ = true;
    bool lineNumbersVisibleInMain_ = false;
    bool lineNumbersVisibleInFiltered_ = true;
    bool minimizeToTray_ = false;
",""
"Property:src/settings/include/configuration.h:Configuration.lineNumbersVisibleInFiltered_","lineNumbersVisibleInFiltered_","src/settings/include/configuration.h",671,671,"    bool overviewVisible_ = true;
    bool lineNumbersVisibleInMain_ = false;
    bool lineNumbersVisibleInFiltered_ = true;
    bool minimizeToTray_ = false;
    bool showTabsBarByDefault_ = false;
",""
"Property:src/settings/include/configuration.h:Configuration.minimizeToTray_","minimizeToTray_","src/settings/include/configuration.h",672,672,"    bool lineNumbersVisibleInMain_ = false;
    bool lineNumbersVisibleInFiltered_ = true;
    bool minimizeToTray_ = false;
    bool showTabsBarByDefault_ = false;
    QString style_;
",""
"Property:src/settings/include/configuration.h:Configuration.showTabsBarByDefault_","showTabsBarByDefault_","src/settings/include/configuration.h",673,673,"    bool lineNumbersVisibleInFiltered_ = true;
    bool minimizeToTray_ = false;
    bool showTabsBarByDefault_ = false;
    QString style_;

",""
"Property:src/settings/include/configuration.h:Configuration.style_","style_","src/settings/include/configuration.h",674,674,"    bool minimizeToTray_ = false;
    bool showTabsBarByDefault_ = false;
    QString style_;

    // Default settings for new views
",""
"Property:src/settings/include/configuration.h:Configuration.searchAutoRefresh_","searchAutoRefresh_","src/settings/include/configuration.h",677,677,"
    // Default settings for new views
    bool searchAutoRefresh_ = false;
    bool searchIgnoreCase_ = false;
    bool searchLogicalCombining_ = false;
",""
"Property:src/settings/include/configuration.h:Configuration.searchIgnoreCase_","searchIgnoreCase_","src/settings/include/configuration.h",678,678,"    // Default settings for new views
    bool searchAutoRefresh_ = false;
    bool searchIgnoreCase_ = false;
    bool searchLogicalCombining_ = false;
    QList<int> splitterSizes_;
",""
"Property:src/settings/include/configuration.h:Configuration.searchLogicalCombining_","searchLogicalCombining_","src/settings/include/configuration.h",679,679,"    bool searchAutoRefresh_ = false;
    bool searchIgnoreCase_ = false;
    bool searchLogicalCombining_ = false;
    QList<int> splitterSizes_;

",""
"Property:src/settings/include/configuration.h:Configuration.splitterSizes_","splitterSizes_","src/settings/include/configuration.h",680,680,"    bool searchIgnoreCase_ = false;
    bool searchLogicalCombining_ = false;
    QList<int> splitterSizes_;

    // Performance settings
",""
"Property:src/settings/include/configuration.h:Configuration.useSearchResultsCache_","useSearchResultsCache_","src/settings/include/configuration.h",683,683,"
    // Performance settings
    bool useSearchResultsCache_ = true;
    unsigned searchResultsCacheLines_ = 1000000;
    bool useParallelSearch_ = true;
",""
"Property:src/settings/include/configuration.h:Configuration.searchResultsCacheLines_","searchResultsCacheLines_","src/settings/include/configuration.h",684,684,"    // Performance settings
    bool useSearchResultsCache_ = true;
    unsigned searchResultsCacheLines_ = 1000000;
    bool useParallelSearch_ = true;
    int indexReadBufferSizeMb_ = 16;
",""
"Property:src/settings/include/configuration.h:Configuration.useParallelSearch_","useParallelSearch_","src/settings/include/configuration.h",685,685,"    bool useSearchResultsCache_ = true;
    unsigned searchResultsCacheLines_ = 1000000;
    bool useParallelSearch_ = true;
    int indexReadBufferSizeMb_ = 16;
    int searchReadBufferSizeLines_ = 10000;
",""
"Property:src/settings/include/configuration.h:Configuration.indexReadBufferSizeMb_","indexReadBufferSizeMb_","src/settings/include/configuration.h",686,686,"    unsigned searchResultsCacheLines_ = 1000000;
    bool useParallelSearch_ = true;
    int indexReadBufferSizeMb_ = 16;
    int searchReadBufferSizeLines_ = 10000;
    int searchThreadPoolSize_ = 0;
",""
"Property:src/settings/include/configuration.h:Configuration.searchReadBufferSizeLines_","searchReadBufferSizeLines_","src/settings/include/configuration.h",687,687,"    bool useParallelSearch_ = true;
    int indexReadBufferSizeMb_ = 16;
    int searchReadBufferSizeLines_ = 10000;
    int searchThreadPoolSize_ = 0;
    bool keepFileClosed_ = false;
",""
"Property:src/settings/include/configuration.h:Configuration.searchThreadPoolSize_","searchThreadPoolSize_","src/settings/include/configuration.h",688,688,"    int indexReadBufferSizeMb_ = 16;
    int searchReadBufferSizeLines_ = 10000;
    int searchThreadPoolSize_ = 0;
    bool keepFileClosed_ = false;
    bool useCompressedIndex_ = true;
",""
"Property:src/settings/include/configuration.h:Configuration.keepFileClosed_","keepFileClosed_","src/settings/include/configuration.h",689,689,"    int searchReadBufferSizeLines_ = 10000;
    int searchThreadPoolSize_ = 0;
    bool keepFileClosed_ = false;
    bool useCompressedIndex_ = true;

",""
"Property:src/settings/include/configuration.h:Configuration.useCompressedIndex_","useCompressedIndex_","src/settings/include/configuration.h",690,690,"    int searchThreadPoolSize_ = 0;
    bool keepFileClosed_ = false;
    bool useCompressedIndex_ = true;

    bool enableLogging_ = false;
",""
"Property:src/settings/include/configuration.h:Configuration.enableLogging_","enableLogging_","src/settings/include/configuration.h",692,692,"    bool useCompressedIndex_ = true;

    bool enableLogging_ = false;
    int loggingLevel_ = 4;

",""
"Property:src/settings/include/configuration.h:Configuration.loggingLevel_","loggingLevel_","src/settings/include/configuration.h",693,693,"
    bool enableLogging_ = false;
    int loggingLevel_ = 4;

    bool enableVersionChecking_ = true;
",""
"Property:src/settings/include/configuration.h:Configuration.enableVersionChecking_","enableVersionChecking_","src/settings/include/configuration.h",695,695,"    int loggingLevel_ = 4;

    bool enableVersionChecking_ = true;

    bool extractArchives_ = true;
",""
"Property:src/settings/include/configuration.h:Configuration.extractArchives_","extractArchives_","src/settings/include/configuration.h",697,697,"    bool enableVersionChecking_ = true;

    bool extractArchives_ = true;
    bool extractArchivesAlways_ = false;

",""
"Property:src/settings/include/configuration.h:Configuration.extractArchivesAlways_","extractArchivesAlways_","src/settings/include/configuration.h",698,698,"
    bool extractArchives_ = true;
    bool extractArchivesAlways_ = false;

    bool verifySslPeers_ = true;
",""
"Property:src/settings/include/configuration.h:Configuration.verifySslPeers_","verifySslPeers_","src/settings/include/configuration.h",700,700,"    bool extractArchivesAlways_ = false;

    bool verifySslPeers_ = true;

    bool forceFontAntialiasing_ = false;
",""
"Property:src/settings/include/configuration.h:Configuration.forceFontAntialiasing_","forceFontAntialiasing_","src/settings/include/configuration.h",702,702,"    bool verifySslPeers_ = true;

    bool forceFontAntialiasing_ = false;
    bool enableQtHighDpi_ = true;
    bool useBoldFont_ = false;
",""
"Property:src/settings/include/configuration.h:Configuration.enableQtHighDpi_","enableQtHighDpi_","src/settings/include/configuration.h",703,703,"
    bool forceFontAntialiasing_ = false;
    bool enableQtHighDpi_ = true;
    bool useBoldFont_ = false;

",""
"Property:src/settings/include/configuration.h:Configuration.useBoldFont_","useBoldFont_","src/settings/include/configuration.h",704,704,"    bool forceFontAntialiasing_ = false;
    bool enableQtHighDpi_ = true;
    bool useBoldFont_ = false;

    int scaleFactorRounding_ = 1;
",""
"Property:src/settings/include/configuration.h:Configuration.scaleFactorRounding_","scaleFactorRounding_","src/settings/include/configuration.h",706,706,"    bool useBoldFont_ = false;

    int scaleFactorRounding_ = 1;

    RegexpEngine regexpEngine_ = RegexpEngine::Hyperscan;
",""
"Property:src/settings/include/configuration.h:Configuration.regexpEngine_","regexpEngine_","src/settings/include/configuration.h",708,708,"    int scaleFactorRounding_ = 1;

    RegexpEngine regexpEngine_ = RegexpEngine::Hyperscan;
    bool useHsCombinationBit_ = false;

",""
"Property:src/settings/include/configuration.h:Configuration.useHsCombinationBit_","useHsCombinationBit_","src/settings/include/configuration.h",709,709,"
    RegexpEngine regexpEngine_ = RegexpEngine::Hyperscan;
    bool useHsCombinationBit_ = false;

    QColor qfBackColor_ = Qt::yellow;
",""
"Property:src/settings/include/configuration.h:Configuration.qfBackColor_","qfBackColor_","src/settings/include/configuration.h",711,711,"    bool useHsCombinationBit_ = false;

    QColor qfBackColor_ = Qt::yellow;
    QColor mainSearchBackColor_ = Qt::lightGray;
    bool enableMainSearchHighlight_ = false;
",""
"Property:src/settings/include/configuration.h:Configuration.mainSearchBackColor_","mainSearchBackColor_","src/settings/include/configuration.h",712,712,"
    QColor qfBackColor_ = Qt::yellow;
    QColor mainSearchBackColor_ = Qt::lightGray;
    bool enableMainSearchHighlight_ = false;
    bool enableMainSearchHighlightVariance_ = false;
",""
"Property:src/settings/include/configuration.h:Configuration.enableMainSearchHighlight_","enableMainSearchHighlight_","src/settings/include/configuration.h",713,713,"    QColor qfBackColor_ = Qt::yellow;
    QColor mainSearchBackColor_ = Qt::lightGray;
    bool enableMainSearchHighlight_ = false;
    bool enableMainSearchHighlightVariance_ = false;

",""
"Property:src/settings/include/configuration.h:Configuration.enableMainSearchHighlightVariance_","enableMainSearchHighlightVariance_","src/settings/include/configuration.h",714,714,"    QColor mainSearchBackColor_ = Qt::lightGray;
    bool enableMainSearchHighlight_ = false;
    bool enableMainSearchHighlightVariance_ = false;

    bool allowFollowOnScroll_ = true;
",""
"Property:src/settings/include/configuration.h:Configuration.allowFollowOnScroll_","allowFollowOnScroll_","src/settings/include/configuration.h",716,716,"    bool enableMainSearchHighlightVariance_ = false;

    bool allowFollowOnScroll_ = true;
    bool autoRunSearchOnPatternChange_ = false;

",""
"Property:src/settings/include/configuration.h:Configuration.autoRunSearchOnPatternChange_","autoRunSearchOnPatternChange_","src/settings/include/configuration.h",717,717,"
    bool allowFollowOnScroll_ = true;
    bool autoRunSearchOnPatternChange_ = false;

    bool optimizeForNotLatinEncodings_ = false;
",""
"Property:src/settings/include/configuration.h:Configuration.optimizeForNotLatinEncodings_","optimizeForNotLatinEncodings_","src/settings/include/configuration.h",719,719,"    bool autoRunSearchOnPatternChange_ = false;

    bool optimizeForNotLatinEncodings_ = false;

    bool hideAnsiColorSequences_ = false;
",""
"Property:src/settings/include/configuration.h:Configuration.hideAnsiColorSequences_","hideAnsiColorSequences_","src/settings/include/configuration.h",721,721,"    bool optimizeForNotLatinEncodings_ = false;

    bool hideAnsiColorSequences_ = false;

    int defaultEncodingMib_ = -1;
",""
"Property:src/settings/include/configuration.h:Configuration.defaultEncodingMib_","defaultEncodingMib_","src/settings/include/configuration.h",723,723,"    bool hideAnsiColorSequences_ = false;

    int defaultEncodingMib_ = -1;

    // Default COM port settings
",""
"Property:src/settings/include/configuration.h:Configuration.comDefaultBaudRate_","comDefaultBaudRate_","src/settings/include/configuration.h",726,726,"
    // Default COM port settings
    QSerialPort::BaudRate comDefaultBaudRate_ = QSerialPort::Baud115200;
    QSerialPort::DataBits comDefaultDataBits_ = QSerialPort::Data8;
    QSerialPort::Parity comDefaultParity_ = QSerialPort::NoParity;
",""
"Property:src/settings/include/configuration.h:Configuration.comDefaultDataBits_","comDefaultDataBits_","src/settings/include/configuration.h",727,727,"    // Default COM port settings
    QSerialPort::BaudRate comDefaultBaudRate_ = QSerialPort::Baud115200;
    QSerialPort::DataBits comDefaultDataBits_ = QSerialPort::Data8;
    QSerialPort::Parity comDefaultParity_ = QSerialPort::NoParity;
    QSerialPort::StopBits comDefaultStopBits_ = QSerialPort::OneStop;
",""
"Property:src/settings/include/configuration.h:Configuration.comDefaultParity_","comDefaultParity_","src/settings/include/configuration.h",728,728,"    QSerialPort::BaudRate comDefaultBaudRate_ = QSerialPort::Baud115200;
    QSerialPort::DataBits comDefaultDataBits_ = QSerialPort::Data8;
    QSerialPort::Parity comDefaultParity_ = QSerialPort::NoParity;
    QSerialPort::StopBits comDefaultStopBits_ = QSerialPort::OneStop;
    QSerialPort::FlowControl comDefaultFlowControl_ = QSerialPort::NoFlowControl;
",""
"Property:src/settings/include/configuration.h:Configuration.comDefaultStopBits_","comDefaultStopBits_","src/settings/include/configuration.h",729,729,"    QSerialPort::DataBits comDefaultDataBits_ = QSerialPort::Data8;
    QSerialPort::Parity comDefaultParity_ = QSerialPort::NoParity;
    QSerialPort::StopBits comDefaultStopBits_ = QSerialPort::OneStop;
    QSerialPort::FlowControl comDefaultFlowControl_ = QSerialPort::NoFlowControl;
    QString comDefaultLogPath_{};
",""
"Property:src/settings/include/configuration.h:Configuration.comDefaultFlowControl_","comDefaultFlowControl_","src/settings/include/configuration.h",730,730,"    QSerialPort::Parity comDefaultParity_ = QSerialPort::NoParity;
    QSerialPort::StopBits comDefaultStopBits_ = QSerialPort::OneStop;
    QSerialPort::FlowControl comDefaultFlowControl_ = QSerialPort::NoFlowControl;
    QString comDefaultLogPath_{};
    bool comDefaultTimestampEnabled_ = false;
",""
"Property:src/settings/include/configuration.h:Configuration.comDefaultLogPath_","comDefaultLogPath_","src/settings/include/configuration.h",731,731,"    QSerialPort::StopBits comDefaultStopBits_ = QSerialPort::OneStop;
    QSerialPort::FlowControl comDefaultFlowControl_ = QSerialPort::NoFlowControl;
    QString comDefaultLogPath_{};
    bool comDefaultTimestampEnabled_ = false;
    QString comDefaultTimestampFormat_ = QStringLiteral( ""dd/MM/yyyy HH:mm:ss.zzz"" );
",""
"Property:src/settings/include/configuration.h:Configuration.comDefaultTimestampEnabled_","comDefaultTimestampEnabled_","src/settings/include/configuration.h",732,732,"    QSerialPort::FlowControl comDefaultFlowControl_ = QSerialPort::NoFlowControl;
    QString comDefaultLogPath_{};
    bool comDefaultTimestampEnabled_ = false;
    QString comDefaultTimestampFormat_ = QStringLiteral( ""dd/MM/yyyy HH:mm:ss.zzz"" );
    bool comDefaultLogTransmits_ = false;
",""
"Property:src/settings/include/configuration.h:Configuration.comDefaultTimestampFormat_","comDefaultTimestampFormat_","src/settings/include/configuration.h",733,733,"    QString comDefaultLogPath_{};
    bool comDefaultTimestampEnabled_ = false;
    QString comDefaultTimestampFormat_ = QStringLiteral( ""dd/MM/yyyy HH:mm:ss.zzz"" );
    bool comDefaultLogTransmits_ = false;
    QString comDefaultActionEditorLineEnding_ = QStringLiteral( ""crlf"" );
",""
"Property:src/settings/include/configuration.h:Configuration.comDefaultLogTransmits_","comDefaultLogTransmits_","src/settings/include/configuration.h",734,734,"    bool comDefaultTimestampEnabled_ = false;
    QString comDefaultTimestampFormat_ = QStringLiteral( ""dd/MM/yyyy HH:mm:ss.zzz"" );
    bool comDefaultLogTransmits_ = false;
    QString comDefaultActionEditorLineEnding_ = QStringLiteral( ""crlf"" );

",""
"Property:src/settings/include/configuration.h:Configuration.comDefaultActionEditorLineEnding_","comDefaultActionEditorLineEnding_","src/settings/include/configuration.h",735,735,"    QString comDefaultTimestampFormat_ = QStringLiteral( ""dd/MM/yyyy HH:mm:ss.zzz"" );
    bool comDefaultLogTransmits_ = false;
    QString comDefaultActionEditorLineEnding_ = QStringLiteral( ""crlf"" );

    bool qfIgnoreCase_ = false;
",""
"Property:src/settings/include/configuration.h:Configuration.qfIgnoreCase_","qfIgnoreCase_","src/settings/include/configuration.h",737,737,"    QString comDefaultActionEditorLineEnding_ = QStringLiteral( ""crlf"" );

    bool qfIgnoreCase_ = false;

    bool useTextWrap_ = false;
",""
"Property:src/settings/include/configuration.h:Configuration.useTextWrap_","useTextWrap_","src/settings/include/configuration.h",739,739,"    bool qfIgnoreCase_ = false;

    bool useTextWrap_ = false;

    std::map<std::string, QStringList> shortcuts_;
",""
"Property:src/settings/include/configuration.h:Configuration.shortcuts_","shortcuts_","src/settings/include/configuration.h",741,741,"    bool useTextWrap_ = false;

    std::map<std::string, QStringList> shortcuts_;

    // based on https://gist.github.com/QuantumCD/6245215
",""
"Property:src/settings/include/configuration.h:Configuration.darkPalette_","darkPalette_","src/settings/include/configuration.h",744,762,"
    // based on https://gist.github.com/QuantumCD/6245215
    std::map<QString, QString> darkPalette_ = {
        {""Window"", ""#353535""},
        {""WindowText"", ""#FFFFFF""},
        {""Base"", ""#282828""},
        {""AlternateBase"", ""#353535""},
        {""ToolTipBase"", ""#2a82da""},
        {""ToolTipText"", ""#FFFFFF""},
        {""Text"", ""#FFFFFF""},
        {""Button"", ""#353535""},
        {""ButtonText"", ""#FFFFFF""},
        {""Link"", ""#2a82da""},
        {""Highlight"", ""#2a82da""},
        {""HighlightedText"", ""#212121""},
        {""ActiveButton"", ""#303030""},
        {""DisabledButtonText"", ""#757575""},
        {""DisabledWindowText"", ""#808080""},
        {""DisabledText"", ""#808080""},
        {""DisabledLight"", ""#353535""},
    };
};

",""
"Property:src/regex/include/regularexpressionpattern.h:RegularExpressionPattern.pattern","pattern","src/regex/include/regularexpressionpattern.h",32,32,"struct RegularExpressionPattern {

    QString pattern;
    bool isCaseSensitive = true;
    bool isExclude = false;
",""
"Property:src/regex/include/regularexpressionpattern.h:RegularExpressionPattern.isCaseSensitive","isCaseSensitive","src/regex/include/regularexpressionpattern.h",33,33,"
    QString pattern;
    bool isCaseSensitive = true;
    bool isExclude = false;
    bool isBoolean = false;
",""
"Property:src/regex/include/regularexpressionpattern.h:RegularExpressionPattern.isExclude","isExclude","src/regex/include/regularexpressionpattern.h",34,34,"    QString pattern;
    bool isCaseSensitive = true;
    bool isExclude = false;
    bool isBoolean = false;
    bool isPlainText = false;
",""
"Property:src/regex/include/regularexpressionpattern.h:RegularExpressionPattern.isBoolean","isBoolean","src/regex/include/regularexpressionpattern.h",35,35,"    bool isCaseSensitive = true;
    bool isExclude = false;
    bool isBoolean = false;
    bool isPlainText = false;
    bool isPrefilter = false;
",""
"Property:src/regex/include/regularexpressionpattern.h:RegularExpressionPattern.isPlainText","isPlainText","src/regex/include/regularexpressionpattern.h",36,36,"    bool isExclude = false;
    bool isBoolean = false;
    bool isPlainText = false;
    bool isPrefilter = false;

",""
"Property:src/regex/include/regularexpressionpattern.h:RegularExpressionPattern.isPrefilter","isPrefilter","src/regex/include/regularexpressionpattern.h",37,37,"    bool isBoolean = false;
    bool isPlainText = false;
    bool isPrefilter = false;

    RegularExpressionPattern() = default;
",""
"Property:src/regex/include/regularexpressionpattern.h:RegularExpressionPattern.patternId_","patternId_","src/regex/include/regularexpressionpattern.h",93,93,"    }

    std::string patternId_;
};

",""
"Property:src/regex/include/regularexpression.h:RegularExpression.isInverse_","isInverse_","src/regex/include/regularexpression.h",50,50,"
  private:
    bool isInverse_ = false;
    bool isBooleanCombination_ = false;

",""
"Property:src/regex/include/regularexpression.h:RegularExpression.isBooleanCombination_","isBooleanCombination_","src/regex/include/regularexpression.h",51,51,"  private:
    bool isInverse_ = false;
    bool isBooleanCombination_ = false;

    QString expression_;
",""
"Property:src/regex/include/regularexpression.h:RegularExpression.expression_","expression_","src/regex/include/regularexpression.h",53,53,"    bool isBooleanCombination_ = false;

    QString expression_;
    bool hasHsCombination_ = false;
    size_t combinationIndex_ = 0;
",""
"Property:src/regex/include/regularexpression.h:RegularExpression.hasHsCombination_","hasHsCombination_","src/regex/include/regularexpression.h",54,54,"
    QString expression_;
    bool hasHsCombination_ = false;
    size_t combinationIndex_ = 0;
    klogg::vector<RegularExpressionPattern> subPatterns_;
",""
"Property:src/regex/include/regularexpression.h:RegularExpression.combinationIndex_","combinationIndex_","src/regex/include/regularexpression.h",55,55,"    QString expression_;
    bool hasHsCombination_ = false;
    size_t combinationIndex_ = 0;
    klogg::vector<RegularExpressionPattern> subPatterns_;

",""
"Property:src/regex/include/regularexpression.h:RegularExpression.subPatterns_","subPatterns_","src/regex/include/regularexpression.h",56,56,"    bool hasHsCombination_ = false;
    size_t combinationIndex_ = 0;
    klogg::vector<RegularExpressionPattern> subPatterns_;

    bool isValid_ = false;
",""
"Property:src/regex/include/regularexpression.h:RegularExpression.isValid_","isValid_","src/regex/include/regularexpression.h",58,58,"    klogg::vector<RegularExpressionPattern> subPatterns_;

    bool isValid_ = false;
    QString errorString_;

",""
"Property:src/regex/include/regularexpression.h:RegularExpression.errorString_","errorString_","src/regex/include/regularexpression.h",59,59,"
    bool isValid_ = false;
    QString errorString_;

    HsRegularExpression hsExpression_;
",""
"Property:src/regex/include/regularexpression.h:RegularExpression.hsExpression_","hsExpression_","src/regex/include/regularexpression.h",61,61,"    QString errorString_;

    HsRegularExpression hsExpression_;

    friend class PatternMatcher;
",""
"Property:src/regex/include/regularexpression.h:PatternMatcher.hasMatchImpl_","hasMatchImpl_","src/regex/include/regularexpression.h",76,76,"    using MatchFunc = std::function<bool( std::string_view line, const MatcherVariant& matcher,
                                          BooleanExpressionEvaluator* evaluator )>;
    MatchFunc hasMatchImpl_;

  private:
",""
"Property:src/regex/include/regularexpression.h:PatternMatcher.isInverse_","isInverse_","src/regex/include/regularexpression.h",79,79,"
  private:
    bool isInverse_ = false;
    bool isBooleanCombination_ = false;
    bool hasHsCombination_ = false;
",""
"Property:src/regex/include/regularexpression.h:PatternMatcher.isBooleanCombination_","isBooleanCombination_","src/regex/include/regularexpression.h",80,80,"  private:
    bool isInverse_ = false;
    bool isBooleanCombination_ = false;
    bool hasHsCombination_ = false;
    size_t combinationIndex_ = 0;
",""
"Property:src/regex/include/regularexpression.h:PatternMatcher.hasHsCombination_","hasHsCombination_","src/regex/include/regularexpression.h",81,81,"    bool isInverse_ = false;
    bool isBooleanCombination_ = false;
    bool hasHsCombination_ = false;
    size_t combinationIndex_ = 0;

",""
"Property:src/regex/include/regularexpression.h:PatternMatcher.combinationIndex_","combinationIndex_","src/regex/include/regularexpression.h",82,82,"    bool isBooleanCombination_ = false;
    bool hasHsCombination_ = false;
    size_t combinationIndex_ = 0;

    std::string mainPatternId_;
",""
"Property:src/regex/include/regularexpression.h:PatternMatcher.mainPatternId_","mainPatternId_","src/regex/include/regularexpression.h",84,84,"    size_t combinationIndex_ = 0;

    std::string mainPatternId_;

    MatcherVariant matcher_;
",""
"Property:src/regex/include/regularexpression.h:PatternMatcher.matcher_","matcher_","src/regex/include/regularexpression.h",86,86,"    std::string mainPatternId_;

    MatcherVariant matcher_;
    std::unique_ptr<BooleanExpressionEvaluator> evaluator_;
};
",""
"Property:src/regex/include/regularexpression.h:PatternMatcher.evaluator_","evaluator_","src/regex/include/regularexpression.h",87,87,"
    MatcherVariant matcher_;
    std::unique_ptr<BooleanExpressionEvaluator> evaluator_;
};

",""
"Property:src/regex/include/regularexpression.h:MultiRegularExpression.patterns_","patterns_","src/regex/include/regularexpression.h",100,100,"
  private:
    klogg::vector<RegularExpressionPattern> patterns_;

    bool isValid_ = false;
",""
"Property:src/regex/include/regularexpression.h:MultiRegularExpression.isValid_","isValid_","src/regex/include/regularexpression.h",102,102,"    klogg::vector<RegularExpressionPattern> patterns_;

    bool isValid_ = false;
    QString errorString_;

",""
"Property:src/regex/include/regularexpression.h:MultiRegularExpression.errorString_","errorString_","src/regex/include/regularexpression.h",103,103,"
    bool isValid_ = false;
    QString errorString_;

    HsRegularExpression hsExpression_;
",""
"Property:src/regex/include/regularexpression.h:MultiRegularExpression.hsExpression_","hsExpression_","src/regex/include/regularexpression.h",105,105,"    QString errorString_;

    HsRegularExpression hsExpression_;

    friend class MultiPatternMatcher;
",""
"Property:src/regex/include/regularexpression.h:MultiPatternMatcher.matcher_","matcher_","src/regex/include/regularexpression.h",118,118,"
  private:
    MatcherVariant matcher_;
    klogg::vector<RegularExpressionPattern> patterns_;
};
",""
"Property:src/regex/include/regularexpression.h:MultiPatternMatcher.patterns_","patterns_","src/regex/include/regularexpression.h",119,119,"  private:
    MatcherVariant matcher_;
    klogg::vector<RegularExpressionPattern> patterns_;
};

",""
"Property:src/regex/include/hsregularexpression.h:DefaultRegularExpressionMatcher.regexp_","regexp_","src/regex/include/hsregularexpression.h",71,71,"
  private:
    klogg::vector<QRegularExpression> regexp_;
};

",""
"Property:src/regex/include/hsregularexpression.h:HsMatcherContext.matchingPatterns","matchingPatterns","src/regex/include/hsregularexpression.h",85,85,"    void reset();

    MatchedPatterns matchingPatterns;

  private:
",""
"Property:src/regex/include/hsregularexpression.h:HsMatcherContext.matchingPatternsTemplate_","matchingPatternsTemplate_","src/regex/include/hsregularexpression.h",88,88,"
  private:
    MatchedPatterns matchingPatternsTemplate_;
};

",""
"Property:src/regex/include/hsregularexpression.h:HsMatcher.database_","database_","src/regex/include/hsregularexpression.h",103,103,"
  protected:
    HsDatabase database_;
    HsScratch scratch_;

",""
"Property:src/regex/include/hsregularexpression.h:HsMatcher.scratch_","scratch_","src/regex/include/hsregularexpression.h",104,104,"  protected:
    HsDatabase database_;
    HsScratch scratch_;

    mutable HsMatcherContext context_;
",""
"Property:src/regex/include/hsregularexpression.h:HsMatcher.context_","context_","src/regex/include/hsregularexpression.h",106,106,"    HsScratch scratch_;

    mutable HsMatcherContext context_;
};

",""
"Property:src/regex/include/hsregularexpression.h:HsPrefilterMatcher.patterns_","patterns_","src/regex/include/hsregularexpression.h",137,137,"  
  private:
    klogg::vector<RegularExpressionPattern> patterns_;
    HsMultiMatcher hsMatcher_;
};
",""
"Property:src/regex/include/hsregularexpression.h:HsPrefilterMatcher.hsMatcher_","hsMatcher_","src/regex/include/hsregularexpression.h",138,138,"  private:
    klogg::vector<RegularExpressionPattern> patterns_;
    HsMultiMatcher hsMatcher_;
};

",""
"Property:src/regex/include/hsregularexpression.h:HsRegularExpression.database_","database_","src/regex/include/hsregularexpression.h",167,167,"
  private:
    HsDatabase database_;
    HsScratch scratch_;

",""
"Property:src/regex/include/hsregularexpression.h:HsRegularExpression.scratch_","scratch_","src/regex/include/hsregularexpression.h",168,168,"  private:
    HsDatabase database_;
    HsScratch scratch_;

    klogg::vector<RegularExpressionPattern> patterns_;
",""
"Property:src/regex/include/hsregularexpression.h:HsRegularExpression.patterns_","patterns_","src/regex/include/hsregularexpression.h",170,170,"    HsScratch scratch_;

    klogg::vector<RegularExpressionPattern> patterns_;
    std::string combinationExpression_;
    bool hasCombination_ = false;
",""
"Property:src/regex/include/hsregularexpression.h:HsRegularExpression.combinationExpression_","combinationExpression_","src/regex/include/hsregularexpression.h",171,171,"
    klogg::vector<RegularExpressionPattern> patterns_;
    std::string combinationExpression_;
    bool hasCombination_ = false;

",""
"Property:src/regex/include/hsregularexpression.h:HsRegularExpression.hasCombination_","hasCombination_","src/regex/include/hsregularexpression.h",172,172,"    klogg::vector<RegularExpressionPattern> patterns_;
    std::string combinationExpression_;
    bool hasCombination_ = false;

    bool isValid_ = true;
",""
"Property:src/regex/include/hsregularexpression.h:HsRegularExpression.isValid_","isValid_","src/regex/include/hsregularexpression.h",174,174,"    bool hasCombination_ = false;

    bool isValid_ = true;
    QString errorMessage_;

",""
"Property:src/regex/include/hsregularexpression.h:HsRegularExpression.errorMessage_","errorMessage_","src/regex/include/hsregularexpression.h",175,175,"
    bool isValid_ = true;
    QString errorMessage_;

    bool isPrefilter_ = false;
",""
"Property:src/regex/include/hsregularexpression.h:HsRegularExpression.isPrefilter_","isPrefilter_","src/regex/include/hsregularexpression.h",177,177,"    QString errorMessage_;

    bool isPrefilter_ = false;
};
#else
",""
"Property:src/regex/include/hsregularexpression.h:HsRegularExpression.errorString_","errorString_","src/regex/include/hsregularexpression.h",223,223,"  private:
    bool isValid_ = true;
    QString errorString_;

    klogg::vector<RegularExpressionPattern> patterns_;
",""
"Property:src/regex/include/booleanevaluator.h:BooleanExpressionEvaluator.isValid_","isValid_","src/regex/include/booleanevaluator.h",49,49,"
  private:
    bool isValid_ = true;
    std::string errorString_;

",""
"Property:src/regex/include/booleanevaluator.h:BooleanExpressionEvaluator.errorString_","errorString_","src/regex/include/booleanevaluator.h",50,50,"  private:
    bool isValid_ = true;
    std::string errorString_;

    
",""
"Property:src/regex/include/booleanevaluator.h:BooleanExpressionEvaluator.symbols_","symbols_","src/regex/include/booleanevaluator.h",54,54,"    

    exprtk::symbol_table<double> symbols_;
    exprtk::expression<double> expression_;
    exprtk::parser<double> parser_;
",""
"Property:src/regex/include/booleanevaluator.h:BooleanExpressionEvaluator.expression_","expression_","src/regex/include/booleanevaluator.h",55,55,"
    exprtk::symbol_table<double> symbols_;
    exprtk::expression<double> expression_;
    exprtk::parser<double> parser_;

",""
"Property:src/regex/include/booleanevaluator.h:BooleanExpressionEvaluator.parser_","parser_","src/regex/include/booleanevaluator.h",56,56,"    exprtk::symbol_table<double> symbols_;
    exprtk::expression<double> expression_;
    exprtk::parser<double> parser_;

    klogg::vector<double*> variables_;
",""
"Property:src/regex/include/booleanevaluator.h:BooleanExpressionEvaluator.variables_","variables_","src/regex/include/booleanevaluator.h",58,58,"    exprtk::parser<double> parser_;

    klogg::vector<double*> variables_;

    double precomputedResults_[16];
",""
"Property:src/logdata/src/logfiltereddataworker.cpp:PartialSearchResults.matchingLines","matchingLines","src/logdata/src/logfiltereddataworker.cpp",72,72,"    PartialSearchResults& operator=( PartialSearchResults&& ) = default;

    SearchResultArray matchingLines;
    LineLength maxLength;

",""
"Property:src/logdata/src/logfiltereddataworker.cpp:PartialSearchResults.maxLength","maxLength","src/logdata/src/logfiltereddataworker.cpp",73,73,"
    SearchResultArray matchingLines;
    LineLength maxLength;

    LineNumber chunkStart;
",""
"Property:src/logdata/src/logfiltereddataworker.cpp:PartialSearchResults.chunkStart","chunkStart","src/logdata/src/logfiltereddataworker.cpp",75,75,"    LineLength maxLength;

    LineNumber chunkStart;
    LinesCount processedLines;
};
",""
"Property:src/logdata/src/logfiltereddataworker.cpp:PartialSearchResults.processedLines","processedLines","src/logdata/src/logfiltereddataworker.cpp",76,76,"
    LineNumber chunkStart;
    LinesCount processedLines;
};

",""
"Property:src/logdata/src/logfiltereddataworker.cpp:SearchBlockData.chunkStart","chunkStart","src/logdata/src/logfiltereddataworker.cpp",93,93,"    SearchBlockData& operator=( SearchBlockData&& ) = default;

    LineNumber chunkStart;
    LogData::RawLines lines;
};
",""
"Property:src/logdata/src/logfiltereddataworker.cpp:SearchBlockData.lines","lines","src/logdata/src/logfiltereddataworker.cpp",94,94,"
    LineNumber chunkStart;
    LogData::RawLines lines;
};

",""
"Property:src/logdata/src/filedigest.cpp:DigestInternalState.m_state","m_state","src/logdata/src/filedigest.cpp",51,51,"
  private:
    XXH64_state_t* m_state;
};

",""
"Property:src/logdata/src/encodingdetector.cpp:UchardetHolder.ud_","ud_","src/logdata/src/encodingdetector.cpp",62,62,"
  private:
    uchardet_t ud_;
};

",""
"Property:src/logdata/include/logfiltereddataworker.h:MatchingLine.lineNumber_","lineNumber_","src/logdata/include/logfiltereddataworker.h",81,81,"
private:
    LineNumber lineNumber_;
};

",""
"Property:src/logdata/include/logfiltereddataworker.h:SearchResults.newMatches","newMatches","src/logdata/include/logfiltereddataworker.h",90,90,"
struct SearchResults {
    SearchResultArray newMatches;
    LineLength maxLength;
    LinesCount processedLines;
",""
"Property:src/logdata/include/logfiltereddataworker.h:SearchResults.maxLength","maxLength","src/logdata/include/logfiltereddataworker.h",91,91,"struct SearchResults {
    SearchResultArray newMatches;
    LineLength maxLength;
    LinesCount processedLines;
};
",""
"Property:src/logdata/include/logfiltereddataworker.h:SearchResults.processedLines","processedLines","src/logdata/include/logfiltereddataworker.h",92,92,"    SearchResultArray newMatches;
    LineLength maxLength;
    LinesCount processedLines;
};

",""
"Property:src/logdata/include/logfiltereddataworker.h:SearchData.dataMutex_","dataMutex_","src/logdata/include/logfiltereddataworker.h",121,121,"
private:
    mutable SharedMutex dataMutex_;

    SearchResultArray matches_;
",""
"Property:src/logdata/include/logfiltereddataworker.h:SearchData.matches_","matches_","src/logdata/include/logfiltereddataworker.h",123,123,"    mutable SharedMutex dataMutex_;

    SearchResultArray matches_;
    mutable SearchResultArray newMatches_;
    LineLength maxLength_{ 0 };
",""
"Property:src/logdata/include/logfiltereddataworker.h:SearchData.newMatches_","newMatches_","src/logdata/include/logfiltereddataworker.h",124,124,"
    SearchResultArray matches_;
    mutable SearchResultArray newMatches_;
    LineLength maxLength_{ 0 };
    LinesCount nbLinesProcessed_{ 0 };
",""
"Property:src/logdata/include/logfiltereddataworker.h:SearchData.maxLength_","maxLength_","src/logdata/include/logfiltereddataworker.h",125,125,"    SearchResultArray matches_;
    mutable SearchResultArray newMatches_;
    LineLength maxLength_{ 0 };
    LinesCount nbLinesProcessed_{ 0 };
    LinesCount nbMatches_{ 0 };
",""
"Property:src/logdata/include/logfiltereddataworker.h:SearchData.nbLinesProcessed_","nbLinesProcessed_","src/logdata/include/logfiltereddataworker.h",126,126,"    mutable SearchResultArray newMatches_;
    LineLength maxLength_{ 0 };
    LinesCount nbLinesProcessed_{ 0 };
    LinesCount nbMatches_{ 0 };
};
",""
"Property:src/logdata/include/logfiltereddataworker.h:SearchData.nbMatches_","nbMatches_","src/logdata/include/logfiltereddataworker.h",127,127,"    LineLength maxLength_{ 0 };
    LinesCount nbLinesProcessed_{ 0 };
    LinesCount nbMatches_{ 0 };
};

",""
"Property:src/logdata/include/logfiltereddataworker.h:SearchOperation.public","public","src/logdata/include/logfiltereddataworker.h",131,136,"
class SearchOperation : public QObject {
    Q_OBJECT
public:
    SearchOperation( const LogData& sourceLogData, AtomicFlag& interruptRequested,
                     const RegularExpressionPattern& regExp,
                     std::shared_ptr<RegularExpression> compiledRegexp, LineNumber startLine,
                     LineNumber endLine, uint64_t searchGeneration );

    // Run the search operation, returns true if it has been done
",""
"Property:src/logdata/include/logfiltereddataworker.h:SearchOperation.interruptRequested_","interruptRequested_","src/logdata/include/logfiltereddataworker.h",153,153,"    void doSearch( SearchData& result, LineNumber initialLine );

    AtomicFlag& interruptRequested_;
    const RegularExpressionPattern regexp_;
    std::shared_ptr<RegularExpression> compiledRegexp_;
",""
"Property:src/logdata/include/logfiltereddataworker.h:SearchOperation.regexp_","regexp_","src/logdata/include/logfiltereddataworker.h",154,154,"
    AtomicFlag& interruptRequested_;
    const RegularExpressionPattern regexp_;
    std::shared_ptr<RegularExpression> compiledRegexp_;
    const LogData& sourceLogData_;
",""
"Property:src/logdata/include/logfiltereddataworker.h:SearchOperation.compiledRegexp_","compiledRegexp_","src/logdata/include/logfiltereddataworker.h",155,155,"    AtomicFlag& interruptRequested_;
    const RegularExpressionPattern regexp_;
    std::shared_ptr<RegularExpression> compiledRegexp_;
    const LogData& sourceLogData_;
    LineNumber startLine_;
",""
"Property:src/logdata/include/logfiltereddataworker.h:SearchOperation.sourceLogData_","sourceLogData_","src/logdata/include/logfiltereddataworker.h",156,156,"    const RegularExpressionPattern regexp_;
    std::shared_ptr<RegularExpression> compiledRegexp_;
    const LogData& sourceLogData_;
    LineNumber startLine_;
    LineNumber endLine_;
",""
"Property:src/logdata/include/logfiltereddataworker.h:SearchOperation.startLine_","startLine_","src/logdata/include/logfiltereddataworker.h",157,157,"    std::shared_ptr<RegularExpression> compiledRegexp_;
    const LogData& sourceLogData_;
    LineNumber startLine_;
    LineNumber endLine_;
    const uint64_t searchGeneration_;
",""
"Property:src/logdata/include/logfiltereddataworker.h:SearchOperation.endLine_","endLine_","src/logdata/include/logfiltereddataworker.h",158,158,"    const LogData& sourceLogData_;
    LineNumber startLine_;
    LineNumber endLine_;
    const uint64_t searchGeneration_;
};
",""
"Property:src/logdata/include/logfiltereddataworker.h:SearchOperation.searchGeneration_","searchGeneration_","src/logdata/include/logfiltereddataworker.h",159,159,"    LineNumber startLine_;
    LineNumber endLine_;
    const uint64_t searchGeneration_;
};

",""
"Property:src/logdata/include/logfiltereddataworker.h:FullSearchOperation.public","public","src/logdata/include/logfiltereddataworker.h",163,172,"
class FullSearchOperation : public SearchOperation {
    Q_OBJECT
public:
    FullSearchOperation( const LogData& sourceLogData, AtomicFlag& interruptRequested,
                         const RegularExpressionPattern& regExp,
                         std::shared_ptr<RegularExpression> compiledRegexp, LineNumber startLine,
                         LineNumber endLine, uint64_t searchGeneration )
        : SearchOperation( sourceLogData, interruptRequested, regExp, std::move( compiledRegexp ),
                           startLine, endLine, searchGeneration )
    {
    }

    void run( SearchData& result ) override;
",""
"Property:src/logdata/include/logfiltereddataworker.h:FullSearchOperation.interruptRequested","interruptRequested","src/logdata/include/logfiltereddataworker.h",163,172,"
class FullSearchOperation : public SearchOperation {
    Q_OBJECT
public:
    FullSearchOperation( const LogData& sourceLogData, AtomicFlag& interruptRequested,
                         const RegularExpressionPattern& regExp,
                         std::shared_ptr<RegularExpression> compiledRegexp, LineNumber startLine,
                         LineNumber endLine, uint64_t searchGeneration )
        : SearchOperation( sourceLogData, interruptRequested, regExp, std::move( compiledRegexp ),
                           startLine, endLine, searchGeneration )
    {
    }

    void run( SearchData& result ) override;
",""
"Property:src/logdata/include/logfiltereddataworker.h:FullSearchOperation.regExp","regExp","src/logdata/include/logfiltereddataworker.h",163,172,"
class FullSearchOperation : public SearchOperation {
    Q_OBJECT
public:
    FullSearchOperation( const LogData& sourceLogData, AtomicFlag& interruptRequested,
                         const RegularExpressionPattern& regExp,
                         std::shared_ptr<RegularExpression> compiledRegexp, LineNumber startLine,
                         LineNumber endLine, uint64_t searchGeneration )
        : SearchOperation( sourceLogData, interruptRequested, regExp, std::move( compiledRegexp ),
                           startLine, endLine, searchGeneration )
    {
    }

    void run( SearchData& result ) override;
",""
"Property:src/logdata/include/logfiltereddataworker.h:FullSearchOperation.std","std","src/logdata/include/logfiltereddataworker.h",163,172,"
class FullSearchOperation : public SearchOperation {
    Q_OBJECT
public:
    FullSearchOperation( const LogData& sourceLogData, AtomicFlag& interruptRequested,
                         const RegularExpressionPattern& regExp,
                         std::shared_ptr<RegularExpression> compiledRegexp, LineNumber startLine,
                         LineNumber endLine, uint64_t searchGeneration )
        : SearchOperation( sourceLogData, interruptRequested, regExp, std::move( compiledRegexp ),
                           startLine, endLine, searchGeneration )
    {
    }

    void run( SearchData& result ) override;
",""
"Property:src/logdata/include/logfiltereddataworker.h:FullSearchOperation.startLine","startLine","src/logdata/include/logfiltereddataworker.h",163,172,"
class FullSearchOperation : public SearchOperation {
    Q_OBJECT
public:
    FullSearchOperation( const LogData& sourceLogData, AtomicFlag& interruptRequested,
                         const RegularExpressionPattern& regExp,
                         std::shared_ptr<RegularExpression> compiledRegexp, LineNumber startLine,
                         LineNumber endLine, uint64_t searchGeneration )
        : SearchOperation( sourceLogData, interruptRequested, regExp, std::move( compiledRegexp ),
                           startLine, endLine, searchGeneration )
    {
    }

    void run( SearchData& result ) override;
",""
"Property:src/logdata/include/logfiltereddataworker.h:FullSearchOperation.endLine","endLine","src/logdata/include/logfiltereddataworker.h",163,172,"
class FullSearchOperation : public SearchOperation {
    Q_OBJECT
public:
    FullSearchOperation( const LogData& sourceLogData, AtomicFlag& interruptRequested,
                         const RegularExpressionPattern& regExp,
                         std::shared_ptr<RegularExpression> compiledRegexp, LineNumber startLine,
                         LineNumber endLine, uint64_t searchGeneration )
        : SearchOperation( sourceLogData, interruptRequested, regExp, std::move( compiledRegexp ),
                           startLine, endLine, searchGeneration )
    {
    }

    void run( SearchData& result ) override;
",""
"Property:src/logdata/include/logfiltereddataworker.h:FullSearchOperation.searchGeneration","searchGeneration","src/logdata/include/logfiltereddataworker.h",163,172,"
class FullSearchOperation : public SearchOperation {
    Q_OBJECT
public:
    FullSearchOperation( const LogData& sourceLogData, AtomicFlag& interruptRequested,
                         const RegularExpressionPattern& regExp,
                         std::shared_ptr<RegularExpression> compiledRegexp, LineNumber startLine,
                         LineNumber endLine, uint64_t searchGeneration )
        : SearchOperation( sourceLogData, interruptRequested, regExp, std::move( compiledRegexp ),
                           startLine, endLine, searchGeneration )
    {
    }

    void run( SearchData& result ) override;
",""
"Property:src/logdata/include/logfiltereddataworker.h:UpdateSearchOperation.public","public","src/logdata/include/logfiltereddataworker.h",178,188,"
class UpdateSearchOperation : public SearchOperation {
    Q_OBJECT
public:
    UpdateSearchOperation( const LogData& sourceLogData, AtomicFlag& interruptRequested,
                           const RegularExpressionPattern& regExp,
                           std::shared_ptr<RegularExpression> compiledRegexp, LineNumber startLine,
                           LineNumber endLine, LineNumber position, uint64_t searchGeneration )
        : SearchOperation( sourceLogData, interruptRequested, regExp, std::move( compiledRegexp ),
                           startLine, endLine, searchGeneration )
        , initialPosition_( position )
    {
    }

    void run( SearchData& result ) override;
",""
"Property:src/logdata/include/logfiltereddataworker.h:UpdateSearchOperation.interruptRequested","interruptRequested","src/logdata/include/logfiltereddataworker.h",178,188,"
class UpdateSearchOperation : public SearchOperation {
    Q_OBJECT
public:
    UpdateSearchOperation( const LogData& sourceLogData, AtomicFlag& interruptRequested,
                           const RegularExpressionPattern& regExp,
                           std::shared_ptr<RegularExpression> compiledRegexp, LineNumber startLine,
                           LineNumber endLine, LineNumber position, uint64_t searchGeneration )
        : SearchOperation( sourceLogData, interruptRequested, regExp, std::move( compiledRegexp ),
                           startLine, endLine, searchGeneration )
        , initialPosition_( position )
    {
    }

    void run( SearchData& result ) override;
",""
"Property:src/logdata/include/logfiltereddataworker.h:UpdateSearchOperation.regExp","regExp","src/logdata/include/logfiltereddataworker.h",178,188,"
class UpdateSearchOperation : public SearchOperation {
    Q_OBJECT
public:
    UpdateSearchOperation( const LogData& sourceLogData, AtomicFlag& interruptRequested,
                           const RegularExpressionPattern& regExp,
                           std::shared_ptr<RegularExpression> compiledRegexp, LineNumber startLine,
                           LineNumber endLine, LineNumber position, uint64_t searchGeneration )
        : SearchOperation( sourceLogData, interruptRequested, regExp, std::move( compiledRegexp ),
                           startLine, endLine, searchGeneration )
        , initialPosition_( position )
    {
    }

    void run( SearchData& result ) override;
",""
"Property:src/logdata/include/logfiltereddataworker.h:UpdateSearchOperation.std","std","src/logdata/include/logfiltereddataworker.h",178,188,"
class UpdateSearchOperation : public SearchOperation {
    Q_OBJECT
public:
    UpdateSearchOperation( const LogData& sourceLogData, AtomicFlag& interruptRequested,
                           const RegularExpressionPattern& regExp,
                           std::shared_ptr<RegularExpression> compiledRegexp, LineNumber startLine,
                           LineNumber endLine, LineNumber position, uint64_t searchGeneration )
        : SearchOperation( sourceLogData, interruptRequested, regExp, std::move( compiledRegexp ),
                           startLine, endLine, searchGeneration )
        , initialPosition_( position )
    {
    }

    void run( SearchData& result ) override;
",""
"Property:src/logdata/include/logfiltereddataworker.h:UpdateSearchOperation.startLine","startLine","src/logdata/include/logfiltereddataworker.h",178,188,"
class UpdateSearchOperation : public SearchOperation {
    Q_OBJECT
public:
    UpdateSearchOperation( const LogData& sourceLogData, AtomicFlag& interruptRequested,
                           const RegularExpressionPattern& regExp,
                           std::shared_ptr<RegularExpression> compiledRegexp, LineNumber startLine,
                           LineNumber endLine, LineNumber position, uint64_t searchGeneration )
        : SearchOperation( sourceLogData, interruptRequested, regExp, std::move( compiledRegexp ),
                           startLine, endLine, searchGeneration )
        , initialPosition_( position )
    {
    }

    void run( SearchData& result ) override;
",""
"Property:src/logdata/include/logfiltereddataworker.h:UpdateSearchOperation.endLine","endLine","src/logdata/include/logfiltereddataworker.h",178,188,"
class UpdateSearchOperation : public SearchOperation {
    Q_OBJECT
public:
    UpdateSearchOperation( const LogData& sourceLogData, AtomicFlag& interruptRequested,
                           const RegularExpressionPattern& regExp,
                           std::shared_ptr<RegularExpression> compiledRegexp, LineNumber startLine,
                           LineNumber endLine, LineNumber position, uint64_t searchGeneration )
        : SearchOperation( sourceLogData, interruptRequested, regExp, std::move( compiledRegexp ),
                           startLine, endLine, searchGeneration )
        , initialPosition_( position )
    {
    }

    void run( SearchData& result ) override;
",""
"Property:src/logdata/include/logfiltereddataworker.h:UpdateSearchOperation.searchGeneration","searchGeneration","src/logdata/include/logfiltereddataworker.h",178,188,"
class UpdateSearchOperation : public SearchOperation {
    Q_OBJECT
public:
    UpdateSearchOperation( const LogData& sourceLogData, AtomicFlag& interruptRequested,
                           const RegularExpressionPattern& regExp,
                           std::shared_ptr<RegularExpression> compiledRegexp, LineNumber startLine,
                           LineNumber endLine, LineNumber position, uint64_t searchGeneration )
        : SearchOperation( sourceLogData, interruptRequested, regExp, std::move( compiledRegexp ),
                           startLine, endLine, searchGeneration )
        , initialPosition_( position )
    {
    }

    void run( SearchData& result ) override;
",""
"Property:src/logdata/include/logfiltereddataworker.h:UpdateSearchOperation.initialPosition_","initialPosition_","src/logdata/include/logfiltereddataworker.h",193,193,"
private:
    LineNumber initialPosition_;
};

",""
"Property:src/logdata/include/logfiltereddataworker.h:LogFilteredDataWorker.public","public","src/logdata/include/logfiltereddataworker.h",197,200,"
class LogFilteredDataWorker : public QObject {
    Q_OBJECT

public:
    explicit LogFilteredDataWorker( const LogData& sourceLogData );
    ~LogFilteredDataWorker() noexcept override;

",""
"Property:src/logdata/include/logfiltereddataworker.h:LogFilteredDataWorker.","","src/logdata/include/logfiltereddataworker.h",225,229,"    SearchResults getSearchResults() const;

Q_SIGNALS:
    // Sent during the indexing process to signal progress
    // percent being the percentage of completion.
    void searchProgressed( LinesCount nbMatches, int percent, LineNumber initialLine,
                           uint64_t searchGeneration );
    void searchFailed( QString errorMessage, uint64_t searchGeneration );
    // Sent when indexing is finished, signals the client",""
"Property:src/logdata/include/logfiltereddataworker.h:LogFilteredDataWorker.sourceLogData_","sourceLogData_","src/logdata/include/logfiltereddataworker.h",239,239,"
private:
    const LogData& sourceLogData_;
    AtomicFlag interruptRequested_;

",""
"Property:src/logdata/include/logfiltereddataworker.h:LogFilteredDataWorker.interruptRequested_","interruptRequested_","src/logdata/include/logfiltereddataworker.h",240,240,"private:
    const LogData& sourceLogData_;
    AtomicFlag interruptRequested_;

    QThreadPool operationsPool_;
",""
"Property:src/logdata/include/logfiltereddataworker.h:LogFilteredDataWorker.operationsPool_","operationsPool_","src/logdata/include/logfiltereddataworker.h",242,242,"    AtomicFlag interruptRequested_;

    QThreadPool operationsPool_;
    Mutex operationsMutex_;

",""
"Property:src/logdata/include/logfiltereddataworker.h:LogFilteredDataWorker.operationsMutex_","operationsMutex_","src/logdata/include/logfiltereddataworker.h",243,243,"
    QThreadPool operationsPool_;
    Mutex operationsMutex_;

    // Shared indexing data
",""
"Property:src/logdata/include/logfiltereddataworker.h:LogFilteredDataWorker.searchData_","searchData_","src/logdata/include/logfiltereddataworker.h",246,246,"
    // Shared indexing data
    SearchData searchData_;
};

",""
"Property:src/logdata/include/logfiltereddata.h:LogFilteredData.public","public","src/logdata/include/logfiltereddata.h",69,73,"// This object should be constructed by a LogData.
class LogFilteredData : public AbstractLogData {
    Q_OBJECT

  public:
    // Constructor used by LogData
    explicit LogFilteredData( const LogData* logData );
    ~LogFilteredData() override;

",""
"Property:src/logdata/include/logfiltereddata.h:LogFilteredData.","","src/logdata/include/logfiltereddata.h",192,195,"
    void iterateOverLines( const std::function<void( LineNumber )>& callback ) const;
  Q_SIGNALS:
    // Sent when the search has progressed, give the number of matches (so far)
    // and the percentage of completion
    void searchProgressed( LinesCount nbMatches, int progress, LineNumber initialLine );
    void searchFailed( QString errorMessage );
    void searchProgressedThrottled();",""
"Property:src/logdata/include/logfiltereddata.h:LogFilteredData.matching_lines_","matching_lines_","src/logdata/include/logfiltereddata.h",233,233,"
    // List of the matching line numbers
    SearchResultArray matching_lines_;
    SearchResultArray marks_;
    SearchResultArray marks_and_matches_;
",""
"Property:src/logdata/include/logfiltereddata.h:LogFilteredData.marks_","marks_","src/logdata/include/logfiltereddata.h",234,234,"    // List of the matching line numbers
    SearchResultArray matching_lines_;
    SearchResultArray marks_;
    SearchResultArray marks_and_matches_;

",""
"Property:src/logdata/include/logfiltereddata.h:LogFilteredData.marks_and_matches_","marks_and_matches_","src/logdata/include/logfiltereddata.h",235,235,"    SearchResultArray matching_lines_;
    SearchResultArray marks_;
    SearchResultArray marks_and_matches_;

    const LogData* sourceLogData_;
",""
"Property:src/logdata/include/logfiltereddata.h:LogFilteredData.sourceLogData_","sourceLogData_","src/logdata/include/logfiltereddata.h",237,237,"    SearchResultArray marks_and_matches_;

    const LogData* sourceLogData_;

    RegularExpressionPattern currentRegExp_;
",""
"Property:src/logdata/include/logfiltereddata.h:LogFilteredData.currentRegExp_","currentRegExp_","src/logdata/include/logfiltereddata.h",239,239,"    const LogData* sourceLogData_;

    RegularExpressionPattern currentRegExp_;
    std::shared_ptr<RegularExpression> compiledRegExp_;
    LineLength maxLength_;
",""
"Property:src/logdata/include/logfiltereddata.h:LogFilteredData.compiledRegExp_","compiledRegExp_","src/logdata/include/logfiltereddata.h",240,240,"
    RegularExpressionPattern currentRegExp_;
    std::shared_ptr<RegularExpression> compiledRegExp_;
    LineLength maxLength_;
    LineLength maxLengthMarks_;
",""
"Property:src/logdata/include/logfiltereddata.h:LogFilteredData.maxLength_","maxLength_","src/logdata/include/logfiltereddata.h",241,241,"    RegularExpressionPattern currentRegExp_;
    std::shared_ptr<RegularExpression> compiledRegExp_;
    LineLength maxLength_;
    LineLength maxLengthMarks_;
    // Number of lines of the LogData that has been searched for:
",""
"Property:src/logdata/include/logfiltereddata.h:LogFilteredData.maxLengthMarks_","maxLengthMarks_","src/logdata/include/logfiltereddata.h",242,242,"    std::shared_ptr<RegularExpression> compiledRegExp_;
    LineLength maxLength_;
    LineLength maxLengthMarks_;
    // Number of lines of the LogData that has been searched for:
    LinesCount nbLinesProcessed_;
",""
"Property:src/logdata/include/logfiltereddata.h:LogFilteredData.nbLinesProcessed_","nbLinesProcessed_","src/logdata/include/logfiltereddata.h",244,244,"    LineLength maxLengthMarks_;
    // Number of lines of the LogData that has been searched for:
    LinesCount nbLinesProcessed_;

    // Incremental search tracking.
",""
"Property:src/logdata/include/logfiltereddata.h:LogFilteredData.lastSearchStart_","lastSearchStart_","src/logdata/include/logfiltereddata.h",247,247,"
    // Incremental search tracking.
    LineNumber lastSearchStart_{ 0_lnum };
    LineNumber lastSearchEnd_{ 0_lnum };
    bool lastSearchIncremental_{ false };
",""
"Property:src/logdata/include/logfiltereddata.h:LogFilteredData.lastSearchEnd_","lastSearchEnd_","src/logdata/include/logfiltereddata.h",248,248,"    // Incremental search tracking.
    LineNumber lastSearchStart_{ 0_lnum };
    LineNumber lastSearchEnd_{ 0_lnum };
    bool lastSearchIncremental_{ false };
    bool fullScanCompleted_{ false };
",""
"Property:src/logdata/include/logfiltereddata.h:LogFilteredData.lastSearchIncremental_","lastSearchIncremental_","src/logdata/include/logfiltereddata.h",249,249,"    LineNumber lastSearchStart_{ 0_lnum };
    LineNumber lastSearchEnd_{ 0_lnum };
    bool lastSearchIncremental_{ false };
    bool fullScanCompleted_{ false };
    uint64_t searchGeneration_{ 0 };
",""
"Property:src/logdata/include/logfiltereddata.h:LogFilteredData.fullScanCompleted_","fullScanCompleted_","src/logdata/include/logfiltereddata.h",250,250,"    LineNumber lastSearchEnd_{ 0_lnum };
    bool lastSearchIncremental_{ false };
    bool fullScanCompleted_{ false };
    uint64_t searchGeneration_{ 0 };

",""
"Property:src/logdata/include/logfiltereddata.h:LogFilteredData.searchGeneration_","searchGeneration_","src/logdata/include/logfiltereddata.h",251,251,"    bool lastSearchIncremental_{ false };
    bool fullScanCompleted_{ false };
    uint64_t searchGeneration_{ 0 };

    Visibility visibility_;
",""
"Property:src/logdata/include/logfiltereddata.h:LogFilteredData.visibility_","visibility_","src/logdata/include/logfiltereddata.h",253,253,"    uint64_t searchGeneration_{ 0 };

    Visibility visibility_;

    Mutex searchProgressMutex_;
",""
"Property:src/logdata/include/logfiltereddata.h:LogFilteredData.searchProgressMutex_","searchProgressMutex_","src/logdata/include/logfiltereddata.h",255,255,"    Visibility visibility_;

    Mutex searchProgressMutex_;
    std::tuple<LinesCount, int, LineNumber, uint64_t> searchProgress_;

",""
"Property:src/logdata/include/logfiltereddata.h:LogFilteredData.searchProgress_","searchProgress_","src/logdata/include/logfiltereddata.h",256,256,"
    Mutex searchProgressMutex_;
    std::tuple<LinesCount, int, LineNumber, uint64_t> searchProgress_;

    KDToolBox::KDSignalThrottler searchProgressThrottler_;
",""
"Property:src/logdata/include/logfiltereddata.h:LogFilteredData.searchProgressThrottler_","searchProgressThrottler_","src/logdata/include/logfiltereddata.h",258,258,"    std::tuple<LinesCount, int, LineNumber, uint64_t> searchProgress_;

    KDToolBox::KDSignalThrottler searchProgressThrottler_;

    // Keep worker teardown ahead of throttler/mutex teardown.
",""
"Property:src/logdata/include/logfiltereddata.h:LogFilteredData.workerThread_","workerThread_","src/logdata/include/logfiltereddata.h",261,261,"
    // Keep worker teardown ahead of throttler/mutex teardown.
    LogFilteredDataWorker workerThread_;

  private:
",""
"Property:src/logdata/include/logfiltereddata.h:CachedSearchResult.matching_lines","matching_lines","src/logdata/include/logfiltereddata.h",265,265,"  private:
    struct CachedSearchResult {
        SearchResultArray matching_lines;
        LineLength maxLength;
    };
",""
"Property:src/logdata/include/logfiltereddata.h:CachedSearchResult.maxLength","maxLength","src/logdata/include/logfiltereddata.h",266,266,"    struct CachedSearchResult {
        SearchResultArray matching_lines;
        LineLength maxLength;
    };

",""
"Property:src/logdata/include/logfiltereddata.h:LogFilteredData.searchResultsCache_","searchResultsCache_","src/logdata/include/logfiltereddata.h",291,291,"    };

    std::unordered_map<SearchCacheKey, CachedSearchResult, SearchCacheKeyHash> searchResultsCache_;
    SearchCacheKey currentSearchKey_;

",""
"Property:src/logdata/include/logfiltereddata.h:LogFilteredData.currentSearchKey_","currentSearchKey_","src/logdata/include/logfiltereddata.h",292,292,"
    std::unordered_map<SearchCacheKey, CachedSearchResult, SearchCacheKeyHash> searchResultsCache_;
    SearchCacheKey currentSearchKey_;

    SearchCacheKey makeCacheKey( const RegularExpressionPattern& regExp, LineNumber startLine,
",""
"Property:src/logdata/include/logdataworker.h:IndexedHash.size","size","src/logdata/include/logdataworker.h",65,65,"
struct IndexedHash {
    qint64 size = 0;
    quint64 fullDigest = 0;

",""
"Property:src/logdata/include/logdataworker.h:IndexedHash.fullDigest","fullDigest","src/logdata/include/logdataworker.h",66,66,"struct IndexedHash {
    qint64 size = 0;
    quint64 fullDigest = 0;

    qint64 headerSize = 0;
",""
"Property:src/logdata/include/logdataworker.h:IndexedHash.headerSize","headerSize","src/logdata/include/logdataworker.h",68,68,"    quint64 fullDigest = 0;

    qint64 headerSize = 0;
    quint64 headerDigest = 0;

",""
"Property:src/logdata/include/logdataworker.h:IndexedHash.headerDigest","headerDigest","src/logdata/include/logdataworker.h",69,69,"
    qint64 headerSize = 0;
    quint64 headerDigest = 0;

    qint64 tailSize = 0;
",""
"Property:src/logdata/include/logdataworker.h:IndexedHash.tailSize","tailSize","src/logdata/include/logdataworker.h",71,71,"    quint64 headerDigest = 0;

    qint64 tailSize = 0;
    qint64 tailOffset = 0;
    quint64 tailDigest = 0;
",""
"Property:src/logdata/include/logdataworker.h:IndexedHash.tailOffset","tailOffset","src/logdata/include/logdataworker.h",72,72,"
    qint64 tailSize = 0;
    qint64 tailOffset = 0;
    quint64 tailDigest = 0;
};
",""
"Property:src/logdata/include/logdataworker.h:IndexedHash.tailDigest","tailDigest","src/logdata/include/logdataworker.h",73,73,"    qint64 tailSize = 0;
    qint64 tailOffset = 0;
    quint64 tailDigest = 0;
};

",""
"Property:src/logdata/include/logdataworker.h:IndexingDataAccessor.data_","data_","src/logdata/include/logdataworker.h",183,183,"
private:
    Data data_;
    LockGuard guard_;
};
",""
"Property:src/logdata/include/logdataworker.h:IndexingDataAccessor.guard_","guard_","src/logdata/include/logdataworker.h",184,184,"private:
    Data data_;
    LockGuard guard_;
};

",""
"Property:src/logdata/include/logdataworker.h:IndexingData.dataMutex_","dataMutex_","src/logdata/include/logdataworker.h",230,230,"
private:
    mutable SharedMutex dataMutex_;

    using LinePositionArrayType = std::variant<LinePositionArray, FastLinePositionArray>;
",""
"Property:src/logdata/include/logdataworker.h:IndexingData.linePosition_","linePosition_","src/logdata/include/logdataworker.h",233,233,"
    using LinePositionArrayType = std::variant<LinePositionArray, FastLinePositionArray>;
    LinePositionArrayType linePosition_;

    LineLength maxLength_;
",""
"Property:src/logdata/include/logdataworker.h:IndexingData.maxLength_","maxLength_","src/logdata/include/logdataworker.h",235,235,"    LinePositionArrayType linePosition_;

    LineLength maxLength_;

    int progress_{};
",""
"Property:src/logdata/include/logdataworker.h:IndexingData.progress_","progress_","src/logdata/include/logdataworker.h",237,237,"    LineLength maxLength_;

    int progress_{};

    FileDigest hashBuilder_;
",""
"Property:src/logdata/include/logdataworker.h:IndexingData.hashBuilder_","hashBuilder_","src/logdata/include/logdataworker.h",239,239,"    int progress_{};

    FileDigest hashBuilder_;
    IndexedHash hash_;

",""
"Property:src/logdata/include/logdataworker.h:IndexingData.hash_","hash_","src/logdata/include/logdataworker.h",240,240,"
    FileDigest hashBuilder_;
    IndexedHash hash_;

    QTextCodec* encodingGuess_{};
",""
"Property:src/logdata/include/logdataworker.h:IndexingData.encodingGuess_","encodingGuess_","src/logdata/include/logdataworker.h",242,242,"    IndexedHash hash_;

    QTextCodec* encodingGuess_{};
    QTextCodec* encodingForced_{};

",""
"Property:src/logdata/include/logdataworker.h:IndexingData.encodingForced_","encodingForced_","src/logdata/include/logdataworker.h",243,243,"
    QTextCodec* encodingGuess_{};
    QTextCodec* encodingForced_{};

    bool useFastModificationDetection_ = true;
",""
"Property:src/logdata/include/logdataworker.h:IndexingData.useFastModificationDetection_","useFastModificationDetection_","src/logdata/include/logdataworker.h",245,245,"    QTextCodec* encodingForced_{};

    bool useFastModificationDetection_ = true;

    friend ConstAccessor;
",""
"Property:src/logdata/include/logdataworker.h:IndexingState.encodingParams","encodingParams","src/logdata/include/logdataworker.h",253,253,"struct IndexingState {

    EncodingParameters encodingParams;
    OffsetInFile::UnderlyingType pos{};
    LineLength::UnderlyingType max_length{};
",""
"Property:src/logdata/include/logdataworker.h:IndexingState.pos","pos","src/logdata/include/logdataworker.h",254,254,"
    EncodingParameters encodingParams;
    OffsetInFile::UnderlyingType pos{};
    LineLength::UnderlyingType max_length{};
    LineLength::UnderlyingType additional_spaces{};
",""
"Property:src/logdata/include/logdataworker.h:IndexingState.max_length","max_length","src/logdata/include/logdataworker.h",255,255,"    EncodingParameters encodingParams;
    OffsetInFile::UnderlyingType pos{};
    LineLength::UnderlyingType max_length{};
    LineLength::UnderlyingType additional_spaces{};
    OffsetInFile::UnderlyingType end{};
",""
"Property:src/logdata/include/logdataworker.h:IndexingState.additional_spaces","additional_spaces","src/logdata/include/logdataworker.h",256,256,"    OffsetInFile::UnderlyingType pos{};
    LineLength::UnderlyingType max_length{};
    LineLength::UnderlyingType additional_spaces{};
    OffsetInFile::UnderlyingType end{};
    OffsetInFile::UnderlyingType file_size{};
",""
"Property:src/logdata/include/logdataworker.h:IndexingState.end","end","src/logdata/include/logdataworker.h",257,257,"    LineLength::UnderlyingType max_length{};
    LineLength::UnderlyingType additional_spaces{};
    OffsetInFile::UnderlyingType end{};
    OffsetInFile::UnderlyingType file_size{};

",""
"Property:src/logdata/include/logdataworker.h:IndexingState.file_size","file_size","src/logdata/include/logdataworker.h",258,258,"    LineLength::UnderlyingType additional_spaces{};
    OffsetInFile::UnderlyingType end{};
    OffsetInFile::UnderlyingType file_size{};

    QTextCodec* encodingGuess{};
",""
"Property:src/logdata/include/logdataworker.h:IndexingState.encodingGuess","encodingGuess","src/logdata/include/logdataworker.h",260,260,"    OffsetInFile::UnderlyingType file_size{};

    QTextCodec* encodingGuess{};
    QTextCodec* fileTextCodec{};
};
",""
"Property:src/logdata/include/logdataworker.h:IndexingState.fileTextCodec","fileTextCodec","src/logdata/include/logdataworker.h",261,261,"
    QTextCodec* encodingGuess{};
    QTextCodec* fileTextCodec{};
};

",""
"Property:src/logdata/include/logdataworker.h:IndexOperation.public","public","src/logdata/include/logdataworker.h",267,278,"
class IndexOperation : public QObject {
    Q_OBJECT
public:
    IndexOperation( const QString& fileName, const std::shared_ptr<IndexingData>& indexingData,
                    AtomicFlag& interruptRequest )
        : fileName_( fileName )
        , indexing_data_( indexingData )
        , interruptRequest_( interruptRequest )
    {
    }

    // Run the indexing operation, returns true if it has been done
    // and false if it has been cancelled (results not copied)
    virtual OperationResult run() = 0;

",""
"Property:src/logdata/include/logdataworker.h:IndexOperation.fileName_","fileName_","src/logdata/include/logdataworker.h",295,295,"    void doIndex( OffsetInFile initialPosition );

    QString fileName_;
    std::shared_ptr<IndexingData> indexing_data_;
    AtomicFlag& interruptRequest_;
",""
"Property:src/logdata/include/logdataworker.h:IndexOperation.indexing_data_","indexing_data_","src/logdata/include/logdataworker.h",296,296,"
    QString fileName_;
    std::shared_ptr<IndexingData> indexing_data_;
    AtomicFlag& interruptRequest_;

",""
"Property:src/logdata/include/logdataworker.h:IndexOperation.interruptRequest_","interruptRequest_","src/logdata/include/logdataworker.h",297,297,"    QString fileName_;
    std::shared_ptr<IndexingData> indexing_data_;
    AtomicFlag& interruptRequest_;

private:
",""
"Property:src/logdata/include/logdataworker.h:FullIndexOperation.public","public","src/logdata/include/logdataworker.h",311,318,"
class FullIndexOperation : public IndexOperation {
    Q_OBJECT
public:
    FullIndexOperation( const QString& fileName, const std::shared_ptr<IndexingData>& indexingData,
                        AtomicFlag& interruptRequest, QTextCodec* forcedEncoding = nullptr )
        : IndexOperation( fileName, indexingData, interruptRequest )
        , forcedEncoding_( forcedEncoding )
    {
    }
    OperationResult run() override;

",""
"Property:src/logdata/include/logdataworker.h:FullIndexOperation.forcedEncoding_","forcedEncoding_","src/logdata/include/logdataworker.h",322,322,"
private:
    QTextCodec* forcedEncoding_;
};

",""
"Property:src/logdata/include/logdataworker.h:LogDataWorker.public","public","src/logdata/include/logdataworker.h",355,360,"
class LogDataWorker : public QObject {
    Q_OBJECT

public:
    // Pass a pointer to the IndexingData (initially empty)
    // This object will change it when indexing (IndexingData must be thread safe!)
    explicit LogDataWorker( const std::shared_ptr<IndexingData>& indexing_data );
    ~LogDataWorker() noexcept override;

",""
"Property:src/logdata/include/logdataworker.h:LogDataWorker.","","src/logdata/include/logdataworker.h",384,387,"    void interrupt();

Q_SIGNALS:
    // Sent during the indexing process to signal progress
    // percent being the percentage of completion.
    void indexingProgressed( int percent );
    // Sent when indexing is finished, signals the client
    // to copy the new data back.
",""
"Property:src/logdata/include/logdataworker.h:LogDataWorker.operationsPool_","operationsPool_","src/logdata/include/logdataworker.h",404,404,"
    // Mutex to wait for operations
    QThreadPool operationsPool_;
    Mutex operationsMutex_;
    AtomicFlag interruptRequest_;
",""
"Property:src/logdata/include/logdataworker.h:LogDataWorker.operationsMutex_","operationsMutex_","src/logdata/include/logdataworker.h",405,405,"    // Mutex to wait for operations
    QThreadPool operationsPool_;
    Mutex operationsMutex_;
    AtomicFlag interruptRequest_;

",""
"Property:src/logdata/include/logdataworker.h:LogDataWorker.interruptRequest_","interruptRequest_","src/logdata/include/logdataworker.h",406,406,"    QThreadPool operationsPool_;
    Mutex operationsMutex_;
    AtomicFlag interruptRequest_;

    QString fileName_;
",""
"Property:src/logdata/include/logdataworker.h:LogDataWorker.fileName_","fileName_","src/logdata/include/logdataworker.h",408,408,"    AtomicFlag interruptRequest_;

    QString fileName_;

    // Pointer to the owner's indexing data (we modify it)
",""
"Property:src/logdata/include/logdataworker.h:LogDataWorker.indexing_data_","indexing_data_","src/logdata/include/logdataworker.h",411,411,"
    // Pointer to the owner's indexing data (we modify it)
    std::shared_ptr<IndexingData> indexing_data_;
};

",""
"Property:src/logdata/include/logdataoperation.h:LogDataOperation.filename_","filename_","src/logdata/include/logdataoperation.h",72,72,"  protected:
    virtual void doStart( LogDataWorker& workerThread ) const = 0;
    QString filename_;
};

",""
"Property:src/logdata/include/logdataoperation.h:FullReindexOperation.forcedEncoding_","forcedEncoding_","src/logdata/include/logdataoperation.h",99,99,"
  private:
    QTextCodec* forcedEncoding_;
};

",""
"Property:src/logdata/include/logdataoperation.h:OperationQueue.beforeOperationStart_","beforeOperationStart_","src/logdata/include/logdataoperation.h",138,138,"    void tryStartPendingOperation();

    std::function<void()> beforeOperationStart_;

  private:
",""
"Property:src/logdata/include/logdataoperation.h:OperationQueue.mutex_","mutex_","src/logdata/include/logdataoperation.h",141,141,"
  private:
    mutable Mutex mutex_;
    
    OperationVariant executingOperation_;
",""
"Property:src/logdata/include/logdataoperation.h:OperationQueue.executingOperation_","executingOperation_","src/logdata/include/logdataoperation.h",143,143,"    mutable Mutex mutex_;
    
    OperationVariant executingOperation_;
    OperationVariant pendingOperation_;

",""
"Property:src/logdata/include/logdataoperation.h:OperationQueue.pendingOperation_","pendingOperation_","src/logdata/include/logdataoperation.h",144,144,"    
    OperationVariant executingOperation_;
    OperationVariant pendingOperation_;

    std::unique_ptr<LogDataWorker> worker_;
",""
"Property:src/logdata/include/logdataoperation.h:OperationQueue.worker_","worker_","src/logdata/include/logdataoperation.h",146,146,"    OperationVariant pendingOperation_;

    std::unique_ptr<LogDataWorker> worker_;
};

",""
"Property:src/logdata/include/logdata.h:LogData.public","public","src/logdata/include/logdata.h",69,72,"// This class is thread-safe.
class LogData : public AbstractLogData {
    Q_OBJECT

  public:
    LogData();
    ~LogData();

",""
"Property:src/logdata/include/logdata.h:RawLines.startLine","startLine","src/logdata/include/logdata.h",107,107,"
    struct RawLines {
        LineNumber startLine;

        klogg::vector<char> buffer;
",""
"Property:src/logdata/include/logdata.h:RawLines.buffer","buffer","src/logdata/include/logdata.h",109,109,"        LineNumber startLine;

        klogg::vector<char> buffer;
        klogg::vector<qint64> endOfLines;

",""
"Property:src/logdata/include/logdata.h:RawLines.endOfLines","endOfLines","src/logdata/include/logdata.h",110,110,"
        klogg::vector<char> buffer;
        klogg::vector<qint64> endOfLines;

        TextDecoder textDecoder;
",""
"Property:src/logdata/include/logdata.h:RawLines.textDecoder","textDecoder","src/logdata/include/logdata.h",112,112,"        klogg::vector<qint64> endOfLines;

        TextDecoder textDecoder;

        QRegularExpression prefilterPattern;
",""
"Property:src/logdata/include/logdata.h:RawLines.prefilterPattern","prefilterPattern","src/logdata/include/logdata.h",114,114,"        TextDecoder textDecoder;

        QRegularExpression prefilterPattern;

      public:
",""
"Property:src/logdata/include/logdata.h:RawLines.utf8Data_","utf8Data_","src/logdata/include/logdata.h",121,121,"
      private:
        mutable klogg::vector<char> utf8Data_;
    };

",""
"Property:src/logdata/include/logdata.h:LogData.","","src/logdata/include/logdata.h",126,129,"    RawLines getLinesRaw( LineNumber first, LinesCount number ) const;

  Q_SIGNALS:
    // Sent during the 'attach' process to signal progress
    // percent being the percentage of completion.
    void loadingProgressed( int percent );
    // Signal the client the file is fully loaded and available.
    void loadingFinished( LoadingStatus status );
",""
"Property:src/logdata/include/logdata.h:LogData.attached_file_","attached_file_","src/logdata/include/logdata.h",165,165,"
  private:
    mutable std::unique_ptr<FileHolder> attached_file_;

    // Indexing data, read by us, written by the worker thread
",""
"Property:src/logdata/include/logdata.h:LogData.indexing_data_","indexing_data_","src/logdata/include/logdata.h",168,168,"
    // Indexing data, read by us, written by the worker thread
    std::shared_ptr<IndexingData> indexing_data_;

    OperationQueue operationQueue_;
",""
"Property:src/logdata/include/logdata.h:LogData.operationQueue_","operationQueue_","src/logdata/include/logdata.h",170,170,"    std::shared_ptr<IndexingData> indexing_data_;

    OperationQueue operationQueue_;

    QString indexingFileName_;
",""
"Property:src/logdata/include/logdata.h:LogData.indexingFileName_","indexingFileName_","src/logdata/include/logdata.h",172,172,"    OperationQueue operationQueue_;

    QString indexingFileName_;
    // mutable std::unique_ptr<QFile> attached_file_;
    // mutable FileId attached_file_id_;
",""
"Property:src/logdata/include/logdata.h:LogData.keepFileClosed_","keepFileClosed_","src/logdata/include/logdata.h",176,176,"    // mutable FileId attached_file_id_;

    bool keepFileClosed_;

    QDateTime lastModifiedDate_;
",""
"Property:src/logdata/include/logdata.h:LogData.lastModifiedDate_","lastModifiedDate_","src/logdata/include/logdata.h",178,178,"    bool keepFileClosed_;

    QDateTime lastModifiedDate_;

    // Codec to decode text
",""
"Property:src/logdata/include/logdata.h:LogData.codec_","codec_","src/logdata/include/logdata.h",181,181,"
    // Codec to decode text
    TextCodecHolder codec_;
    MonitoredFileStatus fileChangedOnDisk_;

",""
"Property:src/logdata/include/logdata.h:LogData.fileChangedOnDisk_","fileChangedOnDisk_","src/logdata/include/logdata.h",182,182,"    // Codec to decode text
    TextCodecHolder codec_;
    MonitoredFileStatus fileChangedOnDisk_;

    QString prefilterPattern_;
",""
"Property:src/logdata/include/logdata.h:LogData.prefilterPattern_","prefilterPattern_","src/logdata/include/logdata.h",184,184,"    MonitoredFileStatus fileChangedOnDisk_;

    QString prefilterPattern_;
};

",""
"Property:src/logdata/include/linetypes.h:FilePosition.line_","line_","src/logdata/include/linetypes.h",301,301,"
private:
    LineNumber line_;
    LineColumn column_;
};
",""
"Property:src/logdata/include/linetypes.h:FilePosition.column_","column_","src/logdata/include/linetypes.h",302,302,"private:
    LineNumber line_;
    LineColumn column_;
};

",""
"Property:src/logdata/include/linepositionarray.h:SimpleLinePositionStorage.storage_","storage_","src/logdata/include/linepositionarray.h",131,131,"
private:
    klogg::vector<OffsetInFile> storage_;
};

",""
"Property:src/logdata/include/linepositionarray.h:LinePosition.array","array","src/logdata/include/linepositionarray.h",220,220,"
private:
    Storage array;
    bool fakeFinalLF_ = false;
};
",""
"Property:src/logdata/include/linepositionarray.h:LinePosition.fakeFinalLF_","fakeFinalLF_","src/logdata/include/linepositionarray.h",221,221,"private:
    Storage array;
    bool fakeFinalLF_ = false;
};

",""
"Property:src/logdata/include/fileholder.h:FileId.fileIndex","fileIndex","src/logdata/include/fileholder.h",9,9,"
struct FileId {
    uint64_t fileIndex = 0;
    uint64_t volumeIndex = 0;

",""
"Property:src/logdata/include/fileholder.h:FileId.volumeIndex","volumeIndex","src/logdata/include/fileholder.h",10,10,"struct FileId {
    uint64_t fileIndex = 0;
    uint64_t volumeIndex = 0;

    bool operator!=( const FileId& other ) const
",""
"Property:src/logdata/include/fileholder.h:ScopedFileHolder.file_holder_","file_holder_","src/logdata/include/fileholder.h",43,43,"    Q_DISABLE_COPY( ScopedFileHolder<T> )

    T* file_holder_;
};

",""
"Property:src/logdata/include/fileholder.h:FileHolder.file_mutex_","file_mutex_","src/logdata/include/fileholder.h",73,73,"
  private:
    RecursiveMutex file_mutex_;

    QString file_name_;
",""
"Property:src/logdata/include/fileholder.h:FileHolder.file_name_","file_name_","src/logdata/include/fileholder.h",75,75,"    RecursiveMutex file_mutex_;

    QString file_name_;
    std::unique_ptr<QFile> attached_file_;
    FileId attached_file_id_;
",""
"Property:src/logdata/include/fileholder.h:FileHolder.attached_file_","attached_file_","src/logdata/include/fileholder.h",76,76,"
    QString file_name_;
    std::unique_ptr<QFile> attached_file_;
    FileId attached_file_id_;

",""
"Property:src/logdata/include/fileholder.h:FileHolder.attached_file_id_","attached_file_id_","src/logdata/include/fileholder.h",77,77,"    QString file_name_;
    std::unique_ptr<QFile> attached_file_;
    FileId attached_file_id_;

    uint32_t counter_ = 0;
",""
"Property:src/logdata/include/fileholder.h:FileHolder.counter_","counter_","src/logdata/include/fileholder.h",79,79,"    FileId attached_file_id_;

    uint32_t counter_ = 0;
    bool keep_closed_ = false;
};
",""
"Property:src/logdata/include/fileholder.h:FileHolder.keep_closed_","keep_closed_","src/logdata/include/fileholder.h",80,80,"
    uint32_t counter_ = 0;
    bool keep_closed_ = false;
};

",""
"Property:src/logdata/include/filedigest.h:FileDigest.m_state","m_state","src/logdata/include/filedigest.h",41,41,"
  private:
    std::unique_ptr<DigestInternalState> m_state;
};

",""
"Property:src/logdata/include/encodingdetector.h:EncodingParameters.isUtf8Compatible","isUtf8Compatible","src/logdata/include/encodingdetector.h",35,35,"    explicit EncodingParameters( const QTextCodec* codec );

    bool isUtf8Compatible{ false };
    bool isUtf16LE{ false };

",""
"Property:src/logdata/include/encodingdetector.h:EncodingParameters.isUtf16LE","isUtf16LE","src/logdata/include/encodingdetector.h",36,36,"
    bool isUtf8Compatible{ false };
    bool isUtf16LE{ false };

    int lineFeedWidth{ 1 };
",""
"Property:src/logdata/include/encodingdetector.h:EncodingParameters.lineFeedWidth","lineFeedWidth","src/logdata/include/encodingdetector.h",38,38,"    bool isUtf16LE{ false };

    int lineFeedWidth{ 1 };
    int lineFeedIndex{ 0 };

",""
"Property:src/logdata/include/encodingdetector.h:EncodingParameters.lineFeedIndex","lineFeedIndex","src/logdata/include/encodingdetector.h",39,39,"
    int lineFeedWidth{ 1 };
    int lineFeedIndex{ 0 };

    bool operator==( const EncodingParameters& other ) const
",""
"Property:src/logdata/include/encodingdetector.h:EncodingDetector.mutex_","mutex_","src/logdata/include/encodingdetector.h",81,81,"    ~EncodingDetector() = default;

    mutable SharedMutex mutex_;
};

",""
"Property:src/logdata/include/encodingdetector.h:TextDecoder.decoder","decoder","src/logdata/include/encodingdetector.h",85,85,"
struct TextDecoder {
    std::unique_ptr<QTextDecoder> decoder;
    EncodingParameters encodingParams;
};
",""
"Property:src/logdata/include/encodingdetector.h:TextDecoder.encodingParams","encodingParams","src/logdata/include/encodingdetector.h",86,86,"struct TextDecoder {
    std::unique_ptr<QTextDecoder> decoder;
    EncodingParameters encodingParams;
};

",""
"Property:src/logdata/include/encodingdetector.h:TextCodecHolder.codec_","codec_","src/logdata/include/encodingdetector.h",102,102,"
  private:
    QTextCodec* codec_;
    EncodingParameters encodingParams_;
    mutable SharedMutex mutex_;
",""
"Property:src/logdata/include/encodingdetector.h:TextCodecHolder.encodingParams_","encodingParams_","src/logdata/include/encodingdetector.h",103,103,"  private:
    QTextCodec* codec_;
    EncodingParameters encodingParams_;
    mutable SharedMutex mutex_;
};
",""
"Property:src/logdata/include/encodingdetector.h:TextCodecHolder.mutex_","mutex_","src/logdata/include/encodingdetector.h",104,104,"    QTextCodec* codec_;
    EncodingParameters encodingParams_;
    mutable SharedMutex mutex_;
};

",""
"Property:src/logdata/include/compressedlinestorage.h:BlockMetadata.firstLineOffset","firstLineOffset","src/logdata/include/compressedlinestorage.h",84,84,"    void uncompress_last_block();
    struct BlockMetadata {
        OffsetInFile firstLineOffset{};
        size_t packetStorageOffset{};
    };
",""
"Property:src/logdata/include/compressedlinestorage.h:BlockMetadata.packetStorageOffset","packetStorageOffset","src/logdata/include/compressedlinestorage.h",85,85,"    struct BlockMetadata {
        OffsetInFile firstLineOffset{};
        size_t packetStorageOffset{};
    };

",""
"Property:src/logdata/include/compressedlinestorage.h:CompressedLinePositionStorage.blocks_","blocks_","src/logdata/include/compressedlinestorage.h",88,88,"    };

    klogg::vector<BlockMetadata> blocks_;
    klogg::vector<uint8_t> packedLinesStorage_;
    size_t packedLinesStorageUsedSize_ = 0;
",""
"Property:src/logdata/include/compressedlinestorage.h:CompressedLinePositionStorage.packedLinesStorage_","packedLinesStorage_","src/logdata/include/compressedlinestorage.h",89,89,"
    klogg::vector<BlockMetadata> blocks_;
    klogg::vector<uint8_t> packedLinesStorage_;
    size_t packedLinesStorageUsedSize_ = 0;

",""
"Property:src/logdata/include/compressedlinestorage.h:CompressedLinePositionStorage.packedLinesStorageUsedSize_","packedLinesStorageUsedSize_","src/logdata/include/compressedlinestorage.h",90,90,"    klogg::vector<BlockMetadata> blocks_;
    klogg::vector<uint8_t> packedLinesStorage_;
    size_t packedLinesStorageUsedSize_ = 0;

    klogg::vector<OffsetInFile> currentLinesBlock_;
",""
"Property:src/logdata/include/compressedlinestorage.h:CompressedLinePositionStorage.currentLinesBlock_","currentLinesBlock_","src/logdata/include/compressedlinestorage.h",92,92,"    size_t packedLinesStorageUsedSize_ = 0;

    klogg::vector<OffsetInFile> currentLinesBlock_;
    klogg::vector<uint32_t> currentLinesBlockShifted_;

",""
"Property:src/logdata/include/compressedlinestorage.h:CompressedLinePositionStorage.currentLinesBlockShifted_","currentLinesBlockShifted_","src/logdata/include/compressedlinestorage.h",93,93,"
    klogg::vector<OffsetInFile> currentLinesBlock_;
    klogg::vector<uint32_t> currentLinesBlockShifted_;

    // Total number of lines in storage
",""
"Property:src/logdata/include/compressedlinestorage.h:CompressedLinePositionStorage.nbLines_","nbLines_","src/logdata/include/compressedlinestorage.h",96,96,"
    // Total number of lines in storage
    LinesCount nbLines_;

    // Current position (position of the end of the last line added)
",""
"Property:src/logdata/include/compressedlinestorage.h:CompressedLinePositionStorage.lastPos_","lastPos_","src/logdata/include/compressedlinestorage.h",99,99,"
    // Current position (position of the end of the last line added)
    OffsetInFile lastPos_;

    bool canUseSimdSelect_{ false };
",""
"Property:src/logdata/include/compressedlinestorage.h:CompressedLinePositionStorage.canUseSimdSelect_","canUseSimdSelect_","src/logdata/include/compressedlinestorage.h",101,101,"    OffsetInFile lastPos_;

    bool canUseSimdSelect_{ false };
};

",""
"Property:src/logdata/include/abstractlogdata.h:AbstractLogData.public","public","src/logdata/include/abstractlogdata.h",51,55,"// It can be either a full set or a filtered set.
class AbstractLogData : public QObject {
    Q_OBJECT

  public:
    // Returns the line passed as a QString
    QString getLineString( LineNumber line ) const;
    // Returns the line passed as a QString, with tabs expanded
    QString getExpandedLineString( LineNumber line ) const;
",""
"Property:src/filewatch/src/filewatcher.cpp:WatchedFile.name","name","src/filewatch/src/filewatcher.cpp",41,41,"
struct WatchedFile {
    std::string name;
    int64_t mTime;
    int64_t size;
",""
"Property:src/filewatch/src/filewatcher.cpp:WatchedFile.mTime","mTime","src/filewatch/src/filewatcher.cpp",42,42,"struct WatchedFile {
    std::string name;
    int64_t mTime;
    int64_t size;

",""
"Property:src/filewatch/src/filewatcher.cpp:WatchedFile.size","size","src/filewatch/src/filewatcher.cpp",43,43,"    std::string name;
    int64_t mTime;
    int64_t size;

    bool operator==( const std::string& filename ) const
",""
"Property:src/filewatch/src/filewatcher.cpp:WatchedDirecotry.watchId","watchId","src/filewatch/src/filewatcher.cpp",57,57,"
struct WatchedDirecotry {
    efsw::WatchID watchId;

    // filenames are in utf8
",""
"Property:src/filewatch/src/filewatcher.cpp:WatchedDirecotry.name","name","src/filewatch/src/filewatcher.cpp",60,60,"
    // filenames are in utf8
    std::string name;
    std::vector<WatchedFile> files;
};
",""
"Property:src/filewatch/src/filewatcher.cpp:WatchedDirecotry.files","files","src/filewatch/src/filewatcher.cpp",61,61,"    // filenames are in utf8
    std::string name;
    std::vector<WatchedFile> files;
};

",""
"Property:src/filewatch/src/filewatcher.cpp:EfswFileWatcher.watcher_","watcher_","src/filewatch/src/filewatcher.cpp",322,322,"
  private:
    efsw::FileWatcher watcher_;
    std::vector<WatchedDirecotry> watchedPaths_;
    FileWatcher* parent_;
",""
"Property:src/filewatch/src/filewatcher.cpp:EfswFileWatcher.watchedPaths_","watchedPaths_","src/filewatch/src/filewatcher.cpp",323,323,"  private:
    efsw::FileWatcher watcher_;
    std::vector<WatchedDirecotry> watchedPaths_;
    FileWatcher* parent_;

",""
"Property:src/filewatch/src/filewatcher.cpp:EfswFileWatcher.parent_","parent_","src/filewatch/src/filewatcher.cpp",324,324,"    efsw::FileWatcher watcher_;
    std::vector<WatchedDirecotry> watchedPaths_;
    FileWatcher* parent_;

    bool nativeWatchEnabled_ = true;
",""
"Property:src/filewatch/src/filewatcher.cpp:EfswFileWatcher.nativeWatchEnabled_","nativeWatchEnabled_","src/filewatch/src/filewatcher.cpp",326,326,"    FileWatcher* parent_;

    bool nativeWatchEnabled_ = true;

    RecursiveMutex mutex_;
",""
"Property:src/filewatch/src/filewatcher.cpp:EfswFileWatcher.mutex_","mutex_","src/filewatch/src/filewatcher.cpp",328,328,"    bool nativeWatchEnabled_ = true;

    RecursiveMutex mutex_;
};

",""
"Property:src/filewatch/include/filewatcher.h:FileWatcher.public","public","src/filewatch/include/filewatcher.h",57,59,"
class FileWatcher : public QObject {
    Q_OBJECT
  public:
    FileWatcher( const FileWatcher& ) = delete;
    FileWatcher( FileWatcher&& ) = delete;

",""
"Property:src/filewatch/include/filewatcher.h:FileWatcher.","","src/filewatch/include/filewatcher.h",80,82,"    void fileChangedOnDisk( const QString& );

  Q_SIGNALS:
    // Sent when the file on disk has changed in any way.
    void fileChanged( const QString& );
    void notifyFileChangedOnDisk();

",""
"Property:src/filewatch/include/filewatcher.h:FileWatcher.checkTimer_","checkTimer_","src/filewatch/include/filewatcher.h",95,95,"    ~FileWatcher() override; // for complete EfswFileWatcher

    QTimer* checkTimer_;
    KDToolBox::KDGenericSignalThrottler* throttler_;
    std::vector<QString> changes_;
",""
"Property:src/filewatch/include/filewatcher.h:FileWatcher.throttler_","throttler_","src/filewatch/include/filewatcher.h",96,96,"
    QTimer* checkTimer_;
    KDToolBox::KDGenericSignalThrottler* throttler_;
    std::vector<QString> changes_;

",""
"Property:src/filewatch/include/filewatcher.h:FileWatcher.changes_","changes_","src/filewatch/include/filewatcher.h",97,97,"    QTimer* checkTimer_;
    KDToolBox::KDGenericSignalThrottler* throttler_;
    std::vector<QString> changes_;

    std::unique_ptr<EfswFileWatcher, EfswFileWatcherDeleter> efswWatcher_;
",""
"Property:src/filewatch/include/filewatcher.h:FileWatcher.efswWatcher_","efswWatcher_","src/filewatch/include/filewatcher.h",99,99,"    std::vector<QString> changes_;

    std::unique_ptr<EfswFileWatcher, EfswFileWatcherDeleter> efswWatcher_;
};

",""
"Property:src/logging/src/logger.cpp:Logger.mutex_","mutex_","src/logging/src/logger.cpp",172,172,"
  private:
    mutable std::shared_mutex mutex_;
    using ScopedLock = std::unique_lock<std::shared_mutex>;

",""
"Property:src/logging/src/logger.cpp:Logger.isConsoleLogEnabled_","isConsoleLogEnabled_","src/logging/src/logger.cpp",175,175,"    using ScopedLock = std::unique_lock<std::shared_mutex>;

    std::atomic_bool isConsoleLogEnabled_ = false;
    std::atomic_bool isFileLogEnabled_ = false;

",""
"Property:src/logging/src/logger.cpp:Logger.isFileLogEnabled_","isFileLogEnabled_","src/logging/src/logger.cpp",176,176,"
    std::atomic_bool isConsoleLogEnabled_ = false;
    std::atomic_bool isFileLogEnabled_ = false;

    std::atomic_int logLevel_ = 0;
",""
"Property:src/logging/src/logger.cpp:Logger.logLevel_","logLevel_","src/logging/src/logger.cpp",178,178,"    std::atomic_bool isFileLogEnabled_ = false;

    std::atomic_int logLevel_ = 0;

    std::unique_ptr<QFile> logFile_;
",""
"Property:src/logging/src/logger.cpp:Logger.logFile_","logFile_","src/logging/src/logger.cpp",180,180,"    std::atomic_int logLevel_ = 0;

    std::unique_ptr<QFile> logFile_;
};

",""
"Property:src/crash_handler/include/crashhandler.h:CrashHandler.memoryUsageTimer_","memoryUsageTimer_","src/crash_handler/include/crashhandler.h",33,33,"
  private:
    std::unique_ptr<QTimer> memoryUsageTimer_;
};
#else
",""
"Property:src/app/python_runtime/scenario_bootstrap.py:scenarios","scenarios","src/app/python_runtime/scenario_bootstrap.py",192,192,"    entries = suite_document.get(""scenarios"", [])
    base_dir = suite_path.parent
    scenarios: List[Dict[str, Any]] = []

    total = len(entries)
",""
"Property:src/app/python_runtime/klogg/test.py:_StepContext.name","name","src/app/python_runtime/klogg/test.py",35,35,"@dataclass
class _StepContext:
    name: str
    started_at: str = field(default_factory=_utc_now)
    finished_at: str = """"
",""
"Property:src/app/python_runtime/klogg/test.py:_StepContext.started_at","started_at","src/app/python_runtime/klogg/test.py",36,36,"class _StepContext:
    name: str
    started_at: str = field(default_factory=_utc_now)
    finished_at: str = """"
    status: str = ""running""
",""
"Property:src/app/python_runtime/klogg/test.py:_StepContext.finished_at","finished_at","src/app/python_runtime/klogg/test.py",37,37,"    name: str
    started_at: str = field(default_factory=_utc_now)
    finished_at: str = """"
    status: str = ""running""
    error: str = """"
",""
"Property:src/app/python_runtime/klogg/test.py:_StepContext.status","status","src/app/python_runtime/klogg/test.py",38,38,"    started_at: str = field(default_factory=_utc_now)
    finished_at: str = """"
    status: str = ""running""
    error: str = """"
    traceback: str = """"
",""
"Property:src/app/python_runtime/klogg/test.py:_StepContext.error","error","src/app/python_runtime/klogg/test.py",39,39,"    finished_at: str = """"
    status: str = ""running""
    error: str = """"
    traceback: str = """"
    artifacts: List[Dict[str, Any]] = field(default_factory=list)
",""
"Property:src/app/python_runtime/klogg/test.py:_StepContext.traceback","traceback","src/app/python_runtime/klogg/test.py",40,40,"    status: str = ""running""
    error: str = """"
    traceback: str = """"
    artifacts: List[Dict[str, Any]] = field(default_factory=list)
    metrics: List[Dict[str, Any]] = field(default_factory=list)
",""
"Property:src/app/python_runtime/klogg/test.py:_StepContext.artifacts","artifacts","src/app/python_runtime/klogg/test.py",41,41,"    error: str = """"
    traceback: str = """"
    artifacts: List[Dict[str, Any]] = field(default_factory=list)
    metrics: List[Dict[str, Any]] = field(default_factory=list)

",""
"Property:src/app/python_runtime/klogg/test.py:_StepContext.metrics","metrics","src/app/python_runtime/klogg/test.py",42,42,"    traceback: str = """"
    artifacts: List[Dict[str, Any]] = field(default_factory=list)
    metrics: List[Dict[str, Any]] = field(default_factory=list)

    def to_dict(self) -> Dict[str, Any]:
",""
"Property:src/app/python_runtime/klogg/test.py:_ScenarioContext.name","name","src/app/python_runtime/klogg/test.py",59,59,"@dataclass
class _ScenarioContext:
    name: str
    file_path: str
    args_json_file: str = """"
",""
"Property:src/app/python_runtime/klogg/test.py:_ScenarioContext.file_path","file_path","src/app/python_runtime/klogg/test.py",60,60,"class _ScenarioContext:
    name: str
    file_path: str
    args_json_file: str = """"
    tags: List[str] = field(default_factory=list)
",""
"Property:src/app/python_runtime/klogg/test.py:_ScenarioContext.args_json_file","args_json_file","src/app/python_runtime/klogg/test.py",61,61,"    name: str
    file_path: str
    args_json_file: str = """"
    tags: List[str] = field(default_factory=list)
    started_at: str = field(default_factory=_utc_now)
",""
"Property:src/app/python_runtime/klogg/test.py:_ScenarioContext.tags","tags","src/app/python_runtime/klogg/test.py",62,62,"    file_path: str
    args_json_file: str = """"
    tags: List[str] = field(default_factory=list)
    started_at: str = field(default_factory=_utc_now)
    finished_at: str = """"
",""
"Property:src/app/python_runtime/klogg/test.py:_ScenarioContext.started_at","started_at","src/app/python_runtime/klogg/test.py",63,63,"    args_json_file: str = """"
    tags: List[str] = field(default_factory=list)
    started_at: str = field(default_factory=_utc_now)
    finished_at: str = """"
    status: str = ""running""
",""
"Property:src/app/python_runtime/klogg/test.py:_ScenarioContext.finished_at","finished_at","src/app/python_runtime/klogg/test.py",64,64,"    tags: List[str] = field(default_factory=list)
    started_at: str = field(default_factory=_utc_now)
    finished_at: str = """"
    status: str = ""running""
    error: str = """"
",""
"Property:src/app/python_runtime/klogg/test.py:_ScenarioContext.status","status","src/app/python_runtime/klogg/test.py",65,65,"    started_at: str = field(default_factory=_utc_now)
    finished_at: str = """"
    status: str = ""running""
    error: str = """"
    traceback: str = """"
",""
"Property:src/app/python_runtime/klogg/test.py:_ScenarioContext.error","error","src/app/python_runtime/klogg/test.py",66,66,"    finished_at: str = """"
    status: str = ""running""
    error: str = """"
    traceback: str = """"
    artifacts: List[Dict[str, Any]] = field(default_factory=list)
",""
"Property:src/app/python_runtime/klogg/test.py:_ScenarioContext.traceback","traceback","src/app/python_runtime/klogg/test.py",67,67,"    status: str = ""running""
    error: str = """"
    traceback: str = """"
    artifacts: List[Dict[str, Any]] = field(default_factory=list)
    metrics: List[Dict[str, Any]] = field(default_factory=list)
",""
"Property:src/app/python_runtime/klogg/test.py:_ScenarioContext.artifacts","artifacts","src/app/python_runtime/klogg/test.py",68,68,"    error: str = """"
    traceback: str = """"
    artifacts: List[Dict[str, Any]] = field(default_factory=list)
    metrics: List[Dict[str, Any]] = field(default_factory=list)
    steps: List[Dict[str, Any]] = field(default_factory=list)
",""
"Property:src/app/python_runtime/klogg/test.py:_ScenarioContext.metrics","metrics","src/app/python_runtime/klogg/test.py",69,69,"    traceback: str = """"
    artifacts: List[Dict[str, Any]] = field(default_factory=list)
    metrics: List[Dict[str, Any]] = field(default_factory=list)
    steps: List[Dict[str, Any]] = field(default_factory=list)
    active_steps: List[_StepContext] = field(default_factory=list)
",""
"Property:src/app/python_runtime/klogg/test.py:_ScenarioContext.steps","steps","src/app/python_runtime/klogg/test.py",70,70,"    artifacts: List[Dict[str, Any]] = field(default_factory=list)
    metrics: List[Dict[str, Any]] = field(default_factory=list)
    steps: List[Dict[str, Any]] = field(default_factory=list)
    active_steps: List[_StepContext] = field(default_factory=list)

",""
"Property:src/app/python_runtime/klogg/test.py:_ScenarioContext.active_steps","active_steps","src/app/python_runtime/klogg/test.py",71,71,"    metrics: List[Dict[str, Any]] = field(default_factory=list)
    steps: List[Dict[str, Any]] = field(default_factory=list)
    active_steps: List[_StepContext] = field(default_factory=list)

    def current_step(self) -> Optional[_StepContext]:
",""
"Property:src/app/python_runtime/klogg/test.py:_CURRENT","_CURRENT","src/app/python_runtime/klogg/test.py",93,93,"

_CURRENT: Optional[_ScenarioContext] = None
_DEVICE_BINDINGS: Optional[Dict[str, Dict[str, Any]]] = None

",""
"Property:src/app/python_runtime/klogg/test.py:_DEVICE_BINDINGS","_DEVICE_BINDINGS","src/app/python_runtime/klogg/test.py",94,94,"
_CURRENT: Optional[_ScenarioContext] = None
_DEVICE_BINDINGS: Optional[Dict[str, Dict[str, Any]]] = None


",""
"Property:src/app/python_runtime/klogg/test.py:entry","entry","src/app/python_runtime/klogg/test.py",254,254,"def artifact(name: str, value_or_path: Any) -> None:
    context = _ensure_context()
    entry: Dict[str, Any]
    if isinstance(value_or_path, str) and os.path.exists(value_or_path):
        entry = {""name"": name, ""path"": value_or_path}
",""
"Property:src/app/python_runtime/klogg/client.py:ReceiveEvent.tab_id","tab_id","src/app/python_runtime/klogg/client.py",30,30,"@dataclass
class ReceiveEvent:
    tab_id: str
    window_index: int
    tab_index: int
",""
"Property:src/app/python_runtime/klogg/client.py:ReceiveEvent.window_index","window_index","src/app/python_runtime/klogg/client.py",31,31,"class ReceiveEvent:
    tab_id: str
    window_index: int
    tab_index: int
    file_path: str
",""
"Property:src/app/python_runtime/klogg/client.py:ReceiveEvent.tab_index","tab_index","src/app/python_runtime/klogg/client.py",32,32,"    tab_id: str
    window_index: int
    tab_index: int
    file_path: str
    port_name: str
",""
"Property:src/app/python_runtime/klogg/client.py:ReceiveEvent.file_path","file_path","src/app/python_runtime/klogg/client.py",33,33,"    window_index: int
    tab_index: int
    file_path: str
    port_name: str
    text: str
",""
"Property:src/app/python_runtime/klogg/client.py:ReceiveEvent.port_name","port_name","src/app/python_runtime/klogg/client.py",34,34,"    tab_index: int
    file_path: str
    port_name: str
    text: str
    raw_bytes: bytes
",""
"Property:src/app/python_runtime/klogg/client.py:ReceiveEvent.text","text","src/app/python_runtime/klogg/client.py",35,35,"    file_path: str
    port_name: str
    text: str
    raw_bytes: bytes
    hex_string: str
",""
"Property:src/app/python_runtime/klogg/client.py:ReceiveEvent.raw_bytes","raw_bytes","src/app/python_runtime/klogg/client.py",36,36,"    port_name: str
    text: str
    raw_bytes: bytes
    hex_string: str
    timestamp: str
",""
"Property:src/app/python_runtime/klogg/client.py:ReceiveEvent.hex_string","hex_string","src/app/python_runtime/klogg/client.py",37,37,"    text: str
    raw_bytes: bytes
    hex_string: str
    timestamp: str
    display_name: str = """"
",""
"Property:src/app/python_runtime/klogg/client.py:ReceiveEvent.timestamp","timestamp","src/app/python_runtime/klogg/client.py",38,38,"    raw_bytes: bytes
    hex_string: str
    timestamp: str
    display_name: str = """"
    window_id: str = """"
",""
"Property:src/app/python_runtime/klogg/client.py:ReceiveEvent.display_name","display_name","src/app/python_runtime/klogg/client.py",39,39,"    hex_string: str
    timestamp: str
    display_name: str = """"
    window_id: str = """"

",""
"Property:src/app/python_runtime/klogg/client.py:ReceiveEvent.window_id","window_id","src/app/python_runtime/klogg/client.py",40,40,"    timestamp: str
    display_name: str = """"
    window_id: str = """"


",""
"Property:src/app/python_runtime/klogg/client.py:ResponseEvent.tab_id","tab_id","src/app/python_runtime/klogg/client.py",45,45,"@dataclass
class ResponseEvent:
    tab_id: str
    window_index: int
    tab_index: int
",""
"Property:src/app/python_runtime/klogg/client.py:ResponseEvent.window_index","window_index","src/app/python_runtime/klogg/client.py",46,46,"class ResponseEvent:
    tab_id: str
    window_index: int
    tab_index: int
    file_path: str
",""
"Property:src/app/python_runtime/klogg/client.py:ResponseEvent.tab_index","tab_index","src/app/python_runtime/klogg/client.py",47,47,"    tab_id: str
    window_index: int
    tab_index: int
    file_path: str
    port_name: str
",""
"Property:src/app/python_runtime/klogg/client.py:ResponseEvent.file_path","file_path","src/app/python_runtime/klogg/client.py",48,48,"    window_index: int
    tab_index: int
    file_path: str
    port_name: str
    matched_text: str
",""
"Property:src/app/python_runtime/klogg/client.py:ResponseEvent.port_name","port_name","src/app/python_runtime/klogg/client.py",49,49,"    tab_index: int
    file_path: str
    port_name: str
    matched_text: str
    raw_bytes: bytes
",""
"Property:src/app/python_runtime/klogg/client.py:ResponseEvent.matched_text","matched_text","src/app/python_runtime/klogg/client.py",50,50,"    file_path: str
    port_name: str
    matched_text: str
    raw_bytes: bytes
    hex_string: str
",""
"Property:src/app/python_runtime/klogg/client.py:ResponseEvent.raw_bytes","raw_bytes","src/app/python_runtime/klogg/client.py",51,51,"    port_name: str
    matched_text: str
    raw_bytes: bytes
    hex_string: str
    timestamp: str
",""
"Property:src/app/python_runtime/klogg/client.py:ResponseEvent.hex_string","hex_string","src/app/python_runtime/klogg/client.py",52,52,"    matched_text: str
    raw_bytes: bytes
    hex_string: str
    timestamp: str
    response_id: int
",""
"Property:src/app/python_runtime/klogg/client.py:ResponseEvent.timestamp","timestamp","src/app/python_runtime/klogg/client.py",53,53,"    raw_bytes: bytes
    hex_string: str
    timestamp: str
    response_id: int
    response_name: str
",""
"Property:src/app/python_runtime/klogg/client.py:ResponseEvent.response_id","response_id","src/app/python_runtime/klogg/client.py",54,54,"    hex_string: str
    timestamp: str
    response_id: int
    response_name: str
    counter: int
",""
"Property:src/app/python_runtime/klogg/client.py:ResponseEvent.response_name","response_name","src/app/python_runtime/klogg/client.py",55,55,"    timestamp: str
    response_id: int
    response_name: str
    counter: int
    display_name: str = """"
",""
"Property:src/app/python_runtime/klogg/client.py:ResponseEvent.counter","counter","src/app/python_runtime/klogg/client.py",56,56,"    response_id: int
    response_name: str
    counter: int
    display_name: str = """"
    window_id: str = """"
",""
"Property:src/app/python_runtime/klogg/client.py:ResponseEvent.display_name","display_name","src/app/python_runtime/klogg/client.py",57,57,"    response_name: str
    counter: int
    display_name: str = """"
    window_id: str = """"

",""
"Property:src/app/python_runtime/klogg/client.py:ResponseEvent.window_id","window_id","src/app/python_runtime/klogg/client.py",58,58,"    counter: int
    display_name: str = """"
    window_id: str = """"


",""
"Property:src/app/python_runtime/klogg/client.py:SendEvent.tab_id","tab_id","src/app/python_runtime/klogg/client.py",63,63,"@dataclass
class SendEvent:
    tab_id: str
    window_index: int
    tab_index: int
",""
"Property:src/app/python_runtime/klogg/client.py:SendEvent.window_index","window_index","src/app/python_runtime/klogg/client.py",64,64,"class SendEvent:
    tab_id: str
    window_index: int
    tab_index: int
    file_path: str
",""
"Property:src/app/python_runtime/klogg/client.py:SendEvent.tab_index","tab_index","src/app/python_runtime/klogg/client.py",65,65,"    tab_id: str
    window_index: int
    tab_index: int
    file_path: str
    port_name: str
",""
"Property:src/app/python_runtime/klogg/client.py:SendEvent.file_path","file_path","src/app/python_runtime/klogg/client.py",66,66,"    window_index: int
    tab_index: int
    file_path: str
    port_name: str
    text: str
",""
"Property:src/app/python_runtime/klogg/client.py:SendEvent.port_name","port_name","src/app/python_runtime/klogg/client.py",67,67,"    tab_index: int
    file_path: str
    port_name: str
    text: str
    raw_bytes: bytes
",""
"Property:src/app/python_runtime/klogg/client.py:SendEvent.text","text","src/app/python_runtime/klogg/client.py",68,68,"    file_path: str
    port_name: str
    text: str
    raw_bytes: bytes
    hex_string: str
",""
"Property:src/app/python_runtime/klogg/client.py:SendEvent.raw_bytes","raw_bytes","src/app/python_runtime/klogg/client.py",69,69,"    port_name: str
    text: str
    raw_bytes: bytes
    hex_string: str
    timestamp: str
",""
"Property:src/app/python_runtime/klogg/client.py:SendEvent.hex_string","hex_string","src/app/python_runtime/klogg/client.py",70,70,"    text: str
    raw_bytes: bytes
    hex_string: str
    timestamp: str
    display_name: str = """"
",""
"Property:src/app/python_runtime/klogg/client.py:SendEvent.timestamp","timestamp","src/app/python_runtime/klogg/client.py",71,71,"    raw_bytes: bytes
    hex_string: str
    timestamp: str
    display_name: str = """"
    window_id: str = """"
",""
"Property:src/app/python_runtime/klogg/client.py:SendEvent.display_name","display_name","src/app/python_runtime/klogg/client.py",72,72,"    hex_string: str
    timestamp: str
    display_name: str = """"
    window_id: str = """"

",""
"Property:src/app/python_runtime/klogg/client.py:SendEvent.window_id","window_id","src/app/python_runtime/klogg/client.py",73,73,"    timestamp: str
    display_name: str = """"
    window_id: str = """"


",""
"Property:src/app/python_runtime/klogg/client.py:ActionSendEvent.tab_id","tab_id","src/app/python_runtime/klogg/client.py",78,78,"@dataclass
class ActionSendEvent:
    tab_id: str
    window_index: int
    tab_index: int
",""
"Property:src/app/python_runtime/klogg/client.py:ActionSendEvent.window_index","window_index","src/app/python_runtime/klogg/client.py",79,79,"class ActionSendEvent:
    tab_id: str
    window_index: int
    tab_index: int
    file_path: str
",""
"Property:src/app/python_runtime/klogg/client.py:ActionSendEvent.tab_index","tab_index","src/app/python_runtime/klogg/client.py",80,80,"    tab_id: str
    window_index: int
    tab_index: int
    file_path: str
    port_name: str
",""
"Property:src/app/python_runtime/klogg/client.py:ActionSendEvent.file_path","file_path","src/app/python_runtime/klogg/client.py",81,81,"    window_index: int
    tab_index: int
    file_path: str
    port_name: str
    text: str
",""
"Property:src/app/python_runtime/klogg/client.py:ActionSendEvent.port_name","port_name","src/app/python_runtime/klogg/client.py",82,82,"    tab_index: int
    file_path: str
    port_name: str
    text: str
    raw_bytes: bytes
",""
"Property:src/app/python_runtime/klogg/client.py:ActionSendEvent.text","text","src/app/python_runtime/klogg/client.py",83,83,"    file_path: str
    port_name: str
    text: str
    raw_bytes: bytes
    hex_string: str
",""
"Property:src/app/python_runtime/klogg/client.py:ActionSendEvent.raw_bytes","raw_bytes","src/app/python_runtime/klogg/client.py",84,84,"    port_name: str
    text: str
    raw_bytes: bytes
    hex_string: str
    timestamp: str
",""
"Property:src/app/python_runtime/klogg/client.py:ActionSendEvent.hex_string","hex_string","src/app/python_runtime/klogg/client.py",85,85,"    text: str
    raw_bytes: bytes
    hex_string: str
    timestamp: str
    action_id: int
",""
"Property:src/app/python_runtime/klogg/client.py:ActionSendEvent.timestamp","timestamp","src/app/python_runtime/klogg/client.py",86,86,"    raw_bytes: bytes
    hex_string: str
    timestamp: str
    action_id: int
    action_name: str
",""
"Property:src/app/python_runtime/klogg/client.py:ActionSendEvent.action_id","action_id","src/app/python_runtime/klogg/client.py",87,87,"    hex_string: str
    timestamp: str
    action_id: int
    action_name: str
    step_index: int = -1
",""
"Property:src/app/python_runtime/klogg/client.py:ActionSendEvent.action_name","action_name","src/app/python_runtime/klogg/client.py",88,88,"    timestamp: str
    action_id: int
    action_name: str
    step_index: int = -1
    display_name: str = """"
",""
"Property:src/app/python_runtime/klogg/client.py:ActionSendEvent.step_index","step_index","src/app/python_runtime/klogg/client.py",89,89,"    action_id: int
    action_name: str
    step_index: int = -1
    display_name: str = """"
    window_id: str = """"
",""
"Property:src/app/python_runtime/klogg/client.py:ActionSendEvent.display_name","display_name","src/app/python_runtime/klogg/client.py",90,90,"    action_name: str
    step_index: int = -1
    display_name: str = """"
    window_id: str = """"

",""
"Property:src/app/python_runtime/klogg/client.py:ActionSendEvent.window_id","window_id","src/app/python_runtime/klogg/client.py",91,91,"    step_index: int = -1
    display_name: str = """"
    window_id: str = """"


",""
"Property:src/app/python_runtime/klogg/client.py:TabLifecycleEvent.tab_id","tab_id","src/app/python_runtime/klogg/client.py",96,96,"@dataclass
class TabLifecycleEvent:
    tab_id: str
    window_index: int
    tab_index: int
",""
"Property:src/app/python_runtime/klogg/client.py:TabLifecycleEvent.window_index","window_index","src/app/python_runtime/klogg/client.py",97,97,"class TabLifecycleEvent:
    tab_id: str
    window_index: int
    tab_index: int
    file_path: str
",""
"Property:src/app/python_runtime/klogg/client.py:TabLifecycleEvent.tab_index","tab_index","src/app/python_runtime/klogg/client.py",98,98,"    tab_id: str
    window_index: int
    tab_index: int
    file_path: str
    display_name: str
",""
"Property:src/app/python_runtime/klogg/client.py:TabLifecycleEvent.file_path","file_path","src/app/python_runtime/klogg/client.py",99,99,"    window_index: int
    tab_index: int
    file_path: str
    display_name: str
    window_id: str
",""
"Property:src/app/python_runtime/klogg/client.py:TabLifecycleEvent.display_name","display_name","src/app/python_runtime/klogg/client.py",100,100,"    tab_index: int
    file_path: str
    display_name: str
    window_id: str
    source_type: str
",""
"Property:src/app/python_runtime/klogg/client.py:TabLifecycleEvent.window_id","window_id","src/app/python_runtime/klogg/client.py",101,101,"    file_path: str
    display_name: str
    window_id: str
    source_type: str
    port_name: str
",""
"Property:src/app/python_runtime/klogg/client.py:TabLifecycleEvent.source_type","source_type","src/app/python_runtime/klogg/client.py",102,102,"    display_name: str
    window_id: str
    source_type: str
    port_name: str
    timestamp: str
",""
"Property:src/app/python_runtime/klogg/client.py:TabLifecycleEvent.port_name","port_name","src/app/python_runtime/klogg/client.py",103,103,"    window_id: str
    source_type: str
    port_name: str
    timestamp: str
    event_type: str
",""
"Property:src/app/python_runtime/klogg/client.py:TabLifecycleEvent.timestamp","timestamp","src/app/python_runtime/klogg/client.py",104,104,"    source_type: str
    port_name: str
    timestamp: str
    event_type: str

",""
"Property:src/app/python_runtime/klogg/client.py:TabLifecycleEvent.event_type","event_type","src/app/python_runtime/klogg/client.py",105,105,"    port_name: str
    timestamp: str
    event_type: str


",""
"Property:src/app/python_runtime/klogg/client.py:CommLifecycleEvent.tab_id","tab_id","src/app/python_runtime/klogg/client.py",110,110,"@dataclass
class CommLifecycleEvent:
    tab_id: str
    window_index: int
    tab_index: int
",""
"Property:src/app/python_runtime/klogg/client.py:CommLifecycleEvent.window_index","window_index","src/app/python_runtime/klogg/client.py",111,111,"class CommLifecycleEvent:
    tab_id: str
    window_index: int
    tab_index: int
    file_path: str
",""
"Property:src/app/python_runtime/klogg/client.py:CommLifecycleEvent.tab_index","tab_index","src/app/python_runtime/klogg/client.py",112,112,"    tab_id: str
    window_index: int
    tab_index: int
    file_path: str
    display_name: str
",""
"Property:src/app/python_runtime/klogg/client.py:CommLifecycleEvent.file_path","file_path","src/app/python_runtime/klogg/client.py",113,113,"    window_index: int
    tab_index: int
    file_path: str
    display_name: str
    window_id: str
",""
"Property:src/app/python_runtime/klogg/client.py:CommLifecycleEvent.display_name","display_name","src/app/python_runtime/klogg/client.py",114,114,"    tab_index: int
    file_path: str
    display_name: str
    window_id: str
    source_type: str
",""
"Property:src/app/python_runtime/klogg/client.py:CommLifecycleEvent.window_id","window_id","src/app/python_runtime/klogg/client.py",115,115,"    file_path: str
    display_name: str
    window_id: str
    source_type: str
    port_name: str
",""
"Property:src/app/python_runtime/klogg/client.py:CommLifecycleEvent.source_type","source_type","src/app/python_runtime/klogg/client.py",116,116,"    display_name: str
    window_id: str
    source_type: str
    port_name: str
    timestamp: str
",""
"Property:src/app/python_runtime/klogg/client.py:CommLifecycleEvent.port_name","port_name","src/app/python_runtime/klogg/client.py",117,117,"    window_id: str
    source_type: str
    port_name: str
    timestamp: str
    event_type: str
",""
"Property:src/app/python_runtime/klogg/client.py:CommLifecycleEvent.timestamp","timestamp","src/app/python_runtime/klogg/client.py",118,118,"    source_type: str
    port_name: str
    timestamp: str
    event_type: str

",""
"Property:src/app/python_runtime/klogg/client.py:CommLifecycleEvent.event_type","event_type","src/app/python_runtime/klogg/client.py",119,119,"    port_name: str
    timestamp: str
    event_type: str


",""
"Property:src/app/python_runtime/klogg/client.py:_RpcClient.timer_handler","timer_handler","src/app/python_runtime/klogg/client.py",403,403,"        try:
            while not self._local_stop_requested:
                timer_handler: Optional[Callable[[], Any]] = None
                event: Optional[Dict[str, Any]] = None
                with self._event_condition:
",""
"Property:src/app/python_runtime/klogg/client.py:_RpcClient.event","event","src/app/python_runtime/klogg/client.py",404,404,"            while not self._local_stop_requested:
                timer_handler: Optional[Callable[[], Any]] = None
                event: Optional[Dict[str, Any]] = None
                with self._event_condition:
                    while not self._event_queue and not self._closed and not self._local_stop_requested:
",""
"Property:src/app/python_runtime/klogg/client.py:_CLIENT","_CLIENT","src/app/python_runtime/klogg/client.py",622,622,"

_CLIENT: Optional[_RpcClient] = None


",""
"Property:src/app/python_runtime/klogg/client.py:TabRef.request","request","src/app/python_runtime/klogg/client.py",692,692,"    def wait_response(self, *, response_id: Optional[int] = None, name: Optional[str] = None,
                      timeout_ms: int = 1000) -> Dict[str, Any]:
        request: Dict[str, Any] = {""timeoutMs"": int(timeout_ms)}
        if response_id is not None:
            request[""entityId""] = int(response_id)
",""
"Property:src/app/python_runtime/klogg/client.py:TabRef.payload","payload","src/app/python_runtime/klogg/client.py",719,719,"    def get_response_counter(self, *, response_id: Optional[int] = None,
                             name: Optional[str] = None, all: bool = False) -> Dict[str, Any]:
        payload: Dict[str, Any] = {}
        if response_id is not None:
            payload[""entityId""] = int(response_id)
",""
"Property:src/app/python_runtime/klogg/client.py:Application.result","result","src/app/python_runtime/klogg/client.py",807,807,"
    def tabs(self) -> List[TabRef]:
        result: List[TabRef] = []
        info = self.get_info()
        for window in info.get(""windows"", []):
",""
"Property:src/app/python_runtime/klogg/client.py:Application.selector","selector","src/app/python_runtime/klogg/client.py",892,892,"        port_name: Optional[str] = None
    ) -> None:
        selector: Dict[str, Any] = {}
        if tab_id:
            selector[""tabId""] = tab_id
",""
