from,to,type,confidence,reason,step
"Method:src/ui/src/abstractlogview.cpp:updateData#0","proc_0_updatedata","STEP_IN_PROCESS",1,"trace-detection",1
"Method:src/ui/src/abstractlogview.cpp:updateScrollBars#0","proc_0_updatedata","STEP_IN_PROCESS",1,"trace-detection",2
"Method:src/ui/src/abstractlogview.cpp:getNbBottomWrappedVisibleLines#0","proc_0_updatedata","STEP_IN_PROCESS",1,"trace-detection",3
"Method:src/ui/src/abstractlogview.cpp:visualRowsForRange#2","proc_0_updatedata","STEP_IN_PROCESS",1,"trace-detection",4
"Method:src/ui/src/abstractlogview.cpp:visualRowsForLine#1","proc_0_updatedata","STEP_IN_PROCESS",1,"trace-detection",5
"Method:src/ui/src/abstractlogview.cpp:getNbVisibleCols#0","proc_0_updatedata","STEP_IN_PROCESS",1,"trace-detection",6
"Method:src/ui/include/overview.h:Overview.isVisible#0","proc_0_updatedata","STEP_IN_PROCESS",1,"trace-detection",7
"Method:src/ui/src/quickfindmux.cpp:registerSelector#1","proc_1_registerselector","STEP_IN_PROCESS",1,"trace-detection",1
"Method:src/ui/src/quickfindmux.cpp:registerSearchable#1","proc_1_registerselector","STEP_IN_PROCESS",1,"trace-detection",2
"Method:src/ui/src/quickfindmux.cpp:searchNext#0","proc_1_registerselector","STEP_IN_PROCESS",1,"trace-detection",3
"Method:src/ui/src/quickfindmux.cpp:searchForward#0","proc_1_registerselector","STEP_IN_PROCESS",1,"trace-detection",4
"Method:src/ui/src/quickfindmux.cpp:getSearchableWidget#0","proc_1_registerselector","STEP_IN_PROCESS",1,"trace-detection",5
"Method:src/ui/include/quickfindmux.h:QuickFindMuxSelectorInterface.getActiveSearchable#0","proc_1_registerselector","STEP_IN_PROCESS",1,"trace-detection",6
"Method:src/ui/include/quickfindmux.h:QuickFindMuxSelectorInterface.doGetActiveSearchable#0","proc_1_registerselector","STEP_IN_PROCESS",1,"trace-detection",7
"Method:src/ui/src/abstractlogview.cpp:updateData#0","proc_2_updatedata","STEP_IN_PROCESS",1,"trace-detection",1
"Method:src/ui/src/abstractlogview.cpp:updateScrollBars#0","proc_2_updatedata","STEP_IN_PROCESS",1,"trace-detection",2
"Method:src/ui/src/abstractlogview.cpp:getNbBottomWrappedVisibleLines#0","proc_2_updatedata","STEP_IN_PROCESS",1,"trace-detection",3
"Method:src/ui/src/abstractlogview.cpp:visualRowsForRange#2","proc_2_updatedata","STEP_IN_PROCESS",1,"trace-detection",4
"Method:src/ui/src/abstractlogview.cpp:visualRowsForLine#1","proc_2_updatedata","STEP_IN_PROCESS",1,"trace-detection",5
"Method:src/ui/src/abstractlogview.cpp:updateData#0","proc_3_updatedata","STEP_IN_PROCESS",1,"trace-detection",1
"Method:src/ui/src/abstractlogview.cpp:updateScrollBars#0","proc_3_updatedata","STEP_IN_PROCESS",1,"trace-detection",2
"Method:src/ui/src/abstractlogview.cpp:getNbBottomWrappedVisibleLines#0","proc_3_updatedata","STEP_IN_PROCESS",1,"trace-detection",3
"Method:src/ui/src/abstractlogview.cpp:visualRowsForRange#2","proc_3_updatedata","STEP_IN_PROCESS",1,"trace-detection",4
"Method:src/ui/src/abstractlogview.cpp:visualRowsForLine#1","proc_3_updatedata","STEP_IN_PROCESS",1,"trace-detection",5
"Method:src/ui/include/wrappedstring.h:WrappedString.wrappedLinesCount#0","proc_3_updatedata","STEP_IN_PROCESS",1,"trace-detection",6
"Method:src/ui/src/predefinedfilterscombobox.cpp:PredefinedFiltersComboBox#1","proc_4_predefinedfilterscom","STEP_IN_PROCESS",1,"trace-detection",1
"Method:src/ui/src/predefinedfilterscombobox.cpp:populatePredefinedFilters#0","proc_4_predefinedfilterscom","STEP_IN_PROCESS",1,"trace-detection",2
"Method:src/ui/src/predefinedfilterscombobox.cpp:insertFilters#1","proc_4_predefinedfilterscom","STEP_IN_PROCESS",1,"trace-detection",3
"Method:src/ui/include/viewinterface.h:ViewInterface.setData#2","proc_4_predefinedfilterscom","STEP_IN_PROCESS",1,"trace-detection",4
"Method:src/ui/include/viewinterface.h:ViewInterface.doSetData#2","proc_4_predefinedfilterscom","STEP_IN_PROCESS",1,"trace-detection",5
"Method:src/ui/src/previewmessagetab.cpp:PreviewMessageTab#4","proc_5_previewmessagetab","STEP_IN_PROCESS",1,"trace-detection",1
"Method:src/ui/src/previewmessagetab.cpp:refreshPreviewList#0","proc_5_previewmessagetab","STEP_IN_PROCESS",1,"trace-detection",2
"Method:src/ui/src/previewmessagetab.cpp:handlePreviewSelectionChanged#1","proc_5_previewmessagetab","STEP_IN_PROCESS",1,"trace-detection",3
"Method:src/ui/src/previewmessagetab.cpp:applyAutoDetection#0","proc_5_previewmessagetab","STEP_IN_PROCESS",1,"trace-detection",4
"Method:src/ui/include/previewmanager.h:PreviewManager.all#0","proc_5_previewmessagetab","STEP_IN_PROCESS",1,"trace-detection",5
"Method:src/ui/src/previewmessagetab.cpp:PreviewMessageTab#4","proc_6_previewmessagetab","STEP_IN_PROCESS",1,"trace-detection",1
"Method:src/ui/src/previewmessagetab.cpp:refreshPreviewList#0","proc_6_previewmessagetab","STEP_IN_PROCESS",1,"trace-detection",2
"Method:src/ui/src/previewmessagetab.cpp:handlePreviewSelectionChanged#1","proc_6_previewmessagetab","STEP_IN_PROCESS",1,"trace-detection",3
"Method:src/ui/src/previewmessagetab.cpp:applyAutoDetection#0","proc_6_previewmessagetab","STEP_IN_PROCESS",1,"trace-detection",4
"Method:src/ui/src/previewmessagetab.cpp:showMessage#1","proc_6_previewmessagetab","STEP_IN_PROCESS",1,"trace-detection",5
"Method:src/ui/src/previewmessagetab.cpp:PreviewMessageTab#4","proc_7_previewmessagetab","STEP_IN_PROCESS",1,"trace-detection",1
"Method:src/ui/src/previewmessagetab.cpp:refreshPreviewList#0","proc_7_previewmessagetab","STEP_IN_PROCESS",1,"trace-detection",2
"Method:src/ui/src/previewmessagetab.cpp:handlePreviewSelectionChanged#1","proc_7_previewmessagetab","STEP_IN_PROCESS",1,"trace-detection",3
"Method:src/ui/src/previewmessagetab.cpp:applyAutoDetection#0","proc_7_previewmessagetab","STEP_IN_PROCESS",1,"trace-detection",4
"Method:src/ui/include/previewmanager.h:PreviewManager.findFirstMatchingEnabledPreview#1","proc_7_previewmessagetab","STEP_IN_PROCESS",1,"trace-detection",5
"Method:src/ui/src/previewmessagetab.cpp:PreviewMessageTab#4","proc_8_previewmessagetab","STEP_IN_PROCESS",1,"trace-detection",1
"Method:src/ui/src/previewmessagetab.cpp:refreshPreviewList#0","proc_8_previewmessagetab","STEP_IN_PROCESS",1,"trace-detection",2
"Method:src/ui/src/previewmessagetab.cpp:handlePreviewSelectionChanged#1","proc_8_previewmessagetab","STEP_IN_PROCESS",1,"trace-detection",3
"Method:src/ui/src/previewmessagetab.cpp:renderPreview#1","proc_8_previewmessagetab","STEP_IN_PROCESS",1,"trace-detection",4
"Method:src/ui/include/previewmanager.h:PreviewManager.findByName#1","proc_8_previewmessagetab","STEP_IN_PROCESS",1,"trace-detection",5
"Method:src/ui/src/tabbedcrawlerwidget.cpp:remapStreamSessionPath#2","proc_9_remapstreamsessionpa","STEP_IN_PROCESS",1,"trace-detection",1
"Method:src/ui/src/tabbedcrawlerwidget.cpp:setTabConnectionState#3","proc_9_remapstreamsessionpa","STEP_IN_PROCESS",1,"trace-detection",2
"Method:src/ui/src/tabbedcrawlerwidget.cpp:updateTabPresentation#1","proc_9_remapstreamsessionpa","STEP_IN_PROCESS",1,"trace-detection",3
"Method:src/settings/include/persistable.h:Persistable.getSynced#0","proc_9_remapstreamsessionpa","STEP_IN_PROCESS",1,"trace-detection",4
"Method:src/settings/include/persistable.h:Persistable.getPersistable#1","proc_9_remapstreamsessionpa","STEP_IN_PROCESS",1,"trace-detection",5
"Method:src/ui/src/tabbedcrawlerwidget.cpp:remapStreamSessionPath#2","proc_10_remapstreamsessionpa","STEP_IN_PROCESS",1,"trace-detection",1
"Method:src/ui/src/tabbedcrawlerwidget.cpp:setTabConnectionState#3","proc_10_remapstreamsessionpa","STEP_IN_PROCESS",1,"trace-detection",2
"Method:src/ui/src/tabbedcrawlerwidget.cpp:updateTabPresentation#1","proc_10_remapstreamsessionpa","STEP_IN_PROCESS",1,"trace-detection",3
"Method:src/settings/include/persistable.h:Persistable.getSynced#0","proc_10_remapstreamsessionpa","STEP_IN_PROCESS",1,"trace-detection",4
"Method:src/settings/include/persistable.h:Persistable.retrieve#0","proc_10_remapstreamsessionpa","STEP_IN_PROCESS",1,"trace-detection",5
"Method:src/ui/src/mainwindow.cpp:commanderGetCommStatus#1","proc_13_commandergetcommstat","STEP_IN_PROCESS",1,"trace-detection",1
"Method:src/ui/src/mainwindow.cpp:commanderTargetStreamSession#2","proc_13_commandergetcommstat","STEP_IN_PROCESS",1,"trace-detection",2
"Method:src/ui/src/mainwindow.cpp:commanderTargetCrawler#1","proc_13_commandergetcommstat","STEP_IN_PROCESS",1,"trace-detection",3
"Method:src/ui/src/mainwindow.cpp:crawlerWidgetByTabId#1","proc_13_commandergetcommstat","STEP_IN_PROCESS",1,"trace-detection",4
"Method:src/ui/include/tabbedcrawlerwidget.h:TabbedCrawlerWidget.findTabById#1","proc_13_commandergetcommstat","STEP_IN_PROCESS",1,"trace-detection",5
"Method:src/ui/src/mainwindow.cpp:commanderGetCommStatus#1","proc_14_commandergetcommstat","STEP_IN_PROCESS",1,"trace-detection",1
"Method:src/ui/src/mainwindow.cpp:commanderTargetStreamSession#2","proc_14_commandergetcommstat","STEP_IN_PROCESS",1,"trace-detection",2
"Method:src/ui/src/mainwindow.cpp:commanderTargetCrawler#1","proc_14_commandergetcommstat","STEP_IN_PROCESS",1,"trace-detection",3
"Method:src/ui/src/mainwindow.cpp:crawlerWidgetByTabId#1","proc_14_commandergetcommstat","STEP_IN_PROCESS",1,"trace-detection",4
"Method:src/ui/src/mainwindow.cpp:crawlerWidgetByIndex#1","proc_14_commandergetcommstat","STEP_IN_PROCESS",1,"trace-detection",5
"Method:src/ui/src/abstractlogview.cpp:selectPortionAndDisplayLine#4","proc_15_selectportionanddisp","STEP_IN_PROCESS",1,"trace-detection",1
"Method:src/ui/src/abstractlogview.cpp:displayLine#1","proc_15_selectportionanddisp","STEP_IN_PROCESS",1,"trace-detection",2
"Method:src/ui/src/abstractlogview.cpp:jumpToLine#1","proc_15_selectportionanddisp","STEP_IN_PROCESS",1,"trace-detection",3
"Method:src/ui/src/abstractlogview.cpp:getNbVisibleLines#0","proc_15_selectportionanddisp","STEP_IN_PROCESS",1,"trace-detection",4
"Method:src/ui/src/abstractlogview.cpp:selectPortionAndDisplayLine#4","proc_16_selectportionanddisp","STEP_IN_PROCESS",1,"trace-detection",1
"Method:src/ui/src/abstractlogview.cpp:displayLine#1","proc_16_selectportionanddisp","STEP_IN_PROCESS",1,"trace-detection",2
"Method:src/ui/src/abstractlogview.cpp:jumpToLine#1","proc_16_selectportionanddisp","STEP_IN_PROCESS",1,"trace-detection",3
"Method:src/ui/src/abstractlogview.cpp:lineNumberToVerticalScroll#1","proc_16_selectportionanddisp","STEP_IN_PROCESS",1,"trace-detection",4
"Method:src/ui/src/abstractlogview.cpp:verticalScrollMultiplicator#0","proc_16_selectportionanddisp","STEP_IN_PROCESS",1,"trace-detection",5
"Method:src/ui/src/mainwindow.cpp:executeCommanderRequest#1","proc_17_executecommanderrequ","STEP_IN_PROCESS",1,"trace-detection",1
"Method:src/ui/src/mainwindow.cpp:loadFile#2","proc_17_executecommanderrequ","STEP_IN_PROCESS",1,"trace-detection",2
"Method:src/settings/include/persistable.h:Persistable.getSynced#0","proc_17_executecommanderrequ","STEP_IN_PROCESS",1,"trace-detection",3
"Method:src/settings/include/persistable.h:Persistable.getPersistable#1","proc_17_executecommanderrequ","STEP_IN_PROCESS",1,"trace-detection",4
"Method:src/ui/src/mainwindow.cpp:executeCommanderRequest#1","proc_18_executecommanderrequ","STEP_IN_PROCESS",1,"trace-detection",1
"Method:src/ui/src/mainwindow.cpp:loadFile#2","proc_18_executecommanderrequ","STEP_IN_PROCESS",1,"trace-detection",2
"Method:src/settings/include/persistable.h:Persistable.getSynced#0","proc_18_executecommanderrequ","STEP_IN_PROCESS",1,"trace-detection",3
"Method:src/settings/include/persistable.h:Persistable.retrieve#0","proc_18_executecommanderrequ","STEP_IN_PROCESS",1,"trace-detection",4
"Method:src/ui/src/mainwindow.cpp:executeCommanderRequest#1","proc_19_executecommanderrequ","STEP_IN_PROCESS",1,"trace-detection",1
"Method:src/ui/src/mainwindow.cpp:openRemoteFile#3","proc_19_executecommanderrequ","STEP_IN_PROCESS",1,"trace-detection",2
"Method:src/ui/src/mainwindow.cpp:open#0","proc_19_executecommanderrequ","STEP_IN_PROCESS",1,"trace-detection",3
"Method:src/ui/src/mainwindow.cpp:currentCrawlerWidget#0","proc_19_executecommanderrequ","STEP_IN_PROCESS",1,"trace-detection",4
"Method:src/ui/src/mainwindow.cpp:MainWindow#1","proc_20_mainwindow","STEP_IN_PROCESS",1,"trace-detection",1
"Method:src/ui/src/mainwindow.cpp:createActions#0","proc_20_mainwindow","STEP_IN_PROCESS",1,"trace-detection",2
"Method:src/ui/src/mainwindow.cpp:open#0","proc_20_mainwindow","STEP_IN_PROCESS",1,"trace-detection",3
"Method:src/ui/src/mainwindow.cpp:currentCrawlerWidget#0","proc_20_mainwindow","STEP_IN_PROCESS",1,"trace-detection",4
"Method:src/ui/src/scratchpad.cpp:ScratchPad#1","proc_21_scratchpad","STEP_IN_PROCESS",1,"trace-detection",1
"Method:src/ui/src/scratchpad.cpp:decodeBase64#0","proc_21_scratchpad","STEP_IN_PROCESS",1,"trace-detection",2
"Method:src/ui/src/scratchpad.cpp:transformTextInPlace#1","proc_21_scratchpad","STEP_IN_PROCESS",1,"trace-detection",3
"Method:src/ui/src/abstractlogview.cpp:AbstractLogView#3","proc_22_abstractlogview","STEP_IN_PROCESS",1,"trace-detection",1
"Method:src/ui/src/abstractlogview.cpp:createMenu#0","proc_22_abstractlogview","STEP_IN_PROCESS",1,"trace-detection",2
"Method:src/ui/src/abstractlogview.cpp:copy#0","proc_22_abstractlogview","STEP_IN_PROCESS",1,"trace-detection",3
"Method:src/ui/src/abstractlogview.cpp:AbstractLogView#3","proc_23_abstractlogview","STEP_IN_PROCESS",1,"trace-detection",1
"Method:src/ui/src/abstractlogview.cpp:createMenu#0","proc_23_abstractlogview","STEP_IN_PROCESS",1,"trace-detection",2
"Method:src/ui/src/abstractlogview.cpp:markSelected#0","proc_23_abstractlogview","STEP_IN_PROCESS",1,"trace-detection",3
"Method:src/ui/src/abstractlogview.cpp:LineDrawer.empty#0","proc_23_abstractlogview","STEP_IN_PROCESS",1,"trace-detection",4
"Method:src/ui/src/optionsdialog.cpp:updateDialogFromConfig#0","proc_24_updatedialogfromconf","STEP_IN_PROCESS",1,"trace-detection",1
"Method:src/ui/src/optionsdialog.cpp:updateFontSize#1","proc_24_updatedialogfromconf","STEP_IN_PROCESS",1,"trace-detection",2
"Method:src/ui/include/fontutils.h:FontUtils.availableFontSizes#1","proc_24_updatedialogfromconf","STEP_IN_PROCESS",1,"trace-detection",3
"Method:src/ui/src/abstractlogview.cpp:LineChunk.end#0","proc_24_updatedialogfromconf","STEP_IN_PROCESS",1,"trace-detection",4
"Method:src/app/scenarioheadlessrunner.cpp:run#1","proc_25_run","STEP_IN_PROCESS",1,"trace-detection",1
"Method:src/app/scenarioheadlessrunner.cpp:run#1","proc_26_run","STEP_IN_PROCESS",1,"trace-detection",1
"Method:src/app/scenarioheadlessrunner.cpp:run#1","proc_27_run","STEP_IN_PROCESS",1,"trace-detection",1
"Method:src/ui/src/mainwindow.cpp:startNewStreamFileForTab#1","proc_28_startnewstreamfilefo","STEP_IN_PROCESS",1,"trace-detection",1
"Method:src/ui/src/mainwindow.cpp:open#0","proc_28_startnewstreamfilefo","STEP_IN_PROCESS",1,"trace-detection",3
"Method:src/ui/src/mainwindow.cpp:currentCrawlerWidget#0","proc_28_startnewstreamfilefo","STEP_IN_PROCESS",1,"trace-detection",4
"Method:src/ui/src/predefinedfiltersdialog.cpp:PredefinedFiltersDialog#1","proc_29_predefinedfiltersdia","STEP_IN_PROCESS",1,"trace-detection",1
"Method:src/ui/src/predefinedfiltersdialog.cpp:populateFiltersTable#1","proc_29_predefinedfiltersdia","STEP_IN_PROCESS",1,"trace-detection",2
"Method:src/ui/include/viewinterface.h:ViewInterface.setData#2","proc_29_predefinedfiltersdia","STEP_IN_PROCESS",1,"trace-detection",3
"Method:src/ui/include/viewinterface.h:ViewInterface.doSetData#2","proc_29_predefinedfiltersdia","STEP_IN_PROCESS",1,"trace-detection",4
"Method:src/ui/src/predefinedfiltersdialog.cpp:PredefinedFiltersDialog#1","proc_30_predefinedfiltersdia","STEP_IN_PROCESS",1,"trace-detection",1
"Method:src/ui/src/predefinedfiltersdialog.cpp:populateFiltersTable#1","proc_30_predefinedfiltersdia","STEP_IN_PROCESS",1,"trace-detection",2
"Method:src/ui/src/predefinedfiltersdialog.cpp:updateButtons#0","proc_30_predefinedfiltersdia","STEP_IN_PROCESS",1,"trace-detection",3
"Method:src/ui/src/predefinedfiltersdialog.cpp:updateUpDownButtons#1","proc_30_predefinedfiltersdia","STEP_IN_PROCESS",1,"trace-detection",4
"Method:src/ui/src/mainwindow.cpp:reloadSession#0","proc_31_reloadsession","STEP_IN_PROCESS",1,"trace-detection",1
"Method:src/ui/src/mainwindow.cpp:publishScriptLifecycleEvent#2","proc_31_reloadsession","STEP_IN_PROCESS",1,"trace-detection",2
"Method:src/ui/src/mainwindow.cpp:scriptEventContextForFile#1","proc_31_reloadsession","STEP_IN_PROCESS",1,"trace-detection",3
"Method:src/ui/include/tabbedcrawlerwidget.h:TabbedCrawlerWidget.tabIdAt#1","proc_31_reloadsession","STEP_IN_PROCESS",1,"trace-detection",4
"Method:src/ui/src/mainwindow.cpp:reloadSession#0","proc_32_reloadsession","STEP_IN_PROCESS",1,"trace-detection",1
"Method:src/ui/src/mainwindow.cpp:publishScriptLifecycleEvent#2","proc_32_reloadsession","STEP_IN_PROCESS",1,"trace-detection",2
"Method:src/ui/src/mainwindow.cpp:scriptEventContextForFile#1","proc_32_reloadsession","STEP_IN_PROCESS",1,"trace-detection",3
"Method:src/ui/include/session.h:WindowSession.windowId#0","proc_32_reloadsession","STEP_IN_PROCESS",1,"trace-detection",4
"Method:src/ui/src/mainwindow.cpp:reloadSession#0","proc_33_reloadsession","STEP_IN_PROCESS",1,"trace-detection",1
"Method:src/ui/src/mainwindow.cpp:publishScriptLifecycleEvent#2","proc_33_reloadsession","STEP_IN_PROCESS",1,"trace-detection",2
"Method:src/ui/src/mainwindow.cpp:scriptEventContextForFile#1","proc_33_reloadsession","STEP_IN_PROCESS",1,"trace-detection",3
"Method:src/ui/include/session.h:WindowSession.windowIndex#0","proc_33_reloadsession","STEP_IN_PROCESS",1,"trace-detection",4
"Method:src/ui/src/mainwindow.cpp:reloadSession#0","proc_34_reloadsession","STEP_IN_PROCESS",1,"trace-detection",1
"Method:src/ui/src/mainwindow.cpp:publishScriptLifecycleEvent#2","proc_34_reloadsession","STEP_IN_PROCESS",1,"trace-detection",2
"Method:src/ui/src/mainwindow.cpp:scriptEventContextForFile#1","proc_34_reloadsession","STEP_IN_PROCESS",1,"trace-detection",3
"Method:src/ui/include/tabbedcrawlerwidget.h:TabbedCrawlerWidget.tabDisplayNameAt#1","proc_34_reloadsession","STEP_IN_PROCESS",1,"trace-detection",4
"Method:src/ui/src/mainwindow.cpp:reloadSession#0","proc_35_reloadsession","STEP_IN_PROCESS",1,"trace-detection",1
"Method:src/ui/src/mainwindow.cpp:publishScriptLifecycleEvent#2","proc_35_reloadsession","STEP_IN_PROCESS",1,"trace-detection",2
"Method:src/ui/src/mainwindow.cpp:publishScriptEvent#1","proc_35_reloadsession","STEP_IN_PROCESS",1,"trace-detection",3
"Method:src/ui/src/crawlerwidget.cpp:loadingFinishedHandler#1","proc_36_loadingfinishedhandl","STEP_IN_PROCESS",1,"trace-detection",1
"Method:src/ui/src/crawlerwidget.cpp:restorePendingSearchExpression#1","proc_36_loadingfinishedhandl","STEP_IN_PROCESS",1,"trace-detection",2
"Method:src/ui/src/crawlerwidget.cpp:replaceCurrentSearch#3","proc_36_loadingfinishedhandl","STEP_IN_PROCESS",1,"trace-detection",3
"Method:src/ui/src/crawlerwidget.cpp:loadingFinishedHandler#1","proc_37_loadingfinishedhandl","STEP_IN_PROCESS",1,"trace-detection",1
"Method:src/ui/src/crawlerwidget.cpp:restorePendingSearchExpression#1","proc_37_loadingfinishedhandl","STEP_IN_PROCESS",1,"trace-detection",2
"Method:src/ui/src/crawlerwidget.cpp:replaceCurrentSearch#3","proc_37_loadingfinishedhandl","STEP_IN_PROCESS",1,"trace-detection",3
"Method:src/ui/include/abstractlogview.h:DigitsBuffer.isEmpty#0","proc_37_loadingfinishedhandl","STEP_IN_PROCESS",1,"trace-detection",4
"Method:src/ui/src/crawlerwidget.cpp:loadingFinishedHandler#1","proc_38_loadingfinishedhandl","STEP_IN_PROCESS",1,"trace-detection",1
"Method:src/ui/src/crawlerwidget.cpp:restorePendingSearchExpression#1","proc_38_loadingfinishedhandl","STEP_IN_PROCESS",1,"trace-detection",2
"Method:src/ui/src/crawlerwidget.cpp:replaceCurrentSearch#3","proc_38_loadingfinishedhandl","STEP_IN_PROCESS",1,"trace-detection",3
"Method:src/logdata/include/logfiltereddata.h:LogFilteredData.clearSearch#1","proc_38_loadingfinishedhandl","STEP_IN_PROCESS",1,"trace-detection",4
"Method:src/ui/src/crawlerwidget.cpp:loadingFinishedHandler#1","proc_39_loadingfinishedhandl","STEP_IN_PROCESS",1,"trace-detection",1
"Method:src/ui/src/crawlerwidget.cpp:restorePendingSearchExpression#1","proc_39_loadingfinishedhandl","STEP_IN_PROCESS",1,"trace-detection",2
"Method:src/ui/src/crawlerwidget.cpp:replaceCurrentSearch#3","proc_39_loadingfinishedhandl","STEP_IN_PROCESS",1,"trace-detection",3
"Method:src/ui/include/abstractlogview.h:AbstractLogView.updateData#0","proc_39_loadingfinishedhandl","STEP_IN_PROCESS",1,"trace-detection",4
"Method:src/logdata/src/logdataworker.cpp:run#0","proc_40_run","STEP_IN_PROCESS",1,"trace-detection",1
"Method:src/logdata/src/logdataworker.cpp:doIndex#1","proc_40_run","STEP_IN_PROCESS",1,"trace-detection",2
"Method:src/logdata/src/logdataworker.cpp:clear#0","proc_40_run","STEP_IN_PROCESS",1,"trace-detection",3
"Method:src/settings/include/configuration.h:Configuration.useCompressedIndex#0","proc_40_run","STEP_IN_PROCESS",1,"trace-detection",4
"Method:src/logdata/src/logdataworker.cpp:run#0","proc_41_run","STEP_IN_PROCESS",1,"trace-detection",1
"Method:src/logdata/src/logdataworker.cpp:doIndex#1","proc_41_run","STEP_IN_PROCESS",1,"trace-detection",2
"Method:src/logdata/src/logdataworker.cpp:clear#0","proc_41_run","STEP_IN_PROCESS",1,"trace-detection",3
"Method:src/settings/include/configuration.h:Configuration.fastModificationDetection#0","proc_41_run","STEP_IN_PROCESS",1,"trace-detection",4
"Method:src/crash_handler/src/crashhandler.cpp:CrashHandler#0","proc_42_crashhandler","STEP_IN_PROCESS",1,"trace-detection",1
"Method:src/crash_handler/src/crashhandler.cpp:CrashHandler#0","proc_43_crashhandler","STEP_IN_PROCESS",1,"trace-detection",1
"Method:src/crash_handler/src/crashhandler.cpp:CrashHandler#0","proc_44_crashhandler","STEP_IN_PROCESS",1,"trace-detection",1
"Method:src/ui/include/viewtools.h:ElasticHook.release#0","proc_44_crashhandler","STEP_IN_PROCESS",1,"trace-detection",4
"Method:src/app/kloggapp.h:KloggApp.reloadSession#0","proc_45_reloadsession","STEP_IN_PROCESS",1,"trace-detection",1
"Method:src/app/kloggapp.h:KloggApp.newWindow#1","proc_45_reloadsession","STEP_IN_PROCESS",1,"trace-detection",2
"Method:src/app/kloggapp.h:KloggApp.applyStartupBootstrapGeometry#1","proc_45_reloadsession","STEP_IN_PROCESS",1,"trace-detection",3
"Method:src/ui/src/abstractlogview.cpp:paintEvent#1","proc_46_paintevent","STEP_IN_PROCESS",1,"trace-detection",1
"Method:src/ui/src/abstractlogview.cpp:drawTextArea#1","proc_46_paintevent","STEP_IN_PROCESS",1,"trace-detection",2
"Method:src/ui/src/abstractlogview.cpp:getNbVisibleCols#0","proc_46_paintevent","STEP_IN_PROCESS",1,"trace-detection",3
"Method:src/ui/include/overview.h:Overview.isVisible#0","proc_46_paintevent","STEP_IN_PROCESS",1,"trace-detection",4
"Method:src/regex/src/regularexpression.cpp:RegularExpression#1","proc_47_regularexpression","STEP_IN_PROCESS",1,"trace-detection",1
"Method:src/ui/include/wrappedstring.h:WrappedString.mid#2","proc_47_regularexpression","STEP_IN_PROCESS",1,"trace-detection",3
"Method:src/ui/include/highlightedmatch.h:HighlightedMatchRanges.front#0","proc_47_regularexpression","STEP_IN_PROCESS",1,"trace-detection",4
"Method:src/regex/src/regularexpression.cpp:RegularExpression#1","proc_48_regularexpression","STEP_IN_PROCESS",1,"trace-detection",1
"Method:src/ui/include/wrappedstring.h:WrappedString.mid#2","proc_48_regularexpression","STEP_IN_PROCESS",1,"trace-detection",3
"Method:src/ui/include/highlightedmatch.h:HighlightedMatchRanges.back#0","proc_48_regularexpression","STEP_IN_PROCESS",1,"trace-detection",4
"Method:src/ui/src/session.cpp:restore#2","proc_49_restore","STEP_IN_PROCESS",1,"trace-detection",1
"Method:src/ui/include/sessioninfo.h:SessionInfo.openFiles#1","proc_49_restore","STEP_IN_PROCESS",1,"trace-detection",2
"Method:src/ui/include/sessioninfo.h:SessionInfo.findWindow#1","proc_49_restore","STEP_IN_PROCESS",1,"trace-detection",3
"Method:src/ui/src/abstractlogview.cpp:LineChunk.end#0","proc_49_restore","STEP_IN_PROCESS",1,"trace-detection",4
"Method:src/ui/src/responseeditdialog.cpp:ResponseActionStepDialog.ResponseActionStepDialog#2","proc_50_responseactionstepdi","STEP_IN_PROCESS",1,"trace-detection",1
"Method:src/ui/src/responseeditdialog.cpp:ResponseActionStepDialog.reloadActionCombo#1","proc_50_responseactionstepdi","STEP_IN_PROCESS",1,"trace-detection",2
"Method:src/ui/src/responseeditdialog.cpp:ResponseActionStepDialog.updateState#0","proc_50_responseactionstepdi","STEP_IN_PROCESS",1,"trace-detection",3
"Method:src/ui/src/responseeditdialog.cpp:ResponseActionStepDialog.currentActionId#0","proc_50_responseactionstepdi","STEP_IN_PROCESS",1,"trace-detection",4
"Method:src/ui/src/abstractlogview.cpp:doRegisterShortcuts#0","proc_51_doregistershortcuts","STEP_IN_PROCESS",1,"trace-detection",1
"Method:src/ui/src/abstractlogview.cpp:moveSelectionUp#0","proc_51_doregistershortcuts","STEP_IN_PROCESS",1,"trace-detection",2
"Method:src/ui/src/abstractlogview.cpp:disableFollow#0","proc_51_doregistershortcuts","STEP_IN_PROCESS",1,"trace-detection",3
"Method:src/ui/include/viewtools.h:ElasticHook.hook#1","proc_51_doregistershortcuts","STEP_IN_PROCESS",1,"trace-detection",4
"Method:src/ui/src/abstractlogview.cpp:doRegisterShortcuts#0","proc_52_doregistershortcuts","STEP_IN_PROCESS",1,"trace-detection",1
"Method:src/ui/src/abstractlogview.cpp:moveSelectionUp#0","proc_52_doregistershortcuts","STEP_IN_PROCESS",1,"trace-detection",2
"Method:src/ui/src/abstractlogview.cpp:moveSelection#2","proc_52_doregistershortcuts","STEP_IN_PROCESS",1,"trace-detection",3
"Method:src/ui/src/abstractlogview.cpp:LineDrawer.empty#0","proc_52_doregistershortcuts","STEP_IN_PROCESS",1,"trace-detection",4
"Method:src/ui/src/abstractlogview.cpp:doRegisterShortcuts#0","proc_53_doregistershortcuts","STEP_IN_PROCESS",1,"trace-detection",1
"Method:src/ui/src/abstractlogview.cpp:moveSelectionUp#0","proc_53_doregistershortcuts","STEP_IN_PROCESS",1,"trace-detection",2
"Method:src/ui/src/abstractlogview.cpp:moveSelection#2","proc_53_doregistershortcuts","STEP_IN_PROCESS",1,"trace-detection",3
"Method:src/ui/include/highlightedmatch.h:HighlightedMatchRanges.front#0","proc_53_doregistershortcuts","STEP_IN_PROCESS",1,"trace-detection",4
"Method:src/ui/src/abstractlogview.cpp:doRegisterShortcuts#0","proc_54_doregistershortcuts","STEP_IN_PROCESS",1,"trace-detection",1
"Method:src/ui/src/abstractlogview.cpp:moveSelectionUp#0","proc_54_doregistershortcuts","STEP_IN_PROCESS",1,"trace-detection",2
"Method:src/ui/src/abstractlogview.cpp:moveSelection#2","proc_54_doregistershortcuts","STEP_IN_PROCESS",1,"trace-detection",3
"Method:src/ui/include/highlightedmatch.h:HighlightedMatchRanges.back#0","proc_54_doregistershortcuts","STEP_IN_PROCESS",1,"trace-detection",4
"Method:src/ui/src/abstractlogview.cpp:doRegisterShortcuts#0","proc_55_doregistershortcuts","STEP_IN_PROCESS",1,"trace-detection",1
"Method:src/ui/src/abstractlogview.cpp:moveSelectionUp#0","proc_55_doregistershortcuts","STEP_IN_PROCESS",1,"trace-detection",2
"Method:src/ui/src/abstractlogview.cpp:moveSelection#2","proc_55_doregistershortcuts","STEP_IN_PROCESS",1,"trace-detection",3
"Method:src/ui/src/tabbedcrawlerwidget.cpp:addTabBarItem#2","proc_56_addtabbaritem","STEP_IN_PROCESS",1,"trace-detection",1
"Method:src/ui/src/tabbedcrawlerwidget.cpp:updateTabPresentation#1","proc_56_addtabbaritem","STEP_IN_PROCESS",1,"trace-detection",2
"Method:src/settings/include/persistable.h:Persistable.getSynced#0","proc_56_addtabbaritem","STEP_IN_PROCESS",1,"trace-detection",3
"Method:src/settings/include/persistable.h:Persistable.getPersistable#1","proc_56_addtabbaritem","STEP_IN_PROCESS",1,"trace-detection",4
"Method:src/ui/src/tabbedcrawlerwidget.cpp:addTabBarItem#2","proc_57_addtabbaritem","STEP_IN_PROCESS",1,"trace-detection",1
"Method:src/ui/src/tabbedcrawlerwidget.cpp:updateTabPresentation#1","proc_57_addtabbaritem","STEP_IN_PROCESS",1,"trace-detection",2
"Method:src/settings/include/persistable.h:Persistable.getSynced#0","proc_57_addtabbaritem","STEP_IN_PROCESS",1,"trace-detection",3
"Method:src/settings/include/persistable.h:Persistable.retrieve#0","proc_57_addtabbaritem","STEP_IN_PROCESS",1,"trace-detection",4
"Method:src/ui/src/crawlerwidget.cpp:applyConfiguration#0","proc_58_applyconfiguration","STEP_IN_PROCESS",1,"trace-detection",1
"Method:src/ui/src/crawlerwidget.cpp:registerShortcuts#0","proc_58_applyconfiguration","STEP_IN_PROCESS",1,"trace-detection",2
"Method:src/ui/src/crawlerwidget.cpp:changeTopViewSize#1","proc_58_applyconfiguration","STEP_IN_PROCESS",1,"trace-detection",3
"Method:src/ui/src/crawlerwidget.cpp:CrawlerWidgetContext.sizes#0","proc_58_applyconfiguration","STEP_IN_PROCESS",1,"trace-detection",4
"Method:src/ui/src/scriptsupervisor.cpp:scriptStatus#1","proc_62_scriptstatus","STEP_IN_PROCESS",1,"trace-detection",1
"Method:src/ui/src/scriptsupervisor.cpp:allStatusPayloads#0","proc_62_scriptstatus","STEP_IN_PROCESS",1,"trace-detection",2
"Method:src/ui/src/scriptsupervisor.cpp:statusPayload#1","proc_62_scriptstatus","STEP_IN_PROCESS",1,"trace-detection",3
"Method:src/ui/src/scriptsupervisor.cpp:scriptStatus#1","proc_63_scriptstatus","STEP_IN_PROCESS",1,"trace-detection",1
"Method:src/ui/src/scriptsupervisor.cpp:allStatusPayloads#0","proc_63_scriptstatus","STEP_IN_PROCESS",1,"trace-detection",2
"Method:src/ui/src/scriptsupervisor.cpp:statusPayload#1","proc_63_scriptstatus","STEP_IN_PROCESS",1,"trace-detection",3
"Method:src/ui/src/scriptsupervisor.cpp:subscriptionsPayload#1","proc_63_scriptstatus","STEP_IN_PROCESS",1,"trace-detection",4
"Method:src/ui/src/scriptsupervisor.cpp:scriptStatus#1","proc_64_scriptstatus","STEP_IN_PROCESS",1,"trace-detection",1
"Method:src/ui/src/scriptsupervisor.cpp:findRunForRequest#1","proc_64_scriptstatus","STEP_IN_PROCESS",1,"trace-detection",2
"Method:src/ui/src/scriptsupervisor.cpp:findRun#1","proc_64_scriptstatus","STEP_IN_PROCESS",1,"trace-detection",3
"Method:src/ui/src/abstractlogview.cpp:LineChunk.end#0","proc_64_scriptstatus","STEP_IN_PROCESS",1,"trace-detection",4
"Method:src/ui/src/scriptsupervisor.cpp:scriptStatus#1","proc_65_scriptstatus","STEP_IN_PROCESS",1,"trace-detection",1
"Method:src/ui/src/scriptsupervisor.cpp:findRunForRequest#1","proc_65_scriptstatus","STEP_IN_PROCESS",1,"trace-detection",2
"Method:src/ui/src/scriptsupervisor.cpp:resolveTargetInfo#3","proc_65_scriptstatus","STEP_IN_PROCESS",1,"trace-detection",3
"Method:src/ui/src/scriptsupervisor.cpp:resolveTargetInfo#2","proc_65_scriptstatus","STEP_IN_PROCESS",1,"trace-detection",4
"Method:src/ui/src/scriptsupervisor.cpp:scriptStatus#1","proc_66_scriptstatus","STEP_IN_PROCESS",1,"trace-detection",1
"Method:src/ui/src/scriptsupervisor.cpp:findRunForRequest#1","proc_66_scriptstatus","STEP_IN_PROCESS",1,"trace-detection",2
"Method:src/ui/src/scriptsupervisor.cpp:resolveTargetInfo#3","proc_66_scriptstatus","STEP_IN_PROCESS",1,"trace-detection",3
"Method:src/ui/include/commander.h:CommanderResult.ok#0","proc_66_scriptstatus","STEP_IN_PROCESS",1,"trace-detection",4
"Method:src/ui/src/scriptsupervisor.cpp:scriptSubscriptions#1","proc_67_scriptsubscriptions","STEP_IN_PROCESS",1,"trace-detection",1
"Method:src/ui/src/scriptsupervisor.cpp:findRunForRequest#1","proc_67_scriptsubscriptions","STEP_IN_PROCESS",1,"trace-detection",2
"Method:src/ui/src/scriptsupervisor.cpp:findRun#1","proc_67_scriptsubscriptions","STEP_IN_PROCESS",1,"trace-detection",3
"Method:src/ui/src/abstractlogview.cpp:LineChunk.end#0","proc_67_scriptsubscriptions","STEP_IN_PROCESS",1,"trace-detection",4
"Method:src/ui/src/scriptsupervisor.cpp:scriptSubscriptions#1","proc_68_scriptsubscriptions","STEP_IN_PROCESS",1,"trace-detection",1
"Method:src/ui/src/scriptsupervisor.cpp:findRunForRequest#1","proc_68_scriptsubscriptions","STEP_IN_PROCESS",1,"trace-detection",2
"Method:src/ui/src/scriptsupervisor.cpp:resolveTargetInfo#3","proc_68_scriptsubscriptions","STEP_IN_PROCESS",1,"trace-detection",3
"Method:src/ui/src/scriptsupervisor.cpp:resolveTargetInfo#2","proc_68_scriptsubscriptions","STEP_IN_PROCESS",1,"trace-detection",4
"Method:src/ui/src/scriptsupervisor.cpp:scriptSubscriptions#1","proc_69_scriptsubscriptions","STEP_IN_PROCESS",1,"trace-detection",1
"Method:src/ui/src/scriptsupervisor.cpp:findRunForRequest#1","proc_69_scriptsubscriptions","STEP_IN_PROCESS",1,"trace-detection",2
"Method:src/ui/src/scriptsupervisor.cpp:resolveTargetInfo#3","proc_69_scriptsubscriptions","STEP_IN_PROCESS",1,"trace-detection",3
"Method:src/ui/include/commander.h:CommanderResult.ok#0","proc_69_scriptsubscriptions","STEP_IN_PROCESS",1,"trace-detection",4
"Method:src/ui/src/mainwindow.cpp:currentTabChanged#1","proc_70_currenttabchanged","STEP_IN_PROCESS",1,"trace-detection",1
"Method:src/ui/src/mainwindow.cpp:updateFavoritesMenu#0","proc_70_currenttabchanged","STEP_IN_PROCESS",1,"trace-detection",2
"Method:src/settings/include/persistable.h:Persistable.getSynced#0","proc_70_currenttabchanged","STEP_IN_PROCESS",1,"trace-detection",3
"Method:src/settings/include/persistable.h:Persistable.getPersistable#1","proc_70_currenttabchanged","STEP_IN_PROCESS",1,"trace-detection",4
"Method:src/ui/src/mainwindow.cpp:startComCaptureSession#3","proc_71_startcomcapturesessi","STEP_IN_PROCESS",1,"trace-detection",1
"Method:src/ui/src/mainwindow.cpp:open#0","proc_71_startcomcapturesessi","STEP_IN_PROCESS",1,"trace-detection",3
"Method:src/ui/src/mainwindow.cpp:currentCrawlerWidget#0","proc_71_startcomcapturesessi","STEP_IN_PROCESS",1,"trace-detection",4
"Method:src/ui/src/mainwindow.cpp:closeTab#1","proc_72_closetab","STEP_IN_PROCESS",1,"trace-detection",1
"Method:src/ui/src/mainwindow.cpp:publishScriptLifecycleEvent#2","proc_72_closetab","STEP_IN_PROCESS",1,"trace-detection",2
"Method:src/ui/src/mainwindow.cpp:scriptEventContextForFile#1","proc_72_closetab","STEP_IN_PROCESS",1,"trace-detection",3
"Method:src/ui/include/tabbedcrawlerwidget.h:TabbedCrawlerWidget.tabIdAt#1","proc_72_closetab","STEP_IN_PROCESS",1,"trace-detection",4
"Method:src/ui/src/mainwindow.cpp:closeTab#1","proc_73_closetab","STEP_IN_PROCESS",1,"trace-detection",1
"Method:src/ui/src/mainwindow.cpp:publishScriptLifecycleEvent#2","proc_73_closetab","STEP_IN_PROCESS",1,"trace-detection",2
"Method:src/ui/src/mainwindow.cpp:scriptEventContextForFile#1","proc_73_closetab","STEP_IN_PROCESS",1,"trace-detection",3
"Method:src/ui/include/session.h:WindowSession.windowId#0","proc_73_closetab","STEP_IN_PROCESS",1,"trace-detection",4
"Method:src/ui/src/mainwindow.cpp:closeTab#1","proc_74_closetab","STEP_IN_PROCESS",1,"trace-detection",1
"Method:src/ui/src/mainwindow.cpp:publishScriptLifecycleEvent#2","proc_74_closetab","STEP_IN_PROCESS",1,"trace-detection",2
"Method:src/ui/src/mainwindow.cpp:scriptEventContextForFile#1","proc_74_closetab","STEP_IN_PROCESS",1,"trace-detection",3
"Method:src/ui/include/session.h:WindowSession.windowIndex#0","proc_74_closetab","STEP_IN_PROCESS",1,"trace-detection",4
"Method:src/ui/src/mainwindow.cpp:closeTab#1","proc_75_closetab","STEP_IN_PROCESS",1,"trace-detection",1
"Method:src/ui/src/mainwindow.cpp:publishScriptLifecycleEvent#2","proc_75_closetab","STEP_IN_PROCESS",1,"trace-detection",2
"Method:src/ui/src/mainwindow.cpp:scriptEventContextForFile#1","proc_75_closetab","STEP_IN_PROCESS",1,"trace-detection",3
"Method:src/ui/include/tabbedcrawlerwidget.h:TabbedCrawlerWidget.tabDisplayNameAt#1","proc_75_closetab","STEP_IN_PROCESS",1,"trace-detection",4
"Method:src/ui/src/mainwindow.cpp:closeTab#1","proc_76_closetab","STEP_IN_PROCESS",1,"trace-detection",1
"Method:src/ui/src/mainwindow.cpp:publishScriptLifecycleEvent#2","proc_76_closetab","STEP_IN_PROCESS",1,"trace-detection",2
"Method:src/ui/src/mainwindow.cpp:publishScriptEvent#1","proc_76_closetab","STEP_IN_PROCESS",1,"trace-detection",3
"Method:src/ui/src/tabbedcrawlerwidget.cpp:remapStreamSessionPath#2","proc_77_remapstreamsessionpa","STEP_IN_PROCESS",1,"trace-detection",1
"Method:src/ui/src/tabbedcrawlerwidget.cpp:setTabConnectionState#3","proc_77_remapstreamsessionpa","STEP_IN_PROCESS",1,"trace-detection",2
"Method:src/ui/src/tabbedcrawlerwidget.cpp:updateTabPresentation#1","proc_77_remapstreamsessionpa","STEP_IN_PROCESS",1,"trace-detection",3
"Method:src/ui/src/tabbedcrawlerwidget.cpp:tabPathAt#1","proc_77_remapstreamsessionpa","STEP_IN_PROCESS",1,"trace-detection",4
"Method:src/ui/src/tabbedcrawlerwidget.cpp:remapStreamSessionPath#2","proc_78_remapstreamsessionpa","STEP_IN_PROCESS",1,"trace-detection",1
"Method:src/ui/src/tabbedcrawlerwidget.cpp:setTabConnectionState#3","proc_78_remapstreamsessionpa","STEP_IN_PROCESS",1,"trace-detection",2
"Method:src/ui/src/tabbedcrawlerwidget.cpp:updateTabPresentation#1","proc_78_remapstreamsessionpa","STEP_IN_PROCESS",1,"trace-detection",3
"Method:src/ui/src/tabbedcrawlerwidget.cpp:tabMetadataValue#2","proc_78_remapstreamsessionpa","STEP_IN_PROCESS",1,"trace-detection",4
"Method:src/ui/src/tabbedcrawlerwidget.cpp:remapStreamSessionPath#2","proc_79_remapstreamsessionpa","STEP_IN_PROCESS",1,"trace-detection",1
"Method:src/ui/src/tabbedcrawlerwidget.cpp:setTabConnectionState#3","proc_79_remapstreamsessionpa","STEP_IN_PROCESS",1,"trace-detection",2
"Method:src/ui/src/tabbedcrawlerwidget.cpp:updateTabPresentation#1","proc_79_remapstreamsessionpa","STEP_IN_PROCESS",1,"trace-detection",3
"Method:src/ui/src/tabbedcrawlerwidget.cpp:updateIcon#1","proc_79_remapstreamsessionpa","STEP_IN_PROCESS",1,"trace-detection",4
"Method:src/ui/src/session.cpp:save#2","proc_80_save","STEP_IN_PROCESS",1,"trace-detection",1
"Method:src/ui/include/sessioninfo.h:SessionInfo.setOpenFiles#2","proc_80_save","STEP_IN_PROCESS",1,"trace-detection",2
"Method:src/ui/include/sessioninfo.h:SessionInfo.findWindow#1","proc_80_save","STEP_IN_PROCESS",1,"trace-detection",3
"Method:src/ui/src/abstractlogview.cpp:LineChunk.end#0","proc_80_save","STEP_IN_PROCESS",1,"trace-detection",4
"Method:src/ui/src/scriptsupervisor.cpp:runGlobalScript#1","proc_81_runglobalscript","STEP_IN_PROCESS",1,"trace-detection",1
"Method:src/ui/src/scriptsupervisor.cpp:startRunProcess#1","proc_81_runglobalscript","STEP_IN_PROCESS",1,"trace-detection",2
"Method:src/ui/src/scriptsupervisor.cpp:resolvePythonExecutable#0","proc_81_runglobalscript","STEP_IN_PROCESS",1,"trace-detection",3
"Method:src/ui/src/scriptsupervisor.cpp:runGlobalScript#1","proc_82_runglobalscript","STEP_IN_PROCESS",1,"trace-detection",1
"Method:src/ui/src/scriptsupervisor.cpp:startRunProcess#1","proc_82_runglobalscript","STEP_IN_PROCESS",1,"trace-detection",2
"Method:src/ui/src/scriptsupervisor.cpp:resolvePythonExecutable#0","proc_82_runglobalscript","STEP_IN_PROCESS",1,"trace-detection",3
"Method:src/ui/src/scriptsupervisor.cpp:runtimeRoot#0","proc_82_runglobalscript","STEP_IN_PROCESS",1,"trace-detection",4
"Method:src/ui/src/scriptsupervisor.cpp:restoreScriptBinding#1","proc_83_restorescriptbinding","STEP_IN_PROCESS",1,"trace-detection",1
"Method:src/ui/src/scriptsupervisor.cpp:startRunProcess#1","proc_83_restorescriptbinding","STEP_IN_PROCESS",1,"trace-detection",2
"Method:src/ui/src/scriptsupervisor.cpp:resolvePythonExecutable#0","proc_83_restorescriptbinding","STEP_IN_PROCESS",1,"trace-detection",3
"Method:src/ui/src/scriptsupervisor.cpp:restoreScriptBinding#1","proc_84_restorescriptbinding","STEP_IN_PROCESS",1,"trace-detection",1
"Method:src/ui/src/scriptsupervisor.cpp:startRunProcess#1","proc_84_restorescriptbinding","STEP_IN_PROCESS",1,"trace-detection",2
"Method:src/ui/src/scriptsupervisor.cpp:resolvePythonExecutable#0","proc_84_restorescriptbinding","STEP_IN_PROCESS",1,"trace-detection",3
"Method:src/ui/src/scriptsupervisor.cpp:runtimeRoot#0","proc_84_restorescriptbinding","STEP_IN_PROCESS",1,"trace-detection",4
"Method:src/ui/src/scriptsupervisor.cpp:restoreGlobalScriptBinding#1","proc_85_restoreglobalscriptb","STEP_IN_PROCESS",1,"trace-detection",1
"Method:src/ui/src/scriptsupervisor.cpp:startRunProcess#1","proc_85_restoreglobalscriptb","STEP_IN_PROCESS",1,"trace-detection",2
"Method:src/ui/src/scriptsupervisor.cpp:resolvePythonExecutable#0","proc_85_restoreglobalscriptb","STEP_IN_PROCESS",1,"trace-detection",3
"Method:src/ui/src/scriptsupervisor.cpp:restoreGlobalScriptBinding#1","proc_86_restoreglobalscriptb","STEP_IN_PROCESS",1,"trace-detection",1
"Method:src/ui/src/scriptsupervisor.cpp:startRunProcess#1","proc_86_restoreglobalscriptb","STEP_IN_PROCESS",1,"trace-detection",2
"Method:src/ui/src/scriptsupervisor.cpp:resolvePythonExecutable#0","proc_86_restoreglobalscriptb","STEP_IN_PROCESS",1,"trace-detection",3
"Method:src/ui/src/scriptsupervisor.cpp:runtimeRoot#0","proc_86_restoreglobalscriptb","STEP_IN_PROCESS",1,"trace-detection",4
"Method:src/ui/src/mainwindow.cpp:closeEvent#1","proc_87_closeevent","STEP_IN_PROCESS",1,"trace-detection",1
"Method:src/ui/src/mainwindow.cpp:writeSettings#0","proc_87_closeevent","STEP_IN_PROCESS",1,"trace-detection",2
"Method:src/ui/src/mainwindow.cpp:scriptContextForTab#1","proc_87_closeevent","STEP_IN_PROCESS",1,"trace-detection",3
"Method:src/ui/include/tabbedcrawlerwidget.h:TabbedCrawlerWidget.tabIdAt#1","proc_87_closeevent","STEP_IN_PROCESS",1,"trace-detection",4
"Method:src/ui/src/mainwindow.cpp:closeEvent#1","proc_88_closeevent","STEP_IN_PROCESS",1,"trace-detection",1
"Method:src/ui/src/mainwindow.cpp:writeSettings#0","proc_88_closeevent","STEP_IN_PROCESS",1,"trace-detection",2
"Method:src/ui/src/mainwindow.cpp:scriptContextForTab#1","proc_88_closeevent","STEP_IN_PROCESS",1,"trace-detection",3
"Method:src/ui/src/importactionsdialog.cpp:removeSelectedAction#0","proc_89_removeselectedaction","STEP_IN_PROCESS",1,"trace-detection",1
"Method:src/ui/src/importactionsdialog.cpp:updateDialogSize#0","proc_89_removeselectedaction","STEP_IN_PROCESS",1,"trace-detection",2
"Method:src/ui/include/overview.h:Overview.isVisible#0","proc_89_removeselectedaction","STEP_IN_PROCESS",1,"trace-detection",4
"Method:src/ui/src/importactionsdialog.cpp:clearActions#0","proc_90_clearactions","STEP_IN_PROCESS",1,"trace-detection",1
"Method:src/ui/src/importactionsdialog.cpp:updateDialogSize#0","proc_90_clearactions","STEP_IN_PROCESS",1,"trace-detection",2
"Method:src/ui/include/overview.h:Overview.isVisible#0","proc_90_clearactions","STEP_IN_PROCESS",1,"trace-detection",4
"Method:src/ui/src/importactionsdialog.cpp:removeSelectedResponse#0","proc_91_removeselectedrespon","STEP_IN_PROCESS",1,"trace-detection",1
"Method:src/ui/src/importactionsdialog.cpp:updateDialogSize#0","proc_91_removeselectedrespon","STEP_IN_PROCESS",1,"trace-detection",2
"Method:src/ui/include/overview.h:Overview.isVisible#0","proc_91_removeselectedrespon","STEP_IN_PROCESS",1,"trace-detection",4
"Method:src/ui/src/importactionsdialog.cpp:clearResponses#0","proc_92_clearresponses","STEP_IN_PROCESS",1,"trace-detection",1
"Method:src/ui/src/importactionsdialog.cpp:updateDialogSize#0","proc_92_clearresponses","STEP_IN_PROCESS",1,"trace-detection",2
"Method:src/ui/include/overview.h:Overview.isVisible#0","proc_92_clearresponses","STEP_IN_PROCESS",1,"trace-detection",4
"Method:src/ui/src/crawlerwidget.cpp:excludeFromSearch#1","proc_93_excludefromsearch","STEP_IN_PROCESS",1,"trace-detection",1
"Method:src/ui/src/crawlerwidget.cpp:setSearchPattern#1","proc_93_excludefromsearch","STEP_IN_PROCESS",1,"trace-detection",2
"Method:src/ui/src/crawlerwidget.cpp:updatePredefinedFiltersWidget#0","proc_93_excludefromsearch","STEP_IN_PROCESS",1,"trace-detection",3
"Method:src/ui/src/predefinedfiltersdialog.cpp:CenteredCheckbox.isChecked#0","proc_93_excludefromsearch","STEP_IN_PROCESS",1,"trace-detection",4
"Method:src/logdata/src/logfiltereddata.cpp:doGetLines#2","proc_96_dogetlines","STEP_IN_PROCESS",1,"trace-detection",1
"Method:src/logdata/src/logfiltereddata.cpp:doGetLineString#1","proc_96_dogetlines","STEP_IN_PROCESS",1,"trace-detection",2
"Method:src/logdata/src/logfiltereddata.cpp:findLogDataLine#1","proc_96_dogetlines","STEP_IN_PROCESS",1,"trace-detection",3
"Method:src/logdata/src/logfiltereddata.cpp:currentResultArray#0","proc_96_dogetlines","STEP_IN_PROCESS",1,"trace-detection",4
"Method:src/logdata/src/logfiltereddata.cpp:doGetLines#2","proc_97_dogetlines","STEP_IN_PROCESS",1,"trace-detection",1
"Method:src/logdata/src/logfiltereddata.cpp:doGetLineString#1","proc_97_dogetlines","STEP_IN_PROCESS",1,"trace-detection",2
"Method:src/logdata/src/logfiltereddata.cpp:findLogDataLine#1","proc_97_dogetlines","STEP_IN_PROCESS",1,"trace-detection",3
"Method:src/logdata/src/logfiltereddata.cpp:doGetLines#2","proc_98_dogetlines","STEP_IN_PROCESS",1,"trace-detection",1
"Method:src/logdata/src/logfiltereddata.cpp:doGetLineString#1","proc_98_dogetlines","STEP_IN_PROCESS",1,"trace-detection",2
"Method:src/logdata/src/logfiltereddata.cpp:findLogDataLine#1","proc_98_dogetlines","STEP_IN_PROCESS",1,"trace-detection",3
"Method:src/logdata/src/logfiltereddata.cpp:doGetLines#2","proc_99_dogetlines","STEP_IN_PROCESS",1,"trace-detection",1
"Method:src/logdata/src/logfiltereddata.cpp:doGetLineString#1","proc_99_dogetlines","STEP_IN_PROCESS",1,"trace-detection",2
"Method:src/logdata/src/abstractlogdata.cpp:getLineString#1","proc_99_dogetlines","STEP_IN_PROCESS",1,"trace-detection",3
"Method:src/logdata/include/abstractlogdata.h:AbstractLogData.doGetLineString#1","proc_99_dogetlines","STEP_IN_PROCESS",1,"trace-detection",4
"Method:src/app/messagereceiver.h:MessageReceiver.receiveMessage#1","proc_100_receivemessage","STEP_IN_PROCESS",1,"trace-detection",1
"Method:src/app/messagereceiver.h:MessageReceiver.handleCommandMessage#2","proc_100_receivemessage","STEP_IN_PROCESS",1,"trace-detection",2
"Method:src/app/messagereceiver.h:MessageReceiver.isValidTempPath#3","proc_100_receivemessage","STEP_IN_PROCESS",1,"trace-detection",3
"Method:src/app/messagereceiver.h:MessageReceiver.isPathEqual#2","proc_100_receivemessage","STEP_IN_PROCESS",1,"trace-detection",4
"Method:src/app/messagereceiver.h:MessageReceiver.receiveMessage#1","proc_101_receivemessage","STEP_IN_PROCESS",1,"trace-detection",1
"Method:src/app/messagereceiver.h:MessageReceiver.handleCommandMessage#2","proc_101_receivemessage","STEP_IN_PROCESS",1,"trace-detection",2
"Method:src/app/messagereceiver.h:MessageReceiver.writeFailureResult#2","proc_101_receivemessage","STEP_IN_PROCESS",1,"trace-detection",3
"Method:src/app/messagereceiver.h:MessageReceiver.receiveMessage#1","proc_102_receivemessage","STEP_IN_PROCESS",1,"trace-detection",1
"Method:src/app/messagereceiver.h:MessageReceiver.handleCommandMessage#2","proc_102_receivemessage","STEP_IN_PROCESS",1,"trace-detection",2
"Method:src/app/messagereceiver.h:MessageReceiver.writeFailureResult#2","proc_102_receivemessage","STEP_IN_PROCESS",1,"trace-detection",3
"Method:src/app/labcontrollerservice.cpp:handleHttpConnection#0","proc_103_handlehttpconnection","STEP_IN_PROCESS",1,"trace-detection",1
"Method:src/ui/include/wrappedstring.h:WrappedString.mid#2","proc_103_handlehttpconnection","STEP_IN_PROCESS",1,"trace-detection",3
"Method:src/ui/include/highlightedmatch.h:HighlightedMatchRanges.front#0","proc_103_handlehttpconnection","STEP_IN_PROCESS",1,"trace-detection",4
"Method:src/app/labcontrollerservice.cpp:handleHttpConnection#0","proc_104_handlehttpconnection","STEP_IN_PROCESS",1,"trace-detection",1
"Method:src/ui/include/wrappedstring.h:WrappedString.mid#2","proc_104_handlehttpconnection","STEP_IN_PROCESS",1,"trace-detection",3
"Method:src/ui/include/highlightedmatch.h:HighlightedMatchRanges.back#0","proc_104_handlehttpconnection","STEP_IN_PROCESS",1,"trace-detection",4
"Method:src/app/labcontrollerservice.cpp:handleHttpConnection#0","proc_105_handlehttpconnection","STEP_IN_PROCESS",1,"trace-detection",1
"Method:src/app/labcontrollerservice.cpp:processHttpRequest#2","proc_105_handlehttpconnection","STEP_IN_PROCESS",1,"trace-detection",2
"Method:src/app/labcontrollerservice.cpp:sendJsonResponse#3","proc_105_handlehttpconnection","STEP_IN_PROCESS",1,"trace-detection",3
"Method:src/ui/src/scriptsupervisor.cpp:clearScriptSubscriptions#1","proc_106_clearscriptsubscript","STEP_IN_PROCESS",1,"trace-detection",1
"Method:src/ui/src/scriptsupervisor.cpp:findRunForRequest#1","proc_106_clearscriptsubscript","STEP_IN_PROCESS",1,"trace-detection",2
"Method:src/ui/src/scriptsupervisor.cpp:findRun#1","proc_106_clearscriptsubscript","STEP_IN_PROCESS",1,"trace-detection",3
"Method:src/ui/src/abstractlogview.cpp:LineChunk.end#0","proc_106_clearscriptsubscript","STEP_IN_PROCESS",1,"trace-detection",4
"Method:src/ui/src/scriptsupervisor.cpp:clearScriptSubscriptions#1","proc_107_clearscriptsubscript","STEP_IN_PROCESS",1,"trace-detection",1
"Method:src/ui/src/scriptsupervisor.cpp:findRunForRequest#1","proc_107_clearscriptsubscript","STEP_IN_PROCESS",1,"trace-detection",2
"Method:src/ui/src/scriptsupervisor.cpp:resolveTargetInfo#3","proc_107_clearscriptsubscript","STEP_IN_PROCESS",1,"trace-detection",3
"Method:src/ui/src/scriptsupervisor.cpp:resolveTargetInfo#2","proc_107_clearscriptsubscript","STEP_IN_PROCESS",1,"trace-detection",4
"Method:src/ui/src/scriptsupervisor.cpp:clearScriptSubscriptions#1","proc_108_clearscriptsubscript","STEP_IN_PROCESS",1,"trace-detection",1
"Method:src/ui/src/scriptsupervisor.cpp:findRunForRequest#1","proc_108_clearscriptsubscript","STEP_IN_PROCESS",1,"trace-detection",2
"Method:src/ui/src/scriptsupervisor.cpp:resolveTargetInfo#3","proc_108_clearscriptsubscript","STEP_IN_PROCESS",1,"trace-detection",3
"Method:src/ui/include/commander.h:CommanderResult.ok#0","proc_108_clearscriptsubscript","STEP_IN_PROCESS",1,"trace-detection",4
"Method:src/ui/src/scenariorunnerwindow.cpp:saveSuite#0","proc_109_savesuite","STEP_IN_PROCESS",1,"trace-detection",1
"Method:src/ui/src/scenariorunnerwindow.cpp:createSuiteFile#0","proc_109_savesuite","STEP_IN_PROCESS",1,"trace-detection",2
"Method:src/ui/src/scenariorunnerwindow.cpp:saveSuiteFile#1","proc_109_savesuite","STEP_IN_PROCESS",1,"trace-detection",3
"Method:src/ui/src/scenariorunnerwindow.cpp:suiteEntryFromItem#1","proc_109_savesuite","STEP_IN_PROCESS",1,"trace-detection",4
"Method:src/ui/src/scenariorunnerwindow.cpp:saveSuite#0","proc_110_savesuite","STEP_IN_PROCESS",1,"trace-detection",1
"Method:src/ui/src/scenariorunnerwindow.cpp:createSuiteFile#0","proc_110_savesuite","STEP_IN_PROCESS",1,"trace-detection",2
"Method:src/ui/src/scenariorunnerwindow.cpp:saveSuiteFile#1","proc_110_savesuite","STEP_IN_PROCESS",1,"trace-detection",3
"Method:src/ui/src/quickfindmux.cpp:confirmPattern#3","proc_111_confirmpattern","STEP_IN_PROCESS",1,"trace-detection",1
"Method:src/ui/src/quickfindmux.cpp:getSearchableWidget#0","proc_111_confirmpattern","STEP_IN_PROCESS",1,"trace-detection",2
"Method:src/ui/include/quickfindmux.h:QuickFindMuxSelectorInterface.getActiveSearchable#0","proc_111_confirmpattern","STEP_IN_PROCESS",1,"trace-detection",3
"Method:src/ui/include/quickfindmux.h:QuickFindMuxSelectorInterface.doGetActiveSearchable#0","proc_111_confirmpattern","STEP_IN_PROCESS",1,"trace-detection",4
"Method:src/ui/src/quickfindmux.cpp:cancelSearch#0","proc_112_cancelsearch","STEP_IN_PROCESS",1,"trace-detection",1
"Method:src/ui/src/quickfindmux.cpp:getSearchableWidget#0","proc_112_cancelsearch","STEP_IN_PROCESS",1,"trace-detection",2
"Method:src/ui/include/quickfindmux.h:QuickFindMuxSelectorInterface.getActiveSearchable#0","proc_112_cancelsearch","STEP_IN_PROCESS",1,"trace-detection",3
"Method:src/ui/include/quickfindmux.h:QuickFindMuxSelectorInterface.doGetActiveSearchable#0","proc_112_cancelsearch","STEP_IN_PROCESS",1,"trace-detection",4
"Method:src/ui/src/previewrepository.cpp:save#2","proc_113_save","STEP_IN_PROCESS",1,"trace-detection",1
"Method:src/ui/src/previewrepository.cpp:save#2","proc_114_save","STEP_IN_PROCESS",1,"trace-detection",1
"Method:src/ui/src/previewrepository.cpp:save#2","proc_115_save","STEP_IN_PROCESS",1,"trace-detection",1
"Method:src/ui/src/previewrepository.cpp:save#2","proc_116_save","STEP_IN_PROCESS",1,"trace-detection",1
"Method:src/ui/src/abstractlogview.cpp:LineChunk.end#0","proc_116_save","STEP_IN_PROCESS",1,"trace-detection",4
"Method:src/ui/src/predefinedfiltersdialog.cpp:importFilters#0","proc_117_importfilters","STEP_IN_PROCESS",1,"trace-detection",1
"Method:src/ui/src/predefinedfiltersdialog.cpp:populateFiltersTable#1","proc_117_importfilters","STEP_IN_PROCESS",1,"trace-detection",2
"Method:src/ui/include/viewinterface.h:ViewInterface.setData#2","proc_117_importfilters","STEP_IN_PROCESS",1,"trace-detection",3
"Method:src/ui/include/viewinterface.h:ViewInterface.doSetData#2","proc_117_importfilters","STEP_IN_PROCESS",1,"trace-detection",4
"Method:src/ui/src/predefinedfiltersdialog.cpp:importFilters#0","proc_118_importfilters","STEP_IN_PROCESS",1,"trace-detection",1
"Method:src/ui/src/predefinedfiltersdialog.cpp:populateFiltersTable#1","proc_118_importfilters","STEP_IN_PROCESS",1,"trace-detection",2
"Method:src/ui/src/predefinedfiltersdialog.cpp:updateButtons#0","proc_118_importfilters","STEP_IN_PROCESS",1,"trace-detection",3
"Method:src/ui/src/predefinedfiltersdialog.cpp:updateUpDownButtons#1","proc_118_importfilters","STEP_IN_PROCESS",1,"trace-detection",4
"Method:src/ui/src/mainwindow.cpp:commanderGetCommStatus#1","proc_119_commandergetcommstat","STEP_IN_PROCESS",1,"trace-detection",1
"Method:src/ui/src/mainwindow.cpp:commanderTargetStreamSession#2","proc_119_commandergetcommstat","STEP_IN_PROCESS",1,"trace-detection",2
"Method:src/ui/src/mainwindow.cpp:commanderTargetCrawler#1","proc_119_commandergetcommstat","STEP_IN_PROCESS",1,"trace-detection",3
"Method:src/ui/src/mainwindow.cpp:currentCrawlerWidget#0","proc_119_commandergetcommstat","STEP_IN_PROCESS",1,"trace-detection",4
"Method:src/ui/src/mainwindow.cpp:commanderGetCommStatus#1","proc_120_commandergetcommstat","STEP_IN_PROCESS",1,"trace-detection",1
"Method:src/ui/src/mainwindow.cpp:commanderTargetStreamSession#2","proc_120_commandergetcommstat","STEP_IN_PROCESS",1,"trace-detection",2
"Method:src/ui/src/mainwindow.cpp:streamSessionForCrawler#1","proc_120_commandergetcommstat","STEP_IN_PROCESS",1,"trace-detection",3
"Method:src/ui/include/tabbedcrawlerwidget.h:TabbedCrawlerWidget.streamSessionForPath#1","proc_120_commandergetcommstat","STEP_IN_PROCESS",1,"trace-detection",4
"Method:src/ui/src/mainwindow.cpp:commanderSetFilter#1","proc_121_commandersetfilter","STEP_IN_PROCESS",1,"trace-detection",1
"Method:src/ui/src/mainwindow.cpp:commanderTargetCrawler#1","proc_121_commandersetfilter","STEP_IN_PROCESS",1,"trace-detection",2
"Method:src/ui/src/mainwindow.cpp:crawlerWidgetByTabId#1","proc_121_commandersetfilter","STEP_IN_PROCESS",1,"trace-detection",3
"Method:src/ui/include/tabbedcrawlerwidget.h:TabbedCrawlerWidget.findTabById#1","proc_121_commandersetfilter","STEP_IN_PROCESS",1,"trace-detection",4
"Method:src/ui/src/mainwindow.cpp:commanderSetFilter#1","proc_122_commandersetfilter","STEP_IN_PROCESS",1,"trace-detection",1
"Method:src/ui/src/mainwindow.cpp:commanderTargetCrawler#1","proc_122_commandersetfilter","STEP_IN_PROCESS",1,"trace-detection",2
"Method:src/ui/src/mainwindow.cpp:crawlerWidgetByTabId#1","proc_122_commandersetfilter","STEP_IN_PROCESS",1,"trace-detection",3
"Method:src/ui/src/mainwindow.cpp:crawlerWidgetByIndex#1","proc_122_commandersetfilter","STEP_IN_PROCESS",1,"trace-detection",4
"Method:src/ui/src/crawlerwidget.cpp:applyCommanderPredefinedFilter#3","proc_123_applycommanderpredef","STEP_IN_PROCESS",1,"trace-detection",1
"Method:src/ui/src/crawlerwidget.cpp:applyCommanderSearchPattern#3","proc_123_applycommanderpredef","STEP_IN_PROCESS",1,"trace-detection",2
"Method:src/ui/src/crawlerwidget.cpp:startNewSearch#0","proc_123_applycommanderpredef","STEP_IN_PROCESS",1,"trace-detection",3
"Method:src/ui/include/savedsearches.h:SavedSearches.clear#0","proc_123_applycommanderpredef","STEP_IN_PROCESS",1,"trace-detection",4
"Method:src/ui/src/crawlerwidget.cpp:applyCommanderPredefinedFilter#3","proc_124_applycommanderpredef","STEP_IN_PROCESS",1,"trace-detection",1
"Method:src/ui/src/crawlerwidget.cpp:applyCommanderSearchPattern#3","proc_124_applycommanderpredef","STEP_IN_PROCESS",1,"trace-detection",2
"Method:src/ui/src/crawlerwidget.cpp:startNewSearch#0","proc_124_applycommanderpredef","STEP_IN_PROCESS",1,"trace-detection",3
"Method:src/ui/src/predefinedfiltersdialog.cpp:CenteredCheckbox.isChecked#0","proc_124_applycommanderpredef","STEP_IN_PROCESS",1,"trace-detection",4
"Method:src/ui/src/crawlerwidget.cpp:applyCommanderPredefinedFilter#3","proc_125_applycommanderpredef","STEP_IN_PROCESS",1,"trace-detection",1
"Method:src/ui/src/crawlerwidget.cpp:applyCommanderSearchPattern#3","proc_125_applycommanderpredef","STEP_IN_PROCESS",1,"trace-detection",2
"Method:src/ui/src/crawlerwidget.cpp:startNewSearch#0","proc_125_applycommanderpredef","STEP_IN_PROCESS",1,"trace-detection",3
"Method:src/ui/src/predefinedfiltersdialog.cpp:CenteredCheckbox.setChecked#1","proc_125_applycommanderpredef","STEP_IN_PROCESS",1,"trace-detection",4
"Method:src/ui/src/crawlerwidget.cpp:applyCommanderPredefinedFilter#3","proc_126_applycommanderpredef","STEP_IN_PROCESS",1,"trace-detection",1
"Method:src/ui/src/crawlerwidget.cpp:applyCommanderSearchPattern#3","proc_126_applycommanderpredef","STEP_IN_PROCESS",1,"trace-detection",2
"Method:src/ui/src/crawlerwidget.cpp:startNewSearch#0","proc_126_applycommanderpredef","STEP_IN_PROCESS",1,"trace-detection",3
"Method:src/ui/src/crawlerwidget.cpp:searchTextChangeHandler#1","proc_127_searchtextchangehand","STEP_IN_PROCESS",1,"trace-detection",1
"Method:src/ui/src/crawlerwidget.cpp:resetStateOnSearchPatternChanges#0","proc_127_searchtextchangehand","STEP_IN_PROCESS",1,"trace-detection",2
"Method:src/ui/src/crawlerwidget.cpp:printSearchInfoMessage#1","proc_127_searchtextchangehand","STEP_IN_PROCESS",1,"trace-detection",3
"Method:src/ui/include/crawlerwidget.h:SearchState.getState#0","proc_127_searchtextchangehand","STEP_IN_PROCESS",1,"trace-detection",4
"Method:src/ui/src/crawlerwidget.cpp:searchTextChangeHandler#1","proc_128_searchtextchangehand","STEP_IN_PROCESS",1,"trace-detection",1
"Method:src/ui/src/crawlerwidget.cpp:resetStateOnSearchPatternChanges#0","proc_128_searchtextchangehand","STEP_IN_PROCESS",1,"trace-detection",2
"Method:src/ui/src/crawlerwidget.cpp:printSearchInfoMessage#1","proc_128_searchtextchangehand","STEP_IN_PROCESS",1,"trace-detection",3
"Method:src/ui/include/overview.h:Overview.setVisible#1","proc_128_searchtextchangehand","STEP_IN_PROCESS",1,"trace-detection",4
"Method:src/ui/src/crawlerwidget.cpp:searchTextChangeHandler#1","proc_129_searchtextchangehand","STEP_IN_PROCESS",1,"trace-detection",1
"Method:src/ui/src/crawlerwidget.cpp:resetStateOnSearchPatternChanges#0","proc_129_searchtextchangehand","STEP_IN_PROCESS",1,"trace-detection",2
"Method:src/ui/src/crawlerwidget.cpp:printSearchInfoMessage#1","proc_129_searchtextchangehand","STEP_IN_PROCESS",1,"trace-detection",3
"Method:src/ui/include/abstractlogview.h:DigitsBuffer.isEmpty#0","proc_129_searchtextchangehand","STEP_IN_PROCESS",1,"trace-detection",4
"Method:src/ui/src/crawlerwidget.cpp:searchTextChangeHandler#1","proc_130_searchtextchangehand","STEP_IN_PROCESS",1,"trace-detection",1
"Method:src/ui/src/crawlerwidget.cpp:resetStateOnSearchPatternChanges#0","proc_130_searchtextchangehand","STEP_IN_PROCESS",1,"trace-detection",2
"Method:src/ui/src/crawlerwidget.cpp:printSearchInfoMessage#1","proc_130_searchtextchangehand","STEP_IN_PROCESS",1,"trace-detection",3
"Method:src/ui/include/savedsearches.h:SavedSearches.clear#0","proc_130_searchtextchangehand","STEP_IN_PROCESS",1,"trace-detection",4
"Method:src/ui/src/abstractlogview.cpp:selectPortionAndDisplayLine#4","proc_131_selectportionanddisp","STEP_IN_PROCESS",1,"trace-detection",1
"Method:src/ui/src/abstractlogview.cpp:displayLine#1","proc_131_selectportionanddisp","STEP_IN_PROCESS",1,"trace-detection",2
"Method:src/ui/src/abstractlogview.cpp:jumpToLine#1","proc_131_selectportionanddisp","STEP_IN_PROCESS",1,"trace-detection",3
"Method:src/ui/include/startupprogress.h:StartupProgress.setValue#3","proc_131_selectportionanddisp","STEP_IN_PROCESS",1,"trace-detection",4
"Method:src/settings/include/persistable.h:Persistable.getSynced#0","proc_132_main","STEP_IN_PROCESS",1,"trace-detection",2
"Method:src/settings/include/persistable.h:Persistable.getPersistable#1","proc_132_main","STEP_IN_PROCESS",1,"trace-detection",3
"Method:src/settings/include/persistable.h:Persistable.getSynced#0","proc_133_main","STEP_IN_PROCESS",1,"trace-detection",2
"Method:src/settings/include/persistable.h:Persistable.retrieve#0","proc_133_main","STEP_IN_PROCESS",1,"trace-detection",3
"Method:src/ui/src/mainwindow.cpp:executeCommanderRequest#1","proc_134_executecommanderrequ","STEP_IN_PROCESS",1,"trace-detection",1
"Method:src/ui/src/mainwindow.cpp:loadFile#2","proc_134_executecommanderrequ","STEP_IN_PROCESS",1,"trace-detection",2
"Method:src/app/messagereceiver.h:MessageReceiver.activateWindow#0","proc_134_executecommanderrequ","STEP_IN_PROCESS",1,"trace-detection",3
"Method:src/ui/src/mainwindow.cpp:executeCommanderRequest#1","proc_135_executecommanderrequ","STEP_IN_PROCESS",1,"trace-detection",1
"Method:src/ui/src/mainwindow.cpp:loadFile#2","proc_135_executecommanderrequ","STEP_IN_PROCESS",1,"trace-detection",2
"Method:src/settings/include/configuration.h:Configuration.extractArchives#0","proc_135_executecommanderrequ","STEP_IN_PROCESS",1,"trace-detection",3
"Method:src/ui/src/mainwindow.cpp:executeCommanderRequest#1","proc_136_executecommanderrequ","STEP_IN_PROCESS",1,"trace-detection",1
"Method:src/ui/src/mainwindow.cpp:loadFile#2","proc_136_executecommanderrequ","STEP_IN_PROCESS",1,"trace-detection",2
"Method:src/ui/include/sessioninfo.h:SessionInfo.windows#0","proc_136_executecommanderrequ","STEP_IN_PROCESS",1,"trace-detection",3
"Method:src/ui/src/mainwindow.cpp:executeCommanderRequest#1","proc_137_executecommanderrequ","STEP_IN_PROCESS",1,"trace-detection",1
"Method:src/ui/src/mainwindow.cpp:openRemoteFile#3","proc_137_executecommanderrequ","STEP_IN_PROCESS",1,"trace-detection",2
"Method:src/ui/src/mainwindow.cpp:executeCommanderRequest#1","proc_138_executecommanderrequ","STEP_IN_PROCESS",1,"trace-detection",1
"Method:src/ui/src/mainwindow.cpp:openRemoteFile#3","proc_138_executecommanderrequ","STEP_IN_PROCESS",1,"trace-detection",2
"Method:src/ui/include/startupprogress.h:StartupProgress.setRange#2","proc_138_executecommanderrequ","STEP_IN_PROCESS",1,"trace-detection",3
"Method:src/ui/src/mainwindow.cpp:executeCommanderRequest#1","proc_139_executecommanderrequ","STEP_IN_PROCESS",1,"trace-detection",1
"Method:src/ui/src/mainwindow.cpp:openRemoteFile#3","proc_139_executecommanderrequ","STEP_IN_PROCESS",1,"trace-detection",2
"Method:src/ui/include/startupprogress.h:StartupProgress.setValue#3","proc_139_executecommanderrequ","STEP_IN_PROCESS",1,"trace-detection",3
"Method:src/settings/include/persistable.h:Persistable.getSynced#0","proc_140_main","STEP_IN_PROCESS",1,"trace-detection",2
"Method:src/settings/include/persistable.h:Persistable.getPersistable#1","proc_140_main","STEP_IN_PROCESS",1,"trace-detection",3
"Method:src/settings/include/persistable.h:Persistable.getSynced#0","proc_141_main","STEP_IN_PROCESS",1,"trace-detection",2
"Method:src/settings/include/persistable.h:Persistable.retrieve#0","proc_141_main","STEP_IN_PROCESS",1,"trace-detection",3
"Method:src/ui/src/quickfindwidget.cpp:QuickFindWidget#1","proc_142_quickfindwidget","STEP_IN_PROCESS",1,"trace-detection",1
"Method:src/ui/src/quickfindwidget.cpp:setupToolButton#2","proc_142_quickfindwidget","STEP_IN_PROCESS",1,"trace-detection",2
"Method:src/ui/src/optionsdialog.cpp:OptionsDialog#1","proc_143_optionsdialog","STEP_IN_PROCESS",1,"trace-detection",1
"Method:src/ui/src/optionsdialog.cpp:setupTabs#0","proc_143_optionsdialog","STEP_IN_PROCESS",1,"trace-detection",2
"Method:src/ui/include/overview.h:Overview.setVisible#1","proc_143_optionsdialog","STEP_IN_PROCESS",1,"trace-detection",3
"Method:src/ui/src/optionsdialog.cpp:OptionsDialog#1","proc_144_optionsdialog","STEP_IN_PROCESS",1,"trace-detection",1
"Method:src/ui/src/optionsdialog.cpp:setupFontList#0","proc_144_optionsdialog","STEP_IN_PROCESS",1,"trace-detection",2
"Method:src/ui/include/fontutils.h:FontUtils.availableFonts#0","proc_144_optionsdialog","STEP_IN_PROCESS",1,"trace-detection",3
"Method:src/ui/src/optionsdialog.cpp:OptionsDialog#1","proc_145_optionsdialog","STEP_IN_PROCESS",1,"trace-detection",1
"Method:src/ui/src/optionsdialog.cpp:setupStyles#0","proc_145_optionsdialog","STEP_IN_PROCESS",1,"trace-detection",2
"Method:src/settings/include/styles.h:StyleManager.availableStyles#0","proc_145_optionsdialog","STEP_IN_PROCESS",1,"trace-detection",3
"Method:src/ui/src/mainwindow.cpp:MainWindow#1","proc_146_mainwindow","STEP_IN_PROCESS",1,"trace-detection",1
"Method:src/ui/include/session.h:WindowSession.getQuickFindPattern#0","proc_146_mainwindow","STEP_IN_PROCESS",1,"trace-detection",2
"Method:src/ui/include/session.h:Session.quickFindPattern#0","proc_146_mainwindow","STEP_IN_PROCESS",1,"trace-detection",3
"Method:src/ui/src/mainwindow.cpp:MainWindow#1","proc_147_mainwindow","STEP_IN_PROCESS",1,"trace-detection",1
"Method:src/ui/src/mainwindow.cpp:createActions#0","proc_147_mainwindow","STEP_IN_PROCESS",1,"trace-detection",2
"Method:src/ui/src/mainwindow.cpp:MainWindow#1","proc_148_mainwindow","STEP_IN_PROCESS",1,"trace-detection",1
"Method:src/ui/src/mainwindow.cpp:createActions#0","proc_148_mainwindow","STEP_IN_PROCESS",1,"trace-detection",2
"Method:src/ui/include/overview.h:Overview.setVisible#1","proc_148_mainwindow","STEP_IN_PROCESS",1,"trace-detection",3
"Method:src/ui/src/mainwindow.cpp:MainWindow#1","proc_149_mainwindow","STEP_IN_PROCESS",1,"trace-detection",1
"Method:src/ui/src/mainwindow.cpp:createActions#0","proc_149_mainwindow","STEP_IN_PROCESS",1,"trace-detection",2
"Method:src/settings/include/configuration.h:Configuration.allowMultipleWindows#0","proc_149_mainwindow","STEP_IN_PROCESS",1,"trace-detection",3
"Method:src/ui/src/mainwindow.cpp:MainWindow#1","proc_150_mainwindow","STEP_IN_PROCESS",1,"trace-detection",1
"Method:src/ui/src/mainwindow.cpp:createMenus#0","proc_150_mainwindow","STEP_IN_PROCESS",1,"trace-detection",2
"Method:src/ui/src/mainwindow.cpp:MainWindow#1","proc_151_mainwindow","STEP_IN_PROCESS",1,"trace-detection",1
"Method:src/ui/src/mainwindow.cpp:createMenus#0","proc_151_mainwindow","STEP_IN_PROCESS",1,"trace-detection",2
"Method:src/ui/include/highlightersmenu.h:HighlightersMenu.setApplyChange#1","proc_151_mainwindow","STEP_IN_PROCESS",1,"trace-detection",3
"Method:src/ui/src/mainwindow.cpp:MainWindow#1","proc_152_mainwindow","STEP_IN_PROCESS",1,"trace-detection",1
"Method:src/ui/src/mainwindow.cpp:createMenus#0","proc_152_mainwindow","STEP_IN_PROCESS",1,"trace-detection",2
"Method:src/ui/include/crawlerwidget.h:CrawlerWidget.applyConfiguration#0","proc_152_mainwindow","STEP_IN_PROCESS",1,"trace-detection",3
"Method:src/ui/src/mainwindow.cpp:MainWindow#1","proc_153_mainwindow","STEP_IN_PROCESS",1,"trace-detection",1
"Method:src/ui/src/mainwindow.cpp:createToolBars#0","proc_153_mainwindow","STEP_IN_PROCESS",1,"trace-detection",2
"Method:src/ui/src/mainwindow.cpp:MainWindow#1","proc_154_mainwindow","STEP_IN_PROCESS",1,"trace-detection",1
"Method:src/ui/src/mainwindow.cpp:createToolBars#0","proc_154_mainwindow","STEP_IN_PROCESS",1,"trace-detection",2
"Method:src/ui/src/scratchpad.cpp:ScratchPad#1","proc_155_scratchpad","STEP_IN_PROCESS",1,"trace-detection",1
"Method:src/ui/src/scratchpad.cpp:decodeBase64#0","proc_155_scratchpad","STEP_IN_PROCESS",1,"trace-detection",2
"Method:src/ui/src/abstractlogview.cpp:LineChunk.end#0","proc_155_scratchpad","STEP_IN_PROCESS",1,"trace-detection",3
"Method:src/ui/src/abstractlogview.cpp:AbstractLogView#3","proc_156_abstractlogview","STEP_IN_PROCESS",1,"trace-detection",1
"Method:src/ui/src/abstractlogview.cpp:createMenu#0","proc_156_abstractlogview","STEP_IN_PROCESS",1,"trace-detection",2
"Method:src/ui/src/highlightersdialog.cpp:HighlightersDialog#1","proc_157_highlightersdialog","STEP_IN_PROCESS",1,"trace-detection",1
"Method:src/settings/include/persistable.h:Persistable.getSynced#0","proc_157_highlightersdialog","STEP_IN_PROCESS",1,"trace-detection",2
"Method:src/settings/include/persistable.h:Persistable.getPersistable#1","proc_157_highlightersdialog","STEP_IN_PROCESS",1,"trace-detection",3
"Method:src/ui/src/highlightersdialog.cpp:HighlightersDialog#1","proc_158_highlightersdialog","STEP_IN_PROCESS",1,"trace-detection",1
"Method:src/settings/include/persistable.h:Persistable.getSynced#0","proc_158_highlightersdialog","STEP_IN_PROCESS",1,"trace-detection",2
"Method:src/settings/include/persistable.h:Persistable.retrieve#0","proc_158_highlightersdialog","STEP_IN_PROCESS",1,"trace-detection",3
"Method:src/ui/src/highlightersdialog.cpp:HighlightersDialog#1","proc_159_highlightersdialog","STEP_IN_PROCESS",1,"trace-detection",1
"Method:src/ui/src/highlightersdialog.cpp:populateHighlighterList#0","proc_159_highlightersdialog","STEP_IN_PROCESS",1,"trace-detection",2
"Method:src/ui/src/highlightersdialog.cpp:HighlightersDialog#1","proc_160_highlightersdialog","STEP_IN_PROCESS",1,"trace-detection",1
"Method:src/ui/src/highlightersdialog.cpp:populateHighlighterList#0","proc_160_highlightersdialog","STEP_IN_PROCESS",1,"trace-detection",2
"Method:src/ui/src/highlightersdialog.cpp:HighlightersDialog#1","proc_161_highlightersdialog","STEP_IN_PROCESS",1,"trace-detection",1
"Method:src/ui/src/highlightersdialog.cpp:populateHighlighterList#0","proc_161_highlightersdialog","STEP_IN_PROCESS",1,"trace-detection",2
"Method:src/ui/include/highlighterset.h:HighlighterSet.name#0","proc_161_highlightersdialog","STEP_IN_PROCESS",1,"trace-detection",3
"Method:src/ui/src/highlightersdialog.cpp:HighlightersDialog#1","proc_162_highlightersdialog","STEP_IN_PROCESS",1,"trace-detection",1
"Method:src/ui/src/highlightersdialog.cpp:setCurrentRow#1","proc_162_highlightersdialog","STEP_IN_PROCESS",1,"trace-detection",2
"Method:src/ui/src/optionsdialog.cpp:updateDialogFromConfig#0","proc_163_updatedialogfromconf","STEP_IN_PROCESS",1,"trace-detection",1
"Method:src/ui/src/optionsdialog.cpp:updateFontSize#1","proc_163_updatedialogfromconf","STEP_IN_PROCESS",1,"trace-detection",2
"Method:src/ui/include/savedsearches.h:SavedSearches.clear#0","proc_163_updatedialogfromconf","STEP_IN_PROCESS",1,"trace-detection",3
"Method:src/app/scenarioheadlessrunner.cpp:run#1","proc_164_run","STEP_IN_PROCESS",1,"trace-detection",1
"Method:src/app/scenarioheadlessrunner.cpp:run#1","proc_165_run","STEP_IN_PROCESS",1,"trace-detection",1
"Method:src/ui/src/abstractlogview.cpp:LineChunk.end#0","proc_165_run","STEP_IN_PROCESS",1,"trace-detection",3
"Method:src/app/scenarioheadlessrunner.cpp:run#1","proc_166_run","STEP_IN_PROCESS",1,"trace-detection",1
"Method:src/app/scenarioheadlessrunner.cpp:run#1","proc_167_run","STEP_IN_PROCESS",1,"trace-detection",1
"Method:src/app/scenarioheadlessrunner.cpp:run#1","proc_168_run","STEP_IN_PROCESS",1,"trace-detection",1
"Method:src/ui/src/abstractlogview.cpp:mousePressEvent#1","proc_169_mousepressevent","STEP_IN_PROCESS",1,"trace-detection",1
"Method:src/ui/src/abstractlogview.cpp:convertCoordToLine#1","proc_169_mousepressevent","STEP_IN_PROCESS",1,"trace-detection",2
"Method:src/ui/src/abstractlogview.cpp:LineChunk.size#0","proc_169_mousepressevent","STEP_IN_PROCESS",1,"trace-detection",3
"Method:src/ui/src/abstractlogview.cpp:mousePressEvent#1","proc_170_mousepressevent","STEP_IN_PROCESS",1,"trace-detection",1
"Method:src/ui/src/abstractlogview.cpp:convertCoordToLine#1","proc_170_mousepressevent","STEP_IN_PROCESS",1,"trace-detection",2
"Method:src/ui/src/abstractlogview.cpp:LineDrawer.empty#0","proc_170_mousepressevent","STEP_IN_PROCESS",1,"trace-detection",3
"Method:src/ui/src/abstractlogview.cpp:mousePressEvent#1","proc_171_mousepressevent","STEP_IN_PROCESS",1,"trace-detection",1
"Method:src/ui/src/abstractlogview.cpp:convertCoordToFilePos#1","proc_171_mousepressevent","STEP_IN_PROCESS",1,"trace-detection",2
"Method:src/ui/src/abstractlogview.cpp:mousePressEvent#1","proc_172_mousepressevent","STEP_IN_PROCESS",1,"trace-detection",1
"Method:src/ui/src/abstractlogview.cpp:convertCoordToFilePos#1","proc_172_mousepressevent","STEP_IN_PROCESS",1,"trace-detection",2
"Method:src/ui/include/wrappedstring.h:WrappedString.unwrappedLine#0","proc_172_mousepressevent","STEP_IN_PROCESS",1,"trace-detection",3
"Method:src/ui/src/predefinedfiltersdialog.cpp:PredefinedFiltersDialog#1","proc_173_predefinedfiltersdia","STEP_IN_PROCESS",1,"trace-detection",1
"Method:src/ui/src/predefinedfiltersdialog.cpp:populateFiltersTable#1","proc_173_predefinedfiltersdia","STEP_IN_PROCESS",1,"trace-detection",2
"Method:src/ui/src/predefinedfiltersdialog.cpp:PredefinedFiltersDialog#1","proc_174_predefinedfiltersdia","STEP_IN_PROCESS",1,"trace-detection",1
"Method:src/ui/src/predefinedfiltersdialog.cpp:populateFiltersTable#1","proc_174_predefinedfiltersdia","STEP_IN_PROCESS",1,"trace-detection",2
"Method:src/ui/src/predefinedfiltersdialog.cpp:CenteredCheckbox.setChecked#1","proc_174_predefinedfiltersdia","STEP_IN_PROCESS",1,"trace-detection",3
"Method:src/ui/src/predefinedfiltersdialog.cpp:PredefinedFiltersDialog#1","proc_175_predefinedfiltersdia","STEP_IN_PROCESS",1,"trace-detection",1
"Method:src/settings/include/persistable.h:Persistable.getSynced#0","proc_175_predefinedfiltersdia","STEP_IN_PROCESS",1,"trace-detection",2
"Method:src/settings/include/persistable.h:Persistable.getPersistable#1","proc_175_predefinedfiltersdia","STEP_IN_PROCESS",1,"trace-detection",3
"Method:src/ui/src/predefinedfiltersdialog.cpp:PredefinedFiltersDialog#1","proc_176_predefinedfiltersdia","STEP_IN_PROCESS",1,"trace-detection",1
"Method:src/settings/include/persistable.h:Persistable.getSynced#0","proc_176_predefinedfiltersdia","STEP_IN_PROCESS",1,"trace-detection",2
"Method:src/settings/include/persistable.h:Persistable.retrieve#0","proc_176_predefinedfiltersdia","STEP_IN_PROCESS",1,"trace-detection",3
"Method:src/settings/include/persistable.h:Persistable.getSynced#0","proc_177_main","STEP_IN_PROCESS",1,"trace-detection",2
"Method:src/settings/include/persistable.h:Persistable.getPersistable#1","proc_177_main","STEP_IN_PROCESS",1,"trace-detection",3
"Method:src/settings/include/persistable.h:Persistable.getSynced#0","proc_178_main","STEP_IN_PROCESS",1,"trace-detection",2
"Method:src/settings/include/persistable.h:Persistable.retrieve#0","proc_178_main","STEP_IN_PROCESS",1,"trace-detection",3
"Method:src/ui/src/mainwindow.cpp:reloadSession#0","proc_179_reloadsession","STEP_IN_PROCESS",1,"trace-detection",1
"Method:src/settings/include/configuration.h:Configuration.anyFileWatchEnabled#0","proc_179_reloadsession","STEP_IN_PROCESS",1,"trace-detection",2
"Method:src/settings/include/configuration.h:Configuration.nativeFileWatchEnabled#0","proc_179_reloadsession","STEP_IN_PROCESS",1,"trace-detection",3
"Method:src/ui/src/mainwindow.cpp:reloadSession#0","proc_180_reloadsession","STEP_IN_PROCESS",1,"trace-detection",1
"Method:src/settings/include/configuration.h:Configuration.anyFileWatchEnabled#0","proc_180_reloadsession","STEP_IN_PROCESS",1,"trace-detection",2
"Method:src/settings/include/configuration.h:Configuration.pollingEnabled#0","proc_180_reloadsession","STEP_IN_PROCESS",1,"trace-detection",3
"Method:src/ui/src/crawlerwidget.cpp:loadingFinishedHandler#1","proc_181_loadingfinishedhandl","STEP_IN_PROCESS",1,"trace-detection",1
"Method:src/ui/src/crawlerwidget.cpp:restorePendingSearchExpression#1","proc_181_loadingfinishedhandl","STEP_IN_PROCESS",1,"trace-detection",2
"Method:src/ui/include/startupprogress.h:StartupProgress.advance#3","proc_181_loadingfinishedhandl","STEP_IN_PROCESS",1,"trace-detection",3
"Method:src/logdata/src/logdataworker.cpp:run#0","proc_182_run","STEP_IN_PROCESS",1,"trace-detection",1
"Method:src/logdata/src/logdataworker.cpp:doIndex#1","proc_182_run","STEP_IN_PROCESS",1,"trace-detection",2
"Method:src/logdata/src/logdataworker.cpp:setEncodingGuess#1","proc_182_run","STEP_IN_PROCESS",1,"trace-detection",3
"Method:src/logdata/src/logdataworker.cpp:run#0","proc_183_run","STEP_IN_PROCESS",1,"trace-detection",1
"Method:src/logdata/src/logdataworker.cpp:doIndex#1","proc_183_run","STEP_IN_PROCESS",1,"trace-detection",2
"Method:src/logdata/src/logdataworker.cpp:setProgress#1","proc_183_run","STEP_IN_PROCESS",1,"trace-detection",3
"Method:src/logdata/src/logdataworker.cpp:run#0","proc_184_run","STEP_IN_PROCESS",1,"trace-detection",1
"Method:src/logdata/src/logdataworker.cpp:doIndex#1","proc_184_run","STEP_IN_PROCESS",1,"trace-detection",2
"Method:src/logdata/src/logdataworker.cpp:getForcedEncoding#0","proc_184_run","STEP_IN_PROCESS",1,"trace-detection",3
"Method:src/logdata/src/logdataworker.cpp:run#0","proc_185_run","STEP_IN_PROCESS",1,"trace-detection",1
"Method:src/crash_handler/src/crashhandler.cpp:CrashHandler#0","proc_186_crashhandler","STEP_IN_PROCESS",1,"trace-detection",1
"Method:src/crash_handler/include/issuereporter.h:IssueReporter.reportIssue#3","proc_186_crashhandler","STEP_IN_PROCESS",1,"trace-detection",3
"Method:src/ui/src/predefinedfilterscombobox.cpp:PredefinedFiltersComboBox#1","proc_187_predefinedfilterscom","STEP_IN_PROCESS",1,"trace-detection",1
"Method:src/ui/src/predefinedfilterscombobox.cpp:populatePredefinedFilters#0","proc_187_predefinedfilterscom","STEP_IN_PROCESS",1,"trace-detection",2
"Method:src/ui/src/predefinedfilterscombobox.cpp:setTitle#1","proc_187_predefinedfilterscom","STEP_IN_PROCESS",1,"trace-detection",3
"Method:src/ui/src/crawlerwidget.cpp:updateFilteredView#3","proc_188_updatefilteredview","STEP_IN_PROCESS",1,"trace-detection",1
"Method:src/ui/src/crawlerwidget.cpp:printSearchInfoMessage#1","proc_188_updatefilteredview","STEP_IN_PROCESS",1,"trace-detection",2
"Method:src/ui/include/crawlerwidget.h:SearchState.getState#0","proc_188_updatefilteredview","STEP_IN_PROCESS",1,"trace-detection",3
"Method:src/ui/src/crawlerwidget.cpp:updateFilteredView#3","proc_189_updatefilteredview","STEP_IN_PROCESS",1,"trace-detection",1
"Method:src/ui/src/crawlerwidget.cpp:printSearchInfoMessage#1","proc_189_updatefilteredview","STEP_IN_PROCESS",1,"trace-detection",2
"Method:src/ui/include/overview.h:Overview.setVisible#1","proc_189_updatefilteredview","STEP_IN_PROCESS",1,"trace-detection",3
"Method:src/ui/src/crawlerwidget.cpp:updateFilteredView#3","proc_190_updatefilteredview","STEP_IN_PROCESS",1,"trace-detection",1
"Method:src/ui/src/crawlerwidget.cpp:printSearchInfoMessage#1","proc_190_updatefilteredview","STEP_IN_PROCESS",1,"trace-detection",2
"Method:src/ui/include/abstractlogview.h:DigitsBuffer.isEmpty#0","proc_190_updatefilteredview","STEP_IN_PROCESS",1,"trace-detection",3
"Method:src/ui/src/crawlerwidget.cpp:updateFilteredView#3","proc_191_updatefilteredview","STEP_IN_PROCESS",1,"trace-detection",1
"Method:src/ui/src/crawlerwidget.cpp:printSearchInfoMessage#1","proc_191_updatefilteredview","STEP_IN_PROCESS",1,"trace-detection",2
"Method:src/ui/include/savedsearches.h:SavedSearches.clear#0","proc_191_updatefilteredview","STEP_IN_PROCESS",1,"trace-detection",3
"Method:src/ui/include/streamsession.h:StreamSession.notifyActionSend#4","proc_195_executeresponsedefin","STEP_IN_PROCESS",1,"trace-detection",3
"Method:src/app/kloggapp.h:KloggApp.reloadSession#0","proc_196_reloadsession","STEP_IN_PROCESS",1,"trace-detection",1
"Method:src/app/kloggapp.h:KloggApp.newWindow#1","proc_196_reloadsession","STEP_IN_PROCESS",1,"trace-detection",2
"Method:src/app/kloggapp.h:KloggApp.reloadSession#0","proc_197_reloadsession","STEP_IN_PROCESS",1,"trace-detection",1
"Method:src/app/kloggapp.h:KloggApp.newWindow#1","proc_197_reloadsession","STEP_IN_PROCESS",1,"trace-detection",2
"Method:src/ui/include/highlightedmatch.h:HighlightedMatchRanges.back#0","proc_197_reloadsession","STEP_IN_PROCESS",1,"trace-detection",3
"Method:src/app/kloggapp.h:KloggApp.reloadSession#0","proc_198_reloadsession","STEP_IN_PROCESS",1,"trace-detection",1
"Method:src/app/kloggapp.h:KloggApp.newWindow#1","proc_198_reloadsession","STEP_IN_PROCESS",1,"trace-detection",2
"Method:src/app/kloggapp.h:KloggApp.applyAutomationGeometry#1","proc_198_reloadsession","STEP_IN_PROCESS",1,"trace-detection",3
"Method:src/ui/src/tabbedcrawlerwidget.cpp:showContextMenu#2","proc_199_showcontextmenu","STEP_IN_PROCESS",1,"trace-detection",1
"Method:src/ui/src/tabbedcrawlerwidget.cpp:streamSessionForTab#1","proc_199_showcontextmenu","STEP_IN_PROCESS",1,"trace-detection",2
"Method:src/ui/src/tabbedcrawlerwidget.cpp:tabPathAt#1","proc_199_showcontextmenu","STEP_IN_PROCESS",1,"trace-detection",3
"Method:src/ui/src/tabbedcrawlerwidget.cpp:showContextMenu#2","proc_200_showcontextmenu","STEP_IN_PROCESS",1,"trace-detection",1
"Method:src/ui/src/tabbedcrawlerwidget.cpp:streamSessionForTab#1","proc_200_showcontextmenu","STEP_IN_PROCESS",1,"trace-detection",2
"Method:src/ui/src/abstractlogview.cpp:LineChunk.end#0","proc_200_showcontextmenu","STEP_IN_PROCESS",1,"trace-detection",3
"Method:src/ui/src/abstractlogview.cpp:paintEvent#1","proc_201_paintevent","STEP_IN_PROCESS",1,"trace-detection",1
"Method:src/ui/src/abstractlogview.cpp:drawTextArea#1","proc_201_paintevent","STEP_IN_PROCESS",1,"trace-detection",2
"Method:src/ui/src/abstractlogview.cpp:paintEvent#1","proc_202_paintevent","STEP_IN_PROCESS",1,"trace-detection",1
"Method:src/ui/src/abstractlogview.cpp:drawTextArea#1","proc_202_paintevent","STEP_IN_PROCESS",1,"trace-detection",2
"Method:src/ui/include/highlighterset.h:HighlighterSetCollection.currentActiveSet#0","proc_202_paintevent","STEP_IN_PROCESS",1,"trace-detection",3
"Method:src/ui/src/abstractlogview.cpp:paintEvent#1","proc_203_paintevent","STEP_IN_PROCESS",1,"trace-detection",1
"Method:src/ui/src/abstractlogview.cpp:drawTextArea#1","proc_203_paintevent","STEP_IN_PROCESS",1,"trace-detection",2
"Method:src/ui/include/highlighterset.h:HighlighterSetCollection.quickHighlighters#0","proc_203_paintevent","STEP_IN_PROCESS",1,"trace-detection",3
"Method:src/regex/src/regularexpression.cpp:RegularExpression#1","proc_204_regularexpression","STEP_IN_PROCESS",1,"trace-detection",1
"Method:src/regex/include/regularexpressionpattern.h:RegularExpressionPattern.id#0","proc_204_regularexpression","STEP_IN_PROCESS",1,"trace-detection",3
"Method:src/regex/src/regularexpression.cpp:RegularExpression#1","proc_205_regularexpression","STEP_IN_PROCESS",1,"trace-detection",1
"Method:src/regex/src/regularexpression.cpp:match#1","proc_205_regularexpression","STEP_IN_PROCESS",1,"trace-detection",3
"Method:src/ui/src/session.cpp:restore#2","proc_206_restore","STEP_IN_PROCESS",1,"trace-detection",1
"Method:src/settings/include/persistable.h:Persistable.getSynced#0","proc_206_restore","STEP_IN_PROCESS",1,"trace-detection",2
"Method:src/settings/include/persistable.h:Persistable.getPersistable#1","proc_206_restore","STEP_IN_PROCESS",1,"trace-detection",3
"Method:src/ui/src/session.cpp:restore#2","proc_207_restore","STEP_IN_PROCESS",1,"trace-detection",1
"Method:src/settings/include/persistable.h:Persistable.getSynced#0","proc_207_restore","STEP_IN_PROCESS",1,"trace-detection",2
"Method:src/settings/include/persistable.h:Persistable.retrieve#0","proc_207_restore","STEP_IN_PROCESS",1,"trace-detection",3
"Method:src/settings/include/persistable.h:Persistable.getSynced#0","proc_208_main","STEP_IN_PROCESS",1,"trace-detection",2
"Method:src/settings/include/persistable.h:Persistable.getPersistable#1","proc_208_main","STEP_IN_PROCESS",1,"trace-detection",3
"Method:src/settings/include/persistable.h:Persistable.getSynced#0","proc_209_main","STEP_IN_PROCESS",1,"trace-detection",2
"Method:src/settings/include/persistable.h:Persistable.retrieve#0","proc_209_main","STEP_IN_PROCESS",1,"trace-detection",3
"Method:src/ui/src/previewmessagetab.cpp:PreviewMessageTab#4","proc_210_previewmessagetab","STEP_IN_PROCESS",1,"trace-detection",1
"Method:src/ui/src/previewmessagetab.cpp:buildUi#0","proc_210_previewmessagetab","STEP_IN_PROCESS",1,"trace-detection",2
"Method:src/ui/src/previewmessagetab.cpp:PreviewMessageTab#4","proc_211_previewmessagetab","STEP_IN_PROCESS",1,"trace-detection",1
"Method:src/ui/src/previewmessagetab.cpp:buildUi#0","proc_211_previewmessagetab","STEP_IN_PROCESS",1,"trace-detection",2
"Method:src/ui/src/previewmessagetab.cpp:PreviewMessageTab#4","proc_212_previewmessagetab","STEP_IN_PROCESS",1,"trace-detection",1
"Method:src/ui/src/previewmessagetab.cpp:buildUi#0","proc_212_previewmessagetab","STEP_IN_PROCESS",1,"trace-detection",2
"Method:src/ui/src/previewmessagetab.cpp:PreviewMessageTab#4","proc_213_previewmessagetab","STEP_IN_PROCESS",1,"trace-detection",1
"Method:src/ui/src/previewmessagetab.cpp:buildUi#0","proc_213_previewmessagetab","STEP_IN_PROCESS",1,"trace-detection",2
"Method:src/ui/src/previewmessagetab.cpp:PreviewMessageTab#4","proc_214_previewmessagetab","STEP_IN_PROCESS",1,"trace-detection",1
"Method:src/ui/src/previewmessagetab.cpp:updateRawLineHeight#0","proc_214_previewmessagetab","STEP_IN_PROCESS",1,"trace-detection",2
"Method:src/ui/include/overview.h:Overview.isVisible#0","proc_214_previewmessagetab","STEP_IN_PROCESS",1,"trace-detection",3
"Method:src/ui/src/abstractlogview.cpp:updateData#0","proc_215_updatedata","STEP_IN_PROCESS",1,"trace-detection",1
"Method:src/ui/src/abstractlogview.cpp:updateScrollBars#0","proc_215_updatedata","STEP_IN_PROCESS",1,"trace-detection",2
"Method:src/regex/src/hsregularexpression.cpp:HsRegularExpression#1","proc_216_hsregularexpression","STEP_IN_PROCESS",1,"trace-detection",1
"Method:src/regex/src/hsregularexpression.cpp:HsRegularExpression#1","proc_217_hsregularexpression","STEP_IN_PROCESS",1,"trace-detection",1
"Method:src/regex/src/hsregularexpression.cpp:HsRegularExpression#1","proc_218_hsregularexpression","STEP_IN_PROCESS",1,"trace-detection",1
"Method:src/regex/src/hsregularexpression.cpp:HsRegularExpression#1","proc_219_hsregularexpression","STEP_IN_PROCESS",1,"trace-detection",1
"Method:src/app/labcontrollerservice.cpp:handleAgentDisconnected#0","proc_220_handleagentdisconnec","STEP_IN_PROCESS",1,"trace-detection",1
"Method:src/app/labcontrollerservice.cpp:updateAgentStatus#4","proc_220_handleagentdisconnec","STEP_IN_PROCESS",1,"trace-detection",2
"Method:src/app/labcontrollerservice.cpp:handleAgentDisconnected#0","proc_221_handleagentdisconnec","STEP_IN_PROCESS",1,"trace-detection",1
"Method:src/app/labcontrollerservice.cpp:updateAgentStatus#4","proc_221_handleagentdisconnec","STEP_IN_PROCESS",1,"trace-detection",2
"Method:src/app/labcontrollerservice.cpp:handleAgentDisconnected#0","proc_222_handleagentdisconnec","STEP_IN_PROCESS",1,"trace-detection",1
"Method:src/app/labcontrollerservice.cpp:updateAgentStatus#4","proc_222_handleagentdisconnec","STEP_IN_PROCESS",1,"trace-detection",2
"Method:src/ui/src/abstractlogview.cpp:doRegisterShortcuts#0","proc_223_doregistershortcuts","STEP_IN_PROCESS",1,"trace-detection",1
"Method:src/ui/src/abstractlogview.cpp:registerShortcut#2","proc_223_doregistershortcuts","STEP_IN_PROCESS",1,"trace-detection",2
"Method:src/settings/include/configuration.h:Configuration.shortcuts#0","proc_223_doregistershortcuts","STEP_IN_PROCESS",1,"trace-detection",3
"Method:src/ui/src/abstractlogview.cpp:doRegisterShortcuts#0","proc_224_doregistershortcuts","STEP_IN_PROCESS",1,"trace-detection",1
"Method:src/ui/src/abstractlogview.cpp:moveSelectionUp#0","proc_224_doregistershortcuts","STEP_IN_PROCESS",1,"trace-detection",2
"Method:src/ui/src/scenariorunner.cpp:runScenario#1","proc_225_runscenario","STEP_IN_PROCESS",1,"trace-detection",1
"Method:src/ui/src/scenariorunner.cpp:resetRunState#0","proc_225_runscenario","STEP_IN_PROCESS",1,"trace-detection",2
"Method:src/ui/src/scenariorunner.cpp:resetSocketState#0","proc_225_runscenario","STEP_IN_PROCESS",1,"trace-detection",3
"Method:src/ui/src/scenariorunner.cpp:runSuite#1","proc_226_runsuite","STEP_IN_PROCESS",1,"trace-detection",1
"Method:src/ui/src/scenariorunner.cpp:resetRunState#0","proc_226_runsuite","STEP_IN_PROCESS",1,"trace-detection",2
"Method:src/ui/src/scenariorunner.cpp:resetSocketState#0","proc_226_runsuite","STEP_IN_PROCESS",1,"trace-detection",3
"Method:src/ui/src/tabbedcrawlerwidget.cpp:addTabBarItem#2","proc_227_addtabbaritem","STEP_IN_PROCESS",1,"trace-detection",1
"Method:src/ui/src/tabbedcrawlerwidget.cpp:updateTabPresentation#1","proc_227_addtabbaritem","STEP_IN_PROCESS",1,"trace-detection",2
"Method:src/ui/src/tabbedcrawlerwidget.cpp:tabPathAt#1","proc_227_addtabbaritem","STEP_IN_PROCESS",1,"trace-detection",3
"Method:src/ui/src/tabbedcrawlerwidget.cpp:addTabBarItem#2","proc_228_addtabbaritem","STEP_IN_PROCESS",1,"trace-detection",1
"Method:src/ui/src/tabbedcrawlerwidget.cpp:updateTabPresentation#1","proc_228_addtabbaritem","STEP_IN_PROCESS",1,"trace-detection",2
"Method:src/ui/src/tabbedcrawlerwidget.cpp:tabMetadataValue#2","proc_228_addtabbaritem","STEP_IN_PROCESS",1,"trace-detection",3
"Method:src/ui/src/tabbedcrawlerwidget.cpp:addTabBarItem#2","proc_229_addtabbaritem","STEP_IN_PROCESS",1,"trace-detection",1
"Method:src/ui/src/tabbedcrawlerwidget.cpp:updateTabPresentation#1","proc_229_addtabbaritem","STEP_IN_PROCESS",1,"trace-detection",2
"Method:src/ui/src/tabbedcrawlerwidget.cpp:updateIcon#1","proc_229_addtabbaritem","STEP_IN_PROCESS",1,"trace-detection",3
"Method:src/ui/src/tabbedcrawlerwidget.cpp:addTabBarItem#2","proc_230_addtabbaritem","STEP_IN_PROCESS",1,"trace-detection",1
"Method:src/ui/src/tabbedcrawlerwidget.cpp:updateTabBarVisibility#0","proc_230_addtabbaritem","STEP_IN_PROCESS",1,"trace-detection",2
"Method:src/ui/include/overview.h:Overview.setVisible#1","proc_230_addtabbaritem","STEP_IN_PROCESS",1,"trace-detection",3
"Method:src/ui/src/scriptsupervisor.cpp:runScript#1","proc_231_runscript","STEP_IN_PROCESS",1,"trace-detection",1
"Method:src/ui/src/scriptsupervisor.cpp:resolveTargetInfo#3","proc_231_runscript","STEP_IN_PROCESS",1,"trace-detection",2
"Method:src/ui/src/scriptsupervisor.cpp:resolveTargetInfo#2","proc_231_runscript","STEP_IN_PROCESS",1,"trace-detection",3
"Method:src/ui/src/scriptsupervisor.cpp:runScript#1","proc_232_runscript","STEP_IN_PROCESS",1,"trace-detection",1
"Method:src/ui/src/scriptsupervisor.cpp:resolveTargetInfo#3","proc_232_runscript","STEP_IN_PROCESS",1,"trace-detection",2
"Method:src/ui/include/commander.h:CommanderResult.ok#0","proc_232_runscript","STEP_IN_PROCESS",1,"trace-detection",3
"Method:src/ui/src/scriptsupervisor.cpp:runScript#1","proc_233_runscript","STEP_IN_PROCESS",1,"trace-detection",1
"Method:src/ui/src/scriptsupervisor.cpp:removeRun#1","proc_233_runscript","STEP_IN_PROCESS",1,"trace-detection",2
"Method:src/ui/src/abstractlogview.cpp:LineChunk.end#0","proc_233_runscript","STEP_IN_PROCESS",1,"trace-detection",3
"Method:src/ui/src/scenariorunner.cpp:handleProcessFinished#2","proc_234_handleprocessfinishe","STEP_IN_PROCESS",1,"trace-detection",1
"Method:src/ui/src/scenariorunner.cpp:appendOutputChunk#2","proc_234_handleprocessfinishe","STEP_IN_PROCESS",1,"trace-detection",2
"Method:src/ui/src/scenariorunner.cpp:appendOutputLine#1","proc_234_handleprocessfinishe","STEP_IN_PROCESS",1,"trace-detection",3
"Method:src/ui/src/scenariorunner.cpp:handleProcessFinished#2","proc_235_handleprocessfinishe","STEP_IN_PROCESS",1,"trace-detection",1
"Method:src/ui/src/scenariorunner.cpp:appendOutputChunk#2","proc_235_handleprocessfinishe","STEP_IN_PROCESS",1,"trace-detection",2
"Method:src/ui/src/mainwindow.cpp:sendActionById#1","proc_236_sendactionbyid","STEP_IN_PROCESS",1,"trace-detection",1
"Method:src/ui/src/mainwindow.cpp:currentStreamSession#0","proc_236_sendactionbyid","STEP_IN_PROCESS",1,"trace-detection",2
"Method:src/ui/src/mainwindow.cpp:currentCrawlerWidget#0","proc_236_sendactionbyid","STEP_IN_PROCESS",1,"trace-detection",3
"Method:src/ui/src/mainwindow.cpp:sendActionById#1","proc_237_sendactionbyid","STEP_IN_PROCESS",1,"trace-detection",1
"Method:src/ui/src/mainwindow.cpp:currentStreamSession#0","proc_237_sendactionbyid","STEP_IN_PROCESS",1,"trace-detection",2
"Method:src/ui/include/tabbedcrawlerwidget.h:TabbedCrawlerWidget.streamSessionForPath#1","proc_237_sendactionbyid","STEP_IN_PROCESS",1,"trace-detection",3
"Method:src/ui/src/crawlerwidget.cpp:editSearchHistory#0","proc_238_editsearchhistory","STEP_IN_PROCESS",1,"trace-detection",1
"Method:src/settings/include/persistable.h:Persistable.getSynced#0","proc_238_editsearchhistory","STEP_IN_PROCESS",1,"trace-detection",2
"Method:src/settings/include/persistable.h:Persistable.getPersistable#1","proc_238_editsearchhistory","STEP_IN_PROCESS",1,"trace-detection",3
"Method:src/ui/src/crawlerwidget.cpp:editSearchHistory#0","proc_239_editsearchhistory","STEP_IN_PROCESS",1,"trace-detection",1
"Method:src/settings/include/persistable.h:Persistable.getSynced#0","proc_239_editsearchhistory","STEP_IN_PROCESS",1,"trace-detection",2
"Method:src/settings/include/persistable.h:Persistable.retrieve#0","proc_239_editsearchhistory","STEP_IN_PROCESS",1,"trace-detection",3
"Method:src/ui/src/crawlerwidget.cpp:applyConfiguration#0","proc_240_applyconfiguration","STEP_IN_PROCESS",1,"trace-detection",1
"Method:src/ui/src/crawlerwidget.cpp:registerShortcuts#0","proc_240_applyconfiguration","STEP_IN_PROCESS",1,"trace-detection",2
"Method:src/ui/include/savedsearches.h:SavedSearches.clear#0","proc_240_applyconfiguration","STEP_IN_PROCESS",1,"trace-detection",3
"Method:src/ui/src/crawlerwidget.cpp:applyConfiguration#0","proc_241_applyconfiguration","STEP_IN_PROCESS",1,"trace-detection",1
"Method:src/ui/src/crawlerwidget.cpp:registerShortcuts#0","proc_241_applyconfiguration","STEP_IN_PROCESS",1,"trace-detection",2
"Method:src/settings/include/configuration.h:Configuration.shortcuts#0","proc_241_applyconfiguration","STEP_IN_PROCESS",1,"trace-detection",3
"Method:src/ui/src/crawlerwidget.cpp:applyConfiguration#0","proc_242_applyconfiguration","STEP_IN_PROCESS",1,"trace-detection",1
"Method:src/ui/src/crawlerwidget.cpp:registerShortcuts#0","proc_242_applyconfiguration","STEP_IN_PROCESS",1,"trace-detection",2
"Method:src/settings/include/shortcuts.h:ShortcutAction.registerShortcut#6","proc_242_applyconfiguration","STEP_IN_PROCESS",1,"trace-detection",3
"Method:src/ui/src/actionsmanager.cpp:createResponse#2","proc_243_createresponse","STEP_IN_PROCESS",1,"trace-detection",1
"Method:src/ui/src/actionsmanager.cpp:nextResponseId#0","proc_243_createresponse","STEP_IN_PROCESS",1,"trace-detection",2
"Method:src/ui/src/actionsmanager.cpp:createResponse#2","proc_244_createresponse","STEP_IN_PROCESS",1,"trace-detection",1
"Method:src/logdata/src/logfiltereddata.cpp:handleSearchProgressed#4","proc_245_handlesearchprogress","STEP_IN_PROCESS",1,"trace-detection",1
"Method:src/logdata/include/logfiltereddata.h:LogFilteredData.getExpectedSearchEnd#1","proc_245_handlesearchprogress","STEP_IN_PROCESS",1,"trace-detection",2
"Method:src/logdata/src/logfiltereddata.cpp:handleSearchProgressed#4","proc_246_handlesearchprogress","STEP_IN_PROCESS",1,"trace-detection",1
"Method:src/logdata/src/logfiltereddata.cpp:updateSearchResultsCache#0","proc_246_handlesearchprogress","STEP_IN_PROCESS",1,"trace-detection",2
"Method:src/settings/include/configuration.h:Configuration.useSearchResultsCache#0","proc_246_handlesearchprogress","STEP_IN_PROCESS",1,"trace-detection",3
"Method:src/logdata/src/logfiltereddata.cpp:handleSearchProgressed#4","proc_247_handlesearchprogress","STEP_IN_PROCESS",1,"trace-detection",1
"Method:src/logdata/src/logfiltereddata.cpp:updateSearchResultsCache#0","proc_247_handlesearchprogress","STEP_IN_PROCESS",1,"trace-detection",2
"Method:src/settings/include/configuration.h:Configuration.searchResultsCacheLines#0","proc_247_handlesearchprogress","STEP_IN_PROCESS",1,"trace-detection",3
"Method:src/app/kloggapp.h:KloggApp.restoreGlobalScriptBindingFromSession#0","proc_248_restoreglobalscriptb","STEP_IN_PROCESS",1,"trace-detection",1
"Method:src/settings/include/persistable.h:Persistable.getSynced#0","proc_248_restoreglobalscriptb","STEP_IN_PROCESS",1,"trace-detection",2
"Method:src/settings/include/persistable.h:Persistable.getPersistable#1","proc_248_restoreglobalscriptb","STEP_IN_PROCESS",1,"trace-detection",3
"Method:src/app/kloggapp.h:KloggApp.restoreGlobalScriptBindingFromSession#0","proc_249_restoreglobalscriptb","STEP_IN_PROCESS",1,"trace-detection",1
"Method:src/settings/include/persistable.h:Persistable.getSynced#0","proc_249_restoreglobalscriptb","STEP_IN_PROCESS",1,"trace-detection",2
"Method:src/settings/include/persistable.h:Persistable.retrieve#0","proc_249_restoreglobalscriptb","STEP_IN_PROCESS",1,"trace-detection",3
"Method:src/app/labcontrollerservice.cpp:processAgentMessage#2","proc_250_processagentmessage","STEP_IN_PROCESS",1,"trace-detection",1
"Method:src/app/labcontrollerservice.cpp:insertOrUpdateAgent#2","proc_250_processagentmessage","STEP_IN_PROCESS",1,"trace-detection",2
"Method:src/app/labcontrollerservice.cpp:processAgentMessage#2","proc_251_processagentmessage","STEP_IN_PROCESS",1,"trace-detection",1
"Method:src/app/labcontrollerservice.cpp:insertOrUpdateAgent#2","proc_251_processagentmessage","STEP_IN_PROCESS",1,"trace-detection",2
"Method:src/app/labcontrollerservice.cpp:processAgentMessage#2","proc_252_processagentmessage","STEP_IN_PROCESS",1,"trace-detection",1
"Method:src/app/labcontrollerservice.cpp:insertOrUpdateAgent#2","proc_252_processagentmessage","STEP_IN_PROCESS",1,"trace-detection",2
"Method:src/app/labcontrollerservice.cpp:processAgentMessage#2","proc_253_processagentmessage","STEP_IN_PROCESS",1,"trace-detection",1
"Method:src/app/labcontrollerservice.cpp:insertOrUpdateAgent#2","proc_253_processagentmessage","STEP_IN_PROCESS",1,"trace-detection",2
"Method:src/ui/src/scriptsupervisor.cpp:stopGlobalScript#0","proc_257_stopglobalscript","STEP_IN_PROCESS",1,"trace-detection",1
"Method:src/ui/src/scriptsupervisor.cpp:findGlobalRun#0","proc_257_stopglobalscript","STEP_IN_PROCESS",1,"trace-detection",2
"Method:src/ui/src/abstractlogview.cpp:LineChunk.end#0","proc_257_stopglobalscript","STEP_IN_PROCESS",1,"trace-detection",3
"Method:src/ui/src/scriptsupervisor.cpp:scriptSubscriptions#1","proc_258_scriptsubscriptions","STEP_IN_PROCESS",1,"trace-detection",1
"Method:src/ui/src/scriptsupervisor.cpp:allSubscriptionsPayloads#0","proc_258_scriptsubscriptions","STEP_IN_PROCESS",1,"trace-detection",2
"Method:src/ui/src/scriptsupervisor.cpp:subscriptionsPayload#1","proc_258_scriptsubscriptions","STEP_IN_PROCESS",1,"trace-detection",3
"Method:src/ui/src/mainwindow.cpp:currentTabChanged#1","proc_259_currenttabchanged","STEP_IN_PROCESS",1,"trace-detection",1
"Method:src/ui/src/mainwindow.cpp:updateMenuBarFromDocument#1","proc_259_currenttabchanged","STEP_IN_PROCESS",1,"trace-detection",2
"Method:src/ui/include/crawlerwidget.h:CrawlerWidget.encodingMib#0","proc_259_currenttabchanged","STEP_IN_PROCESS",1,"trace-detection",3
"Method:src/ui/src/mainwindow.cpp:currentTabChanged#1","proc_260_currenttabchanged","STEP_IN_PROCESS",1,"trace-detection",1
"Method:src/ui/src/mainwindow.cpp:updateMenuBarFromDocument#1","proc_260_currenttabchanged","STEP_IN_PROCESS",1,"trace-detection",2
"Method:src/ui/include/actionsmanager.h:ActionsManager.actions#0","proc_260_currenttabchanged","STEP_IN_PROCESS",1,"trace-detection",3
"Method:src/ui/src/mainwindow.cpp:currentTabChanged#1","proc_261_currenttabchanged","STEP_IN_PROCESS",1,"trace-detection",1
"Method:src/ui/src/mainwindow.cpp:updateMenuBarFromDocument#1","proc_261_currenttabchanged","STEP_IN_PROCESS",1,"trace-detection",2
"Method:src/ui/src/abstractlogview.cpp:LineChunk.end#0","proc_261_currenttabchanged","STEP_IN_PROCESS",1,"trace-detection",3
"Method:src/ui/src/mainwindow.cpp:currentTabChanged#1","proc_262_currenttabchanged","STEP_IN_PROCESS",1,"trace-detection",1
"Method:src/ui/src/mainwindow.cpp:updateMenuBarFromDocument#1","proc_262_currenttabchanged","STEP_IN_PROCESS",1,"trace-detection",2
"Method:src/ui/src/predefinedfiltersdialog.cpp:CenteredCheckbox.setChecked#1","proc_262_currenttabchanged","STEP_IN_PROCESS",1,"trace-detection",3
"Method:src/ui/src/mainwindow.cpp:currentTabChanged#1","proc_263_currenttabchanged","STEP_IN_PROCESS",1,"trace-detection",1
"Method:src/ui/src/mainwindow.cpp:updateTitleBar#1","proc_263_currenttabchanged","STEP_IN_PROCESS",1,"trace-detection",2
"Method:src/ui/src/mainwindow.cpp:strippedName#1","proc_263_currenttabchanged","STEP_IN_PROCESS",1,"trace-detection",3
"Method:src/ui/src/mainwindow.cpp:currentTabChanged#1","proc_264_currenttabchanged","STEP_IN_PROCESS",1,"trace-detection",1
"Method:src/ui/src/mainwindow.cpp:updateTitleBar#1","proc_264_currenttabchanged","STEP_IN_PROCESS",1,"trace-detection",2
"Method:src/ui/include/session.h:WindowSession.windowIndex#0","proc_264_currenttabchanged","STEP_IN_PROCESS",1,"trace-detection",3
"Method:src/ui/src/mainwindow.cpp:currentTabChanged#1","proc_265_currenttabchanged","STEP_IN_PROCESS",1,"trace-detection",1
"Method:src/ui/src/mainwindow.cpp:updateTitleBar#1","proc_265_currenttabchanged","STEP_IN_PROCESS",1,"trace-detection",2
"Method:src/ui/src/mainwindow.cpp:currentTabChanged#1","proc_266_currenttabchanged","STEP_IN_PROCESS",1,"trace-detection",1
"Method:src/ui/src/mainwindow.cpp:updateFavoritesMenu#0","proc_266_currenttabchanged","STEP_IN_PROCESS",1,"trace-detection",2
"Method:src/ui/include/favoritefiles.h:FavoriteFiles.favorites#0","proc_266_currenttabchanged","STEP_IN_PROCESS",1,"trace-detection",3
"Method:src/ui/src/mainwindow.cpp:currentTabChanged#1","proc_267_currenttabchanged","STEP_IN_PROCESS",1,"trace-detection",1
"Method:src/ui/src/mainwindow.cpp:updateFavoritesMenu#0","proc_267_currenttabchanged","STEP_IN_PROCESS",1,"trace-detection",2
"Method:src/ui/src/mainwindow.cpp:currentCrawlerWidget#0","proc_267_currenttabchanged","STEP_IN_PROCESS",1,"trace-detection",3
"Method:src/ui/src/mainwindow.cpp:currentTabChanged#1","proc_268_currenttabchanged","STEP_IN_PROCESS",1,"trace-detection",1
"Method:src/ui/src/mainwindow.cpp:showInfoLabels#1","proc_268_currenttabchanged","STEP_IN_PROCESS",1,"trace-detection",2
"Method:src/ui/include/overview.h:Overview.setVisible#1","proc_268_currenttabchanged","STEP_IN_PROCESS",1,"trace-detection",3
"Method:src/ui/src/actionsmanager.cpp:createAction#2","proc_269_createaction","STEP_IN_PROCESS",1,"trace-detection",1
"Method:src/ui/src/actionsmanager.cpp:nextActionId#0","proc_269_createaction","STEP_IN_PROCESS",1,"trace-detection",2
"Method:src/ui/src/actionsmanager.cpp:updateResponse#3","proc_270_updateresponse","STEP_IN_PROCESS",1,"trace-detection",1
"Method:src/ui/src/abstractlogview.cpp:LineChunk.end#0","proc_273_responsedefinitionfr","STEP_IN_PROCESS",1,"trace-detection",3
"Method:src/ui/include/highlightedmatch.h:HighlightedMatchRanges.front#0","proc_274_responsedefinitionfr","STEP_IN_PROCESS",1,"trace-detection",3
"Method:src/ui/src/abstractlogview.cpp:scrollContentsBy#2","proc_275_scrollcontentsby","STEP_IN_PROCESS",1,"trace-detection",1
"Method:src/ui/src/abstractlogview.cpp:getNbVisibleLines#0","proc_275_scrollcontentsby","STEP_IN_PROCESS",1,"trace-detection",2
"Method:src/ui/src/abstractlogview.cpp:scrollContentsBy#2","proc_276_scrollcontentsby","STEP_IN_PROCESS",1,"trace-detection",1
"Method:src/ui/src/abstractlogview.cpp:verticalScrollToLineNumber#1","proc_276_scrollcontentsby","STEP_IN_PROCESS",1,"trace-detection",2
"Method:src/ui/src/abstractlogview.cpp:scrollContentsBy#2","proc_277_scrollcontentsby","STEP_IN_PROCESS",1,"trace-detection",1
"Method:src/ui/src/abstractlogview.cpp:verticalScrollToLineNumber#1","proc_277_scrollcontentsby","STEP_IN_PROCESS",1,"trace-detection",2
"Method:src/ui/src/abstractlogview.cpp:verticalScrollMultiplicator#0","proc_277_scrollcontentsby","STEP_IN_PROCESS",1,"trace-detection",3
"Method:src/logdata/src/logfiltereddataworker.cpp:search#5","proc_278_search","STEP_IN_PROCESS",1,"trace-detection",1
"Method:src/logdata/src/logfiltereddataworker.cpp:clear#0","proc_278_search","STEP_IN_PROCESS",1,"trace-detection",2
"Method:src/logdata/src/logfiltereddataworker.cpp:search#5","proc_279_search","STEP_IN_PROCESS",1,"trace-detection",1
"Method:src/logdata/src/logfiltereddataworker.cpp:clear#0","proc_279_search","STEP_IN_PROCESS",1,"trace-detection",2
"Method:src/logdata/src/logfiltereddataworker.cpp:updateSearch#6","proc_280_updatesearch","STEP_IN_PROCESS",1,"trace-detection",1
"Method:src/logdata/src/logfiltereddataworker.cpp:clear#0","proc_280_updatesearch","STEP_IN_PROCESS",1,"trace-detection",2
"Method:src/logdata/src/logfiltereddataworker.cpp:updateSearch#6","proc_281_updatesearch","STEP_IN_PROCESS",1,"trace-detection",1
"Method:src/logdata/src/logfiltereddataworker.cpp:clear#0","proc_281_updatesearch","STEP_IN_PROCESS",1,"trace-detection",2
"Method:src/logdata/src/logdataworker.cpp:indexAll#1","proc_282_indexall","STEP_IN_PROCESS",1,"trace-detection",1
"Method:src/logdata/src/logdataworker.cpp:clear#0","proc_282_indexall","STEP_IN_PROCESS",1,"trace-detection",2
"Method:src/settings/include/configuration.h:Configuration.useCompressedIndex#0","proc_282_indexall","STEP_IN_PROCESS",1,"trace-detection",3
"Method:src/logdata/src/logdataworker.cpp:indexAll#1","proc_283_indexall","STEP_IN_PROCESS",1,"trace-detection",1
"Method:src/logdata/src/logdataworker.cpp:clear#0","proc_283_indexall","STEP_IN_PROCESS",1,"trace-detection",2
"Method:src/settings/include/configuration.h:Configuration.fastModificationDetection#0","proc_283_indexall","STEP_IN_PROCESS",1,"trace-detection",3
"Method:src/logdata/src/logdataworker.cpp:indexAdditionalLines#0","proc_284_indexadditionallines","STEP_IN_PROCESS",1,"trace-detection",1
"Method:src/logdata/src/logdataworker.cpp:clear#0","proc_284_indexadditionallines","STEP_IN_PROCESS",1,"trace-detection",2
"Method:src/settings/include/configuration.h:Configuration.useCompressedIndex#0","proc_284_indexadditionallines","STEP_IN_PROCESS",1,"trace-detection",3
"Method:src/logdata/src/logdataworker.cpp:indexAdditionalLines#0","proc_285_indexadditionallines","STEP_IN_PROCESS",1,"trace-detection",1
"Method:src/logdata/src/logdataworker.cpp:clear#0","proc_285_indexadditionallines","STEP_IN_PROCESS",1,"trace-detection",2
"Method:src/settings/include/configuration.h:Configuration.fastModificationDetection#0","proc_285_indexadditionallines","STEP_IN_PROCESS",1,"trace-detection",3
"Method:src/logdata/src/logdataworker.cpp:checkFileChanges#0","proc_286_checkfilechanges","STEP_IN_PROCESS",1,"trace-detection",1
"Method:src/logdata/src/logdataworker.cpp:clear#0","proc_286_checkfilechanges","STEP_IN_PROCESS",1,"trace-detection",2
"Method:src/settings/include/configuration.h:Configuration.useCompressedIndex#0","proc_286_checkfilechanges","STEP_IN_PROCESS",1,"trace-detection",3
"Method:src/logdata/src/logdataworker.cpp:checkFileChanges#0","proc_287_checkfilechanges","STEP_IN_PROCESS",1,"trace-detection",1
"Method:src/logdata/src/logdataworker.cpp:clear#0","proc_287_checkfilechanges","STEP_IN_PROCESS",1,"trace-detection",2
"Method:src/settings/include/configuration.h:Configuration.fastModificationDetection#0","proc_287_checkfilechanges","STEP_IN_PROCESS",1,"trace-detection",3
"Method:src/ui/src/tabbedcrawlerwidget.cpp:TabbedCrawlerWidget#0","proc_288_tabbedcrawlerwidget","STEP_IN_PROCESS",1,"trace-detection",1
"Method:src/ui/src/tabbedcrawlerwidget.cpp:updateTabBarVisibility#0","proc_288_tabbedcrawlerwidget","STEP_IN_PROCESS",1,"trace-detection",2
"Method:src/ui/include/overview.h:Overview.setVisible#1","proc_288_tabbedcrawlerwidget","STEP_IN_PROCESS",1,"trace-detection",3
"Method:src/ui/src/tabbedcrawlerwidget.cpp:TabbedCrawlerWidget#0","proc_289_tabbedcrawlerwidget","STEP_IN_PROCESS",1,"trace-detection",1
"Method:src/ui/src/tabbedcrawlerwidget.cpp:loadIcons#0","proc_289_tabbedcrawlerwidget","STEP_IN_PROCESS",1,"trace-detection",2
"Method:src/ui/include/iconloader.h:IconLoader.load#1","proc_289_tabbedcrawlerwidget","STEP_IN_PROCESS",1,"trace-detection",3
"Method:src/ui/src/tabbedcrawlerwidget.cpp:TabbedCrawlerWidget#0","proc_290_tabbedcrawlerwidget","STEP_IN_PROCESS",1,"trace-detection",1
"Method:src/ui/src/tabbedcrawlerwidget.cpp:loadIcons#0","proc_290_tabbedcrawlerwidget","STEP_IN_PROCESS",1,"trace-detection",2
"Method:src/ui/src/tabbedcrawlerwidget.cpp:updateIcon#1","proc_290_tabbedcrawlerwidget","STEP_IN_PROCESS",1,"trace-detection",3
"Method:src/ui/src/tabbedcrawlerwidget.cpp:remapStreamSessionPath#2","proc_291_remapstreamsessionpa","STEP_IN_PROCESS",1,"trace-detection",1
"Method:src/ui/src/tabbedcrawlerwidget.cpp:setTabConnectionState#3","proc_291_remapstreamsessionpa","STEP_IN_PROCESS",1,"trace-detection",2
"Method:src/ui/src/tabbedcrawlerwidget.cpp:setTabMetadataValue#3","proc_291_remapstreamsessionpa","STEP_IN_PROCESS",1,"trace-detection",3
"Method:src/ui/src/session.cpp:save#2","proc_292_save","STEP_IN_PROCESS",1,"trace-detection",1
"Method:src/settings/include/persistable.h:Persistable.getSynced#0","proc_292_save","STEP_IN_PROCESS",1,"trace-detection",2
"Method:src/settings/include/persistable.h:Persistable.getPersistable#1","proc_292_save","STEP_IN_PROCESS",1,"trace-detection",3
"Method:src/ui/src/session.cpp:save#2","proc_293_save","STEP_IN_PROCESS",1,"trace-detection",1
"Method:src/settings/include/persistable.h:Persistable.getSynced#0","proc_293_save","STEP_IN_PROCESS",1,"trace-detection",2
"Method:src/settings/include/persistable.h:Persistable.retrieve#0","proc_293_save","STEP_IN_PROCESS",1,"trace-detection",3
"Method:src/ui/src/scriptsupervisor.cpp:runGlobalScript#1","proc_294_runglobalscript","STEP_IN_PROCESS",1,"trace-detection",1
"Method:src/ui/src/scriptsupervisor.cpp:findGlobalRun#0","proc_294_runglobalscript","STEP_IN_PROCESS",1,"trace-detection",2
"Method:src/ui/src/abstractlogview.cpp:LineChunk.end#0","proc_294_runglobalscript","STEP_IN_PROCESS",1,"trace-detection",3
"Method:src/ui/src/scriptsupervisor.cpp:runGlobalScript#1","proc_295_runglobalscript","STEP_IN_PROCESS",1,"trace-detection",1
"Method:src/ui/src/scriptsupervisor.cpp:startRunProcess#1","proc_295_runglobalscript","STEP_IN_PROCESS",1,"trace-detection",2
"Method:src/ui/src/scriptsupervisor.cpp:beginListening#2","proc_295_runglobalscript","STEP_IN_PROCESS",1,"trace-detection",3
"Method:src/ui/src/scriptsupervisor.cpp:runGlobalScript#1","proc_296_runglobalscript","STEP_IN_PROCESS",1,"trace-detection",1
"Method:src/ui/src/scriptsupervisor.cpp:startRunProcess#1","proc_296_runglobalscript","STEP_IN_PROCESS",1,"trace-detection",2
"Method:src/ui/src/scriptsupervisor.cpp:setState#2","proc_296_runglobalscript","STEP_IN_PROCESS",1,"trace-detection",3
"Method:src/ui/src/scriptsupervisor.cpp:runGlobalScript#1","proc_297_runglobalscript","STEP_IN_PROCESS",1,"trace-detection",1
"Method:src/ui/src/scriptsupervisor.cpp:startRunProcess#1","proc_297_runglobalscript","STEP_IN_PROCESS",1,"trace-detection",2
"Method:src/ui/src/scriptsupervisor.cpp:resetSocketState#1","proc_297_runglobalscript","STEP_IN_PROCESS",1,"trace-detection",3
"Method:src/ui/src/scriptsupervisor.cpp:globalScriptStatus#0","proc_298_globalscriptstatus","STEP_IN_PROCESS",1,"trace-detection",1
"Method:src/ui/src/scriptsupervisor.cpp:findGlobalRun#0","proc_298_globalscriptstatus","STEP_IN_PROCESS",1,"trace-detection",2
"Method:src/ui/src/abstractlogview.cpp:LineChunk.end#0","proc_298_globalscriptstatus","STEP_IN_PROCESS",1,"trace-detection",3
"Method:src/ui/src/scriptsupervisor.cpp:globalScriptStatus#0","proc_299_globalscriptstatus","STEP_IN_PROCESS",1,"trace-detection",1
"Method:src/ui/src/scriptsupervisor.cpp:statusPayload#1","proc_299_globalscriptstatus","STEP_IN_PROCESS",1,"trace-detection",2
