from,to,type,confidence,reason,step
"Method:tests/ui/crawlerwidget_test.cpp:CrawlerWidget::access_by<CrawlerWidgetPrivate>.clearSearchPattern#0","Function:tests/helpers/test_utils.h:waitUiState","CALLS",0.9,"import-resolved",0
"Method:tests/ui/crawlerwidget_test.cpp:CrawlerWidget::access_by<CrawlerWidgetPrivate>.setAutoRefresh#1","Function:tests/helpers/test_utils.h:waitUiState","CALLS",0.9,"import-resolved",0
"Method:tests/ui/crawlerwidget_test.cpp:CrawlerWidget::access_by<CrawlerWidgetPrivate>.runSearch#0","Function:tests/helpers/test_utils.h:waitUiState","CALLS",0.9,"import-resolved",0
"Method:tests/ui/crawlerwidget_test.cpp:CrawlerWidget::access_by<CrawlerWidgetPrivate>.enableTextWrap#0","Function:tests/helpers/test_utils.h:waitUiState","CALLS",0.9,"import-resolved",0
"Method:tests/ui/crawlerwidget_test.cpp:CrawlerWidget::access_by<CrawlerWidgetPrivate>.disableTextWrap#0","Function:tests/helpers/test_utils.h:waitUiState","CALLS",0.9,"import-resolved",0
"Method:tests/ui/crawlerwidget_test.cpp:CrawlerWidget::access_by<CrawlerWidgetPrivate>.focusFilteredView#0","Function:tests/helpers/test_utils.h:waitUiState","CALLS",0.9,"import-resolved",0
"Method:src/app/scenarioheadlessrunner.cpp:run","Function:src/app/scenarioheadlessrunner.cpp:loadSuiteDefinition","CALLS",0.95,"same-file",0
"Method:src/app/scenarioheadlessrunner.cpp:run","Function:src/app/scenarioheadlessrunner.cpp:loadDeviceMap","CALLS",0.95,"same-file",0
"Method:src/app/scenarioheadlessrunner.cpp:run","Function:src/app/scenarioheadlessrunner.cpp:settingsToVariantMap","CALLS",0.95,"same-file",0
"Method:src/app/scenarioheadlessrunner.cpp:run","Function:src/app/scenarioheadlessrunner.cpp:mergeSettings","CALLS",0.95,"same-file",0
"Method:src/app/scenarioheadlessrunner.cpp:run","Function:src/app/scenarioheadlessrunner.cpp:sanitizePathPart","CALLS",0.95,"same-file",0
"Method:src/app/scenarioheadlessrunner.cpp:run","Function:src/app/scenarioheadlessrunner.cpp:buildDeviceBindingPayload","CALLS",0.95,"same-file",0
"Method:src/app/scenarioheadlessrunner.cpp:run","Function:src/app/scenarioheadlessrunner.cpp:buildHeadlessFailureReport","CALLS",0.95,"same-file",0
"Method:src/app/scenarioheadlessrunner.cpp:run","Function:src/app/scenarioheadlessrunner.cpp:writeJsonReport","CALLS",0.95,"same-file",0
"Method:src/app/scenarioheadlessrunner.cpp:run","Function:src/app/scenarioheadlessrunner.cpp:writeJunitFailureReport","CALLS",0.95,"same-file",0
"Method:src/app/scenarioheadlessrunner.cpp:run","Function:src/app/scenarioheadlessrunner.cpp:isTerminalScenarioState","CALLS",0.95,"same-file",0
"Method:src/app/messagereceiver.h:MessageReceiver.receiveMessage#1","Function:src/klogg_version/include/klogg_version.h:kloggVersion","CALLS",0.9,"import-resolved",0
"Method:src/app/messagereceiver.h:MessageReceiver.handleCommandMessage#2","Function:src/ui/include/commander.h:commanderRequestFromVariantMap","CALLS",0.9,"import-resolved",0
"Method:src/app/messagereceiver.h:MessageReceiver.writeFailureResult#2","Function:src/ui/include/commander.h:commanderFailure","CALLS",0.9,"import-resolved",0
"Method:src/app/messagereceiver.h:MessageReceiver.writeFailureResult#2","Function:src/ui/include/commander.h:writeCommanderResult","CALLS",0.9,"import-resolved",0
"Method:src/app/labcontrollerservice.cpp:stop","Function:src/app/labcontrollerservice.cpp:controllerDatabase","CALLS",0.95,"same-file",0
"Method:src/app/labcontrollerservice.cpp:cancelJob","Function:src/app/labcontrollerservice.cpp:controllerDatabase","CALLS",0.95,"same-file",0
"Method:src/app/labcontrollerservice.cpp:cancelJob","Function:src/app/labcontrollerservice.cpp:nowUtcString","CALLS",0.95,"same-file",0
"Method:src/app/labcontrollerservice.cpp:cancelJob","Function:src/app/labcontrollerservice.cpp:execQuery","CALLS",0.95,"same-file",0
"Method:src/app/labcontrollerservice.cpp:insertOrUpdateAgent","Function:src/app/labcontrollerservice.cpp:controllerDatabase","CALLS",0.95,"same-file",0
"Method:src/app/labcontrollerservice.cpp:insertOrUpdateAgent","Function:src/app/labcontrollerservice.cpp:variantListToJson","CALLS",0.95,"same-file",0
"Method:src/app/labcontrollerservice.cpp:insertOrUpdateAgent","Function:src/app/labcontrollerservice.cpp:nowUtcString","CALLS",0.95,"same-file",0
"Method:src/app/labcontrollerservice.cpp:insertOrUpdateAgent","Function:src/app/labcontrollerservice.cpp:variantMapToJson","CALLS",0.95,"same-file",0
"Method:src/app/labcontrollerservice.cpp:insertOrUpdateAgent","Function:src/app/labtypes.h:labAgentConfigToVariantMap","CALLS",0.9,"import-resolved",0
"Method:src/app/labcontrollerservice.cpp:insertOrUpdateAgent","Function:src/app/labcontrollerservice.cpp:execQuery","CALLS",0.95,"same-file",0
"Method:src/app/labcontrollerservice.cpp:updateAgentHeartbeat","Function:src/app/labcontrollerservice.cpp:controllerDatabase","CALLS",0.95,"same-file",0
"Method:src/app/labcontrollerservice.cpp:updateAgentHeartbeat","Function:src/app/labcontrollerservice.cpp:nowUtcString","CALLS",0.95,"same-file",0
"Method:src/app/labcontrollerservice.cpp:updateAgentHeartbeat","Function:src/app/labcontrollerservice.cpp:execQuery","CALLS",0.95,"same-file",0
"Method:src/app/labcontrollerservice.cpp:updateAgentStatus","Function:src/app/labcontrollerservice.cpp:controllerDatabase","CALLS",0.95,"same-file",0
"Method:src/app/labcontrollerservice.cpp:updateAgentStatus","Function:src/app/labcontrollerservice.cpp:nowUtcString","CALLS",0.95,"same-file",0
"Method:src/app/labcontrollerservice.cpp:updateAgentStatus","Function:src/app/labcontrollerservice.cpp:execQuery","CALLS",0.95,"same-file",0
"Method:src/app/labcontrollerservice.cpp:jobPayloadById","Function:src/app/labcontrollerservice.cpp:controllerDatabase","CALLS",0.95,"same-file",0
"Method:src/app/labcontrollerservice.cpp:jobPayloadById","Function:src/app/labcontrollerservice.cpp:execQuery","CALLS",0.95,"same-file",0
"Method:src/app/labcontrollerservice.cpp:jobPayloadById","Function:src/app/labcontrollerservice.cpp:queryRowToMap","CALLS",0.95,"same-file",0
"Method:src/app/labcontrollerservice.cpp:submitBundleUnlocked","Function:src/app/labcontrollerservice.cpp:nowUtcString","CALLS",0.95,"same-file",0
"Method:src/app/labcontrollerservice.cpp:submitBundleUnlocked","Function:src/app/labcontrollerservice.cpp:controllerDatabase","CALLS",0.95,"same-file",0
"Method:src/app/labcontrollerservice.cpp:submitBundleUnlocked","Function:src/app/labcontrollerservice.cpp:variantMapToJson","CALLS",0.95,"same-file",0
"Method:src/app/labcontrollerservice.cpp:submitBundleUnlocked","Function:src/app/labtypes.h:labJobBundleToVariantMap","CALLS",0.9,"import-resolved",0
"Method:src/app/labcontrollerservice.cpp:submitBundleUnlocked","Function:src/app/labcontrollerservice.cpp:variantListToJson","CALLS",0.95,"same-file",0
"Method:src/app/labcontrollerservice.cpp:submitBundleUnlocked","Function:src/app/labcontrollerservice.cpp:execQuery","CALLS",0.95,"same-file",0
"Method:src/app/labcontrollerservice.cpp:eligibleBindings","Function:src/app/labtypes.h:labResolvedBindingToVariantMap","CALLS",0.9,"import-resolved",0
"Method:src/app/labcontrollerservice.cpp:assignJobToAgent","Function:src/app/labtypes.h:labJobBundleFromVariantMap","CALLS",0.9,"import-resolved",0
"Method:src/app/labcontrollerservice.cpp:assignJobToAgent","Function:src/app/labcontrollerservice.cpp:jsonToVariantMap","CALLS",0.95,"same-file",0
"Method:src/app/labcontrollerservice.cpp:assignJobToAgent","Function:src/app/labcontrollerservice.cpp:controllerDatabase","CALLS",0.95,"same-file",0
"Method:src/app/labcontrollerservice.cpp:assignJobToAgent","Function:src/app/labcontrollerservice.cpp:variantListToJson","CALLS",0.95,"same-file",0
"Method:src/app/labcontrollerservice.cpp:assignJobToAgent","Function:src/app/labcontrollerservice.cpp:nowUtcString","CALLS",0.95,"same-file",0
"Method:src/app/labcontrollerservice.cpp:assignJobToAgent","Function:src/app/labcontrollerservice.cpp:execQuery","CALLS",0.95,"same-file",0
"Method:src/app/labcontrollerservice.cpp:assignJobToAgent","Function:src/app/labtypes.h:labJobBundleToVariantMap","CALLS",0.9,"import-resolved",0
"Method:src/app/labcontrollerservice.cpp:scheduleJobs","Function:src/app/labcontrollerservice.cpp:controllerDatabase","CALLS",0.95,"same-file",0
"Method:src/app/labcontrollerservice.cpp:scheduleJobs","Function:src/app/labcontrollerservice.cpp:queryRowToMap","CALLS",0.95,"same-file",0
"Method:src/app/labcontrollerservice.cpp:scheduleJobs","Function:src/app/labtypes.h:labJobBundleFromVariantMap","CALLS",0.9,"import-resolved",0
"Method:src/app/labcontrollerservice.cpp:scheduleJobs","Function:src/app/labcontrollerservice.cpp:jsonToVariantMap","CALLS",0.95,"same-file",0
"Method:src/app/labcontrollerservice.cpp:scheduleJobs","Function:src/app/labcontrollerservice.cpp:nowUtcString","CALLS",0.95,"same-file",0
"Method:src/app/labcontrollerservice.cpp:scheduleJobs","Function:src/app/labcontrollerservice.cpp:execQuery","CALLS",0.95,"same-file",0
"Method:src/app/labcontrollerservice.cpp:queueSnapshotUnlocked","Function:src/app/labcontrollerservice.cpp:controllerDatabase","CALLS",0.95,"same-file",0
"Method:src/app/labcontrollerservice.cpp:agentsSnapshotUnlocked","Function:src/app/labcontrollerservice.cpp:controllerDatabase","CALLS",0.95,"same-file",0
"Method:src/app/labcontrollerservice.cpp:agentsSnapshotUnlocked","Function:src/app/labcontrollerservice.cpp:jsonToVariantList","CALLS",0.95,"same-file",0
"Method:src/app/labcontrollerservice.cpp:agentsSnapshotUnlocked","Function:src/app/labcontrollerservice.cpp:jsonToVariantMap","CALLS",0.95,"same-file",0
"Method:src/app/labcontrollerservice.cpp:jobStatusUnlocked","Function:src/app/labcontrollerservice.cpp:jsonToVariantList","CALLS",0.95,"same-file",0
"Method:src/app/labcontrollerservice.cpp:jobStatusUnlocked","Function:src/app/labcontrollerservice.cpp:jsonToVariantMap","CALLS",0.95,"same-file",0
"Method:src/app/labcontrollerservice.cpp:loadBundlePayload","Function:src/app/labcontrollerservice.cpp:jsonToVariantMap","CALLS",0.95,"same-file",0
"Method:src/app/labcontrollerservice.cpp:sendJsonResponse","Function:src/app/labcontrollerservice.cpp:httpReasonPhrase","CALLS",0.95,"same-file",0
"Method:src/app/labcontrollerservice.cpp:handleHttpConnection","Function:src/app/labcontrollerservice.cpp:requestIsComplete","CALLS",0.95,"same-file",0
"Method:src/app/labcontrollerservice.cpp:processHttpRequest","Function:src/app/labcontrollerservice.cpp:parseJsonBody","CALLS",0.95,"same-file",0
"Method:src/app/labcontrollerservice.cpp:processHttpRequest","Function:src/app/labtypes.h:labJobBundleFromVariantMap","CALLS",0.9,"import-resolved",0
"Method:src/app/labcontrollerservice.cpp:handleAgentDisconnected","Function:src/app/labcontrollerservice.cpp:controllerDatabase","CALLS",0.95,"same-file",0
"Method:src/app/labcontrollerservice.cpp:handleAgentDisconnected","Function:src/app/labcontrollerservice.cpp:nowUtcString","CALLS",0.95,"same-file",0
"Method:src/app/labcontrollerservice.cpp:handleAgentDisconnected","Function:src/app/labcontrollerservice.cpp:execQuery","CALLS",0.95,"same-file",0
"Method:src/app/labcontrollerservice.cpp:processAgentMessage","Function:src/app/labtypes.h:labAgentConfigFromVariantMap","CALLS",0.9,"import-resolved",0
"Method:src/app/labcontrollerservice.cpp:processAgentMessage","Function:src/app/labcontrollerservice.cpp:nowUtcString","CALLS",0.95,"same-file",0
"Method:src/app/labcontrollerservice.cpp:processAgentMessage","Function:src/app/labcontrollerservice.cpp:variantListToJson","CALLS",0.95,"same-file",0
"Method:src/app/labcontrollerservice.cpp:processAgentMessage","Function:src/app/labcontrollerservice.cpp:execQuery","CALLS",0.95,"same-file",0
"Method:src/app/labcontrollerservice.cpp:processAgentMessage","Function:src/app/labcontrollerservice.cpp:variantMapToJson","CALLS",0.95,"same-file",0
"Method:src/app/labclient.cpp:submit","Function:src/app/labtypes.h:labJobBundleToVariantMap","CALLS",0.9,"import-resolved",0
"Method:src/app/labagentrunner.cpp:start","Function:src/app/labagentrunner.cpp:loadToken","CALLS",0.95,"same-file",0
"Method:src/app/labagentrunner.cpp:start","Function:src/app/labbundleutils.h:loadLabAgentConfig","CALLS",0.9,"import-resolved",0
"Method:src/app/labagentrunner.cpp:connected","Function:src/app/labtypes.h:labAgentConfigToVariantMap","CALLS",0.9,"import-resolved",0
"Method:src/app/labagentrunner.cpp:runAssignedJob","Function:src/app/labtypes.h:labJobBundleFromVariantMap","CALLS",0.9,"import-resolved",0
"Method:src/app/labagentrunner.cpp:runAssignedJob","Function:src/app/labagentrunner.cpp:writeBundleToTempDir","CALLS",0.95,"same-file",0
"Method:src/app/kloggapp.h:KloggApp.sendFilesToPrimaryInstance#1","Function:src/klogg_version/include/klogg_version.h:kloggVersion","CALLS",0.9,"import-resolved",0
"Method:src/app/kloggapp.h:KloggApp.sendCommandToPrimaryInstance#1","Function:src/ui/include/commander.h:commanderFailure","CALLS",0.9,"import-resolved",0
"Method:src/app/kloggapp.h:KloggApp.sendCommandToPrimaryInstance#1","Function:src/klogg_version/include/klogg_version.h:kloggVersion","CALLS",0.9,"import-resolved",0
"Method:src/app/kloggapp.h:KloggApp.sendCommandToPrimaryInstance#1","Function:src/ui/include/commander.h:commanderRequestToVariantMap","CALLS",0.9,"import-resolved",0
"Method:src/app/kloggapp.h:KloggApp.sendCommandToPrimaryInstance#1","Function:src/ui/include/commander.h:readCommanderResult","CALLS",0.9,"import-resolved",0
"Method:src/app/kloggapp.h:KloggApp.newWindow#0","Function:src/utils/include/uuid.h:generateIdFromUuid","CALLS",0.9,"import-resolved",0
"Method:src/app/kloggapp.h:KloggApp.executeCommanderRequest#1","Function:src/ui/include/commander.h:commanderSuccess","CALLS",0.9,"import-resolved",0
"Method:src/app/kloggapp.h:KloggApp.executeCommanderRequest#1","Function:src/ui/include/actionsconfig.h:actionDefinitionToVariantMap","CALLS",0.9,"import-resolved",0
"Method:src/app/kloggapp.h:KloggApp.executeCommanderRequest#1","Function:src/ui/include/actionsconfig.h:responseDefinitionToVariantMap","CALLS",0.9,"import-resolved",0
"Method:src/app/kloggapp.h:KloggApp.executeCommanderRequest#1","Function:src/ui/include/actionsconfig.h:actionDefinitionFromVariantMap","CALLS",0.9,"import-resolved",0
"Method:src/app/kloggapp.h:KloggApp.executeCommanderRequest#1","Function:src/ui/include/commander.h:commanderFailure","CALLS",0.9,"import-resolved",0
"Method:src/app/kloggapp.h:KloggApp.executeCommanderRequest#1","Function:src/ui/include/actionsconfig.h:responseDefinitionFromVariantMap","CALLS",0.9,"import-resolved",0
"Method:src/app/kloggapp.h:KloggApp.executeCommanderRequest#1","Function:src/ui/include/commander.h:isCommanderOpenAction","CALLS",0.9,"import-resolved",0
"Method:src/app/kloggapp.h:KloggApp.handleCommanderRequest#2","Function:src/ui/include/commander.h:writeCommanderResult","CALLS",0.9,"import-resolved",0
"Method:src/app/cli.h:CliParameters.versionText#0","Function:src/klogg_version/include/klogg_version.h:kloggVersion","CALLS",0.9,"import-resolved",0
"Method:src/app/cli.h:CliParameters.versionText#0","Function:src/klogg_version/include/klogg_version.h:kloggBuildDate","CALLS",0.9,"import-resolved",0
"Method:src/app/cli.h:CliParameters.versionText#0","Function:src/klogg_version/include/klogg_version.h:kloggCommit","CALLS",0.9,"import-resolved",0
"Method:src/app/cli.h:CliParameters.versionText#0","Function:src/klogg_version/include/klogg_version.h:kloggGitVersion","CALLS",0.9,"import-resolved",0
"Method:src/app/cli.h:CliParameters.parseScenarioArguments#1","Function:src/ui/include/commander.h:normalizeCommanderFilePath","CALLS",0.9,"import-resolved",0
"Method:src/app/cli.h:CliParameters.parseLabControllerArguments#1","Function:src/ui/include/commander.h:normalizeCommanderFilePath","CALLS",0.9,"import-resolved",0
"Method:src/app/cli.h:CliParameters.parseLabAgentArguments#1","Function:src/ui/include/commander.h:normalizeCommanderFilePath","CALLS",0.9,"import-resolved",0
"Method:src/app/cli.h:CliParameters.parseLabArguments#1","Function:src/ui/include/commander.h:normalizeCommanderFilePath","CALLS",0.9,"import-resolved",0
"Method:src/app/cli.h:CliParameters.parseCommanderArguments#1","Function:src/ui/include/commander.h:commanderActionFromString","CALLS",0.9,"import-resolved",0
"Method:src/app/cli.h:CliParameters.parseCommanderArguments#1","Function:src/ui/include/commander.h:normalizeCommanderFilePath","CALLS",0.9,"import-resolved",0
"Method:src/app/cli.h:CliParameters.parseCommanderArguments#1","Function:src/ui/include/commander.h:normalizeCommanderUrl","CALLS",0.9,"import-resolved",0
"Method:src/app/cli.h:CliParameters.parseCommanderArguments#1","Function:src/ui/include/commander.h:commanderActionToString","CALLS",0.9,"import-resolved",0
"Method:src/versioncheck/src/versionchecker.cpp:checkVersionData","Function:src/klogg_version/include/klogg_version.h:kloggVersion","CALLS",0.9,"import-resolved",0
"Method:src/versioncheck/src/versionchecker.cpp:checkVersionData","Function:src/versioncheck/src/versionchecker.cpp:isVersionNewer","CALLS",0.95,"same-file",0
"Method:src/ui/src/tabbedcrawlerwidget.cpp:TabbedCrawlerWidget","Function:src/utils/include/dispatch_to.h:dispatchToObject","CALLS",0.9,"import-resolved",0
"Method:src/ui/src/tabbedcrawlerwidget.cpp:changeEvent","Function:src/utils/include/dispatch_to.h:dispatchToObject","CALLS",0.9,"import-resolved",0
"Method:src/ui/src/tabbedcrawlerwidget.cpp:showContextMenu","Function:src/utils/include/clipboard.h:sendTextToClipboard","CALLS",0.9,"import-resolved",0
"Method:src/ui/src/tabbedcrawlerwidget.cpp:showContextMenu","Function:src/utils/include/openfilehelper.h:showPathInFileExplorer","CALLS",0.9,"import-resolved",0
"Method:src/ui/src/streamsession.cpp:handleIncomingLine","Function:src/ui/include/actionruntime.h:matchResponseDefinition","CALLS",0.9,"import-resolved",0
"Method:src/ui/src/streamsession.cpp:handleIncomingLine","Function:src/ui/include/actionruntime.h:executeResponseDefinition","CALLS",0.9,"import-resolved",0
"Method:src/ui/src/startupprogress.cpp:setCallback","Function:src/ui/src/startupprogress.cpp:startupProgressData","CALLS",0.95,"same-file",0
"Method:src/ui/src/startupprogress.cpp:setCallback","Function:src/ui/src/startupprogress.cpp:normalizeState","CALLS",0.95,"same-file",0
"Method:src/ui/src/startupprogress.cpp:setCallback","Function:src/ui/src/startupprogress.cpp:notifyCallback","CALLS",0.95,"same-file",0
"Method:src/ui/src/startupprogress.cpp:clearCallback","Function:src/ui/src/startupprogress.cpp:startupProgressData","CALLS",0.95,"same-file",0
"Method:src/ui/src/startupprogress.cpp:setRange","Function:src/ui/src/startupprogress.cpp:startupProgressData","CALLS",0.95,"same-file",0
"Method:src/ui/src/startupprogress.cpp:setRange","Function:src/ui/src/startupprogress.cpp:normalizeState","CALLS",0.95,"same-file",0
"Method:src/ui/src/startupprogress.cpp:setRange","Function:src/ui/src/startupprogress.cpp:notifyCallback","CALLS",0.95,"same-file",0
"Method:src/ui/src/startupprogress.cpp:setValue","Function:src/ui/src/startupprogress.cpp:startupProgressData","CALLS",0.95,"same-file",0
"Method:src/ui/src/startupprogress.cpp:setValue","Function:src/ui/src/startupprogress.cpp:normalizeState","CALLS",0.95,"same-file",0
"Method:src/ui/src/startupprogress.cpp:setValue","Function:src/ui/src/startupprogress.cpp:notifyCallback","CALLS",0.95,"same-file",0
"Method:src/ui/src/startupprogress.cpp:advance","Function:src/ui/src/startupprogress.cpp:startupProgressData","CALLS",0.95,"same-file",0
"Method:src/ui/src/startupprogress.cpp:advance","Function:src/ui/src/startupprogress.cpp:normalizeState","CALLS",0.95,"same-file",0
"Method:src/ui/src/startupprogress.cpp:advance","Function:src/ui/src/startupprogress.cpp:notifyCallback","CALLS",0.95,"same-file",0
"Method:src/ui/src/startupprogress.cpp:complete","Function:src/ui/src/startupprogress.cpp:startupProgressData","CALLS",0.95,"same-file",0
"Method:src/ui/src/startupprogress.cpp:complete","Function:src/ui/src/startupprogress.cpp:normalizeState","CALLS",0.95,"same-file",0
"Method:src/ui/src/startupprogress.cpp:complete","Function:src/ui/src/startupprogress.cpp:notifyCallback","CALLS",0.95,"same-file",0
"Method:src/ui/src/startupprogress.cpp:message","Function:src/ui/src/startupprogress.cpp:startupProgressData","CALLS",0.95,"same-file",0
"Method:src/ui/src/startupprogress.cpp:message","Function:src/ui/src/startupprogress.cpp:normalizeState","CALLS",0.95,"same-file",0
"Method:src/ui/src/startupprogress.cpp:message","Function:src/ui/src/startupprogress.cpp:notifyCallback","CALLS",0.95,"same-file",0
"Method:src/ui/src/startupprogress.cpp:isActive","Function:src/ui/src/startupprogress.cpp:startupProgressData","CALLS",0.95,"same-file",0
"Method:src/ui/src/session.cpp:restore","Function:src/ui/include/serialcaptureworker.h:deserializeSerialCaptureSettings","CALLS",0.9,"import-resolved",0
"Method:src/ui/src/session.cpp:restore","Function:src/ui/src/session.cpp:resolveComCapturePath","CALLS",0.95,"same-file",0
"Method:src/ui/src/session.cpp:restore","Function:src/ui/include/comportutils.h:ensureComCaptureFileWritable","CALLS",0.9,"import-resolved",0
"Method:src/ui/src/session.cpp:restore","Function:src/ui/include/serialcaptureworker.h:serializeSerialCaptureSettings","CALLS",0.9,"import-resolved",0
"Method:src/ui/src/session.cpp:restore","Function:src/utils/include/containers.h:isize","CALLS",0.9,"import-resolved",0
"Method:src/ui/src/serialcaptureworker.cpp:sendData","Function:src/ui/src/serialcaptureworker.cpp:previewHex","CALLS",0.95,"same-file",0
"Method:src/ui/src/serialcaptureworker.cpp:sendData","Function:src/ui/src/serialcaptureworker.cpp:timestampPrefix","CALLS",0.95,"same-file",0
"Method:src/ui/src/serialcaptureworker.cpp:onReadyRead","Function:src/ui/src/serialcaptureworker.cpp:timestampPrefix","CALLS",0.95,"same-file",0
"Method:src/ui/src/selection.cpp:getSelectedText","Function:src/utils/include/containers.h:isize","CALLS",0.9,"import-resolved",0
"Method:src/ui/src/scriptsupervisor.cpp:runScript","Function:src/ui/include/commander.h:commanderFailure","CALLS",0.9,"import-resolved",0
"Method:src/ui/src/scriptsupervisor.cpp:runScript","Function:src/ui/include/commander.h:commanderSuccess","CALLS",0.9,"import-resolved",0
"Method:src/ui/src/scriptsupervisor.cpp:runGlobalScript","Function:src/ui/include/commander.h:commanderFailure","CALLS",0.9,"import-resolved",0
"Method:src/ui/src/scriptsupervisor.cpp:runGlobalScript","Function:src/ui/include/commander.h:commanderSuccess","CALLS",0.9,"import-resolved",0
"Method:src/ui/src/scriptsupervisor.cpp:stopScript","Function:src/ui/src/scriptsupervisor.cpp:isActiveState","CALLS",0.95,"same-file",0
"Method:src/ui/src/scriptsupervisor.cpp:stopScript","Function:src/ui/include/commander.h:commanderSuccess","CALLS",0.9,"import-resolved",0
"Method:src/ui/src/scriptsupervisor.cpp:stopScript","Function:src/ui/include/commander.h:commanderFailure","CALLS",0.9,"import-resolved",0
"Method:src/ui/src/scriptsupervisor.cpp:stopGlobalScript","Function:src/ui/src/scriptsupervisor.cpp:isActiveState","CALLS",0.95,"same-file",0
"Method:src/ui/src/scriptsupervisor.cpp:stopGlobalScript","Function:src/ui/include/commander.h:commanderFailure","CALLS",0.9,"import-resolved",0
"Method:src/ui/src/scriptsupervisor.cpp:stopGlobalScript","Function:src/ui/include/commander.h:commanderSuccess","CALLS",0.9,"import-resolved",0
"Method:src/ui/src/scriptsupervisor.cpp:scriptStatus","Function:src/ui/include/commander.h:commanderSuccess","CALLS",0.9,"import-resolved",0
"Method:src/ui/src/scriptsupervisor.cpp:scriptStatus","Function:src/ui/include/commander.h:commanderFailure","CALLS",0.9,"import-resolved",0
"Method:src/ui/src/scriptsupervisor.cpp:globalScriptStatus","Function:src/ui/include/commander.h:commanderFailure","CALLS",0.9,"import-resolved",0
"Method:src/ui/src/scriptsupervisor.cpp:globalScriptStatus","Function:src/ui/include/commander.h:commanderSuccess","CALLS",0.9,"import-resolved",0
"Method:src/ui/src/scriptsupervisor.cpp:scriptSubscriptions","Function:src/ui/include/commander.h:commanderSuccess","CALLS",0.9,"import-resolved",0
"Method:src/ui/src/scriptsupervisor.cpp:scriptSubscriptions","Function:src/ui/include/commander.h:commanderFailure","CALLS",0.9,"import-resolved",0
"Method:src/ui/src/scriptsupervisor.cpp:globalScriptSubscriptions","Function:src/ui/include/commander.h:commanderFailure","CALLS",0.9,"import-resolved",0
"Method:src/ui/src/scriptsupervisor.cpp:globalScriptSubscriptions","Function:src/ui/include/commander.h:commanderSuccess","CALLS",0.9,"import-resolved",0
"Method:src/ui/src/scriptsupervisor.cpp:clearScriptSubscriptions","Function:src/ui/include/commander.h:commanderSuccess","CALLS",0.9,"import-resolved",0
"Method:src/ui/src/scriptsupervisor.cpp:clearScriptSubscriptions","Function:src/ui/include/commander.h:commanderFailure","CALLS",0.9,"import-resolved",0
"Method:src/ui/src/scriptsupervisor.cpp:clearGlobalScriptSubscriptions","Function:src/ui/include/commander.h:commanderFailure","CALLS",0.9,"import-resolved",0
"Method:src/ui/src/scriptsupervisor.cpp:clearGlobalScriptSubscriptions","Function:src/ui/include/commander.h:commanderSuccess","CALLS",0.9,"import-resolved",0
"Method:src/ui/src/scriptsupervisor.cpp:hasActiveScripts","Function:src/ui/src/scriptsupervisor.cpp:isActiveState","CALLS",0.95,"same-file",0
"Method:src/ui/src/scriptsupervisor.cpp:hasActiveScriptForTab","Function:src/ui/src/scriptsupervisor.cpp:isActiveState","CALLS",0.95,"same-file",0
"Method:src/ui/src/scriptsupervisor.cpp:resolvePythonExecutable","Function:src/ui/src/scriptsupervisor.cpp:pythonExecutableCandidates","CALLS",0.95,"same-file",0
"Method:src/ui/src/scriptsupervisor.cpp:appendOutputChunk","Function:src/ui/src/scriptsupervisor.cpp:trimTrailingNewline","CALLS",0.95,"same-file",0
"Method:src/ui/src/scriptsupervisor.cpp:statusPayload","Function:src/ui/src/scriptsupervisor.cpp:scriptRunStateToString","CALLS",0.95,"same-file",0
"Method:src/ui/src/scriptsupervisor.cpp:startRunProcess","Function:src/ui/src/scriptsupervisor.cpp:randomToken","CALLS",0.95,"same-file",0
"Method:src/ui/src/scriptsupervisor.cpp:handleRpcMessage","Function:src/ui/include/commander.h:commanderRequestFromVariantMap","CALLS",0.9,"import-resolved",0
"Method:src/ui/src/scriptsupervisor.cpp:rpcResultEnvelope","Function:src/ui/include/commander.h:commanderResultToVariantMap","CALLS",0.9,"import-resolved",0
"Method:src/ui/src/scriptsupervisor.cpp:eventMatchesSubscription","Function:src/ui/src/scriptsupervisor.cpp:matchesName","CALLS",0.95,"same-file",0
"Method:src/ui/src/scriptrunnerwindow.cpp:refreshFromSupervisor","Function:src/ui/src/scriptrunnerwindow.cpp:allScriptsRequest","CALLS",0.95,"same-file",0
"Method:src/ui/src/scratchpad.cpp:transformTextInPlace","Function:src/utils/include/clipboard.h:sendTextToClipboard","CALLS",0.9,"import-resolved",0
"Method:src/ui/src/scratchpad.cpp:crc32Hex","Function:src/ui/src/scratchpad.cpp:formatHex","CALLS",0.95,"same-file",0
"Method:src/ui/src/scratchpad.cpp:crc32Dec","Function:src/ui/src/scratchpad.cpp:formatDec","CALLS",0.95,"same-file",0
"Method:src/ui/src/scratchpad.cpp:fileTime","Function:src/ui/src/scratchpad.cpp:windowsTickToUnixSeconds","CALLS",0.95,"same-file",0
"Method:src/ui/src/scratchpad.cpp:decToHex","Function:src/ui/src/scratchpad.cpp:formatHex","CALLS",0.95,"same-file",0
"Method:src/ui/src/scratchpad.cpp:hexToDec","Function:src/ui/src/scratchpad.cpp:formatDec","CALLS",0.95,"same-file",0
"Method:src/ui/src/scenariorunnerwindow.cpp:saveSuiteFile","Function:src/ui/src/scenariorunnerwindow.cpp:suiteIdForPath","CALLS",0.95,"same-file",0
"Method:src/ui/src/scenariorunner.cpp:runScenario","Function:src/ui/src/scenariorunner.cpp:isActiveState","CALLS",0.95,"same-file",0
"Method:src/ui/src/scenariorunner.cpp:runScenario","Function:src/ui/include/commander.h:commanderFailure","CALLS",0.9,"import-resolved",0
"Method:src/ui/src/scenariorunner.cpp:runScenario","Function:src/ui/src/scenariorunner.cpp:scenarioReportPath","CALLS",0.95,"same-file",0
"Method:src/ui/src/scenariorunner.cpp:runScenario","Function:src/ui/include/commander.h:commanderSuccess","CALLS",0.9,"import-resolved",0
"Method:src/ui/src/scenariorunner.cpp:runSuite","Function:src/ui/src/scenariorunner.cpp:isActiveState","CALLS",0.95,"same-file",0
"Method:src/ui/src/scenariorunner.cpp:runSuite","Function:src/ui/include/commander.h:commanderFailure","CALLS",0.9,"import-resolved",0
"Method:src/ui/src/scenariorunner.cpp:runSuite","Function:src/ui/src/scenariorunner.cpp:scenarioReportPath","CALLS",0.95,"same-file",0
"Method:src/ui/src/scenariorunner.cpp:runSuite","Function:src/ui/include/commander.h:commanderSuccess","CALLS",0.9,"import-resolved",0
"Method:src/ui/src/scenariorunner.cpp:stopRun","Function:src/ui/src/scenariorunner.cpp:isActiveState","CALLS",0.95,"same-file",0
"Method:src/ui/src/scenariorunner.cpp:stopRun","Function:src/ui/include/commander.h:commanderFailure","CALLS",0.9,"import-resolved",0
"Method:src/ui/src/scenariorunner.cpp:stopRun","Function:src/ui/include/commander.h:commanderSuccess","CALLS",0.9,"import-resolved",0
"Method:src/ui/src/scenariorunner.cpp:status","Function:src/ui/include/commander.h:commanderFailure","CALLS",0.9,"import-resolved",0
"Method:src/ui/src/scenariorunner.cpp:status","Function:src/ui/include/commander.h:commanderSuccess","CALLS",0.9,"import-resolved",0
"Method:src/ui/src/scenariorunner.cpp:report","Function:src/ui/include/commander.h:commanderFailure","CALLS",0.9,"import-resolved",0
"Method:src/ui/src/scenariorunner.cpp:report","Function:src/ui/include/commander.h:commanderSuccess","CALLS",0.9,"import-resolved",0
"Method:src/ui/src/scenariorunner.cpp:statusPayload","Function:src/ui/src/scenariorunner.cpp:scenarioRunStateToString","CALLS",0.95,"same-file",0
"Method:src/ui/src/scenariorunner.cpp:resolvePythonExecutable","Function:src/ui/src/scenariorunner.cpp:pythonExecutableCandidates","CALLS",0.95,"same-file",0
"Method:src/ui/src/scenariorunner.cpp:startProcess","Function:src/ui/src/scenariorunner.cpp:randomToken","CALLS",0.95,"same-file",0
"Method:src/ui/src/scenariorunner.cpp:handleRpcMessage","Function:src/ui/include/commander.h:commanderRequestFromVariantMap","CALLS",0.9,"import-resolved",0
"Method:src/ui/src/scenariorunner.cpp:rpcResultEnvelope","Function:src/ui/include/commander.h:commanderResultToVariantMap","CALLS",0.9,"import-resolved",0
"Method:src/ui/src/scenariorunner.cpp:appendOutputChunk","Function:src/ui/src/scenariorunner.cpp:trimTrailingNewline","CALLS",0.95,"same-file",0
"Method:src/ui/src/scenariorunner.cpp:eventMatchesSubscription","Function:src/ui/src/scenariorunner.cpp:matchesName","CALLS",0.95,"same-file",0
"Method:src/ui/src/responsestablemodel.cpp:previewMatch","Function:src/ui/src/responsestablemodel.cpp:truncateText","CALLS",0.95,"same-file",0
"Method:src/ui/src/responsestablemodel.cpp:tooltipForResponse","Function:src/ui/include/actionsconfig.h:responseMatchTypeToString","CALLS",0.9,"import-resolved",0
"Method:src/ui/src/responseeditdialog.cpp:ResponseEditDialog","Function:src/ui/include/actionsconfig.h:responseMatchTypeToString","CALLS",0.9,"import-resolved",0
"Method:src/ui/src/responseeditdialog.cpp:ResponseEditDialog","Function:src/ui/include/actionsconfig.h:actionSequenceTypeToString","CALLS",0.9,"import-resolved",0
"Method:src/ui/src/responseeditdialog.cpp:eventFilter","Function:src/ui/src/responseeditdialog.cpp:lineEndingEscapeText","CALLS",0.95,"same-file",0
"Method:src/ui/src/responseeditdialog.cpp:accept","Function:src/ui/include/actionsconfig.h:responseMatchTypeFromString","CALLS",0.9,"import-resolved",0
"Method:src/ui/src/responseeditdialog.cpp:accept","Function:src/ui/src/responseeditdialog.cpp:displayedStringToBytes","CALLS",0.95,"same-file",0
"Method:src/ui/src/responseeditdialog.cpp:accept","Function:src/ui/include/actionsconfig.h:actionSequenceTypeFromString","CALLS",0.9,"import-resolved",0
"Method:src/ui/src/responseeditdialog.cpp:accept","Function:src/ui/include/actionsconfig.h:validateResponseDefinition","CALLS",0.9,"import-resolved",0
"Method:src/ui/src/responseeditdialog.cpp:populateFromResponse","Function:src/ui/include/actionsconfig.h:responseMatchTypeToString","CALLS",0.9,"import-resolved",0
"Method:src/ui/src/responseeditdialog.cpp:populateFromResponse","Function:src/ui/include/actionsconfig.h:actionSequenceTypeToString","CALLS",0.9,"import-resolved",0
"Method:src/ui/src/responseeditdialog.cpp:setLiteralEditors","Function:src/ui/include/previewdecodeutils.h:decodeHexStringToBytes","CALLS",0.9,"import-resolved",0
"Method:src/ui/src/responseeditdialog.cpp:setLiteralEditors","Function:src/ui/src/responseeditdialog.cpp:bytesToDisplayedString","CALLS",0.95,"same-file",0
"Method:src/ui/src/responseeditdialog.cpp:setLiteralEditors","Function:src/ui/src/responseeditdialog.cpp:bytesToHexString","CALLS",0.95,"same-file",0
"Method:src/ui/src/responseeditdialog.cpp:syncHexFromString","Function:src/ui/src/responseeditdialog.cpp:bytesToHexString","CALLS",0.95,"same-file",0
"Method:src/ui/src/responseeditdialog.cpp:syncHexFromString","Function:src/ui/src/responseeditdialog.cpp:displayedStringToBytes","CALLS",0.95,"same-file",0
"Method:src/ui/src/responseeditdialog.cpp:syncStringFromHex","Function:src/ui/include/previewdecodeutils.h:decodeHexStringToBytes","CALLS",0.9,"import-resolved",0
"Method:src/ui/src/responseeditdialog.cpp:syncStringFromHex","Function:src/ui/src/responseeditdialog.cpp:bytesToDisplayedString","CALLS",0.95,"same-file",0
"Method:src/ui/src/responseeditdialog.cpp:updateMatchEditorMode","Function:src/ui/include/actionsconfig.h:responseMatchTypeFromString","CALLS",0.9,"import-resolved",0
"Method:src/ui/src/responseeditdialog.cpp:updateMatchEditorMode","Function:src/ui/src/responseeditdialog.cpp:displayedStringToBytes","CALLS",0.95,"same-file",0
"Method:src/ui/src/responseeditdialog.cpp:refreshStepTable","Function:src/ui/src/responseeditdialog.cpp:actionLabel","CALLS",0.95,"same-file",0
"Method:src/ui/src/recentfiles.cpp:getNumberItemsToShow","Function:src/utils/include/containers.h:isize","CALLS",0.9,"import-resolved",0
"Method:src/ui/src/quickfindmux.cpp:QuickFindMux","Function:src/ui/src/quickfindpattern.cpp:patternUpdated","CALLS",0.5,"global",0
"Method:src/ui/src/quickfind.cpp:sendNotification","Function:src/utils/include/dispatch_to.h:dispatchToObject","CALLS",0.9,"import-resolved",0
"Method:src/ui/src/quickfind.cpp:sendNotification","Function:src/ui/src/quickfind.cpp:notify","CALLS",0.95,"same-file",0
"Method:src/ui/src/previewrepository.cpp:save","Function:src/ui/src/previewrepository.cpp:previewToJson","CALLS",0.95,"same-file",0
"Method:src/ui/src/previewrepository.cpp:save","Function:src/ui/src/previewrepository.cpp:fieldToJson","CALLS",0.95,"same-file",0
"Method:src/ui/src/previewmessagetab.cpp:renderPreview","Function:src/ui/src/previewmessagetab.cpp:captureValue","CALLS",0.95,"same-file",0
"Method:src/ui/src/previewmessagetab.cpp:renderPreview","Function:src/ui/src/previewmessagetab.cpp:describeCaptureRef","CALLS",0.95,"same-file",0
"Method:src/ui/src/previewmessagetab.cpp:renderPreview","Function:src/ui/src/previewmessagetab.cpp:clampToInt","CALLS",0.95,"same-file",0
"Method:src/ui/src/previewmessagetab.cpp:renderPreview","Function:src/ui/src/previewmessagetab.cpp:captureStart","CALLS",0.95,"same-file",0
"Method:src/ui/src/previewmessagetab.cpp:renderPreview","Function:src/ui/src/previewmessagetab.cpp:decodeBytesFromText","CALLS",0.95,"same-file",0
"Method:src/ui/src/previewmessagetab.cpp:renderPreview","Function:src/ui/src/previewmessagetab.cpp:truncateText","CALLS",0.95,"same-file",0
"Method:src/ui/src/previewmessagetab.cpp:renderPreview","Function:src/ui/src/previewmessagetab.cpp:logDecodeError","CALLS",0.95,"same-file",0
"Method:src/ui/src/previewmessagetab.cpp:renderPreview","Function:src/ui/src/previewmessagetab.cpp:resolveExprValue","CALLS",0.95,"same-file",0
"Method:src/ui/src/previewmessagetab.cpp:renderPreview","Function:src/ui/src/previewmessagetab.cpp:addFieldItems","CALLS",0.95,"same-file",0
"Method:src/ui/src/previewconfigparser.cpp:parseJson","Function:src/ui/src/previewconfigparser.cpp:parseBlockArray","CALLS",0.95,"same-file",0
"Method:src/ui/src/previewconfigparser.cpp:parseJson","Function:src/ui/src/previewconfigparser.cpp:parsePreviewDefinition","CALLS",0.95,"same-file",0
"Method:src/ui/src/predefinedfiltersdialog.cpp:PredefinedFiltersDialog","Function:src/utils/include/dispatch_to.h:dispatchToObject","CALLS",0.9,"import-resolved",0
"Method:src/ui/src/predefinedfiltersdialog.cpp:readFiltersTable","Function:src/ui/include/predefinedfilters.h:createPredefinedFilterId","CALLS",0.9,"import-resolved",0
"Method:src/ui/src/predefinedfiltersdialog.cpp:addFilterRow","Function:src/ui/include/predefinedfilters.h:createPredefinedFilterId","CALLS",0.9,"import-resolved",0
"Method:src/ui/src/predefinedfiltersdialog.cpp:swapFilters","Function:src/utils/include/dispatch_to.h:dispatchToObject","CALLS",0.9,"import-resolved",0
"Method:src/ui/src/predefinedfilters.cpp:retrieveFromStorage","Function:src/ui/src/predefinedfilters.cpp:ensureFilterIds","CALLS",0.95,"same-file",0
"Method:src/ui/src/predefinedfilters.cpp:setFilters","Function:src/ui/src/predefinedfilters.cpp:ensureFilterIds","CALLS",0.95,"same-file",0
"Method:src/ui/src/pathline.cpp:contextMenuEvent","Function:src/utils/include/clipboard.h:sendTextToClipboard","CALLS",0.9,"import-resolved",0
"Method:src/ui/src/pathline.cpp:contextMenuEvent","Function:src/utils/include/openfilehelper.h:showPathInFileExplorer","CALLS",0.9,"import-resolved",0
"Method:src/ui/src/pathline.cpp:contextMenuEvent","Function:src/utils/include/containers.h:isize","CALLS",0.9,"import-resolved",0
"Method:src/ui/src/optionsdialog.cpp:setupComDefaults","Function:src/ui/include/comportutils.h:populateSerialControls","CALLS",0.9,"import-resolved",0
"Method:src/ui/src/optionsdialog.cpp:browseComLogPath","Function:src/ui/include/comportutils.h:defaultComLogDirectory","CALLS",0.9,"import-resolved",0
"Method:src/ui/src/opencomportdialog.cpp:OpenComPortDialog","Function:src/ui/include/comportutils.h:populateSerialControls","CALLS",0.9,"import-resolved",0
"Method:src/ui/src/opencomportdialog.cpp:updateSuggestedFileName","Function:src/ui/include/comportutils.h:defaultSerialCaptureSettings","CALLS",0.9,"import-resolved",0
"Method:src/ui/src/opencomportdialog.cpp:updateSuggestedFileName","Function:src/ui/include/comportutils.h:suggestedComCapturePath","CALLS",0.9,"import-resolved",0
"Method:src/ui/src/opencomportdialog.cpp:suggestedFileName","Function:src/ui/include/comportutils.h:defaultSerialCaptureSettings","CALLS",0.9,"import-resolved",0
"Method:src/ui/src/opencomportdialog.cpp:suggestedFileName","Function:src/ui/include/comportutils.h:suggestedComCapturePath","CALLS",0.9,"import-resolved",0
"Method:src/ui/src/menu.cpp:timerEvent","Function:src/utils/include/active_screen.h:activeScreen","CALLS",0.9,"import-resolved",0
"Method:src/ui/src/menu.cpp:onActionHovered","Function:src/utils/include/active_screen.h:activeScreen","CALLS",0.9,"import-resolved",0
"Method:src/ui/src/mainwindow.cpp:MainWindow","Function:src/ui/src/mainwindow.cpp:enteringQuickFind","CALLS",0.95,"same-file",0
"Method:src/ui/src/mainwindow.cpp:reloadSession","Function:src/ui/include/serialcaptureworker.h:deserializeSerialCaptureSettings","CALLS",0.9,"import-resolved",0
"Method:src/ui/src/mainwindow.cpp:reloadSession","Function:src/ui/src/mainwindow.cpp:signalCrawlerToFollowFile","CALLS",0.95,"same-file",0
"Method:src/ui/src/mainwindow.cpp:reloadSession","Function:src/ui/src/mainwindow.cpp:waitForCrawlerStartupPreparation","CALLS",0.95,"same-file",0
"Method:src/ui/src/mainwindow.cpp:executeCommanderRequest","Function:src/ui/include/commander.h:commanderSuccess","CALLS",0.9,"import-resolved",0
"Method:src/ui/src/mainwindow.cpp:executeCommanderRequest","Function:src/ui/include/commander.h:commanderFailure","CALLS",0.9,"import-resolved",0
"Method:src/ui/src/mainwindow.cpp:executeCommanderRequest","Function:src/ui/include/comportutils.h:resolveCommanderComSettings","CALLS",0.9,"import-resolved",0
"Method:src/ui/src/mainwindow.cpp:commanderWindowInfo","Function:src/ui/src/mainwindow.cpp:applicationHasMethod","CALLS",0.95,"same-file",0
"Method:src/ui/src/mainwindow.cpp:automationTree","Function:src/ui/src/mainwindow.cpp:automationObjectTree","CALLS",0.95,"same-file",0
"Method:src/ui/src/mainwindow.cpp:automationActions","Function:src/ui/src/mainwindow.cpp:automationActionPayload","CALLS",0.95,"same-file",0
"Method:src/ui/src/mainwindow.cpp:publishScriptEvent","Function:src/ui/src/mainwindow.cpp:applicationHasMethod","CALLS",0.95,"same-file",0
"Method:src/ui/src/mainwindow.cpp:refreshScriptStatusIndicators","Function:src/ui/src/mainwindow.cpp:applicationHasMethod","CALLS",0.95,"same-file",0
"Method:src/ui/src/mainwindow.cpp:scriptContextForTab","Function:src/ui/src/mainwindow.cpp:applicationHasMethod","CALLS",0.95,"same-file",0
"Method:src/ui/src/mainwindow.cpp:globalScriptContext","Function:src/ui/src/mainwindow.cpp:applicationHasMethod","CALLS",0.95,"same-file",0
"Method:src/ui/src/mainwindow.cpp:restoreScriptContextForTab","Function:src/ui/src/mainwindow.cpp:applicationHasMethod","CALLS",0.95,"same-file",0
"Method:src/ui/src/mainwindow.cpp:restoreGlobalScriptContext","Function:src/ui/src/mainwindow.cpp:applicationHasMethod","CALLS",0.95,"same-file",0
"Method:src/ui/src/mainwindow.cpp:loadIcons","Function:src/ui/src/mainwindow.cpp:makePythonScriptRunnerIcon","CALLS",0.95,"same-file",0
"Method:src/ui/src/mainwindow.cpp:startComCaptureSession","Function:src/ui/src/mainwindow.cpp:showComPortMessage","CALLS",0.95,"same-file",0
"Method:src/ui/src/mainwindow.cpp:startComCaptureSession","Function:src/ui/include/comportutils.h:ensureComCaptureFileWritable","CALLS",0.9,"import-resolved",0
"Method:src/ui/src/mainwindow.cpp:openRemoteFile","Function:src/utils/include/progress.h:calculateProgress","CALLS",0.9,"import-resolved",0
"Method:src/ui/src/mainwindow.cpp:openRemoteFile","Function:src/ui/include/commander.h:commanderSuccess","CALLS",0.9,"import-resolved",0
"Method:src/ui/src/mainwindow.cpp:openRemoteFile","Function:src/ui/include/commander.h:commanderFailure","CALLS",0.9,"import-resolved",0
"Method:src/ui/src/mainwindow.cpp:selectAll","Function:src/utils/include/containers.h:isize","CALLS",0.9,"import-resolved",0
"Method:src/ui/src/mainwindow.cpp:copy","Function:src/utils/include/clipboard.h:sendTextToClipboard","CALLS",0.9,"import-resolved",0
"Method:src/ui/src/mainwindow.cpp:copyFullPath","Function:src/utils/include/clipboard.h:sendTextToClipboard","CALLS",0.9,"import-resolved",0
"Method:src/ui/src/mainwindow.cpp:openContainingFolder","Function:src/utils/include/openfilehelper.h:showPathInFileExplorer","CALLS",0.9,"import-resolved",0
"Method:src/ui/src/mainwindow.cpp:openInEditor","Function:src/utils/include/openfilehelper.h:openFileInDefaultApplication","CALLS",0.9,"import-resolved",0
"Method:src/ui/src/mainwindow.cpp:openUrl","Function:src/ui/include/commander.h:normalizeCommanderUrl","CALLS",0.9,"import-resolved",0
"Method:src/ui/src/mainwindow.cpp:options","Function:src/logging/include/logger.h:enableFileLogging","CALLS",0.9,"import-resolved",0
"Method:src/ui/src/mainwindow.cpp:options","Function:src/logging/include/logger.h:enableLogging","CALLS",0.9,"import-resolved",0
"Method:src/ui/src/mainwindow.cpp:about","Function:src/klogg_version/include/klogg_version.h:kloggVersion","CALLS",0.9,"import-resolved",0
"Method:src/ui/src/mainwindow.cpp:about","Function:src/klogg_version/include/klogg_version.h:kloggBuildDate","CALLS",0.9,"import-resolved",0
"Method:src/ui/src/mainwindow.cpp:about","Function:src/klogg_version/include/klogg_version.h:kloggCommit","CALLS",0.9,"import-resolved",0
"Method:src/ui/src/mainwindow.cpp:showScriptRunner","Function:src/ui/src/mainwindow.cpp:applicationHasMethod","CALLS",0.95,"same-file",0
"Method:src/ui/src/mainwindow.cpp:showScenarioRunner","Function:src/ui/src/mainwindow.cpp:applicationHasMethod","CALLS",0.95,"same-file",0
"Method:src/ui/src/mainwindow.cpp:showLabQueue","Function:src/ui/src/mainwindow.cpp:applicationHasMethod","CALLS",0.95,"same-file",0
"Method:src/ui/src/mainwindow.cpp:sendActionById","Function:src/ui/include/actionruntime.h:sendActionDefinition","CALLS",0.9,"import-resolved",0
"Method:src/ui/src/mainwindow.cpp:closeTab","Function:src/ui/src/mainwindow.cpp:applicationHasMethod","CALLS",0.95,"same-file",0
"Method:src/ui/src/mainwindow.cpp:startNewStreamFileForTab","Function:src/ui/src/mainwindow.cpp:showComPortMessage","CALLS",0.95,"same-file",0
"Method:src/ui/src/mainwindow.cpp:startNewStreamFileForTab","Function:src/ui/include/comportutils.h:suggestedNextComCapturePath","CALLS",0.9,"import-resolved",0
"Method:src/ui/src/mainwindow.cpp:startNewStreamFileForTab","Function:src/ui/include/comportutils.h:ensureComCaptureFileWritable","CALLS",0.9,"import-resolved",0
"Method:src/ui/src/mainwindow.cpp:closeTabById","Function:src/ui/include/commander.h:commanderFailure","CALLS",0.9,"import-resolved",0
"Method:src/ui/src/mainwindow.cpp:closeTabByIndex","Function:src/ui/include/commander.h:commanderFailure","CALLS",0.9,"import-resolved",0
"Method:src/ui/src/mainwindow.cpp:closeTabByIndex","Function:src/ui/include/commander.h:commanderSuccess","CALLS",0.9,"import-resolved",0
"Method:src/ui/src/mainwindow.cpp:focusTabById","Function:src/ui/include/commander.h:commanderFailure","CALLS",0.9,"import-resolved",0
"Method:src/ui/src/mainwindow.cpp:focusTabByIndex","Function:src/ui/include/commander.h:commanderFailure","CALLS",0.9,"import-resolved",0
"Method:src/ui/src/mainwindow.cpp:focusTabByIndex","Function:src/ui/include/commander.h:commanderSuccess","CALLS",0.9,"import-resolved",0
"Method:src/ui/src/mainwindow.cpp:closeAllTabsCommander","Function:src/ui/include/commander.h:commanderSuccess","CALLS",0.9,"import-resolved",0
"Method:src/ui/src/mainwindow.cpp:commanderSendAction","Function:src/ui/include/commander.h:commanderFailure","CALLS",0.9,"import-resolved",0
"Method:src/ui/src/mainwindow.cpp:commanderSendAction","Function:src/ui/include/actionruntime.h:sendActionDefinition","CALLS",0.9,"import-resolved",0
"Method:src/ui/src/mainwindow.cpp:commanderSendAction","Function:src/ui/include/commander.h:commanderSuccess","CALLS",0.9,"import-resolved",0
"Method:src/ui/src/mainwindow.cpp:commanderWaitResponse","Function:src/ui/include/commander.h:commanderFailure","CALLS",0.9,"import-resolved",0
"Method:src/ui/src/mainwindow.cpp:commanderWaitResponse","Function:src/ui/include/actionruntime.h:matchResponseDefinition","CALLS",0.9,"import-resolved",0
"Method:src/ui/src/mainwindow.cpp:commanderWaitResponse","Function:src/ui/include/commander.h:commanderSuccess","CALLS",0.9,"import-resolved",0
"Method:src/ui/src/mainwindow.cpp:commanderStartComm","Function:src/ui/include/commander.h:commanderFailure","CALLS",0.9,"import-resolved",0
"Method:src/ui/src/mainwindow.cpp:commanderStartComm","Function:src/ui/include/commander.h:commanderSuccess","CALLS",0.9,"import-resolved",0
"Method:src/ui/src/mainwindow.cpp:commanderStopComm","Function:src/ui/include/commander.h:commanderFailure","CALLS",0.9,"import-resolved",0
"Method:src/ui/src/mainwindow.cpp:commanderStopComm","Function:src/ui/include/commander.h:commanderSuccess","CALLS",0.9,"import-resolved",0
"Method:src/ui/src/mainwindow.cpp:commanderGetCommStatus","Function:src/ui/include/commander.h:commanderFailure","CALLS",0.9,"import-resolved",0
"Method:src/ui/src/mainwindow.cpp:commanderGetCommStatus","Function:src/ui/include/commander.h:commanderSuccess","CALLS",0.9,"import-resolved",0
"Method:src/ui/src/mainwindow.cpp:commanderSetLogging","Function:src/ui/include/commander.h:commanderFailure","CALLS",0.9,"import-resolved",0
"Method:src/ui/src/mainwindow.cpp:commanderSetLogging","Function:src/ui/include/commander.h:commanderSuccess","CALLS",0.9,"import-resolved",0
"Method:src/ui/src/mainwindow.cpp:commanderAddComment","Function:src/ui/include/commander.h:commanderFailure","CALLS",0.9,"import-resolved",0
"Method:src/ui/src/mainwindow.cpp:commanderAddComment","Function:src/ui/include/commander.h:commanderSuccess","CALLS",0.9,"import-resolved",0
"Method:src/ui/src/mainwindow.cpp:commanderGetResponseCounter","Function:src/ui/include/commander.h:commanderFailure","CALLS",0.9,"import-resolved",0
"Method:src/ui/src/mainwindow.cpp:commanderGetResponseCounter","Function:src/ui/include/commander.h:commanderSuccess","CALLS",0.9,"import-resolved",0
"Method:src/ui/src/mainwindow.cpp:commanderResetResponseCounter","Function:src/ui/include/commander.h:commanderFailure","CALLS",0.9,"import-resolved",0
"Method:src/ui/src/mainwindow.cpp:commanderResetResponseCounter","Function:src/ui/include/commander.h:commanderSuccess","CALLS",0.9,"import-resolved",0
"Method:src/ui/src/mainwindow.cpp:commanderClearComm","Function:src/ui/include/commander.h:commanderFailure","CALLS",0.9,"import-resolved",0
"Method:src/ui/src/mainwindow.cpp:commanderClearComm","Function:src/ui/include/commander.h:commanderSuccess","CALLS",0.9,"import-resolved",0
"Method:src/ui/src/mainwindow.cpp:commanderFilters","Function:src/ui/include/commander.h:commanderFailure","CALLS",0.9,"import-resolved",0
"Method:src/ui/src/mainwindow.cpp:commanderFilters","Function:src/ui/include/commander.h:commanderSuccess","CALLS",0.9,"import-resolved",0
"Method:src/ui/src/mainwindow.cpp:commanderSetFilter","Function:src/ui/include/commander.h:commanderFailure","CALLS",0.9,"import-resolved",0
"Method:src/ui/src/mainwindow.cpp:commanderSetFilter","Function:src/ui/include/commander.h:commanderSuccess","CALLS",0.9,"import-resolved",0
"Method:src/ui/src/mainwindow.cpp:commanderSearch","Function:src/ui/include/commander.h:commanderFailure","CALLS",0.9,"import-resolved",0
"Method:src/ui/src/mainwindow.cpp:commanderSearch","Function:src/ui/include/commander.h:commanderSuccess","CALLS",0.9,"import-resolved",0
"Method:src/ui/src/mainwindow.cpp:commanderSetFollowMode","Function:src/ui/include/commander.h:commanderFailure","CALLS",0.9,"import-resolved",0
"Method:src/ui/src/mainwindow.cpp:commanderSetFollowMode","Function:src/ui/include/commander.h:commanderSuccess","CALLS",0.9,"import-resolved",0
"Method:src/ui/src/mainwindow.cpp:commanderInvokeAction","Function:src/ui/include/commander.h:commanderFailure","CALLS",0.9,"import-resolved",0
"Method:src/ui/src/mainwindow.cpp:commanderInvokeAction","Function:src/ui/include/commander.h:commanderSuccess","CALLS",0.9,"import-resolved",0
"Method:src/ui/src/mainwindow.cpp:closeFileByPath","Function:src/ui/include/commander.h:commanderSuccess","CALLS",0.9,"import-resolved",0
"Method:src/ui/src/mainwindow.cpp:closeFileByPath","Function:src/ui/include/commander.h:commanderFailure","CALLS",0.9,"import-resolved",0
"Method:src/ui/src/mainwindow.cpp:closeUrlBySource","Function:src/ui/include/commander.h:commanderFailure","CALLS",0.9,"import-resolved",0
"Method:src/ui/src/mainwindow.cpp:closeComPortByName","Function:src/ui/include/commander.h:commanderSuccess","CALLS",0.9,"import-resolved",0
"Method:src/ui/src/mainwindow.cpp:closeComPortByName","Function:src/ui/include/commander.h:commanderFailure","CALLS",0.9,"import-resolved",0
"Method:src/ui/src/mainwindow.cpp:changeEvent","Function:src/utils/include/dispatch_to.h:dispatchToObject","CALLS",0.9,"import-resolved",0
"Method:src/ui/src/mainwindow.cpp:loadFile","Function:src/ui/src/mainwindow.cpp:signalCrawlerToFollowFile","CALLS",0.95,"same-file",0
"Method:src/ui/src/mainwindow.cpp:updateTitleBar","Function:src/klogg_version/include/klogg_version.h:kloggVersion","CALLS",0.9,"import-resolved",0
"Method:src/ui/src/mainwindow.cpp:updateInfoLine","Function:src/logdata/include/readablesize.h:readableSize","CALLS",0.9,"import-resolved",0
"Method:src/ui/src/mainwindow.cpp:selectOpenedFile","Function:src/utils/include/dispatch_to.h:dispatchToObject","CALLS",0.9,"import-resolved",0
"Method:src/ui/src/mainwindow.cpp:writeSettings","Function:src/ui/include/serialcaptureworker.h:serializeSerialCaptureSettings","CALLS",0.9,"import-resolved",0
"Method:src/ui/src/infoline.cpp:contextMenuEvent","Function:src/utils/include/clipboard.h:sendTextToClipboard","CALLS",0.9,"import-resolved",0
"Method:src/ui/src/infoline.cpp:contextMenuEvent","Function:src/utils/include/containers.h:isize","CALLS",0.9,"import-resolved",0
"Method:src/ui/src/importactionsdialog.cpp:ActionsImportTableModel.data#2","Function:src/ui/src/importactionsdialog.cpp:truncateText","CALLS",0.95,"same-file",0
"Method:src/ui/src/importactionsdialog.cpp:ResponsesImportTableModel.data#2","Function:src/ui/include/actionsconfig.h:responseMatchTypeToString","CALLS",0.9,"import-resolved",0
"Method:src/ui/src/importactionsdialog.cpp:ResponsesImportTableModel.data#2","Function:src/ui/src/importactionsdialog.cpp:truncateText","CALLS",0.95,"same-file",0
"Method:src/ui/src/importactionsdialog.cpp:ImportActionsDialog","Function:src/ui/src/importactionsdialog.cpp:capColumnWidth","CALLS",0.95,"same-file",0
"Method:src/ui/src/importactionsdialog.cpp:importActions","Function:src/ui/src/importactionsdialog.cpp:capColumnWidth","CALLS",0.95,"same-file",0
"Method:src/ui/src/importactionsdialog.cpp:updateDialogSize","Function:src/ui/src/importactionsdialog.cpp:tableHeightForRows","CALLS",0.95,"same-file",0
"Method:src/ui/src/importactionsdialog.cpp:updateDialogSize","Function:src/ui/src/importactionsdialog.cpp:tableWidthHint","CALLS",0.95,"same-file",0
"Method:src/ui/src/importactionsdialog.cpp:updateDialogSize","Function:src/ui/src/importactionsdialog.cpp:clampToScreenWidth","CALLS",0.95,"same-file",0
"Method:src/ui/src/highlightersetedit.cpp:HighlighterSetEdit","Function:src/utils/include/dispatch_to.h:dispatchToObject","CALLS",0.9,"import-resolved",0
"Method:src/ui/src/highlightersetedit.cpp:removeHighlighter","Function:src/utils/include/dispatch_to.h:dispatchToObject","CALLS",0.9,"import-resolved",0
"Method:src/ui/src/highlightersetedit.cpp:moveHighlighterUp","Function:src/utils/include/dispatch_to.h:dispatchToObject","CALLS",0.9,"import-resolved",0
"Method:src/ui/src/highlightersetedit.cpp:moveHighlighterDown","Function:src/utils/include/dispatch_to.h:dispatchToObject","CALLS",0.9,"import-resolved",0
"Method:src/ui/src/highlightersetedit.cpp:setCurrentRow","Function:src/utils/include/dispatch_to.h:dispatchToObject","CALLS",0.9,"import-resolved",0
"Method:src/ui/src/highlightersetedit.cpp:populateHighlighterList","Function:src/utils/include/containers.h:as_const","CALLS",0.9,"import-resolved",0
"Method:src/ui/src/highlighterset.cpp:Highlighter","Function:src/ui/src/highlighterset.cpp:getPatternOptions","CALLS",0.95,"same-file",0
"Method:src/ui/src/highlighterset.cpp:setIgnoreCase","Function:src/ui/src/highlighterset.cpp:getPatternOptions","CALLS",0.95,"same-file",0
"Method:src/ui/src/highlighterset.cpp:HighlighterSet","Function:src/utils/include/uuid.h:generateIdFromUuid","CALLS",0.9,"import-resolved",0
"Method:src/ui/src/highlighterset.cpp:retrieveFromStorage","Function:src/ui/src/highlighterset.cpp:getPatternOptions","CALLS",0.95,"same-file",0
"Method:src/ui/src/highlighterset.cpp:retrieveFromStorage","Function:src/utils/include/uuid.h:generateIdFromUuid","CALLS",0.9,"import-resolved",0
"Method:src/ui/src/highlighterset.cpp:updateCombinedSet","Function:src/utils/include/containers.h:as_const","CALLS",0.9,"import-resolved",0
"Method:src/ui/src/highlightersdialog.cpp:HighlightersDialog","Function:src/utils/include/dispatch_to.h:dispatchToObject","CALLS",0.9,"import-resolved",0
"Method:src/ui/src/highlightersdialog.cpp:importHighlighters","Function:src/utils/include/containers.h:as_const","CALLS",0.9,"import-resolved",0
"Method:src/ui/src/highlightersdialog.cpp:removeHighlighterSet","Function:src/utils/include/dispatch_to.h:dispatchToObject","CALLS",0.9,"import-resolved",0
"Method:src/ui/src/highlightersdialog.cpp:moveHighlighterSetUp","Function:src/utils/include/dispatch_to.h:dispatchToObject","CALLS",0.9,"import-resolved",0
"Method:src/ui/src/highlightersdialog.cpp:moveHighlighterSetDown","Function:src/utils/include/dispatch_to.h:dispatchToObject","CALLS",0.9,"import-resolved",0
"Method:src/ui/src/highlightersdialog.cpp:setCurrentRow","Function:src/utils/include/dispatch_to.h:dispatchToObject","CALLS",0.9,"import-resolved",0
"Method:src/ui/src/highlightersdialog.cpp:populateHighlighterList","Function:src/utils/include/containers.h:as_const","CALLS",0.9,"import-resolved",0
"Method:src/ui/src/displayfilepath.cpp:DisplayFilePath","Function:src/ui/src/displayfilepath.cpp:shrinkPath","CALLS",0.95,"same-file",0
"Method:src/ui/src/decompressor.cpp:action","Function:src/ui/src/decompressor.cpp:archiveType","CALLS",0.95,"same-file",0
"Method:src/ui/src/decompressor.cpp:decompress","Function:src/ui/src/decompressor.cpp:makeDecompressor","CALLS",0.95,"same-file",0
"Method:src/ui/src/decompressor.cpp:decompress","Function:src/ui/src/decompressor.cpp:archiveType","CALLS",0.95,"same-file",0
"Method:src/ui/src/decompressor.cpp:decompress","Function:src/ui/src/decompressor.cpp:doDecompress","CALLS",0.95,"same-file",0
"Method:src/ui/src/decompressor.cpp:extract","Function:src/ui/src/decompressor.cpp:makeExtractor","CALLS",0.95,"same-file",0
"Method:src/ui/src/decompressor.cpp:extract","Function:src/ui/src/decompressor.cpp:archiveType","CALLS",0.95,"same-file",0
"Method:src/ui/src/decompressor.cpp:extract","Function:src/ui/src/decompressor.cpp:doExtract","CALLS",0.95,"same-file",0
"Method:src/ui/src/crawlerwidget.cpp:doSendAllStateSignals","Function:src/ui/src/crawlerwidget.cpp:loadingFinished","CALLS",0.95,"same-file",0
"Method:src/ui/src/crawlerwidget.cpp:changeEvent","Function:src/utils/include/dispatch_to.h:dispatchToObject","CALLS",0.9,"import-resolved",0
"Method:src/ui/src/crawlerwidget.cpp:showSearchContextMenu","Function:src/utils/include/active_screen.h:activeScreen","CALLS",0.9,"import-resolved",0
"Method:src/ui/src/crawlerwidget.cpp:markLinesFromFiltered","Function:src/logdata/include/linetypes.h:maxValue","CALLS",0.9,"import-resolved",0
"Method:src/ui/src/crawlerwidget.cpp:setSearchPattern","Function:src/utils/include/dispatch_to.h:dispatchToObject","CALLS",0.9,"import-resolved",0
"Method:src/ui/src/actionstablemodel.cpp:previewSequence","Function:src/ui/src/actionstablemodel.cpp:truncateText","CALLS",0.95,"same-file",0
"Method:src/ui/src/actionsresponseswindow.cpp:ResponsesFilterProxyModel.setFilterText#1","Function:src/ui/src/actionsresponseswindow.cpp:looksLikeHex","CALLS",0.95,"same-file",0
"Method:src/ui/src/actionsresponseswindow.cpp:ResponsesFilterProxyModel.setFilterText#1","Function:src/ui/include/previewdecodeutils.h:decodeHexStringToBytes","CALLS",0.9,"import-resolved",0
"Method:src/ui/src/actionsresponseswindow.cpp:ResponsesFilterProxyModel.setFilterText#1","Function:src/ui/src/actionsresponseswindow.cpp:looksLikeRegex","CALLS",0.95,"same-file",0
"Method:src/ui/src/actionsresponseswindow.cpp:ResponsesFilterProxyModel.filterAcceptsRow#2","Function:src/ui/include/previewdecodeutils.h:decodeHexStringToBytes","CALLS",0.9,"import-resolved",0
"Method:src/ui/src/actionsresponseswindow.cpp:ActionsResponsesWindow","Function:src/ui/src/actionsresponseswindow.cpp:capColumnWidth","CALLS",0.95,"same-file",0
"Method:src/ui/src/actionsresponseswindow.cpp:refreshActions","Function:src/ui/src/actionsresponseswindow.cpp:capColumnWidth","CALLS",0.95,"same-file",0
"Method:src/ui/src/actionsresponseswindow.cpp:refreshResponses","Function:src/ui/src/actionsresponseswindow.cpp:capColumnWidth","CALLS",0.95,"same-file",0
"Method:src/ui/src/actionsresponseswindow.cpp:updateWindowSize","Function:src/ui/src/actionsresponseswindow.cpp:tableHeightForRows","CALLS",0.95,"same-file",0
"Method:src/ui/src/actionsresponseswindow.cpp:updateWindowSize","Function:src/ui/src/actionsresponseswindow.cpp:tableWidthHint","CALLS",0.95,"same-file",0
"Method:src/ui/src/actionsresponseswindow.cpp:updateWindowSize","Function:src/ui/src/actionsresponseswindow.cpp:clampToScreenWidth","CALLS",0.95,"same-file",0
"Method:src/ui/src/actionsrepository.cpp:save","Function:src/ui/src/actionsrepository.cpp:actionToJson","CALLS",0.95,"same-file",0
"Method:src/ui/src/actionsrepository.cpp:save","Function:src/ui/src/actionsrepository.cpp:responseToJson","CALLS",0.95,"same-file",0
"Method:src/ui/src/actionsmanager.cpp:loadFromRepository","Function:src/ui/include/actionsconfig.h:normalizeActionDefinitions","CALLS",0.9,"import-resolved",0
"Method:src/ui/src/actionsmanager.cpp:loadFromRepository","Function:src/ui/include/actionsconfig.h:normalizeResponseDefinitions","CALLS",0.9,"import-resolved",0
"Method:src/ui/src/actionsmanager.cpp:importFromDefinitions","Function:src/ui/include/actionsconfig.h:normalizeActionDefinitions","CALLS",0.9,"import-resolved",0
"Method:src/ui/src/actionsmanager.cpp:importFromDefinitions","Function:src/ui/include/actionsconfig.h:normalizeResponseDefinitions","CALLS",0.9,"import-resolved",0
"Method:src/ui/src/actionsmanager.cpp:nextActionId","Function:src/ui/src/actionsmanager.cpp:nextDefinitionId","CALLS",0.95,"same-file",0
"Method:src/ui/src/actionsmanager.cpp:nextResponseId","Function:src/ui/src/actionsmanager.cpp:nextDefinitionId","CALLS",0.95,"same-file",0
"Method:src/ui/src/actionsmanager.cpp:createAction","Function:src/ui/include/actionsconfig.h:validateActionDefinition","CALLS",0.9,"import-resolved",0
"Method:src/ui/src/actionsmanager.cpp:createAction","Function:src/ui/src/actionsmanager.cpp:setError","CALLS",0.95,"same-file",0
"Method:src/ui/src/actionsmanager.cpp:createAction","Function:src/ui/include/actionsconfig.h:normalizeActionDefinitions","CALLS",0.9,"import-resolved",0
"Method:src/ui/src/actionsmanager.cpp:updateAction","Function:src/ui/src/actionsmanager.cpp:setError","CALLS",0.95,"same-file",0
"Method:src/ui/src/actionsmanager.cpp:updateAction","Function:src/ui/include/actionsconfig.h:validateActionDefinition","CALLS",0.9,"import-resolved",0
"Method:src/ui/src/actionsmanager.cpp:updateAction","Function:src/ui/include/actionsconfig.h:normalizeActionDefinitions","CALLS",0.9,"import-resolved",0
"Method:src/ui/src/actionsmanager.cpp:deleteAction","Function:src/ui/src/actionsmanager.cpp:setError","CALLS",0.95,"same-file",0
"Method:src/ui/src/actionsmanager.cpp:deleteAction","Function:src/ui/include/actionsconfig.h:normalizeActionDefinitions","CALLS",0.9,"import-resolved",0
"Method:src/ui/src/actionsmanager.cpp:deleteAction","Function:src/ui/include/actionsconfig.h:normalizeResponseDefinitions","CALLS",0.9,"import-resolved",0
"Method:src/ui/src/actionsmanager.cpp:moveAction","Function:src/ui/src/actionsmanager.cpp:setError","CALLS",0.95,"same-file",0
"Method:src/ui/src/actionsmanager.cpp:moveAction","Function:src/ui/include/actionsconfig.h:normalizeActionDefinitions","CALLS",0.9,"import-resolved",0
"Method:src/ui/src/actionsmanager.cpp:createResponse","Function:src/ui/include/actionsconfig.h:validateResponseDefinition","CALLS",0.9,"import-resolved",0
"Method:src/ui/src/actionsmanager.cpp:createResponse","Function:src/ui/src/actionsmanager.cpp:validateResponseActionIds","CALLS",0.95,"same-file",0
"Method:src/ui/src/actionsmanager.cpp:createResponse","Function:src/ui/src/actionsmanager.cpp:setError","CALLS",0.95,"same-file",0
"Method:src/ui/src/actionsmanager.cpp:createResponse","Function:src/ui/include/actionsconfig.h:normalizeResponseDefinitions","CALLS",0.9,"import-resolved",0
"Method:src/ui/src/actionsmanager.cpp:updateResponse","Function:src/ui/src/actionsmanager.cpp:setError","CALLS",0.95,"same-file",0
"Method:src/ui/src/actionsmanager.cpp:updateResponse","Function:src/ui/include/actionsconfig.h:validateResponseDefinition","CALLS",0.9,"import-resolved",0
"Method:src/ui/src/actionsmanager.cpp:updateResponse","Function:src/ui/src/actionsmanager.cpp:validateResponseActionIds","CALLS",0.95,"same-file",0
"Method:src/ui/src/actionsmanager.cpp:updateResponse","Function:src/ui/include/actionsconfig.h:normalizeResponseDefinitions","CALLS",0.9,"import-resolved",0
"Method:src/ui/src/actionsmanager.cpp:deleteResponse","Function:src/ui/src/actionsmanager.cpp:setError","CALLS",0.95,"same-file",0
"Method:src/ui/src/actionsmanager.cpp:deleteResponse","Function:src/ui/include/actionsconfig.h:normalizeResponseDefinitions","CALLS",0.9,"import-resolved",0
"Method:src/ui/src/actionsmanager.cpp:moveResponse","Function:src/ui/src/actionsmanager.cpp:setError","CALLS",0.95,"same-file",0
"Method:src/ui/src/actionsmanager.cpp:moveResponse","Function:src/ui/include/actionsconfig.h:normalizeResponseDefinitions","CALLS",0.9,"import-resolved",0
"Method:src/ui/src/actionsconfigparser.cpp:parseJson","Function:src/ui/src/actionsconfigparser.cpp:stripLineComments","CALLS",0.95,"same-file",0
"Method:src/ui/src/actionsconfigparser.cpp:parseJson","Function:src/ui/src/actionsconfigparser.cpp:parseAction","CALLS",0.95,"same-file",0
"Method:src/ui/src/actionsconfigparser.cpp:parseJson","Function:src/ui/src/actionsconfigparser.cpp:parseResponse","CALLS",0.95,"same-file",0
"Method:src/ui/src/actionsconfigparser.cpp:parseJson","Function:src/ui/include/actionsconfig.h:normalizeActionDefinitions","CALLS",0.9,"import-resolved",0
"Method:src/ui/src/actionsconfigparser.cpp:parseJson","Function:src/ui/include/actionsconfig.h:normalizeResponseDefinitions","CALLS",0.9,"import-resolved",0
"Method:src/ui/src/actioneditdialog.cpp:ActionEditDialog","Function:src/ui/include/actionsconfig.h:actionSequenceTypeToString","CALLS",0.9,"import-resolved",0
"Method:src/ui/src/actioneditdialog.cpp:eventFilter","Function:src/ui/src/actioneditdialog.cpp:lineEndingEscapeText","CALLS",0.95,"same-file",0
"Method:src/ui/src/actioneditdialog.cpp:accept","Function:src/ui/include/actionsconfig.h:actionSequenceTypeFromString","CALLS",0.9,"import-resolved",0
"Method:src/ui/src/actioneditdialog.cpp:accept","Function:src/ui/src/actioneditdialog.cpp:displayedStringToBytes","CALLS",0.95,"same-file",0
"Method:src/ui/src/actioneditdialog.cpp:accept","Function:src/ui/src/actioneditdialog.cpp:splitCsvValues","CALLS",0.95,"same-file",0
"Method:src/ui/src/actioneditdialog.cpp:accept","Function:src/ui/include/actionsconfig.h:validateActionDefinition","CALLS",0.9,"import-resolved",0
"Method:src/ui/src/actioneditdialog.cpp:populateFromAction","Function:src/ui/include/actionsconfig.h:actionSequenceTypeToString","CALLS",0.9,"import-resolved",0
"Method:src/ui/src/actioneditdialog.cpp:syncHexFromString","Function:src/ui/src/actioneditdialog.cpp:bytesToHexString","CALLS",0.95,"same-file",0
"Method:src/ui/src/actioneditdialog.cpp:syncHexFromString","Function:src/ui/src/actioneditdialog.cpp:displayedStringToBytes","CALLS",0.95,"same-file",0
"Method:src/ui/src/actioneditdialog.cpp:syncStringFromHex","Function:src/ui/include/previewdecodeutils.h:decodeHexStringToBytes","CALLS",0.9,"import-resolved",0
"Method:src/ui/src/actioneditdialog.cpp:syncStringFromHex","Function:src/ui/src/actioneditdialog.cpp:bytesToDisplayedString","CALLS",0.95,"same-file",0
"Method:src/ui/src/actioneditdialog.cpp:setSequenceEditors","Function:src/ui/include/previewdecodeutils.h:decodeHexStringToBytes","CALLS",0.9,"import-resolved",0
"Method:src/ui/src/actioneditdialog.cpp:setSequenceEditors","Function:src/ui/src/actioneditdialog.cpp:bytesToDisplayedString","CALLS",0.95,"same-file",0
"Method:src/ui/src/actioneditdialog.cpp:setSequenceEditors","Function:src/ui/src/actioneditdialog.cpp:bytesToHexString","CALLS",0.95,"same-file",0
"Method:src/ui/src/abstractlogview.cpp:LineDrawer.draw#6","Function:src/ui/src/abstractlogview.cpp:textWidth","CALLS",0.95,"same-file",0
"Method:src/ui/src/abstractlogview.cpp:LineDrawer.draw#6","Function:src/utils/include/containers.h:isize","CALLS",0.9,"import-resolved",0
"Method:src/ui/src/abstractlogview.cpp:AbstractLogView","Function:src/ui/src/quickfindpattern.cpp:patternUpdated","CALLS",0.5,"global",0
"Method:src/ui/src/abstractlogview.cpp:AbstractLogView","Function:src/ui/src/viewtools.cpp:lengthChanged","CALLS",0.5,"global",0
"Method:src/ui/src/abstractlogview.cpp:mousePressEvent","Function:src/utils/include/active_screen.h:activeScreen","CALLS",0.9,"import-resolved",0
"Method:src/ui/src/abstractlogview.cpp:timerEvent","Function:src/utils/include/active_screen.h:activeScreen","CALLS",0.9,"import-resolved",0
"Method:src/ui/src/abstractlogview.cpp:scrollContentsBy","Function:src/utils/include/active_screen.h:activeScreen","CALLS",0.9,"import-resolved",0
"Method:src/ui/src/abstractlogview.cpp:copy","Function:src/utils/include/clipboard.h:sendTextToClipboard","CALLS",0.9,"import-resolved",0
"Method:src/ui/src/abstractlogview.cpp:copyWithLineNumbers","Function:src/utils/include/clipboard.h:sendTextToClipboard","CALLS",0.9,"import-resolved",0
"Method:src/ui/src/abstractlogview.cpp:updateFont","Function:src/ui/src/abstractlogview.cpp:pixmapFontMetrics","CALLS",0.95,"same-file",0
"Method:src/ui/src/abstractlogview.cpp:updateScrollBars","Function:src/logdata/include/linetypes.h:maxValue","CALLS",0.9,"import-resolved",0
"Method:src/ui/src/abstractlogview.cpp:drawTextArea","Function:src/ui/src/abstractlogview.cpp:pixmapPainter","CALLS",0.95,"same-file",0
"Method:src/ui/src/abstractlogview.cpp:drawTextArea","Function:src/ui/src/abstractlogview.cpp:countDigits","CALLS",0.95,"same-file",0
"Method:src/ui/src/abstractlogview.cpp:drawTextArea","Function:src/logdata/include/linetypes.h:untabify","CALLS",0.9,"import-resolved",0
"Method:src/ui/src/abstractlogview.cpp:drawTextArea","Function:src/utils/include/containers.h:isize","CALLS",0.9,"import-resolved",0
"Method:src/settings/src/shortcuts.cpp:defaultShortcutList","Function:src/settings/src/shortcuts.cpp:getKeyBindings","CALLS",0.95,"same-file",0
"Method:src/settings/src/persistentinfo.cpp:PreparePortableSettings","Function:src/settings/src/persistentinfo.cpp:makeSessionSettingsPath","CALLS",0.95,"same-file",0
"Method:src/settings/src/persistentinfo.cpp:PreparePortableSettings","Function:src/settings/src/persistentinfo.cpp:makeLegacySessionSettingsPath","CALLS",0.95,"same-file",0
"Method:src/settings/src/persistentinfo.cpp:PrepareOsSettings","Function:src/settings/src/persistentinfo.cpp:copySettings","CALLS",0.95,"same-file",0
"Method:src/settings/src/persistentinfo.cpp:PrepareOsSettings","Function:src/settings/src/persistentinfo.cpp:makeSessionSettingsPath","CALLS",0.95,"same-file",0
"Method:src/settings/src/persistentinfo.cpp:UpdateSettings","Function:src/utils/include/uuid.h:generateIdFromUuid","CALLS",0.9,"import-resolved",0
"Method:src/settings/src/configuration.cpp:retrieveFromStorage","Function:src/settings/src/configuration.cpp:canonicalShortcutActionId","CALLS",0.95,"same-file",0
"Method:src/regex/src/regularexpression.cpp:RegularExpression","Function:src/regex/src/regularexpression.cpp:parseBooleanExpressions","CALLS",0.95,"same-file",0
"Method:src/regex/src/regularexpression.cpp:RegularExpression","Function:src/regex/src/regularexpression.cpp:splitTopLevelOr","CALLS",0.95,"same-file",0
"Method:src/regex/src/regularexpression.cpp:RegularExpression","Function:src/regex/src/regularexpression.cpp:normalizeExtendedBooleanOps","CALLS",0.95,"same-file",0
"Method:src/regex/src/regularexpression.cpp:PatternMatcher","Function:src/regex/src/regularexpression.cpp:canUseDirectHsCombinationBit","CALLS",0.95,"same-file",0
"Method:src/regex/src/hsregularexpression.cpp:match","Function:src/utils/include/containers.h:isize","CALLS",0.9,"import-resolved",0
"Method:src/regex/src/hsregularexpression.cpp:HsRegularExpression","Function:src/regex/src/hsregularexpression.cpp:isAcceleratedBackendPlatformValid","CALLS",0.95,"same-file",0
"Method:src/regex/src/hsregularexpression.cpp:HsRegularExpression","Function:src/utils/include/resourcewrapper.h:makeUniqueResource","CALLS",0.9,"import-resolved",0
"Method:src/regex/src/hsregularexpression.cpp:HsRegularExpression","Function:src/regex/src/hsregularexpression.cpp:acceleratedBackendName","CALLS",0.95,"same-file",0
"Method:src/regex/src/hsregularexpression.cpp:HsRegularExpression","Function:src/regex/src/hsregularexpression.cpp:targetArchitectureName","CALLS",0.95,"same-file",0
"Method:src/regex/src/hsregularexpression.cpp:createMatcher","Function:src/utils/include/resourcewrapper.h:makeUniqueResource","CALLS",0.9,"import-resolved",0
"Method:src/regex/src/booleanevaluator.cpp:BooleanExpressionEvaluator","Function:src/regex/src/booleanevaluator.cpp:isBitSet","CALLS",0.95,"same-file",0
"Method:src/regex/src/booleanevaluator.cpp:evaluate","Function:src/regex/src/booleanevaluator.cpp:buildPatternCombination","CALLS",0.95,"same-file",0
"Method:src/regex/include/hsregularexpression.h:DefaultRegularExpressionMatcher.match#1","Function:src/utils/include/containers.h:isize","CALLS",0.9,"import-resolved",0
"Method:src/logdata/src/logfiltereddataworker.cpp:search","Function:src/utils/include/runnable_lambda.h:createRunnable","CALLS",0.9,"import-resolved",0
"Method:src/logdata/src/logfiltereddataworker.cpp:updateSearch","Function:src/utils/include/runnable_lambda.h:createRunnable","CALLS",0.9,"import-resolved",0
"Method:src/logdata/src/logfiltereddataworker.cpp:doSearch","Function:src/logdata/src/logfiltereddataworker.cpp:filterLines","CALLS",0.95,"same-file",0
"Method:src/logdata/src/logfiltereddataworker.cpp:doSearch","Function:src/utils/include/progress.h:calculateProgress","CALLS",0.9,"import-resolved",0
"Method:src/logdata/src/logfiltereddataworker.cpp:run","Function:src/utils/include/dispatch_to.h:dispatchToMainThread","CALLS",0.9,"import-resolved",0
"Method:src/logdata/src/logfiltereddata.cpp:handleSearchProgressed","Function:src/logdata/include/readablesize.h:readableSize","CALLS",0.9,"import-resolved",0
"Method:src/logdata/src/logfiltereddata.cpp:findLogDataLine","Function:src/logdata/include/linetypes.h:maxValue","CALLS",0.9,"import-resolved",0
"Method:src/logdata/src/logdataworker.cpp:addAll","Function:src/utils/include/containers.h:ssize","CALLS",0.9,"import-resolved",0
"Method:src/logdata/src/logdataworker.cpp:indexAll","Function:src/utils/include/runnable_lambda.h:createRunnable","CALLS",0.9,"import-resolved",0
"Method:src/logdata/src/logdataworker.cpp:indexAdditionalLines","Function:src/utils/include/runnable_lambda.h:createRunnable","CALLS",0.9,"import-resolved",0
"Method:src/logdata/src/logdataworker.cpp:checkFileChanges","Function:src/utils/include/runnable_lambda.h:createRunnable","CALLS",0.9,"import-resolved",0
"Method:src/logdata/src/logdataworker.cpp:parseDataBlock","Function:src/utils/include/containers.h:ssize","CALLS",0.9,"import-resolved",0
"Method:src/logdata/src/logdataworker.cpp:parseDataBlock","Function:src/logdata/src/logdataworker.cpp:findNextLineFeed","CALLS",0.95,"same-file",0
"Method:src/logdata/src/logdataworker.cpp:readFileInBlocks","Function:src/utils/include/containers.h:ssize","CALLS",0.9,"import-resolved",0
"Method:src/logdata/src/logdataworker.cpp:indexNextBlock","Function:src/utils/include/progress.h:calculateProgress","CALLS",0.9,"import-resolved",0
"Method:src/logdata/src/logdataworker.cpp:doIndex","Function:src/logdata/include/readablesize.h:readableSize","CALLS",0.9,"import-resolved",0
"Method:src/logdata/src/logdataworker.cpp:doIndex","Function:src/crash_handler/include/memory_info.h:usedMemory","CALLS",0.9,"import-resolved",0
"Method:src/logdata/src/logdataworker.cpp:doIndex","Function:src/utils/include/dispatch_to.h:dispatchToMainThread","CALLS",0.9,"import-resolved",0
"Method:src/logdata/src/logdataworker.cpp:run","Function:src/utils/include/dispatch_to.h:dispatchToMainThread","CALLS",0.9,"import-resolved",0
"Method:src/logdata/src/logdataoperation.cpp:tryStartPendingOperation","Function:src/utils/include/overload_visitor.h:makeOverloadVisitor","CALLS",0.9,"import-resolved",0
"Method:src/logdata/src/logdata.cpp:doGetExpandedLineString","Function:src/logdata/include/linetypes.h:untabify","CALLS",0.9,"import-resolved",0
"Method:src/logdata/src/logdata.cpp:doGetExpandedLines","Function:src/logdata/include/linetypes.h:untabify","CALLS",0.9,"import-resolved",0
"Method:src/logdata/src/logdata.cpp:RawLines::decodeLines","Function:src/utils/include/containers.h:ssize","CALLS",0.9,"import-resolved",0
"Method:src/logdata/src/logdata.cpp:RawLines::buildUtf8View","Function:src/utils/include/containers.h:isize","CALLS",0.9,"import-resolved",0
"Method:src/logdata/src/fileholder.cpp:reOpenFile","Function:src/logdata/src/fileholder.cpp:openFileByHandle","CALLS",0.95,"same-file",0
"Method:src/logdata/src/encodingdetector.cpp:detectEncoding","Function:src/utils/include/containers.h:isize","CALLS",0.9,"import-resolved",0
"Method:src/logdata/src/compressedlinestorage.cpp:CompressedLinePositionStorage","Function:src/utils/include/cpu_info.h:hasRequiredInstructions","CALLS",0.9,"import-resolved",0
"Method:src/logdata/src/compressedlinestorage.cpp:CompressedLinePositionStorage","Function:src/utils/include/cpu_info.h:supportedCpuInstructions","CALLS",0.9,"import-resolved",0
"Method:src/filewatch/src/filewatcher.cpp:EfswFileWatcher.addFile#1","Function:src/filewatch/src/filewatcher.cpp:isOnlyForPolling","CALLS",0.95,"same-file",0
"Method:src/filewatch/src/filewatcher.cpp:EfswFileWatcher.removeFile#1","Function:src/filewatch/src/filewatcher.cpp:isOnlyForPolling","CALLS",0.95,"same-file",0
"Method:src/filewatch/src/filewatcher.cpp:EfswFileWatcher.checkWatches#0","Function:src/utils/include/dispatch_to.h:dispatchToMainThread","CALLS",0.9,"import-resolved",0
"Method:src/filewatch/src/filewatcher.cpp:EfswFileWatcher.handleFileAction#5","Function:src/utils/include/dispatch_to.h:dispatchToThread","CALLS",0.9,"import-resolved",0
"Method:src/filewatch/src/filewatcher.cpp:EfswFileWatcher.notifyOnFileAction#3","Function:src/utils/include/dispatch_to.h:dispatchToMainThread","CALLS",0.9,"import-resolved",0
"Method:src/crash_handler/src/issuereporter.cpp:reportIssue","Function:src/klogg_version/include/klogg_version.h:kloggVersion","CALLS",0.9,"import-resolved",0
"Method:src/crash_handler/src/issuereporter.cpp:reportIssue","Function:src/klogg_version/include/klogg_version.h:kloggBuildDate","CALLS",0.9,"import-resolved",0
"Method:src/crash_handler/src/issuereporter.cpp:reportIssue","Function:src/klogg_version/include/klogg_version.h:kloggCommit","CALLS",0.9,"import-resolved",0
"Method:src/crash_handler/src/issuereporter.cpp:reportIssue","Function:src/crash_handler/src/issuereporter.cpp:encodeQueryValue","CALLS",0.95,"same-file",0
"Method:src/crash_handler/src/crashhandler.cpp:CrashHandler","Function:src/crash_handler/src/crashhandler.cpp:sentryDatabasePath","CALLS",0.95,"same-file",0
"Method:src/crash_handler/src/crashhandler.cpp:CrashHandler","Function:src/crash_handler/src/crashhandler.cpp:checkCrashpadReports","CALLS",0.95,"same-file",0
"Method:src/crash_handler/src/crashhandler.cpp:CrashHandler","Function:src/klogg_version/include/klogg_version.h:kloggVersion","CALLS",0.9,"import-resolved",0
"Method:src/crash_handler/src/crashhandler.cpp:CrashHandler","Function:src/klogg_version/include/klogg_version.h:kloggCommit","CALLS",0.9,"import-resolved",0
"Method:src/crash_handler/src/crashhandler.cpp:CrashHandler","Function:src/crash_handler/include/memory_info.h:physicalMemory","CALLS",0.9,"import-resolved",0
"Method:src/crash_handler/src/crashhandler.cpp:CrashHandler","Function:src/utils/include/cpu_info.h:supportedCpuInstructions","CALLS",0.9,"import-resolved",0
"Method:src/crash_handler/src/crashhandler.cpp:CrashHandler","Function:src/crash_handler/include/memory_info.h:usedMemory","CALLS",0.9,"import-resolved",0
"Method:src/settings/src/persistentinfo.cpp:PreparePortableSettings#1","Function:src/settings/src/persistentinfo.cpp:makeSessionSettingsPath","CALLS",0.95,"same-file",0
"Method:src/settings/src/persistentinfo.cpp:PreparePortableSettings#1","Function:src/settings/src/persistentinfo.cpp:makeLegacySessionSettingsPath","CALLS",0.95,"same-file",0
"Method:src/settings/src/persistentinfo.cpp:PrepareOsSettings#0","Function:src/settings/src/persistentinfo.cpp:copySettings","CALLS",0.95,"same-file",0
"Method:src/settings/src/persistentinfo.cpp:PrepareOsSettings#0","Function:src/settings/src/persistentinfo.cpp:makeSessionSettingsPath","CALLS",0.95,"same-file",0
"Method:src/settings/src/persistentinfo.cpp:UpdateSettings#0","Function:src/utils/include/uuid.h:generateIdFromUuid","CALLS",0.9,"import-resolved",0
"Method:src/crash_handler/src/issuereporter.cpp:reportIssue#3","Function:src/klogg_version/include/klogg_version.h:kloggVersion","CALLS",0.9,"import-resolved",0
"Method:src/crash_handler/src/issuereporter.cpp:reportIssue#3","Function:src/klogg_version/include/klogg_version.h:kloggBuildDate","CALLS",0.9,"import-resolved",0
"Method:src/crash_handler/src/issuereporter.cpp:reportIssue#3","Function:src/klogg_version/include/klogg_version.h:kloggCommit","CALLS",0.9,"import-resolved",0
"Method:src/crash_handler/src/issuereporter.cpp:reportIssue#3","Function:src/crash_handler/src/issuereporter.cpp:encodeQueryValue","CALLS",0.95,"same-file",0
"Method:src/crash_handler/src/crashhandler.cpp:CrashHandler#0","Function:src/crash_handler/src/crashhandler.cpp:sentryDatabasePath","CALLS",0.95,"same-file",0
"Method:src/crash_handler/src/crashhandler.cpp:CrashHandler#0","Function:src/crash_handler/src/crashhandler.cpp:checkCrashpadReports","CALLS",0.95,"same-file",0
"Method:src/crash_handler/src/crashhandler.cpp:CrashHandler#0","Function:src/klogg_version/include/klogg_version.h:kloggVersion","CALLS",0.9,"import-resolved",0
"Method:src/crash_handler/src/crashhandler.cpp:CrashHandler#0","Function:src/klogg_version/include/klogg_version.h:kloggCommit","CALLS",0.9,"import-resolved",0
"Method:src/crash_handler/src/crashhandler.cpp:CrashHandler#0","Function:src/crash_handler/include/memory_info.h:physicalMemory","CALLS",0.9,"import-resolved",0
"Method:src/crash_handler/src/crashhandler.cpp:CrashHandler#0","Function:src/utils/include/cpu_info.h:supportedCpuInstructions","CALLS",0.9,"import-resolved",0
"Method:src/crash_handler/src/crashhandler.cpp:CrashHandler#0","Function:src/crash_handler/include/memory_info.h:usedMemory","CALLS",0.9,"import-resolved",0
"Method:src/ui/src/scratchpad.cpp:transformTextInPlace#1","Function:src/utils/include/clipboard.h:sendTextToClipboard","CALLS",0.9,"import-resolved",0
"Method:src/ui/src/scratchpad.cpp:crc32Hex#0","Function:src/ui/src/scratchpad.cpp:formatHex","CALLS",0.95,"same-file",0
"Method:src/ui/src/scratchpad.cpp:crc32Dec#0","Function:src/ui/src/scratchpad.cpp:formatDec","CALLS",0.95,"same-file",0
"Method:src/ui/src/scratchpad.cpp:fileTime#0","Function:src/ui/src/scratchpad.cpp:windowsTickToUnixSeconds","CALLS",0.95,"same-file",0
"Method:src/ui/src/scratchpad.cpp:decToHex#0","Function:src/ui/src/scratchpad.cpp:formatHex","CALLS",0.95,"same-file",0
"Method:src/ui/src/scratchpad.cpp:hexToDec#0","Function:src/ui/src/scratchpad.cpp:formatDec","CALLS",0.95,"same-file",0
"Method:src/ui/src/infoline.cpp:contextMenuEvent#1","Function:src/utils/include/clipboard.h:sendTextToClipboard","CALLS",0.9,"import-resolved",0
"Method:src/ui/src/infoline.cpp:contextMenuEvent#1","Function:src/utils/include/containers.h:isize","CALLS",0.9,"import-resolved",0
"Method:src/ui/src/scriptsupervisor.cpp:runScript#1","Function:src/ui/include/commander.h:commanderFailure","CALLS",0.9,"import-resolved",0
"Method:src/ui/src/scriptsupervisor.cpp:runScript#1","Function:src/ui/include/commander.h:commanderSuccess","CALLS",0.9,"import-resolved",0
"Method:src/ui/src/scriptsupervisor.cpp:runGlobalScript#1","Function:src/ui/include/commander.h:commanderFailure","CALLS",0.9,"import-resolved",0
"Method:src/ui/src/scriptsupervisor.cpp:runGlobalScript#1","Function:src/ui/include/commander.h:commanderSuccess","CALLS",0.9,"import-resolved",0
"Method:src/ui/src/scriptsupervisor.cpp:stopScript#1","Function:src/ui/src/scriptsupervisor.cpp:isActiveState","CALLS",0.95,"same-file",0
"Method:src/ui/src/scriptsupervisor.cpp:stopScript#1","Function:src/ui/include/commander.h:commanderSuccess","CALLS",0.9,"import-resolved",0
"Method:src/ui/src/scriptsupervisor.cpp:stopScript#1","Function:src/ui/include/commander.h:commanderFailure","CALLS",0.9,"import-resolved",0
"Method:src/ui/src/scriptsupervisor.cpp:stopGlobalScript#0","Function:src/ui/src/scriptsupervisor.cpp:isActiveState","CALLS",0.95,"same-file",0
"Method:src/ui/src/scriptsupervisor.cpp:stopGlobalScript#0","Function:src/ui/include/commander.h:commanderFailure","CALLS",0.9,"import-resolved",0
"Method:src/ui/src/scriptsupervisor.cpp:stopGlobalScript#0","Function:src/ui/include/commander.h:commanderSuccess","CALLS",0.9,"import-resolved",0
"Method:src/ui/src/scriptsupervisor.cpp:scriptStatus#1","Function:src/ui/include/commander.h:commanderSuccess","CALLS",0.9,"import-resolved",0
"Method:src/ui/src/scriptsupervisor.cpp:scriptStatus#1","Function:src/ui/include/commander.h:commanderFailure","CALLS",0.9,"import-resolved",0
"Method:src/ui/src/scriptsupervisor.cpp:globalScriptStatus#0","Function:src/ui/include/commander.h:commanderFailure","CALLS",0.9,"import-resolved",0
"Method:src/ui/src/scriptsupervisor.cpp:globalScriptStatus#0","Function:src/ui/include/commander.h:commanderSuccess","CALLS",0.9,"import-resolved",0
"Method:src/ui/src/scriptsupervisor.cpp:scriptSubscriptions#1","Function:src/ui/include/commander.h:commanderSuccess","CALLS",0.9,"import-resolved",0
"Method:src/ui/src/scriptsupervisor.cpp:scriptSubscriptions#1","Function:src/ui/include/commander.h:commanderFailure","CALLS",0.9,"import-resolved",0
"Method:src/ui/src/scriptsupervisor.cpp:globalScriptSubscriptions#0","Function:src/ui/include/commander.h:commanderFailure","CALLS",0.9,"import-resolved",0
"Method:src/ui/src/scriptsupervisor.cpp:globalScriptSubscriptions#0","Function:src/ui/include/commander.h:commanderSuccess","CALLS",0.9,"import-resolved",0
"Method:src/ui/src/scriptsupervisor.cpp:clearScriptSubscriptions#1","Function:src/ui/include/commander.h:commanderSuccess","CALLS",0.9,"import-resolved",0
"Method:src/ui/src/scriptsupervisor.cpp:clearScriptSubscriptions#1","Function:src/ui/include/commander.h:commanderFailure","CALLS",0.9,"import-resolved",0
"Method:src/ui/src/scriptsupervisor.cpp:clearGlobalScriptSubscriptions#0","Function:src/ui/include/commander.h:commanderFailure","CALLS",0.9,"import-resolved",0
"Method:src/ui/src/scriptsupervisor.cpp:clearGlobalScriptSubscriptions#0","Function:src/ui/include/commander.h:commanderSuccess","CALLS",0.9,"import-resolved",0
"Method:src/ui/src/scriptsupervisor.cpp:hasActiveScripts#0","Function:src/ui/src/scriptsupervisor.cpp:isActiveState","CALLS",0.95,"same-file",0
"Method:src/ui/src/scriptsupervisor.cpp:hasActiveScriptForTab#1","Function:src/ui/src/scriptsupervisor.cpp:isActiveState","CALLS",0.95,"same-file",0
"Method:src/ui/src/scriptsupervisor.cpp:resolvePythonExecutable#0","Function:src/ui/src/scriptsupervisor.cpp:pythonExecutableCandidates","CALLS",0.95,"same-file",0
"Method:src/ui/src/scriptsupervisor.cpp:appendOutputChunk#3","Function:src/ui/src/scriptsupervisor.cpp:trimTrailingNewline","CALLS",0.95,"same-file",0
"Method:src/ui/src/scriptsupervisor.cpp:statusPayload#1","Function:src/ui/src/scriptsupervisor.cpp:scriptRunStateToString","CALLS",0.95,"same-file",0
"Method:src/ui/src/scriptsupervisor.cpp:startRunProcess#1","Function:src/ui/src/scriptsupervisor.cpp:randomToken","CALLS",0.95,"same-file",0
"Method:src/ui/src/scriptsupervisor.cpp:handleRpcMessage#2","Function:src/ui/include/commander.h:commanderRequestFromVariantMap","CALLS",0.9,"import-resolved",0
"Method:src/ui/src/scriptsupervisor.cpp:rpcResultEnvelope#2","Function:src/ui/include/commander.h:commanderResultToVariantMap","CALLS",0.9,"import-resolved",0
"Method:src/ui/src/scriptsupervisor.cpp:eventMatchesSubscription#2","Function:src/ui/src/scriptsupervisor.cpp:matchesName","CALLS",0.95,"same-file",0
"Method:src/ui/src/scriptrunnerwindow.cpp:refreshFromSupervisor#0","Function:src/ui/src/scriptrunnerwindow.cpp:allScriptsRequest","CALLS",0.95,"same-file",0
"Method:src/ui/src/scenariorunnerwindow.cpp:saveSuiteFile#1","Function:src/ui/src/scenariorunnerwindow.cpp:suiteIdForPath","CALLS",0.95,"same-file",0
"Method:src/ui/src/scenariorunner.cpp:runScenario#1","Function:src/ui/src/scenariorunner.cpp:isActiveState","CALLS",0.95,"same-file",0
"Method:src/ui/src/scenariorunner.cpp:runScenario#1","Function:src/ui/include/commander.h:commanderFailure","CALLS",0.9,"import-resolved",0
"Method:src/ui/src/scenariorunner.cpp:runScenario#1","Function:src/ui/src/scenariorunner.cpp:scenarioReportPath","CALLS",0.95,"same-file",0
"Method:src/ui/src/scenariorunner.cpp:runScenario#1","Function:src/ui/include/commander.h:commanderSuccess","CALLS",0.9,"import-resolved",0
"Method:src/ui/src/scenariorunner.cpp:runSuite#1","Function:src/ui/src/scenariorunner.cpp:isActiveState","CALLS",0.95,"same-file",0
"Method:src/ui/src/scenariorunner.cpp:runSuite#1","Function:src/ui/include/commander.h:commanderFailure","CALLS",0.9,"import-resolved",0
"Method:src/ui/src/scenariorunner.cpp:runSuite#1","Function:src/ui/src/scenariorunner.cpp:scenarioReportPath","CALLS",0.95,"same-file",0
"Method:src/ui/src/scenariorunner.cpp:runSuite#1","Function:src/ui/include/commander.h:commanderSuccess","CALLS",0.9,"import-resolved",0
"Method:src/ui/src/scenariorunner.cpp:stopRun#0","Function:src/ui/src/scenariorunner.cpp:isActiveState","CALLS",0.95,"same-file",0
"Method:src/ui/src/scenariorunner.cpp:stopRun#0","Function:src/ui/include/commander.h:commanderFailure","CALLS",0.9,"import-resolved",0
"Method:src/ui/src/scenariorunner.cpp:stopRun#0","Function:src/ui/include/commander.h:commanderSuccess","CALLS",0.9,"import-resolved",0
"Method:src/ui/src/scenariorunner.cpp:status#0","Function:src/ui/include/commander.h:commanderFailure","CALLS",0.9,"import-resolved",0
"Method:src/ui/src/scenariorunner.cpp:status#0","Function:src/ui/include/commander.h:commanderSuccess","CALLS",0.9,"import-resolved",0
"Method:src/ui/src/scenariorunner.cpp:report#0","Function:src/ui/include/commander.h:commanderFailure","CALLS",0.9,"import-resolved",0
"Method:src/ui/src/scenariorunner.cpp:report#0","Function:src/ui/include/commander.h:commanderSuccess","CALLS",0.9,"import-resolved",0
"Method:src/ui/src/scenariorunner.cpp:statusPayload#0","Function:src/ui/src/scenariorunner.cpp:scenarioRunStateToString","CALLS",0.95,"same-file",0
"Method:src/ui/src/scenariorunner.cpp:resolvePythonExecutable#0","Function:src/ui/src/scenariorunner.cpp:pythonExecutableCandidates","CALLS",0.95,"same-file",0
"Method:src/ui/src/scenariorunner.cpp:startProcess#1","Function:src/ui/src/scenariorunner.cpp:randomToken","CALLS",0.95,"same-file",0
"Method:src/ui/src/scenariorunner.cpp:handleRpcMessage#1","Function:src/ui/include/commander.h:commanderRequestFromVariantMap","CALLS",0.9,"import-resolved",0
"Method:src/ui/src/scenariorunner.cpp:rpcResultEnvelope#2","Function:src/ui/include/commander.h:commanderResultToVariantMap","CALLS",0.9,"import-resolved",0
"Method:src/ui/src/scenariorunner.cpp:appendOutputChunk#2","Function:src/ui/src/scenariorunner.cpp:trimTrailingNewline","CALLS",0.95,"same-file",0
"Method:src/ui/src/scenariorunner.cpp:eventMatchesSubscription#2","Function:src/ui/src/scenariorunner.cpp:matchesName","CALLS",0.95,"same-file",0
"Method:src/ui/src/actionsrepository.cpp:save#2","Function:src/ui/src/actionsrepository.cpp:actionToJson","CALLS",0.95,"same-file",0
"Method:src/ui/src/actionsrepository.cpp:save#2","Function:src/ui/src/actionsrepository.cpp:responseToJson","CALLS",0.95,"same-file",0
"Method:src/ui/src/actionsconfigparser.cpp:parseJson#1","Function:src/ui/src/actionsconfigparser.cpp:stripLineComments","CALLS",0.95,"same-file",0
"Method:src/ui/src/actionsconfigparser.cpp:parseJson#1","Function:src/ui/src/actionsconfigparser.cpp:parseAction","CALLS",0.95,"same-file",0
"Method:src/ui/src/actionsconfigparser.cpp:parseJson#1","Function:src/ui/src/actionsconfigparser.cpp:parseResponse","CALLS",0.95,"same-file",0
"Method:src/ui/src/actionsconfigparser.cpp:parseJson#1","Function:src/ui/include/actionsconfig.h:normalizeActionDefinitions","CALLS",0.9,"import-resolved",0
"Method:src/ui/src/actionsconfigparser.cpp:parseJson#1","Function:src/ui/include/actionsconfig.h:normalizeResponseDefinitions","CALLS",0.9,"import-resolved",0
"Method:src/ui/src/pathline.cpp:contextMenuEvent#1","Function:src/utils/include/clipboard.h:sendTextToClipboard","CALLS",0.9,"import-resolved",0
"Method:src/ui/src/pathline.cpp:contextMenuEvent#1","Function:src/utils/include/openfilehelper.h:showPathInFileExplorer","CALLS",0.9,"import-resolved",0
"Method:src/ui/src/pathline.cpp:contextMenuEvent#1","Function:src/utils/include/containers.h:isize","CALLS",0.9,"import-resolved",0
"Method:src/ui/src/previewconfigparser.cpp:parseJson#1","Function:src/ui/src/previewconfigparser.cpp:parseBlockArray","CALLS",0.95,"same-file",0
"Method:src/ui/src/previewconfigparser.cpp:parseJson#1","Function:src/ui/src/previewconfigparser.cpp:parsePreviewDefinition","CALLS",0.95,"same-file",0
"Method:src/ui/src/decompressor.cpp:action#1","Function:src/ui/src/decompressor.cpp:archiveType","CALLS",0.95,"same-file",0
"Method:src/ui/src/decompressor.cpp:decompress#3","Function:src/ui/src/decompressor.cpp:makeDecompressor","CALLS",0.95,"same-file",0
"Method:src/ui/src/decompressor.cpp:decompress#3","Function:src/ui/src/decompressor.cpp:archiveType","CALLS",0.95,"same-file",0
"Method:src/ui/src/decompressor.cpp:decompress#3","Function:src/ui/src/decompressor.cpp:doDecompress","CALLS",0.95,"same-file",0
"Method:src/ui/src/decompressor.cpp:extract#3","Function:src/ui/src/decompressor.cpp:makeExtractor","CALLS",0.95,"same-file",0
"Method:src/ui/src/decompressor.cpp:extract#3","Function:src/ui/src/decompressor.cpp:archiveType","CALLS",0.95,"same-file",0
"Method:src/ui/src/decompressor.cpp:extract#3","Function:src/ui/src/decompressor.cpp:doExtract","CALLS",0.95,"same-file",0
"Method:src/logdata/src/fileholder.cpp:reOpenFile#0","Function:src/logdata/src/fileholder.cpp:openFileByHandle","CALLS",0.95,"same-file",0
"Method:src/logdata/src/encodingdetector.cpp:detectEncoding#1","Function:src/utils/include/containers.h:isize","CALLS",0.9,"import-resolved",0
"Method:src/ui/src/predefinedfilters.cpp:retrieveFromStorage#1","Function:src/ui/src/predefinedfilters.cpp:ensureFilterIds","CALLS",0.95,"same-file",0
"Method:src/ui/src/predefinedfilters.cpp:setFilters#1","Function:src/ui/src/predefinedfilters.cpp:ensureFilterIds","CALLS",0.95,"same-file",0
"Method:src/versioncheck/src/versionchecker.cpp:checkVersionData#1","Function:src/klogg_version/include/klogg_version.h:kloggVersion","CALLS",0.9,"import-resolved",0
"Method:src/versioncheck/src/versionchecker.cpp:checkVersionData#1","Function:src/versioncheck/src/versionchecker.cpp:isVersionNewer","CALLS",0.95,"same-file",0
"Method:src/ui/src/serialcaptureworker.cpp:sendData#1","Function:src/ui/src/serialcaptureworker.cpp:previewHex","CALLS",0.95,"same-file",0
"Method:src/ui/src/serialcaptureworker.cpp:sendData#1","Function:src/ui/src/serialcaptureworker.cpp:timestampPrefix","CALLS",0.95,"same-file",0
"Method:src/ui/src/serialcaptureworker.cpp:onReadyRead#0","Function:src/ui/src/serialcaptureworker.cpp:timestampPrefix","CALLS",0.95,"same-file",0
"Method:src/ui/src/responseeditdialog.cpp:ResponseEditDialog#1","Function:src/ui/include/actionsconfig.h:responseMatchTypeToString","CALLS",0.9,"import-resolved",0
"Method:src/ui/src/responseeditdialog.cpp:ResponseEditDialog#1","Function:src/ui/include/actionsconfig.h:actionSequenceTypeToString","CALLS",0.9,"import-resolved",0
"Method:src/ui/src/responseeditdialog.cpp:eventFilter#2","Function:src/ui/src/responseeditdialog.cpp:lineEndingEscapeText","CALLS",0.95,"same-file",0
"Method:src/ui/src/responseeditdialog.cpp:accept#0","Function:src/ui/include/actionsconfig.h:responseMatchTypeFromString","CALLS",0.9,"import-resolved",0
"Method:src/ui/src/responseeditdialog.cpp:accept#0","Function:src/ui/src/responseeditdialog.cpp:displayedStringToBytes","CALLS",0.95,"same-file",0
"Method:src/ui/src/responseeditdialog.cpp:accept#0","Function:src/ui/include/actionsconfig.h:actionSequenceTypeFromString","CALLS",0.9,"import-resolved",0
"Method:src/ui/src/responseeditdialog.cpp:accept#0","Function:src/ui/include/actionsconfig.h:validateResponseDefinition","CALLS",0.9,"import-resolved",0
"Method:src/ui/src/responseeditdialog.cpp:populateFromResponse#1","Function:src/ui/include/actionsconfig.h:responseMatchTypeToString","CALLS",0.9,"import-resolved",0
"Method:src/ui/src/responseeditdialog.cpp:populateFromResponse#1","Function:src/ui/include/actionsconfig.h:actionSequenceTypeToString","CALLS",0.9,"import-resolved",0
"Method:src/ui/src/responseeditdialog.cpp:setLiteralEditors#1","Function:src/ui/include/previewdecodeutils.h:decodeHexStringToBytes","CALLS",0.9,"import-resolved",0
"Method:src/ui/src/responseeditdialog.cpp:setLiteralEditors#1","Function:src/ui/src/responseeditdialog.cpp:bytesToDisplayedString","CALLS",0.95,"same-file",0
"Method:src/ui/src/responseeditdialog.cpp:setLiteralEditors#1","Function:src/ui/src/responseeditdialog.cpp:bytesToHexString","CALLS",0.95,"same-file",0
"Method:src/ui/src/responseeditdialog.cpp:syncHexFromString#0","Function:src/ui/src/responseeditdialog.cpp:bytesToHexString","CALLS",0.95,"same-file",0
"Method:src/ui/src/responseeditdialog.cpp:syncHexFromString#0","Function:src/ui/src/responseeditdialog.cpp:displayedStringToBytes","CALLS",0.95,"same-file",0
"Method:src/ui/src/responseeditdialog.cpp:syncStringFromHex#0","Function:src/ui/include/previewdecodeutils.h:decodeHexStringToBytes","CALLS",0.9,"import-resolved",0
"Method:src/ui/src/responseeditdialog.cpp:syncStringFromHex#0","Function:src/ui/src/responseeditdialog.cpp:bytesToDisplayedString","CALLS",0.95,"same-file",0
"Method:src/ui/src/responseeditdialog.cpp:updateMatchEditorMode#0","Function:src/ui/include/actionsconfig.h:responseMatchTypeFromString","CALLS",0.9,"import-resolved",0
"Method:src/ui/src/responseeditdialog.cpp:updateMatchEditorMode#0","Function:src/ui/src/responseeditdialog.cpp:displayedStringToBytes","CALLS",0.95,"same-file",0
"Method:src/ui/src/responseeditdialog.cpp:refreshStepTable#0","Function:src/ui/src/responseeditdialog.cpp:actionLabel","CALLS",0.95,"same-file",0
"Method:src/ui/src/recentfiles.cpp:getNumberItemsToShow#0","Function:src/utils/include/containers.h:isize","CALLS",0.9,"import-resolved",0
"Method:src/ui/src/opencomportdialog.cpp:OpenComPortDialog#1","Function:src/ui/include/comportutils.h:populateSerialControls","CALLS",0.9,"import-resolved",0
"Method:src/ui/src/opencomportdialog.cpp:updateSuggestedFileName#0","Function:src/ui/include/comportutils.h:defaultSerialCaptureSettings","CALLS",0.9,"import-resolved",0
"Method:src/ui/src/opencomportdialog.cpp:updateSuggestedFileName#0","Function:src/ui/include/comportutils.h:suggestedComCapturePath","CALLS",0.9,"import-resolved",0
"Method:src/ui/src/opencomportdialog.cpp:suggestedFileName#0","Function:src/ui/include/comportutils.h:defaultSerialCaptureSettings","CALLS",0.9,"import-resolved",0
"Method:src/ui/src/opencomportdialog.cpp:suggestedFileName#0","Function:src/ui/include/comportutils.h:suggestedComCapturePath","CALLS",0.9,"import-resolved",0
"Method:src/ui/src/actioneditdialog.cpp:ActionEditDialog#1","Function:src/ui/include/actionsconfig.h:actionSequenceTypeToString","CALLS",0.9,"import-resolved",0
"Method:src/ui/src/actioneditdialog.cpp:eventFilter#2","Function:src/ui/src/actioneditdialog.cpp:lineEndingEscapeText","CALLS",0.95,"same-file",0
"Method:src/ui/src/actioneditdialog.cpp:accept#0","Function:src/ui/include/actionsconfig.h:actionSequenceTypeFromString","CALLS",0.9,"import-resolved",0
"Method:src/ui/src/actioneditdialog.cpp:accept#0","Function:src/ui/src/actioneditdialog.cpp:displayedStringToBytes","CALLS",0.95,"same-file",0
"Method:src/ui/src/actioneditdialog.cpp:accept#0","Function:src/ui/src/actioneditdialog.cpp:splitCsvValues","CALLS",0.95,"same-file",0
"Method:src/ui/src/actioneditdialog.cpp:accept#0","Function:src/ui/include/actionsconfig.h:validateActionDefinition","CALLS",0.9,"import-resolved",0
"Method:src/ui/src/actioneditdialog.cpp:populateFromAction#1","Function:src/ui/include/actionsconfig.h:actionSequenceTypeToString","CALLS",0.9,"import-resolved",0
"Method:src/ui/src/actioneditdialog.cpp:syncHexFromString#0","Function:src/ui/src/actioneditdialog.cpp:bytesToHexString","CALLS",0.95,"same-file",0
"Method:src/ui/src/actioneditdialog.cpp:syncHexFromString#0","Function:src/ui/src/actioneditdialog.cpp:displayedStringToBytes","CALLS",0.95,"same-file",0
"Method:src/ui/src/actioneditdialog.cpp:syncStringFromHex#0","Function:src/ui/include/previewdecodeutils.h:decodeHexStringToBytes","CALLS",0.9,"import-resolved",0
"Method:src/ui/src/actioneditdialog.cpp:syncStringFromHex#0","Function:src/ui/src/actioneditdialog.cpp:bytesToDisplayedString","CALLS",0.95,"same-file",0
"Method:src/ui/src/actioneditdialog.cpp:setSequenceEditors#1","Function:src/ui/include/previewdecodeutils.h:decodeHexStringToBytes","CALLS",0.9,"import-resolved",0
"Method:src/ui/src/actioneditdialog.cpp:setSequenceEditors#1","Function:src/ui/src/actioneditdialog.cpp:bytesToDisplayedString","CALLS",0.95,"same-file",0
"Method:src/ui/src/actioneditdialog.cpp:setSequenceEditors#1","Function:src/ui/src/actioneditdialog.cpp:bytesToHexString","CALLS",0.95,"same-file",0
"Method:src/settings/src/configuration.cpp:retrieveFromStorage#1","Function:src/settings/src/configuration.cpp:canonicalShortcutActionId","CALLS",0.95,"same-file",0
"Method:src/app/labcontrollerservice.cpp:stop#0","Function:src/app/labcontrollerservice.cpp:controllerDatabase","CALLS",0.95,"same-file",0
"Method:src/app/labcontrollerservice.cpp:cancelJob#2","Function:src/app/labcontrollerservice.cpp:controllerDatabase","CALLS",0.95,"same-file",0
"Method:src/app/labcontrollerservice.cpp:cancelJob#2","Function:src/app/labcontrollerservice.cpp:nowUtcString","CALLS",0.95,"same-file",0
"Method:src/app/labcontrollerservice.cpp:cancelJob#2","Function:src/app/labcontrollerservice.cpp:execQuery","CALLS",0.95,"same-file",0
"Method:src/app/labcontrollerservice.cpp:insertOrUpdateAgent#2","Function:src/app/labcontrollerservice.cpp:controllerDatabase","CALLS",0.95,"same-file",0
"Method:src/app/labcontrollerservice.cpp:insertOrUpdateAgent#2","Function:src/app/labcontrollerservice.cpp:variantListToJson","CALLS",0.95,"same-file",0
"Method:src/app/labcontrollerservice.cpp:insertOrUpdateAgent#2","Function:src/app/labcontrollerservice.cpp:nowUtcString","CALLS",0.95,"same-file",0
"Method:src/app/labcontrollerservice.cpp:insertOrUpdateAgent#2","Function:src/app/labcontrollerservice.cpp:variantMapToJson","CALLS",0.95,"same-file",0
"Method:src/app/labcontrollerservice.cpp:insertOrUpdateAgent#2","Function:src/app/labtypes.h:labAgentConfigToVariantMap","CALLS",0.9,"import-resolved",0
"Method:src/app/labcontrollerservice.cpp:insertOrUpdateAgent#2","Function:src/app/labcontrollerservice.cpp:execQuery","CALLS",0.95,"same-file",0
"Method:src/app/labcontrollerservice.cpp:updateAgentHeartbeat#2","Function:src/app/labcontrollerservice.cpp:controllerDatabase","CALLS",0.95,"same-file",0
"Method:src/app/labcontrollerservice.cpp:updateAgentHeartbeat#2","Function:src/app/labcontrollerservice.cpp:nowUtcString","CALLS",0.95,"same-file",0
"Method:src/app/labcontrollerservice.cpp:updateAgentHeartbeat#2","Function:src/app/labcontrollerservice.cpp:execQuery","CALLS",0.95,"same-file",0
"Method:src/app/labcontrollerservice.cpp:updateAgentStatus#4","Function:src/app/labcontrollerservice.cpp:controllerDatabase","CALLS",0.95,"same-file",0
"Method:src/app/labcontrollerservice.cpp:updateAgentStatus#4","Function:src/app/labcontrollerservice.cpp:nowUtcString","CALLS",0.95,"same-file",0
"Method:src/app/labcontrollerservice.cpp:updateAgentStatus#4","Function:src/app/labcontrollerservice.cpp:execQuery","CALLS",0.95,"same-file",0
"Method:src/app/labcontrollerservice.cpp:jobPayloadById#2","Function:src/app/labcontrollerservice.cpp:controllerDatabase","CALLS",0.95,"same-file",0
"Method:src/app/labcontrollerservice.cpp:jobPayloadById#2","Function:src/app/labcontrollerservice.cpp:execQuery","CALLS",0.95,"same-file",0
"Method:src/app/labcontrollerservice.cpp:jobPayloadById#2","Function:src/app/labcontrollerservice.cpp:queryRowToMap","CALLS",0.95,"same-file",0
"Method:src/app/labcontrollerservice.cpp:submitBundleUnlocked#3","Function:src/app/labcontrollerservice.cpp:nowUtcString","CALLS",0.95,"same-file",0
"Method:src/app/labcontrollerservice.cpp:submitBundleUnlocked#3","Function:src/app/labcontrollerservice.cpp:controllerDatabase","CALLS",0.95,"same-file",0
"Method:src/app/labcontrollerservice.cpp:submitBundleUnlocked#3","Function:src/app/labcontrollerservice.cpp:variantMapToJson","CALLS",0.95,"same-file",0
"Method:src/app/labcontrollerservice.cpp:submitBundleUnlocked#3","Function:src/app/labtypes.h:labJobBundleToVariantMap","CALLS",0.9,"import-resolved",0
"Method:src/app/labcontrollerservice.cpp:submitBundleUnlocked#3","Function:src/app/labcontrollerservice.cpp:variantListToJson","CALLS",0.95,"same-file",0
"Method:src/app/labcontrollerservice.cpp:submitBundleUnlocked#3","Function:src/app/labcontrollerservice.cpp:execQuery","CALLS",0.95,"same-file",0
"Method:src/app/labcontrollerservice.cpp:eligibleBindings#2","Function:src/app/labtypes.h:labResolvedBindingToVariantMap","CALLS",0.9,"import-resolved",0
"Method:src/app/labcontrollerservice.cpp:assignJobToAgent#5","Function:src/app/labtypes.h:labJobBundleFromVariantMap","CALLS",0.9,"import-resolved",0
"Method:src/app/labcontrollerservice.cpp:assignJobToAgent#5","Function:src/app/labcontrollerservice.cpp:jsonToVariantMap","CALLS",0.95,"same-file",0
"Method:src/app/labcontrollerservice.cpp:assignJobToAgent#5","Function:src/app/labcontrollerservice.cpp:controllerDatabase","CALLS",0.95,"same-file",0
"Method:src/app/labcontrollerservice.cpp:assignJobToAgent#5","Function:src/app/labcontrollerservice.cpp:variantListToJson","CALLS",0.95,"same-file",0
"Method:src/app/labcontrollerservice.cpp:assignJobToAgent#5","Function:src/app/labcontrollerservice.cpp:nowUtcString","CALLS",0.95,"same-file",0
"Method:src/app/labcontrollerservice.cpp:assignJobToAgent#5","Function:src/app/labcontrollerservice.cpp:execQuery","CALLS",0.95,"same-file",0
"Method:src/app/labcontrollerservice.cpp:assignJobToAgent#5","Function:src/app/labtypes.h:labJobBundleToVariantMap","CALLS",0.9,"import-resolved",0
"Method:src/app/labcontrollerservice.cpp:scheduleJobs#0","Function:src/app/labcontrollerservice.cpp:controllerDatabase","CALLS",0.95,"same-file",0
"Method:src/app/labcontrollerservice.cpp:scheduleJobs#0","Function:src/app/labcontrollerservice.cpp:queryRowToMap","CALLS",0.95,"same-file",0
"Method:src/app/labcontrollerservice.cpp:scheduleJobs#0","Function:src/app/labtypes.h:labJobBundleFromVariantMap","CALLS",0.9,"import-resolved",0
"Method:src/app/labcontrollerservice.cpp:scheduleJobs#0","Function:src/app/labcontrollerservice.cpp:jsonToVariantMap","CALLS",0.95,"same-file",0
"Method:src/app/labcontrollerservice.cpp:scheduleJobs#0","Function:src/app/labcontrollerservice.cpp:nowUtcString","CALLS",0.95,"same-file",0
"Method:src/app/labcontrollerservice.cpp:scheduleJobs#0","Function:src/app/labcontrollerservice.cpp:execQuery","CALLS",0.95,"same-file",0
"Method:src/app/labcontrollerservice.cpp:queueSnapshotUnlocked#0","Function:src/app/labcontrollerservice.cpp:controllerDatabase","CALLS",0.95,"same-file",0
"Method:src/app/labcontrollerservice.cpp:agentsSnapshotUnlocked#0","Function:src/app/labcontrollerservice.cpp:controllerDatabase","CALLS",0.95,"same-file",0
"Method:src/app/labcontrollerservice.cpp:agentsSnapshotUnlocked#0","Function:src/app/labcontrollerservice.cpp:jsonToVariantList","CALLS",0.95,"same-file",0
"Method:src/app/labcontrollerservice.cpp:agentsSnapshotUnlocked#0","Function:src/app/labcontrollerservice.cpp:jsonToVariantMap","CALLS",0.95,"same-file",0
"Method:src/app/labcontrollerservice.cpp:jobStatusUnlocked#2","Function:src/app/labcontrollerservice.cpp:jsonToVariantList","CALLS",0.95,"same-file",0
"Method:src/app/labcontrollerservice.cpp:jobStatusUnlocked#2","Function:src/app/labcontrollerservice.cpp:jsonToVariantMap","CALLS",0.95,"same-file",0
"Method:src/app/labcontrollerservice.cpp:loadBundlePayload#1","Function:src/app/labcontrollerservice.cpp:jsonToVariantMap","CALLS",0.95,"same-file",0
"Method:src/app/labcontrollerservice.cpp:sendJsonResponse#3","Function:src/app/labcontrollerservice.cpp:httpReasonPhrase","CALLS",0.95,"same-file",0
"Method:src/app/labcontrollerservice.cpp:handleHttpConnection#0","Function:src/app/labcontrollerservice.cpp:requestIsComplete","CALLS",0.95,"same-file",0
"Method:src/app/labcontrollerservice.cpp:processHttpRequest#2","Function:src/app/labcontrollerservice.cpp:parseJsonBody","CALLS",0.95,"same-file",0
"Method:src/app/labcontrollerservice.cpp:processHttpRequest#2","Function:src/app/labtypes.h:labJobBundleFromVariantMap","CALLS",0.9,"import-resolved",0
"Method:src/app/labcontrollerservice.cpp:handleAgentDisconnected#0","Function:src/app/labcontrollerservice.cpp:controllerDatabase","CALLS",0.95,"same-file",0
"Method:src/app/labcontrollerservice.cpp:handleAgentDisconnected#0","Function:src/app/labcontrollerservice.cpp:nowUtcString","CALLS",0.95,"same-file",0
"Method:src/app/labcontrollerservice.cpp:handleAgentDisconnected#0","Function:src/app/labcontrollerservice.cpp:execQuery","CALLS",0.95,"same-file",0
"Method:src/app/labcontrollerservice.cpp:processAgentMessage#2","Function:src/app/labtypes.h:labAgentConfigFromVariantMap","CALLS",0.9,"import-resolved",0
"Method:src/app/labcontrollerservice.cpp:processAgentMessage#2","Function:src/app/labcontrollerservice.cpp:nowUtcString","CALLS",0.95,"same-file",0
"Method:src/app/labcontrollerservice.cpp:processAgentMessage#2","Function:src/app/labcontrollerservice.cpp:variantListToJson","CALLS",0.95,"same-file",0
"Method:src/app/labcontrollerservice.cpp:processAgentMessage#2","Function:src/app/labcontrollerservice.cpp:execQuery","CALLS",0.95,"same-file",0
"Method:src/app/labcontrollerservice.cpp:processAgentMessage#2","Function:src/app/labcontrollerservice.cpp:variantMapToJson","CALLS",0.95,"same-file",0
"Method:src/app/labclient.cpp:submit#3","Function:src/app/labtypes.h:labJobBundleToVariantMap","CALLS",0.9,"import-resolved",0
"Method:src/ui/src/streamsession.cpp:handleIncomingLine#1","Function:src/ui/include/actionruntime.h:matchResponseDefinition","CALLS",0.9,"import-resolved",0
"Method:src/ui/src/streamsession.cpp:handleIncomingLine#1","Function:src/ui/include/actionruntime.h:executeResponseDefinition","CALLS",0.9,"import-resolved",0
"Method:src/ui/src/responsestablemodel.cpp:previewMatch#1","Function:src/ui/src/responsestablemodel.cpp:truncateText","CALLS",0.95,"same-file",0
"Method:src/ui/src/responsestablemodel.cpp:tooltipForResponse#1","Function:src/ui/include/actionsconfig.h:responseMatchTypeToString","CALLS",0.9,"import-resolved",0
"Method:src/ui/src/importactionsdialog.cpp:ImportActionsDialog#1","Function:src/ui/src/importactionsdialog.cpp:capColumnWidth","CALLS",0.95,"same-file",0
"Method:src/ui/src/importactionsdialog.cpp:importActions#0","Function:src/ui/src/importactionsdialog.cpp:capColumnWidth","CALLS",0.95,"same-file",0
"Method:src/ui/src/importactionsdialog.cpp:updateDialogSize#0","Function:src/ui/src/importactionsdialog.cpp:tableHeightForRows","CALLS",0.95,"same-file",0
"Method:src/ui/src/importactionsdialog.cpp:updateDialogSize#0","Function:src/ui/src/importactionsdialog.cpp:tableWidthHint","CALLS",0.95,"same-file",0
"Method:src/ui/src/importactionsdialog.cpp:updateDialogSize#0","Function:src/ui/src/importactionsdialog.cpp:clampToScreenWidth","CALLS",0.95,"same-file",0
"Method:src/ui/src/actionstablemodel.cpp:previewSequence#1","Function:src/ui/src/actionstablemodel.cpp:truncateText","CALLS",0.95,"same-file",0
"Method:src/ui/src/actionsresponseswindow.cpp:ActionsResponsesWindow#1","Function:src/ui/src/actionsresponseswindow.cpp:capColumnWidth","CALLS",0.95,"same-file",0
"Method:src/ui/src/actionsresponseswindow.cpp:refreshActions#0","Function:src/ui/src/actionsresponseswindow.cpp:capColumnWidth","CALLS",0.95,"same-file",0
"Method:src/ui/src/actionsresponseswindow.cpp:refreshResponses#0","Function:src/ui/src/actionsresponseswindow.cpp:capColumnWidth","CALLS",0.95,"same-file",0
"Method:src/ui/src/actionsresponseswindow.cpp:updateWindowSize#0","Function:src/ui/src/actionsresponseswindow.cpp:tableHeightForRows","CALLS",0.95,"same-file",0
"Method:src/ui/src/actionsresponseswindow.cpp:updateWindowSize#0","Function:src/ui/src/actionsresponseswindow.cpp:tableWidthHint","CALLS",0.95,"same-file",0
"Method:src/ui/src/actionsresponseswindow.cpp:updateWindowSize#0","Function:src/ui/src/actionsresponseswindow.cpp:clampToScreenWidth","CALLS",0.95,"same-file",0
"Method:src/ui/src/actionsmanager.cpp:loadFromRepository#0","Function:src/ui/include/actionsconfig.h:normalizeActionDefinitions","CALLS",0.9,"import-resolved",0
"Method:src/ui/src/actionsmanager.cpp:loadFromRepository#0","Function:src/ui/include/actionsconfig.h:normalizeResponseDefinitions","CALLS",0.9,"import-resolved",0
"Method:src/ui/src/actionsmanager.cpp:importFromDefinitions#2","Function:src/ui/include/actionsconfig.h:normalizeActionDefinitions","CALLS",0.9,"import-resolved",0
"Method:src/ui/src/actionsmanager.cpp:importFromDefinitions#2","Function:src/ui/include/actionsconfig.h:normalizeResponseDefinitions","CALLS",0.9,"import-resolved",0
"Method:src/ui/src/actionsmanager.cpp:nextActionId#0","Function:src/ui/src/actionsmanager.cpp:nextDefinitionId","CALLS",0.95,"same-file",0
"Method:src/ui/src/actionsmanager.cpp:nextResponseId#0","Function:src/ui/src/actionsmanager.cpp:nextDefinitionId","CALLS",0.95,"same-file",0
"Method:src/ui/src/actionsmanager.cpp:createAction#2","Function:src/ui/include/actionsconfig.h:validateActionDefinition","CALLS",0.9,"import-resolved",0
"Method:src/ui/src/actionsmanager.cpp:createAction#2","Function:src/ui/src/actionsmanager.cpp:setError","CALLS",0.95,"same-file",0
"Method:src/ui/src/actionsmanager.cpp:createAction#2","Function:src/ui/include/actionsconfig.h:normalizeActionDefinitions","CALLS",0.9,"import-resolved",0
"Method:src/ui/src/actionsmanager.cpp:updateAction#3","Function:src/ui/src/actionsmanager.cpp:setError","CALLS",0.95,"same-file",0
"Method:src/ui/src/actionsmanager.cpp:updateAction#3","Function:src/ui/include/actionsconfig.h:validateActionDefinition","CALLS",0.9,"import-resolved",0
"Method:src/ui/src/actionsmanager.cpp:updateAction#3","Function:src/ui/include/actionsconfig.h:normalizeActionDefinitions","CALLS",0.9,"import-resolved",0
"Method:src/ui/src/actionsmanager.cpp:deleteAction#2","Function:src/ui/src/actionsmanager.cpp:setError","CALLS",0.95,"same-file",0
"Method:src/ui/src/actionsmanager.cpp:deleteAction#2","Function:src/ui/include/actionsconfig.h:normalizeActionDefinitions","CALLS",0.9,"import-resolved",0
"Method:src/ui/src/actionsmanager.cpp:deleteAction#2","Function:src/ui/include/actionsconfig.h:normalizeResponseDefinitions","CALLS",0.9,"import-resolved",0
"Method:src/ui/src/actionsmanager.cpp:moveAction#3","Function:src/ui/src/actionsmanager.cpp:setError","CALLS",0.95,"same-file",0
"Method:src/ui/src/actionsmanager.cpp:moveAction#3","Function:src/ui/include/actionsconfig.h:normalizeActionDefinitions","CALLS",0.9,"import-resolved",0
"Method:src/ui/src/actionsmanager.cpp:createResponse#2","Function:src/ui/include/actionsconfig.h:validateResponseDefinition","CALLS",0.9,"import-resolved",0
"Method:src/ui/src/actionsmanager.cpp:createResponse#2","Function:src/ui/src/actionsmanager.cpp:validateResponseActionIds","CALLS",0.95,"same-file",0
"Method:src/ui/src/actionsmanager.cpp:createResponse#2","Function:src/ui/src/actionsmanager.cpp:setError","CALLS",0.95,"same-file",0
"Method:src/ui/src/actionsmanager.cpp:createResponse#2","Function:src/ui/include/actionsconfig.h:normalizeResponseDefinitions","CALLS",0.9,"import-resolved",0
"Method:src/ui/src/actionsmanager.cpp:updateResponse#3","Function:src/ui/src/actionsmanager.cpp:setError","CALLS",0.95,"same-file",0
"Method:src/ui/src/actionsmanager.cpp:updateResponse#3","Function:src/ui/include/actionsconfig.h:validateResponseDefinition","CALLS",0.9,"import-resolved",0
"Method:src/ui/src/actionsmanager.cpp:updateResponse#3","Function:src/ui/src/actionsmanager.cpp:validateResponseActionIds","CALLS",0.95,"same-file",0
"Method:src/ui/src/actionsmanager.cpp:updateResponse#3","Function:src/ui/include/actionsconfig.h:normalizeResponseDefinitions","CALLS",0.9,"import-resolved",0
"Method:src/ui/src/actionsmanager.cpp:deleteResponse#2","Function:src/ui/src/actionsmanager.cpp:setError","CALLS",0.95,"same-file",0
"Method:src/ui/src/actionsmanager.cpp:deleteResponse#2","Function:src/ui/include/actionsconfig.h:normalizeResponseDefinitions","CALLS",0.9,"import-resolved",0
"Method:src/ui/src/actionsmanager.cpp:moveResponse#3","Function:src/ui/src/actionsmanager.cpp:setError","CALLS",0.95,"same-file",0
"Method:src/ui/src/actionsmanager.cpp:moveResponse#3","Function:src/ui/include/actionsconfig.h:normalizeResponseDefinitions","CALLS",0.9,"import-resolved",0
"Method:src/regex/src/hsregularexpression.cpp:match#1","Function:src/utils/include/containers.h:isize","CALLS",0.9,"import-resolved",0
"Method:src/regex/src/hsregularexpression.cpp:HsRegularExpression#1","Function:src/regex/src/hsregularexpression.cpp:isAcceleratedBackendPlatformValid","CALLS",0.95,"same-file",0
"Method:src/regex/src/hsregularexpression.cpp:HsRegularExpression#1","Function:src/utils/include/resourcewrapper.h:makeUniqueResource","CALLS",0.9,"import-resolved",0
"Method:src/regex/src/hsregularexpression.cpp:HsRegularExpression#1","Function:src/regex/src/hsregularexpression.cpp:acceleratedBackendName","CALLS",0.95,"same-file",0
"Method:src/regex/src/hsregularexpression.cpp:HsRegularExpression#1","Function:src/regex/src/hsregularexpression.cpp:targetArchitectureName","CALLS",0.95,"same-file",0
"Method:src/regex/src/hsregularexpression.cpp:createMatcher#0","Function:src/utils/include/resourcewrapper.h:makeUniqueResource","CALLS",0.9,"import-resolved",0
"Method:src/regex/src/booleanevaluator.cpp:BooleanExpressionEvaluator#2","Function:src/regex/src/booleanevaluator.cpp:isBitSet","CALLS",0.95,"same-file",0
"Method:src/regex/src/booleanevaluator.cpp:evaluate#1","Function:src/regex/src/booleanevaluator.cpp:buildPatternCombination","CALLS",0.95,"same-file",0
"Method:src/logdata/src/compressedlinestorage.cpp:CompressedLinePositionStorage#0","Function:src/utils/include/cpu_info.h:hasRequiredInstructions","CALLS",0.9,"import-resolved",0
"Method:src/logdata/src/compressedlinestorage.cpp:CompressedLinePositionStorage#0","Function:src/utils/include/cpu_info.h:supportedCpuInstructions","CALLS",0.9,"import-resolved",0
"Method:src/ui/src/selection.cpp:getSelectedText#2","Function:src/utils/include/containers.h:isize","CALLS",0.9,"import-resolved",0
"Method:src/ui/src/previewrepository.cpp:save#2","Function:src/ui/src/previewrepository.cpp:previewToJson","CALLS",0.95,"same-file",0
"Method:src/ui/src/previewrepository.cpp:save#2","Function:src/ui/src/previewrepository.cpp:fieldToJson","CALLS",0.95,"same-file",0
"Method:src/regex/src/regularexpression.cpp:RegularExpression#1","Function:src/regex/src/regularexpression.cpp:parseBooleanExpressions","CALLS",0.95,"same-file",0
"Method:src/regex/src/regularexpression.cpp:RegularExpression#1","Function:src/regex/src/regularexpression.cpp:splitTopLevelOr","CALLS",0.95,"same-file",0
"Method:src/regex/src/regularexpression.cpp:RegularExpression#1","Function:src/regex/src/regularexpression.cpp:normalizeExtendedBooleanOps","CALLS",0.95,"same-file",0
"Method:src/regex/src/regularexpression.cpp:PatternMatcher#1","Function:src/regex/src/regularexpression.cpp:canUseDirectHsCombinationBit","CALLS",0.95,"same-file",0
"Method:src/ui/src/previewmessagetab.cpp:renderPreview#1","Function:src/ui/src/previewmessagetab.cpp:captureValue","CALLS",0.95,"same-file",0
"Method:src/ui/src/previewmessagetab.cpp:renderPreview#1","Function:src/ui/src/previewmessagetab.cpp:describeCaptureRef","CALLS",0.95,"same-file",0
"Method:src/ui/src/previewmessagetab.cpp:renderPreview#1","Function:src/ui/src/previewmessagetab.cpp:clampToInt","CALLS",0.95,"same-file",0
"Method:src/ui/src/previewmessagetab.cpp:renderPreview#1","Function:src/ui/src/previewmessagetab.cpp:captureStart","CALLS",0.95,"same-file",0
"Method:src/ui/src/previewmessagetab.cpp:renderPreview#1","Function:src/ui/src/previewmessagetab.cpp:decodeBytesFromText","CALLS",0.95,"same-file",0
"Method:src/ui/src/previewmessagetab.cpp:renderPreview#1","Function:src/ui/src/previewmessagetab.cpp:truncateText","CALLS",0.95,"same-file",0
"Method:src/ui/src/previewmessagetab.cpp:renderPreview#1","Function:src/ui/src/previewmessagetab.cpp:logDecodeError","CALLS",0.95,"same-file",0
"Method:src/ui/src/previewmessagetab.cpp:renderPreview#1","Function:src/ui/src/previewmessagetab.cpp:resolveExprValue","CALLS",0.95,"same-file",0
"Method:src/ui/src/previewmessagetab.cpp:renderPreview#1","Function:src/ui/src/previewmessagetab.cpp:addFieldItems","CALLS",0.95,"same-file",0
"Method:src/ui/src/quickfindmux.cpp:QuickFindMux#1","Function:src/ui/src/quickfindpattern.cpp:patternUpdated","CALLS",0.5,"global",0
"Method:src/ui/src/quickfind.cpp:sendNotification#3","Function:src/utils/include/dispatch_to.h:dispatchToObject","CALLS",0.9,"import-resolved",0
"Method:src/ui/src/quickfind.cpp:sendNotification#3","Function:src/ui/src/quickfind.cpp:notify","CALLS",0.95,"same-file",0
"Method:src/ui/src/abstractlogview.cpp:AbstractLogView#3","Function:src/ui/src/quickfindpattern.cpp:patternUpdated","CALLS",0.5,"global",0
"Method:src/ui/src/abstractlogview.cpp:AbstractLogView#3","Function:src/ui/src/viewtools.cpp:lengthChanged","CALLS",0.5,"global",0
"Method:src/ui/src/abstractlogview.cpp:mousePressEvent#1","Function:src/utils/include/active_screen.h:activeScreen","CALLS",0.9,"import-resolved",0
"Method:src/ui/src/abstractlogview.cpp:timerEvent#1","Function:src/utils/include/active_screen.h:activeScreen","CALLS",0.9,"import-resolved",0
"Method:src/ui/src/abstractlogview.cpp:scrollContentsBy#2","Function:src/utils/include/active_screen.h:activeScreen","CALLS",0.9,"import-resolved",0
"Method:src/ui/src/abstractlogview.cpp:copy#0","Function:src/utils/include/clipboard.h:sendTextToClipboard","CALLS",0.9,"import-resolved",0
"Method:src/ui/src/abstractlogview.cpp:copyWithLineNumbers#0","Function:src/utils/include/clipboard.h:sendTextToClipboard","CALLS",0.9,"import-resolved",0
"Method:src/ui/src/abstractlogview.cpp:updateFont#1","Function:src/ui/src/abstractlogview.cpp:pixmapFontMetrics","CALLS",0.95,"same-file",0
"Method:src/ui/src/abstractlogview.cpp:updateScrollBars#0","Function:src/logdata/include/linetypes.h:maxValue","CALLS",0.9,"import-resolved",0
"Method:src/ui/src/abstractlogview.cpp:drawTextArea#1","Function:src/ui/src/abstractlogview.cpp:pixmapPainter","CALLS",0.95,"same-file",0
"Method:src/ui/src/abstractlogview.cpp:drawTextArea#1","Function:src/ui/src/abstractlogview.cpp:countDigits","CALLS",0.95,"same-file",0
"Method:src/ui/src/abstractlogview.cpp:drawTextArea#1","Function:src/logdata/include/linetypes.h:untabify","CALLS",0.9,"import-resolved",0
"Method:src/ui/src/abstractlogview.cpp:drawTextArea#1","Function:src/utils/include/containers.h:isize","CALLS",0.9,"import-resolved",0
"Method:src/logdata/src/logdataoperation.cpp:tryStartPendingOperation#0","Function:src/utils/include/overload_visitor.h:makeOverloadVisitor","CALLS",0.9,"import-resolved",0
"Method:src/ui/src/highlightersetedit.cpp:HighlighterSetEdit#1","Function:src/utils/include/dispatch_to.h:dispatchToObject","CALLS",0.9,"import-resolved",0
"Method:src/ui/src/highlightersetedit.cpp:removeHighlighter#0","Function:src/utils/include/dispatch_to.h:dispatchToObject","CALLS",0.9,"import-resolved",0
"Method:src/ui/src/highlightersetedit.cpp:moveHighlighterUp#0","Function:src/utils/include/dispatch_to.h:dispatchToObject","CALLS",0.9,"import-resolved",0
"Method:src/ui/src/highlightersetedit.cpp:moveHighlighterDown#0","Function:src/utils/include/dispatch_to.h:dispatchToObject","CALLS",0.9,"import-resolved",0
"Method:src/ui/src/highlightersetedit.cpp:setCurrentRow#1","Function:src/utils/include/dispatch_to.h:dispatchToObject","CALLS",0.9,"import-resolved",0
"Method:src/ui/src/highlightersetedit.cpp:populateHighlighterList#0","Function:src/utils/include/containers.h:as_const","CALLS",0.9,"import-resolved",0
"Method:src/ui/src/highlighterset.cpp:Highlighter#5","Function:src/ui/src/highlighterset.cpp:getPatternOptions","CALLS",0.95,"same-file",0
"Method:src/ui/src/highlighterset.cpp:setIgnoreCase#1","Function:src/ui/src/highlighterset.cpp:getPatternOptions","CALLS",0.95,"same-file",0
"Method:src/ui/src/highlighterset.cpp:HighlighterSet#1","Function:src/utils/include/uuid.h:generateIdFromUuid","CALLS",0.9,"import-resolved",0
"Method:src/ui/src/highlighterset.cpp:retrieveFromStorage#1","Function:src/ui/src/highlighterset.cpp:getPatternOptions","CALLS",0.95,"same-file",0
"Method:src/ui/src/highlighterset.cpp:retrieveFromStorage#1","Function:src/utils/include/uuid.h:generateIdFromUuid","CALLS",0.9,"import-resolved",0
"Method:src/ui/src/highlighterset.cpp:updateCombinedSet#0","Function:src/utils/include/containers.h:as_const","CALLS",0.9,"import-resolved",0
"Method:tests/ui/logfiltereddata_test.cpp:LogDataLoader.LogDataLoader#0","Function:tests/ui/logfiltereddata_test.cpp:generateDataFiles","CALLS",0.95,"same-file",0
"Method:src/ui/src/session.cpp:restore#2","Function:src/ui/include/serialcaptureworker.h:deserializeSerialCaptureSettings","CALLS",0.9,"import-resolved",0
"Method:src/ui/src/session.cpp:restore#2","Function:src/ui/src/session.cpp:resolveComCapturePath","CALLS",0.95,"same-file",0
"Method:src/ui/src/session.cpp:restore#2","Function:src/ui/include/comportutils.h:ensureComCaptureFileWritable","CALLS",0.9,"import-resolved",0
"Method:src/ui/src/session.cpp:restore#2","Function:src/ui/include/serialcaptureworker.h:serializeSerialCaptureSettings","CALLS",0.9,"import-resolved",0
"Method:src/ui/src/session.cpp:restore#2","Function:src/utils/include/containers.h:isize","CALLS",0.9,"import-resolved",0
"Method:src/logdata/src/logfiltereddataworker.cpp:search#5","Function:src/utils/include/runnable_lambda.h:createRunnable","CALLS",0.9,"import-resolved",0
"Method:src/logdata/src/logfiltereddataworker.cpp:updateSearch#6","Function:src/utils/include/runnable_lambda.h:createRunnable","CALLS",0.9,"import-resolved",0
"Method:src/logdata/src/logfiltereddataworker.cpp:doSearch#2","Function:src/logdata/src/logfiltereddataworker.cpp:filterLines","CALLS",0.95,"same-file",0
"Method:src/logdata/src/logfiltereddataworker.cpp:doSearch#2","Function:src/utils/include/progress.h:calculateProgress","CALLS",0.9,"import-resolved",0
"Method:src/logdata/src/logfiltereddataworker.cpp:run#1","Function:src/utils/include/dispatch_to.h:dispatchToMainThread","CALLS",0.9,"import-resolved",0
"Method:src/logdata/src/logfiltereddata.cpp:handleSearchProgressed#4","Function:src/logdata/include/readablesize.h:readableSize","CALLS",0.9,"import-resolved",0
"Method:src/logdata/src/logfiltereddata.cpp:findLogDataLine#1","Function:src/logdata/include/linetypes.h:maxValue","CALLS",0.9,"import-resolved",0
"Method:src/logdata/src/logdataworker.cpp:addAll#4","Function:src/utils/include/containers.h:ssize","CALLS",0.9,"import-resolved",0
"Method:src/logdata/src/logdataworker.cpp:indexAll#1","Function:src/utils/include/runnable_lambda.h:createRunnable","CALLS",0.9,"import-resolved",0
"Method:src/logdata/src/logdataworker.cpp:indexAdditionalLines#0","Function:src/utils/include/runnable_lambda.h:createRunnable","CALLS",0.9,"import-resolved",0
"Method:src/logdata/src/logdataworker.cpp:checkFileChanges#0","Function:src/utils/include/runnable_lambda.h:createRunnable","CALLS",0.9,"import-resolved",0
"Method:src/logdata/src/logdataworker.cpp:parseDataBlock#3","Function:src/utils/include/containers.h:ssize","CALLS",0.9,"import-resolved",0
"Method:src/logdata/src/logdataworker.cpp:parseDataBlock#3","Function:src/logdata/src/logdataworker.cpp:findNextLineFeed","CALLS",0.95,"same-file",0
"Method:src/logdata/src/logdataworker.cpp:readFileInBlocks#2","Function:src/utils/include/containers.h:ssize","CALLS",0.9,"import-resolved",0
"Method:src/logdata/src/logdataworker.cpp:indexNextBlock#2","Function:src/utils/include/progress.h:calculateProgress","CALLS",0.9,"import-resolved",0
"Method:src/logdata/src/logdataworker.cpp:doIndex#1","Function:src/logdata/include/readablesize.h:readableSize","CALLS",0.9,"import-resolved",0
"Method:src/logdata/src/logdataworker.cpp:doIndex#1","Function:src/crash_handler/include/memory_info.h:usedMemory","CALLS",0.9,"import-resolved",0
"Method:src/logdata/src/logdataworker.cpp:doIndex#1","Function:src/utils/include/dispatch_to.h:dispatchToMainThread","CALLS",0.9,"import-resolved",0
"Method:src/logdata/src/logdataworker.cpp:run#0","Function:src/utils/include/dispatch_to.h:dispatchToMainThread","CALLS",0.9,"import-resolved",0
"Method:src/logdata/src/logdata.cpp:doGetExpandedLineString#1","Function:src/logdata/include/linetypes.h:untabify","CALLS",0.9,"import-resolved",0
"Method:src/logdata/src/logdata.cpp:doGetExpandedLines#2","Function:src/logdata/include/linetypes.h:untabify","CALLS",0.9,"import-resolved",0
"Method:src/logdata/src/logdata.cpp:RawLines::decodeLines#0","Function:src/utils/include/containers.h:ssize","CALLS",0.9,"import-resolved",0
"Method:src/logdata/src/logdata.cpp:RawLines::buildUtf8View#0","Function:src/utils/include/containers.h:isize","CALLS",0.9,"import-resolved",0
"Method:src/ui/src/highlightersdialog.cpp:HighlightersDialog#1","Function:src/utils/include/dispatch_to.h:dispatchToObject","CALLS",0.9,"import-resolved",0
"Method:src/ui/src/highlightersdialog.cpp:importHighlighters#0","Function:src/utils/include/containers.h:as_const","CALLS",0.9,"import-resolved",0
"Method:src/ui/src/highlightersdialog.cpp:removeHighlighterSet#0","Function:src/utils/include/dispatch_to.h:dispatchToObject","CALLS",0.9,"import-resolved",0
"Method:src/ui/src/highlightersdialog.cpp:moveHighlighterSetUp#0","Function:src/utils/include/dispatch_to.h:dispatchToObject","CALLS",0.9,"import-resolved",0
"Method:src/ui/src/highlightersdialog.cpp:moveHighlighterSetDown#0","Function:src/utils/include/dispatch_to.h:dispatchToObject","CALLS",0.9,"import-resolved",0
"Method:src/ui/src/highlightersdialog.cpp:setCurrentRow#1","Function:src/utils/include/dispatch_to.h:dispatchToObject","CALLS",0.9,"import-resolved",0
"Method:src/ui/src/highlightersdialog.cpp:populateHighlighterList#0","Function:src/utils/include/containers.h:as_const","CALLS",0.9,"import-resolved",0
"Method:src/ui/src/tabbedcrawlerwidget.cpp:TabbedCrawlerWidget#0","Function:src/utils/include/dispatch_to.h:dispatchToObject","CALLS",0.9,"import-resolved",0
"Method:src/ui/src/tabbedcrawlerwidget.cpp:changeEvent#1","Function:src/utils/include/dispatch_to.h:dispatchToObject","CALLS",0.9,"import-resolved",0
"Method:src/ui/src/tabbedcrawlerwidget.cpp:showContextMenu#2","Function:src/utils/include/clipboard.h:sendTextToClipboard","CALLS",0.9,"import-resolved",0
"Method:src/ui/src/tabbedcrawlerwidget.cpp:showContextMenu#2","Function:src/utils/include/openfilehelper.h:showPathInFileExplorer","CALLS",0.9,"import-resolved",0
"Method:src/ui/src/crawlerwidget.cpp:doSendAllStateSignals#0","Function:src/ui/src/crawlerwidget.cpp:loadingFinished","CALLS",0.95,"same-file",0
"Method:src/ui/src/crawlerwidget.cpp:changeEvent#1","Function:src/utils/include/dispatch_to.h:dispatchToObject","CALLS",0.9,"import-resolved",0
"Method:src/ui/src/crawlerwidget.cpp:showSearchContextMenu#0","Function:src/utils/include/active_screen.h:activeScreen","CALLS",0.9,"import-resolved",0
"Method:src/ui/src/crawlerwidget.cpp:markLinesFromFiltered#1","Function:src/logdata/include/linetypes.h:maxValue","CALLS",0.9,"import-resolved",0
"Method:src/ui/src/crawlerwidget.cpp:setSearchPattern#1","Function:src/utils/include/dispatch_to.h:dispatchToObject","CALLS",0.9,"import-resolved",0
"Method:src/ui/src/optionsdialog.cpp:setupComDefaults#0","Function:src/ui/include/comportutils.h:populateSerialControls","CALLS",0.9,"import-resolved",0
"Method:src/ui/src/optionsdialog.cpp:browseComLogPath#0","Function:src/ui/include/comportutils.h:defaultComLogDirectory","CALLS",0.9,"import-resolved",0
"Method:src/app/scenarioheadlessrunner.cpp:run#1","Function:src/app/scenarioheadlessrunner.cpp:loadSuiteDefinition","CALLS",0.95,"same-file",0
"Method:src/app/scenarioheadlessrunner.cpp:run#1","Function:src/app/scenarioheadlessrunner.cpp:loadDeviceMap","CALLS",0.95,"same-file",0
"Method:src/app/scenarioheadlessrunner.cpp:run#1","Function:src/app/scenarioheadlessrunner.cpp:settingsToVariantMap","CALLS",0.95,"same-file",0
"Method:src/app/scenarioheadlessrunner.cpp:run#1","Function:src/app/scenarioheadlessrunner.cpp:mergeSettings","CALLS",0.95,"same-file",0
"Method:src/app/scenarioheadlessrunner.cpp:run#1","Function:src/app/scenarioheadlessrunner.cpp:sanitizePathPart","CALLS",0.95,"same-file",0
"Method:src/app/scenarioheadlessrunner.cpp:run#1","Function:src/app/scenarioheadlessrunner.cpp:buildDeviceBindingPayload","CALLS",0.95,"same-file",0
"Method:src/app/scenarioheadlessrunner.cpp:run#1","Function:src/app/scenarioheadlessrunner.cpp:buildHeadlessFailureReport","CALLS",0.95,"same-file",0
"Method:src/app/scenarioheadlessrunner.cpp:run#1","Function:src/app/scenarioheadlessrunner.cpp:writeJsonReport","CALLS",0.95,"same-file",0
"Method:src/app/scenarioheadlessrunner.cpp:run#1","Function:src/app/scenarioheadlessrunner.cpp:writeJunitFailureReport","CALLS",0.95,"same-file",0
"Method:src/app/scenarioheadlessrunner.cpp:run#1","Function:src/app/scenarioheadlessrunner.cpp:isTerminalScenarioState","CALLS",0.95,"same-file",0
"Method:src/app/labagentrunner.cpp:start#2","Function:src/app/labagentrunner.cpp:loadToken","CALLS",0.95,"same-file",0
"Method:src/app/labagentrunner.cpp:start#2","Function:src/app/labbundleutils.h:loadLabAgentConfig","CALLS",0.9,"import-resolved",0
"Method:src/app/labagentrunner.cpp:connected#0","Function:src/app/labtypes.h:labAgentConfigToVariantMap","CALLS",0.9,"import-resolved",0
"Method:src/app/labagentrunner.cpp:runAssignedJob#1","Function:src/app/labtypes.h:labJobBundleFromVariantMap","CALLS",0.9,"import-resolved",0
"Method:src/app/labagentrunner.cpp:runAssignedJob#1","Function:src/app/labagentrunner.cpp:writeBundleToTempDir","CALLS",0.95,"same-file",0
"Method:src/ui/src/predefinedfiltersdialog.cpp:PredefinedFiltersDialog#1","Function:src/utils/include/dispatch_to.h:dispatchToObject","CALLS",0.9,"import-resolved",0
"Method:src/ui/src/predefinedfiltersdialog.cpp:readFiltersTable#0","Function:src/ui/include/predefinedfilters.h:createPredefinedFilterId","CALLS",0.9,"import-resolved",0
"Method:src/ui/src/predefinedfiltersdialog.cpp:addFilterRow#1","Function:src/ui/include/predefinedfilters.h:createPredefinedFilterId","CALLS",0.9,"import-resolved",0
"Method:src/ui/src/predefinedfiltersdialog.cpp:swapFilters#3","Function:src/utils/include/dispatch_to.h:dispatchToObject","CALLS",0.9,"import-resolved",0
"Method:src/ui/src/mainwindow.cpp:MainWindow#1","Function:src/ui/src/mainwindow.cpp:enteringQuickFind","CALLS",0.95,"same-file",0
"Method:src/ui/src/mainwindow.cpp:reloadSession#0","Function:src/ui/include/serialcaptureworker.h:deserializeSerialCaptureSettings","CALLS",0.9,"import-resolved",0
"Method:src/ui/src/mainwindow.cpp:reloadSession#0","Function:src/ui/src/mainwindow.cpp:signalCrawlerToFollowFile","CALLS",0.95,"same-file",0
"Method:src/ui/src/mainwindow.cpp:reloadSession#0","Function:src/ui/src/mainwindow.cpp:waitForCrawlerStartupPreparation","CALLS",0.95,"same-file",0
"Method:src/ui/src/mainwindow.cpp:executeCommanderRequest#1","Function:src/ui/include/commander.h:commanderSuccess","CALLS",0.9,"import-resolved",0
"Method:src/ui/src/mainwindow.cpp:executeCommanderRequest#1","Function:src/ui/include/commander.h:commanderFailure","CALLS",0.9,"import-resolved",0
"Method:src/ui/src/mainwindow.cpp:executeCommanderRequest#1","Function:src/ui/include/comportutils.h:resolveCommanderComSettings","CALLS",0.9,"import-resolved",0
"Method:src/ui/src/mainwindow.cpp:commanderWindowInfo#0","Function:src/ui/src/mainwindow.cpp:applicationHasMethod","CALLS",0.95,"same-file",0
"Method:src/ui/src/mainwindow.cpp:automationTree#0","Function:src/ui/src/mainwindow.cpp:automationObjectTree","CALLS",0.95,"same-file",0
"Method:src/ui/src/mainwindow.cpp:automationActions#0","Function:src/ui/src/mainwindow.cpp:automationActionPayload","CALLS",0.95,"same-file",0
"Method:src/ui/src/mainwindow.cpp:publishScriptEvent#1","Function:src/ui/src/mainwindow.cpp:applicationHasMethod","CALLS",0.95,"same-file",0
"Method:src/ui/src/mainwindow.cpp:refreshScriptStatusIndicators#0","Function:src/ui/src/mainwindow.cpp:applicationHasMethod","CALLS",0.95,"same-file",0
"Method:src/ui/src/mainwindow.cpp:scriptContextForTab#1","Function:src/ui/src/mainwindow.cpp:applicationHasMethod","CALLS",0.95,"same-file",0
"Method:src/ui/src/mainwindow.cpp:globalScriptContext#0","Function:src/ui/src/mainwindow.cpp:applicationHasMethod","CALLS",0.95,"same-file",0
"Method:src/ui/src/mainwindow.cpp:restoreScriptContextForTab#2","Function:src/ui/src/mainwindow.cpp:applicationHasMethod","CALLS",0.95,"same-file",0
"Method:src/ui/src/mainwindow.cpp:restoreGlobalScriptContext#0","Function:src/ui/src/mainwindow.cpp:applicationHasMethod","CALLS",0.95,"same-file",0
"Method:src/ui/src/mainwindow.cpp:loadIcons#0","Function:src/ui/src/mainwindow.cpp:makePythonScriptRunnerIcon","CALLS",0.95,"same-file",0
"Method:src/ui/src/mainwindow.cpp:startComCaptureSession#3","Function:src/ui/src/mainwindow.cpp:showComPortMessage","CALLS",0.95,"same-file",0
"Method:src/ui/src/mainwindow.cpp:startComCaptureSession#3","Function:src/ui/include/comportutils.h:ensureComCaptureFileWritable","CALLS",0.9,"import-resolved",0
"Method:src/ui/src/mainwindow.cpp:openRemoteFile#3","Function:src/utils/include/progress.h:calculateProgress","CALLS",0.9,"import-resolved",0
"Method:src/ui/src/mainwindow.cpp:openRemoteFile#3","Function:src/ui/include/commander.h:commanderSuccess","CALLS",0.9,"import-resolved",0
"Method:src/ui/src/mainwindow.cpp:openRemoteFile#3","Function:src/ui/include/commander.h:commanderFailure","CALLS",0.9,"import-resolved",0
"Method:src/ui/src/mainwindow.cpp:selectAll#0","Function:src/utils/include/containers.h:isize","CALLS",0.9,"import-resolved",0
"Method:src/ui/src/mainwindow.cpp:copy#0","Function:src/utils/include/clipboard.h:sendTextToClipboard","CALLS",0.9,"import-resolved",0
"Method:src/ui/src/mainwindow.cpp:copyFullPath#0","Function:src/utils/include/clipboard.h:sendTextToClipboard","CALLS",0.9,"import-resolved",0
"Method:src/ui/src/mainwindow.cpp:openContainingFolder#0","Function:src/utils/include/openfilehelper.h:showPathInFileExplorer","CALLS",0.9,"import-resolved",0
"Method:src/ui/src/mainwindow.cpp:openInEditor#0","Function:src/utils/include/openfilehelper.h:openFileInDefaultApplication","CALLS",0.9,"import-resolved",0
"Method:src/ui/src/mainwindow.cpp:openUrl#0","Function:src/ui/include/commander.h:normalizeCommanderUrl","CALLS",0.9,"import-resolved",0
"Method:src/ui/src/mainwindow.cpp:options#0","Function:src/logging/include/logger.h:enableFileLogging","CALLS",0.9,"import-resolved",0
"Method:src/ui/src/mainwindow.cpp:options#0","Function:src/logging/include/logger.h:enableLogging","CALLS",0.9,"import-resolved",0
"Method:src/ui/src/mainwindow.cpp:about#0","Function:src/klogg_version/include/klogg_version.h:kloggVersion","CALLS",0.9,"import-resolved",0
"Method:src/ui/src/mainwindow.cpp:about#0","Function:src/klogg_version/include/klogg_version.h:kloggBuildDate","CALLS",0.9,"import-resolved",0
"Method:src/ui/src/mainwindow.cpp:about#0","Function:src/klogg_version/include/klogg_version.h:kloggCommit","CALLS",0.9,"import-resolved",0
"Method:src/ui/src/mainwindow.cpp:showScriptRunner#0","Function:src/ui/src/mainwindow.cpp:applicationHasMethod","CALLS",0.95,"same-file",0
"Method:src/ui/src/mainwindow.cpp:showScenarioRunner#0","Function:src/ui/src/mainwindow.cpp:applicationHasMethod","CALLS",0.95,"same-file",0
"Method:src/ui/src/mainwindow.cpp:showLabQueue#0","Function:src/ui/src/mainwindow.cpp:applicationHasMethod","CALLS",0.95,"same-file",0
"Method:src/ui/src/mainwindow.cpp:sendActionById#1","Function:src/ui/include/actionruntime.h:sendActionDefinition","CALLS",0.9,"import-resolved",0
"Method:src/ui/src/mainwindow.cpp:closeTab#1","Function:src/ui/src/mainwindow.cpp:applicationHasMethod","CALLS",0.95,"same-file",0
"Method:src/ui/src/mainwindow.cpp:startNewStreamFileForTab#1","Function:src/ui/src/mainwindow.cpp:showComPortMessage","CALLS",0.95,"same-file",0
"Method:src/ui/src/mainwindow.cpp:startNewStreamFileForTab#1","Function:src/ui/include/comportutils.h:suggestedNextComCapturePath","CALLS",0.9,"import-resolved",0
"Method:src/ui/src/mainwindow.cpp:startNewStreamFileForTab#1","Function:src/ui/include/comportutils.h:ensureComCaptureFileWritable","CALLS",0.9,"import-resolved",0
"Method:src/ui/src/mainwindow.cpp:closeTabById#1","Function:src/ui/include/commander.h:commanderFailure","CALLS",0.9,"import-resolved",0
"Method:src/ui/src/mainwindow.cpp:closeTabByIndex#1","Function:src/ui/include/commander.h:commanderFailure","CALLS",0.9,"import-resolved",0
"Method:src/ui/src/mainwindow.cpp:closeTabByIndex#1","Function:src/ui/include/commander.h:commanderSuccess","CALLS",0.9,"import-resolved",0
"Method:src/ui/src/mainwindow.cpp:focusTabById#1","Function:src/ui/include/commander.h:commanderFailure","CALLS",0.9,"import-resolved",0
"Method:src/ui/src/mainwindow.cpp:focusTabByIndex#1","Function:src/ui/include/commander.h:commanderFailure","CALLS",0.9,"import-resolved",0
"Method:src/ui/src/mainwindow.cpp:focusTabByIndex#1","Function:src/ui/include/commander.h:commanderSuccess","CALLS",0.9,"import-resolved",0
"Method:src/ui/src/mainwindow.cpp:closeAllTabsCommander#0","Function:src/ui/include/commander.h:commanderSuccess","CALLS",0.9,"import-resolved",0
"Method:src/ui/src/mainwindow.cpp:commanderSendAction#1","Function:src/ui/include/commander.h:commanderFailure","CALLS",0.9,"import-resolved",0
"Method:src/ui/src/mainwindow.cpp:commanderSendAction#1","Function:src/ui/include/actionruntime.h:sendActionDefinition","CALLS",0.9,"import-resolved",0
"Method:src/ui/src/mainwindow.cpp:commanderSendAction#1","Function:src/ui/include/commander.h:commanderSuccess","CALLS",0.9,"import-resolved",0
"Method:src/ui/src/mainwindow.cpp:commanderWaitResponse#1","Function:src/ui/include/commander.h:commanderFailure","CALLS",0.9,"import-resolved",0
"Method:src/ui/src/mainwindow.cpp:commanderWaitResponse#1","Function:src/ui/include/actionruntime.h:matchResponseDefinition","CALLS",0.9,"import-resolved",0
"Method:src/ui/src/mainwindow.cpp:commanderWaitResponse#1","Function:src/ui/include/commander.h:commanderSuccess","CALLS",0.9,"import-resolved",0
"Method:src/ui/src/mainwindow.cpp:commanderStartComm#1","Function:src/ui/include/commander.h:commanderFailure","CALLS",0.9,"import-resolved",0
"Method:src/ui/src/mainwindow.cpp:commanderStartComm#1","Function:src/ui/include/commander.h:commanderSuccess","CALLS",0.9,"import-resolved",0
"Method:src/ui/src/mainwindow.cpp:commanderStopComm#1","Function:src/ui/include/commander.h:commanderFailure","CALLS",0.9,"import-resolved",0
"Method:src/ui/src/mainwindow.cpp:commanderStopComm#1","Function:src/ui/include/commander.h:commanderSuccess","CALLS",0.9,"import-resolved",0
"Method:src/ui/src/mainwindow.cpp:commanderGetCommStatus#1","Function:src/ui/include/commander.h:commanderFailure","CALLS",0.9,"import-resolved",0
"Method:src/ui/src/mainwindow.cpp:commanderGetCommStatus#1","Function:src/ui/include/commander.h:commanderSuccess","CALLS",0.9,"import-resolved",0
"Method:src/ui/src/mainwindow.cpp:commanderSetLogging#2","Function:src/ui/include/commander.h:commanderFailure","CALLS",0.9,"import-resolved",0
"Method:src/ui/src/mainwindow.cpp:commanderSetLogging#2","Function:src/ui/include/commander.h:commanderSuccess","CALLS",0.9,"import-resolved",0
"Method:src/ui/src/mainwindow.cpp:commanderAddComment#1","Function:src/ui/include/commander.h:commanderFailure","CALLS",0.9,"import-resolved",0
"Method:src/ui/src/mainwindow.cpp:commanderAddComment#1","Function:src/ui/include/commander.h:commanderSuccess","CALLS",0.9,"import-resolved",0
"Method:src/ui/src/mainwindow.cpp:commanderGetResponseCounter#1","Function:src/ui/include/commander.h:commanderFailure","CALLS",0.9,"import-resolved",0
"Method:src/ui/src/mainwindow.cpp:commanderGetResponseCounter#1","Function:src/ui/include/commander.h:commanderSuccess","CALLS",0.9,"import-resolved",0
"Method:src/ui/src/mainwindow.cpp:commanderResetResponseCounter#1","Function:src/ui/include/commander.h:commanderFailure","CALLS",0.9,"import-resolved",0
"Method:src/ui/src/mainwindow.cpp:commanderResetResponseCounter#1","Function:src/ui/include/commander.h:commanderSuccess","CALLS",0.9,"import-resolved",0
"Method:src/ui/src/mainwindow.cpp:commanderClearComm#1","Function:src/ui/include/commander.h:commanderFailure","CALLS",0.9,"import-resolved",0
"Method:src/ui/src/mainwindow.cpp:commanderClearComm#1","Function:src/ui/include/commander.h:commanderSuccess","CALLS",0.9,"import-resolved",0
"Method:src/ui/src/mainwindow.cpp:commanderFilters#1","Function:src/ui/include/commander.h:commanderFailure","CALLS",0.9,"import-resolved",0
"Method:src/ui/src/mainwindow.cpp:commanderFilters#1","Function:src/ui/include/commander.h:commanderSuccess","CALLS",0.9,"import-resolved",0
"Method:src/ui/src/mainwindow.cpp:commanderSetFilter#1","Function:src/ui/include/commander.h:commanderFailure","CALLS",0.9,"import-resolved",0
"Method:src/ui/src/mainwindow.cpp:commanderSetFilter#1","Function:src/ui/include/commander.h:commanderSuccess","CALLS",0.9,"import-resolved",0
"Method:src/ui/src/mainwindow.cpp:commanderSearch#1","Function:src/ui/include/commander.h:commanderFailure","CALLS",0.9,"import-resolved",0
"Method:src/ui/src/mainwindow.cpp:commanderSearch#1","Function:src/ui/include/commander.h:commanderSuccess","CALLS",0.9,"import-resolved",0
"Method:src/ui/src/mainwindow.cpp:commanderSetFollowMode#1","Function:src/ui/include/commander.h:commanderFailure","CALLS",0.9,"import-resolved",0
"Method:src/ui/src/mainwindow.cpp:commanderSetFollowMode#1","Function:src/ui/include/commander.h:commanderSuccess","CALLS",0.9,"import-resolved",0
"Method:src/ui/src/mainwindow.cpp:commanderInvokeAction#1","Function:src/ui/include/commander.h:commanderFailure","CALLS",0.9,"import-resolved",0
"Method:src/ui/src/mainwindow.cpp:commanderInvokeAction#1","Function:src/ui/include/commander.h:commanderSuccess","CALLS",0.9,"import-resolved",0
"Method:src/ui/src/mainwindow.cpp:closeFileByPath#1","Function:src/ui/include/commander.h:commanderSuccess","CALLS",0.9,"import-resolved",0
"Method:src/ui/src/mainwindow.cpp:closeFileByPath#1","Function:src/ui/include/commander.h:commanderFailure","CALLS",0.9,"import-resolved",0
"Method:src/ui/src/mainwindow.cpp:closeUrlBySource#1","Function:src/ui/include/commander.h:commanderFailure","CALLS",0.9,"import-resolved",0
"Method:src/ui/src/mainwindow.cpp:closeComPortByName#1","Function:src/ui/include/commander.h:commanderSuccess","CALLS",0.9,"import-resolved",0
"Method:src/ui/src/mainwindow.cpp:closeComPortByName#1","Function:src/ui/include/commander.h:commanderFailure","CALLS",0.9,"import-resolved",0
"Method:src/ui/src/mainwindow.cpp:changeEvent#1","Function:src/utils/include/dispatch_to.h:dispatchToObject","CALLS",0.9,"import-resolved",0
"Method:src/ui/src/mainwindow.cpp:loadFile#2","Function:src/ui/src/mainwindow.cpp:signalCrawlerToFollowFile","CALLS",0.95,"same-file",0
"Method:src/ui/src/mainwindow.cpp:updateTitleBar#1","Function:src/klogg_version/include/klogg_version.h:kloggVersion","CALLS",0.9,"import-resolved",0
"Method:src/ui/src/mainwindow.cpp:updateInfoLine#0","Function:src/logdata/include/readablesize.h:readableSize","CALLS",0.9,"import-resolved",0
"Method:src/ui/src/mainwindow.cpp:selectOpenedFile#0","Function:src/utils/include/dispatch_to.h:dispatchToObject","CALLS",0.9,"import-resolved",0
"Method:src/ui/src/mainwindow.cpp:writeSettings#0","Function:src/ui/include/serialcaptureworker.h:serializeSerialCaptureSettings","CALLS",0.9,"import-resolved",0
