from,to,type,confidence,reason,step
"Method:tests/ui/crawlerwidget_test.cpp:CrawlerWidget::access_by<CrawlerWidgetPrivate>.selectAllInMainView#0","Method:src/ui/include/crawlerwidget.h:CrawlerWidget.selectAll#0","CALLS",0.9,"import-resolved",0
"Method:tests/ui/crawlerwidget_test.cpp:CrawlerWidget::access_by<CrawlerWidgetPrivate>.selectAllInFilteredView#0","Method:src/ui/include/crawlerwidget.h:CrawlerWidget.selectAll#0","CALLS",0.9,"import-resolved",0
"Method:tests/ui/crawlerwidget_test.cpp:CrawlerWidget::access_by<CrawlerWidgetPrivate>.mainViewSelectedText#0","Method:src/ui/include/crawlerwidget.h:CrawlerWidget.getSelectedText#0","CALLS",0.9,"import-resolved",0
"Method:tests/ui/crawlerwidget_test.cpp:CrawlerWidget::access_by<CrawlerWidgetPrivate>.filteredViewSelectedText#0","Method:src/ui/include/crawlerwidget.h:CrawlerWidget.getSelectedText#0","CALLS",0.9,"import-resolved",0
"Method:tests/ui/crawlerwidget_test.cpp:CrawlerWidget::access_by<CrawlerWidgetPrivate>.setSearchPattern#1","Method:tests/ui/crawlerwidget_test.cpp:CrawlerWidget::access_by<CrawlerWidgetPrivate>.clearSearchPattern#0","CALLS",0.95,"same-file",0
"Method:tests/ui/crawlerwidget_test.cpp:CrawlerWidget::access_by<CrawlerWidgetPrivate>.setAutoRefresh#1","Method:src/ui/src/predefinedfiltersdialog.cpp:CenteredCheckbox.isChecked#0","CALLS",0.5,"global",0
"Method:tests/ui/crawlerwidget_test.cpp:CrawlerWidget::access_by<CrawlerWidgetPrivate>.setViewContextLazy#1","Method:tests/ui/crawlerwidget_test.cpp:CrawlerWidget::access_by<CrawlerWidgetPrivate>.setViewContextLazy#1","CALLS",0.95,"same-file",0
"Method:tests/ui/crawlerwidget_test.cpp:CrawlerWidget::access_by<CrawlerWidgetPrivate>.enableCaseSensitiveSearch#0","Method:src/ui/src/predefinedfiltersdialog.cpp:CenteredCheckbox.isChecked#0","CALLS",0.5,"global",0
"Method:tests/ui/crawlerwidget_test.cpp:CrawlerWidget::access_by<CrawlerWidgetPrivate>.enableRegexSearch#0","Method:src/ui/src/predefinedfiltersdialog.cpp:CenteredCheckbox.isChecked#0","CALLS",0.5,"global",0
"Method:tests/ui/crawlerwidget_test.cpp:CrawlerWidget::access_by<CrawlerWidgetPrivate>.enableInverseMatch#0","Method:src/ui/src/predefinedfiltersdialog.cpp:CenteredCheckbox.isChecked#0","CALLS",0.5,"global",0
"Method:tests/ui/crawlerwidget_test.cpp:CrawlerWidget::access_by<CrawlerWidgetPrivate>.enableBooleanCombinationMode#0","Method:src/ui/src/predefinedfiltersdialog.cpp:CenteredCheckbox.isChecked#0","CALLS",0.5,"global",0
"Method:tests/ui/crawlerwidget_test.cpp:CrawlerWidget::access_by<CrawlerWidgetPrivate>.disableBooleanCombinationMode#0","Method:src/ui/src/predefinedfiltersdialog.cpp:CenteredCheckbox.isChecked#0","CALLS",0.5,"global",0
"Method:tests/ui/crawlerwidget_test.cpp:CrawlerWidget::access_by<CrawlerWidgetPrivate>.disableBooleanCombinationMode#0","Method:src/ui/src/predefinedfiltersdialog.cpp:CenteredCheckbox.setChecked#1","CALLS",0.5,"global",0
"Method:tests/ui/crawlerwidget_test.cpp:CrawlerWidget::access_by<CrawlerWidgetPrivate>.isCaseSensitiveSearchEnabled#0","Method:src/ui/src/predefinedfiltersdialog.cpp:CenteredCheckbox.isChecked#0","CALLS",0.5,"global",0
"Method:tests/ui/crawlerwidget_test.cpp:CrawlerWidget::access_by<CrawlerWidgetPrivate>.isRegexSearchEnabled#0","Method:src/ui/src/predefinedfiltersdialog.cpp:CenteredCheckbox.isChecked#0","CALLS",0.5,"global",0
"Method:tests/ui/crawlerwidget_test.cpp:CrawlerWidget::access_by<CrawlerWidgetPrivate>.isInverseMatchEnabled#0","Method:src/ui/src/predefinedfiltersdialog.cpp:CenteredCheckbox.isChecked#0","CALLS",0.5,"global",0
"Method:tests/ui/crawlerwidget_test.cpp:CrawlerWidget::access_by<CrawlerWidgetPrivate>.isBooleanCombinationModeEnabled#0","Method:src/ui/src/predefinedfiltersdialog.cpp:CenteredCheckbox.isChecked#0","CALLS",0.5,"global",0
"Method:tests/ui/crawlerwidget_test.cpp:CrawlerWidget::access_by<CrawlerWidgetPrivate>.isAutoRefreshEnabled#0","Method:src/ui/src/predefinedfiltersdialog.cpp:CenteredCheckbox.isChecked#0","CALLS",0.5,"global",0
"Method:tests/ui/crawlerwidget_test.cpp:CrawlerWidget::access_by<CrawlerWidgetPrivate>.enableTextWrap#0","Method:src/ui/include/crawlerwidget.h:CrawlerWidget.textWrapSet#1","CALLS",0.9,"import-resolved",0
"Method:tests/ui/crawlerwidget_test.cpp:CrawlerWidget::access_by<CrawlerWidgetPrivate>.enableTextWrap#0","Method:src/ui/include/crawlerwidget.h:CrawlerWidget.isTextWrapEnabled#0","CALLS",0.9,"import-resolved",0
"Method:tests/ui/crawlerwidget_test.cpp:CrawlerWidget::access_by<CrawlerWidgetPrivate>.disableTextWrap#0","Method:src/ui/include/crawlerwidget.h:CrawlerWidget.textWrapSet#1","CALLS",0.9,"import-resolved",0
"Method:tests/ui/crawlerwidget_test.cpp:CrawlerWidget::access_by<CrawlerWidgetPrivate>.disableTextWrap#0","Method:src/ui/include/crawlerwidget.h:CrawlerWidget.isTextWrapEnabled#0","CALLS",0.9,"import-resolved",0
"Method:tests/ui/crawlerwidget_test.cpp:CrawlerWidget::access_by<CrawlerWidgetPrivate>.focusFilteredView#0","Method:tests/ui/crawlerwidget_test.cpp:CrawlerWidget::access_by<CrawlerWidgetPrivate>.focusedViewObjectName#0","CALLS",0.95,"same-file",0
"Method:tests/ui/crawlerwidget_test.cpp:CrawlerWidget::access_by<CrawlerWidgetPrivate>.filteredVisibleLineRange#0","Method:tests/ui/crawlerwidget_test.cpp:CrawlerWidget::access_by<CrawlerWidgetPrivate>.filteredVisibleLineRange#0","CALLS",0.95,"same-file",0
"Method:tests/ui/crawlerwidget_test.cpp:CrawlerWidget::access_by<CrawlerWidgetPrivate>.mainVisibleLineRange#0","Method:tests/ui/crawlerwidget_test.cpp:CrawlerWidget::access_by<CrawlerWidgetPrivate>.mainVisibleLineRange#0","CALLS",0.95,"same-file",0
"Method:tests/ui/crawlerwidget_test.cpp:CrawlerWidget::access_by<CrawlerWidgetPrivate>.focusedViewObjectName#0","Method:tests/ui/crawlerwidget_test.cpp:CrawlerWidget::access_by<CrawlerWidgetPrivate>.focusedViewObjectName#0","CALLS",0.95,"same-file",0
"Method:src/app/scenarioheadlessrunner.cpp:run","Method:src/ui/include/commander.h:CommanderResult.ok#0","CALLS",0.9,"import-resolved",0
"Method:src/app/scenarioheadlessrunner.cpp:run","Method:src/ui/include/mainwindow.h:MainWindow.commanderWindowInfo#0","CALLS",0.9,"import-resolved",0
"Method:src/app/messagereceiver.h:MessageReceiver.receiveMessage#1","Method:src/app/messagereceiver.h:MessageReceiver.handleCommandMessage#2","CALLS",0.95,"same-file",0
"Method:src/app/messagereceiver.h:MessageReceiver.receiveMessage#1","Method:src/app/messagereceiver.h:MessageReceiver.isValidAckPath#1","CALLS",0.95,"same-file",0
"Method:src/app/messagereceiver.h:MessageReceiver.handleCommandMessage#2","Method:src/app/messagereceiver.h:MessageReceiver.isValidTempPath#3","CALLS",0.95,"same-file",0
"Method:src/app/messagereceiver.h:MessageReceiver.handleCommandMessage#2","Method:src/app/messagereceiver.h:MessageReceiver.writeFailureResult#2","CALLS",0.95,"same-file",0
"Method:src/app/messagereceiver.h:MessageReceiver.isValidTempPath#3","Method:src/app/messagereceiver.h:MessageReceiver.isPathEqual#2","CALLS",0.95,"same-file",0
"Method:src/app/messagereceiver.h:MessageReceiver.isValidAckPath#1","Method:src/app/messagereceiver.h:MessageReceiver.isValidTempPath#3","CALLS",0.95,"same-file",0
"Method:src/app/labcontrollerservice.cpp:~LabControllerService","Method:src/app/labcontrollerservice.cpp:stop#0","CALLS",0.95,"same-file",0
"Method:src/app/labcontrollerservice.cpp:start","Method:src/app/labcontrollerservice.cpp:loadToken#2","CALLS",0.95,"same-file",0
"Method:src/app/labcontrollerservice.cpp:start","Method:src/app/labcontrollerservice.cpp:initializeDatabase#2","CALLS",0.95,"same-file",0
"Method:src/app/labcontrollerservice.cpp:stop","Method:src/ui/src/abstractlogview.cpp:LineChunk.end#0","CALLS",0.5,"global",0
"Method:src/app/labcontrollerservice.cpp:submitBundle","Method:src/app/labcontrollerservice.cpp:submitBundleUnlocked#3","CALLS",0.95,"same-file",0
"Method:src/app/labcontrollerservice.cpp:queueSnapshot","Method:src/app/labcontrollerservice.cpp:queueSnapshotUnlocked#0","CALLS",0.95,"same-file",0
"Method:src/app/labcontrollerservice.cpp:agentsSnapshot","Method:src/app/labcontrollerservice.cpp:agentsSnapshotUnlocked#0","CALLS",0.95,"same-file",0
"Method:src/app/labcontrollerservice.cpp:jobStatus","Method:src/app/labcontrollerservice.cpp:jobStatusUnlocked#2","CALLS",0.95,"same-file",0
"Method:src/app/labcontrollerservice.cpp:cancelJob","Method:src/app/labcontrollerservice.cpp:sendAgentMessage#2","CALLS",0.95,"same-file",0
"Method:src/app/labcontrollerservice.cpp:cancelJob","Method:src/app/labcontrollerservice.cpp:jobStatusUnlocked#2","CALLS",0.95,"same-file",0
"Method:src/app/labcontrollerservice.cpp:artifactsPayload","Method:src/app/labcontrollerservice.cpp:artifactsPayloadUnlocked#2","CALLS",0.95,"same-file",0
"Method:src/app/labcontrollerservice.cpp:artifactDirectoryPath","Method:src/app/labcontrollerservice.cpp:jobDirectoryPath#1","CALLS",0.95,"same-file",0
"Method:src/app/labcontrollerservice.cpp:writeBundleToDisk","Method:src/app/labcontrollerservice.cpp:jobDirectoryPath#1","CALLS",0.95,"same-file",0
"Method:src/app/labcontrollerservice.cpp:submitBundleUnlocked","Method:src/app/labcontrollerservice.cpp:nextJobId#0","CALLS",0.95,"same-file",0
"Method:src/app/labcontrollerservice.cpp:submitBundleUnlocked","Method:src/app/labcontrollerservice.cpp:artifactDirectoryPath#1","CALLS",0.95,"same-file",0
"Method:src/app/labcontrollerservice.cpp:submitBundleUnlocked","Method:src/app/labcontrollerservice.cpp:writeBundleToDisk#3","CALLS",0.95,"same-file",0
"Method:src/app/labcontrollerservice.cpp:submitBundleUnlocked","Method:src/app/labcontrollerservice.cpp:scheduleJobs#0","CALLS",0.95,"same-file",0
"Method:src/app/labcontrollerservice.cpp:submitBundleUnlocked","Method:src/app/labcontrollerservice.cpp:jobStatusUnlocked#2","CALLS",0.95,"same-file",0
"Method:src/app/labcontrollerservice.cpp:assignJobToAgent","Method:src/app/labcontrollerservice.cpp:eligibleBindings#2","CALLS",0.95,"same-file",0
"Method:src/app/labcontrollerservice.cpp:assignJobToAgent","Method:src/app/labcontrollerservice.cpp:sendAgentMessage#2","CALLS",0.95,"same-file",0
"Method:src/app/labcontrollerservice.cpp:assignJobToAgent","Method:src/app/labcontrollerservice.cpp:artifactDirectoryPath#1","CALLS",0.95,"same-file",0
"Method:src/app/labcontrollerservice.cpp:scheduleJobs","Method:src/app/labcontrollerservice.cpp:assignJobToAgent#5","CALLS",0.95,"same-file",0
"Method:src/app/labcontrollerservice.cpp:jobStatusUnlocked","Method:src/app/labcontrollerservice.cpp:jobPayloadById#2","CALLS",0.95,"same-file",0
"Method:src/app/labcontrollerservice.cpp:artifactsPayloadUnlocked","Method:src/app/labcontrollerservice.cpp:jobPayloadById#2","CALLS",0.95,"same-file",0
"Method:src/app/labcontrollerservice.cpp:loadBundlePayload","Method:src/app/labcontrollerservice.cpp:jobPayloadById#2","CALLS",0.95,"same-file",0
"Method:src/app/labcontrollerservice.cpp:handleHttpConnection","Method:src/app/labcontrollerservice.cpp:processHttpRequest#2","CALLS",0.95,"same-file",0
"Method:src/app/labcontrollerservice.cpp:processHttpRequest","Method:src/app/labcontrollerservice.cpp:authorizeHttpRequest#2","CALLS",0.95,"same-file",0
"Method:src/app/labcontrollerservice.cpp:processHttpRequest","Method:src/app/labcontrollerservice.cpp:sendJsonResponse#3","CALLS",0.95,"same-file",0
"Method:src/app/labcontrollerservice.cpp:processHttpRequest","Method:src/app/labcontrollerservice.cpp:submitBundleUnlocked#3","CALLS",0.95,"same-file",0
"Method:src/app/labcontrollerservice.cpp:processHttpRequest","Method:src/app/labcontrollerservice.cpp:queueSnapshotUnlocked#0","CALLS",0.95,"same-file",0
"Method:src/app/labcontrollerservice.cpp:processHttpRequest","Method:src/app/labcontrollerservice.cpp:jobStatusUnlocked#2","CALLS",0.95,"same-file",0
"Method:src/app/labcontrollerservice.cpp:processHttpRequest","Method:src/app/labcontrollerservice.cpp:cancelJob#2","CALLS",0.95,"same-file",0
"Method:src/app/labcontrollerservice.cpp:processHttpRequest","Method:src/app/labcontrollerservice.cpp:agentsSnapshotUnlocked#0","CALLS",0.95,"same-file",0
"Method:src/app/labcontrollerservice.cpp:processHttpRequest","Method:src/app/labcontrollerservice.cpp:artifactsPayloadUnlocked#2","CALLS",0.95,"same-file",0
"Method:src/app/labcontrollerservice.cpp:handleAgentDisconnected","Method:src/app/labcontrollerservice.cpp:updateAgentStatus#4","CALLS",0.95,"same-file",0
"Method:src/app/labcontrollerservice.cpp:handleAgentDisconnected","Method:src/app/labcontrollerservice.cpp:scheduleJobs#0","CALLS",0.95,"same-file",0
"Method:src/app/labcontrollerservice.cpp:readAgentSocket","Method:src/app/labcontrollerservice.cpp:processAgentMessage#2","CALLS",0.95,"same-file",0
"Method:src/app/labcontrollerservice.cpp:processAgentMessage","Method:src/app/labcontrollerservice.cpp:connectionStateForSocket#1","CALLS",0.95,"same-file",0
"Method:src/app/labcontrollerservice.cpp:processAgentMessage","Method:src/app/labcontrollerservice.cpp:insertOrUpdateAgent#2","CALLS",0.95,"same-file",0
"Method:src/app/labcontrollerservice.cpp:processAgentMessage","Method:src/app/labcontrollerservice.cpp:sendAgentMessage#2","CALLS",0.95,"same-file",0
"Method:src/app/labcontrollerservice.cpp:processAgentMessage","Method:src/app/labcontrollerservice.cpp:scheduleJobs#0","CALLS",0.95,"same-file",0
"Method:src/app/labcontrollerservice.cpp:processAgentMessage","Method:src/app/labcontrollerservice.cpp:updateAgentHeartbeat#2","CALLS",0.95,"same-file",0
"Method:src/app/labcontrollerservice.cpp:processAgentMessage","Method:src/app/labcontrollerservice.cpp:artifactDirectoryPath#1","CALLS",0.95,"same-file",0
"Method:src/app/labclient.cpp:submit","Method:src/app/labclient.cpp:performJsonRequest#5","CALLS",0.95,"same-file",0
"Method:src/app/labclient.cpp:queue","Method:src/app/labclient.cpp:performJsonRequest#5","CALLS",0.95,"same-file",0
"Method:src/app/labclient.cpp:status","Method:src/ui/src/pathline.cpp:setPath#1","CALLS",0.5,"global",0
"Method:src/app/labclient.cpp:status","Method:src/app/labclient.cpp:performJsonRequest#5","CALLS",0.95,"same-file",0
"Method:src/app/labclient.cpp:cancel","Method:src/app/labclient.cpp:performJsonRequest#5","CALLS",0.95,"same-file",0
"Method:src/app/labclient.cpp:agents","Method:src/app/labclient.cpp:performJsonRequest#5","CALLS",0.95,"same-file",0
"Method:src/app/labclient.cpp:artifacts","Method:src/ui/src/pathline.cpp:setPath#1","CALLS",0.5,"global",0
"Method:src/app/labclient.cpp:artifacts","Method:src/app/labclient.cpp:performJsonRequest#5","CALLS",0.95,"same-file",0
"Method:src/app/labclient.cpp:snapshot","Method:src/app/labclient.cpp:performJsonRequest#5","CALLS",0.95,"same-file",0
"Method:src/app/labclient.cpp:performJsonRequest","Method:src/ui/src/pathline.cpp:setPath#1","CALLS",0.5,"global",0
"Method:src/app/labagentrunner.cpp:connected","Method:src/app/labagentrunner.cpp:sendMessage#1","CALLS",0.95,"same-file",0
"Method:src/app/labagentrunner.cpp:readyRead","Method:src/app/labagentrunner.cpp:processMessage#1","CALLS",0.95,"same-file",0
"Method:src/app/labagentrunner.cpp:sendHeartbeat","Method:src/app/labagentrunner.cpp:sendMessage#1","CALLS",0.95,"same-file",0
"Method:src/app/labagentrunner.cpp:processMessage","Method:src/app/labagentrunner.cpp:runAssignedJob#1","CALLS",0.95,"same-file",0
"Method:src/app/labagentrunner.cpp:processMessage","Method:src/app/kloggapp.h:KloggApp.executeCommanderRequest#1","CALLS",0.9,"import-resolved",0
"Method:src/app/labagentrunner.cpp:runAssignedJob","Method:src/app/labagentrunner.cpp:sendMessage#1","CALLS",0.95,"same-file",0
"Method:src/app/labagentrunner.cpp:runAssignedJob","Method:src/app/scenarioheadlessrunner.h:ScenarioHeadlessRunner.run#1","CALLS",0.9,"import-resolved",0
"Method:src/app/kloggapp.h:KloggApp.primaryPid#0","Method:src/app/kloggapp.h:KloggApp.primaryPid#0","CALLS",0.95,"same-file",0
"Method:src/app/kloggapp.h:KloggApp.sendFilesToPrimaryInstance#1","Method:src/app/kloggapp.h:KloggApp.primaryPid#0","CALLS",0.95,"same-file",0
"Method:src/app/kloggapp.h:KloggApp.sendFilesToPrimaryInstance#1","Method:src/app/kloggapp.h:KloggApp.createUniqueTempPath#2","CALLS",0.95,"same-file",0
"Method:src/app/kloggapp.h:KloggApp.sendFilesToPrimaryInstance#1","Method:src/ui/include/sessioninfo.h:SessionInfo.remove#1","CALLS",0.9,"import-resolved",0
"Method:src/app/kloggapp.h:KloggApp.sendCommandToPrimaryInstance#1","Method:src/app/kloggapp.h:KloggApp.primaryPid#0","CALLS",0.95,"same-file",0
"Method:src/app/kloggapp.h:KloggApp.sendCommandToPrimaryInstance#1","Method:src/app/kloggapp.h:KloggApp.createUniqueTempPath#2","CALLS",0.95,"same-file",0
"Method:src/app/kloggapp.h:KloggApp.sendCommandToPrimaryInstance#1","Method:src/ui/include/sessioninfo.h:SessionInfo.remove#1","CALLS",0.9,"import-resolved",0
"Method:src/app/kloggapp.h:KloggApp.sendCommandToPrimaryInstance#1","Method:src/app/kloggapp.h:KloggApp.waitForResponseFile#2","CALLS",0.95,"same-file",0
"Method:src/app/kloggapp.h:KloggApp.reloadSession#0","Method:src/ui/include/startupprogress.h:StartupProgress.advance#3","CALLS",0.9,"import-resolved",0
"Method:src/app/kloggapp.h:KloggApp.reloadSession#0","Method:src/ui/include/session.h:Session.windowSessions#0","CALLS",0.9,"import-resolved",0
"Method:src/app/kloggapp.h:KloggApp.reloadSession#0","Method:src/app/kloggapp.h:KloggApp.newWindow#1","CALLS",0.95,"same-file",0
"Method:src/app/kloggapp.h:KloggApp.reloadSession#0","Method:src/ui/include/mainwindow.h:MainWindow.reloadGeometry#0","CALLS",0.9,"import-resolved",0
"Method:src/app/kloggapp.h:KloggApp.reloadSession#0","Method:src/ui/include/session.h:WindowSession.windowIndex#0","CALLS",0.9,"import-resolved",0
"Method:src/app/kloggapp.h:KloggApp.reloadSession#0","Method:src/ui/include/mainwindow.h:MainWindow.reloadSession#0","CALLS",0.9,"import-resolved",0
"Method:src/app/kloggapp.h:KloggApp.reloadSession#0","Method:src/app/kloggapp.h:KloggApp.newWindow#0","CALLS",0.95,"same-file",0
"Method:src/app/kloggapp.h:KloggApp.reloadSession#0","Method:src/app/kloggapp.h:KloggApp.applyAutomationGeometry#1","CALLS",0.95,"same-file",0
"Method:src/app/kloggapp.h:KloggApp.reloadSession#0","Method:src/app/kloggapp.h:KloggApp.applyStartupBootstrapGeometry#1","CALLS",0.95,"same-file",0
"Method:src/app/kloggapp.h:KloggApp.reloadSession#0","Method:src/ui/include/mainwindow.h:MainWindow.isStartupReadyForDisplay#0","CALLS",0.9,"import-resolved",0
"Method:src/app/kloggapp.h:KloggApp.clearInactiveSessions#0","Method:src/ui/include/session.h:Session.windowSessions#0","CALLS",0.9,"import-resolved",0
"Method:src/app/kloggapp.h:KloggApp.clearInactiveSessions#0","Method:src/ui/src/abstractlogview.cpp:LineChunk.end#0","CALLS",0.5,"global",0
"Method:src/app/kloggapp.h:KloggApp.clearInactiveSessions#0","Method:src/ui/include/session.h:WindowSession.windowId#0","CALLS",0.9,"import-resolved",0
"Method:src/app/kloggapp.h:KloggApp.clearInactiveSessions#0","Method:src/ui/include/session.h:WindowSession.close#0","CALLS",0.9,"import-resolved",0
"Method:src/app/kloggapp.h:KloggApp.newWindow#0","Method:src/ui/include/session.h:Session.windowSessions#0","CALLS",0.9,"import-resolved",0
"Method:src/app/kloggapp.h:KloggApp.newWindow#0","Method:src/ui/include/highlightedmatch.h:HighlightedMatchRanges.back#0","CALLS",0.5,"global",0
"Method:src/app/kloggapp.h:KloggApp.newWindow#0","Method:src/ui/include/session.h:WindowSession.restoreGeometry#1","CALLS",0.9,"import-resolved",0
"Method:src/app/kloggapp.h:KloggApp.newWindow#0","Method:src/app/kloggapp.h:KloggApp.newWindow#1","CALLS",0.95,"same-file",0
"Method:src/app/kloggapp.h:KloggApp.newWindow#0","Method:src/app/kloggapp.h:KloggApp.nextWindowIndex#0","CALLS",0.95,"same-file",0
"Method:src/app/kloggapp.h:KloggApp.newWindow#0","Method:src/app/kloggapp.h:KloggApp.applyAutomationGeometry#1","CALLS",0.95,"same-file",0
"Method:src/app/kloggapp.h:KloggApp.newWindow#0","Method:src/app/kloggapp.h:KloggApp.applyStartupBootstrapGeometry#1","CALLS",0.95,"same-file",0
"Method:src/app/kloggapp.h:KloggApp.finalizeStartupBootstrapGeometry#0","Method:src/app/kloggapp.h:KloggApp.applyAutomationGeometry#1","CALLS",0.95,"same-file",0
"Method:src/app/kloggapp.h:KloggApp.finalizeStartupBootstrapGeometry#0","Method:src/ui/include/mainwindow.h:MainWindow.reloadGeometry#0","CALLS",0.9,"import-resolved",0
"Method:src/app/kloggapp.h:KloggApp.loadFileNonInteractive#1","Method:src/app/kloggapp.h:KloggApp.newWindow#0","CALLS",0.95,"same-file",0
"Method:src/app/kloggapp.h:KloggApp.loadFileNonInteractive#1","Method:src/app/kloggapp.h:KloggApp.loadFileNonInteractive#1","CALLS",0.95,"same-file",0
"Method:src/app/kloggapp.h:KloggApp.executeCommanderRequest#1","Method:src/app/kloggapp.h:KloggApp.activeWindowIfAny#0","CALLS",0.95,"same-file",0
"Method:src/app/kloggapp.h:KloggApp.executeCommanderRequest#1","Method:src/ui/include/mainwindow.h:MainWindow.commanderWindowInfo#0","CALLS",0.9,"import-resolved",0
"Method:src/app/kloggapp.h:KloggApp.executeCommanderRequest#1","Method:src/ui/include/scenariorunner.h:ScenarioRunner.runScenario#1","CALLS",0.9,"import-resolved",0
"Method:src/app/kloggapp.h:KloggApp.executeCommanderRequest#1","Method:src/ui/include/scenariorunner.h:ScenarioRunner.runSuite#1","CALLS",0.9,"import-resolved",0
"Method:src/app/kloggapp.h:KloggApp.executeCommanderRequest#1","Method:src/ui/include/scenariorunner.h:ScenarioRunner.stopRun#0","CALLS",0.9,"import-resolved",0
"Method:src/app/kloggapp.h:KloggApp.executeCommanderRequest#1","Method:src/ui/include/scenariorunner.h:ScenarioRunner.status#0","CALLS",0.9,"import-resolved",0
"Method:src/app/kloggapp.h:KloggApp.executeCommanderRequest#1","Method:src/ui/include/scenariorunner.h:ScenarioRunner.report#0","CALLS",0.9,"import-resolved",0
"Method:src/app/kloggapp.h:KloggApp.executeCommanderRequest#1","Method:src/ui/include/scriptsupervisor.h:ScriptSupervisor.runScript#1","CALLS",0.9,"import-resolved",0
"Method:src/app/kloggapp.h:KloggApp.executeCommanderRequest#1","Method:src/ui/include/scriptsupervisor.h:ScriptSupervisor.runGlobalScript#1","CALLS",0.9,"import-resolved",0
"Method:src/app/kloggapp.h:KloggApp.executeCommanderRequest#1","Method:src/ui/include/scriptsupervisor.h:ScriptSupervisor.stopScript#1","CALLS",0.9,"import-resolved",0
"Method:src/app/kloggapp.h:KloggApp.executeCommanderRequest#1","Method:src/ui/include/scriptsupervisor.h:ScriptSupervisor.scriptStatus#1","CALLS",0.9,"import-resolved",0
"Method:src/app/kloggapp.h:KloggApp.executeCommanderRequest#1","Method:src/app/kloggapp.h:KloggApp.globalScriptStatus#0","CALLS",0.95,"same-file",0
"Method:src/app/kloggapp.h:KloggApp.executeCommanderRequest#1","Method:src/ui/include/scriptsupervisor.h:ScriptSupervisor.scriptSubscriptions#1","CALLS",0.9,"import-resolved",0
"Method:src/app/kloggapp.h:KloggApp.executeCommanderRequest#1","Method:src/ui/include/scriptsupervisor.h:ScriptSupervisor.globalScriptSubscriptions#0","CALLS",0.9,"import-resolved",0
"Method:src/app/kloggapp.h:KloggApp.executeCommanderRequest#1","Method:src/ui/include/scriptsupervisor.h:ScriptSupervisor.clearScriptSubscriptions#1","CALLS",0.9,"import-resolved",0
"Method:src/app/kloggapp.h:KloggApp.executeCommanderRequest#1","Method:src/ui/include/scriptsupervisor.h:ScriptSupervisor.clearGlobalScriptSubscriptions#0","CALLS",0.9,"import-resolved",0
"Method:src/app/kloggapp.h:KloggApp.executeCommanderRequest#1","Method:src/ui/include/actionsmanager.h:ActionsManager.actions#0","CALLS",0.9,"import-resolved",0
"Method:src/app/kloggapp.h:KloggApp.executeCommanderRequest#1","Method:src/ui/include/actionsmanager.h:ActionsManager.responses#0","CALLS",0.9,"import-resolved",0
"Method:src/app/kloggapp.h:KloggApp.executeCommanderRequest#1","Method:src/ui/include/actionsmanager.h:ActionsManager.createAction#2","CALLS",0.9,"import-resolved",0
"Method:src/app/kloggapp.h:KloggApp.executeCommanderRequest#1","Method:src/ui/include/actionsmanager.h:ActionsManager.updateAction#3","CALLS",0.9,"import-resolved",0
"Method:src/app/kloggapp.h:KloggApp.executeCommanderRequest#1","Method:src/ui/include/actionsmanager.h:ActionsManager.deleteAction#2","CALLS",0.9,"import-resolved",0
"Method:src/app/kloggapp.h:KloggApp.executeCommanderRequest#1","Method:src/ui/include/actionsmanager.h:ActionsManager.createResponse#2","CALLS",0.9,"import-resolved",0
"Method:src/app/kloggapp.h:KloggApp.executeCommanderRequest#1","Method:src/ui/include/actionsmanager.h:ActionsManager.updateResponse#3","CALLS",0.9,"import-resolved",0
"Method:src/app/kloggapp.h:KloggApp.executeCommanderRequest#1","Method:src/ui/include/actionsmanager.h:ActionsManager.deleteResponse#2","CALLS",0.9,"import-resolved",0
"Method:src/app/kloggapp.h:KloggApp.executeCommanderRequest#1","Method:src/app/kloggapp.h:KloggApp.activeWindowOrCreate#0","CALLS",0.95,"same-file",0
"Method:src/app/kloggapp.h:KloggApp.executeCommanderRequest#1","Method:src/ui/include/mainwindow.h:MainWindow.executeCommanderRequest#1","CALLS",0.9,"import-resolved",0
"Method:src/app/kloggapp.h:KloggApp.executeCommanderRequest#1","Method:src/ui/include/commander.h:CommanderResult.ok#0","CALLS",0.9,"import-resolved",0
"Method:src/app/kloggapp.h:KloggApp.executeCommanderRequest#1","Method:src/app/kloggapp.h:KloggApp.activatePrimaryWindow#0","CALLS",0.95,"same-file",0
"Method:src/app/kloggapp.h:KloggApp.executeCommanderRequest#1","Method:src/app/kloggapp.h:KloggApp.exitApplication#0","CALLS",0.95,"same-file",0
"Method:src/app/kloggapp.h:KloggApp.executeCommanderRequest#1","Method:src/app/kloggapp.h:KloggApp.windowByIndex#1","CALLS",0.95,"same-file",0
"Method:src/app/kloggapp.h:KloggApp.activatePrimaryWindow#0","Method:src/app/kloggapp.h:KloggApp.newWindow#0","CALLS",0.95,"same-file",0
"Method:src/app/kloggapp.h:KloggApp.handleCommanderRequest#2","Method:src/app/kloggapp.h:KloggApp.handleCommanderRequest#2","CALLS",0.95,"same-file",0
"Method:src/app/kloggapp.h:KloggApp.handleCommanderRequest#2","Method:src/app/kloggapp.h:KloggApp.executeCommanderRequest#1","CALLS",0.95,"same-file",0
"Method:src/app/kloggapp.h:KloggApp.hasActiveScriptForTab#1","Method:src/app/kloggapp.h:KloggApp.hasActiveScriptForTab#1","CALLS",0.95,"same-file",0
"Method:src/app/kloggapp.h:KloggApp.restoreScriptBinding#1","Method:src/app/kloggapp.h:KloggApp.restoreScriptBinding#1","CALLS",0.95,"same-file",0
"Method:src/app/kloggapp.h:KloggApp.restoreScriptBindingVariant#1","Method:src/app/kloggapp.h:KloggApp.restoreScriptBinding#1","CALLS",0.95,"same-file",0
"Method:src/app/kloggapp.h:KloggApp.restoreGlobalScriptBinding#1","Method:src/app/kloggapp.h:KloggApp.restoreGlobalScriptBinding#1","CALLS",0.95,"same-file",0
"Method:src/app/kloggapp.h:KloggApp.restoreGlobalScriptBindingVariant#1","Method:src/app/kloggapp.h:KloggApp.restoreGlobalScriptBinding#1","CALLS",0.95,"same-file",0
"Method:src/app/kloggapp.h:KloggApp.forgetScriptTab#1","Method:src/ui/include/scriptsupervisor.h:ScriptSupervisor.forgetTab#1","CALLS",0.9,"import-resolved",0
"Method:src/app/kloggapp.h:KloggApp.restoreGlobalScriptBindingFromSession#0","Method:src/settings/include/persistable.h:Persistable.getSynced#0","CALLS",0.5,"global",0
"Method:src/app/kloggapp.h:KloggApp.restoreGlobalScriptBindingFromSession#0","Method:src/app/kloggapp.h:KloggApp.restoreGlobalScriptBinding#1","CALLS",0.95,"same-file",0
"Method:src/app/kloggapp.h:KloggApp.showScriptRunnerWindow#1","Method:src/ui/include/scriptrunnerwindow.h:ScriptRunnerWindow.setScriptPath#1","CALLS",0.9,"import-resolved",0
"Method:src/app/kloggapp.h:KloggApp.showScriptRunnerWindow#1","Method:src/app/messagereceiver.h:MessageReceiver.activateWindow#0","CALLS",0.9,"import-resolved",0
"Method:src/app/kloggapp.h:KloggApp.showScenarioRunnerWindow#0","Method:src/app/messagereceiver.h:MessageReceiver.activateWindow#0","CALLS",0.9,"import-resolved",0
"Method:src/app/kloggapp.h:KloggApp.showLabQueueWindow#0","Method:src/app/messagereceiver.h:MessageReceiver.activateWindow#0","CALLS",0.9,"import-resolved",0
"Method:src/app/kloggapp.h:KloggApp.startBackgroundTasks#0","Method:src/versioncheck/include/versionchecker.h:VersionChecker.startCheck#0","CALLS",0.9,"import-resolved",0
"Method:src/app/kloggapp.h:KloggApp.hasVisibleMainWindow#0","Method:src/ui/include/overview.h:Overview.isVisible#0","CALLS",0.5,"global",0
"Method:src/app/kloggapp.h:KloggApp.ensureMainWindowVisible#0","Method:src/app/kloggapp.h:KloggApp.hasVisibleMainWindow#0","CALLS",0.95,"same-file",0
"Method:src/app/kloggapp.h:KloggApp.ensureMainWindowVisible#0","Method:src/app/kloggapp.h:KloggApp.newWindow#0","CALLS",0.95,"same-file",0
"Method:src/app/kloggapp.h:KloggApp.ensureMainWindowVisible#0","Method:src/app/kloggapp.h:KloggApp.applyAutomationGeometry#1","CALLS",0.95,"same-file",0
"Method:src/app/kloggapp.h:KloggApp.ensureMainWindowVisible#0","Method:src/ui/include/mainwindow.h:MainWindow.reloadGeometry#0","CALLS",0.9,"import-resolved",0
"Method:src/app/kloggapp.h:KloggApp.ensureMainWindowVisible#0","Method:src/app/kloggapp.h:KloggApp.applyStartupBootstrapGeometry#1","CALLS",0.95,"same-file",0
"Method:src/app/kloggapp.h:KloggApp.event","Method:src/app/kloggapp.h:KloggApp.isSecondary#0","CALLS",0.95,"same-file",0
"Method:src/app/kloggapp.h:KloggApp.event","Method:src/app/kloggapp.h:KloggApp.loadFileNonInteractive#1","CALLS",0.95,"same-file",0
"Method:src/app/kloggapp.h:KloggApp.event","Method:src/app/kloggapp.h:KloggApp.sendFilesToPrimaryInstance#1","CALLS",0.95,"same-file",0
"Method:src/app/kloggapp.h:KloggApp.event","Method:src/ui/include/mainwindow.h:MainWindow.event#1","CALLS",0.9,"import-resolved",0
"Method:src/app/kloggapp.h:KloggApp.newWindow#1","Method:src/ui/include/highlightedmatch.h:HighlightedMatchRanges.back#0","CALLS",0.5,"global",0
"Method:src/app/kloggapp.h:KloggApp.newWindow#1","Method:src/app/kloggapp.h:KloggApp.applyAutomationGeometry#1","CALLS",0.95,"same-file",0
"Method:src/app/kloggapp.h:KloggApp.newWindow#1","Method:src/app/kloggapp.h:KloggApp.applyStartupBootstrapGeometry#1","CALLS",0.95,"same-file",0
"Method:src/app/kloggapp.h:KloggApp.newWindow#1","Method:src/app/kloggapp.h:KloggApp.newWindow#0","CALLS",0.95,"same-file",0
"Method:src/app/kloggapp.h:KloggApp.newWindow#1","Method:src/app/kloggapp.h:KloggApp.onWindowActivated#1","CALLS",0.95,"same-file",0
"Method:src/app/kloggapp.h:KloggApp.newWindow#1","Method:src/app/kloggapp.h:KloggApp.onWindowClosed#1","CALLS",0.95,"same-file",0
"Method:src/app/kloggapp.h:KloggApp.newWindow#1","Method:src/app/kloggapp.h:KloggApp.exitApplication#0","CALLS",0.95,"same-file",0
"Method:src/app/kloggapp.h:KloggApp.onWindowClosed#1","Method:src/ui/src/abstractlogview.cpp:LineChunk.end#0","CALLS",0.5,"global",0
"Method:src/app/kloggapp.h:KloggApp.exitApplication#0","Method:src/ui/include/session.h:Session.setExitRequested#1","CALLS",0.9,"import-resolved",0
"Method:src/app/kloggapp.h:KloggApp.exitApplication#0","Method:src/ui/include/session.h:WindowSession.close#0","CALLS",0.9,"import-resolved",0
"Method:src/app/kloggapp.h:KloggApp.nextWindowIndex#0","Method:src/ui/src/abstractlogview.cpp:LineChunk.end#0","CALLS",0.5,"global",0
"Method:src/app/kloggapp.h:KloggApp.nextWindowIndex#0","Method:src/ui/include/session.h:WindowSession.windowIndex#0","CALLS",0.9,"import-resolved",0
"Method:src/app/kloggapp.h:KloggApp.activeWindowOrCreate#0","Method:src/app/kloggapp.h:KloggApp.activeWindowIfAny#0","CALLS",0.95,"same-file",0
"Method:src/app/kloggapp.h:KloggApp.activeWindowOrCreate#0","Method:src/app/kloggapp.h:KloggApp.newWindow#0","CALLS",0.95,"same-file",0
"Method:src/app/kloggapp.h:KloggApp.windowByIndex#1","Method:src/ui/include/session.h:WindowSession.windowIndex#0","CALLS",0.9,"import-resolved",0
"Method:src/app/cli.h:CliParameters.parse#2","Method:src/app/cli.h:CliParameters.parseCommanderArguments#1","CALLS",0.95,"same-file",0
"Method:src/app/cli.h:CliParameters.parse#2","Method:src/app/cli.h:CliParameters.parseScenarioArguments#1","CALLS",0.95,"same-file",0
"Method:src/app/cli.h:CliParameters.parse#2","Method:src/app/cli.h:CliParameters.parseLabControllerArguments#1","CALLS",0.95,"same-file",0
"Method:src/app/cli.h:CliParameters.parse#2","Method:src/app/cli.h:CliParameters.parseLabAgentArguments#1","CALLS",0.95,"same-file",0
"Method:src/app/cli.h:CliParameters.parse#2","Method:src/app/cli.h:CliParameters.parseLabArguments#1","CALLS",0.95,"same-file",0
"Method:src/app/cli.h:CliParameters.parse#2","Method:src/app/cli.h:CliParameters.mainHelpDescription#0","CALLS",0.95,"same-file",0
"Method:src/app/cli.h:CliParameters.parse#2","Method:src/app/cli.h:CliParameters.formatParserError#2","CALLS",0.95,"same-file",0
"Method:src/app/cli.h:CliParameters.parse#2","Method:src/app/cli.h:CliParameters.versionText#0","CALLS",0.95,"same-file",0
"Method:src/app/cli.h:CliParameters.validateExclusiveBooleanOptions#4","Method:src/ui/include/highlightedmatch.h:HighlightedMatchRanges.back#0","CALLS",0.5,"global",0
"Method:src/app/cli.h:CliParameters.parseScenarioArguments#1","Method:src/app/cli.h:CliParameters.scenarioHelpDescription#0","CALLS",0.95,"same-file",0
"Method:src/app/cli.h:CliParameters.parseScenarioArguments#1","Method:src/app/cli.h:CliParameters.versionText#0","CALLS",0.95,"same-file",0
"Method:src/app/cli.h:CliParameters.parseScenarioArguments#1","Method:src/app/cli.h:CliParameters.formatParserError#2","CALLS",0.95,"same-file",0
"Method:src/app/cli.h:CliParameters.parseLabControllerArguments#1","Method:src/app/cli.h:CliParameters.labControllerHelpDescription#0","CALLS",0.95,"same-file",0
"Method:src/app/cli.h:CliParameters.parseLabControllerArguments#1","Method:src/app/cli.h:CliParameters.versionText#0","CALLS",0.95,"same-file",0
"Method:src/app/cli.h:CliParameters.parseLabControllerArguments#1","Method:src/app/cli.h:CliParameters.formatParserError#2","CALLS",0.95,"same-file",0
"Method:src/app/cli.h:CliParameters.parseLabControllerArguments#1","Method:src/app/cli.h:CliParameters.parseListenValue#4","CALLS",0.95,"same-file",0
"Method:src/app/cli.h:CliParameters.parseLabAgentArguments#1","Method:src/app/cli.h:CliParameters.labAgentHelpDescription#0","CALLS",0.95,"same-file",0
"Method:src/app/cli.h:CliParameters.parseLabAgentArguments#1","Method:src/app/cli.h:CliParameters.versionText#0","CALLS",0.95,"same-file",0
"Method:src/app/cli.h:CliParameters.parseLabAgentArguments#1","Method:src/app/cli.h:CliParameters.formatParserError#2","CALLS",0.95,"same-file",0
"Method:src/app/cli.h:CliParameters.parseLabArguments#1","Method:src/app/cli.h:CliParameters.labHelpDescription#0","CALLS",0.95,"same-file",0
"Method:src/app/cli.h:CliParameters.parseLabArguments#1","Method:src/app/cli.h:CliParameters.versionText#0","CALLS",0.95,"same-file",0
"Method:src/app/cli.h:CliParameters.parseLabArguments#1","Method:src/app/cli.h:CliParameters.formatParserError#2","CALLS",0.95,"same-file",0
"Method:src/app/cli.h:CliParameters.parseCommanderArguments#1","Method:src/app/cli.h:CliParameters.commanderHelpDescription#0","CALLS",0.95,"same-file",0
"Method:src/app/cli.h:CliParameters.parseCommanderArguments#1","Method:src/app/cli.h:CliParameters.formatParserError#2","CALLS",0.95,"same-file",0
"Method:src/app/cli.h:CliParameters.parseCommanderArguments#1","Method:src/app/cli.h:CliParameters.versionText#0","CALLS",0.95,"same-file",0
"Method:src/app/cli.h:CliParameters.parseCommanderArguments#1","Method:src/app/cli.h:CliParameters.validateExclusiveBooleanOptions#4","CALLS",0.95,"same-file",0
"Method:src/app/cli.h:CliParameters.parseCommanderArguments#1","Method:src/app/cli.h:CliParameters.parseOptionalBoolean#3","CALLS",0.95,"same-file",0
"Method:src/app/cli.h:CliParameters.parseCommanderArguments#1","Method:src/app/cli.h:CliParameters.parseDataBits#1","CALLS",0.95,"same-file",0
"Method:src/app/cli.h:CliParameters.parseCommanderArguments#1","Method:src/app/cli.h:CliParameters.parseParity#1","CALLS",0.95,"same-file",0
"Method:src/app/cli.h:CliParameters.parseCommanderArguments#1","Method:src/app/cli.h:CliParameters.parseStopBits#1","CALLS",0.95,"same-file",0
"Method:src/app/cli.h:CliParameters.parseCommanderArguments#1","Method:src/app/cli.h:CliParameters.parseFlowControl#1","CALLS",0.95,"same-file",0
"Method:src/app/cli.h:CliParameters.parseCommanderArguments#1","Method:src/app/cli.h:CliParameters.loadJsonObjectFile#2","CALLS",0.95,"same-file",0
"Method:src/versioncheck/src/versionchecker.cpp:startCheck","Method:src/settings/include/persistable.h:Persistable.getSynced#0","CALLS",0.5,"global",0
"Method:src/versioncheck/src/versionchecker.cpp:startCheck","Method:src/settings/include/configuration.h:Configuration.versionCheckingEnabled#0","CALLS",0.9,"import-resolved",0
"Method:src/versioncheck/src/versionchecker.cpp:startCheck","Method:src/versioncheck/include/versionchecker.h:VersionCheckerConfig.nextDeadline#0","CALLS",0.9,"import-resolved",0
"Method:src/versioncheck/src/versionchecker.cpp:downloadFinished","Method:src/versioncheck/src/versionchecker.cpp:checkVersionData#1","CALLS",0.95,"same-file",0
"Method:src/versioncheck/src/versionchecker.cpp:downloadFinished","Method:src/versioncheck/include/versionchecker.h:VersionCheckerConfig.setNextDeadline#1","CALLS",0.9,"import-resolved",0
"Method:src/versioncheck/src/versionchecker.cpp:downloadFinished","Method:src/settings/include/persistable.h:Persistable.save#0","CALLS",0.5,"global",0
"Method:src/versioncheck/src/versionchecker.cpp:checkVersionData","Method:src/ui/src/abstractlogview.cpp:LineChunk.end#0","CALLS",0.5,"global",0
"Method:src/ui/src/viewtools.cpp:move","Method:src/ui/src/viewtools.cpp:decreasePosition#0","CALLS",0.95,"same-file",0
"Method:src/ui/src/viewtools.cpp:move","Method:src/ui/include/viewtools.h:ElasticHook.isHooked#0","CALLS",0.9,"import-resolved",0
"Method:src/ui/src/viewtools.cpp:timerEvent","Method:src/ui/src/viewtools.cpp:decreasePosition#0","CALLS",0.95,"same-file",0
"Method:src/ui/src/tabnamemapping.cpp:setTabName","Method:src/ui/src/abstractlogview.cpp:LineChunk.end#0","CALLS",0.5,"global",0
"Method:src/ui/src/tabbedscratchpad.cpp:TabbedScratchPad","Method:src/ui/src/tabbedscratchpad.cpp:addTab#0","CALLS",0.95,"same-file",0
"Method:src/ui/src/tabbedscratchpad.cpp:TabbedScratchPad","Method:src/ui/include/viewtools.h:ElasticHook.release#0","CALLS",0.5,"global",0
"Method:src/ui/src/tabbedscratchpad.cpp:hasContent","Method:src/ui/src/tabbedscratchpad.cpp:hasContent#0","CALLS",0.95,"same-file",0
"Method:src/ui/src/tabbedscratchpad.cpp:keyPressEvent","Method:src/ui/src/tabbedscratchpad.cpp:addTab#0","CALLS",0.95,"same-file",0
"Method:src/ui/src/tabbedscratchpad.cpp:addData","Method:src/ui/src/tabbedscratchpad.cpp:addData#1","CALLS",0.95,"same-file",0
"Method:src/ui/src/tabbedscratchpad.cpp:replaceData","Method:src/ui/src/tabbedscratchpad.cpp:replaceData#1","CALLS",0.95,"same-file",0
"Method:src/ui/src/tabbedcrawlerwidget.cpp:TabbedCrawlerWidget","Method:src/settings/include/configuration.h:Configuration.style#0","CALLS",0.9,"import-resolved",0
"Method:src/ui/src/tabbedcrawlerwidget.cpp:TabbedCrawlerWidget","Method:src/ui/src/tabbedcrawlerwidget.cpp:updateTabBarVisibility#0","CALLS",0.95,"same-file",0
"Method:src/ui/src/tabbedcrawlerwidget.cpp:TabbedCrawlerWidget","Method:src/ui/src/tabbedcrawlerwidget.cpp:loadIcons#0","CALLS",0.95,"same-file",0
"Method:src/ui/src/tabbedcrawlerwidget.cpp:loadIcons","Method:src/ui/include/iconloader.h:IconLoader.load#1","CALLS",0.9,"import-resolved",0
"Method:src/ui/src/tabbedcrawlerwidget.cpp:loadIcons","Method:src/ui/src/tabbedcrawlerwidget.cpp:updateIcon#1","CALLS",0.95,"same-file",0
"Method:src/ui/src/tabbedcrawlerwidget.cpp:changeEvent","Method:src/ui/src/tabbedcrawlerwidget.cpp:tabPathAt#1","CALLS",0.95,"same-file",0
"Method:src/ui/src/tabbedcrawlerwidget.cpp:changeEvent","Method:src/ui/src/abstractlogview.cpp:LineChunk.end#0","CALLS",0.5,"global",0
"Method:src/ui/src/tabbedcrawlerwidget.cpp:changeEvent","Method:src/ui/include/streamsession.h:StreamSession.isConnectionOpen#0","CALLS",0.9,"import-resolved",0
"Method:src/ui/src/tabbedcrawlerwidget.cpp:changeEvent","Method:src/ui/include/streamsession.h:StreamSession.captureSettings#0","CALLS",0.9,"import-resolved",0
"Method:src/ui/src/tabbedcrawlerwidget.cpp:changeEvent","Method:src/ui/src/tabbedcrawlerwidget.cpp:setTabConnectionState#3","CALLS",0.95,"same-file",0
"Method:src/ui/src/tabbedcrawlerwidget.cpp:changeEvent","Method:src/ui/src/tabbedcrawlerwidget.cpp:loadIcons#0","CALLS",0.95,"same-file",0
"Method:src/ui/src/tabbedcrawlerwidget.cpp:changeEvent","Method:src/ui/src/tabbedcrawlerwidget.cpp:changeEvent#1","CALLS",0.95,"same-file",0
"Method:src/ui/src/tabbedcrawlerwidget.cpp:addTabBarItem","Method:src/ui/src/tabbedcrawlerwidget.cpp:updateTabPresentation#1","CALLS",0.95,"same-file",0
"Method:src/ui/src/tabbedcrawlerwidget.cpp:addTabBarItem","Method:src/ui/src/tabbedcrawlerwidget.cpp:updateTabBarVisibility#0","CALLS",0.95,"same-file",0
"Method:src/ui/src/tabbedcrawlerwidget.cpp:addTabBarItem","Method:src/ui/src/abstractlogview.cpp:LineChunk.end#0","CALLS",0.5,"global",0
"Method:src/ui/src/tabbedcrawlerwidget.cpp:addTabBarItem","Method:src/ui/include/streamsession.h:StreamSession.isConnectionOpen#0","CALLS",0.9,"import-resolved",0
"Method:src/ui/src/tabbedcrawlerwidget.cpp:addTabBarItem","Method:src/ui/include/streamsession.h:StreamSession.captureSettings#0","CALLS",0.9,"import-resolved",0
"Method:src/ui/src/tabbedcrawlerwidget.cpp:addTabBarItem","Method:src/ui/src/tabbedcrawlerwidget.cpp:setTabConnectionState#3","CALLS",0.95,"same-file",0
"Method:src/ui/src/tabbedcrawlerwidget.cpp:removeCrawler","Method:src/ui/src/tabbedcrawlerwidget.cpp:updateTabBarVisibility#0","CALLS",0.95,"same-file",0
"Method:src/ui/src/tabbedcrawlerwidget.cpp:setStreamSessionForPath","Method:src/ui/src/tabbedcrawlerwidget.cpp:setTabConnectionState#3","CALLS",0.95,"same-file",0
"Method:src/ui/src/tabbedcrawlerwidget.cpp:setStreamSessionForPath","Method:src/ui/include/streamsession.h:StreamSession.isConnectionOpen#0","CALLS",0.9,"import-resolved",0
"Method:src/ui/src/tabbedcrawlerwidget.cpp:setStreamSessionForPath","Method:src/ui/include/streamsession.h:StreamSession.captureSettings#0","CALLS",0.9,"import-resolved",0
"Method:src/ui/src/tabbedcrawlerwidget.cpp:setStreamSessionForPath","Method:src/ui/src/tabbedcrawlerwidget.cpp:clearStreamSessionForPath#1","CALLS",0.95,"same-file",0
"Method:src/ui/src/tabbedcrawlerwidget.cpp:remapStreamSessionPath","Method:src/ui/src/abstractlogview.cpp:LineChunk.end#0","CALLS",0.5,"global",0
"Method:src/ui/src/tabbedcrawlerwidget.cpp:remapStreamSessionPath","Method:src/ui/src/tabbedcrawlerwidget.cpp:setTabConnectionState#3","CALLS",0.95,"same-file",0
"Method:src/ui/src/tabbedcrawlerwidget.cpp:remapStreamSessionPath","Method:src/ui/include/streamsession.h:StreamSession.isConnectionOpen#0","CALLS",0.9,"import-resolved",0
"Method:src/ui/src/tabbedcrawlerwidget.cpp:remapStreamSessionPath","Method:src/ui/include/streamsession.h:StreamSession.captureSettings#0","CALLS",0.9,"import-resolved",0
"Method:src/ui/src/tabbedcrawlerwidget.cpp:streamSessionForTab","Method:src/ui/src/tabbedcrawlerwidget.cpp:tabPathAt#1","CALLS",0.95,"same-file",0
"Method:src/ui/src/tabbedcrawlerwidget.cpp:streamSessionForTab","Method:src/ui/src/abstractlogview.cpp:LineChunk.end#0","CALLS",0.5,"global",0
"Method:src/ui/src/tabbedcrawlerwidget.cpp:streamSessionForPath","Method:src/ui/src/abstractlogview.cpp:LineChunk.end#0","CALLS",0.5,"global",0
"Method:src/ui/src/tabbedcrawlerwidget.cpp:findTabById","Method:src/ui/src/tabbedcrawlerwidget.cpp:tabIdAt#1","CALLS",0.95,"same-file",0
"Method:src/ui/src/tabbedcrawlerwidget.cpp:setTabActionsPort","Method:src/ui/src/tabbedcrawlerwidget.cpp:tabPathAt#1","CALLS",0.95,"same-file",0
"Method:src/ui/src/tabbedcrawlerwidget.cpp:setTabActionsPort","Method:src/ui/src/tabbedcrawlerwidget.cpp:setTabMetadataValue#3","CALLS",0.95,"same-file",0
"Method:src/ui/src/tabbedcrawlerwidget.cpp:setTabActionsPort","Method:src/ui/src/tabbedcrawlerwidget.cpp:updateTabPresentation#1","CALLS",0.95,"same-file",0
"Method:src/ui/src/tabbedcrawlerwidget.cpp:setTabScriptActive","Method:src/ui/src/tabbedcrawlerwidget.cpp:findTabById#1","CALLS",0.95,"same-file",0
"Method:src/ui/src/tabbedcrawlerwidget.cpp:setTabScriptActive","Method:src/ui/src/tabbedcrawlerwidget.cpp:setTabMetadataValue#3","CALLS",0.95,"same-file",0
"Method:src/ui/src/tabbedcrawlerwidget.cpp:setTabScriptActive","Method:src/ui/src/tabbedcrawlerwidget.cpp:updateTabPresentation#1","CALLS",0.95,"same-file",0
"Method:src/ui/src/tabbedcrawlerwidget.cpp:hasOpenStreamSession","Method:src/ui/include/streamsession.h:StreamSession.isConnectionOpen#0","CALLS",0.9,"import-resolved",0
"Method:src/ui/src/tabbedcrawlerwidget.cpp:firstOpenStreamSession","Method:src/ui/include/streamsession.h:StreamSession.isConnectionOpen#0","CALLS",0.9,"import-resolved",0
"Method:src/ui/src/tabbedcrawlerwidget.cpp:showContextMenu","Method:src/ui/src/tabbedcrawlerwidget.cpp:streamSessionForTab#1","CALLS",0.95,"same-file",0
"Method:src/ui/src/tabbedcrawlerwidget.cpp:showContextMenu","Method:src/ui/include/streamsession.h:StreamSession.captureSettings#0","CALLS",0.9,"import-resolved",0
"Method:src/ui/src/tabbedcrawlerwidget.cpp:showContextMenu","Method:src/ui/include/streamsession.h:StreamSession.isConnectionOpen#0","CALLS",0.9,"import-resolved",0
"Method:src/ui/src/tabbedcrawlerwidget.cpp:showContextMenu","Method:src/ui/src/tabbedcrawlerwidget.cpp:tabPathAt#1","CALLS",0.95,"same-file",0
"Method:src/ui/src/tabbedcrawlerwidget.cpp:showContextMenu","Method:src/settings/include/persistable.h:Persistable.getSynced#0","CALLS",0.5,"global",0
"Method:src/ui/src/tabbedcrawlerwidget.cpp:showContextMenu","Method:src/ui/include/tabnamemapping.h:TabNameMapping.setTabName#2","CALLS",0.9,"import-resolved",0
"Method:src/ui/src/tabbedcrawlerwidget.cpp:showContextMenu","Method:src/settings/include/persistable.h:Persistable.save#0","CALLS",0.5,"global",0
"Method:src/ui/src/tabbedcrawlerwidget.cpp:showContextMenu","Method:src/ui/src/tabbedcrawlerwidget.cpp:updateTabPresentation#1","CALLS",0.95,"same-file",0
"Method:src/ui/src/tabbedcrawlerwidget.cpp:keyPressEvent","Method:src/ui/src/tabbedcrawlerwidget.cpp:keyPressEvent#1","CALLS",0.95,"same-file",0
"Method:src/ui/src/tabbedcrawlerwidget.cpp:setTabDataStatus","Method:src/ui/src/tabbedcrawlerwidget.cpp:updateIcon#1","CALLS",0.95,"same-file",0
"Method:src/ui/src/tabbedcrawlerwidget.cpp:updateTabBarVisibility","Method:src/ui/include/overview.h:Overview.setVisible#1","CALLS",0.5,"global",0
"Method:src/ui/src/tabbedcrawlerwidget.cpp:setTabConnectionState","Method:src/ui/src/tabbedcrawlerwidget.cpp:tabPathAt#1","CALLS",0.95,"same-file",0
"Method:src/ui/src/tabbedcrawlerwidget.cpp:setTabConnectionState","Method:src/ui/src/tabbedcrawlerwidget.cpp:setTabMetadataValue#3","CALLS",0.95,"same-file",0
"Method:src/ui/src/tabbedcrawlerwidget.cpp:setTabConnectionState","Method:src/ui/src/tabbedcrawlerwidget.cpp:updateTabPresentation#1","CALLS",0.95,"same-file",0
"Method:src/ui/src/tabbedcrawlerwidget.cpp:updateTabPresentation","Method:src/ui/src/tabbedcrawlerwidget.cpp:tabPathAt#1","CALLS",0.95,"same-file",0
"Method:src/ui/src/tabbedcrawlerwidget.cpp:updateTabPresentation","Method:src/settings/include/persistable.h:Persistable.getSynced#0","CALLS",0.5,"global",0
"Method:src/ui/src/tabbedcrawlerwidget.cpp:updateTabPresentation","Method:src/ui/src/tabbedcrawlerwidget.cpp:tabMetadataValue#2","CALLS",0.95,"same-file",0
"Method:src/ui/src/tabbedcrawlerwidget.cpp:updateTabPresentation","Method:src/ui/src/tabbedcrawlerwidget.cpp:updateIcon#1","CALLS",0.95,"same-file",0
"Method:src/ui/src/tabbedcrawlerwidget.cpp:setAlwaysShowTabBar","Method:src/ui/src/tabbedcrawlerwidget.cpp:updateTabBarVisibility#0","CALLS",0.95,"same-file",0
"Method:src/ui/src/streamsourceregistry.cpp:isSerialPortActive","Method:src/ui/src/streamsourceregistry.cpp:normalizedPortName#1","CALLS",0.95,"same-file",0
"Method:src/ui/src/streamsourceregistry.cpp:registerSerialPort","Method:src/ui/src/streamsourceregistry.cpp:normalizedPortName#1","CALLS",0.95,"same-file",0
"Method:src/ui/src/streamsourceregistry.cpp:unregisterSerialPort","Method:src/ui/src/streamsourceregistry.cpp:normalizedPortName#1","CALLS",0.95,"same-file",0
"Method:src/ui/src/streamsession.cpp:StreamSession","Method:src/ui/src/streamsession.cpp:setConnectionClosed#0","CALLS",0.95,"same-file",0
"Method:src/ui/src/streamsession.cpp:start","Method:src/ui/src/streamsession.cpp:setupWorker#0","CALLS",0.95,"same-file",0
"Method:src/ui/src/streamsession.cpp:start","Method:src/ui/include/streamsourceregistry.h:StreamSourceRegistry.registerSerialPort#1","CALLS",0.9,"import-resolved",0
"Method:src/ui/src/streamsession.cpp:start","Method:src/ui/src/streamsession.cpp:start#0","CALLS",0.95,"same-file",0
"Method:src/ui/src/streamsession.cpp:stop","Method:src/ui/src/streamsession.cpp:setConnectionClosed#0","CALLS",0.95,"same-file",0
"Method:src/ui/src/streamsession.cpp:closeConnection","Method:src/ui/src/streamsession.cpp:stop#1","CALLS",0.95,"same-file",0
"Method:src/ui/src/streamsession.cpp:setConnectionClosed","Method:src/ui/include/streamsourceregistry.h:StreamSourceRegistry.unregisterSerialPort#1","CALLS",0.9,"import-resolved",0
"Method:src/ui/src/streamsession.cpp:handleDataReceived","Method:src/ui/src/streamsession.cpp:handleIncomingLine#1","CALLS",0.95,"same-file",0
"Method:src/ui/src/streamsession.cpp:responseCounters","Method:src/ui/include/actionsmanager.h:ActionsManager.responses#0","CALLS",0.9,"import-resolved",0
"Method:src/ui/src/streamsession.cpp:responseCounters","Method:src/ui/src/streamsession.cpp:responseCounter#1","CALLS",0.95,"same-file",0
"Method:src/ui/src/streamsession.cpp:handleIncomingLine","Method:src/ui/include/actionsmanager.h:ActionsManager.autoResponsesEnabled#0","CALLS",0.9,"import-resolved",0
"Method:src/ui/src/streamsession.cpp:handleIncomingLine","Method:src/ui/include/actionsmanager.h:ActionsManager.responses#0","CALLS",0.9,"import-resolved",0
"Method:src/ui/src/signalmux.cpp:connect","Method:src/ui/src/signalmux.cpp:connect#1","CALLS",0.95,"same-file",0
"Method:src/ui/src/signalmux.cpp:disconnect","Method:src/ui/src/abstractlogview.cpp:LineChunk.end#0","CALLS",0.5,"global",0
"Method:src/ui/src/signalmux.cpp:disconnect","Method:src/ui/src/signalmux.cpp:disconnect#1","CALLS",0.95,"same-file",0
"Method:src/ui/src/signalmux.cpp:setCurrentDocument","Method:src/ui/src/signalmux.cpp:disconnect#1","CALLS",0.95,"same-file",0
"Method:src/ui/src/signalmux.cpp:setCurrentDocument","Method:src/ui/src/signalmux.cpp:connect#1","CALLS",0.95,"same-file",0
"Method:src/ui/src/signalmux.cpp:setCurrentDocument","Method:src/ui/include/signalmux.h:MuxableDocumentInterface.sendAllStateSignals#0","CALLS",0.9,"import-resolved",0
"Method:src/ui/src/session.cpp:Session","Method:src/settings/include/persistable.h:Persistable.getSynced#0","CALLS",0.5,"global",0
"Method:src/ui/src/session.cpp:getViewIfOpen","Method:src/ui/src/abstractlogview.cpp:LineChunk.end#0","CALLS",0.5,"global",0
"Method:src/ui/src/session.cpp:open","Method:src/ui/src/session.cpp:openAlways#3","CALLS",0.95,"same-file",0
"Method:src/ui/src/session.cpp:getFilename","Method:src/ui/src/session.cpp:findOpenFileFromView#1","CALLS",0.95,"same-file",0
"Method:src/ui/src/session.cpp:getFileInfo","Method:src/ui/src/session.cpp:findOpenFileFromView#1","CALLS",0.95,"same-file",0
"Method:src/ui/src/session.cpp:getFileInfo","Method:src/logdata/include/logdata.h:LogData.getFileSize#0","CALLS",0.9,"import-resolved",0
"Method:src/ui/src/session.cpp:getFileInfo","Method:src/logdata/include/logdata.h:LogData.getLastModifiedDate#0","CALLS",0.9,"import-resolved",0
"Method:src/ui/src/session.cpp:windowSessions","Method:src/settings/include/persistable.h:Persistable.getSynced#0","CALLS",0.5,"global",0
"Method:src/ui/src/session.cpp:windowSessions","Method:src/ui/include/sessioninfo.h:SessionInfo.windows#0","CALLS",0.9,"import-resolved",0
"Method:src/ui/src/session.cpp:save","Method:src/ui/include/viewinterface.h:ViewContextInterface.toString#0","CALLS",0.9,"import-resolved",0
"Method:src/ui/src/session.cpp:save","Method:src/settings/include/persistable.h:Persistable.getSynced#0","CALLS",0.5,"global",0
"Method:src/ui/src/session.cpp:save","Method:src/ui/include/sessioninfo.h:SessionInfo.setOpenFiles#2","CALLS",0.9,"import-resolved",0
"Method:src/ui/src/session.cpp:save","Method:src/ui/include/sessioninfo.h:SessionInfo.setGeometry#2","CALLS",0.9,"import-resolved",0
"Method:src/ui/src/session.cpp:restore","Method:src/settings/include/persistable.h:Persistable.getSynced#0","CALLS",0.5,"global",0
"Method:src/ui/src/session.cpp:restore","Method:src/ui/include/sessioninfo.h:SessionInfo.openFiles#1","CALLS",0.9,"import-resolved",0
"Method:src/ui/src/session.cpp:restore","Method:src/ui/include/startupprogress.h:StartupProgress.advance#3","CALLS",0.9,"import-resolved",0
"Method:src/ui/src/session.cpp:restore","Method:src/ui/src/session.cpp:openAlways#3","CALLS",0.95,"same-file",0
"Method:src/ui/src/session.cpp:WindowSession","Method:src/settings/include/persistable.h:Persistable.getSynced#0","CALLS",0.5,"global",0
"Method:src/ui/src/session.cpp:WindowSession","Method:src/ui/include/sessioninfo.h:SessionInfo.add#1","CALLS",0.9,"import-resolved",0
"Method:src/ui/src/session.cpp:restoreGeometry","Method:src/settings/include/persistable.h:Persistable.getSynced#0","CALLS",0.5,"global",0
"Method:src/ui/src/session.cpp:restoreGeometry","Method:src/ui/include/sessioninfo.h:SessionInfo.geometry#1","CALLS",0.9,"import-resolved",0
"Method:src/ui/src/session.cpp:close","Method:src/ui/include/session.h:Session.exitRequested#0","CALLS",0.9,"import-resolved",0
"Method:src/ui/src/session.cpp:close","Method:src/settings/include/persistable.h:Persistable.getSynced#0","CALLS",0.5,"global",0
"Method:src/ui/src/session.cpp:close","Method:src/ui/include/sessioninfo.h:SessionInfo.remove#1","CALLS",0.9,"import-resolved",0
"Method:src/ui/src/serialcaptureworker.cpp:appendToFile","Method:src/ui/src/serialcaptureworker.cpp:stop#0","CALLS",0.95,"same-file",0
"Method:src/ui/src/serialcaptureworker.cpp:onReadyRead","Method:src/ui/src/serialcaptureworker.cpp:stop#0","CALLS",0.95,"same-file",0
"Method:src/ui/src/serialcaptureworker.cpp:onError","Method:src/ui/src/serialcaptureworker.cpp:stop#0","CALLS",0.95,"same-file",0
"Method:src/ui/src/selection.cpp:selectRangeFromPrevious","Method:src/ui/src/selection.cpp:selectRange#2","CALLS",0.95,"same-file",0
"Method:src/ui/src/selection.cpp:getPortionForLine","Method:src/ui/include/selection.h:Portion.Portion#3","CALLS",0.9,"import-resolved",0
"Method:src/ui/src/selection.cpp:isPortionSelected","Method:src/ui/src/selection.cpp:isLineSelected#1","CALLS",0.95,"same-file",0
"Method:src/ui/src/selection.cpp:isPortionSelected","Method:src/ui/src/selection.cpp:getPortionForLine#1","CALLS",0.95,"same-file",0
"Method:src/ui/src/selection.cpp:isPortionSelected","Method:src/ui/include/selection.h:Portion.isValid#0","CALLS",0.9,"import-resolved",0
"Method:src/ui/src/selection.cpp:isPortionSelected","Method:src/ui/include/selection.h:Portion.startColumn#0","CALLS",0.9,"import-resolved",0
"Method:src/ui/src/selection.cpp:isPortionSelected","Method:src/ui/include/selection.h:Portion.endColumn#0","CALLS",0.9,"import-resolved",0
"Method:src/ui/src/selection.cpp:getLines","Method:src/ui/src/abstractlogview.cpp:LineChunk.end#0","CALLS",0.5,"global",0
"Method:src/ui/src/selection.cpp:getSelectedText","Method:src/ui/src/selection.cpp:getSelectionWithLineNumbers#1","CALLS",0.95,"same-file",0
"Method:src/ui/src/selection.cpp:getSelectedText","Method:src/ui/src/abstractlogview.cpp:LineChunk.end#0","CALLS",0.5,"global",0
"Method:src/ui/src/selection.cpp:getSelectedText","Method:src/ui/include/selection.h:Selection.isEmpty#0","CALLS",0.9,"import-resolved",0
"Method:src/ui/src/selection.cpp:getSelectionWithLineNumbers","Method:src/logdata/include/abstractlogdata.h:AbstractLogData.getLineNumber#1","CALLS",0.9,"import-resolved",0
"Method:src/ui/src/selection.cpp:getSelectionWithLineNumbers","Method:src/logdata/include/abstractlogdata.h:AbstractLogData.getExpandedLineString#1","CALLS",0.9,"import-resolved",0
"Method:src/ui/src/selection.cpp:getSelectionWithLineNumbers","Method:src/ui/include/wrappedstring.h:WrappedString.mid#2","CALLS",0.5,"global",0
"Method:src/ui/src/selection.cpp:getSelectionWithLineNumbers","Method:src/logdata/include/abstractlogdata.h:AbstractLogData.getLines#2","CALLS",0.9,"import-resolved",0
"Method:src/ui/src/selection.cpp:getNextPosition","Method:src/logdata/include/linetypes.h:FilePosition.FilePosition#2","CALLS",0.9,"import-resolved",0
"Method:src/ui/src/selection.cpp:getPreviousPosition","Method:src/logdata/include/linetypes.h:FilePosition.FilePosition#2","CALLS",0.9,"import-resolved",0
"Method:src/ui/src/scriptsupervisor.cpp:runScript","Method:src/ui/src/scriptsupervisor.cpp:resolveTargetInfo#3","CALLS",0.95,"same-file",0
"Method:src/ui/src/scriptsupervisor.cpp:runScript","Method:src/ui/src/scriptsupervisor.cpp:removeRun#1","CALLS",0.95,"same-file",0
"Method:src/ui/src/scriptsupervisor.cpp:runScript","Method:src/ui/src/scriptsupervisor.cpp:findRun#1","CALLS",0.95,"same-file",0
"Method:src/ui/src/scriptsupervisor.cpp:runScript","Method:src/ui/src/scriptsupervisor.cpp:startRunProcess#1","CALLS",0.95,"same-file",0
"Method:src/ui/src/scriptsupervisor.cpp:runGlobalScript","Method:src/ui/src/scriptsupervisor.cpp:findGlobalRun#0","CALLS",0.95,"same-file",0
"Method:src/ui/src/scriptsupervisor.cpp:runGlobalScript","Method:src/ui/src/scriptsupervisor.cpp:startRunProcess#1","CALLS",0.95,"same-file",0
"Method:src/ui/src/scriptsupervisor.cpp:stopScript","Method:src/ui/src/scriptsupervisor.cpp:setState#2","CALLS",0.95,"same-file",0
"Method:src/ui/src/scriptsupervisor.cpp:stopScript","Method:src/ui/src/scriptsupervisor.cpp:findRunForRequest#1","CALLS",0.95,"same-file",0
"Method:src/ui/src/scriptsupervisor.cpp:stopGlobalScript","Method:src/ui/src/scriptsupervisor.cpp:findGlobalRun#0","CALLS",0.95,"same-file",0
"Method:src/ui/src/scriptsupervisor.cpp:stopGlobalScript","Method:src/ui/src/scriptsupervisor.cpp:setState#2","CALLS",0.95,"same-file",0
"Method:src/ui/src/scriptsupervisor.cpp:scriptStatus","Method:src/ui/src/scriptsupervisor.cpp:allStatusPayloads#0","CALLS",0.95,"same-file",0
"Method:src/ui/src/scriptsupervisor.cpp:scriptStatus","Method:src/ui/src/scriptsupervisor.cpp:findRunForRequest#1","CALLS",0.95,"same-file",0
"Method:src/ui/src/scriptsupervisor.cpp:scriptStatus","Method:src/ui/src/scriptsupervisor.cpp:statusPayload#1","CALLS",0.95,"same-file",0
"Method:src/ui/src/scriptsupervisor.cpp:globalScriptStatus","Method:src/ui/src/scriptsupervisor.cpp:findGlobalRun#0","CALLS",0.95,"same-file",0
"Method:src/ui/src/scriptsupervisor.cpp:globalScriptStatus","Method:src/ui/src/scriptsupervisor.cpp:statusPayload#1","CALLS",0.95,"same-file",0
"Method:src/ui/src/scriptsupervisor.cpp:scriptSubscriptions","Method:src/ui/src/scriptsupervisor.cpp:allSubscriptionsPayloads#0","CALLS",0.95,"same-file",0
"Method:src/ui/src/scriptsupervisor.cpp:scriptSubscriptions","Method:src/ui/src/scriptsupervisor.cpp:findRunForRequest#1","CALLS",0.95,"same-file",0
"Method:src/ui/src/scriptsupervisor.cpp:scriptSubscriptions","Method:src/ui/src/scriptsupervisor.cpp:subscriptionsPayload#1","CALLS",0.95,"same-file",0
"Method:src/ui/src/scriptsupervisor.cpp:globalScriptSubscriptions","Method:src/ui/src/scriptsupervisor.cpp:findGlobalRun#0","CALLS",0.95,"same-file",0
"Method:src/ui/src/scriptsupervisor.cpp:globalScriptSubscriptions","Method:src/ui/src/scriptsupervisor.cpp:subscriptionsPayload#1","CALLS",0.95,"same-file",0
"Method:src/ui/src/scriptsupervisor.cpp:clearScriptSubscriptions","Method:src/ui/src/scriptsupervisor.cpp:findRunForRequest#1","CALLS",0.95,"same-file",0
"Method:src/ui/src/scriptsupervisor.cpp:clearGlobalScriptSubscriptions","Method:src/ui/src/scriptsupervisor.cpp:findGlobalRun#0","CALLS",0.95,"same-file",0
"Method:src/ui/src/scriptsupervisor.cpp:publishEvent","Method:src/ui/src/scriptsupervisor.cpp:eventMatchesSubscription#2","CALLS",0.95,"same-file",0
"Method:src/ui/src/scriptsupervisor.cpp:publishEvent","Method:src/ui/src/scriptsupervisor.cpp:sendRpcMessage#2","CALLS",0.95,"same-file",0
"Method:src/ui/src/scriptsupervisor.cpp:hasActiveScriptForTab","Method:src/ui/src/scriptsupervisor.cpp:findRun#1","CALLS",0.95,"same-file",0
"Method:src/ui/src/scriptsupervisor.cpp:scriptStatusForTab","Method:src/ui/src/scriptsupervisor.cpp:findRun#1","CALLS",0.95,"same-file",0
"Method:src/ui/src/scriptsupervisor.cpp:scriptStatusForTab","Method:src/ui/src/scriptsupervisor.cpp:statusPayload#1","CALLS",0.95,"same-file",0
"Method:src/ui/src/scriptsupervisor.cpp:scriptBindingForTab","Method:src/ui/src/scriptsupervisor.cpp:findRun#1","CALLS",0.95,"same-file",0
"Method:src/ui/src/scriptsupervisor.cpp:globalScriptStatusPayload","Method:src/ui/src/scriptsupervisor.cpp:findGlobalRun#0","CALLS",0.95,"same-file",0
"Method:src/ui/src/scriptsupervisor.cpp:globalScriptStatusPayload","Method:src/ui/src/scriptsupervisor.cpp:statusPayload#1","CALLS",0.95,"same-file",0
"Method:src/ui/src/scriptsupervisor.cpp:globalScriptBinding","Method:src/ui/src/scriptsupervisor.cpp:findGlobalRun#0","CALLS",0.95,"same-file",0
"Method:src/ui/src/scriptsupervisor.cpp:restoreScriptBinding","Method:src/ui/src/scriptsupervisor.cpp:removeRun#1","CALLS",0.95,"same-file",0
"Method:src/ui/src/scriptsupervisor.cpp:restoreScriptBinding","Method:src/ui/src/scriptsupervisor.cpp:findRun#1","CALLS",0.95,"same-file",0
"Method:src/ui/src/scriptsupervisor.cpp:restoreScriptBinding","Method:src/ui/src/scriptsupervisor.cpp:setState#2","CALLS",0.95,"same-file",0
"Method:src/ui/src/scriptsupervisor.cpp:restoreScriptBinding","Method:src/ui/src/scriptsupervisor.cpp:startRunProcess#1","CALLS",0.95,"same-file",0
"Method:src/ui/src/scriptsupervisor.cpp:restoreGlobalScriptBinding","Method:src/ui/src/scriptsupervisor.cpp:removeGlobalRun#0","CALLS",0.95,"same-file",0
"Method:src/ui/src/scriptsupervisor.cpp:restoreGlobalScriptBinding","Method:src/ui/src/scriptsupervisor.cpp:findGlobalRun#0","CALLS",0.95,"same-file",0
"Method:src/ui/src/scriptsupervisor.cpp:restoreGlobalScriptBinding","Method:src/ui/src/scriptsupervisor.cpp:setState#2","CALLS",0.95,"same-file",0
"Method:src/ui/src/scriptsupervisor.cpp:restoreGlobalScriptBinding","Method:src/ui/src/scriptsupervisor.cpp:startRunProcess#1","CALLS",0.95,"same-file",0
"Method:src/ui/src/scriptsupervisor.cpp:forgetTab","Method:src/ui/src/scriptsupervisor.cpp:removeRun#1","CALLS",0.95,"same-file",0
"Method:src/ui/src/scriptsupervisor.cpp:resolvePythonExecutable","Method:src/ui/src/scriptsupervisor.cpp:runtimeRoot#0","CALLS",0.95,"same-file",0
"Method:src/ui/src/scriptsupervisor.cpp:workerBootstrapPath","Method:src/ui/src/scriptsupervisor.cpp:runtimeRoot#0","CALLS",0.95,"same-file",0
"Method:src/ui/src/scriptsupervisor.cpp:findRun","Method:src/ui/src/abstractlogview.cpp:LineChunk.end#0","CALLS",0.5,"global",0
"Method:src/ui/src/scriptsupervisor.cpp:findGlobalRun","Method:src/ui/src/abstractlogview.cpp:LineChunk.end#0","CALLS",0.5,"global",0
"Method:src/ui/src/scriptsupervisor.cpp:findRunForRequest","Method:src/ui/src/scriptsupervisor.cpp:findRun#1","CALLS",0.95,"same-file",0
"Method:src/ui/src/scriptsupervisor.cpp:findRunForRequest","Method:src/ui/src/scriptsupervisor.cpp:resolveTargetInfo#3","CALLS",0.95,"same-file",0
"Method:src/ui/src/scriptsupervisor.cpp:removeRun","Method:src/ui/src/abstractlogview.cpp:LineChunk.end#0","CALLS",0.5,"global",0
"Method:src/ui/src/scriptsupervisor.cpp:removeGlobalRun","Method:src/ui/src/abstractlogview.cpp:LineChunk.end#0","CALLS",0.5,"global",0
"Method:src/ui/src/scriptsupervisor.cpp:appendOutputChunk","Method:src/ui/src/scriptsupervisor.cpp:appendOutputLine#2","CALLS",0.95,"same-file",0
"Method:src/ui/src/scriptsupervisor.cpp:statusPayload","Method:src/ui/src/scriptsupervisor.cpp:subscriptionsPayload#1","CALLS",0.95,"same-file",0
"Method:src/ui/src/scriptsupervisor.cpp:allStatusPayloads","Method:src/ui/src/scriptsupervisor.cpp:statusPayload#1","CALLS",0.95,"same-file",0
"Method:src/ui/src/scriptsupervisor.cpp:allSubscriptionsPayloads","Method:src/ui/src/scriptsupervisor.cpp:subscriptionsPayload#1","CALLS",0.95,"same-file",0
"Method:src/ui/src/scriptsupervisor.cpp:resolveTargetInfo","Method:src/ui/src/scriptsupervisor.cpp:resolveTargetInfo#2","CALLS",0.95,"same-file",0
"Method:src/ui/src/scriptsupervisor.cpp:resolveTargetInfo","Method:src/ui/include/commander.h:CommanderResult.ok#0","CALLS",0.5,"global",0
"Method:src/ui/src/scriptsupervisor.cpp:lifecycleTargetInfo","Method:src/ui/include/commander.h:CommanderResult.ok#0","CALLS",0.5,"global",0
"Method:src/ui/src/scriptsupervisor.cpp:startRunProcess","Method:src/ui/src/scriptsupervisor.cpp:beginListening#2","CALLS",0.95,"same-file",0
"Method:src/ui/src/scriptsupervisor.cpp:startRunProcess","Method:src/ui/src/scriptsupervisor.cpp:setState#2","CALLS",0.95,"same-file",0
"Method:src/ui/src/scriptsupervisor.cpp:startRunProcess","Method:src/ui/src/scriptsupervisor.cpp:resolvePythonExecutable#0","CALLS",0.95,"same-file",0
"Method:src/ui/src/scriptsupervisor.cpp:startRunProcess","Method:src/ui/src/scriptsupervisor.cpp:resetSocketState#1","CALLS",0.95,"same-file",0
"Method:src/ui/src/scriptsupervisor.cpp:startRunProcess","Method:src/ui/src/scriptsupervisor.cpp:workerBootstrapPath#0","CALLS",0.95,"same-file",0
"Method:src/ui/src/scriptsupervisor.cpp:startRunProcess","Method:src/ui/src/scriptsupervisor.cpp:handleNewConnection#1","CALLS",0.95,"same-file",0
"Method:src/ui/src/scriptsupervisor.cpp:startRunProcess","Method:src/ui/src/scriptsupervisor.cpp:handleProcessStarted#1","CALLS",0.95,"same-file",0
"Method:src/ui/src/scriptsupervisor.cpp:startRunProcess","Method:src/ui/src/scriptsupervisor.cpp:handleProcessFinished#3","CALLS",0.95,"same-file",0
"Method:src/ui/src/scriptsupervisor.cpp:startRunProcess","Method:src/ui/src/scriptsupervisor.cpp:handleProcessError#2","CALLS",0.95,"same-file",0
"Method:src/ui/src/scriptsupervisor.cpp:startRunProcess","Method:src/ui/src/scriptsupervisor.cpp:readProcessStdout#1","CALLS",0.95,"same-file",0
"Method:src/ui/src/scriptsupervisor.cpp:startRunProcess","Method:src/ui/src/scriptsupervisor.cpp:readProcessStderr#1","CALLS",0.95,"same-file",0
"Method:src/ui/src/scriptsupervisor.cpp:startRunProcess","Method:src/ui/src/scriptsupervisor.cpp:runtimeRoot#0","CALLS",0.95,"same-file",0
"Method:src/ui/src/scriptsupervisor.cpp:handleNewConnection","Method:src/ui/src/scriptsupervisor.cpp:findRun#1","CALLS",0.95,"same-file",0
"Method:src/ui/src/scriptsupervisor.cpp:handleNewConnection","Method:src/ui/src/scriptsupervisor.cpp:readSocketData#1","CALLS",0.95,"same-file",0
"Method:src/ui/src/scriptsupervisor.cpp:handleProcessStarted","Method:src/ui/src/scriptsupervisor.cpp:findRun#1","CALLS",0.95,"same-file",0
"Method:src/ui/src/scriptsupervisor.cpp:handleProcessStarted","Method:src/ui/src/scriptsupervisor.cpp:setState#2","CALLS",0.95,"same-file",0
"Method:src/ui/src/scriptsupervisor.cpp:handleProcessFinished","Method:src/ui/src/scriptsupervisor.cpp:findRun#1","CALLS",0.95,"same-file",0
"Method:src/ui/src/scriptsupervisor.cpp:handleProcessFinished","Method:src/ui/src/scriptsupervisor.cpp:appendOutputChunk#3","CALLS",0.95,"same-file",0
"Method:src/ui/src/scriptsupervisor.cpp:handleProcessFinished","Method:src/ui/src/scriptsupervisor.cpp:setState#2","CALLS",0.95,"same-file",0
"Method:src/ui/src/scriptsupervisor.cpp:handleProcessFinished","Method:src/ui/src/scriptsupervisor.cpp:resetSocketState#1","CALLS",0.95,"same-file",0
"Method:src/ui/src/scriptsupervisor.cpp:handleProcessError","Method:src/ui/src/scriptsupervisor.cpp:findRun#1","CALLS",0.95,"same-file",0
"Method:src/ui/src/scriptsupervisor.cpp:handleProcessError","Method:src/ui/src/scriptsupervisor.cpp:setState#2","CALLS",0.95,"same-file",0
"Method:src/ui/src/scriptsupervisor.cpp:readProcessStdout","Method:src/ui/src/scriptsupervisor.cpp:findRun#1","CALLS",0.95,"same-file",0
"Method:src/ui/src/scriptsupervisor.cpp:readProcessStdout","Method:src/ui/src/scriptsupervisor.cpp:appendOutputChunk#3","CALLS",0.95,"same-file",0
"Method:src/ui/src/scriptsupervisor.cpp:readProcessStderr","Method:src/ui/src/scriptsupervisor.cpp:findRun#1","CALLS",0.95,"same-file",0
"Method:src/ui/src/scriptsupervisor.cpp:readProcessStderr","Method:src/ui/src/scriptsupervisor.cpp:appendOutputChunk#3","CALLS",0.95,"same-file",0
"Method:src/ui/src/scriptsupervisor.cpp:readSocketData","Method:src/ui/src/scriptsupervisor.cpp:findRun#1","CALLS",0.95,"same-file",0
"Method:src/ui/src/scriptsupervisor.cpp:readSocketData","Method:src/ui/src/scriptsupervisor.cpp:appendOutputLine#2","CALLS",0.95,"same-file",0
"Method:src/ui/src/scriptsupervisor.cpp:readSocketData","Method:src/ui/src/scriptsupervisor.cpp:handleRpcMessage#2","CALLS",0.95,"same-file",0
"Method:src/ui/src/scriptsupervisor.cpp:handleRpcMessage","Method:src/ui/src/scriptsupervisor.cpp:sendRpcMessage#2","CALLS",0.95,"same-file",0
"Method:src/ui/src/scriptsupervisor.cpp:handleRpcMessage","Method:src/ui/src/scriptsupervisor.cpp:rpcErrorEnvelope#2","CALLS",0.95,"same-file",0
"Method:src/ui/src/scriptsupervisor.cpp:handleRpcMessage","Method:src/ui/src/scriptsupervisor.cpp:lifecycleTargetInfo#2","CALLS",0.95,"same-file",0
"Method:src/ui/src/scriptsupervisor.cpp:handleRpcMessage","Method:src/ui/src/scriptsupervisor.cpp:resolveTargetInfo#2","CALLS",0.95,"same-file",0
"Method:src/ui/src/scriptsupervisor.cpp:handleRpcMessage","Method:src/ui/src/scriptsupervisor.cpp:appendOutputLine#2","CALLS",0.95,"same-file",0
"Method:src/ui/src/scriptsupervisor.cpp:handleRpcMessage","Method:src/ui/src/scriptsupervisor.cpp:rpcResultEnvelope#2","CALLS",0.95,"same-file",0
"Method:src/ui/src/scriptsupervisor.cpp:clearSubscriptionsForTab","Method:src/ui/src/scriptsupervisor.cpp:findRun#1","CALLS",0.95,"same-file",0
"Method:src/ui/src/scriptrunnerwindow.cpp:ScriptRunnerWindow","Method:src/ui/src/scriptrunnerwindow.cpp:refreshFromSupervisor#0","CALLS",0.95,"same-file",0
"Method:src/ui/src/scriptrunnerwindow.cpp:runScript","Method:src/ui/src/scriptrunnerwindow.cpp:refreshFromSupervisor#0","CALLS",0.95,"same-file",0
"Method:src/ui/src/scriptrunnerwindow.cpp:runGlobalScript","Method:src/ui/src/scriptrunnerwindow.cpp:refreshFromSupervisor#0","CALLS",0.95,"same-file",0
"Method:src/ui/src/scriptrunnerwindow.cpp:rerunScript","Method:src/ui/src/scriptrunnerwindow.cpp:refreshFromSupervisor#0","CALLS",0.95,"same-file",0
"Method:src/ui/src/scriptrunnerwindow.cpp:rerunGlobalScript","Method:src/ui/src/scriptrunnerwindow.cpp:stopGlobalScript#0","CALLS",0.95,"same-file",0
"Method:src/ui/src/scriptrunnerwindow.cpp:rerunGlobalScript","Method:src/ui/src/scriptrunnerwindow.cpp:refreshFromSupervisor#0","CALLS",0.95,"same-file",0
"Method:src/ui/src/scriptrunnerwindow.cpp:stopScript","Method:src/ui/src/scriptrunnerwindow.cpp:refreshFromSupervisor#0","CALLS",0.95,"same-file",0
"Method:src/ui/src/scriptrunnerwindow.cpp:stopGlobalScript","Method:src/ui/src/scriptrunnerwindow.cpp:stopGlobalScript#0","CALLS",0.95,"same-file",0
"Method:src/ui/src/scriptrunnerwindow.cpp:stopGlobalScript","Method:src/ui/src/scriptrunnerwindow.cpp:refreshFromSupervisor#0","CALLS",0.95,"same-file",0
"Method:src/ui/src/scriptrunnerwindow.cpp:refreshFromSupervisor","Method:src/ui/include/scriptsupervisor.h:ScriptSupervisor.scriptStatus#1","CALLS",0.9,"import-resolved",0
"Method:src/ui/src/scriptrunnerwindow.cpp:refreshFromSupervisor","Method:src/ui/include/scriptsupervisor.h:ScriptSupervisor.globalScriptStatusPayload#0","CALLS",0.9,"import-resolved",0
"Method:src/ui/src/scriptrunnerwindow.cpp:refreshFromSupervisor","Method:src/ui/src/scriptrunnerwindow.cpp:selectedRunChanged#0","CALLS",0.95,"same-file",0
"Method:src/ui/src/scratchpad.cpp:ScratchPad","Method:src/ui/src/scratchpad.cpp:decodeBase64#0","CALLS",0.95,"same-file",0
"Method:src/ui/src/scratchpad.cpp:ScratchPad","Method:src/ui/src/scratchpad.cpp:encodeBase64#0","CALLS",0.95,"same-file",0
"Method:src/ui/src/scratchpad.cpp:ScratchPad","Method:src/ui/src/scratchpad.cpp:decodeHex#0","CALLS",0.95,"same-file",0
"Method:src/ui/src/scratchpad.cpp:ScratchPad","Method:src/ui/src/scratchpad.cpp:encodeHex#0","CALLS",0.95,"same-file",0
"Method:src/ui/src/scratchpad.cpp:ScratchPad","Method:src/ui/src/scratchpad.cpp:decodeUrl#0","CALLS",0.95,"same-file",0
"Method:src/ui/src/scratchpad.cpp:ScratchPad","Method:src/ui/src/scratchpad.cpp:formatJson#0","CALLS",0.95,"same-file",0
"Method:src/ui/src/scratchpad.cpp:ScratchPad","Method:src/ui/src/scratchpad.cpp:formatXml#0","CALLS",0.95,"same-file",0
"Method:src/ui/src/scratchpad.cpp:ScratchPad","Method:src/ui/src/scratchpad.cpp:transformText#1","CALLS",0.95,"same-file",0
"Method:src/ui/src/scratchpad.cpp:ScratchPad","Method:src/ui/src/scratchpad.cpp:DateTimeBox.displayTime#1","CALLS",0.95,"same-file",0
"Method:src/ui/src/scratchpad.cpp:ScratchPad","Method:src/ui/include/viewtools.h:ElasticHook.release#0","CALLS",0.5,"global",0
"Method:src/ui/src/scratchpad.cpp:decodeUrl","Method:src/ui/src/scratchpad.cpp:transformTextInPlace#1","CALLS",0.95,"same-file",0
"Method:src/ui/src/scratchpad.cpp:decodeBase64","Method:src/ui/src/scratchpad.cpp:transformTextInPlace#1","CALLS",0.95,"same-file",0
"Method:src/ui/src/scratchpad.cpp:decodeBase64","Method:src/ui/src/abstractlogview.cpp:LineChunk.end#0","CALLS",0.5,"global",0
"Method:src/ui/src/scratchpad.cpp:encodeBase64","Method:src/ui/src/scratchpad.cpp:transformTextInPlace#1","CALLS",0.95,"same-file",0
"Method:src/ui/src/scratchpad.cpp:decodeHex","Method:src/ui/src/scratchpad.cpp:transformTextInPlace#1","CALLS",0.95,"same-file",0
"Method:src/ui/src/scratchpad.cpp:decodeHex","Method:src/ui/src/abstractlogview.cpp:LineChunk.end#0","CALLS",0.5,"global",0
"Method:src/ui/src/scratchpad.cpp:encodeHex","Method:src/ui/src/scratchpad.cpp:transformTextInPlace#1","CALLS",0.95,"same-file",0
"Method:src/ui/src/scratchpad.cpp:crc32Hex","Method:src/ui/src/scratchpad.cpp:transformText#1","CALLS",0.95,"same-file",0
"Method:src/ui/src/scratchpad.cpp:crc32Hex","Method:src/utils/include/crc32.h:Crc32.calculate#1","CALLS",0.9,"import-resolved",0
"Method:src/ui/src/scratchpad.cpp:crc32Dec","Method:src/ui/src/scratchpad.cpp:transformText#1","CALLS",0.95,"same-file",0
"Method:src/ui/src/scratchpad.cpp:crc32Dec","Method:src/utils/include/crc32.h:Crc32.calculate#1","CALLS",0.9,"import-resolved",0
"Method:src/ui/src/scratchpad.cpp:fileTime","Method:src/ui/src/scratchpad.cpp:transformText#1","CALLS",0.95,"same-file",0
"Method:src/ui/src/scratchpad.cpp:decToHex","Method:src/ui/src/scratchpad.cpp:transformText#1","CALLS",0.95,"same-file",0
"Method:src/ui/src/scratchpad.cpp:hexToDec","Method:src/ui/src/scratchpad.cpp:transformText#1","CALLS",0.95,"same-file",0
"Method:src/ui/src/scratchpad.cpp:formatJson","Method:src/ui/src/scratchpad.cpp:transformTextInPlace#1","CALLS",0.95,"same-file",0
"Method:src/ui/src/scratchpad.cpp:formatJson","Method:src/ui/include/wrappedstring.h:WrappedString.mid#2","CALLS",0.5,"global",0
"Method:src/ui/src/scratchpad.cpp:formatXml","Method:src/ui/src/scratchpad.cpp:transformTextInPlace#1","CALLS",0.95,"same-file",0
"Method:src/ui/src/scratchpad.cpp:DateTimeBox::DateTimeBox","Method:src/ui/src/scratchpad.cpp:DateTimeBox.displayTime#0","CALLS",0.95,"same-file",0
"Method:src/ui/src/scratchpad.cpp:DateTimeBox::DateTimeBox","Method:src/ui/src/abstractlogview.cpp:LineChunk.end#0","CALLS",0.5,"global",0
"Method:src/ui/src/scratchpad.cpp:DateTimeBox::displayTime","Method:src/ui/src/scratchpad.cpp:DateTimeBox.displayTime#0","CALLS",0.95,"same-file",0
"Method:src/ui/src/scenariorunnerwindow.cpp:ScenarioRunnerWindow","Method:src/ui/src/scenariorunnerwindow.cpp:loadUiState#0","CALLS",0.95,"same-file",0
"Method:src/ui/src/scenariorunnerwindow.cpp:ScenarioRunnerWindow","Method:src/ui/src/scenariorunnerwindow.cpp:refreshFromRunner#0","CALLS",0.95,"same-file",0
"Method:src/ui/src/scenariorunnerwindow.cpp:browseScenarioFile","Method:src/ui/src/scenariorunnerwindow.cpp:pushRecentScenario#1","CALLS",0.95,"same-file",0
"Method:src/ui/src/scenariorunnerwindow.cpp:browseScenarioFile","Method:src/ui/src/scenariorunnerwindow.cpp:saveUiState#0","CALLS",0.95,"same-file",0
"Method:src/ui/src/scenariorunnerwindow.cpp:browseScenarioArgsFile","Method:src/ui/src/scenariorunnerwindow.cpp:saveUiState#0","CALLS",0.95,"same-file",0
"Method:src/ui/src/scenariorunnerwindow.cpp:browseSuiteFile","Method:src/ui/src/scenariorunnerwindow.cpp:loadSuiteFile#1","CALLS",0.95,"same-file",0
"Method:src/ui/src/scenariorunnerwindow.cpp:createSuiteFile","Method:src/ui/src/scenariorunnerwindow.cpp:saveSuiteFile#1","CALLS",0.95,"same-file",0
"Method:src/ui/src/scenariorunnerwindow.cpp:createSuiteFile","Method:src/ui/src/scenariorunnerwindow.cpp:saveUiState#0","CALLS",0.95,"same-file",0
"Method:src/ui/src/scenariorunnerwindow.cpp:runScenario","Method:src/ui/src/scenariorunnerwindow.cpp:saveUiState#0","CALLS",0.95,"same-file",0
"Method:src/ui/src/scenariorunnerwindow.cpp:runScenario","Method:src/ui/src/scenariorunnerwindow.cpp:refreshFromRunner#0","CALLS",0.95,"same-file",0
"Method:src/ui/src/scenariorunnerwindow.cpp:runSuite","Method:src/ui/src/scenariorunnerwindow.cpp:saveSuiteFile#1","CALLS",0.95,"same-file",0
"Method:src/ui/src/scenariorunnerwindow.cpp:runSuite","Method:src/ui/src/scenariorunnerwindow.cpp:saveUiState#0","CALLS",0.95,"same-file",0
"Method:src/ui/src/scenariorunnerwindow.cpp:runSuite","Method:src/ui/src/scenariorunnerwindow.cpp:refreshFromRunner#0","CALLS",0.95,"same-file",0
"Method:src/ui/src/scenariorunnerwindow.cpp:stopScenarioRun","Method:src/ui/include/scenariorunner.h:ScenarioRunner.stopRun#0","CALLS",0.9,"import-resolved",0
"Method:src/ui/src/scenariorunnerwindow.cpp:stopScenarioRun","Method:src/ui/src/scenariorunnerwindow.cpp:refreshFromRunner#0","CALLS",0.95,"same-file",0
"Method:src/ui/src/scenariorunnerwindow.cpp:openJsonReport","Method:src/ui/include/scenariorunner.h:ScenarioRunner.statusPayload#0","CALLS",0.9,"import-resolved",0
"Method:src/ui/src/scenariorunnerwindow.cpp:openJunitReport","Method:src/ui/include/scenariorunner.h:ScenarioRunner.statusPayload#0","CALLS",0.9,"import-resolved",0
"Method:src/ui/src/scenariorunnerwindow.cpp:addSuiteScenario","Method:src/ui/src/scenariorunnerwindow.cpp:updateItemText#1","CALLS",0.95,"same-file",0
"Method:src/ui/src/scenariorunnerwindow.cpp:addSuiteScenario","Method:src/ui/src/scenariorunnerwindow.cpp:pushRecentScenario#1","CALLS",0.95,"same-file",0
"Method:src/ui/src/scenariorunnerwindow.cpp:addSuiteScenario","Method:src/ui/src/scenariorunnerwindow.cpp:saveUiState#0","CALLS",0.95,"same-file",0
"Method:src/ui/src/scenariorunnerwindow.cpp:removeSuiteScenario","Method:src/ui/src/scenariorunnerwindow.cpp:suiteSelectionChanged#0","CALLS",0.95,"same-file",0
"Method:src/ui/src/scenariorunnerwindow.cpp:browseSelectedScenarioArgs","Method:src/ui/include/viewinterface.h:ViewInterface.setData#2","CALLS",0.5,"global",0
"Method:src/ui/src/scenariorunnerwindow.cpp:browseSelectedScenarioArgs","Method:src/ui/src/scenariorunnerwindow.cpp:updateItemText#1","CALLS",0.95,"same-file",0
"Method:src/ui/src/scenariorunnerwindow.cpp:clearSelectedScenarioArgs","Method:src/ui/include/viewinterface.h:ViewInterface.setData#2","CALLS",0.5,"global",0
"Method:src/ui/src/scenariorunnerwindow.cpp:clearSelectedScenarioArgs","Method:src/ui/src/scenariorunnerwindow.cpp:updateItemText#1","CALLS",0.95,"same-file",0
"Method:src/ui/src/scenariorunnerwindow.cpp:saveSuite","Method:src/ui/src/scenariorunnerwindow.cpp:createSuiteFile#0","CALLS",0.95,"same-file",0
"Method:src/ui/src/scenariorunnerwindow.cpp:saveSuite","Method:src/ui/src/scenariorunnerwindow.cpp:saveSuiteFile#1","CALLS",0.95,"same-file",0
"Method:src/ui/src/scenariorunnerwindow.cpp:saveSuite","Method:src/ui/src/scenariorunnerwindow.cpp:saveUiState#0","CALLS",0.95,"same-file",0
"Method:src/ui/src/scenariorunnerwindow.cpp:deleteSuite","Method:src/ui/src/scenariorunnerwindow.cpp:saveUiState#0","CALLS",0.95,"same-file",0
"Method:src/ui/src/scenariorunnerwindow.cpp:suiteItemChanged","Method:src/ui/src/scenariorunnerwindow.cpp:updateItemText#1","CALLS",0.95,"same-file",0
"Method:src/ui/src/scenariorunnerwindow.cpp:refreshFromRunner","Method:src/ui/include/scenariorunner.h:ScenarioRunner.statusPayload#0","CALLS",0.9,"import-resolved",0
"Method:src/ui/src/scenariorunnerwindow.cpp:loadUiState","Method:src/ui/src/scenariorunnerwindow.cpp:loadSuiteFile#1","CALLS",0.95,"same-file",0
"Method:src/ui/src/scenariorunnerwindow.cpp:updateItemText","Method:src/ui/src/scenariorunnerwindow.cpp:suiteEntryFromItem#1","CALLS",0.95,"same-file",0
"Method:src/ui/src/scenariorunnerwindow.cpp:loadSuiteFile","Method:src/ui/src/scenariorunnerwindow.cpp:updateItemText#1","CALLS",0.95,"same-file",0
"Method:src/ui/src/scenariorunnerwindow.cpp:loadSuiteFile","Method:src/ui/src/scenariorunnerwindow.cpp:suiteSelectionChanged#0","CALLS",0.95,"same-file",0
"Method:src/ui/src/scenariorunnerwindow.cpp:loadSuiteFile","Method:src/ui/src/scenariorunnerwindow.cpp:saveUiState#0","CALLS",0.95,"same-file",0
"Method:src/ui/src/scenariorunnerwindow.cpp:saveSuiteFile","Method:src/ui/src/scenariorunnerwindow.cpp:suiteEntryFromItem#1","CALLS",0.95,"same-file",0
"Method:src/ui/src/scenariorunner.cpp:runScenario","Method:src/ui/src/scenariorunner.cpp:resetRunState#0","CALLS",0.95,"same-file",0
"Method:src/ui/src/scenariorunner.cpp:runScenario","Method:src/ui/src/scenariorunner.cpp:startProcess#1","CALLS",0.95,"same-file",0
"Method:src/ui/src/scenariorunner.cpp:runScenario","Method:src/ui/src/scenariorunner.cpp:scenarioBootstrapPath#0","CALLS",0.95,"same-file",0
"Method:src/ui/src/scenariorunner.cpp:runSuite","Method:src/ui/src/scenariorunner.cpp:resetRunState#0","CALLS",0.95,"same-file",0
"Method:src/ui/src/scenariorunner.cpp:runSuite","Method:src/ui/src/scenariorunner.cpp:startProcess#1","CALLS",0.95,"same-file",0
"Method:src/ui/src/scenariorunner.cpp:runSuite","Method:src/ui/src/scenariorunner.cpp:scenarioBootstrapPath#0","CALLS",0.95,"same-file",0
"Method:src/ui/src/scenariorunner.cpp:stopRun","Method:src/ui/src/scenariorunner.cpp:setState#1","CALLS",0.95,"same-file",0
"Method:src/ui/src/scenariorunner.cpp:status","Method:src/ui/src/scenariorunner.cpp:statusPayload#0","CALLS",0.95,"same-file",0
"Method:src/ui/src/scenariorunner.cpp:report","Method:src/ui/src/scenariorunner.cpp:reportPayload#0","CALLS",0.95,"same-file",0
"Method:src/ui/src/scenariorunner.cpp:publishEvent","Method:src/ui/src/scenariorunner.cpp:eventMatchesSubscription#2","CALLS",0.95,"same-file",0
"Method:src/ui/src/scenariorunner.cpp:publishEvent","Method:src/ui/src/scenariorunner.cpp:sendRpcMessage#1","CALLS",0.95,"same-file",0
"Method:src/ui/src/scenariorunner.cpp:resolvePythonExecutable","Method:src/ui/src/scenariorunner.cpp:runtimeRoot#0","CALLS",0.95,"same-file",0
"Method:src/ui/src/scenariorunner.cpp:scenarioBootstrapPath","Method:src/ui/src/scenariorunner.cpp:runtimeRoot#0","CALLS",0.95,"same-file",0
"Method:src/ui/src/scenariorunner.cpp:startProcess","Method:src/ui/src/scenariorunner.cpp:beginListening#1","CALLS",0.95,"same-file",0
"Method:src/ui/src/scenariorunner.cpp:startProcess","Method:src/ui/src/scenariorunner.cpp:setState#1","CALLS",0.95,"same-file",0
"Method:src/ui/src/scenariorunner.cpp:startProcess","Method:src/ui/src/scenariorunner.cpp:resolvePythonExecutable#0","CALLS",0.95,"same-file",0
"Method:src/ui/src/scenariorunner.cpp:startProcess","Method:src/ui/src/scenariorunner.cpp:resetSocketState#0","CALLS",0.95,"same-file",0
"Method:src/ui/src/scenariorunner.cpp:startProcess","Method:src/ui/src/scenariorunner.cpp:runtimeRoot#0","CALLS",0.95,"same-file",0
"Method:src/ui/src/scenariorunner.cpp:handleProcessStarted","Method:src/ui/src/scenariorunner.cpp:setState#1","CALLS",0.95,"same-file",0
"Method:src/ui/src/scenariorunner.cpp:handleProcessFinished","Method:src/ui/src/scenariorunner.cpp:appendOutputChunk#2","CALLS",0.95,"same-file",0
"Method:src/ui/src/scenariorunner.cpp:handleProcessFinished","Method:src/ui/src/scenariorunner.cpp:setState#1","CALLS",0.95,"same-file",0
"Method:src/ui/src/scenariorunner.cpp:handleProcessFinished","Method:src/ui/src/scenariorunner.cpp:buildSyntheticReport#0","CALLS",0.95,"same-file",0
"Method:src/ui/src/scenariorunner.cpp:handleProcessFinished","Method:src/ui/src/scenariorunner.cpp:resetSocketState#0","CALLS",0.95,"same-file",0
"Method:src/ui/src/scenariorunner.cpp:handleProcessError","Method:src/ui/src/scenariorunner.cpp:setState#1","CALLS",0.95,"same-file",0
"Method:src/ui/src/scenariorunner.cpp:readProcessStdout","Method:src/ui/src/scenariorunner.cpp:appendOutputChunk#2","CALLS",0.95,"same-file",0
"Method:src/ui/src/scenariorunner.cpp:readProcessStderr","Method:src/ui/src/scenariorunner.cpp:appendOutputChunk#2","CALLS",0.95,"same-file",0
"Method:src/ui/src/scenariorunner.cpp:readSocketData","Method:src/ui/src/scenariorunner.cpp:appendOutputLine#1","CALLS",0.95,"same-file",0
"Method:src/ui/src/scenariorunner.cpp:readSocketData","Method:src/ui/src/scenariorunner.cpp:handleRpcMessage#1","CALLS",0.95,"same-file",0
"Method:src/ui/src/scenariorunner.cpp:handleRpcMessage","Method:src/ui/src/scenariorunner.cpp:sendRpcMessage#1","CALLS",0.95,"same-file",0
"Method:src/ui/src/scenariorunner.cpp:handleRpcMessage","Method:src/ui/src/scenariorunner.cpp:rpcErrorEnvelope#2","CALLS",0.95,"same-file",0
"Method:src/ui/src/scenariorunner.cpp:handleRpcMessage","Method:src/ui/src/scenariorunner.cpp:rpcResultEnvelope#2","CALLS",0.95,"same-file",0
"Method:src/ui/src/scenariorunner.cpp:appendOutputChunk","Method:src/ui/src/scenariorunner.cpp:appendOutputLine#1","CALLS",0.95,"same-file",0
"Method:src/ui/src/scenariorunner.cpp:resetRunState","Method:src/ui/src/scenariorunner.cpp:resetSocketState#0","CALLS",0.95,"same-file",0
"Method:src/ui/src/savedsearches.cpp:addRecent","Method:src/ui/src/savedsearches.cpp:trim#0","CALLS",0.95,"same-file",0
"Method:src/ui/src/savedsearches.cpp:setHistorySize","Method:src/ui/src/savedsearches.cpp:trim#0","CALLS",0.95,"same-file",0
"Method:src/ui/src/savedsearches.cpp:clear","Method:src/ui/src/savedsearches.cpp:clear#0","CALLS",0.95,"same-file",0
"Method:src/ui/src/savedsearches.cpp:retrieveFromStorage","Method:src/ui/src/savedsearches.cpp:clear#0","CALLS",0.95,"same-file",0
"Method:src/ui/src/responsestablemodel.cpp:data","Method:src/ui/src/responsestablemodel.cpp:tooltipForResponse#1","CALLS",0.95,"same-file",0
"Method:src/ui/src/responsestablemodel.cpp:data","Method:src/logdata/include/linetypes.h:FilePosition.column#0","CALLS",0.5,"global",0
"Method:src/ui/src/responsestablemodel.cpp:data","Method:src/ui/src/responsestablemodel.cpp:previewMatch#1","CALLS",0.95,"same-file",0
"Method:src/ui/src/responsestablemodel.cpp:flags","Method:src/logdata/include/linetypes.h:FilePosition.column#0","CALLS",0.5,"global",0
"Method:src/ui/src/responsestablemodel.cpp:setData","Method:src/logdata/include/linetypes.h:FilePosition.column#0","CALLS",0.5,"global",0
"Method:src/ui/src/responsestablemodel.cpp:setData","Method:src/ui/include/actionsmanager.h:ActionsManager.setResponseEnabled#2","CALLS",0.9,"import-resolved",0
"Method:src/ui/src/responsestablemodel.cpp:refresh","Method:src/ui/include/actionsmanager.h:ActionsManager.responses#0","CALLS",0.9,"import-resolved",0
"Method:src/ui/src/responseeditdialog.cpp:ResponseActionStepDialog.setStep#1","Method:src/ui/src/responseeditdialog.cpp:ResponseActionStepDialog.reloadActionCombo#1","CALLS",0.95,"same-file",0
"Method:src/ui/src/responseeditdialog.cpp:ResponseActionStepDialog.setStep#1","Method:src/ui/include/startupprogress.h:StartupProgress.setValue#3","CALLS",0.5,"global",0
"Method:src/ui/src/responseeditdialog.cpp:ResponseActionStepDialog.reloadActionCombo#1","Method:src/ui/src/responseeditdialog.cpp:ResponseActionStepDialog.updateState#0","CALLS",0.95,"same-file",0
"Method:src/ui/src/responseeditdialog.cpp:ResponseActionStepDialog.updateState#0","Method:src/ui/src/responseeditdialog.cpp:ResponseActionStepDialog.currentActionId#0","CALLS",0.95,"same-file",0
"Method:src/ui/src/responseeditdialog.cpp:ResponseEditDialog","Method:src/settings/include/configuration.h:Configuration.defaultActionEditorLineEnding#0","CALLS",0.9,"import-resolved",0
"Method:src/ui/src/responseeditdialog.cpp:ResponseEditDialog","Method:src/ui/include/overview.h:Overview.setVisible#1","CALLS",0.5,"global",0
"Method:src/ui/src/responseeditdialog.cpp:ResponseEditDialog","Method:src/ui/src/responseeditdialog.cpp:updateMatchEditorMode#0","CALLS",0.95,"same-file",0
"Method:src/ui/src/responseeditdialog.cpp:ResponseEditDialog","Method:src/ui/src/responseeditdialog.cpp:moveSelectedStep#1","CALLS",0.95,"same-file",0
"Method:src/ui/src/responseeditdialog.cpp:ResponseEditDialog","Method:src/ui/src/responseeditdialog.cpp:editSelectedStep#0","CALLS",0.95,"same-file",0
"Method:src/ui/src/responseeditdialog.cpp:ResponseEditDialog","Method:src/ui/src/responseeditdialog.cpp:selectedStepRow#0","CALLS",0.95,"same-file",0
"Method:src/ui/src/responseeditdialog.cpp:ResponseEditDialog","Method:src/ui/src/responseeditdialog.cpp:refreshStepTable#0","CALLS",0.95,"same-file",0
"Method:src/ui/src/responseeditdialog.cpp:setResponse","Method:src/ui/src/responseeditdialog.cpp:populateFromResponse#1","CALLS",0.95,"same-file",0
"Method:src/ui/src/responseeditdialog.cpp:eventFilter","Method:src/ui/src/responseeditdialog.cpp:eventFilter#2","CALLS",0.95,"same-file",0
"Method:src/ui/src/responseeditdialog.cpp:accept","Method:src/ui/include/highlightedmatch.h:HighlightedMatchRanges.front#0","CALLS",0.5,"global",0
"Method:src/ui/src/responseeditdialog.cpp:accept","Method:src/ui/src/predefinedfiltersdialog.cpp:CenteredCheckbox.isChecked#0","CALLS",0.5,"global",0
"Method:src/ui/src/responseeditdialog.cpp:accept","Method:src/ui/src/responseeditdialog.cpp:accept#0","CALLS",0.95,"same-file",0
"Method:src/ui/src/responseeditdialog.cpp:populateFromResponse","Method:src/ui/src/responseeditdialog.cpp:setLiteralEditors#1","CALLS",0.95,"same-file",0
"Method:src/ui/src/responseeditdialog.cpp:populateFromResponse","Method:src/ui/src/responseeditdialog.cpp:refreshStepTable#0","CALLS",0.95,"same-file",0
"Method:src/ui/src/responseeditdialog.cpp:populateFromResponse","Method:src/ui/src/predefinedfiltersdialog.cpp:CenteredCheckbox.setChecked#1","CALLS",0.5,"global",0
"Method:src/ui/src/responseeditdialog.cpp:populateFromResponse","Method:src/ui/src/responseeditdialog.cpp:updateMatchEditorMode#0","CALLS",0.95,"same-file",0
"Method:src/ui/src/responseeditdialog.cpp:updateMatchEditorMode","Method:src/ui/src/responseeditdialog.cpp:setLiteralEditors#1","CALLS",0.95,"same-file",0
"Method:src/ui/src/responseeditdialog.cpp:refreshStepTable","Method:src/ui/include/viewinterface.h:ViewInterface.setData#2","CALLS",0.5,"global",0
"Method:src/ui/src/responseeditdialog.cpp:refreshStepTable","Method:src/ui/src/responseeditdialog.cpp:selectedStepRow#0","CALLS",0.95,"same-file",0
"Method:src/ui/src/responseeditdialog.cpp:addStep","Method:src/ui/src/responseeditdialog.cpp:ResponseActionStepDialog.step#0","CALLS",0.95,"same-file",0
"Method:src/ui/src/responseeditdialog.cpp:addStep","Method:src/ui/src/responseeditdialog.cpp:refreshStepTable#0","CALLS",0.95,"same-file",0
"Method:src/ui/src/responseeditdialog.cpp:editSelectedStep","Method:src/ui/src/responseeditdialog.cpp:selectedStepRow#0","CALLS",0.95,"same-file",0
"Method:src/ui/src/responseeditdialog.cpp:editSelectedStep","Method:src/ui/src/responseeditdialog.cpp:ResponseActionStepDialog.setStep#1","CALLS",0.95,"same-file",0
"Method:src/ui/src/responseeditdialog.cpp:editSelectedStep","Method:src/ui/src/responseeditdialog.cpp:ResponseActionStepDialog.step#0","CALLS",0.95,"same-file",0
"Method:src/ui/src/responseeditdialog.cpp:editSelectedStep","Method:src/ui/src/responseeditdialog.cpp:refreshStepTable#0","CALLS",0.95,"same-file",0
"Method:src/ui/src/responseeditdialog.cpp:deleteSelectedStep","Method:src/ui/src/responseeditdialog.cpp:selectedStepRow#0","CALLS",0.95,"same-file",0
"Method:src/ui/src/responseeditdialog.cpp:deleteSelectedStep","Method:src/ui/src/responseeditdialog.cpp:refreshStepTable#0","CALLS",0.95,"same-file",0
"Method:src/ui/src/responseeditdialog.cpp:moveSelectedStep","Method:src/ui/src/responseeditdialog.cpp:selectedStepRow#0","CALLS",0.95,"same-file",0
"Method:src/ui/src/responseeditdialog.cpp:moveSelectedStep","Method:src/ui/src/responseeditdialog.cpp:refreshStepTable#0","CALLS",0.95,"same-file",0
"Method:src/ui/src/recentfiles.cpp:addRecent","Method:src/ui/src/recentfiles.cpp:removeRecent#1","CALLS",0.95,"same-file",0
"Method:src/ui/src/recentfiles.cpp:retrieveFromStorage","Method:src/ui/src/recentfiles.cpp:removeAll#0","CALLS",0.95,"same-file",0
"Method:src/ui/src/recentfiles.cpp:retrieveFromStorage","Method:src/ui/src/recentfiles.cpp:setFilesHistoryMaxItems#1","CALLS",0.95,"same-file",0
"Method:src/ui/src/quickfindwidget.cpp:QuickFindWidget","Method:src/ui/src/quickfindwidget.cpp:setupToolButton#2","CALLS",0.95,"same-file",0
"Method:src/ui/src/quickfindwidget.cpp:QuickFindWidget","Method:src/ui/src/predefinedfiltersdialog.cpp:CenteredCheckbox.setChecked#1","CALLS",0.5,"global",0
"Method:src/ui/src/quickfindwidget.cpp:QuickFindWidget","Method:src/settings/include/configuration.h:Configuration.qfIgnoreCase#0","CALLS",0.9,"import-resolved",0
"Method:src/ui/src/quickfindwidget.cpp:QuickFindWidget","Method:src/ui/include/qfnotifications.h:QFNotification.maxWidth#1","CALLS",0.9,"import-resolved",0
"Method:src/ui/src/quickfindwidget.cpp:QuickFindWidget","Method:src/ui/src/quickfindwidget.cpp:textChanged#0","CALLS",0.95,"same-file",0
"Method:src/ui/src/quickfindwidget.cpp:QuickFindWidget","Method:src/settings/include/configuration.h:Configuration.setQfIgnoreCase#1","CALLS",0.9,"import-resolved",0
"Method:src/ui/src/quickfindwidget.cpp:QuickFindWidget","Method:src/ui/src/predefinedfiltersdialog.cpp:CenteredCheckbox.isChecked#0","CALLS",0.5,"global",0
"Method:src/ui/src/quickfindwidget.cpp:QuickFindWidget","Method:src/settings/include/persistable.h:Persistable.save#0","CALLS",0.5,"global",0
"Method:src/ui/src/quickfindwidget.cpp:QuickFindWidget","Method:src/ui/src/quickfindwidget.cpp:notificationTimeout#0","CALLS",0.95,"same-file",0
"Method:src/ui/src/quickfindwidget.cpp:changeDisplayedPattern","Method:src/ui/src/quickfindwidget.cpp:isRegexSearch#0","CALLS",0.95,"same-file",0
"Method:src/ui/src/quickfindwidget.cpp:notify","Method:src/ui/include/qfnotifications.h:QFNotification.message#0","CALLS",0.9,"import-resolved",0
"Method:src/ui/src/quickfindwidget.cpp:notify","Method:src/logdata/include/logdataoperation.h:LogDataOperation.start#1","CALLS",0.5,"global",0
"Method:src/ui/src/quickfindwidget.cpp:doSearchForward","Method:src/ui/src/quickfindwidget.cpp:isIgnoreCase#0","CALLS",0.95,"same-file",0
"Method:src/ui/src/quickfindwidget.cpp:doSearchForward","Method:src/ui/src/quickfindwidget.cpp:isRegexSearch#0","CALLS",0.95,"same-file",0
"Method:src/ui/src/quickfindwidget.cpp:doSearchBackward","Method:src/ui/src/quickfindwidget.cpp:isIgnoreCase#0","CALLS",0.95,"same-file",0
"Method:src/ui/src/quickfindwidget.cpp:doSearchBackward","Method:src/ui/src/quickfindwidget.cpp:isRegexSearch#0","CALLS",0.95,"same-file",0
"Method:src/ui/src/quickfindwidget.cpp:returnHandler","Method:src/ui/src/quickfindwidget.cpp:doSearchForward#0","CALLS",0.95,"same-file",0
"Method:src/ui/src/quickfindwidget.cpp:textChanged","Method:src/ui/src/quickfindwidget.cpp:isIgnoreCase#0","CALLS",0.95,"same-file",0
"Method:src/ui/src/quickfindwidget.cpp:textChanged","Method:src/ui/src/quickfindwidget.cpp:isRegexSearch#0","CALLS",0.95,"same-file",0
"Method:src/ui/src/quickfindwidget.cpp:isRegexSearch","Method:src/settings/include/configuration.h:Configuration.quickfindRegexpType#0","CALLS",0.9,"import-resolved",0
"Method:src/ui/src/quickfindpattern.cpp:changeSearchPattern","Method:src/settings/include/configuration.h:Configuration.quickfindRegexpType#0","CALLS",0.9,"import-resolved",0
"Method:src/ui/src/quickfindpattern.cpp:changeSearchPattern","Method:src/ui/src/quickfindpattern.cpp:changeSearchPattern#2","CALLS",0.95,"same-file",0
"Method:src/ui/src/quickfindpattern.cpp:matchLine","Method:src/settings/include/configuration.h:Configuration.qfBackColor#0","CALLS",0.9,"import-resolved",0
"Method:src/ui/src/quickfindmux.cpp:QuickFindMux","Method:src/ui/src/quickfindmux.cpp:notifyPatternChanged#0","CALLS",0.95,"same-file",0
"Method:src/ui/src/quickfindmux.cpp:registerSelector","Method:src/ui/src/quickfindmux.cpp:unregisterAllSearchables#0","CALLS",0.95,"same-file",0
"Method:src/ui/src/quickfindmux.cpp:registerSelector","Method:src/ui/include/quickfindmux.h:QuickFindMuxSelectorInterface.getAllSearchables#0","CALLS",0.9,"import-resolved",0
"Method:src/ui/src/quickfindmux.cpp:registerSelector","Method:src/ui/src/quickfindmux.cpp:registerSearchable#1","CALLS",0.95,"same-file",0
"Method:src/ui/src/quickfindmux.cpp:searchNext","Method:src/ui/src/quickfindmux.cpp:searchForward#0","CALLS",0.95,"same-file",0
"Method:src/ui/src/quickfindmux.cpp:searchNext","Method:src/ui/src/quickfindmux.cpp:searchBackward#0","CALLS",0.95,"same-file",0
"Method:src/ui/src/quickfindmux.cpp:searchPrevious","Method:src/ui/src/quickfindmux.cpp:searchBackward#0","CALLS",0.95,"same-file",0
"Method:src/ui/src/quickfindmux.cpp:searchPrevious","Method:src/ui/src/quickfindmux.cpp:searchForward#0","CALLS",0.95,"same-file",0
"Method:src/ui/src/quickfindmux.cpp:searchForward","Method:src/ui/src/quickfindmux.cpp:getSearchableWidget#0","CALLS",0.95,"same-file",0
"Method:src/ui/src/quickfindmux.cpp:searchForward","Method:src/ui/src/quickfindmux.cpp:searchForward#0","CALLS",0.95,"same-file",0
"Method:src/ui/src/quickfindmux.cpp:searchBackward","Method:src/ui/src/quickfindmux.cpp:getSearchableWidget#0","CALLS",0.95,"same-file",0
"Method:src/ui/src/quickfindmux.cpp:searchBackward","Method:src/ui/src/quickfindmux.cpp:searchBackward#0","CALLS",0.95,"same-file",0
"Method:src/ui/src/quickfindmux.cpp:setNewPattern","Method:src/settings/include/configuration.h:Configuration.isQuickfindIncremental#0","CALLS",0.9,"import-resolved",0
"Method:src/ui/src/quickfindmux.cpp:setNewPattern","Method:src/ui/src/quickfindmux.cpp:getSearchableWidget#0","CALLS",0.95,"same-file",0
"Method:src/ui/src/quickfindmux.cpp:setNewPattern","Method:src/ui/include/quickfindmux.h:SearchableWidgetInterface.incrementallySearchForward#0","CALLS",0.9,"import-resolved",0
"Method:src/ui/src/quickfindmux.cpp:setNewPattern","Method:src/ui/include/quickfindmux.h:SearchableWidgetInterface.incrementallySearchBackward#0","CALLS",0.9,"import-resolved",0
"Method:src/ui/src/quickfindmux.cpp:confirmPattern","Method:src/settings/include/configuration.h:Configuration.isQuickfindIncremental#0","CALLS",0.9,"import-resolved",0
"Method:src/ui/src/quickfindmux.cpp:confirmPattern","Method:src/ui/src/quickfindmux.cpp:getSearchableWidget#0","CALLS",0.95,"same-file",0
"Method:src/ui/src/quickfindmux.cpp:confirmPattern","Method:src/ui/include/quickfindmux.h:SearchableWidgetInterface.incrementalSearchStop#0","CALLS",0.9,"import-resolved",0
"Method:src/ui/src/quickfindmux.cpp:cancelSearch","Method:src/settings/include/configuration.h:Configuration.isQuickfindIncremental#0","CALLS",0.9,"import-resolved",0
"Method:src/ui/src/quickfindmux.cpp:cancelSearch","Method:src/ui/src/quickfindmux.cpp:getSearchableWidget#0","CALLS",0.95,"same-file",0
"Method:src/ui/src/quickfindmux.cpp:cancelSearch","Method:src/ui/include/quickfindmux.h:SearchableWidgetInterface.incrementalSearchAbort#0","CALLS",0.9,"import-resolved",0
"Method:src/ui/src/quickfindmux.cpp:changeQuickFind","Method:src/ui/include/quickfindpattern.h:QuickFindPattern.changeSearchPattern#2","CALLS",0.5,"global",0
"Method:src/ui/src/quickfindmux.cpp:changeQuickFind","Method:src/ui/src/quickfindmux.cpp:setDirection#1","CALLS",0.95,"same-file",0
"Method:src/ui/src/quickfindmux.cpp:notifyPatternChanged","Method:src/ui/include/quickfindpattern.h:QuickFindPattern.getPattern#0","CALLS",0.5,"global",0
"Method:src/ui/src/quickfindmux.cpp:getSearchableWidget","Method:src/ui/include/quickfindmux.h:QuickFindMuxSelectorInterface.getActiveSearchable#0","CALLS",0.9,"import-resolved",0
"Method:src/ui/src/quickfindmux.cpp:registerSearchable","Method:src/ui/include/abstractlogview.h:AbstractLogView.clearQuickFindNotification#0","CALLS",0.5,"global",0
"Method:src/ui/src/quickfindmux.cpp:registerSearchable","Method:src/ui/include/quickfindmux.h:QuickFindMux.clearNotification#0","CALLS",0.9,"import-resolved",0
"Method:src/ui/src/quickfindmux.cpp:registerSearchable","Method:src/ui/src/quickfindmux.cpp:searchNext#0","CALLS",0.95,"same-file",0
"Method:src/ui/src/quickfindmux.cpp:registerSearchable","Method:src/ui/src/quickfindmux.cpp:searchPrevious#0","CALLS",0.95,"same-file",0
"Method:src/ui/src/quickfind.cpp:LastMatchPosition::set","Method:src/ui/include/quickfind.h:LastMatchPosition.set#2","CALLS",0.9,"import-resolved",0
"Method:src/ui/src/quickfind.cpp:LastMatchPosition::set","Method:src/logdata/include/linetypes.h:FilePosition.line#0","CALLS",0.9,"import-resolved",0
"Method:src/ui/src/quickfind.cpp:LastMatchPosition::set","Method:src/logdata/include/linetypes.h:FilePosition.column#0","CALLS",0.9,"import-resolved",0
"Method:src/ui/src/quickfind.cpp:LastMatchPosition::isLater","Method:src/ui/include/quickfind.h:LastMatchPosition.isLater#2","CALLS",0.9,"import-resolved",0
"Method:src/ui/src/quickfind.cpp:LastMatchPosition::isLater","Method:src/logdata/include/linetypes.h:FilePosition.line#0","CALLS",0.9,"import-resolved",0
"Method:src/ui/src/quickfind.cpp:LastMatchPosition::isLater","Method:src/logdata/include/linetypes.h:FilePosition.column#0","CALLS",0.9,"import-resolved",0
"Method:src/ui/src/quickfind.cpp:LastMatchPosition::isSooner","Method:src/ui/include/quickfind.h:LastMatchPosition.isSooner#2","CALLS",0.9,"import-resolved",0
"Method:src/ui/src/quickfind.cpp:LastMatchPosition::isSooner","Method:src/logdata/include/linetypes.h:FilePosition.line#0","CALLS",0.9,"import-resolved",0
"Method:src/ui/src/quickfind.cpp:LastMatchPosition::isSooner","Method:src/logdata/include/linetypes.h:FilePosition.column#0","CALLS",0.9,"import-resolved",0
"Method:src/ui/src/quickfind.cpp:incrementalSearchStop","Method:src/ui/include/quickfind.h:IncrementalSearchStatus.isOngoing#0","CALLS",0.9,"import-resolved",0
"Method:src/ui/src/quickfind.cpp:incrementalSearchStop","Method:src/ui/include/quickfind.h:IncrementalSearchStatus.initialSelection#0","CALLS",0.9,"import-resolved",0
"Method:src/ui/src/quickfind.cpp:incrementalSearchStop","Method:src/ui/include/quickfind.h:IncrementalSearchStatus.IncrementalSearchStatus","CALLS",0.9,"import-resolved",0
"Method:src/ui/src/quickfind.cpp:incrementalSearchAbort","Method:src/ui/include/quickfind.h:IncrementalSearchStatus.isOngoing#0","CALLS",0.9,"import-resolved",0
"Method:src/ui/src/quickfind.cpp:incrementalSearchAbort","Method:src/ui/include/quickfind.h:IncrementalSearchStatus.initialSelection#0","CALLS",0.9,"import-resolved",0
"Method:src/ui/src/quickfind.cpp:incrementalSearchAbort","Method:src/ui/include/quickfind.h:IncrementalSearchStatus.IncrementalSearchStatus","CALLS",0.9,"import-resolved",0
"Method:src/ui/src/quickfind.cpp:onSearchFutureReady","Method:tests/ui/qtests_main.cpp:TestRunner.result#0","CALLS",0.5,"global",0
"Method:src/ui/src/quickfind.cpp:onSearchFutureReady","Method:src/ui/include/selection.h:Portion.isValid#0","CALLS",0.9,"import-resolved",0
"Method:src/ui/src/quickfind.cpp:onSearchFutureReady","Method:src/ui/include/quickfind.h:IncrementalSearchStatus.direction#0","CALLS",0.9,"import-resolved",0
"Method:src/ui/src/quickfind.cpp:onSearchFutureReady","Method:src/ui/include/quickfind.h:IncrementalSearchStatus.position#0","CALLS",0.9,"import-resolved",0
"Method:src/ui/src/quickfind.cpp:incrementallySearchForward","Method:src/ui/include/selection.h:Selection.getNextPosition#0","CALLS",0.9,"import-resolved",0
"Method:src/ui/src/quickfind.cpp:incrementallySearchForward","Method:src/ui/include/quickfind.h:IncrementalSearchStatus.direction#0","CALLS",0.9,"import-resolved",0
"Method:src/ui/src/quickfind.cpp:incrementallySearchForward","Method:src/ui/include/quickfind.h:IncrementalSearchStatus.position#0","CALLS",0.9,"import-resolved",0
"Method:src/ui/src/quickfind.cpp:incrementallySearchForward","Method:src/ui/src/quickfind.cpp:doSearchForward#3","CALLS",0.95,"same-file",0
"Method:src/ui/src/quickfind.cpp:incrementallySearchBackward","Method:src/ui/include/selection.h:Selection.getPreviousPosition#0","CALLS",0.9,"import-resolved",0
"Method:src/ui/src/quickfind.cpp:incrementallySearchBackward","Method:src/ui/include/quickfind.h:IncrementalSearchStatus.direction#0","CALLS",0.9,"import-resolved",0
"Method:src/ui/src/quickfind.cpp:incrementallySearchBackward","Method:src/ui/include/quickfind.h:IncrementalSearchStatus.position#0","CALLS",0.9,"import-resolved",0
"Method:src/ui/src/quickfind.cpp:incrementallySearchBackward","Method:src/ui/src/quickfind.cpp:doSearchBackward#3","CALLS",0.95,"same-file",0
"Method:src/ui/src/quickfind.cpp:searchForward","Method:src/ui/include/quickfind.h:IncrementalSearchStatus.IncrementalSearchStatus","CALLS",0.9,"import-resolved",0
"Method:src/ui/src/quickfind.cpp:searchForward","Method:src/ui/src/quickfind.cpp:doSearchForward#2","CALLS",0.95,"same-file",0
"Method:src/ui/src/quickfind.cpp:searchBackward","Method:src/ui/include/quickfind.h:IncrementalSearchStatus.IncrementalSearchStatus","CALLS",0.9,"import-resolved",0
"Method:src/ui/src/quickfind.cpp:searchBackward","Method:src/ui/src/quickfind.cpp:doSearchBackward#2","CALLS",0.95,"same-file",0
"Method:src/ui/src/quickfind.cpp:doSearchForward","Method:src/ui/src/quickfind.cpp:doSearchForward#3","CALLS",0.95,"same-file",0
"Method:src/ui/src/quickfind.cpp:doSearchForward","Method:src/ui/include/selection.h:Selection.getNextPosition#0","CALLS",0.9,"import-resolved",0
"Method:src/ui/src/quickfind.cpp:doSearchForward","Method:src/ui/include/selection.h:Selection.clear#0","CALLS",0.9,"import-resolved",0
"Method:src/ui/src/quickfind.cpp:doSearchForward","Method:src/ui/include/quickfindpattern.h:QuickFindMatcher.isActive#0","CALLS",0.9,"import-resolved",0
"Method:src/ui/src/quickfind.cpp:doSearchForward","Method:src/ui/include/quickfind.h:LastMatchPosition.isLater#1","CALLS",0.9,"import-resolved",0
"Method:src/ui/src/quickfind.cpp:doSearchForward","Method:src/ui/src/quickfind.cpp:sendNotification#1","CALLS",0.95,"same-file",0
"Method:src/ui/src/quickfind.cpp:doSearchForward","Method:src/ui/include/qfnotifications.h:QFNotificationReachedEndOfFile.QFNotificationReachedEndOfFile#0","CALLS",0.9,"import-resolved",0
"Method:src/ui/src/quickfind.cpp:doSearchForward","Method:src/logdata/include/linetypes.h:FilePosition.line#0","CALLS",0.9,"import-resolved",0
"Method:src/ui/src/quickfind.cpp:doSearchForward","Method:src/ui/include/quickfindpattern.h:QuickFindMatcher.isLineMatching#2","CALLS",0.9,"import-resolved",0
"Method:src/ui/src/quickfind.cpp:doSearchForward","Method:src/logdata/include/abstractlogdata.h:AbstractLogData.getExpandedLineString#1","CALLS",0.9,"import-resolved",0
"Method:src/ui/src/quickfind.cpp:doSearchForward","Method:src/logdata/include/linetypes.h:FilePosition.column#0","CALLS",0.9,"import-resolved",0
"Method:src/ui/src/quickfind.cpp:doSearchForward","Method:src/ui/include/quickfindpattern.h:QuickFindMatcher.getLastMatch#0","CALLS",0.9,"import-resolved",0
"Method:src/ui/src/quickfind.cpp:doSearchForward","Method:src/ui/src/quickfind.cpp:reset#0","CALLS",0.95,"same-file",0
"Method:src/ui/src/quickfind.cpp:doSearchForward","Method:src/logdata/include/abstractlogdata.h:AbstractLogData.getNbLine#0","CALLS",0.9,"import-resolved",0
"Method:src/ui/src/quickfind.cpp:doSearchForward","Method:src/ui/include/quickfind.h:SearchingNotifier.ping#3","CALLS",0.9,"import-resolved",0
"Method:src/ui/src/quickfind.cpp:doSearchForward","Method:src/ui/include/selection.h:Selection.getPreviousPosition#0","CALLS",0.9,"import-resolved",0
"Method:src/ui/src/quickfind.cpp:doSearchForward","Method:src/ui/include/quickfind.h:LastMatchPosition.set#1","CALLS",0.9,"import-resolved",0
"Method:src/ui/src/quickfind.cpp:doSearchBackward","Method:src/ui/src/quickfind.cpp:doSearchBackward#3","CALLS",0.95,"same-file",0
"Method:src/ui/src/quickfind.cpp:doSearchBackward","Method:src/ui/include/selection.h:Selection.getPreviousPosition#0","CALLS",0.9,"import-resolved",0
"Method:src/ui/src/quickfind.cpp:doSearchBackward","Method:src/ui/include/selection.h:Selection.clear#0","CALLS",0.9,"import-resolved",0
"Method:src/ui/src/quickfind.cpp:doSearchBackward","Method:src/ui/include/quickfindpattern.h:QuickFindMatcher.isActive#0","CALLS",0.9,"import-resolved",0
"Method:src/ui/src/quickfind.cpp:doSearchBackward","Method:src/ui/include/quickfind.h:LastMatchPosition.isSooner#1","CALLS",0.9,"import-resolved",0
"Method:src/ui/src/quickfind.cpp:doSearchBackward","Method:src/ui/src/quickfind.cpp:sendNotification#1","CALLS",0.95,"same-file",0
"Method:src/ui/src/quickfind.cpp:doSearchBackward","Method:src/ui/include/qfnotifications.h:QFNotificationReachedBegininningOfFile.QFNotificationReachedBegininningOfFile#0","CALLS",0.9,"import-resolved",0
"Method:src/ui/src/quickfind.cpp:doSearchBackward","Method:src/logdata/include/linetypes.h:FilePosition.line#0","CALLS",0.9,"import-resolved",0
"Method:src/ui/src/quickfind.cpp:doSearchBackward","Method:src/logdata/include/linetypes.h:FilePosition.column#0","CALLS",0.9,"import-resolved",0
"Method:src/ui/src/quickfind.cpp:doSearchBackward","Method:src/ui/include/quickfindpattern.h:QuickFindMatcher.isLineMatchingBackward#2","CALLS",0.9,"import-resolved",0
"Method:src/ui/src/quickfind.cpp:doSearchBackward","Method:src/logdata/include/abstractlogdata.h:AbstractLogData.getExpandedLineString#1","CALLS",0.9,"import-resolved",0
"Method:src/ui/src/quickfind.cpp:doSearchBackward","Method:src/ui/include/quickfindpattern.h:QuickFindMatcher.getLastMatch#0","CALLS",0.9,"import-resolved",0
"Method:src/ui/src/quickfind.cpp:doSearchBackward","Method:src/ui/src/quickfind.cpp:reset#0","CALLS",0.95,"same-file",0
"Method:src/ui/src/quickfind.cpp:doSearchBackward","Method:src/logdata/include/abstractlogdata.h:AbstractLogData.getNbLine#0","CALLS",0.9,"import-resolved",0
"Method:src/ui/src/quickfind.cpp:doSearchBackward","Method:src/ui/include/quickfind.h:SearchingNotifier.ping#3","CALLS",0.9,"import-resolved",0
"Method:src/ui/src/quickfind.cpp:doSearchBackward","Method:src/ui/include/selection.h:Selection.getNextPosition#0","CALLS",0.9,"import-resolved",0
"Method:src/ui/src/quickfind.cpp:doSearchBackward","Method:src/ui/include/quickfind.h:LastMatchPosition.set#1","CALLS",0.9,"import-resolved",0
"Method:src/ui/src/quickfind.cpp:resetLimits","Method:src/ui/src/quickfind.cpp:reset#0","CALLS",0.95,"same-file",0
"Method:src/ui/src/previewwindow.cpp:refreshTabs","Method:src/ui/include/previewmessagetab.h:PreviewMessageTab.refreshPreviewList#0","CALLS",0.9,"import-resolved",0
"Method:src/ui/src/previewstablemodel.cpp:data","Method:src/logdata/include/linetypes.h:FilePosition.column#0","CALLS",0.5,"global",0
"Method:src/ui/src/previewstablemodel.cpp:flags","Method:src/logdata/include/linetypes.h:FilePosition.column#0","CALLS",0.5,"global",0
"Method:src/ui/src/previewstablemodel.cpp:setData","Method:src/logdata/include/linetypes.h:FilePosition.column#0","CALLS",0.5,"global",0
"Method:src/ui/src/previewrepository.cpp:load","Method:src/ui/src/previewrepository.cpp:storagePath#0","CALLS",0.95,"same-file",0
"Method:src/ui/src/previewrepository.cpp:load","Method:src/ui/include/previewconfigparser.h:PreviewConfigParser.parseFile#1","CALLS",0.9,"import-resolved",0
"Method:src/ui/src/previewrepository.cpp:save","Method:src/ui/src/abstractlogview.cpp:LineChunk.end#0","CALLS",0.5,"global",0
"Method:src/ui/src/previewmessagetab.cpp:PreviewMessageTab","Method:src/ui/src/previewmessagetab.cpp:buildUi#0","CALLS",0.95,"same-file",0
"Method:src/ui/src/previewmessagetab.cpp:PreviewMessageTab","Method:src/ui/src/previewmessagetab.cpp:updateRawLineHeight#0","CALLS",0.95,"same-file",0
"Method:src/ui/src/previewmessagetab.cpp:PreviewMessageTab","Method:src/ui/src/previewmessagetab.cpp:refreshPreviewList#0","CALLS",0.95,"same-file",0
"Method:src/ui/src/previewmessagetab.cpp:buildUi","Method:src/ui/src/predefinedfiltersdialog.cpp:CenteredCheckbox.setChecked#1","CALLS",0.5,"global",0
"Method:src/ui/src/previewmessagetab.cpp:buildUi","Method:src/ui/src/previewmessagetab.cpp:updateRawLineHeight#0","CALLS",0.95,"same-file",0
"Method:src/ui/src/previewmessagetab.cpp:buildUi","Method:src/ui/include/overview.h:Overview.setVisible#1","CALLS",0.5,"global",0
"Method:src/ui/src/previewmessagetab.cpp:updateRawLineHeight","Method:src/ui/include/overview.h:Overview.isVisible#0","CALLS",0.5,"global",0
"Method:src/ui/src/previewmessagetab.cpp:refreshPreviewList","Method:src/ui/include/previewmanager.h:PreviewManager.all#0","CALLS",0.9,"import-resolved",0
"Method:src/ui/src/previewmessagetab.cpp:refreshPreviewList","Method:src/ui/src/previewmessagetab.cpp:handlePreviewSelectionChanged#1","CALLS",0.95,"same-file",0
"Method:src/ui/src/previewmessagetab.cpp:handlePreviewSelectionChanged","Method:src/ui/src/previewmessagetab.cpp:applyAutoDetection#0","CALLS",0.95,"same-file",0
"Method:src/ui/src/previewmessagetab.cpp:handlePreviewSelectionChanged","Method:src/ui/src/previewmessagetab.cpp:renderPreview#1","CALLS",0.95,"same-file",0
"Method:src/ui/src/previewmessagetab.cpp:applyAutoDetection","Method:src/ui/include/previewmanager.h:PreviewManager.all#0","CALLS",0.9,"import-resolved",0
"Method:src/ui/src/previewmessagetab.cpp:applyAutoDetection","Method:src/ui/src/previewmessagetab.cpp:showMessage#1","CALLS",0.95,"same-file",0
"Method:src/ui/src/previewmessagetab.cpp:applyAutoDetection","Method:src/ui/src/previewmessagetab.cpp:updateTitle#1","CALLS",0.95,"same-file",0
"Method:src/ui/src/previewmessagetab.cpp:applyAutoDetection","Method:src/ui/include/previewmanager.h:PreviewManager.findFirstMatchingEnabledPreview#1","CALLS",0.9,"import-resolved",0
"Method:src/ui/src/previewmessagetab.cpp:applyAutoDetection","Method:src/ui/src/previewmessagetab.cpp:renderPreview#1","CALLS",0.95,"same-file",0
"Method:src/ui/src/previewmessagetab.cpp:renderPreview","Method:src/ui/include/previewmanager.h:PreviewManager.all#0","CALLS",0.9,"import-resolved",0
"Method:src/ui/src/previewmessagetab.cpp:renderPreview","Method:src/ui/src/previewmessagetab.cpp:showMessage#1","CALLS",0.95,"same-file",0
"Method:src/ui/src/previewmessagetab.cpp:renderPreview","Method:src/ui/src/previewmessagetab.cpp:updateTitle#1","CALLS",0.95,"same-file",0
"Method:src/ui/src/previewmessagetab.cpp:renderPreview","Method:src/ui/include/previewmanager.h:PreviewManager.findByName#1","CALLS",0.9,"import-resolved",0
"Method:src/ui/src/previewmessagetab.cpp:updateTitle","Method:src/ui/src/previewmessagetab.cpp:makeSnippet#0","CALLS",0.95,"same-file",0
"Method:src/ui/src/previewmanager.cpp:importFromFile","Method:src/ui/include/previewconfigparser.h:PreviewConfigParser.parseFile#1","CALLS",0.9,"import-resolved",0
"Method:src/ui/src/previewmanager.cpp:importFromFile","Method:src/ui/src/abstractlogview.cpp:LineChunk.end#0","CALLS",0.5,"global",0
"Method:src/ui/src/previewmanager.cpp:removeByName","Method:src/ui/src/abstractlogview.cpp:LineChunk.end#0","CALLS",0.5,"global",0
"Method:src/ui/src/previewmanager.cpp:findByName","Method:src/ui/src/abstractlogview.cpp:LineChunk.end#0","CALLS",0.5,"global",0
"Method:src/ui/src/previewmanager.cpp:findBlock","Method:src/ui/src/abstractlogview.cpp:LineChunk.end#0","CALLS",0.5,"global",0
"Method:src/ui/src/previewmanager.cpp:setEnabled","Method:src/ui/src/abstractlogview.cpp:LineChunk.end#0","CALLS",0.5,"global",0
"Method:src/ui/src/previewconfigparser.cpp:parseFile","Method:src/ui/src/previewconfigparser.cpp:parseJson#1","CALLS",0.95,"same-file",0
"Method:src/ui/src/predefinedfiltersdialog.cpp:CenteredCheckbox.isChecked#0","Method:src/ui/src/predefinedfiltersdialog.cpp:CenteredCheckbox.isChecked#0","CALLS",0.95,"same-file",0
"Method:src/ui/src/predefinedfiltersdialog.cpp:CenteredCheckbox.setChecked#1","Method:src/ui/src/predefinedfiltersdialog.cpp:CenteredCheckbox.setChecked#1","CALLS",0.95,"same-file",0
"Method:src/ui/src/predefinedfiltersdialog.cpp:PredefinedFiltersDialog","Method:src/ui/src/predefinedfiltersdialog.cpp:populateFiltersTable#1","CALLS",0.95,"same-file",0
"Method:src/ui/src/predefinedfiltersdialog.cpp:PredefinedFiltersDialog","Method:src/settings/include/persistable.h:Persistable.getSynced#0","CALLS",0.5,"global",0
"Method:src/ui/src/predefinedfiltersdialog.cpp:PredefinedFiltersDialog","Method:src/ui/include/predefinedfilters.h:PredefinedFiltersCollection.getFilters#0","CALLS",0.9,"import-resolved",0
"Method:src/ui/src/predefinedfiltersdialog.cpp:PredefinedFiltersDialog","Method:src/ui/include/iconloader.h:IconLoader.load#1","CALLS",0.9,"import-resolved",0
"Method:src/ui/src/predefinedfiltersdialog.cpp:PredefinedFiltersDialog","Method:src/ui/src/predefinedfiltersdialog.cpp:addFilterRow#1","CALLS",0.95,"same-file",0
"Method:src/ui/src/predefinedfiltersdialog.cpp:updateButtons","Method:src/ui/src/predefinedfiltersdialog.cpp:updateUpDownButtons#1","CALLS",0.95,"same-file",0
"Method:src/ui/src/predefinedfiltersdialog.cpp:onCurrentCellChanged","Method:src/ui/src/predefinedfiltersdialog.cpp:updateUpDownButtons#1","CALLS",0.95,"same-file",0
"Method:src/ui/src/predefinedfiltersdialog.cpp:populateFiltersTable","Method:src/ui/include/viewinterface.h:ViewInterface.setData#2","CALLS",0.5,"global",0
"Method:src/ui/src/predefinedfiltersdialog.cpp:populateFiltersTable","Method:src/ui/src/predefinedfiltersdialog.cpp:CenteredCheckbox.setChecked#1","CALLS",0.95,"same-file",0
"Method:src/ui/src/predefinedfiltersdialog.cpp:populateFiltersTable","Method:src/ui/src/predefinedfiltersdialog.cpp:updateButtons#0","CALLS",0.95,"same-file",0
"Method:src/ui/src/predefinedfiltersdialog.cpp:saveSettings","Method:src/settings/include/persistable.h:Persistable.getSynced#0","CALLS",0.5,"global",0
"Method:src/ui/src/predefinedfiltersdialog.cpp:saveSettings","Method:src/ui/src/predefinedfiltersdialog.cpp:readFiltersTable#0","CALLS",0.95,"same-file",0
"Method:src/ui/src/predefinedfiltersdialog.cpp:readFiltersTable","Method:src/ui/src/predefinedfiltersdialog.cpp:CenteredCheckbox.isChecked#0","CALLS",0.95,"same-file",0
"Method:src/ui/src/predefinedfiltersdialog.cpp:addFilter","Method:src/ui/src/predefinedfiltersdialog.cpp:addFilterRow#1","CALLS",0.95,"same-file",0
"Method:src/ui/src/predefinedfiltersdialog.cpp:addFilterRow","Method:src/ui/include/viewinterface.h:ViewInterface.setData#2","CALLS",0.5,"global",0
"Method:src/ui/src/predefinedfiltersdialog.cpp:removeFilter","Method:src/ui/src/predefinedfiltersdialog.cpp:updateButtons#0","CALLS",0.95,"same-file",0
"Method:src/ui/src/predefinedfiltersdialog.cpp:moveFilterUp","Method:src/ui/src/predefinedfiltersdialog.cpp:swapFilters#3","CALLS",0.95,"same-file",0
"Method:src/ui/src/predefinedfiltersdialog.cpp:moveFilterDown","Method:src/ui/src/predefinedfiltersdialog.cpp:swapFilters#3","CALLS",0.95,"same-file",0
"Method:src/ui/src/predefinedfiltersdialog.cpp:swapFilters","Method:src/ui/src/predefinedfiltersdialog.cpp:CenteredCheckbox.isChecked#0","CALLS",0.95,"same-file",0
"Method:src/ui/src/predefinedfiltersdialog.cpp:swapFilters","Method:src/ui/src/predefinedfiltersdialog.cpp:CenteredCheckbox.setChecked#1","CALLS",0.95,"same-file",0
"Method:src/ui/src/predefinedfiltersdialog.cpp:importFilters","Method:src/ui/include/predefinedfilters.h:PredefinedFiltersCollection.retrieveFromStorage#1","CALLS",0.9,"import-resolved",0
"Method:src/ui/src/predefinedfiltersdialog.cpp:importFilters","Method:src/ui/src/predefinedfiltersdialog.cpp:populateFiltersTable#1","CALLS",0.95,"same-file",0
"Method:src/ui/src/predefinedfiltersdialog.cpp:importFilters","Method:src/ui/include/predefinedfilters.h:PredefinedFiltersCollection.getFilters#0","CALLS",0.9,"import-resolved",0
"Method:src/ui/src/predefinedfiltersdialog.cpp:exportFilters","Method:src/ui/include/predefinedfilters.h:PredefinedFiltersCollection.setFilters#1","CALLS",0.9,"import-resolved",0
"Method:src/ui/src/predefinedfiltersdialog.cpp:exportFilters","Method:src/ui/src/predefinedfiltersdialog.cpp:readFiltersTable#0","CALLS",0.95,"same-file",0
"Method:src/ui/src/predefinedfiltersdialog.cpp:exportFilters","Method:src/ui/include/predefinedfilters.h:PredefinedFiltersCollection.saveToStorage#1~QSettings$const","CALLS",0.9,"import-resolved",0
"Method:src/ui/src/predefinedfiltersdialog.cpp:resolveStandardButton","Method:src/ui/src/predefinedfiltersdialog.cpp:saveSettings#0","CALLS",0.95,"same-file",0
"Method:src/ui/src/predefinedfilterscombobox.cpp:QCheckListStyledItemDelegate.paint#3","Method:src/ui/src/predefinedfilterscombobox.cpp:QCheckListStyledItemDelegate.paint#3","CALLS",0.95,"same-file",0
"Method:src/ui/src/predefinedfilterscombobox.cpp:PredefinedFiltersComboBox","Method:src/ui/src/predefinedfilterscombobox.cpp:populatePredefinedFilters#0","CALLS",0.95,"same-file",0
"Method:src/ui/src/predefinedfilterscombobox.cpp:PredefinedFiltersComboBox","Method:src/ui/src/predefinedfilterscombobox.cpp:collectFilters#0","CALLS",0.95,"same-file",0
"Method:src/ui/src/predefinedfilterscombobox.cpp:populatePredefinedFilters","Method:src/ui/src/predefinedfilterscombobox.cpp:setTitle#1","CALLS",0.95,"same-file",0
"Method:src/ui/src/predefinedfilterscombobox.cpp:populatePredefinedFilters","Method:src/ui/src/predefinedfilterscombobox.cpp:insertFilters#1","CALLS",0.95,"same-file",0
"Method:src/ui/src/predefinedfilterscombobox.cpp:selectedFilterIndexes","Method:src/ui/include/wrappedstring.h:WrappedString.mid#2","CALLS",0.5,"global",0
"Method:src/ui/src/predefinedfilterscombobox.cpp:commanderFilters","Method:src/ui/src/predefinedfilterscombobox.cpp:selectedFilterIndexes#0","CALLS",0.95,"same-file",0
"Method:src/ui/src/predefinedfilterscombobox.cpp:showPopup","Method:src/ui/src/predefinedfilterscombobox.cpp:showPopup#0","CALLS",0.95,"same-file",0
"Method:src/ui/src/predefinedfilterscombobox.cpp:showPopup","Method:src/ui/include/wrappedstring.h:WrappedString.mid#2","CALLS",0.5,"global",0
"Method:src/ui/src/predefinedfilterscombobox.cpp:insertFilters","Method:src/ui/include/viewinterface.h:ViewInterface.setData#2","CALLS",0.5,"global",0
"Method:src/ui/src/predefinedfilters.cpp:saveToStorage","Method:src/settings/include/persistable.h:Persistable.save#0","CALLS",0.5,"global",0
"Method:src/ui/src/predefinedfilters.cpp:getSyncedFilters","Method:src/settings/include/persistable.h:Persistable.getSynced#0","CALLS",0.5,"global",0
"Method:src/ui/src/predefinedfilters.cpp:getSyncedFilters","Method:src/ui/src/predefinedfilters.cpp:getFilters#0","CALLS",0.95,"same-file",0
"Method:src/ui/src/overviewwidget.cpp:paintEvent","Method:src/ui/include/overview.h:Overview.updateView#1","CALLS",0.9,"import-resolved",0
"Method:src/ui/src/overviewwidget.cpp:paintEvent","Method:src/ui/include/overview.h:Overview.getMatchLines#0","CALLS",0.9,"import-resolved",0
"Method:src/ui/src/overviewwidget.cpp:paintEvent","Method:src/ui/include/overview.h:WeightedLine.weight#0","CALLS",0.9,"import-resolved",0
"Method:src/ui/src/overviewwidget.cpp:paintEvent","Method:src/ui/include/overview.h:Overview.getMarkLines#0","CALLS",0.9,"import-resolved",0
"Method:src/ui/src/overviewwidget.cpp:paintEvent","Method:src/ui/include/overview.h:Overview.getViewLines#0","CALLS",0.9,"import-resolved",0
"Method:src/ui/src/overviewwidget.cpp:paintEvent","Method:src/ui/include/overview.h:Overview.yFromFileLine#1","CALLS",0.9,"import-resolved",0
"Method:src/ui/src/overviewwidget.cpp:mousePressEvent","Method:src/ui/src/overviewwidget.cpp:handleMousePress#1","CALLS",0.95,"same-file",0
"Method:src/ui/src/overviewwidget.cpp:mouseMoveEvent","Method:src/ui/src/overviewwidget.cpp:handleMousePress#1","CALLS",0.95,"same-file",0
"Method:src/ui/src/overviewwidget.cpp:handleMousePress","Method:src/ui/include/overview.h:Overview.fileLineFromY#1","CALLS",0.9,"import-resolved",0
"Method:src/ui/src/overviewwidget.cpp:timerEvent","Method:src/ui/src/overviewwidget.cpp:timerEvent#1","CALLS",0.95,"same-file",0
"Method:src/ui/src/overview.cpp:updateView","Method:src/ui/src/overview.cpp:recalculatesLines#0","CALLS",0.95,"same-file",0
"Method:src/ui/src/overview.cpp:recalculatesLines","Method:src/logdata/include/logfiltereddata.h:LogFilteredData.iterateOverLines#1","CALLS",0.9,"import-resolved",0
"Method:src/ui/src/overview.cpp:recalculatesLines","Method:src/logdata/include/logfiltereddata.h:LogFilteredData.lineTypeByLine#1","CALLS",0.9,"import-resolved",0
"Method:src/ui/src/overview.cpp:recalculatesLines","Method:src/ui/src/overview.cpp:yFromFileLine#1","CALLS",0.95,"same-file",0
"Method:src/ui/src/overview.cpp:recalculatesLines","Method:src/ui/include/highlightedmatch.h:HighlightedMatchRanges.back#0","CALLS",0.5,"global",0
"Method:src/ui/src/overview.cpp:recalculatesLines","Method:src/ui/include/overview.h:WeightedLine.load#0","CALLS",0.9,"import-resolved",0
"Method:src/ui/src/optionsdialog.cpp:OptionsDialog","Method:src/ui/src/optionsdialog.cpp:setupTabs#0","CALLS",0.95,"same-file",0
"Method:src/ui/src/optionsdialog.cpp:OptionsDialog","Method:src/ui/src/optionsdialog.cpp:setupFontList#0","CALLS",0.95,"same-file",0
"Method:src/ui/src/optionsdialog.cpp:OptionsDialog","Method:src/ui/src/optionsdialog.cpp:setupRegexp#0","CALLS",0.95,"same-file",0
"Method:src/ui/src/optionsdialog.cpp:OptionsDialog","Method:src/ui/src/optionsdialog.cpp:setupStyles#0","CALLS",0.95,"same-file",0
"Method:src/ui/src/optionsdialog.cpp:OptionsDialog","Method:src/ui/src/optionsdialog.cpp:setupEncodings#0","CALLS",0.95,"same-file",0
"Method:src/ui/src/optionsdialog.cpp:OptionsDialog","Method:src/ui/src/optionsdialog.cpp:setupLanguageList#0","CALLS",0.95,"same-file",0
"Method:src/ui/src/optionsdialog.cpp:OptionsDialog","Method:src/ui/src/optionsdialog.cpp:setupComDefaults#0","CALLS",0.95,"same-file",0
"Method:src/ui/src/optionsdialog.cpp:OptionsDialog","Method:src/ui/src/optionsdialog.cpp:setupPolling#0","CALLS",0.95,"same-file",0
"Method:src/ui/src/optionsdialog.cpp:OptionsDialog","Method:src/ui/src/optionsdialog.cpp:setupSearchResultsCache#0","CALLS",0.95,"same-file",0
"Method:src/ui/src/optionsdialog.cpp:OptionsDialog","Method:src/ui/src/optionsdialog.cpp:setupLogging#0","CALLS",0.95,"same-file",0
"Method:src/ui/src/optionsdialog.cpp:OptionsDialog","Method:src/ui/src/optionsdialog.cpp:setupArchives#0","CALLS",0.95,"same-file",0
"Method:src/ui/src/optionsdialog.cpp:OptionsDialog","Method:src/ui/src/optionsdialog.cpp:buildShortcutsTable#1","CALLS",0.95,"same-file",0
"Method:src/ui/src/optionsdialog.cpp:OptionsDialog","Method:src/ui/src/optionsdialog.cpp:updateDialogFromConfig#0","CALLS",0.95,"same-file",0
"Method:src/ui/src/optionsdialog.cpp:setupTabs","Method:src/ui/include/overview.h:Overview.setVisible#1","CALLS",0.5,"global",0
"Method:src/ui/src/optionsdialog.cpp:setupFontList","Method:src/ui/include/fontutils.h:FontUtils.availableFonts#0","CALLS",0.9,"import-resolved",0
"Method:src/ui/src/optionsdialog.cpp:setupStyles","Method:src/settings/include/styles.h:StyleManager.availableStyles#0","CALLS",0.9,"import-resolved",0
"Method:src/ui/src/optionsdialog.cpp:setupEncodings","Method:src/ui/include/encodings.h:EncodingMenu.supportedEncodings#0","CALLS",0.9,"import-resolved",0
"Method:src/ui/src/optionsdialog.cpp:setupPolling","Method:src/ui/src/predefinedfiltersdialog.cpp:CenteredCheckbox.isChecked#0","CALLS",0.5,"global",0
"Method:src/ui/src/optionsdialog.cpp:setupSearchResultsCache","Method:src/ui/src/predefinedfiltersdialog.cpp:CenteredCheckbox.isChecked#0","CALLS",0.5,"global",0
"Method:src/ui/src/optionsdialog.cpp:setupLogging","Method:src/ui/src/predefinedfiltersdialog.cpp:CenteredCheckbox.isChecked#0","CALLS",0.5,"global",0
"Method:src/ui/src/optionsdialog.cpp:setupArchives","Method:src/ui/src/predefinedfiltersdialog.cpp:CenteredCheckbox.isChecked#0","CALLS",0.5,"global",0
"Method:src/ui/src/optionsdialog.cpp:updateDialogFromConfig","Method:src/ui/src/optionsdialog.cpp:updateFontSize#1","CALLS",0.95,"same-file",0
"Method:src/ui/src/optionsdialog.cpp:updateDialogFromConfig","Method:src/ui/src/predefinedfiltersdialog.cpp:CenteredCheckbox.setChecked#1","CALLS",0.5,"global",0
"Method:src/ui/src/optionsdialog.cpp:updateDialogFromConfig","Method:src/settings/include/configuration.h:Configuration.forceFontAntialiasing#0","CALLS",0.5,"global",0
"Method:src/ui/src/optionsdialog.cpp:updateDialogFromConfig","Method:src/settings/include/configuration.h:Configuration.useBoldFont#0","CALLS",0.5,"global",0
"Method:src/ui/src/optionsdialog.cpp:updateDialogFromConfig","Method:src/settings/include/configuration.h:Configuration.useTextWrap#0","CALLS",0.5,"global",0
"Method:src/ui/src/optionsdialog.cpp:updateDialogFromConfig","Method:src/settings/include/configuration.h:Configuration.enableQtHighDpi#0","CALLS",0.5,"global",0
"Method:src/ui/src/optionsdialog.cpp:updateDialogFromConfig","Method:src/settings/include/configuration.h:Configuration.scaleFactorRounding#0","CALLS",0.5,"global",0
"Method:src/ui/src/optionsdialog.cpp:updateDialogFromConfig","Method:src/settings/include/configuration.h:Configuration.language#0","CALLS",0.5,"global",0
"Method:src/ui/src/optionsdialog.cpp:updateDialogFromConfig","Method:src/settings/include/configuration.h:Configuration.hideAnsiColorSequences#0","CALLS",0.5,"global",0
"Method:src/ui/src/optionsdialog.cpp:updateDialogFromConfig","Method:src/settings/include/configuration.h:Configuration.showTabsBarByDefault#0","CALLS",0.5,"global",0
"Method:src/ui/src/optionsdialog.cpp:updateDialogFromConfig","Method:src/ui/src/optionsdialog.cpp:getRegexpTypeIndex#1","CALLS",0.95,"same-file",0
"Method:src/ui/src/optionsdialog.cpp:updateDialogFromConfig","Method:src/settings/include/configuration.h:Configuration.mainRegexpType#0","CALLS",0.5,"global",0
"Method:src/ui/src/optionsdialog.cpp:updateDialogFromConfig","Method:src/settings/include/configuration.h:Configuration.mainSearchBackColor#0","CALLS",0.5,"global",0
"Method:src/ui/src/optionsdialog.cpp:updateDialogFromConfig","Method:src/ui/include/highlighteredit.h:HighlighterEdit.updateIcon#2","CALLS",0.9,"import-resolved",0
"Method:src/ui/src/optionsdialog.cpp:updateDialogFromConfig","Method:src/settings/include/configuration.h:Configuration.quickfindRegexpType#0","CALLS",0.5,"global",0
"Method:src/ui/src/optionsdialog.cpp:updateDialogFromConfig","Method:src/settings/include/configuration.h:Configuration.qfBackColor#0","CALLS",0.5,"global",0
"Method:src/ui/src/optionsdialog.cpp:updateDialogFromConfig","Method:src/ui/src/optionsdialog.cpp:getRegexpEngineIndex#1","CALLS",0.95,"same-file",0
"Method:src/ui/src/optionsdialog.cpp:updateDialogFromConfig","Method:src/settings/include/configuration.h:Configuration.regexpEngine#0","CALLS",0.5,"global",0
"Method:src/ui/src/optionsdialog.cpp:updateDialogFromConfig","Method:src/settings/include/configuration.h:Configuration.autoRunSearchOnPatternChange#0","CALLS",0.5,"global",0
"Method:src/ui/src/optionsdialog.cpp:updateDialogFromConfig","Method:src/settings/include/configuration.h:Configuration.mainSearchHighlight#0","CALLS",0.5,"global",0
"Method:src/ui/src/optionsdialog.cpp:updateDialogFromConfig","Method:src/settings/include/configuration.h:Configuration.variateMainSearchHighlight#0","CALLS",0.5,"global",0
"Method:src/ui/src/optionsdialog.cpp:updateDialogFromConfig","Method:src/settings/include/configuration.h:Configuration.isQuickfindIncremental#0","CALLS",0.5,"global",0
"Method:src/ui/src/optionsdialog.cpp:updateDialogFromConfig","Method:src/settings/include/configuration.h:Configuration.isSearchIgnoreCaseDefault#0","CALLS",0.5,"global",0
"Method:src/ui/src/optionsdialog.cpp:updateDialogFromConfig","Method:src/settings/include/configuration.h:Configuration.isSearchLogicalCombiningDefault#0","CALLS",0.5,"global",0
"Method:src/ui/src/optionsdialog.cpp:updateDialogFromConfig","Method:src/settings/include/configuration.h:Configuration.isSearchAutoRefreshDefault#0","CALLS",0.5,"global",0
"Method:src/ui/src/optionsdialog.cpp:updateDialogFromConfig","Method:src/settings/include/configuration.h:Configuration.nativeFileWatchEnabled#0","CALLS",0.5,"global",0
"Method:src/ui/src/optionsdialog.cpp:updateDialogFromConfig","Method:src/settings/include/configuration.h:Configuration.fastModificationDetection#0","CALLS",0.5,"global",0
"Method:src/ui/src/optionsdialog.cpp:updateDialogFromConfig","Method:src/settings/include/configuration.h:Configuration.pollingEnabled#0","CALLS",0.5,"global",0
"Method:src/ui/src/optionsdialog.cpp:updateDialogFromConfig","Method:src/settings/include/configuration.h:Configuration.pollIntervalMs#0","CALLS",0.5,"global",0
"Method:src/ui/src/optionsdialog.cpp:updateDialogFromConfig","Method:src/settings/include/configuration.h:Configuration.allowFollowOnScroll#0","CALLS",0.5,"global",0
"Method:src/ui/src/optionsdialog.cpp:updateDialogFromConfig","Method:src/settings/include/configuration.h:Configuration.loadLastSession#0","CALLS",0.5,"global",0
"Method:src/ui/src/optionsdialog.cpp:updateDialogFromConfig","Method:src/settings/include/configuration.h:Configuration.followFileOnLoad#0","CALLS",0.5,"global",0
"Method:src/ui/src/optionsdialog.cpp:updateDialogFromConfig","Method:src/settings/include/configuration.h:Configuration.minimizeToTray#0","CALLS",0.5,"global",0
"Method:src/ui/src/optionsdialog.cpp:updateDialogFromConfig","Method:src/settings/include/configuration.h:Configuration.allowMultipleWindows#0","CALLS",0.5,"global",0
"Method:src/ui/src/optionsdialog.cpp:updateDialogFromConfig","Method:src/ui/include/startupprogress.h:StartupProgress.setValue#3","CALLS",0.5,"global",0
"Method:src/ui/src/optionsdialog.cpp:updateDialogFromConfig","Method:src/settings/include/configuration.h:Configuration.loggingLevel#0","CALLS",0.5,"global",0
"Method:src/ui/src/optionsdialog.cpp:updateDialogFromConfig","Method:src/settings/include/configuration.h:Configuration.extractArchives#0","CALLS",0.5,"global",0
"Method:src/ui/src/optionsdialog.cpp:updateDialogFromConfig","Method:src/settings/include/configuration.h:Configuration.extractArchivesAlways#0","CALLS",0.5,"global",0
"Method:src/ui/src/optionsdialog.cpp:updateDialogFromConfig","Method:src/settings/include/configuration.h:Configuration.useParallelSearch#0","CALLS",0.5,"global",0
"Method:src/ui/src/optionsdialog.cpp:updateDialogFromConfig","Method:src/settings/include/configuration.h:Configuration.useSearchResultsCache#0","CALLS",0.5,"global",0
"Method:src/ui/src/optionsdialog.cpp:updateDialogFromConfig","Method:src/settings/include/configuration.h:Configuration.searchResultsCacheLines#0","CALLS",0.5,"global",0
"Method:src/ui/src/optionsdialog.cpp:updateDialogFromConfig","Method:src/settings/include/configuration.h:Configuration.indexReadBufferSizeMb#0","CALLS",0.5,"global",0
"Method:src/ui/src/optionsdialog.cpp:updateDialogFromConfig","Method:src/settings/include/configuration.h:Configuration.searchReadBufferSizeLines#0","CALLS",0.5,"global",0
"Method:src/ui/src/optionsdialog.cpp:updateDialogFromConfig","Method:src/settings/include/configuration.h:Configuration.keepFileClosed#0","CALLS",0.5,"global",0
"Method:src/ui/src/optionsdialog.cpp:updateDialogFromConfig","Method:src/settings/include/configuration.h:Configuration.useCompressedIndex#0","CALLS",0.5,"global",0
"Method:src/ui/src/optionsdialog.cpp:updateDialogFromConfig","Method:src/settings/include/configuration.h:Configuration.useHsCombinationBit#0","CALLS",0.5,"global",0
"Method:src/ui/src/optionsdialog.cpp:updateDialogFromConfig","Method:src/settings/include/configuration.h:Configuration.optimizeForNotLatinEncodings#0","CALLS",0.5,"global",0
"Method:src/ui/src/optionsdialog.cpp:updateDialogFromConfig","Method:src/settings/include/configuration.h:Configuration.versionCheckingEnabled#0","CALLS",0.5,"global",0
"Method:src/ui/src/optionsdialog.cpp:updateDialogFromConfig","Method:src/settings/include/configuration.h:Configuration.verifySslPeers#0","CALLS",0.5,"global",0
"Method:src/ui/src/optionsdialog.cpp:updateDialogFromConfig","Method:src/ui/src/optionsdialog.cpp:buildShortcutsTable#1","CALLS",0.95,"same-file",0
"Method:src/ui/src/optionsdialog.cpp:updateDialogFromConfig","Method:src/settings/include/configuration.h:Configuration.defaultComBaudRate#0","CALLS",0.5,"global",0
"Method:src/ui/src/optionsdialog.cpp:updateDialogFromConfig","Method:src/settings/include/configuration.h:Configuration.defaultComDataBits#0","CALLS",0.5,"global",0
"Method:src/ui/src/optionsdialog.cpp:updateDialogFromConfig","Method:src/settings/include/configuration.h:Configuration.defaultComParity#0","CALLS",0.5,"global",0
"Method:src/ui/src/optionsdialog.cpp:updateDialogFromConfig","Method:src/settings/include/configuration.h:Configuration.defaultComStopBits#0","CALLS",0.5,"global",0
"Method:src/ui/src/optionsdialog.cpp:updateDialogFromConfig","Method:src/settings/include/configuration.h:Configuration.defaultComFlowControl#0","CALLS",0.5,"global",0
"Method:src/ui/src/optionsdialog.cpp:updateDialogFromConfig","Method:src/settings/include/configuration.h:Configuration.defaultComLogPath#0","CALLS",0.5,"global",0
"Method:src/ui/src/optionsdialog.cpp:updateDialogFromConfig","Method:src/settings/include/configuration.h:Configuration.defaultComTimestampEnabled#0","CALLS",0.5,"global",0
"Method:src/ui/src/optionsdialog.cpp:updateDialogFromConfig","Method:src/settings/include/configuration.h:Configuration.defaultComTimestampFormat#0","CALLS",0.5,"global",0
"Method:src/ui/src/optionsdialog.cpp:updateDialogFromConfig","Method:src/settings/include/configuration.h:Configuration.defaultComLogTransmits#0","CALLS",0.5,"global",0
"Method:src/ui/src/optionsdialog.cpp:updateDialogFromConfig","Method:src/settings/include/configuration.h:Configuration.defaultActionEditorLineEnding#0","CALLS",0.5,"global",0
"Method:src/ui/src/optionsdialog.cpp:updateDialogFromConfig","Method:src/ui/include/savedsearches.h:SavedSearches.historySize#0","CALLS",0.9,"import-resolved",0
"Method:src/ui/src/optionsdialog.cpp:updateDialogFromConfig","Method:src/ui/include/recentfiles.h:RecentFiles.filesHistoryMaxItems#0","CALLS",0.9,"import-resolved",0
"Method:src/ui/src/optionsdialog.cpp:updateFontSize","Method:src/ui/include/fontutils.h:FontUtils.availableFontSizes#1","CALLS",0.9,"import-resolved",0
"Method:src/ui/src/optionsdialog.cpp:updateFontSize","Method:src/ui/include/savedsearches.h:SavedSearches.clear#0","CALLS",0.9,"import-resolved",0
"Method:src/ui/src/optionsdialog.cpp:changeMainColor","Method:src/ui/include/highlighteredit.h:HighlighterEdit.showColorPicker#2","CALLS",0.9,"import-resolved",0
"Method:src/ui/src/optionsdialog.cpp:changeMainColor","Method:src/ui/include/highlighteredit.h:HighlighterEdit.updateIcon#2","CALLS",0.9,"import-resolved",0
"Method:src/ui/src/optionsdialog.cpp:changeQfColor","Method:src/ui/include/highlighteredit.h:HighlighterEdit.showColorPicker#2","CALLS",0.9,"import-resolved",0
"Method:src/ui/src/optionsdialog.cpp:changeQfColor","Method:src/ui/include/highlighteredit.h:HighlighterEdit.updateIcon#2","CALLS",0.9,"import-resolved",0
"Method:src/ui/src/optionsdialog.cpp:checkShortcutsOnDuplicate","Method:src/ui/src/optionsdialog.cpp:keySequence#0","CALLS",0.95,"same-file",0
"Method:src/ui/src/optionsdialog.cpp:checkShortcutsOnDuplicate","Method:src/ui/src/abstractlogview.cpp:LineChunk.end#0","CALLS",0.5,"global",0
"Method:src/ui/src/optionsdialog.cpp:updateTranslate","Method:src/ui/include/mainwindow.h:MainWindow.installLanguage#1","CALLS",0.9,"import-resolved",0
"Method:src/ui/src/optionsdialog.cpp:updateConfigFromDialog","Method:src/settings/include/configuration.h:Configuration.setForceFontAntialiasing#1","CALLS",0.5,"global",0
"Method:src/ui/src/optionsdialog.cpp:updateConfigFromDialog","Method:src/ui/src/predefinedfiltersdialog.cpp:CenteredCheckbox.isChecked#0","CALLS",0.5,"global",0
"Method:src/ui/src/optionsdialog.cpp:updateConfigFromDialog","Method:src/settings/include/configuration.h:Configuration.setUseBoldFont#1","CALLS",0.5,"global",0
"Method:src/ui/src/optionsdialog.cpp:updateConfigFromDialog","Method:src/settings/include/configuration.h:Configuration.setUseTextWrap#1","CALLS",0.5,"global",0
"Method:src/ui/src/optionsdialog.cpp:updateConfigFromDialog","Method:src/settings/include/configuration.h:Configuration.setEnableQtHighDpi#1","CALLS",0.5,"global",0
"Method:src/ui/src/optionsdialog.cpp:updateConfigFromDialog","Method:src/settings/include/configuration.h:Configuration.setScaleFactorRounding#1","CALLS",0.5,"global",0
"Method:src/ui/src/optionsdialog.cpp:updateConfigFromDialog","Method:src/settings/include/configuration.h:Configuration.setMainRegexpType#1","CALLS",0.5,"global",0
"Method:src/ui/src/optionsdialog.cpp:updateConfigFromDialog","Method:src/ui/src/optionsdialog.cpp:getRegexpTypeFromIndex#1","CALLS",0.95,"same-file",0
"Method:src/ui/src/optionsdialog.cpp:updateConfigFromDialog","Method:src/settings/include/configuration.h:Configuration.setMainSearchBackColor#1","CALLS",0.5,"global",0
"Method:src/ui/src/optionsdialog.cpp:updateConfigFromDialog","Method:src/settings/include/configuration.h:Configuration.setEnableMainSearchHighlight#1","CALLS",0.5,"global",0
"Method:src/ui/src/optionsdialog.cpp:updateConfigFromDialog","Method:src/settings/include/configuration.h:Configuration.setVariateMainSearchHighlight#1","CALLS",0.5,"global",0
"Method:src/ui/src/optionsdialog.cpp:updateConfigFromDialog","Method:src/settings/include/configuration.h:Configuration.setSearchIgnoreCaseDefault#1","CALLS",0.5,"global",0
"Method:src/ui/src/optionsdialog.cpp:updateConfigFromDialog","Method:src/settings/include/configuration.h:Configuration.setSearchAutoRefreshDefault#1","CALLS",0.5,"global",0
"Method:src/ui/src/optionsdialog.cpp:updateConfigFromDialog","Method:src/settings/include/configuration.h:Configuration.setSearchLogicalCombiningDefault#1","CALLS",0.5,"global",0
"Method:src/ui/src/optionsdialog.cpp:updateConfigFromDialog","Method:src/settings/include/configuration.h:Configuration.setQuickfindRegexpType#1","CALLS",0.5,"global",0
"Method:src/ui/src/optionsdialog.cpp:updateConfigFromDialog","Method:src/settings/include/configuration.h:Configuration.setQfBackColor#1","CALLS",0.5,"global",0
"Method:src/ui/src/optionsdialog.cpp:updateConfigFromDialog","Method:src/settings/include/configuration.h:Configuration.setQuickfindIncremental#1","CALLS",0.5,"global",0
"Method:src/ui/src/optionsdialog.cpp:updateConfigFromDialog","Method:src/settings/include/configuration.h:Configuration.setRegexpEnging#1","CALLS",0.5,"global",0
"Method:src/ui/src/optionsdialog.cpp:updateConfigFromDialog","Method:src/ui/src/optionsdialog.cpp:getRegexpEngineFromIndex#1","CALLS",0.95,"same-file",0
"Method:src/ui/src/optionsdialog.cpp:updateConfigFromDialog","Method:src/settings/include/configuration.h:Configuration.setAutoRunSearchOnPatternChange#1","CALLS",0.5,"global",0
"Method:src/ui/src/optionsdialog.cpp:updateConfigFromDialog","Method:src/settings/include/configuration.h:Configuration.setNativeFileWatchEnabled#1","CALLS",0.5,"global",0
"Method:src/ui/src/optionsdialog.cpp:updateConfigFromDialog","Method:src/settings/include/configuration.h:Configuration.setPollingEnabled#1","CALLS",0.5,"global",0
"Method:src/ui/src/optionsdialog.cpp:updateConfigFromDialog","Method:src/settings/include/configuration.h:Configuration.setPollIntervalMs#1","CALLS",0.5,"global",0
"Method:src/ui/src/optionsdialog.cpp:updateConfigFromDialog","Method:src/settings/include/configuration.h:Configuration.setFastModificationDetection#1","CALLS",0.5,"global",0
"Method:src/ui/src/optionsdialog.cpp:updateConfigFromDialog","Method:src/settings/include/configuration.h:Configuration.setAllowFollowOnScroll#1","CALLS",0.5,"global",0
"Method:src/ui/src/optionsdialog.cpp:updateConfigFromDialog","Method:src/settings/include/configuration.h:Configuration.setLoadLastSession#1","CALLS",0.5,"global",0
"Method:src/ui/src/optionsdialog.cpp:updateConfigFromDialog","Method:src/settings/include/configuration.h:Configuration.setFollowFileOnLoad#1","CALLS",0.5,"global",0
"Method:src/ui/src/optionsdialog.cpp:updateConfigFromDialog","Method:src/settings/include/configuration.h:Configuration.setAllowMultipleWindows#1","CALLS",0.5,"global",0
"Method:src/ui/src/optionsdialog.cpp:updateConfigFromDialog","Method:src/settings/include/configuration.h:Configuration.setMinimizeToTray#1","CALLS",0.5,"global",0
"Method:src/ui/src/optionsdialog.cpp:updateConfigFromDialog","Method:src/settings/include/configuration.h:Configuration.setEnableLogging#1","CALLS",0.5,"global",0
"Method:src/ui/src/optionsdialog.cpp:updateConfigFromDialog","Method:src/settings/include/configuration.h:Configuration.setLoggingLevel#1","CALLS",0.5,"global",0
"Method:src/ui/src/optionsdialog.cpp:updateConfigFromDialog","Method:src/settings/include/configuration.h:Configuration.setExtractArchives#1","CALLS",0.5,"global",0
"Method:src/ui/src/optionsdialog.cpp:updateConfigFromDialog","Method:src/settings/include/configuration.h:Configuration.setExtractArchivesAlways#1","CALLS",0.5,"global",0
"Method:src/ui/src/optionsdialog.cpp:updateConfigFromDialog","Method:src/settings/include/configuration.h:Configuration.setUseParallelSearch#1","CALLS",0.5,"global",0
"Method:src/ui/src/optionsdialog.cpp:updateConfigFromDialog","Method:src/settings/include/configuration.h:Configuration.setUseSearchResultsCache#1","CALLS",0.5,"global",0
"Method:src/ui/src/optionsdialog.cpp:updateConfigFromDialog","Method:src/settings/include/configuration.h:Configuration.setSearchResultsCacheLines#1","CALLS",0.5,"global",0
"Method:src/ui/src/optionsdialog.cpp:updateConfigFromDialog","Method:src/settings/include/configuration.h:Configuration.setIndexReadBufferSizeMb#1","CALLS",0.5,"global",0
"Method:src/ui/src/optionsdialog.cpp:updateConfigFromDialog","Method:src/settings/include/configuration.h:Configuration.setSearchReadBufferSizeLines#1","CALLS",0.5,"global",0
"Method:src/ui/src/optionsdialog.cpp:updateConfigFromDialog","Method:src/settings/include/configuration.h:Configuration.setKeepFileClosed#1","CALLS",0.5,"global",0
"Method:src/ui/src/optionsdialog.cpp:updateConfigFromDialog","Method:src/settings/include/configuration.h:Configuration.setUseCompressedIndex#1","CALLS",0.5,"global",0
"Method:src/ui/src/optionsdialog.cpp:updateConfigFromDialog","Method:src/settings/include/configuration.h:Configuration.setUseHsCombinationBit#1","CALLS",0.5,"global",0
"Method:src/ui/src/optionsdialog.cpp:updateConfigFromDialog","Method:src/settings/include/configuration.h:Configuration.setOptimizeForNotLatinEncodings#1","CALLS",0.5,"global",0
"Method:src/ui/src/optionsdialog.cpp:updateConfigFromDialog","Method:src/settings/include/configuration.h:Configuration.setVersionCheckingEnabled#1","CALLS",0.5,"global",0
"Method:src/ui/src/optionsdialog.cpp:updateConfigFromDialog","Method:src/settings/include/configuration.h:Configuration.setVerifySslPeers#1","CALLS",0.5,"global",0
"Method:src/ui/src/optionsdialog.cpp:updateConfigFromDialog","Method:src/settings/include/configuration.h:Configuration.setStyle#1","CALLS",0.5,"global",0
"Method:src/ui/src/optionsdialog.cpp:updateConfigFromDialog","Method:src/settings/include/configuration.h:Configuration.setHideAnsiColorSequences#1","CALLS",0.5,"global",0
"Method:src/ui/src/optionsdialog.cpp:updateConfigFromDialog","Method:src/settings/include/configuration.h:Configuration.setShowTabsBarByDefault#1","CALLS",0.5,"global",0
"Method:src/ui/src/optionsdialog.cpp:updateConfigFromDialog","Method:src/settings/include/configuration.h:Configuration.setDefaultEncodingMib#1","CALLS",0.5,"global",0
"Method:src/ui/src/optionsdialog.cpp:updateConfigFromDialog","Method:src/settings/include/configuration.h:Configuration.setDefaultComBaudRate#1","CALLS",0.5,"global",0
"Method:src/ui/src/optionsdialog.cpp:updateConfigFromDialog","Method:src/settings/include/configuration.h:Configuration.setDefaultComDataBits#1","CALLS",0.5,"global",0
"Method:src/ui/src/optionsdialog.cpp:updateConfigFromDialog","Method:src/settings/include/configuration.h:Configuration.setDefaultComParity#1","CALLS",0.5,"global",0
"Method:src/ui/src/optionsdialog.cpp:updateConfigFromDialog","Method:src/settings/include/configuration.h:Configuration.setDefaultComStopBits#1","CALLS",0.5,"global",0
"Method:src/ui/src/optionsdialog.cpp:updateConfigFromDialog","Method:src/settings/include/configuration.h:Configuration.setDefaultComFlowControl#1","CALLS",0.5,"global",0
"Method:src/ui/src/optionsdialog.cpp:updateConfigFromDialog","Method:src/settings/include/configuration.h:Configuration.setDefaultComLogPath#1","CALLS",0.5,"global",0
"Method:src/ui/src/optionsdialog.cpp:updateConfigFromDialog","Method:src/settings/include/configuration.h:Configuration.setDefaultComTimestampEnabled#1","CALLS",0.5,"global",0
"Method:src/ui/src/optionsdialog.cpp:updateConfigFromDialog","Method:src/settings/include/configuration.h:Configuration.setDefaultComTimestampFormat#1","CALLS",0.5,"global",0
"Method:src/ui/src/optionsdialog.cpp:updateConfigFromDialog","Method:src/settings/include/configuration.h:Configuration.setDefaultComLogTransmits#1","CALLS",0.5,"global",0
"Method:src/ui/src/optionsdialog.cpp:updateConfigFromDialog","Method:src/settings/include/configuration.h:Configuration.setDefaultActionEditorLineEnding#1","CALLS",0.5,"global",0
"Method:src/ui/src/optionsdialog.cpp:updateConfigFromDialog","Method:src/ui/src/optionsdialog.cpp:keySequence#0","CALLS",0.95,"same-file",0
"Method:src/ui/src/optionsdialog.cpp:updateConfigFromDialog","Method:src/settings/include/configuration.h:Configuration.setShortcuts#1","CALLS",0.5,"global",0
"Method:src/ui/src/optionsdialog.cpp:updateConfigFromDialog","Method:src/settings/include/configuration.h:Configuration.language#0","CALLS",0.5,"global",0
"Method:src/ui/src/optionsdialog.cpp:updateConfigFromDialog","Method:src/ui/src/optionsdialog.cpp:updateTranslate#0","CALLS",0.95,"same-file",0
"Method:src/ui/src/optionsdialog.cpp:updateConfigFromDialog","Method:src/settings/include/configuration.h:Configuration.setLanguage#1","CALLS",0.5,"global",0
"Method:src/ui/src/optionsdialog.cpp:updateConfigFromDialog","Method:src/settings/include/persistable.h:Persistable.save#0","CALLS",0.5,"global",0
"Method:src/ui/src/optionsdialog.cpp:updateConfigFromDialog","Method:src/ui/include/savedsearches.h:SavedSearches.setHistorySize#1","CALLS",0.9,"import-resolved",0
"Method:src/ui/src/optionsdialog.cpp:updateConfigFromDialog","Method:src/ui/include/recentfiles.h:RecentFiles.setFilesHistoryMaxItems#1","CALLS",0.9,"import-resolved",0
"Method:src/ui/src/optionsdialog.cpp:onButtonBoxClicked","Method:src/ui/src/optionsdialog.cpp:updateConfigFromDialog#0","CALLS",0.95,"same-file",0
"Method:src/ui/src/optionsdialog.cpp:showEditor","Method:src/ui/src/optionsdialog.cpp:keySequence#0","CALLS",0.95,"same-file",0
"Method:src/ui/src/optionsdialog.cpp:buildShortcutsTable","Method:src/settings/include/shortcuts.h:ShortcutAction.defaultShortcutList#0","CALLS",0.9,"import-resolved",0
"Method:src/ui/src/optionsdialog.cpp:buildShortcutsTable","Method:src/ui/include/viewinterface.h:ViewInterface.setData#2","CALLS",0.5,"global",0
"Method:src/ui/src/optionsdialog.cpp:buildShortcutsTable","Method:src/ui/src/optionsdialog.cpp:KeySequencePresenter#1","CALLS",0.95,"same-file",0
"Method:src/ui/src/optionsdialog.cpp:buildShortcutsTable","Method:src/ui/src/optionsdialog.cpp:checkShortcutsOnDuplicate#0","CALLS",0.95,"same-file",0
"Method:src/ui/src/opencomportdialog.cpp:OpenComPortDialog","Method:src/ui/src/opencomportdialog.cpp:populatePorts#0","CALLS",0.95,"same-file",0
"Method:src/ui/src/opencomportdialog.cpp:OpenComPortDialog","Method:src/ui/src/predefinedfiltersdialog.cpp:CenteredCheckbox.setChecked#1","CALLS",0.5,"global",0
"Method:src/ui/src/opencomportdialog.cpp:OpenComPortDialog","Method:src/ui/src/predefinedfiltersdialog.cpp:CenteredCheckbox.isChecked#0","CALLS",0.5,"global",0
"Method:src/ui/src/opencomportdialog.cpp:OpenComPortDialog","Method:src/ui/src/opencomportdialog.cpp:validateInputs#0","CALLS",0.95,"same-file",0
"Method:src/ui/src/opencomportdialog.cpp:OpenComPortDialog","Method:src/ui/src/opencomportdialog.cpp:updateSuggestedFileName#0","CALLS",0.95,"same-file",0
"Method:src/ui/src/opencomportdialog.cpp:OpenComPortDialog","Method:src/ui/src/opencomportdialog.cpp:suggestedFileName#0","CALLS",0.95,"same-file",0
"Method:src/ui/src/opencomportdialog.cpp:settings","Method:src/ui/src/predefinedfiltersdialog.cpp:CenteredCheckbox.isChecked#0","CALLS",0.5,"global",0
"Method:src/ui/src/opencomportdialog.cpp:updateSuggestedFileName","Method:src/ui/src/opencomportdialog.cpp:validateInputs#0","CALLS",0.95,"same-file",0
"Method:src/ui/src/opencomportdialog.cpp:browseForFile","Method:src/ui/src/opencomportdialog.cpp:validateInputs#0","CALLS",0.95,"same-file",0
"Method:src/ui/src/opencomportdialog.cpp:validateInputs","Method:src/ui/src/opencomportdialog.cpp:isPortItemEnabled#1","CALLS",0.95,"same-file",0
"Method:src/ui/src/opencomportdialog.cpp:validateInputs","Method:src/ui/src/predefinedfiltersdialog.cpp:CenteredCheckbox.isChecked#0","CALLS",0.5,"global",0
"Method:src/ui/src/opencomportdialog.cpp:populatePorts","Method:src/ui/include/streamsourceregistry.h:StreamSourceRegistry.isSerialPortActive#1","CALLS",0.9,"import-resolved",0
"Method:src/ui/src/menu.cpp:timerEvent","Method:src/ui/src/menu.cpp:timerEvent#1","CALLS",0.95,"same-file",0
"Method:src/ui/src/menu.cpp:timerEvent","Method:src/ui/src/menu.cpp:showToolTip#1","CALLS",0.95,"same-file",0
"Method:src/ui/src/menu.cpp:mouseMoveEvent","Method:src/ui/include/menu.h:HoverMenu.mouseInMenu#1","CALLS",0.9,"import-resolved",0
"Method:src/ui/src/menu.cpp:mouseMoveEvent","Method:src/ui/src/menu.cpp:mouseMoveEvent#1","CALLS",0.95,"same-file",0
"Method:src/ui/src/menu.cpp:mouseReleaseEvent","Method:src/ui/src/menu.cpp:mouseReleaseEvent#1","CALLS",0.95,"same-file",0
"Method:src/ui/src/mainwindow.cpp:MainWindow","Method:src/ui/include/session.h:WindowSession.getQuickFindPattern#0","CALLS",0.5,"global",0
"Method:src/ui/src/mainwindow.cpp:MainWindow","Method:src/ui/src/mainwindow.cpp:createActions#0","CALLS",0.95,"same-file",0
"Method:src/ui/src/mainwindow.cpp:MainWindow","Method:src/ui/src/mainwindow.cpp:createMenus#0","CALLS",0.95,"same-file",0
"Method:src/ui/src/mainwindow.cpp:MainWindow","Method:src/ui/src/mainwindow.cpp:createToolBars#0","CALLS",0.95,"same-file",0
"Method:src/ui/src/mainwindow.cpp:MainWindow","Method:src/ui/include/startupprogress.h:StartupProgress.advance#3","CALLS",0.9,"import-resolved",0
"Method:src/ui/src/mainwindow.cpp:MainWindow","Method:src/ui/src/mainwindow.cpp:readSettings#0","CALLS",0.95,"same-file",0
"Method:src/ui/src/mainwindow.cpp:MainWindow","Method:src/ui/src/mainwindow.cpp:createTrayIcon#0","CALLS",0.95,"same-file",0
"Method:src/ui/src/mainwindow.cpp:MainWindow","Method:src/ui/include/crawlerwidget.h:CrawlerWidget.applyConfiguration#0","CALLS",0.9,"import-resolved",0
"Method:src/ui/src/mainwindow.cpp:MainWindow","Method:src/ui/include/crawlerwidget.h:CrawlerWidget.followModeChanged#1","CALLS",0.9,"import-resolved",0
"Method:src/ui/src/mainwindow.cpp:MainWindow","Method:src/ui/src/mainwindow.cpp:changeFollowMode#1","CALLS",0.95,"same-file",0
"Method:src/ui/src/mainwindow.cpp:MainWindow","Method:src/ui/include/crawlerwidget.h:CrawlerWidget.newSelection#4","CALLS",0.9,"import-resolved",0
"Method:src/ui/src/mainwindow.cpp:MainWindow","Method:src/ui/src/mainwindow.cpp:lineNumberHandler#4","CALLS",0.95,"same-file",0
"Method:src/ui/src/mainwindow.cpp:MainWindow","Method:src/ui/include/crawlerwidget.h:CrawlerWidget.saveCurrentSearchAsPredefinedFilter#1","CALLS",0.9,"import-resolved",0
"Method:src/ui/src/mainwindow.cpp:MainWindow","Method:src/ui/src/mainwindow.cpp:newPredefinedFilterHandler#1","CALLS",0.95,"same-file",0
"Method:src/ui/src/mainwindow.cpp:MainWindow","Method:src/ui/src/mainwindow.cpp:sendToScratchpad#1","CALLS",0.95,"same-file",0
"Method:src/ui/src/mainwindow.cpp:MainWindow","Method:src/ui/src/mainwindow.cpp:replaceDataInScratchpad#1","CALLS",0.95,"same-file",0
"Method:src/ui/src/mainwindow.cpp:MainWindow","Method:src/ui/src/mainwindow.cpp:sendToPreview#2","CALLS",0.95,"same-file",0
"Method:src/ui/src/mainwindow.cpp:MainWindow","Method:src/ui/src/mainwindow.cpp:updateLoadingProgress#1","CALLS",0.95,"same-file",0
"Method:src/ui/src/mainwindow.cpp:MainWindow","Method:src/ui/include/crawlerwidget.h:CrawlerWidget.loadingFinished#1","CALLS",0.9,"import-resolved",0
"Method:src/ui/src/mainwindow.cpp:MainWindow","Method:src/ui/src/mainwindow.cpp:handleLoadingFinished#1","CALLS",0.95,"same-file",0
"Method:src/ui/src/mainwindow.cpp:MainWindow","Method:src/ui/include/crawlerwidget.h:CrawlerWidget.filteredViewChanged#0","CALLS",0.9,"import-resolved",0
"Method:src/ui/src/mainwindow.cpp:MainWindow","Method:src/ui/src/mainwindow.cpp:handleFilteredViewChanged#0","CALLS",0.95,"same-file",0
"Method:src/ui/src/mainwindow.cpp:MainWindow","Method:src/ui/src/mainwindow.cpp:closeTab#2","CALLS",0.95,"same-file",0
"Method:src/ui/src/mainwindow.cpp:MainWindow","Method:src/ui/include/quickfindwidget.h:QuickFindWidget.patternUpdated#3","CALLS",0.5,"global",0
"Method:src/ui/src/mainwindow.cpp:MainWindow","Method:src/ui/include/crawlerwidget.h:CrawlerWidget.searchForward#0","CALLS",0.9,"import-resolved",0
"Method:src/ui/src/mainwindow.cpp:MainWindow","Method:src/ui/include/crawlerwidget.h:CrawlerWidget.searchBackward#0","CALLS",0.9,"import-resolved",0
"Method:src/ui/src/mainwindow.cpp:MainWindow","Method:src/ui/include/quickfindmux.h:QuickFindMux.patternChanged#1","CALLS",0.5,"global",0
"Method:src/ui/src/mainwindow.cpp:MainWindow","Method:src/ui/src/mainwindow.cpp:changeQFPattern#1","CALLS",0.95,"same-file",0
"Method:src/ui/src/mainwindow.cpp:MainWindow","Method:src/ui/src/mainwindow.cpp:updateTitleBar#1","CALLS",0.95,"same-file",0
"Method:src/ui/src/mainwindow.cpp:MainWindow","Method:src/ui/src/mainwindow.cpp:loadIcons#0","CALLS",0.95,"same-file",0
"Method:src/ui/src/mainwindow.cpp:MainWindow","Method:src/ui/src/mainwindow.cpp:reTranslateUI#0","CALLS",0.95,"same-file",0
"Method:src/ui/src/mainwindow.cpp:MainWindow","Method:src/ui/src/mainwindow.cpp:refreshScriptStatusIndicators#0","CALLS",0.95,"same-file",0
"Method:src/ui/src/mainwindow.cpp:reloadSession","Method:src/ui/include/startupprogress.h:StartupProgress.advance#3","CALLS",0.9,"import-resolved",0
"Method:src/ui/src/mainwindow.cpp:reloadSession","Method:src/settings/include/configuration.h:Configuration.anyFileWatchEnabled#0","CALLS",0.9,"import-resolved",0
"Method:src/ui/src/mainwindow.cpp:reloadSession","Method:src/ui/src/mainwindow.cpp:publishScriptLifecycleEvent#2","CALLS",0.95,"same-file",0
"Method:src/ui/src/mainwindow.cpp:reloadSession","Method:src/ui/include/mainwindow.h:ComCaptureStartOptions.restore#0","CALLS",0.9,"import-resolved",0
"Method:src/ui/src/mainwindow.cpp:reloadSession","Method:src/ui/src/mainwindow.cpp:restoreScriptContextForTab#2","CALLS",0.95,"same-file",0
"Method:src/ui/src/mainwindow.cpp:reloadSession","Method:src/ui/src/mainwindow.cpp:restoreGlobalScriptContext#0","CALLS",0.95,"same-file",0
"Method:src/ui/src/mainwindow.cpp:reloadSession","Method:src/ui/src/predefinedfiltersdialog.cpp:CenteredCheckbox.setChecked#1","CALLS",0.5,"global",0
"Method:src/ui/src/mainwindow.cpp:reloadSession","Method:src/ui/src/mainwindow.cpp:updateOpenedFilesMenu#0","CALLS",0.95,"same-file",0
"Method:src/ui/src/mainwindow.cpp:isStartupReadyForDisplay","Method:src/ui/include/crawlerwidget.h:CrawlerWidget.isStartupPreparationPending#0","CALLS",0.9,"import-resolved",0
"Method:src/ui/src/mainwindow.cpp:loadInitialFile","Method:src/ui/src/mainwindow.cpp:loadFile#2","CALLS",0.95,"same-file",0
"Method:src/ui/src/mainwindow.cpp:executeCommanderRequest","Method:src/ui/src/mainwindow.cpp:loadFile#2","CALLS",0.95,"same-file",0
"Method:src/ui/src/mainwindow.cpp:executeCommanderRequest","Method:src/ui/src/mainwindow.cpp:openRemoteFile#3","CALLS",0.95,"same-file",0
"Method:src/ui/src/mainwindow.cpp:executeCommanderRequest","Method:src/ui/src/mainwindow.cpp:startComCaptureSession#3","CALLS",0.95,"same-file",0
"Method:src/ui/src/mainwindow.cpp:executeCommanderRequest","Method:src/ui/include/tabbedcrawlerwidget.h:TabbedCrawlerWidget.streamSessionForPath#1","CALLS",0.9,"import-resolved",0
"Method:src/ui/src/mainwindow.cpp:executeCommanderRequest","Method:src/ui/include/streamsession.h:StreamSession.closeConnection#0","CALLS",0.9,"import-resolved",0
"Method:src/ui/src/mainwindow.cpp:executeCommanderRequest","Method:src/ui/src/mainwindow.cpp:closeFileByPath#1","CALLS",0.95,"same-file",0
"Method:src/ui/src/mainwindow.cpp:executeCommanderRequest","Method:src/ui/src/mainwindow.cpp:closeUrlBySource#1","CALLS",0.95,"same-file",0
"Method:src/ui/src/mainwindow.cpp:executeCommanderRequest","Method:src/ui/src/mainwindow.cpp:closeComPortByName#1","CALLS",0.95,"same-file",0
"Method:src/ui/src/mainwindow.cpp:executeCommanderRequest","Method:src/ui/src/mainwindow.cpp:closeAllTabsCommander#0","CALLS",0.95,"same-file",0
"Method:src/ui/src/mainwindow.cpp:executeCommanderRequest","Method:src/ui/src/mainwindow.cpp:commanderWindowInfo#0","CALLS",0.95,"same-file",0
"Method:src/ui/src/mainwindow.cpp:executeCommanderRequest","Method:src/ui/src/mainwindow.cpp:commanderFilters#1","CALLS",0.95,"same-file",0
"Method:src/ui/src/mainwindow.cpp:executeCommanderRequest","Method:src/ui/src/mainwindow.cpp:commanderSendAction#1","CALLS",0.95,"same-file",0
"Method:src/ui/src/mainwindow.cpp:executeCommanderRequest","Method:src/ui/src/mainwindow.cpp:commanderWaitResponse#1","CALLS",0.95,"same-file",0
"Method:src/ui/src/mainwindow.cpp:executeCommanderRequest","Method:src/ui/src/mainwindow.cpp:commanderStartComm#1","CALLS",0.95,"same-file",0
"Method:src/ui/src/mainwindow.cpp:executeCommanderRequest","Method:src/ui/src/mainwindow.cpp:commanderStopComm#1","CALLS",0.95,"same-file",0
"Method:src/ui/src/mainwindow.cpp:executeCommanderRequest","Method:src/ui/src/mainwindow.cpp:commanderGetCommStatus#1","CALLS",0.95,"same-file",0
"Method:src/ui/src/mainwindow.cpp:executeCommanderRequest","Method:src/ui/src/mainwindow.cpp:commanderSetLogging#2","CALLS",0.95,"same-file",0
"Method:src/ui/src/mainwindow.cpp:executeCommanderRequest","Method:src/ui/src/mainwindow.cpp:commanderAddComment#1","CALLS",0.95,"same-file",0
"Method:src/ui/src/mainwindow.cpp:executeCommanderRequest","Method:src/ui/src/mainwindow.cpp:commanderGetResponseCounter#1","CALLS",0.95,"same-file",0
"Method:src/ui/src/mainwindow.cpp:executeCommanderRequest","Method:src/ui/src/mainwindow.cpp:commanderResetResponseCounter#1","CALLS",0.95,"same-file",0
"Method:src/ui/src/mainwindow.cpp:executeCommanderRequest","Method:src/ui/src/mainwindow.cpp:commanderClearComm#1","CALLS",0.95,"same-file",0
"Method:src/ui/src/mainwindow.cpp:executeCommanderRequest","Method:src/ui/src/mainwindow.cpp:focusTabById#1","CALLS",0.95,"same-file",0
"Method:src/ui/src/mainwindow.cpp:executeCommanderRequest","Method:src/ui/src/mainwindow.cpp:focusTabByIndex#1","CALLS",0.95,"same-file",0
"Method:src/ui/src/mainwindow.cpp:executeCommanderRequest","Method:src/ui/src/mainwindow.cpp:commanderSetFilter#1","CALLS",0.95,"same-file",0
"Method:src/ui/src/mainwindow.cpp:executeCommanderRequest","Method:src/ui/src/mainwindow.cpp:closeTabById#1","CALLS",0.95,"same-file",0
"Method:src/ui/src/mainwindow.cpp:executeCommanderRequest","Method:src/ui/src/mainwindow.cpp:closeTabByIndex#1","CALLS",0.95,"same-file",0
"Method:src/ui/src/mainwindow.cpp:executeCommanderRequest","Method:src/ui/src/mainwindow.cpp:commanderSearch#1","CALLS",0.95,"same-file",0
"Method:src/ui/src/mainwindow.cpp:executeCommanderRequest","Method:src/ui/src/mainwindow.cpp:commanderSetFollowMode#1","CALLS",0.95,"same-file",0
"Method:src/ui/src/mainwindow.cpp:executeCommanderRequest","Method:src/ui/src/mainwindow.cpp:commanderInvokeAction#1","CALLS",0.95,"same-file",0
"Method:src/ui/src/mainwindow.cpp:executeCommanderRequest","Method:src/ui/src/mainwindow.cpp:automationSnapshot#0","CALLS",0.95,"same-file",0
"Method:src/ui/src/mainwindow.cpp:commanderWindowInfo","Method:src/ui/include/tabbedcrawlerwidget.h:TabbedCrawlerWidget.tabIdAt#1","CALLS",0.9,"import-resolved",0
"Method:src/ui/src/mainwindow.cpp:commanderWindowInfo","Method:src/ui/include/tabbedcrawlerwidget.h:TabbedCrawlerWidget.tabDisplayNameAt#1","CALLS",0.9,"import-resolved",0
"Method:src/ui/src/mainwindow.cpp:commanderWindowInfo","Method:src/ui/include/tabbedcrawlerwidget.h:TabbedCrawlerWidget.streamSessionForPath#1","CALLS",0.9,"import-resolved",0
"Method:src/ui/src/mainwindow.cpp:commanderWindowInfo","Method:src/ui/include/streamsession.h:StreamSession.captureSettings#0","CALLS",0.9,"import-resolved",0
"Method:src/ui/src/mainwindow.cpp:commanderWindowInfo","Method:src/ui/include/streamsession.h:StreamSession.isConnectionOpen#0","CALLS",0.9,"import-resolved",0
"Method:src/ui/src/mainwindow.cpp:commanderWindowInfo","Method:src/ui/include/streamsession.h:StreamSession.isLoggingEnabled#0","CALLS",0.9,"import-resolved",0
"Method:src/ui/src/mainwindow.cpp:commanderWindowInfo","Method:src/ui/src/mainwindow.cpp:isActionsStreamSession#1","CALLS",0.95,"same-file",0
"Method:src/ui/src/mainwindow.cpp:commanderWindowInfo","Method:src/ui/include/session.h:WindowSession.windowId#0","CALLS",0.5,"global",0
"Method:src/ui/src/mainwindow.cpp:commanderWindowInfo","Method:src/ui/include/session.h:WindowSession.windowIndex#0","CALLS",0.5,"global",0
"Method:src/ui/src/mainwindow.cpp:automationSnapshot","Method:src/ui/src/mainwindow.cpp:automationTree#0","CALLS",0.95,"same-file",0
"Method:src/ui/src/mainwindow.cpp:automationSnapshot","Method:src/ui/src/mainwindow.cpp:commanderWindowInfo#0","CALLS",0.95,"same-file",0
"Method:src/ui/src/mainwindow.cpp:automationSnapshot","Method:src/ui/src/mainwindow.cpp:automationActions#0","CALLS",0.95,"same-file",0
"Method:src/ui/src/mainwindow.cpp:automationSnapshot","Method:src/ui/src/mainwindow.cpp:automationState#0","CALLS",0.95,"same-file",0
"Method:src/ui/src/mainwindow.cpp:automationState","Method:src/ui/src/mainwindow.cpp:commanderWindowInfo#0","CALLS",0.95,"same-file",0
"Method:src/ui/src/mainwindow.cpp:automationState","Method:src/ui/src/mainwindow.cpp:currentCrawlerWidget#0","CALLS",0.95,"same-file",0
"Method:src/ui/src/mainwindow.cpp:automationState","Method:src/ui/include/overview.h:Overview.isVisible#0","CALLS",0.5,"global",0
"Method:src/ui/src/mainwindow.cpp:automationState","Method:src/ui/src/mainwindow.cpp:isStartupReadyForDisplay#0","CALLS",0.95,"same-file",0
"Method:src/ui/src/mainwindow.cpp:automationState","Method:src/ui/include/tabbedcrawlerwidget.h:TabbedCrawlerWidget.tabDisplayNameAt#1","CALLS",0.9,"import-resolved",0
"Method:src/ui/src/mainwindow.cpp:automationState","Method:src/ui/include/crawlerwidget.h:CrawlerWidget.currentLineNumber#0","CALLS",0.9,"import-resolved",0
"Method:src/ui/src/mainwindow.cpp:automationState","Method:src/ui/include/crawlerwidget.h:CrawlerWidget.currentColumnNumber#0","CALLS",0.9,"import-resolved",0
"Method:src/ui/src/mainwindow.cpp:automationState","Method:src/ui/include/crawlerwidget.h:CrawlerWidget.isTextWrapEnabled#0","CALLS",0.9,"import-resolved",0
"Method:src/ui/src/mainwindow.cpp:automationState","Method:src/ui/include/crawlerwidget.h:CrawlerWidget.focusedViewObjectName#0","CALLS",0.9,"import-resolved",0
"Method:src/ui/src/mainwindow.cpp:automationState","Method:src/ui/include/crawlerwidget.h:CrawlerWidget.searchText#0","CALLS",0.9,"import-resolved",0
"Method:src/ui/src/mainwindow.cpp:automationState","Method:src/ui/include/crawlerwidget.h:CrawlerWidget.matchCount#0","CALLS",0.9,"import-resolved",0
"Method:src/ui/src/mainwindow.cpp:automationState","Method:src/ui/include/crawlerwidget.h:CrawlerWidget.isSearchInProgress#0","CALLS",0.9,"import-resolved",0
"Method:src/ui/src/mainwindow.cpp:automationState","Method:src/ui/include/crawlerwidget.h:CrawlerWidget.isFollowEnabled#0","CALLS",0.9,"import-resolved",0
"Method:src/ui/src/mainwindow.cpp:automationState","Method:src/ui/include/crawlerwidget.h:CrawlerWidget.isLoadingInProgress#0","CALLS",0.9,"import-resolved",0
"Method:src/ui/src/mainwindow.cpp:automationState","Method:src/ui/include/crawlerwidget.h:CrawlerWidget.encodingText#0","CALLS",0.9,"import-resolved",0
"Method:src/ui/src/mainwindow.cpp:automationState","Method:src/ui/include/crawlerwidget.h:CrawlerWidget.lastErrorText#0","CALLS",0.9,"import-resolved",0
"Method:src/ui/src/mainwindow.cpp:automationState","Method:src/ui/include/crawlerwidget.h:CrawlerWidget.visibleLineRange#0","CALLS",0.9,"import-resolved",0
"Method:src/ui/src/mainwindow.cpp:automationState","Method:src/ui/include/crawlerwidget.h:CrawlerWidget.mainVisibleLineRange#0","CALLS",0.9,"import-resolved",0
"Method:src/ui/src/mainwindow.cpp:automationState","Method:src/ui/include/crawlerwidget.h:CrawlerWidget.filteredVisibleLineRange#0","CALLS",0.9,"import-resolved",0
"Method:src/ui/src/mainwindow.cpp:automationUiTree","Method:src/ui/src/mainwindow.cpp:automationSnapshot#0","CALLS",0.95,"same-file",0
"Method:src/ui/src/mainwindow.cpp:scriptEventContextForFile","Method:src/ui/include/tabbedcrawlerwidget.h:TabbedCrawlerWidget.tabIdAt#1","CALLS",0.9,"import-resolved",0
"Method:src/ui/src/mainwindow.cpp:scriptEventContextForFile","Method:src/ui/include/session.h:WindowSession.windowId#0","CALLS",0.5,"global",0
"Method:src/ui/src/mainwindow.cpp:scriptEventContextForFile","Method:src/ui/include/session.h:WindowSession.windowIndex#0","CALLS",0.5,"global",0
"Method:src/ui/src/mainwindow.cpp:scriptEventContextForFile","Method:src/ui/include/tabbedcrawlerwidget.h:TabbedCrawlerWidget.tabDisplayNameAt#1","CALLS",0.9,"import-resolved",0
"Method:src/ui/src/mainwindow.cpp:scriptEventContextForFile","Method:src/ui/include/tabbedcrawlerwidget.h:TabbedCrawlerWidget.streamSessionForPath#1","CALLS",0.9,"import-resolved",0
"Method:src/ui/src/mainwindow.cpp:scriptEventContextForFile","Method:src/ui/include/streamsession.h:StreamSession.captureSettings#0","CALLS",0.9,"import-resolved",0
"Method:src/ui/src/mainwindow.cpp:publishScriptLifecycleEvent","Method:src/ui/src/mainwindow.cpp:scriptEventContextForFile#1","CALLS",0.95,"same-file",0
"Method:src/ui/src/mainwindow.cpp:publishScriptLifecycleEvent","Method:src/ui/src/mainwindow.cpp:publishScriptEvent#1","CALLS",0.95,"same-file",0
"Method:src/ui/src/mainwindow.cpp:publishScriptReceiveEvent","Method:src/ui/src/mainwindow.cpp:scriptEventContextForFile#1","CALLS",0.95,"same-file",0
"Method:src/ui/src/mainwindow.cpp:publishScriptReceiveEvent","Method:src/ui/src/mainwindow.cpp:publishScriptEvent#1","CALLS",0.95,"same-file",0
"Method:src/ui/src/mainwindow.cpp:publishScriptResponseEvent","Method:src/ui/src/mainwindow.cpp:scriptEventContextForFile#1","CALLS",0.95,"same-file",0
"Method:src/ui/src/mainwindow.cpp:publishScriptResponseEvent","Method:src/ui/src/mainwindow.cpp:publishScriptEvent#1","CALLS",0.95,"same-file",0
"Method:src/ui/src/mainwindow.cpp:publishScriptTxEvent","Method:src/ui/src/mainwindow.cpp:scriptEventContextForFile#1","CALLS",0.95,"same-file",0
"Method:src/ui/src/mainwindow.cpp:publishScriptTxEvent","Method:src/ui/src/mainwindow.cpp:publishScriptEvent#1","CALLS",0.95,"same-file",0
"Method:src/ui/src/mainwindow.cpp:publishScriptActionSendEvent","Method:src/ui/src/mainwindow.cpp:scriptEventContextForFile#1","CALLS",0.95,"same-file",0
"Method:src/ui/src/mainwindow.cpp:publishScriptActionSendEvent","Method:src/ui/src/mainwindow.cpp:publishScriptEvent#1","CALLS",0.95,"same-file",0
"Method:src/ui/src/mainwindow.cpp:refreshScriptStatusIndicators","Method:src/ui/include/tabbedcrawlerwidget.h:TabbedCrawlerWidget.tabIdAt#1","CALLS",0.9,"import-resolved",0
"Method:src/ui/src/mainwindow.cpp:refreshScriptStatusIndicators","Method:src/ui/include/tabbedcrawlerwidget.h:TabbedCrawlerWidget.setTabScriptActive#2","CALLS",0.9,"import-resolved",0
"Method:src/ui/src/mainwindow.cpp:scriptContextForTab","Method:src/ui/include/tabbedcrawlerwidget.h:TabbedCrawlerWidget.tabIdAt#1","CALLS",0.9,"import-resolved",0
"Method:src/ui/src/mainwindow.cpp:restoreScriptContextForTab","Method:src/ui/include/tabbedcrawlerwidget.h:TabbedCrawlerWidget.tabIdAt#1","CALLS",0.9,"import-resolved",0
"Method:src/ui/src/mainwindow.cpp:restoreScriptContextForTab","Method:src/ui/include/session.h:WindowSession.windowId#0","CALLS",0.5,"global",0
"Method:src/ui/src/mainwindow.cpp:restoreScriptContextForTab","Method:src/ui/include/session.h:WindowSession.windowIndex#0","CALLS",0.5,"global",0
"Method:src/ui/src/mainwindow.cpp:restoreScriptContextForTab","Method:src/ui/include/tabbedcrawlerwidget.h:TabbedCrawlerWidget.tabDisplayNameAt#1","CALLS",0.9,"import-resolved",0
"Method:src/ui/src/mainwindow.cpp:restoreScriptContextForTab","Method:src/ui/include/tabbedcrawlerwidget.h:TabbedCrawlerWidget.tabPathAt#1","CALLS",0.9,"import-resolved",0
"Method:src/ui/src/mainwindow.cpp:restoreScriptContextForTab","Method:src/ui/include/tabbedcrawlerwidget.h:TabbedCrawlerWidget.streamSessionForPath#1","CALLS",0.9,"import-resolved",0
"Method:src/ui/src/mainwindow.cpp:restoreScriptContextForTab","Method:src/ui/include/streamsession.h:StreamSession.captureSettings#0","CALLS",0.9,"import-resolved",0
"Method:src/ui/src/mainwindow.cpp:createActions","Method:src/ui/include/overview.h:Overview.setVisible#1","CALLS",0.5,"global",0
"Method:src/ui/src/mainwindow.cpp:createActions","Method:src/settings/include/configuration.h:Configuration.allowMultipleWindows#0","CALLS",0.9,"import-resolved",0
"Method:src/ui/src/mainwindow.cpp:createActions","Method:src/ui/src/mainwindow.cpp:open#0","CALLS",0.95,"same-file",0
"Method:src/ui/src/mainwindow.cpp:createActions","Method:src/ui/src/mainwindow.cpp:openComPort#0","CALLS",0.95,"same-file",0
"Method:src/ui/src/mainwindow.cpp:createActions","Method:src/ui/src/mainwindow.cpp:clearRecentFileActions#0","CALLS",0.95,"same-file",0
"Method:src/ui/src/mainwindow.cpp:createActions","Method:src/ui/src/mainwindow.cpp:closeTab#1","CALLS",0.95,"same-file",0
"Method:src/ui/src/mainwindow.cpp:createActions","Method:src/ui/src/mainwindow.cpp:closeAll#1","CALLS",0.95,"same-file",0
"Method:src/ui/src/mainwindow.cpp:createActions","Method:src/ui/src/mainwindow.cpp:copy#0","CALLS",0.95,"same-file",0
"Method:src/ui/src/mainwindow.cpp:createActions","Method:src/ui/src/mainwindow.cpp:selectAll#0","CALLS",0.95,"same-file",0
"Method:src/ui/src/mainwindow.cpp:createActions","Method:src/ui/include/crawlerwidget.h:CrawlerWidget.goToLine#0","CALLS",0.9,"import-resolved",0
"Method:src/ui/src/mainwindow.cpp:createActions","Method:src/ui/src/mainwindow.cpp:find#0","CALLS",0.95,"same-file",0
"Method:src/ui/src/mainwindow.cpp:createActions","Method:src/ui/src/mainwindow.cpp:clearLog#0","CALLS",0.95,"same-file",0
"Method:src/ui/src/mainwindow.cpp:createActions","Method:src/ui/src/mainwindow.cpp:openContainingFolder#0","CALLS",0.95,"same-file",0
"Method:src/ui/src/mainwindow.cpp:createActions","Method:src/ui/src/mainwindow.cpp:openInEditor#0","CALLS",0.95,"same-file",0
"Method:src/ui/src/mainwindow.cpp:createActions","Method:src/ui/src/mainwindow.cpp:copyFullPath#0","CALLS",0.95,"same-file",0
"Method:src/ui/src/mainwindow.cpp:createActions","Method:src/ui/src/mainwindow.cpp:openClipboard#0","CALLS",0.95,"same-file",0
"Method:src/ui/src/mainwindow.cpp:createActions","Method:src/ui/src/mainwindow.cpp:openUrl#0","CALLS",0.95,"same-file",0
"Method:src/ui/src/mainwindow.cpp:createActions","Method:src/ui/src/predefinedfiltersdialog.cpp:CenteredCheckbox.setChecked#1","CALLS",0.5,"global",0
"Method:src/ui/src/mainwindow.cpp:createActions","Method:src/settings/include/configuration.h:Configuration.isOverviewVisible#0","CALLS",0.9,"import-resolved",0
"Method:src/ui/src/mainwindow.cpp:createActions","Method:src/settings/include/configuration.h:Configuration.mainLineNumbersVisible#0","CALLS",0.9,"import-resolved",0
"Method:src/ui/src/mainwindow.cpp:createActions","Method:src/settings/include/configuration.h:Configuration.filteredLineNumbersVisible#0","CALLS",0.9,"import-resolved",0
"Method:src/ui/src/mainwindow.cpp:createActions","Method:src/settings/include/configuration.h:Configuration.anyFileWatchEnabled#0","CALLS",0.9,"import-resolved",0
"Method:src/ui/src/mainwindow.cpp:createActions","Method:src/settings/include/configuration.h:Configuration.showTabsBarByDefault#0","CALLS",0.9,"import-resolved",0
"Method:src/ui/src/mainwindow.cpp:createActions","Method:src/ui/include/tabbedcrawlerwidget.h:TabbedCrawlerWidget.setAlwaysShowTabBar#1","CALLS",0.9,"import-resolved",0
"Method:src/ui/src/mainwindow.cpp:createActions","Method:src/ui/src/predefinedfiltersdialog.cpp:CenteredCheckbox.isChecked#0","CALLS",0.5,"global",0
"Method:src/ui/src/mainwindow.cpp:createActions","Method:src/ui/include/crawlerwidget.h:CrawlerWidget.reload#0","CALLS",0.9,"import-resolved",0
"Method:src/ui/src/mainwindow.cpp:createActions","Method:src/ui/include/crawlerwidget.h:CrawlerWidget.stopLoading#0","CALLS",0.9,"import-resolved",0
"Method:src/ui/src/mainwindow.cpp:createActions","Method:src/ui/src/mainwindow.cpp:options#0","CALLS",0.95,"same-file",0
"Method:src/ui/src/mainwindow.cpp:createActions","Method:src/ui/src/mainwindow.cpp:editHighlighters#0","CALLS",0.95,"same-file",0
"Method:src/ui/src/mainwindow.cpp:createActions","Method:src/ui/src/mainwindow.cpp:documentation#0","CALLS",0.95,"same-file",0
"Method:src/ui/src/mainwindow.cpp:createActions","Method:src/ui/src/mainwindow.cpp:about#0","CALLS",0.95,"same-file",0
"Method:src/ui/src/mainwindow.cpp:createActions","Method:src/ui/src/mainwindow.cpp:aboutQt#0","CALLS",0.95,"same-file",0
"Method:src/ui/src/mainwindow.cpp:createActions","Method:src/crash_handler/include/issuereporter.h:IssueReporter.reportIssue#3","CALLS",0.9,"import-resolved",0
"Method:src/ui/src/mainwindow.cpp:createActions","Method:src/ui/src/mainwindow.cpp:generateDump#0","CALLS",0.95,"same-file",0
"Method:src/ui/src/mainwindow.cpp:createActions","Method:src/ui/src/mainwindow.cpp:showScratchPad#0","CALLS",0.95,"same-file",0
"Method:src/ui/src/mainwindow.cpp:createActions","Method:src/ui/src/mainwindow.cpp:showPreviewer#0","CALLS",0.95,"same-file",0
"Method:src/ui/src/mainwindow.cpp:createActions","Method:src/ui/src/mainwindow.cpp:showActionsResponses#0","CALLS",0.95,"same-file",0
"Method:src/ui/src/mainwindow.cpp:createActions","Method:src/ui/src/mainwindow.cpp:showScriptRunner#0","CALLS",0.95,"same-file",0
"Method:src/ui/src/mainwindow.cpp:createActions","Method:src/ui/src/mainwindow.cpp:showScenarioRunner#0","CALLS",0.95,"same-file",0
"Method:src/ui/src/mainwindow.cpp:createActions","Method:src/ui/src/mainwindow.cpp:showLabQueue#0","CALLS",0.95,"same-file",0
"Method:src/ui/src/mainwindow.cpp:createActions","Method:src/ui/src/mainwindow.cpp:addToFavorites#0","CALLS",0.95,"same-file",0
"Method:src/ui/src/mainwindow.cpp:createActions","Method:src/ui/src/mainwindow.cpp:removeFromFavorites#0","CALLS",0.95,"same-file",0
"Method:src/ui/src/mainwindow.cpp:createActions","Method:src/ui/src/mainwindow.cpp:selectOpenedFile#0","CALLS",0.95,"same-file",0
"Method:src/ui/src/mainwindow.cpp:createActions","Method:src/ui/src/mainwindow.cpp:openImportPreviewsDialog#0","CALLS",0.95,"same-file",0
"Method:src/ui/src/mainwindow.cpp:createActions","Method:src/ui/src/mainwindow.cpp:openImportActionsDialog#0","CALLS",0.95,"same-file",0
"Method:src/ui/src/mainwindow.cpp:createActions","Method:src/ui/src/mainwindow.cpp:updateShortcuts#0","CALLS",0.95,"same-file",0
"Method:src/ui/src/mainwindow.cpp:updateShortcuts","Method:src/settings/include/shortcuts.h:ShortcutAction.registerShortcut#6","CALLS",0.9,"import-resolved",0
"Method:src/ui/src/mainwindow.cpp:updateShortcuts","Method:src/ui/src/mainwindow.cpp:displayQuickFindBar#1","CALLS",0.95,"same-file",0
"Method:src/ui/src/mainwindow.cpp:updateShortcuts","Method:src/ui/src/mainwindow.cpp:currentCrawlerWidget#0","CALLS",0.95,"same-file",0
"Method:src/ui/src/mainwindow.cpp:updateShortcuts","Method:src/ui/include/crawlerwidget.h:CrawlerWidget.focusSearchEdit#0","CALLS",0.9,"import-resolved",0
"Method:src/ui/src/mainwindow.cpp:updateShortcuts","Method:src/settings/include/shortcuts.h:ShortcutAction.shortcutKeys#2","CALLS",0.9,"import-resolved",0
"Method:src/ui/src/mainwindow.cpp:createMenus","Method:src/ui/include/highlightersmenu.h:HighlightersMenu.setApplyChange#1","CALLS",0.9,"import-resolved",0
"Method:src/ui/src/mainwindow.cpp:createMenus","Method:src/ui/src/mainwindow.cpp:currentCrawlerWidget#0","CALLS",0.95,"same-file",0
"Method:src/ui/src/mainwindow.cpp:createMenus","Method:src/ui/include/crawlerwidget.h:CrawlerWidget.applyConfiguration#0","CALLS",0.9,"import-resolved",0
"Method:src/ui/src/mainwindow.cpp:createMenus","Method:src/ui/include/encodings.h:EncodingMenu.generate#1","CALLS",0.9,"import-resolved",0
"Method:src/ui/src/mainwindow.cpp:createToolBars","Method:src/ui/include/overview.h:Overview.setVisible#1","CALLS",0.5,"global",0
"Method:src/ui/src/mainwindow.cpp:createToolBars","Method:src/ui/src/mainwindow.cpp:showInfoLabels#1","CALLS",0.95,"same-file",0
"Method:src/ui/src/mainwindow.cpp:createTrayIcon","Method:src/ui/include/overview.h:Overview.isVisible#0","CALLS",0.5,"global",0
"Method:src/ui/src/mainwindow.cpp:createTrayIcon","Method:src/settings/include/configuration.h:Configuration.minimizeToTray#0","CALLS",0.9,"import-resolved",0
"Method:src/ui/src/mainwindow.cpp:open","Method:src/ui/src/mainwindow.cpp:currentCrawlerWidget#0","CALLS",0.95,"same-file",0
"Method:src/ui/src/mainwindow.cpp:openComPort","Method:src/ui/include/opencomportdialog.h:OpenComPortDialog.settings#0","CALLS",0.9,"import-resolved",0
"Method:src/ui/src/mainwindow.cpp:openComPort","Method:src/ui/include/mainwindow.h:ComCaptureStartOptions.interactive#0","CALLS",0.9,"import-resolved",0
"Method:src/ui/src/mainwindow.cpp:openComPort","Method:src/ui/src/mainwindow.cpp:loadFile#2","CALLS",0.95,"same-file",0
"Method:src/ui/src/mainwindow.cpp:openComPort","Method:src/ui/include/tabbedcrawlerwidget.h:TabbedCrawlerWidget.streamSessionForPath#1","CALLS",0.9,"import-resolved",0
"Method:src/ui/src/mainwindow.cpp:openComPort","Method:src/ui/include/streamsession.h:StreamSession.closeConnection#0","CALLS",0.9,"import-resolved",0
"Method:src/ui/src/mainwindow.cpp:openComPort","Method:src/ui/src/mainwindow.cpp:updateActionsSendState#0","CALLS",0.95,"same-file",0
"Method:src/ui/src/mainwindow.cpp:startComCaptureSession","Method:src/ui/include/tabbedcrawlerwidget.h:TabbedCrawlerWidget.streamSessionForPath#1","CALLS",0.9,"import-resolved",0
"Method:src/ui/src/mainwindow.cpp:startComCaptureSession","Method:src/ui/include/streamsession.h:StreamSession.isConnectionOpen#0","CALLS",0.9,"import-resolved",0
"Method:src/ui/src/mainwindow.cpp:startComCaptureSession","Method:src/ui/include/streamsession.h:StreamSession.closeConnection#0","CALLS",0.9,"import-resolved",0
"Method:src/ui/src/mainwindow.cpp:startComCaptureSession","Method:src/ui/include/tabbedcrawlerwidget.h:TabbedCrawlerWidget.clearStreamSessionForPath#1","CALLS",0.9,"import-resolved",0
"Method:src/ui/src/mainwindow.cpp:startComCaptureSession","Method:src/ui/include/tabbedcrawlerwidget.h:TabbedCrawlerWidget.setStreamSessionForPath#2","CALLS",0.9,"import-resolved",0
"Method:src/ui/src/mainwindow.cpp:startComCaptureSession","Method:src/ui/src/mainwindow.cpp:publishScriptLifecycleEvent#2","CALLS",0.95,"same-file",0
"Method:src/ui/src/mainwindow.cpp:startComCaptureSession","Method:src/ui/src/mainwindow.cpp:updateActionsSendState#0","CALLS",0.95,"same-file",0
"Method:src/ui/src/mainwindow.cpp:startComCaptureSession","Method:src/ui/src/mainwindow.cpp:publishScriptReceiveEvent#2","CALLS",0.95,"same-file",0
"Method:src/ui/src/mainwindow.cpp:startComCaptureSession","Method:src/ui/src/mainwindow.cpp:publishScriptTxEvent#2","CALLS",0.95,"same-file",0
"Method:src/ui/src/mainwindow.cpp:startComCaptureSession","Method:src/ui/src/mainwindow.cpp:publishScriptActionSendEvent#5","CALLS",0.95,"same-file",0
"Method:src/ui/src/mainwindow.cpp:startComCaptureSession","Method:src/ui/src/mainwindow.cpp:publishScriptResponseEvent#6","CALLS",0.95,"same-file",0
"Method:src/ui/src/mainwindow.cpp:startComCaptureSession","Method:src/ui/src/mainwindow.cpp:refreshScriptStatusIndicators#0","CALLS",0.95,"same-file",0
"Method:src/ui/src/mainwindow.cpp:openRemoteFile","Method:src/ui/include/startupprogress.h:StartupProgress.setRange#2","CALLS",0.9,"import-resolved",0
"Method:src/ui/src/mainwindow.cpp:openRemoteFile","Method:src/ui/include/startupprogress.h:StartupProgress.setValue#3","CALLS",0.9,"import-resolved",0
"Method:src/ui/src/mainwindow.cpp:openRemoteFile","Method:src/ui/src/mainwindow.cpp:open#0","CALLS",0.95,"same-file",0
"Method:src/ui/src/mainwindow.cpp:openRemoteFile","Method:src/ui/include/downloader.h:Downloader.download#2","CALLS",0.9,"import-resolved",0
"Method:src/ui/src/mainwindow.cpp:openRemoteFile","Method:src/ui/src/mainwindow.cpp:registerRemoteFileSource#2","CALLS",0.95,"same-file",0
"Method:src/ui/src/mainwindow.cpp:openRemoteFile","Method:src/ui/include/downloader.h:Downloader.lastError#0","CALLS",0.9,"import-resolved",0
"Method:src/ui/src/mainwindow.cpp:openFileFromRecent","Method:src/ui/src/mainwindow.cpp:removeFromRecent#1","CALLS",0.95,"same-file",0
"Method:src/ui/src/mainwindow.cpp:openFileFromFavorites","Method:src/ui/src/mainwindow.cpp:removeFromFavorites#1","CALLS",0.95,"same-file",0
"Method:src/ui/src/mainwindow.cpp:closeTab","Method:src/ui/src/mainwindow.cpp:closeTab#2","CALLS",0.95,"same-file",0
"Method:src/ui/src/mainwindow.cpp:closeAll","Method:src/ui/src/mainwindow.cpp:closeTab#2","CALLS",0.95,"same-file",0
"Method:src/ui/src/mainwindow.cpp:selectAll","Method:src/ui/src/mainwindow.cpp:currentCrawlerWidget#0","CALLS",0.95,"same-file",0
"Method:src/ui/src/mainwindow.cpp:selectAll","Method:src/ui/include/crawlerwidget.h:CrawlerWidget.selectAll#0","CALLS",0.9,"import-resolved",0
"Method:src/ui/src/mainwindow.cpp:copy","Method:src/ui/src/mainwindow.cpp:currentCrawlerWidget#0","CALLS",0.95,"same-file",0
"Method:src/ui/src/mainwindow.cpp:copy","Method:src/ui/include/crawlerwidget.h:CrawlerWidget.getSelectedText#0","CALLS",0.9,"import-resolved",0
"Method:src/ui/src/mainwindow.cpp:find","Method:src/ui/src/mainwindow.cpp:displayQuickFindBar#1","CALLS",0.95,"same-file",0
"Method:src/ui/src/mainwindow.cpp:clearLog","Method:src/ui/src/mainwindow.cpp:currentCrawlerWidget#0","CALLS",0.95,"same-file",0
"Method:src/ui/src/mainwindow.cpp:copyFullPath","Method:src/ui/src/mainwindow.cpp:currentCrawlerWidget#0","CALLS",0.95,"same-file",0
"Method:src/ui/src/mainwindow.cpp:openContainingFolder","Method:src/ui/src/mainwindow.cpp:currentCrawlerWidget#0","CALLS",0.95,"same-file",0
"Method:src/ui/src/mainwindow.cpp:openInEditor","Method:src/ui/src/mainwindow.cpp:currentCrawlerWidget#0","CALLS",0.95,"same-file",0
"Method:src/ui/src/mainwindow.cpp:tryOpenClipboard","Method:src/ui/src/mainwindow.cpp:tryOpenClipboard#1","CALLS",0.95,"same-file",0
"Method:src/ui/src/mainwindow.cpp:tryOpenClipboard","Method:src/ui/src/mainwindow.cpp:open#0","CALLS",0.95,"same-file",0
"Method:src/ui/src/mainwindow.cpp:openClipboard","Method:src/ui/src/mainwindow.cpp:tryOpenClipboard#1","CALLS",0.95,"same-file",0
"Method:src/ui/src/mainwindow.cpp:openUrl","Method:src/ui/src/mainwindow.cpp:openRemoteFile#3","CALLS",0.95,"same-file",0
"Method:src/ui/src/mainwindow.cpp:editHighlighters","Method:src/ui/include/crawlerwidget.h:CrawlerWidget.applyConfiguration#0","CALLS",0.9,"import-resolved",0
"Method:src/ui/src/mainwindow.cpp:editHighlighters","Method:src/ui/src/mainwindow.cpp:updateHighlightersMenu#0","CALLS",0.95,"same-file",0
"Method:src/ui/src/mainwindow.cpp:editPredefinedFilters","Method:src/ui/include/crawlerwidget.h:CrawlerWidget.applyConfiguration#0","CALLS",0.9,"import-resolved",0
"Method:src/ui/src/mainwindow.cpp:options","Method:src/ui/include/crawlerwidget.h:CrawlerWidget.applyConfiguration#0","CALLS",0.9,"import-resolved",0
"Method:src/ui/src/mainwindow.cpp:options","Method:src/settings/include/configuration.h:Configuration.loggingLevel#0","CALLS",0.9,"import-resolved",0
"Method:src/ui/src/mainwindow.cpp:options","Method:src/ui/include/overview.h:Overview.setVisible#1","CALLS",0.5,"global",0
"Method:src/ui/src/mainwindow.cpp:options","Method:src/settings/include/configuration.h:Configuration.allowMultipleWindows#0","CALLS",0.9,"import-resolved",0
"Method:src/ui/src/mainwindow.cpp:options","Method:src/settings/include/configuration.h:Configuration.anyFileWatchEnabled#0","CALLS",0.9,"import-resolved",0
"Method:src/ui/src/mainwindow.cpp:options","Method:src/ui/src/mainwindow.cpp:updateShortcuts#0","CALLS",0.95,"same-file",0
"Method:src/ui/src/mainwindow.cpp:options","Method:src/ui/src/mainwindow.cpp:updateRecentFileActions#0","CALLS",0.95,"same-file",0
"Method:src/ui/src/mainwindow.cpp:showScratchPad","Method:src/app/messagereceiver.h:MessageReceiver.activateWindow#0","CALLS",0.5,"global",0
"Method:src/ui/src/mainwindow.cpp:showPreviewer","Method:src/app/messagereceiver.h:MessageReceiver.activateWindow#0","CALLS",0.5,"global",0
"Method:src/ui/src/mainwindow.cpp:showActionsResponses","Method:src/ui/src/mainwindow.cpp:updateActionsSendState#0","CALLS",0.95,"same-file",0
"Method:src/ui/src/mainwindow.cpp:showActionsResponses","Method:src/app/messagereceiver.h:MessageReceiver.activateWindow#0","CALLS",0.5,"global",0
"Method:src/ui/src/mainwindow.cpp:sendToScratchpad","Method:src/ui/src/mainwindow.cpp:showScratchPad#0","CALLS",0.95,"same-file",0
"Method:src/ui/src/mainwindow.cpp:replaceDataInScratchpad","Method:src/ui/src/mainwindow.cpp:showScratchPad#0","CALLS",0.95,"same-file",0
"Method:src/ui/src/mainwindow.cpp:sendToPreview","Method:src/ui/src/mainwindow.cpp:showPreviewer#0","CALLS",0.95,"same-file",0
"Method:src/ui/src/mainwindow.cpp:sendActionById","Method:src/ui/include/actionsmanager.h:ActionsManager.findActionById#1","CALLS",0.9,"import-resolved",0
"Method:src/ui/src/mainwindow.cpp:sendActionById","Method:src/ui/include/streamsession.h:StreamSession.isConnectionOpen#0","CALLS",0.9,"import-resolved",0
"Method:src/ui/src/mainwindow.cpp:sendActionById","Method:src/ui/src/mainwindow.cpp:currentStreamSession#0","CALLS",0.95,"same-file",0
"Method:src/ui/src/mainwindow.cpp:sendActionById","Method:src/ui/include/tabbedcrawlerwidget.h:TabbedCrawlerWidget.hasOpenStreamSession#0","CALLS",0.9,"import-resolved",0
"Method:src/ui/src/mainwindow.cpp:sendActionById","Method:src/ui/include/tabbedcrawlerwidget.h:TabbedCrawlerWidget.firstOpenStreamSession#0","CALLS",0.9,"import-resolved",0
"Method:src/ui/src/mainwindow.cpp:encodingChanged","Method:src/ui/src/mainwindow.cpp:currentCrawlerWidget#0","CALLS",0.95,"same-file",0
"Method:src/ui/src/mainwindow.cpp:encodingChanged","Method:src/ui/include/crawlerwidget.h:CrawlerWidget.setEncoding#1","CALLS",0.9,"import-resolved",0
"Method:src/ui/src/mainwindow.cpp:encodingChanged","Method:src/ui/src/mainwindow.cpp:updateInfoLine#0","CALLS",0.95,"same-file",0
"Method:src/ui/src/mainwindow.cpp:toggleOverviewVisibility","Method:src/settings/include/configuration.h:Configuration.setOverviewVisible#1","CALLS",0.9,"import-resolved",0
"Method:src/ui/src/mainwindow.cpp:toggleOverviewVisibility","Method:src/settings/include/persistable.h:Persistable.save#0","CALLS",0.5,"global",0
"Method:src/ui/src/mainwindow.cpp:toggleMainLineNumbersVisibility","Method:src/settings/include/configuration.h:Configuration.setMainLineNumbersVisible#1","CALLS",0.9,"import-resolved",0
"Method:src/ui/src/mainwindow.cpp:toggleMainLineNumbersVisibility","Method:src/settings/include/persistable.h:Persistable.save#0","CALLS",0.5,"global",0
"Method:src/ui/src/mainwindow.cpp:toggleFilteredLineNumbersVisibility","Method:src/settings/include/configuration.h:Configuration.setFilteredLineNumbersVisible#1","CALLS",0.9,"import-resolved",0
"Method:src/ui/src/mainwindow.cpp:toggleFilteredLineNumbersVisibility","Method:src/settings/include/persistable.h:Persistable.save#0","CALLS",0.5,"global",0
"Method:src/ui/src/mainwindow.cpp:changeFollowMode","Method:src/settings/include/configuration.h:Configuration.nativeFileWatchEnabled#0","CALLS",0.9,"import-resolved",0
"Method:src/ui/src/mainwindow.cpp:changeFollowMode","Method:src/settings/include/configuration.h:Configuration.pollingEnabled#0","CALLS",0.9,"import-resolved",0
"Method:src/ui/src/mainwindow.cpp:changeFollowMode","Method:src/ui/src/predefinedfiltersdialog.cpp:CenteredCheckbox.setChecked#1","CALLS",0.5,"global",0
"Method:src/ui/src/mainwindow.cpp:lineNumberHandler","Method:src/ui/src/mainwindow.cpp:currentCrawlerWidget#0","CALLS",0.95,"same-file",0
"Method:src/ui/src/mainwindow.cpp:newPredefinedFilterHandler","Method:src/ui/src/mainwindow.cpp:editPredefinedFilters#1","CALLS",0.95,"same-file",0
"Method:src/ui/src/mainwindow.cpp:updateLoadingProgress","Method:src/ui/src/mainwindow.cpp:currentCrawlerWidget#0","CALLS",0.95,"same-file",0
"Method:src/ui/src/mainwindow.cpp:updateLoadingProgress","Method:src/ui/src/mainwindow.cpp:showInfoLabels#1","CALLS",0.95,"same-file",0
"Method:src/ui/src/mainwindow.cpp:handleLoadingFinished","Method:src/ui/src/mainwindow.cpp:updateInfoLine#0","CALLS",0.95,"same-file",0
"Method:src/ui/src/mainwindow.cpp:handleLoadingFinished","Method:src/ui/src/mainwindow.cpp:showInfoLabels#1","CALLS",0.95,"same-file",0
"Method:src/ui/src/mainwindow.cpp:handleLoadingFinished","Method:src/ui/src/mainwindow.cpp:lineNumberHandler#4","CALLS",0.95,"same-file",0
"Method:src/ui/src/mainwindow.cpp:handleLoadingFinished","Method:src/ui/src/mainwindow.cpp:currentCrawlerWidget#0","CALLS",0.95,"same-file",0
"Method:src/ui/src/mainwindow.cpp:handleLoadingFinished","Method:src/ui/src/mainwindow.cpp:closeTab#2","CALLS",0.95,"same-file",0
"Method:src/ui/src/mainwindow.cpp:closeTab","Method:src/ui/src/mainwindow.cpp:publishScriptLifecycleEvent#2","CALLS",0.95,"same-file",0
"Method:src/ui/src/mainwindow.cpp:closeTab","Method:src/ui/include/tabbedcrawlerwidget.h:TabbedCrawlerWidget.tabIdAt#1","CALLS",0.9,"import-resolved",0
"Method:src/ui/src/mainwindow.cpp:closeTab","Method:src/ui/include/tabbedcrawlerwidget.h:TabbedCrawlerWidget.streamSessionForPath#1","CALLS",0.9,"import-resolved",0
"Method:src/ui/src/mainwindow.cpp:closeTab","Method:src/ui/include/streamsession.h:StreamSession.isConnectionOpen#0","CALLS",0.9,"import-resolved",0
"Method:src/ui/src/mainwindow.cpp:closeTab","Method:src/ui/include/streamsession.h:StreamSession.closeConnection#0","CALLS",0.9,"import-resolved",0
"Method:src/ui/src/mainwindow.cpp:closeTab","Method:src/ui/include/tabbedcrawlerwidget.h:TabbedCrawlerWidget.clearStreamSessionForPath#1","CALLS",0.9,"import-resolved",0
"Method:src/ui/src/mainwindow.cpp:closeTab","Method:src/ui/include/crawlerwidget.h:CrawlerWidget.stopLoading#0","CALLS",0.9,"import-resolved",0
"Method:src/ui/src/mainwindow.cpp:closeTab","Method:src/ui/include/tabbedcrawlerwidget.h:TabbedCrawlerWidget.removeCrawler#1","CALLS",0.9,"import-resolved",0
"Method:src/ui/src/mainwindow.cpp:closeTab","Method:src/ui/src/mainwindow.cpp:addRecentFile#1","CALLS",0.95,"same-file",0
"Method:src/ui/src/mainwindow.cpp:closeTab","Method:src/ui/src/mainwindow.cpp:updateOpenedFilesMenu#0","CALLS",0.95,"same-file",0
"Method:src/ui/src/mainwindow.cpp:closeTab","Method:src/ui/src/mainwindow.cpp:updateActionsSendState#0","CALLS",0.95,"same-file",0
"Method:src/ui/src/mainwindow.cpp:closeTab","Method:src/ui/src/mainwindow.cpp:refreshScriptStatusIndicators#0","CALLS",0.95,"same-file",0
"Method:src/ui/src/mainwindow.cpp:startNewStreamFileForTab","Method:src/ui/include/tabbedcrawlerwidget.h:TabbedCrawlerWidget.streamSessionForPath#1","CALLS",0.9,"import-resolved",0
"Method:src/ui/src/mainwindow.cpp:startNewStreamFileForTab","Method:src/ui/include/streamsession.h:StreamSession.isConnectionOpen#0","CALLS",0.9,"import-resolved",0
"Method:src/ui/src/mainwindow.cpp:startNewStreamFileForTab","Method:src/ui/include/streamsession.h:StreamSession.captureSettings#0","CALLS",0.9,"import-resolved",0
"Method:src/ui/src/mainwindow.cpp:startNewStreamFileForTab","Method:src/ui/src/mainwindow.cpp:loadFile#2","CALLS",0.95,"same-file",0
"Method:src/ui/src/mainwindow.cpp:startNewStreamFileForTab","Method:src/ui/include/streamsession.h:StreamSession.startNewCaptureFile#2","CALLS",0.9,"import-resolved",0
"Method:src/ui/src/mainwindow.cpp:startNewStreamFileForTab","Method:src/ui/src/mainwindow.cpp:closeTab#2","CALLS",0.95,"same-file",0
"Method:src/ui/src/mainwindow.cpp:startNewStreamFileForTab","Method:src/ui/include/tabbedcrawlerwidget.h:TabbedCrawlerWidget.remapStreamSessionPath#2","CALLS",0.9,"import-resolved",0
"Method:src/ui/src/mainwindow.cpp:startNewStreamFileForTab","Method:src/ui/src/mainwindow.cpp:publishScriptLifecycleEvent#2","CALLS",0.95,"same-file",0
"Method:src/ui/src/mainwindow.cpp:startNewStreamFileForTab","Method:src/ui/src/mainwindow.cpp:updateActionsSendState#0","CALLS",0.95,"same-file",0
"Method:src/ui/src/mainwindow.cpp:startNewStreamFileForTab","Method:src/ui/src/mainwindow.cpp:updateComPortStatus#0","CALLS",0.95,"same-file",0
"Method:src/ui/src/mainwindow.cpp:startNewStreamFileForTab","Method:src/ui/src/mainwindow.cpp:refreshComTabIndicators#0","CALLS",0.95,"same-file",0
"Method:src/ui/src/mainwindow.cpp:startNewStreamFileForTab","Method:src/ui/src/mainwindow.cpp:refreshScriptStatusIndicators#0","CALLS",0.95,"same-file",0
"Method:src/ui/src/mainwindow.cpp:startNewStreamFileForTab","Method:src/ui/src/mainwindow.cpp:updateOpenedFilesMenu#0","CALLS",0.95,"same-file",0
"Method:src/ui/src/mainwindow.cpp:startNewStreamFileForTab","Method:src/ui/include/crawlerwidget.h:CrawlerWidget.setViewContextLazy#1","CALLS",0.9,"import-resolved",0
"Method:src/ui/src/mainwindow.cpp:closeTabById","Method:src/ui/include/tabbedcrawlerwidget.h:TabbedCrawlerWidget.findTabById#1","CALLS",0.9,"import-resolved",0
"Method:src/ui/src/mainwindow.cpp:closeTabById","Method:src/ui/src/mainwindow.cpp:closeTabByIndex#1","CALLS",0.95,"same-file",0
"Method:src/ui/src/mainwindow.cpp:crawlerWidgetByTabId","Method:src/ui/include/tabbedcrawlerwidget.h:TabbedCrawlerWidget.findTabById#1","CALLS",0.9,"import-resolved",0
"Method:src/ui/src/mainwindow.cpp:crawlerWidgetByTabId","Method:src/ui/src/mainwindow.cpp:crawlerWidgetByIndex#1","CALLS",0.95,"same-file",0
"Method:src/ui/src/mainwindow.cpp:commanderTargetCrawler","Method:src/ui/src/mainwindow.cpp:crawlerWidgetByTabId#1","CALLS",0.95,"same-file",0
"Method:src/ui/src/mainwindow.cpp:commanderTargetCrawler","Method:src/ui/src/mainwindow.cpp:crawlerWidgetByIndex#1","CALLS",0.95,"same-file",0
"Method:src/ui/src/mainwindow.cpp:commanderTargetCrawler","Method:src/ui/src/mainwindow.cpp:currentCrawlerWidget#0","CALLS",0.95,"same-file",0
"Method:src/ui/src/mainwindow.cpp:streamSessionForCrawler","Method:src/ui/include/tabbedcrawlerwidget.h:TabbedCrawlerWidget.streamSessionForPath#1","CALLS",0.9,"import-resolved",0
"Method:src/ui/src/mainwindow.cpp:commanderTargetStreamSession","Method:src/ui/src/mainwindow.cpp:commanderTargetCrawler#1","CALLS",0.95,"same-file",0
"Method:src/ui/src/mainwindow.cpp:commanderTargetStreamSession","Method:src/ui/src/mainwindow.cpp:streamSessionForCrawler#1","CALLS",0.95,"same-file",0
"Method:src/ui/src/mainwindow.cpp:closeTabByIndex","Method:src/ui/src/mainwindow.cpp:closeTab#2","CALLS",0.95,"same-file",0
"Method:src/ui/src/mainwindow.cpp:focusTabById","Method:src/ui/include/tabbedcrawlerwidget.h:TabbedCrawlerWidget.findTabById#1","CALLS",0.9,"import-resolved",0
"Method:src/ui/src/mainwindow.cpp:focusTabById","Method:src/ui/src/mainwindow.cpp:focusTabByIndex#1","CALLS",0.95,"same-file",0
"Method:src/ui/src/mainwindow.cpp:focusTabByIndex","Method:src/app/messagereceiver.h:MessageReceiver.activateWindow#0","CALLS",0.5,"global",0
"Method:src/ui/src/mainwindow.cpp:closeAllTabsCommander","Method:src/ui/src/mainwindow.cpp:closeAll#1","CALLS",0.95,"same-file",0
"Method:src/ui/src/mainwindow.cpp:commanderSendAction","Method:src/ui/include/actionsmanager.h:ActionsManager.findActionById#1","CALLS",0.9,"import-resolved",0
"Method:src/ui/src/mainwindow.cpp:commanderSendAction","Method:src/ui/src/mainwindow.cpp:commanderTargetCrawler#1","CALLS",0.95,"same-file",0
"Method:src/ui/src/mainwindow.cpp:commanderSendAction","Method:src/ui/src/mainwindow.cpp:streamSessionForCrawler#1","CALLS",0.95,"same-file",0
"Method:src/ui/src/mainwindow.cpp:commanderWaitResponse","Method:src/ui/include/actionsmanager.h:ActionsManager.findResponseById#1","CALLS",0.9,"import-resolved",0
"Method:src/ui/src/mainwindow.cpp:commanderWaitResponse","Method:src/ui/include/actionsmanager.h:ActionsManager.findResponseByName#1","CALLS",0.9,"import-resolved",0
"Method:src/ui/src/mainwindow.cpp:commanderWaitResponse","Method:src/ui/src/mainwindow.cpp:commanderTargetCrawler#1","CALLS",0.95,"same-file",0
"Method:src/ui/src/mainwindow.cpp:commanderWaitResponse","Method:src/ui/src/mainwindow.cpp:streamSessionForCrawler#1","CALLS",0.95,"same-file",0
"Method:src/ui/src/mainwindow.cpp:commanderStartComm","Method:src/ui/src/mainwindow.cpp:commanderTargetStreamSession#2","CALLS",0.95,"same-file",0
"Method:src/ui/src/mainwindow.cpp:commanderStartComm","Method:src/ui/src/mainwindow.cpp:updateActionsSendState#0","CALLS",0.95,"same-file",0
"Method:src/ui/src/mainwindow.cpp:commanderStopComm","Method:src/ui/src/mainwindow.cpp:commanderTargetStreamSession#2","CALLS",0.95,"same-file",0
"Method:src/ui/src/mainwindow.cpp:commanderGetCommStatus","Method:src/ui/src/mainwindow.cpp:commanderTargetCrawler#1","CALLS",0.95,"same-file",0
"Method:src/ui/src/mainwindow.cpp:commanderGetCommStatus","Method:src/ui/src/mainwindow.cpp:commanderTargetStreamSession#2","CALLS",0.95,"same-file",0
"Method:src/ui/src/mainwindow.cpp:commanderGetCommStatus","Method:src/ui/include/tabbedcrawlerwidget.h:TabbedCrawlerWidget.tabIdAt#1","CALLS",0.9,"import-resolved",0
"Method:src/ui/src/mainwindow.cpp:commanderGetCommStatus","Method:src/ui/include/session.h:WindowSession.windowId#0","CALLS",0.5,"global",0
"Method:src/ui/src/mainwindow.cpp:commanderGetCommStatus","Method:src/ui/include/session.h:WindowSession.windowIndex#0","CALLS",0.5,"global",0
"Method:src/ui/src/mainwindow.cpp:commanderGetCommStatus","Method:src/ui/include/tabbedcrawlerwidget.h:TabbedCrawlerWidget.tabDisplayNameAt#1","CALLS",0.9,"import-resolved",0
"Method:src/ui/src/mainwindow.cpp:commanderGetCommStatus","Method:src/ui/src/mainwindow.cpp:isActionsStreamSession#1","CALLS",0.95,"same-file",0
"Method:src/ui/src/mainwindow.cpp:commanderSetLogging","Method:src/ui/src/mainwindow.cpp:commanderTargetStreamSession#2","CALLS",0.95,"same-file",0
"Method:src/ui/src/mainwindow.cpp:commanderAddComment","Method:src/ui/src/mainwindow.cpp:commanderTargetStreamSession#2","CALLS",0.95,"same-file",0
"Method:src/ui/src/mainwindow.cpp:commanderGetResponseCounter","Method:src/ui/src/mainwindow.cpp:commanderTargetStreamSession#2","CALLS",0.95,"same-file",0
"Method:src/ui/src/mainwindow.cpp:commanderGetResponseCounter","Method:src/ui/src/mainwindow.cpp:commanderResponseCounters#2","CALLS",0.95,"same-file",0
"Method:src/ui/src/mainwindow.cpp:commanderResetResponseCounter","Method:src/ui/src/mainwindow.cpp:commanderTargetStreamSession#2","CALLS",0.95,"same-file",0
"Method:src/ui/src/mainwindow.cpp:commanderResetResponseCounter","Method:src/ui/include/actionsmanager.h:ActionsManager.findResponseById#1","CALLS",0.9,"import-resolved",0
"Method:src/ui/src/mainwindow.cpp:commanderResetResponseCounter","Method:src/ui/include/actionsmanager.h:ActionsManager.findResponseByName#1","CALLS",0.9,"import-resolved",0
"Method:src/ui/src/mainwindow.cpp:commanderClearComm","Method:src/ui/src/mainwindow.cpp:commanderTargetCrawler#1","CALLS",0.95,"same-file",0
"Method:src/ui/src/mainwindow.cpp:commanderClearComm","Method:src/ui/src/mainwindow.cpp:commanderTargetStreamSession#2","CALLS",0.95,"same-file",0
"Method:src/ui/src/mainwindow.cpp:commanderClearComm","Method:src/ui/include/crawlerwidget.h:CrawlerWidget.reload#0","CALLS",0.9,"import-resolved",0
"Method:src/ui/src/mainwindow.cpp:commanderFilters","Method:src/ui/src/mainwindow.cpp:commanderTargetCrawler#1","CALLS",0.95,"same-file",0
"Method:src/ui/src/mainwindow.cpp:commanderFilters","Method:src/ui/include/session.h:WindowSession.windowIndex#0","CALLS",0.5,"global",0
"Method:src/ui/src/mainwindow.cpp:commanderFilters","Method:src/ui/include/session.h:WindowSession.windowId#0","CALLS",0.5,"global",0
"Method:src/ui/src/mainwindow.cpp:commanderFilters","Method:src/ui/include/tabbedcrawlerwidget.h:TabbedCrawlerWidget.tabIdAt#1","CALLS",0.9,"import-resolved",0
"Method:src/ui/src/mainwindow.cpp:commanderFilters","Method:src/ui/include/crawlerwidget.h:CrawlerWidget.commanderPredefinedFilters#0","CALLS",0.9,"import-resolved",0
"Method:src/ui/src/mainwindow.cpp:commanderFilters","Method:src/ui/include/crawlerwidget.h:CrawlerWidget.commanderFilters#0","CALLS",0.9,"import-resolved",0
"Method:src/ui/src/mainwindow.cpp:commanderSetFilter","Method:src/ui/src/mainwindow.cpp:commanderTargetCrawler#1","CALLS",0.95,"same-file",0
"Method:src/ui/src/mainwindow.cpp:commanderSetFilter","Method:src/ui/include/crawlerwidget.h:CrawlerWidget.commanderPredefinedFilterById#1","CALLS",0.9,"import-resolved",0
"Method:src/ui/src/mainwindow.cpp:commanderSetFilter","Method:src/ui/include/crawlerwidget.h:CrawlerWidget.commanderFilterById#1","CALLS",0.9,"import-resolved",0
"Method:src/ui/src/mainwindow.cpp:commanderSetFilter","Method:src/ui/include/crawlerwidget.h:CrawlerWidget.applyCommanderPredefinedFilter#3","CALLS",0.9,"import-resolved",0
"Method:src/ui/src/mainwindow.cpp:commanderSetFilter","Method:src/ui/include/crawlerwidget.h:CrawlerWidget.commanderPredefinedFilterByIndex#1","CALLS",0.9,"import-resolved",0
"Method:src/ui/src/mainwindow.cpp:commanderSetFilter","Method:src/ui/include/crawlerwidget.h:CrawlerWidget.commanderFilterByIndex#1","CALLS",0.9,"import-resolved",0
"Method:src/ui/src/mainwindow.cpp:commanderSetFilter","Method:src/ui/include/crawlerwidget.h:CrawlerWidget.applyCommanderSearchPattern#3","CALLS",0.9,"import-resolved",0
"Method:src/ui/src/mainwindow.cpp:commanderSearch","Method:src/ui/src/mainwindow.cpp:commanderTargetCrawler#1","CALLS",0.95,"same-file",0
"Method:src/ui/src/mainwindow.cpp:commanderSearch","Method:src/ui/include/crawlerwidget.h:CrawlerWidget.applyCommanderAutomationSearch#1","CALLS",0.9,"import-resolved",0
"Method:src/ui/src/mainwindow.cpp:commanderSearch","Method:src/ui/src/mainwindow.cpp:automationState#0","CALLS",0.95,"same-file",0
"Method:src/ui/src/mainwindow.cpp:commanderSetFollowMode","Method:src/ui/src/mainwindow.cpp:commanderTargetCrawler#1","CALLS",0.95,"same-file",0
"Method:src/ui/src/mainwindow.cpp:commanderSetFollowMode","Method:src/ui/src/predefinedfiltersdialog.cpp:CenteredCheckbox.setChecked#1","CALLS",0.5,"global",0
"Method:src/ui/src/mainwindow.cpp:commanderSetFollowMode","Method:src/ui/src/mainwindow.cpp:automationState#0","CALLS",0.95,"same-file",0
"Method:src/ui/src/mainwindow.cpp:commanderInvokeAction","Method:src/ui/src/mainwindow.cpp:automationState#0","CALLS",0.95,"same-file",0
"Method:src/ui/src/mainwindow.cpp:closeFileByPath","Method:src/ui/src/mainwindow.cpp:closeTab#2","CALLS",0.95,"same-file",0
"Method:src/ui/src/mainwindow.cpp:closeUrlBySource","Method:src/ui/src/mainwindow.cpp:closeFileByPath#1","CALLS",0.95,"same-file",0
"Method:src/ui/src/mainwindow.cpp:closeComPortByName","Method:src/ui/include/tabbedcrawlerwidget.h:TabbedCrawlerWidget.streamSessionForPath#1","CALLS",0.9,"import-resolved",0
"Method:src/ui/src/mainwindow.cpp:closeComPortByName","Method:src/ui/include/streamsession.h:StreamSession.isConnectionOpen#0","CALLS",0.9,"import-resolved",0
"Method:src/ui/src/mainwindow.cpp:closeComPortByName","Method:src/ui/include/streamsession.h:StreamSession.captureSettings#0","CALLS",0.9,"import-resolved",0
"Method:src/ui/src/mainwindow.cpp:closeComPortByName","Method:src/ui/include/streamsession.h:StreamSession.closeConnection#0","CALLS",0.9,"import-resolved",0
"Method:src/ui/src/mainwindow.cpp:currentTabChanged","Method:src/ui/src/mainwindow.cpp:updateMenuBarFromDocument#1","CALLS",0.95,"same-file",0
"Method:src/ui/src/mainwindow.cpp:currentTabChanged","Method:src/ui/src/mainwindow.cpp:updateTitleBar#1","CALLS",0.95,"same-file",0
"Method:src/ui/src/mainwindow.cpp:currentTabChanged","Method:src/ui/src/mainwindow.cpp:updateFavoritesMenu#0","CALLS",0.95,"same-file",0
"Method:src/ui/src/mainwindow.cpp:currentTabChanged","Method:src/ui/src/mainwindow.cpp:showInfoLabels#1","CALLS",0.95,"same-file",0
"Method:src/ui/src/mainwindow.cpp:currentTabChanged","Method:src/ui/src/mainwindow.cpp:updateActionsSendState#0","CALLS",0.95,"same-file",0
"Method:src/ui/src/mainwindow.cpp:loadFileNonInteractive","Method:src/app/messagereceiver.h:MessageReceiver.activateWindow#0","CALLS",0.5,"global",0
"Method:src/ui/src/mainwindow.cpp:loadFileNonInteractive","Method:src/ui/src/mainwindow.cpp:currentCrawlerWidget#0","CALLS",0.95,"same-file",0
"Method:src/ui/src/mainwindow.cpp:closeEvent","Method:src/ui/include/overview.h:Overview.isVisible#0","CALLS",0.5,"global",0
"Method:src/ui/src/mainwindow.cpp:closeEvent","Method:src/settings/include/configuration.h:Configuration.minimizeToTray#0","CALLS",0.9,"import-resolved",0
"Method:src/ui/src/mainwindow.cpp:closeEvent","Method:src/ui/src/mainwindow.cpp:writeSettings#0","CALLS",0.95,"same-file",0
"Method:src/ui/src/mainwindow.cpp:closeEvent","Method:src/ui/src/mainwindow.cpp:closeAll#1","CALLS",0.95,"same-file",0
"Method:src/ui/src/mainwindow.cpp:changeEvent","Method:src/settings/include/configuration.h:Configuration.minimizeToTray#0","CALLS",0.9,"import-resolved",0
"Method:src/ui/src/mainwindow.cpp:changeEvent","Method:src/ui/src/mainwindow.cpp:loadIcons#0","CALLS",0.95,"same-file",0
"Method:src/ui/src/mainwindow.cpp:changeEvent","Method:src/ui/src/mainwindow.cpp:updateOpenedFilesMenu#0","CALLS",0.95,"same-file",0
"Method:src/ui/src/mainwindow.cpp:changeEvent","Method:src/ui/src/mainwindow.cpp:updateFavoritesMenu#0","CALLS",0.95,"same-file",0
"Method:src/ui/src/mainwindow.cpp:changeEvent","Method:src/ui/src/mainwindow.cpp:updateHighlightersMenu#0","CALLS",0.95,"same-file",0
"Method:src/ui/src/mainwindow.cpp:changeEvent","Method:src/ui/src/mainwindow.cpp:reTranslateUI#0","CALLS",0.95,"same-file",0
"Method:src/ui/src/mainwindow.cpp:changeEvent","Method:src/ui/src/mainwindow.cpp:changeEvent#1","CALLS",0.95,"same-file",0
"Method:src/ui/src/mainwindow.cpp:event","Method:src/ui/src/mainwindow.cpp:logScreenInfo#1","CALLS",0.95,"same-file",0
"Method:src/ui/src/mainwindow.cpp:event","Method:src/ui/src/mainwindow.cpp:event#1","CALLS",0.95,"same-file",0
"Method:src/ui/src/mainwindow.cpp:extractAndLoadFile","Method:src/settings/include/configuration.h:Configuration.extractArchives#0","CALLS",0.9,"import-resolved",0
"Method:src/ui/src/mainwindow.cpp:extractAndLoadFile","Method:src/settings/include/configuration.h:Configuration.extractArchivesAlways#0","CALLS",0.9,"import-resolved",0
"Method:src/ui/src/mainwindow.cpp:extractAndLoadFile","Method:src/ui/include/startupprogress.h:StartupProgress.setRange#2","CALLS",0.9,"import-resolved",0
"Method:src/ui/src/mainwindow.cpp:extractAndLoadFile","Method:src/utils/include/atomicflag.h:AtomicFlag.set#0","CALLS",0.9,"import-resolved",0
"Method:src/ui/src/mainwindow.cpp:extractAndLoadFile","Method:src/ui/include/decompressor.h:Decompressor.waitForResult#0","CALLS",0.9,"import-resolved",0
"Method:src/ui/src/mainwindow.cpp:extractAndLoadFile","Method:src/ui/src/mainwindow.cpp:open#0","CALLS",0.95,"same-file",0
"Method:src/ui/src/mainwindow.cpp:extractAndLoadFile","Method:src/ui/include/decompressor.h:Decompressor.decompress#3","CALLS",0.9,"import-resolved",0
"Method:src/ui/src/mainwindow.cpp:extractAndLoadFile","Method:src/ui/include/decompressor.h:Decompressor.extract#3","CALLS",0.9,"import-resolved",0
"Method:src/ui/src/mainwindow.cpp:loadFile","Method:src/app/messagereceiver.h:MessageReceiver.activateWindow#0","CALLS",0.5,"global",0
"Method:src/ui/src/mainwindow.cpp:loadFile","Method:src/settings/include/configuration.h:Configuration.extractArchives#0","CALLS",0.9,"import-resolved",0
"Method:src/ui/src/mainwindow.cpp:loadFile","Method:src/settings/include/persistable.h:Persistable.getSynced#0","CALLS",0.5,"global",0
"Method:src/ui/src/mainwindow.cpp:loadFile","Method:src/ui/include/sessioninfo.h:SessionInfo.windows#0","CALLS",0.9,"import-resolved",0
"Method:src/ui/src/mainwindow.cpp:loadFile","Method:src/ui/include/sessioninfo.h:SessionInfo.openFiles#1","CALLS",0.9,"import-resolved",0
"Method:src/ui/src/mainwindow.cpp:loadFile","Method:src/ui/src/abstractlogview.cpp:LineChunk.end#0","CALLS",0.5,"global",0
"Method:src/ui/src/mainwindow.cpp:loadFile","Method:src/ui/include/viewinterface.h:ViewInterface.setViewContext#1","CALLS",0.9,"import-resolved",0
"Method:src/ui/src/mainwindow.cpp:loadFile","Method:src/ui/src/mainwindow.cpp:publishScriptLifecycleEvent#2","CALLS",0.95,"same-file",0
"Method:src/ui/src/mainwindow.cpp:loadFile","Method:src/ui/src/mainwindow.cpp:addRecentFile#1","CALLS",0.95,"same-file",0
"Method:src/ui/src/mainwindow.cpp:loadFile","Method:src/ui/src/mainwindow.cpp:updateOpenedFilesMenu#0","CALLS",0.95,"same-file",0
"Method:src/ui/src/mainwindow.cpp:loadFile","Method:src/settings/include/configuration.h:Configuration.anyFileWatchEnabled#0","CALLS",0.9,"import-resolved",0
"Method:src/ui/src/mainwindow.cpp:loadFile","Method:src/ui/src/predefinedfiltersdialog.cpp:CenteredCheckbox.setChecked#1","CALLS",0.5,"global",0
"Method:src/ui/src/mainwindow.cpp:loadFile","Method:src/ui/src/mainwindow.cpp:extractAndLoadFile#1","CALLS",0.95,"same-file",0
"Method:src/ui/src/mainwindow.cpp:currentStreamSession","Method:src/ui/src/mainwindow.cpp:currentCrawlerWidget#0","CALLS",0.95,"same-file",0
"Method:src/ui/src/mainwindow.cpp:currentStreamSession","Method:src/ui/include/tabbedcrawlerwidget.h:TabbedCrawlerWidget.streamSessionForPath#1","CALLS",0.9,"import-resolved",0
"Method:src/ui/src/mainwindow.cpp:updateActionsSendState","Method:src/ui/include/streamsession.h:StreamSession.isConnectionOpen#0","CALLS",0.9,"import-resolved",0
"Method:src/ui/src/mainwindow.cpp:updateActionsSendState","Method:src/ui/src/mainwindow.cpp:currentStreamSession#0","CALLS",0.95,"same-file",0
"Method:src/ui/src/mainwindow.cpp:updateActionsSendState","Method:src/ui/include/tabbedcrawlerwidget.h:TabbedCrawlerWidget.hasOpenStreamSession#0","CALLS",0.9,"import-resolved",0
"Method:src/ui/src/mainwindow.cpp:updateActionsSendState","Method:src/ui/src/mainwindow.cpp:refreshComTabIndicators#0","CALLS",0.95,"same-file",0
"Method:src/ui/src/mainwindow.cpp:updateActionsSendState","Method:src/ui/src/mainwindow.cpp:updateComPortStatus#0","CALLS",0.95,"same-file",0
"Method:src/ui/src/mainwindow.cpp:updateComPortStatus","Method:src/ui/src/mainwindow.cpp:currentStreamSession#0","CALLS",0.95,"same-file",0
"Method:src/ui/src/mainwindow.cpp:updateComPortStatus","Method:src/ui/src/mainwindow.cpp:isActionsStreamSession#1","CALLS",0.95,"same-file",0
"Method:src/ui/src/mainwindow.cpp:updateComPortStatus","Method:src/ui/include/overview.h:Overview.setVisible#1","CALLS",0.5,"global",0
"Method:src/ui/src/mainwindow.cpp:refreshComTabIndicators","Method:src/ui/include/tabbedcrawlerwidget.h:TabbedCrawlerWidget.streamSessionForPath#1","CALLS",0.9,"import-resolved",0
"Method:src/ui/src/mainwindow.cpp:refreshComTabIndicators","Method:src/ui/include/tabbedcrawlerwidget.h:TabbedCrawlerWidget.setTabActionsPort#2","CALLS",0.9,"import-resolved",0
"Method:src/ui/src/mainwindow.cpp:refreshComTabIndicators","Method:src/ui/src/mainwindow.cpp:isActionsStreamSession#1","CALLS",0.95,"same-file",0
"Method:src/ui/src/mainwindow.cpp:updateTitleBar","Method:src/ui/src/mainwindow.cpp:strippedName#1","CALLS",0.95,"same-file",0
"Method:src/ui/src/mainwindow.cpp:updateTitleBar","Method:src/ui/include/session.h:WindowSession.windowIndex#0","CALLS",0.5,"global",0
"Method:src/ui/src/mainwindow.cpp:addRecentFile","Method:src/settings/include/persistable.h:Persistable.getSynced#0","CALLS",0.5,"global",0
"Method:src/ui/src/mainwindow.cpp:addRecentFile","Method:src/ui/include/recentfiles.h:RecentFiles.addRecent#1","CALLS",0.9,"import-resolved",0
"Method:src/ui/src/mainwindow.cpp:addRecentFile","Method:src/settings/include/persistable.h:Persistable.save#0","CALLS",0.5,"global",0
"Method:src/ui/src/mainwindow.cpp:addRecentFile","Method:src/ui/src/mainwindow.cpp:updateRecentFileActions#0","CALLS",0.95,"same-file",0
"Method:src/ui/src/mainwindow.cpp:updateRecentFileActions","Method:src/ui/include/recentfiles.h:RecentFiles.recentFiles#0","CALLS",0.9,"import-resolved",0
"Method:src/ui/src/mainwindow.cpp:updateRecentFileActions","Method:src/ui/include/recentfiles.h:RecentFiles.getNumberItemsToShow#0","CALLS",0.9,"import-resolved",0
"Method:src/ui/src/mainwindow.cpp:updateRecentFileActions","Method:src/ui/src/mainwindow.cpp:strippedName#1","CALLS",0.95,"same-file",0
"Method:src/ui/src/mainwindow.cpp:updateRecentFileActions","Method:src/ui/include/overview.h:Overview.setVisible#1","CALLS",0.5,"global",0
"Method:src/ui/src/mainwindow.cpp:clearRecentFileActions","Method:src/settings/include/persistable.h:Persistable.getSynced#0","CALLS",0.5,"global",0
"Method:src/ui/src/mainwindow.cpp:clearRecentFileActions","Method:src/ui/include/recentfiles.h:RecentFiles.removeAll#0","CALLS",0.9,"import-resolved",0
"Method:src/ui/src/mainwindow.cpp:clearRecentFileActions","Method:src/settings/include/persistable.h:Persistable.save#0","CALLS",0.5,"global",0
"Method:src/ui/src/mainwindow.cpp:clearRecentFileActions","Method:src/ui/src/mainwindow.cpp:updateRecentFileActions#0","CALLS",0.95,"same-file",0
"Method:src/ui/src/mainwindow.cpp:updateMenuBarFromDocument","Method:src/ui/include/crawlerwidget.h:CrawlerWidget.encodingMib#0","CALLS",0.9,"import-resolved",0
"Method:src/ui/src/mainwindow.cpp:updateMenuBarFromDocument","Method:src/ui/include/actionsmanager.h:ActionsManager.actions#0","CALLS",0.9,"import-resolved",0
"Method:src/ui/src/mainwindow.cpp:updateMenuBarFromDocument","Method:src/ui/src/abstractlogview.cpp:LineChunk.end#0","CALLS",0.5,"global",0
"Method:src/ui/src/mainwindow.cpp:updateMenuBarFromDocument","Method:src/ui/src/predefinedfiltersdialog.cpp:CenteredCheckbox.setChecked#1","CALLS",0.5,"global",0
"Method:src/ui/src/mainwindow.cpp:updateMenuBarFromDocument","Method:src/ui/include/crawlerwidget.h:CrawlerWidget.isFollowEnabled#0","CALLS",0.9,"import-resolved",0
"Method:src/ui/src/mainwindow.cpp:updateMenuBarFromDocument","Method:src/ui/include/crawlerwidget.h:CrawlerWidget.isTextWrapEnabled#0","CALLS",0.9,"import-resolved",0
"Method:src/ui/src/mainwindow.cpp:updateInfoLine","Method:src/ui/src/mainwindow.cpp:currentCrawlerWidget#0","CALLS",0.95,"same-file",0
"Method:src/ui/src/mainwindow.cpp:updateInfoLine","Method:src/ui/src/pathline.cpp:setPath#1","CALLS",0.5,"global",0
"Method:src/ui/src/mainwindow.cpp:updateInfoLine","Method:src/ui/include/crawlerwidget.h:CrawlerWidget.encodingText#0","CALLS",0.9,"import-resolved",0
"Method:src/ui/src/mainwindow.cpp:updateOpenedFilesMenu","Method:src/ui/include/displayfilepath.h:DisplayFilePath.displayName#0","CALLS",0.9,"import-resolved",0
"Method:src/ui/src/mainwindow.cpp:updateOpenedFilesMenu","Method:src/ui/include/displayfilepath.h:DisplayFilePath.nativeFullPath#0","CALLS",0.9,"import-resolved",0
"Method:src/ui/src/mainwindow.cpp:updateOpenedFilesMenu","Method:src/ui/include/displayfilepath.h:DisplayFilePath.fullPath#0","CALLS",0.9,"import-resolved",0
"Method:src/ui/src/mainwindow.cpp:updateHighlightersMenu","Method:src/ui/include/highlightersmenu.h:HighlightersMenu.clearHighlightersMenu#0","CALLS",0.9,"import-resolved",0
"Method:src/ui/src/mainwindow.cpp:updateHighlightersMenu","Method:src/ui/include/highlightersmenu.h:HighlightersMenu.createHighlightersMenu#0","CALLS",0.9,"import-resolved",0
"Method:src/ui/src/mainwindow.cpp:updateHighlightersMenu","Method:src/ui/include/highlightersmenu.h:HighlightersMenu.addAction#2","CALLS",0.9,"import-resolved",0
"Method:src/ui/src/mainwindow.cpp:updateHighlightersMenu","Method:src/ui/include/highlightersmenu.h:HighlightersMenu.populateHighlightersMenu#0","CALLS",0.9,"import-resolved",0
"Method:src/ui/src/mainwindow.cpp:updateFavoritesMenu","Method:src/settings/include/persistable.h:Persistable.getSynced#0","CALLS",0.5,"global",0
"Method:src/ui/src/mainwindow.cpp:updateFavoritesMenu","Method:src/ui/include/favoritefiles.h:FavoriteFiles.favorites#0","CALLS",0.9,"import-resolved",0
"Method:src/ui/src/mainwindow.cpp:updateFavoritesMenu","Method:src/ui/src/mainwindow.cpp:currentCrawlerWidget#0","CALLS",0.95,"same-file",0
"Method:src/ui/src/mainwindow.cpp:updateFavoritesMenu","Method:src/ui/src/abstractlogview.cpp:LineChunk.end#0","CALLS",0.5,"global",0
"Method:src/ui/src/mainwindow.cpp:addToFavorites","Method:src/ui/src/mainwindow.cpp:currentCrawlerWidget#0","CALLS",0.95,"same-file",0
"Method:src/ui/src/mainwindow.cpp:addToFavorites","Method:src/settings/include/persistable.h:Persistable.save#0","CALLS",0.5,"global",0
"Method:src/ui/src/mainwindow.cpp:addToFavorites","Method:src/ui/src/mainwindow.cpp:updateFavoritesMenu#0","CALLS",0.95,"same-file",0
"Method:src/ui/src/mainwindow.cpp:removeFromFavorites","Method:src/ui/include/favoritefiles.h:FavoriteFiles.favorites#0","CALLS",0.9,"import-resolved",0
"Method:src/ui/src/mainwindow.cpp:removeFromFavorites","Method:src/ui/src/mainwindow.cpp:currentCrawlerWidget#0","CALLS",0.95,"same-file",0
"Method:src/ui/src/mainwindow.cpp:removeFromFavorites","Method:src/ui/src/abstractlogview.cpp:LineChunk.end#0","CALLS",0.5,"global",0
"Method:src/ui/src/mainwindow.cpp:removeFromFavorites","Method:src/ui/src/mainwindow.cpp:removeFromFavorites#1","CALLS",0.95,"same-file",0
"Method:src/ui/src/mainwindow.cpp:removeFromFavorites","Method:src/ui/include/displayfilepath.h:DisplayFilePath.nativeFullPath#0","CALLS",0.9,"import-resolved",0
"Method:src/ui/src/mainwindow.cpp:removeFromFavorites","Method:src/settings/include/persistable.h:Persistable.save#0","CALLS",0.5,"global",0
"Method:src/ui/src/mainwindow.cpp:removeFromFavorites","Method:src/ui/src/mainwindow.cpp:updateFavoritesMenu#0","CALLS",0.95,"same-file",0
"Method:src/ui/src/mainwindow.cpp:removeFromRecent","Method:src/ui/include/recentfiles.h:RecentFiles.removeRecent#1","CALLS",0.9,"import-resolved",0
"Method:src/ui/src/mainwindow.cpp:removeFromRecent","Method:src/settings/include/persistable.h:Persistable.save#0","CALLS",0.5,"global",0
"Method:src/ui/src/mainwindow.cpp:removeFromRecent","Method:src/ui/src/mainwindow.cpp:updateRecentFileActions#0","CALLS",0.95,"same-file",0
"Method:src/ui/src/mainwindow.cpp:selectOpenedFile","Method:src/ui/include/displayfilepath.h:DisplayFilePath.nativeFullPath#0","CALLS",0.9,"import-resolved",0
"Method:src/ui/src/mainwindow.cpp:selectOpenedFile","Method:src/ui/include/highlightedmatch.h:HighlightedMatchRanges.front#0","CALLS",0.5,"global",0
"Method:src/ui/src/mainwindow.cpp:selectOpenedFile","Method:src/ui/src/abstractlogview.cpp:LineChunk.end#0","CALLS",0.5,"global",0
"Method:src/ui/src/mainwindow.cpp:selectOpenedFile","Method:src/ui/include/viewtools.h:ElasticHook.release#0","CALLS",0.5,"global",0
"Method:src/ui/src/mainwindow.cpp:selectOpenedFile","Method:src/ui/src/mainwindow.cpp:open#0","CALLS",0.95,"same-file",0
"Method:src/ui/src/mainwindow.cpp:showInfoLabels","Method:src/ui/include/overview.h:Overview.setVisible#1","CALLS",0.5,"global",0
"Method:src/ui/src/mainwindow.cpp:writeSettings","Method:src/ui/include/tabbedcrawlerwidget.h:TabbedCrawlerWidget.streamSessionForPath#1","CALLS",0.9,"import-resolved",0
"Method:src/ui/src/mainwindow.cpp:writeSettings","Method:src/ui/include/streamsession.h:StreamSession.captureSettings#0","CALLS",0.9,"import-resolved",0
"Method:src/ui/src/mainwindow.cpp:writeSettings","Method:src/ui/src/mainwindow.cpp:scriptContextForTab#1","CALLS",0.95,"same-file",0
"Method:src/ui/src/mainwindow.cpp:writeSettings","Method:src/settings/include/persistable.h:Persistable.getSynced#0","CALLS",0.5,"global",0
"Method:src/ui/src/mainwindow.cpp:writeSettings","Method:src/ui/include/sessioninfo.h:SessionInfo.setGlobalScriptContext#1","CALLS",0.9,"import-resolved",0
"Method:src/ui/src/mainwindow.cpp:writeSettings","Method:src/ui/src/mainwindow.cpp:globalScriptContext#0","CALLS",0.95,"same-file",0
"Method:src/ui/src/mainwindow.cpp:readSettings","Method:src/ui/include/startupprogress.h:StartupProgress.advance#3","CALLS",0.9,"import-resolved",0
"Method:src/ui/src/mainwindow.cpp:readSettings","Method:src/settings/include/persistable.h:Persistable.getSynced#0","CALLS",0.5,"global",0
"Method:src/ui/src/mainwindow.cpp:readSettings","Method:src/ui/src/mainwindow.cpp:updateRecentFileActions#0","CALLS",0.95,"same-file",0
"Method:src/ui/src/mainwindow.cpp:readSettings","Method:src/ui/src/mainwindow.cpp:updateFavoritesMenu#0","CALLS",0.95,"same-file",0
"Method:src/ui/src/mainwindow.cpp:readSettings","Method:src/ui/src/mainwindow.cpp:updateHighlightersMenu#0","CALLS",0.95,"same-file",0
"Method:src/ui/src/mainwindow.cpp:readSettings","Method:src/ui/include/predefinedfilters.h:PredefinedFiltersCollection.getFilters#0","CALLS",0.9,"import-resolved",0
"Method:src/ui/src/mainwindow.cpp:displayQuickFindBar","Method:src/ui/src/mainwindow.cpp:currentCrawlerWidget#0","CALLS",0.95,"same-file",0
"Method:src/ui/src/mainwindow.cpp:displayQuickFindBar","Method:src/ui/include/crawlerwidget.h:CrawlerWidget.isPartialSelection#0","CALLS",0.9,"import-resolved",0
"Method:src/ui/src/mainwindow.cpp:displayQuickFindBar","Method:src/ui/include/crawlerwidget.h:CrawlerWidget.getSelectedText#0","CALLS",0.9,"import-resolved",0
"Method:src/ui/src/mainwindow.cpp:logScreenInfo","Method:src/ui/include/session.h:WindowSession.windowIndex#0","CALLS",0.5,"global",0
"Method:src/ui/src/logmainview.cpp:useNewFiltering","Method:src/ui/include/abstractlogview.h:AbstractLogView.getOverview#0","CALLS",0.5,"global",0
"Method:src/ui/src/logmainview.cpp:useNewFiltering","Method:src/ui/include/overview.h:Overview.setFilteredData#1","CALLS",0.9,"import-resolved",0
"Method:src/ui/src/logmainview.cpp:lineType","Method:src/logdata/include/logfiltereddata.h:LogFilteredData.lineTypeByLine#1","CALLS",0.9,"import-resolved",0
"Method:src/ui/src/logmainview.cpp:doRegisterShortcuts","Method:src/ui/src/logmainview.cpp:doRegisterShortcuts#0","CALLS",0.95,"same-file",0
"Method:src/ui/src/logmainview.cpp:doRegisterShortcuts","Method:src/logdata/include/logfiltereddata.h:LogFilteredData.getMarkAfter#1","CALLS",0.9,"import-resolved",0
"Method:src/ui/src/logmainview.cpp:doRegisterShortcuts","Method:src/logdata/include/logfiltereddata.h:LogFilteredData.getMarkBefore#1","CALLS",0.9,"import-resolved",0
"Method:src/ui/src/labqueuewindow.cpp:LabQueueWindow","Method:src/ui/src/labqueuewindow.cpp:loadState#0","CALLS",0.95,"same-file",0
"Method:src/ui/src/labqueuewindow.cpp:LabQueueWindow","Method:src/ui/src/labqueuewindow.cpp:refresh#0","CALLS",0.95,"same-file",0
"Method:src/ui/src/labqueuewindow.cpp:refresh","Method:src/ui/src/labqueuewindow.cpp:saveState#0","CALLS",0.95,"same-file",0
"Method:src/ui/src/labqueuewindow.cpp:refresh","Method:src/app/labclient.h:LabClient.loadToken#2","CALLS",0.9,"import-resolved",0
"Method:src/ui/src/labqueuewindow.cpp:refresh","Method:src/app/labclient.h:LabClient.snapshot#2","CALLS",0.9,"import-resolved",0
"Method:src/ui/src/labqueuewindow.cpp:refresh","Method:src/ui/src/labqueuewindow.cpp:selectedJobChanged#0","CALLS",0.95,"same-file",0
"Method:src/ui/src/labqueuewindow.cpp:selectedJobChanged","Method:src/app/labclient.h:LabClient.loadToken#2","CALLS",0.9,"import-resolved",0
"Method:src/ui/src/labqueuewindow.cpp:selectedJobChanged","Method:src/app/labclient.h:LabClient.status#3","CALLS",0.9,"import-resolved",0
"Method:src/ui/src/labqueuewindow.cpp:browseTokenFile","Method:src/ui/src/labqueuewindow.cpp:saveState#0","CALLS",0.95,"same-file",0
"Method:src/ui/src/labqueuewindow.cpp:openArtifactsFolder","Method:src/app/labclient.h:LabClient.loadToken#2","CALLS",0.9,"import-resolved",0
"Method:src/ui/src/labqueuewindow.cpp:openArtifactsFolder","Method:src/app/labclient.h:LabClient.status#3","CALLS",0.9,"import-resolved",0
"Method:src/ui/src/infoline.cpp:paintEvent","Method:src/ui/src/infoline.cpp:paintEvent#1","CALLS",0.95,"same-file",0
"Method:src/ui/src/importpreviewsdialog.cpp:ImportPreviewsDialog","Method:src/ui/include/iconloader.h:IconLoader.load#1","CALLS",0.9,"import-resolved",0
"Method:src/ui/src/importpreviewsdialog.cpp:ImportPreviewsDialog","Method:src/ui/src/importpreviewsdialog.cpp:updateButtons#0","CALLS",0.95,"same-file",0
"Method:src/ui/src/importpreviewsdialog.cpp:ImportPreviewsDialog","Method:src/ui/src/importpreviewsdialog.cpp:refreshTable#0","CALLS",0.95,"same-file",0
"Method:src/ui/src/importpreviewsdialog.cpp:importPreviews","Method:src/ui/include/previewmanager.h:PreviewManager.importFromFile#1","CALLS",0.9,"import-resolved",0
"Method:src/ui/src/importpreviewsdialog.cpp:removeSelectedPreview","Method:src/ui/include/previewmanager.h:PreviewManager.all#0","CALLS",0.9,"import-resolved",0
"Method:src/ui/src/importpreviewsdialog.cpp:removeSelectedPreview","Method:src/ui/include/previewmanager.h:PreviewManager.removeByName#1","CALLS",0.9,"import-resolved",0
"Method:src/ui/src/importpreviewsdialog.cpp:clearAllPreviews","Method:src/ui/include/previewmanager.h:PreviewManager.clearAll#0","CALLS",0.9,"import-resolved",0
"Method:src/ui/src/importpreviewsdialog.cpp:refreshTable","Method:src/ui/include/previewstablemodel.h:PreviewsTableModel.refresh#0","CALLS",0.9,"import-resolved",0
"Method:src/ui/src/importpreviewsdialog.cpp:refreshTable","Method:src/ui/src/importpreviewsdialog.cpp:updateDialogWidth#0","CALLS",0.95,"same-file",0
"Method:src/ui/src/importpreviewsdialog.cpp:refreshTable","Method:src/ui/src/importpreviewsdialog.cpp:updateButtons#0","CALLS",0.95,"same-file",0
"Method:src/ui/src/importpreviewsdialog.cpp:updateDialogWidth","Method:src/ui/include/overview.h:Overview.isVisible#0","CALLS",0.5,"global",0
"Method:src/ui/src/importpreviewsdialog.cpp:updateDialogWidth","Method:src/ui/include/previewstablemodel.h:PreviewsTableModel.columnCount#1","CALLS",0.9,"import-resolved",0
"Method:src/ui/src/importactionsdialog.cpp:ImportActionsDialog","Method:src/ui/include/actionsmanager.h:ActionsManager.actions#0","CALLS",0.9,"import-resolved",0
"Method:src/ui/src/importactionsdialog.cpp:ImportActionsDialog","Method:src/ui/include/actionsmanager.h:ActionsManager.responses#0","CALLS",0.9,"import-resolved",0
"Method:src/ui/src/importactionsdialog.cpp:ImportActionsDialog","Method:src/ui/include/iconloader.h:IconLoader.load#1","CALLS",0.9,"import-resolved",0
"Method:src/ui/src/importactionsdialog.cpp:ImportActionsDialog","Method:src/ui/src/importactionsdialog.cpp:updateButtons#0","CALLS",0.95,"same-file",0
"Method:src/ui/src/importactionsdialog.cpp:ImportActionsDialog","Method:src/ui/src/importactionsdialog.cpp:updateDialogSize#0","CALLS",0.95,"same-file",0
"Method:src/ui/src/importactionsdialog.cpp:importActions","Method:src/ui/include/actionsconfigparser.h:ActionsConfigParser.parseFile#1","CALLS",0.9,"import-resolved",0
"Method:src/ui/src/importactionsdialog.cpp:importActions","Method:src/ui/src/importactionsdialog.cpp:ActionsImportTableModel.setActions#1","CALLS",0.95,"same-file",0
"Method:src/ui/src/importactionsdialog.cpp:importActions","Method:src/ui/src/importactionsdialog.cpp:ResponsesImportTableModel.setResponses#1","CALLS",0.95,"same-file",0
"Method:src/ui/src/importactionsdialog.cpp:importActions","Method:src/ui/src/importactionsdialog.cpp:updateButtons#0","CALLS",0.95,"same-file",0
"Method:src/ui/src/importactionsdialog.cpp:importActions","Method:src/ui/src/importactionsdialog.cpp:updateDialogSize#0","CALLS",0.95,"same-file",0
"Method:src/ui/src/importactionsdialog.cpp:importActions","Method:src/ui/src/importactionsdialog.cpp:persistChanges#0","CALLS",0.95,"same-file",0
"Method:src/ui/src/importactionsdialog.cpp:removeSelectedAction","Method:src/ui/src/importactionsdialog.cpp:ActionsImportTableModel.setActions#1","CALLS",0.95,"same-file",0
"Method:src/ui/src/importactionsdialog.cpp:removeSelectedAction","Method:src/ui/src/importactionsdialog.cpp:updateButtons#0","CALLS",0.95,"same-file",0
"Method:src/ui/src/importactionsdialog.cpp:removeSelectedAction","Method:src/ui/src/importactionsdialog.cpp:updateDialogSize#0","CALLS",0.95,"same-file",0
"Method:src/ui/src/importactionsdialog.cpp:removeSelectedAction","Method:src/ui/src/importactionsdialog.cpp:persistChanges#0","CALLS",0.95,"same-file",0
"Method:src/ui/src/importactionsdialog.cpp:clearActions","Method:src/ui/src/importactionsdialog.cpp:ActionsImportTableModel.setActions#1","CALLS",0.95,"same-file",0
"Method:src/ui/src/importactionsdialog.cpp:clearActions","Method:src/ui/src/importactionsdialog.cpp:updateButtons#0","CALLS",0.95,"same-file",0
"Method:src/ui/src/importactionsdialog.cpp:clearActions","Method:src/ui/src/importactionsdialog.cpp:updateDialogSize#0","CALLS",0.95,"same-file",0
"Method:src/ui/src/importactionsdialog.cpp:clearActions","Method:src/ui/src/importactionsdialog.cpp:persistChanges#0","CALLS",0.95,"same-file",0
"Method:src/ui/src/importactionsdialog.cpp:removeSelectedResponse","Method:src/ui/src/importactionsdialog.cpp:ResponsesImportTableModel.setResponses#1","CALLS",0.95,"same-file",0
"Method:src/ui/src/importactionsdialog.cpp:removeSelectedResponse","Method:src/ui/src/importactionsdialog.cpp:updateButtons#0","CALLS",0.95,"same-file",0
"Method:src/ui/src/importactionsdialog.cpp:removeSelectedResponse","Method:src/ui/src/importactionsdialog.cpp:updateDialogSize#0","CALLS",0.95,"same-file",0
"Method:src/ui/src/importactionsdialog.cpp:removeSelectedResponse","Method:src/ui/src/importactionsdialog.cpp:persistChanges#0","CALLS",0.95,"same-file",0
"Method:src/ui/src/importactionsdialog.cpp:clearResponses","Method:src/ui/src/importactionsdialog.cpp:ResponsesImportTableModel.setResponses#1","CALLS",0.95,"same-file",0
"Method:src/ui/src/importactionsdialog.cpp:clearResponses","Method:src/ui/src/importactionsdialog.cpp:updateButtons#0","CALLS",0.95,"same-file",0
"Method:src/ui/src/importactionsdialog.cpp:clearResponses","Method:src/ui/src/importactionsdialog.cpp:updateDialogSize#0","CALLS",0.95,"same-file",0
"Method:src/ui/src/importactionsdialog.cpp:clearResponses","Method:src/ui/src/importactionsdialog.cpp:persistChanges#0","CALLS",0.95,"same-file",0
"Method:src/ui/src/importactionsdialog.cpp:persistChanges","Method:src/ui/include/actionsmanager.h:ActionsManager.importFromDefinitions#2","CALLS",0.9,"import-resolved",0
"Method:src/ui/src/iconloader.cpp:loadPixmap","Method:src/ui/src/iconloader.cpp:shouldInvert#0","CALLS",0.95,"same-file",0
"Method:src/ui/src/iconloader.cpp:loadPixmap","Method:src/ui/src/iconloader.cpp:makeNonScalableFilename#3","CALLS",0.95,"same-file",0
"Method:src/ui/src/iconloader.cpp:loadPixmap","Method:src/ui/src/iconloader.cpp:shouldAutoInvert#1","CALLS",0.95,"same-file",0
"Method:src/ui/src/iconloader.cpp:loadPixmap","Method:src/ui/src/iconloader.cpp:invertPixmap#1","CALLS",0.95,"same-file",0
"Method:src/ui/src/highlightersmenu.cpp:applySelectionHighlighters","Method:src/ui/src/highlightersmenu.cpp:saveCurrentHighlighterFromAction#1","CALLS",0.95,"same-file",0
"Method:src/ui/src/highlightersmenu.cpp:applySelectionHighlighters","Method:src/ui/src/highlightersmenu.cpp:updateActionsStatus#0","CALLS",0.95,"same-file",0
"Method:src/ui/src/highlightersmenu.cpp:populateHighlightersMenu","Method:src/ui/src/predefinedfiltersdialog.cpp:CenteredCheckbox.setChecked#1","CALLS",0.5,"global",0
"Method:src/ui/src/highlightersmenu.cpp:saveCurrentHighlighterFromAction","Method:src/settings/include/persistable.h:Persistable.save#0","CALLS",0.5,"global",0
"Method:src/ui/src/highlightersmenu.cpp:updateActionsStatus","Method:src/ui/src/predefinedfiltersdialog.cpp:CenteredCheckbox.setChecked#1","CALLS",0.5,"global",0
"Method:src/ui/src/highlightersetedit.cpp:HighlighterSetEdit","Method:src/ui/include/iconloader.h:IconLoader.load#1","CALLS",0.9,"import-resolved",0
"Method:src/ui/src/highlightersetedit.cpp:HighlighterSetEdit","Method:src/ui/src/highlightersetedit.cpp:reset#0","CALLS",0.95,"same-file",0
"Method:src/ui/src/highlightersetedit.cpp:reset","Method:src/ui/src/highlightersetedit.cpp:reset#0","CALLS",0.95,"same-file",0
"Method:src/ui/src/highlightersetedit.cpp:setHighlighters","Method:src/ui/src/highlightersetedit.cpp:populateHighlighterList#0","CALLS",0.95,"same-file",0
"Method:src/ui/src/highlightersetedit.cpp:setHighlighters","Method:src/ui/src/highlightersetedit.cpp:setCurrentRow#1","CALLS",0.95,"same-file",0
"Method:src/ui/src/highlightersetedit.cpp:setHighlighters","Method:src/ui/include/highlighterset.h:HighlighterSet.name#0","CALLS",0.9,"import-resolved",0
"Method:src/ui/src/highlightersetedit.cpp:addHighlighter","Method:src/ui/include/highlighterset.h:Highlighter.Highlighter","CALLS",0.9,"import-resolved",0
"Method:src/ui/src/highlightersetedit.cpp:addHighlighter","Method:src/ui/src/highlightersetedit.cpp:setCurrentRow#1","CALLS",0.95,"same-file",0
"Method:src/ui/src/highlightersetedit.cpp:removeHighlighter","Method:src/ui/src/highlightersetedit.cpp:setCurrentRow#1","CALLS",0.95,"same-file",0
"Method:src/ui/src/highlightersetedit.cpp:moveHighlighterUp","Method:src/ui/src/highlightersetedit.cpp:setCurrentRow#1","CALLS",0.95,"same-file",0
"Method:src/ui/src/highlightersetedit.cpp:moveHighlighterDown","Method:src/ui/src/highlightersetedit.cpp:setCurrentRow#1","CALLS",0.95,"same-file",0
"Method:src/ui/src/highlightersetedit.cpp:setCurrentRow","Method:src/ui/src/highlightersetedit.cpp:setCurrentRow#1","CALLS",0.95,"same-file",0
"Method:src/ui/src/highlightersetedit.cpp:updatePropertyFields","Method:src/ui/src/highlightersetedit.cpp:reset#0","CALLS",0.95,"same-file",0
"Method:src/ui/src/highlightersetedit.cpp:updateHighlighterProperties","Method:src/ui/include/highlighterset.h:Highlighter.pattern#0","CALLS",0.9,"import-resolved",0
"Method:src/ui/src/highlightersetedit.cpp:updateHighlighterProperties","Method:src/ui/include/highlighterset.h:Highlighter.foreColor#0","CALLS",0.9,"import-resolved",0
"Method:src/ui/src/highlightersetedit.cpp:updateHighlighterProperties","Method:src/ui/include/highlighterset.h:Highlighter.backColor#0","CALLS",0.9,"import-resolved",0
"Method:src/ui/src/highlightersetedit.cpp:populateHighlighterList","Method:src/ui/include/highlighterset.h:Highlighter.pattern#0","CALLS",0.9,"import-resolved",0
"Method:src/ui/src/highlightersetedit.cpp:populateHighlighterList","Method:src/ui/include/highlighterset.h:Highlighter.foreColor#0","CALLS",0.9,"import-resolved",0
"Method:src/ui/src/highlightersetedit.cpp:populateHighlighterList","Method:src/ui/include/highlighterset.h:Highlighter.backColor#0","CALLS",0.9,"import-resolved",0
"Method:src/ui/src/highlighterset.cpp:Highlighter","Method:src/ui/src/highlighterset.cpp:name#0","CALLS",0.95,"same-file",0
"Method:src/ui/src/highlighterset.cpp:pattern","Method:src/ui/src/highlighterset.cpp:pattern#0","CALLS",0.95,"same-file",0
"Method:src/ui/src/highlighterset.cpp:setPattern","Method:src/ui/src/highlighterset.cpp:setPattern#1","CALLS",0.95,"same-file",0
"Method:src/ui/src/highlighterset.cpp:vairateColors","Method:src/utils/include/crc32.h:Crc32.calculate#1","CALLS",0.9,"import-resolved",0
"Method:src/ui/src/highlighterset.cpp:expressionPattern","Method:src/ui/src/highlighterset.cpp:pattern#0","CALLS",0.95,"same-file",0
"Method:src/ui/src/highlighterset.cpp:expressionPattern","Method:src/ui/src/highlighterset.cpp:ignoreCase#0","CALLS",0.95,"same-file",0
"Method:src/ui/src/highlighterset.cpp:compile","Method:src/ui/src/highlighterset.cpp:pattern#0","CALLS",0.95,"same-file",0
"Method:src/ui/src/highlighterset.cpp:matchLine","Method:src/ui/src/highlighterset.cpp:vairateColors#1","CALLS",0.95,"same-file",0
"Method:src/ui/src/highlighterset.cpp:isEmpty","Method:src/ui/src/highlighterset.cpp:isEmpty#0","CALLS",0.95,"same-file",0
"Method:src/ui/src/highlighterset.cpp:compile","Method:src/ui/src/highlighterset.cpp:expressionPattern#0","CALLS",0.95,"same-file",0
"Method:src/ui/src/highlighterset.cpp:invalidateCompiled","Method:src/ui/include/highlightersetedit.h:HighlighterSetEdit.reset#0","CALLS",0.9,"import-resolved",0
"Method:src/ui/src/highlighterset.cpp:matchLine","Method:src/ui/src/highlighterset.cpp:matchLine#2","CALLS",0.95,"same-file",0
"Method:src/ui/src/highlighterset.cpp:matchLine","Method:src/ui/src/highlighterset.cpp:highlightOnlyMatch#0","CALLS",0.95,"same-file",0
"Method:src/ui/src/highlighterset.cpp:matchLine","Method:src/ui/include/highlightedmatch.h:HighlightedMatchRanges.addMatches#1","CALLS",0.9,"import-resolved",0
"Method:src/ui/src/highlighterset.cpp:matchLine","Method:src/ui/include/highlightedmatch.h:HighlightedMatchRanges.clear#0","CALLS",0.9,"import-resolved",0
"Method:src/ui/src/highlighterset.cpp:matchLine","Method:src/ui/include/highlightedmatch.h:HighlightedMatchRanges.addMatch#1","CALLS",0.9,"import-resolved",0
"Method:src/ui/src/highlighterset.cpp:matchLine","Method:src/ui/src/highlighterset.cpp:foreColor#0","CALLS",0.95,"same-file",0
"Method:src/ui/src/highlighterset.cpp:matchLine","Method:src/ui/src/highlighterset.cpp:backColor#0","CALLS",0.95,"same-file",0
"Method:src/ui/src/highlighterset.cpp:saveToStorage","Method:src/ui/src/highlighterset.cpp:pattern#0","CALLS",0.95,"same-file",0
"Method:src/ui/src/highlighterset.cpp:retrieveFromStorage","Method:src/ui/src/highlighterset.cpp:retrieveFromStorage#1","CALLS",0.95,"same-file",0
"Method:src/ui/src/highlighterset.cpp:retrieveFromStorage","Method:src/ui/src/highlighterset.cpp:saveToStorage#1","CALLS",0.95,"same-file",0
"Method:src/ui/src/highlighterset.cpp:setHighlighterSets","Method:src/ui/src/abstractlogview.cpp:LineChunk.end#0","CALLS",0.5,"global",0
"Method:src/ui/src/highlighterset.cpp:setHighlighterSets","Method:src/ui/src/highlighterset.cpp:hasSet#1","CALLS",0.95,"same-file",0
"Method:src/ui/src/highlighterset.cpp:setHighlighterSets","Method:src/ui/src/highlighterset.cpp:updateCombinedSet#0","CALLS",0.95,"same-file",0
"Method:src/ui/src/highlighterset.cpp:updateCombinedSet","Method:src/ui/src/highlighterset.cpp:id#0","CALLS",0.95,"same-file",0
"Method:src/ui/src/highlighterset.cpp:updateCombinedSet","Method:src/ui/src/highlighterset.cpp:invalidateCompiled#0","CALLS",0.95,"same-file",0
"Method:src/ui/src/highlighterset.cpp:activateSet","Method:src/ui/src/highlighterset.cpp:hasSet#1","CALLS",0.95,"same-file",0
"Method:src/ui/src/highlighterset.cpp:activateSet","Method:src/ui/src/highlighterset.cpp:updateCombinedSet#0","CALLS",0.95,"same-file",0
"Method:src/ui/src/highlighterset.cpp:deactivateSet","Method:src/ui/src/highlighterset.cpp:updateCombinedSet#0","CALLS",0.95,"same-file",0
"Method:src/ui/src/highlighterset.cpp:deactivateAll","Method:src/ui/src/highlighterset.cpp:updateCombinedSet#0","CALLS",0.95,"same-file",0
"Method:src/ui/src/highlighterset.cpp:hasSet","Method:src/ui/src/abstractlogview.cpp:LineChunk.end#0","CALLS",0.5,"global",0
"Method:src/ui/src/highlighterset.cpp:hasSet","Method:src/ui/src/highlighterset.cpp:id#0","CALLS",0.95,"same-file",0
"Method:src/ui/src/highlighterset.cpp:hasSetByName","Method:src/ui/src/abstractlogview.cpp:LineChunk.end#0","CALLS",0.5,"global",0
"Method:src/ui/src/highlighterset.cpp:hasSetByName","Method:src/ui/src/highlighterset.cpp:name#0","CALLS",0.95,"same-file",0
"Method:src/ui/src/highlighterset.cpp:retrieveFromStorage","Method:src/ui/src/highlighterset.cpp:isEmpty#0","CALLS",0.95,"same-file",0
"Method:src/ui/src/highlighterset.cpp:retrieveFromStorage","Method:src/ui/src/highlighterset.cpp:activateSet#1","CALLS",0.95,"same-file",0
"Method:src/ui/src/highlighterset.cpp:retrieveFromStorage","Method:src/ui/src/abstractlogview.cpp:LineChunk.end#0","CALLS",0.5,"global",0
"Method:src/ui/src/highlighterset.cpp:retrieveFromStorage","Method:src/ui/src/highlighterset.cpp:id#0","CALLS",0.95,"same-file",0
"Method:src/ui/src/highlighterset.cpp:retrieveFromStorage","Method:src/ui/src/highlighterset.cpp:updateCombinedSet#0","CALLS",0.95,"same-file",0
"Method:src/ui/src/highlightersdialog.cpp:HighlightersDialog","Method:src/settings/include/persistable.h:Persistable.getSynced#0","CALLS",0.5,"global",0
"Method:src/ui/src/highlightersdialog.cpp:HighlightersDialog","Method:src/ui/src/highlightersdialog.cpp:populateHighlighterList#0","CALLS",0.95,"same-file",0
"Method:src/ui/src/highlightersdialog.cpp:HighlightersDialog","Method:src/ui/src/highlightersdialog.cpp:setCurrentRow#1","CALLS",0.95,"same-file",0
"Method:src/ui/src/highlightersdialog.cpp:HighlightersDialog","Method:src/ui/include/highlighterset.h:HighlighterSet.isEmpty#0","CALLS",0.9,"import-resolved",0
"Method:src/ui/src/highlightersdialog.cpp:HighlightersDialog","Method:src/ui/include/highlighterset.h:HighlighterSetCollection.setQuickHighlighters#1","CALLS",0.9,"import-resolved",0
"Method:src/ui/src/highlightersdialog.cpp:HighlightersDialog","Method:src/ui/include/iconloader.h:IconLoader.load#1","CALLS",0.9,"import-resolved",0
"Method:src/ui/src/highlightersdialog.cpp:exportHighlighters","Method:src/ui/include/highlighterset.h:HighlighterSet.isEmpty#0","CALLS",0.9,"import-resolved",0
"Method:src/ui/src/highlightersdialog.cpp:importHighlighters","Method:src/ui/include/highlighterset.h:HighlighterSetCollection.retrieveFromStorage#1","CALLS",0.9,"import-resolved",0
"Method:src/ui/src/highlightersdialog.cpp:importHighlighters","Method:src/ui/include/highlighterset.h:HighlighterSetCollection.hasSet#1","CALLS",0.9,"import-resolved",0
"Method:src/ui/src/highlightersdialog.cpp:importHighlighters","Method:src/ui/include/highlighterset.h:HighlighterSet.id#0","CALLS",0.9,"import-resolved",0
"Method:src/ui/src/highlightersdialog.cpp:importHighlighters","Method:src/ui/include/highlighterset.h:HighlighterSetCollection.hasSetByName#1","CALLS",0.9,"import-resolved",0
"Method:src/ui/src/highlightersdialog.cpp:importHighlighters","Method:src/ui/include/highlighterset.h:HighlighterSet.name#0","CALLS",0.9,"import-resolved",0
"Method:src/ui/src/highlightersdialog.cpp:addHighlighterSet","Method:src/ui/include/highlighterset.h:HighlighterSet.createNewSet#1","CALLS",0.9,"import-resolved",0
"Method:src/ui/src/highlightersdialog.cpp:addHighlighterSet","Method:src/ui/src/highlightersdialog.cpp:setCurrentRow#1","CALLS",0.95,"same-file",0
"Method:src/ui/src/highlightersdialog.cpp:removeHighlighterSet","Method:src/ui/src/highlightersdialog.cpp:setCurrentRow#1","CALLS",0.95,"same-file",0
"Method:src/ui/src/highlightersdialog.cpp:removeHighlighterSet","Method:src/ui/include/highlighterset.h:HighlighterSetCollection.deactivateSet#1","CALLS",0.9,"import-resolved",0
"Method:src/ui/src/highlightersdialog.cpp:removeHighlighterSet","Method:src/ui/include/highlighterset.h:HighlighterSet.id#0","CALLS",0.9,"import-resolved",0
"Method:src/ui/src/highlightersdialog.cpp:moveHighlighterSetUp","Method:src/ui/src/highlightersdialog.cpp:setCurrentRow#1","CALLS",0.95,"same-file",0
"Method:src/ui/src/highlightersdialog.cpp:moveHighlighterSetDown","Method:src/ui/src/highlightersdialog.cpp:setCurrentRow#1","CALLS",0.95,"same-file",0
"Method:src/ui/src/highlightersdialog.cpp:resolveDialog","Method:src/settings/include/persistable.h:Persistable.save#0","CALLS",0.5,"global",0
"Method:src/ui/src/highlightersdialog.cpp:setCurrentRow","Method:src/ui/src/highlightersdialog.cpp:setCurrentRow#1","CALLS",0.95,"same-file",0
"Method:src/ui/src/highlightersdialog.cpp:updateHighlighterProperties","Method:src/ui/include/highlighterset.h:HighlighterSet.name#0","CALLS",0.9,"import-resolved",0
"Method:src/ui/src/highlightersdialog.cpp:populateHighlighterList","Method:src/ui/include/highlighterset.h:HighlighterSet.name#0","CALLS",0.9,"import-resolved",0
"Method:src/ui/src/highlighteredit.cpp:HighlighterEdit","Method:src/ui/src/highlighteredit.cpp:reset#0","CALLS",0.95,"same-file",0
"Method:src/ui/src/highlighteredit.cpp:reset","Method:src/ui/src/predefinedfiltersdialog.cpp:CenteredCheckbox.setChecked#1","CALLS",0.5,"global",0
"Method:src/ui/src/highlighteredit.cpp:reset","Method:src/ui/include/startupprogress.h:StartupProgress.setValue#3","CALLS",0.5,"global",0
"Method:src/ui/src/highlighteredit.cpp:reset","Method:src/ui/src/highlighteredit.cpp:updateIcon#2","CALLS",0.95,"same-file",0
"Method:src/ui/src/highlighteredit.cpp:setHighlighter","Method:src/ui/src/predefinedfiltersdialog.cpp:CenteredCheckbox.setChecked#1","CALLS",0.5,"global",0
"Method:src/ui/src/highlighteredit.cpp:setHighlighter","Method:src/ui/include/startupprogress.h:StartupProgress.setValue#3","CALLS",0.5,"global",0
"Method:src/ui/src/highlighteredit.cpp:setHighlighter","Method:src/ui/src/highlighteredit.cpp:updateIcon#2","CALLS",0.95,"same-file",0
"Method:src/ui/src/highlighteredit.cpp:setHighlighter","Method:src/ui/include/highlighterset.h:Highlighter.useRegex#0","CALLS",0.9,"import-resolved",0
"Method:src/ui/src/highlighteredit.cpp:setPattern","Method:src/ui/src/highlighteredit.cpp:setPattern#1","CALLS",0.95,"same-file",0
"Method:src/ui/src/highlighteredit.cpp:setIgnoreCase","Method:src/ui/src/highlighteredit.cpp:setIgnoreCase#1","CALLS",0.95,"same-file",0
"Method:src/ui/src/highlighteredit.cpp:setHighlightOnlyMatch","Method:src/ui/src/highlighteredit.cpp:setHighlightOnlyMatch#1","CALLS",0.95,"same-file",0
"Method:src/ui/src/highlighteredit.cpp:setVariateColors","Method:src/ui/src/highlighteredit.cpp:setVariateColors#1","CALLS",0.95,"same-file",0
"Method:src/ui/src/highlighteredit.cpp:setVariateColors","Method:src/ui/src/highlighteredit.cpp:setColorVariance#1","CALLS",0.95,"same-file",0
"Method:src/ui/src/highlighteredit.cpp:setColorVariance","Method:src/ui/src/highlighteredit.cpp:setColorVariance#1","CALLS",0.95,"same-file",0
"Method:src/ui/src/highlighteredit.cpp:changeForeColor","Method:src/ui/src/highlighteredit.cpp:showColorPicker#2","CALLS",0.95,"same-file",0
"Method:src/ui/src/highlighteredit.cpp:changeForeColor","Method:src/ui/src/highlighteredit.cpp:updateIcon#2","CALLS",0.95,"same-file",0
"Method:src/ui/src/highlighteredit.cpp:changeBackColor","Method:src/ui/src/highlighteredit.cpp:showColorPicker#2","CALLS",0.95,"same-file",0
"Method:src/ui/src/highlighteredit.cpp:changeBackColor","Method:src/ui/src/highlighteredit.cpp:updateIcon#2","CALLS",0.95,"same-file",0
"Method:src/ui/src/highlighteredit.cpp:showColorPicker","Method:tests/ui/qtests_main.cpp:TestRunner.result#0","CALLS",0.5,"global",0
"Method:src/ui/src/filteredview.cpp:setVisibility","Method:src/ui/src/filteredview.cpp:setVisibility#1","CALLS",0.95,"same-file",0
"Method:src/ui/src/filteredview.cpp:visibility","Method:src/ui/src/filteredview.cpp:visibility#0","CALLS",0.95,"same-file",0
"Method:src/ui/src/filteredview.cpp:doRegisterShortcuts","Method:src/ui/src/filteredview.cpp:doRegisterShortcuts#0","CALLS",0.95,"same-file",0
"Method:src/ui/src/filteredview.cpp:doRegisterShortcuts","Method:src/ui/src/filteredview.cpp:lineType#1","CALLS",0.95,"same-file",0
"Method:src/ui/src/favoritefiles.cpp:add","Method:src/ui/src/abstractlogview.cpp:LineChunk.end#0","CALLS",0.5,"global",0
"Method:src/ui/src/favoritefiles.cpp:add","Method:src/ui/include/displayfilepath.h:DisplayFilePath.displayName#0","CALLS",0.9,"import-resolved",0
"Method:src/ui/src/favoritefiles.cpp:remove","Method:src/ui/src/abstractlogview.cpp:LineChunk.end#0","CALLS",0.5,"global",0
"Method:src/ui/src/downloader.cpp:download","Method:src/settings/include/configuration.h:Configuration.verifySslPeers#0","CALLS",0.9,"import-resolved",0
"Method:src/ui/src/displayfilepath.cpp:operator()","Method:src/ui/src/displayfilepath.cpp:fullPath#0","CALLS",0.95,"same-file",0
"Method:src/ui/src/crawlerwidget.cpp:getTopLine","Method:src/ui/src/crawlerwidget.cpp:getTopLine#0","CALLS",0.95,"same-file",0
"Method:src/ui/src/crawlerwidget.cpp:getSelectedText","Method:src/ui/src/crawlerwidget.cpp:getSelectedText#0","CALLS",0.95,"same-file",0
"Method:src/ui/src/crawlerwidget.cpp:isPartialSelection","Method:src/ui/src/crawlerwidget.cpp:isPartialSelection#0","CALLS",0.95,"same-file",0
"Method:src/ui/src/crawlerwidget.cpp:selectAll","Method:src/ui/src/crawlerwidget.cpp:activeView#0","CALLS",0.95,"same-file",0
"Method:src/ui/src/crawlerwidget.cpp:selectAll","Method:src/ui/src/crawlerwidget.cpp:selectAll#0","CALLS",0.95,"same-file",0
"Method:src/ui/src/crawlerwidget.cpp:isFollowEnabled","Method:src/ui/src/crawlerwidget.cpp:isFollowEnabled#0","CALLS",0.95,"same-file",0
"Method:src/ui/src/crawlerwidget.cpp:isTextWrapEnabled","Method:src/ui/src/crawlerwidget.cpp:isTextWrapEnabled#0","CALLS",0.95,"same-file",0
"Method:src/ui/src/crawlerwidget.cpp:visibleLineRange","Method:src/ui/src/crawlerwidget.cpp:visibleLineRangeForView#1","CALLS",0.95,"same-file",0
"Method:src/ui/src/crawlerwidget.cpp:visibleLineRange","Method:src/ui/src/crawlerwidget.cpp:activeView#0","CALLS",0.95,"same-file",0
"Method:src/ui/src/crawlerwidget.cpp:mainVisibleLineRange","Method:src/ui/src/crawlerwidget.cpp:visibleLineRangeForView#1","CALLS",0.95,"same-file",0
"Method:src/ui/src/crawlerwidget.cpp:filteredVisibleLineRange","Method:src/ui/src/crawlerwidget.cpp:visibleLineRangeForView#1","CALLS",0.95,"same-file",0
"Method:src/ui/src/crawlerwidget.cpp:focusedViewObjectName","Method:src/ui/src/crawlerwidget.cpp:activeView#0","CALLS",0.95,"same-file",0
"Method:src/ui/src/crawlerwidget.cpp:visibleLineRangeForView","Method:src/ui/include/abstractlogview.h:AbstractLogView.visibleLineStart#0","CALLS",0.9,"import-resolved",0
"Method:src/ui/src/crawlerwidget.cpp:visibleLineRangeForView","Method:src/ui/include/abstractlogview.h:AbstractLogView.visibleLineEnd#0","CALLS",0.9,"import-resolved",0
"Method:src/ui/src/crawlerwidget.cpp:isRegexEnabled","Method:src/ui/src/predefinedfiltersdialog.cpp:CenteredCheckbox.isChecked#0","CALLS",0.5,"global",0
"Method:src/ui/src/crawlerwidget.cpp:isCaseSensitiveSearchEnabled","Method:src/ui/src/predefinedfiltersdialog.cpp:CenteredCheckbox.isChecked#0","CALLS",0.5,"global",0
"Method:src/ui/src/crawlerwidget.cpp:isInverseSearchEnabled","Method:src/ui/src/predefinedfiltersdialog.cpp:CenteredCheckbox.isChecked#0","CALLS",0.5,"global",0
"Method:src/ui/src/crawlerwidget.cpp:isBooleanSearchEnabled","Method:src/ui/src/predefinedfiltersdialog.cpp:CenteredCheckbox.isChecked#0","CALLS",0.5,"global",0
"Method:src/ui/src/crawlerwidget.cpp:isAutoRefreshSearchEnabled","Method:src/ui/src/predefinedfiltersdialog.cpp:CenteredCheckbox.isChecked#0","CALLS",0.5,"global",0
"Method:src/ui/src/crawlerwidget.cpp:isKeepSearchResultsEnabled","Method:src/ui/src/predefinedfiltersdialog.cpp:CenteredCheckbox.isChecked#0","CALLS",0.5,"global",0
"Method:src/ui/src/crawlerwidget.cpp:doGetActiveSearchable","Method:src/ui/src/crawlerwidget.cpp:activeView#0","CALLS",0.95,"same-file",0
"Method:src/ui/src/crawlerwidget.cpp:changeEvent","Method:src/ui/src/crawlerwidget.cpp:loadIcons#0","CALLS",0.95,"same-file",0
"Method:src/ui/src/crawlerwidget.cpp:changeEvent","Method:src/ui/src/crawlerwidget.cpp:changeEvent#1","CALLS",0.95,"same-file",0
"Method:src/ui/src/crawlerwidget.cpp:reload","Method:src/ui/include/crawlerwidget.h:SearchState.resetState#0","CALLS",0.9,"import-resolved",0
"Method:src/ui/src/crawlerwidget.cpp:reload","Method:src/ui/include/abstractlogview.h:AbstractLogView.updateData#0","CALLS",0.9,"import-resolved",0
"Method:src/ui/src/crawlerwidget.cpp:reload","Method:src/ui/src/crawlerwidget.cpp:reload#0","CALLS",0.95,"same-file",0
"Method:src/ui/src/crawlerwidget.cpp:setEncoding","Method:src/ui/src/crawlerwidget.cpp:updateEncoding#0","CALLS",0.95,"same-file",0
"Method:src/ui/src/crawlerwidget.cpp:commanderFilters","Method:src/ui/include/savedsearches.h:SavedSearches.recentSearches#0","CALLS",0.9,"import-resolved",0
"Method:src/ui/src/crawlerwidget.cpp:commanderPredefinedFilters","Method:src/ui/src/crawlerwidget.cpp:commanderFilters#0","CALLS",0.95,"same-file",0
"Method:src/ui/src/crawlerwidget.cpp:commanderFilterById","Method:src/ui/include/abstractlogview.h:DigitsBuffer.isEmpty#0","CALLS",0.9,"import-resolved",0
"Method:src/ui/src/crawlerwidget.cpp:commanderFilterById","Method:src/ui/include/savedsearches.h:SavedSearches.recentSearches#0","CALLS",0.9,"import-resolved",0
"Method:src/ui/src/crawlerwidget.cpp:commanderFilterByIndex","Method:src/ui/include/savedsearches.h:SavedSearches.recentSearches#0","CALLS",0.9,"import-resolved",0
"Method:src/ui/src/crawlerwidget.cpp:commanderPredefinedFilterById","Method:src/ui/src/crawlerwidget.cpp:commanderFilterById#1","CALLS",0.95,"same-file",0
"Method:src/ui/src/crawlerwidget.cpp:commanderPredefinedFilterByIndex","Method:src/ui/src/crawlerwidget.cpp:commanderFilterByIndex#1","CALLS",0.95,"same-file",0
"Method:src/ui/src/crawlerwidget.cpp:applyCommanderSearchPattern","Method:src/ui/src/crawlerwidget.cpp:setSearchPattern#2","CALLS",0.95,"same-file",0
"Method:src/ui/src/crawlerwidget.cpp:applyCommanderSearchPattern","Method:src/ui/src/crawlerwidget.cpp:startNewSearch#0","CALLS",0.95,"same-file",0
"Method:src/ui/src/crawlerwidget.cpp:applyCommanderSearchPattern","Method:src/ui/src/predefinedfiltersdialog.cpp:CenteredCheckbox.isChecked#0","CALLS",0.5,"global",0
"Method:src/ui/src/crawlerwidget.cpp:applyCommanderSearchPattern","Method:src/ui/src/predefinedfiltersdialog.cpp:CenteredCheckbox.setChecked#1","CALLS",0.5,"global",0
"Method:src/ui/src/crawlerwidget.cpp:applyCommanderPredefinedFilter","Method:src/ui/src/crawlerwidget.cpp:combinePatterns#2","CALLS",0.95,"same-file",0
"Method:src/ui/src/crawlerwidget.cpp:applyCommanderPredefinedFilter","Method:src/ui/src/crawlerwidget.cpp:escapeSearchPattern#2","CALLS",0.95,"same-file",0
"Method:src/ui/src/crawlerwidget.cpp:applyCommanderPredefinedFilter","Method:src/ui/src/crawlerwidget.cpp:applyCommanderSearchPattern#3","CALLS",0.95,"same-file",0
"Method:src/ui/src/crawlerwidget.cpp:applyCommanderAutomationSearch","Method:src/ui/src/predefinedfiltersdialog.cpp:CenteredCheckbox.setChecked#1","CALLS",0.5,"global",0
"Method:src/ui/src/crawlerwidget.cpp:applyCommanderAutomationSearch","Method:src/ui/include/savedsearches.h:SavedSearches.clear#0","CALLS",0.9,"import-resolved",0
"Method:src/ui/src/crawlerwidget.cpp:applyCommanderAutomationSearch","Method:src/ui/src/crawlerwidget.cpp:setSearchPattern#2","CALLS",0.95,"same-file",0
"Method:src/ui/src/crawlerwidget.cpp:applyCommanderAutomationSearch","Method:src/ui/src/crawlerwidget.cpp:startNewSearch#0","CALLS",0.95,"same-file",0
"Method:src/ui/src/crawlerwidget.cpp:goToLine","Method:src/ui/include/abstractlogview.h:AbstractLogView.trySelectLine#1","CALLS",0.9,"import-resolved",0
"Method:src/ui/src/crawlerwidget.cpp:doSetSavedSearches","Method:src/ui/src/crawlerwidget.cpp:setup#0","CALLS",0.95,"same-file",0
"Method:src/ui/src/crawlerwidget.cpp:setViewContextLazy","Method:src/ui/src/crawlerwidget.cpp:applyViewContext#2","CALLS",0.95,"same-file",0
"Method:src/ui/src/crawlerwidget.cpp:doSetViewContext","Method:src/ui/src/crawlerwidget.cpp:applyViewContext#2","CALLS",0.95,"same-file",0
"Method:src/ui/src/crawlerwidget.cpp:applyViewContext","Method:src/ui/src/crawlerwidget.cpp:CrawlerWidgetContext.sizes#0","CALLS",0.95,"same-file",0
"Method:src/ui/src/crawlerwidget.cpp:applyViewContext","Method:src/ui/src/crawlerwidget.cpp:CrawlerWidgetContext.searchPattern#0","CALLS",0.95,"same-file",0
"Method:src/ui/src/crawlerwidget.cpp:applyViewContext","Method:src/ui/src/predefinedfiltersdialog.cpp:CenteredCheckbox.setChecked#1","CALLS",0.5,"global",0
"Method:src/ui/src/crawlerwidget.cpp:applyViewContext","Method:src/ui/src/crawlerwidget.cpp:CrawlerWidgetContext.ignoreCase#0","CALLS",0.95,"same-file",0
"Method:src/ui/src/crawlerwidget.cpp:applyViewContext","Method:src/ui/src/crawlerwidget.cpp:CrawlerWidgetContext.useRegexp#0","CALLS",0.95,"same-file",0
"Method:src/ui/src/crawlerwidget.cpp:applyViewContext","Method:src/ui/src/crawlerwidget.cpp:CrawlerWidgetContext.inverseRegexp#0","CALLS",0.95,"same-file",0
"Method:src/ui/src/crawlerwidget.cpp:applyViewContext","Method:src/ui/src/crawlerwidget.cpp:CrawlerWidgetContext.useBooleanCombination#0","CALLS",0.95,"same-file",0
"Method:src/ui/src/crawlerwidget.cpp:applyViewContext","Method:src/ui/src/crawlerwidget.cpp:CrawlerWidgetContext.autoRefresh#0","CALLS",0.95,"same-file",0
"Method:src/ui/src/crawlerwidget.cpp:applyViewContext","Method:src/ui/include/crawlerwidget.h:SearchState.setAutorefresh#1","CALLS",0.9,"import-resolved",0
"Method:src/ui/src/crawlerwidget.cpp:applyViewContext","Method:src/ui/src/crawlerwidget.cpp:matchCaseChangedHandler#1","CALLS",0.95,"same-file",0
"Method:src/ui/src/crawlerwidget.cpp:applyViewContext","Method:src/ui/src/crawlerwidget.cpp:booleanCombiningChangedHandler#1","CALLS",0.95,"same-file",0
"Method:src/ui/src/crawlerwidget.cpp:applyViewContext","Method:src/ui/src/crawlerwidget.cpp:useRegexpChangeHandler#1","CALLS",0.95,"same-file",0
"Method:src/ui/src/crawlerwidget.cpp:applyViewContext","Method:src/ui/src/crawlerwidget.cpp:updatePredefinedFiltersWidget#0","CALLS",0.95,"same-file",0
"Method:src/ui/src/crawlerwidget.cpp:applyViewContext","Method:src/ui/src/crawlerwidget.cpp:CrawlerWidgetContext.followFile#0","CALLS",0.95,"same-file",0
"Method:src/ui/src/crawlerwidget.cpp:applyViewContext","Method:src/settings/include/configuration.h:Configuration.anyFileWatchEnabled#0","CALLS",0.9,"import-resolved",0
"Method:src/ui/src/crawlerwidget.cpp:applyViewContext","Method:src/ui/src/crawlerwidget.cpp:CrawlerWidgetContext.marks#0","CALLS",0.95,"same-file",0
"Method:src/ui/src/crawlerwidget.cpp:applyViewContext","Method:src/ui/include/abstractlogview.h:DigitsBuffer.isEmpty#0","CALLS",0.9,"import-resolved",0
"Method:src/ui/src/crawlerwidget.cpp:applyViewContext","Method:src/ui/src/crawlerwidget.cpp:restorePendingSearchExpression#1","CALLS",0.95,"same-file",0
"Method:src/ui/src/crawlerwidget.cpp:doGetViewContext","Method:src/ui/src/crawlerwidget.cpp:CrawlerWidgetContext.sizes#0","CALLS",0.95,"same-file",0
"Method:src/ui/src/crawlerwidget.cpp:doGetViewContext","Method:src/ui/src/predefinedfiltersdialog.cpp:CenteredCheckbox.isChecked#0","CALLS",0.5,"global",0
"Method:src/ui/src/crawlerwidget.cpp:doGetViewContext","Method:src/ui/src/crawlerwidget.cpp:isFollowEnabled#0","CALLS",0.95,"same-file",0
"Method:src/ui/src/crawlerwidget.cpp:startNewSearch","Method:src/ui/include/savedsearches.h:SavedSearches.clear#0","CALLS",0.9,"import-resolved",0
"Method:src/ui/src/crawlerwidget.cpp:startNewSearch","Method:src/ui/src/predefinedfiltersdialog.cpp:CenteredCheckbox.isChecked#0","CALLS",0.5,"global",0
"Method:src/ui/src/crawlerwidget.cpp:startNewSearch","Method:src/ui/src/predefinedfiltersdialog.cpp:CenteredCheckbox.setChecked#1","CALLS",0.5,"global",0
"Method:src/ui/src/crawlerwidget.cpp:startNewSearch","Method:src/ui/src/crawlerwidget.cpp:connectAllFilteredViewSlots#1","CALLS",0.95,"same-file",0
"Method:src/ui/src/crawlerwidget.cpp:startNewSearch","Method:src/ui/src/crawlerwidget.cpp:applyConfiguration#0","CALLS",0.95,"same-file",0
"Method:src/ui/src/crawlerwidget.cpp:startNewSearch","Method:src/settings/include/persistable.h:Persistable.getSynced#0","CALLS",0.5,"global",0
"Method:src/ui/src/crawlerwidget.cpp:startNewSearch","Method:src/ui/include/savedsearches.h:SavedSearches.addRecent#1","CALLS",0.9,"import-resolved",0
"Method:src/ui/src/crawlerwidget.cpp:startNewSearch","Method:src/settings/include/persistable.h:Persistable.save#0","CALLS",0.5,"global",0
"Method:src/ui/src/crawlerwidget.cpp:startNewSearch","Method:src/ui/src/crawlerwidget.cpp:updateSearchCombo#0","CALLS",0.95,"same-file",0
"Method:src/ui/src/crawlerwidget.cpp:startNewSearch","Method:src/ui/src/crawlerwidget.cpp:replaceCurrentSearch#3","CALLS",0.95,"same-file",0
"Method:src/ui/src/crawlerwidget.cpp:updatePredefinedFiltersWidget","Method:src/ui/src/predefinedfiltersdialog.cpp:CenteredCheckbox.isChecked#0","CALLS",0.5,"global",0
"Method:src/ui/src/crawlerwidget.cpp:stopSearch","Method:src/ui/src/crawlerwidget.cpp:stopSearch#0","CALLS",0.95,"same-file",0
"Method:src/ui/src/crawlerwidget.cpp:searchFailedHandler","Method:src/ui/src/crawlerwidget.cpp:showSearchExpressionError#1","CALLS",0.95,"same-file",0
"Method:src/ui/src/crawlerwidget.cpp:clearSearchHistory","Method:src/ui/include/savedsearches.h:SavedSearches.clear#0","CALLS",0.9,"import-resolved",0
"Method:src/ui/src/crawlerwidget.cpp:clearSearchHistory","Method:src/settings/include/persistable.h:Persistable.getSynced#0","CALLS",0.5,"global",0
"Method:src/ui/src/crawlerwidget.cpp:clearSearchHistory","Method:src/settings/include/persistable.h:Persistable.save#0","CALLS",0.5,"global",0
"Method:src/ui/src/crawlerwidget.cpp:editSearchHistory","Method:src/settings/include/persistable.h:Persistable.getSynced#0","CALLS",0.5,"global",0
"Method:src/ui/src/crawlerwidget.cpp:editSearchHistory","Method:src/ui/include/savedsearches.h:SavedSearches.recentSearches#0","CALLS",0.9,"import-resolved",0
"Method:src/ui/src/crawlerwidget.cpp:editSearchHistory","Method:src/ui/include/savedsearches.h:SavedSearches.clear#0","CALLS",0.9,"import-resolved",0
"Method:src/ui/src/crawlerwidget.cpp:editSearchHistory","Method:src/ui/include/savedsearches.h:SavedSearches.addRecent#1","CALLS",0.9,"import-resolved",0
"Method:src/ui/src/crawlerwidget.cpp:editSearchHistory","Method:src/settings/include/persistable.h:Persistable.save#0","CALLS",0.5,"global",0
"Method:src/ui/src/crawlerwidget.cpp:editSearchHistory","Method:src/ui/src/crawlerwidget.cpp:updateSearchCombo#0","CALLS",0.95,"same-file",0
"Method:src/ui/src/crawlerwidget.cpp:updateFilteredView","Method:src/ui/src/crawlerwidget.cpp:printSearchInfoMessage#1","CALLS",0.95,"same-file",0
"Method:src/ui/src/crawlerwidget.cpp:updateFilteredView","Method:src/ui/include/infoline.h:InfoLine.hideGauge#0","CALLS",0.9,"import-resolved",0
"Method:src/ui/src/crawlerwidget.cpp:updateFilteredView","Method:src/ui/include/abstractlogview.h:DigitsBuffer.isEmpty#0","CALLS",0.9,"import-resolved",0
"Method:src/ui/src/crawlerwidget.cpp:updateFilteredView","Method:src/ui/include/startupprogress.h:StartupProgress.message#2","CALLS",0.9,"import-resolved",0
"Method:src/ui/src/crawlerwidget.cpp:updateFilteredView","Method:src/ui/include/infoline.h:InfoLine.displayGauge#1","CALLS",0.9,"import-resolved",0
"Method:src/ui/src/crawlerwidget.cpp:updateFilteredView","Method:src/ui/include/abstractlogview.h:AbstractLogView.updateData#0","CALLS",0.9,"import-resolved",0
"Method:src/ui/src/crawlerwidget.cpp:updateFilteredView","Method:src/ui/src/crawlerwidget.cpp:changeDataStatus#1","CALLS",0.95,"same-file",0
"Method:src/ui/src/crawlerwidget.cpp:updateFilteredView","Method:src/ui/src/crawlerwidget.cpp:isFollowEnabled#0","CALLS",0.95,"same-file",0
"Method:src/ui/src/crawlerwidget.cpp:updateFilteredView","Method:src/ui/include/abstractlogview.h:AbstractLogView.selectAndDisplayLine#1","CALLS",0.9,"import-resolved",0
"Method:src/ui/src/crawlerwidget.cpp:updateFilteredView","Method:src/ui/src/crawlerwidget.cpp:setSearchLimits#2","CALLS",0.95,"same-file",0
"Method:src/ui/src/crawlerwidget.cpp:updateFilteredView","Method:src/ui/include/startupprogress.h:StartupProgress.advance#3","CALLS",0.9,"import-resolved",0
"Method:src/ui/src/crawlerwidget.cpp:jumpToMatchingLine","Method:src/ui/include/abstractlogview.h:AbstractLogView.selectPortionAndDisplayLine#4","CALLS",0.9,"import-resolved",0
"Method:src/ui/src/crawlerwidget.cpp:markLinesFromMain","Method:src/ui/include/abstractlogview.h:AbstractLogView.updateData#0","CALLS",0.9,"import-resolved",0
"Method:src/ui/src/crawlerwidget.cpp:markLinesFromFiltered","Method:src/ui/src/crawlerwidget.cpp:markLinesFromMain#1","CALLS",0.95,"same-file",0
"Method:src/ui/src/crawlerwidget.cpp:applyConfiguration","Method:src/settings/include/configuration.h:Configuration.mainFont#0","CALLS",0.9,"import-resolved",0
"Method:src/ui/src/crawlerwidget.cpp:applyConfiguration","Method:src/ui/src/crawlerwidget.cpp:registerShortcuts#0","CALLS",0.95,"same-file",0
"Method:src/ui/src/crawlerwidget.cpp:applyConfiguration","Method:src/settings/include/configuration.h:Configuration.forceFontAntialiasing#0","CALLS",0.9,"import-resolved",0
"Method:src/ui/src/crawlerwidget.cpp:applyConfiguration","Method:src/settings/include/configuration.h:Configuration.useBoldFont#0","CALLS",0.9,"import-resolved",0
"Method:src/ui/src/crawlerwidget.cpp:applyConfiguration","Method:src/settings/include/configuration.h:Configuration.hideAnsiColorSequences#0","CALLS",0.9,"import-resolved",0
"Method:src/ui/src/crawlerwidget.cpp:applyConfiguration","Method:src/ui/include/abstractlogview.h:AbstractLogView.setLineNumbersVisible#1","CALLS",0.9,"import-resolved",0
"Method:src/ui/src/crawlerwidget.cpp:applyConfiguration","Method:src/settings/include/configuration.h:Configuration.mainLineNumbersVisible#0","CALLS",0.9,"import-resolved",0
"Method:src/ui/src/crawlerwidget.cpp:applyConfiguration","Method:src/settings/include/configuration.h:Configuration.anyFileWatchEnabled#0","CALLS",0.9,"import-resolved",0
"Method:src/ui/src/crawlerwidget.cpp:applyConfiguration","Method:src/ui/include/abstractlogview.h:AbstractLogView.allowFollowMode#1","CALLS",0.9,"import-resolved",0
"Method:src/ui/src/crawlerwidget.cpp:applyConfiguration","Method:src/ui/include/overview.h:Overview.setVisible#1","CALLS",0.5,"global",0
"Method:src/ui/src/crawlerwidget.cpp:applyConfiguration","Method:src/settings/include/configuration.h:Configuration.isOverviewVisible#0","CALLS",0.9,"import-resolved",0
"Method:src/ui/src/crawlerwidget.cpp:applyConfiguration","Method:src/ui/include/abstractlogview.h:AbstractLogView.refreshOverview#0","CALLS",0.9,"import-resolved",0
"Method:src/ui/src/crawlerwidget.cpp:applyConfiguration","Method:src/ui/include/abstractlogview.h:AbstractLogView.updateFont#1","CALLS",0.9,"import-resolved",0
"Method:src/ui/src/crawlerwidget.cpp:applyConfiguration","Method:src/settings/include/configuration.h:Configuration.filteredLineNumbersVisible#0","CALLS",0.9,"import-resolved",0
"Method:src/ui/src/crawlerwidget.cpp:applyConfiguration","Method:src/ui/src/crawlerwidget.cpp:updateSearchCombo#0","CALLS",0.95,"same-file",0
"Method:src/ui/src/crawlerwidget.cpp:applyConfiguration","Method:src/ui/src/crawlerwidget.cpp:isFollowEnabled#0","CALLS",0.95,"same-file",0
"Method:src/ui/src/crawlerwidget.cpp:applyConfiguration","Method:src/ui/src/crawlerwidget.cpp:changeDataStatus#1","CALLS",0.95,"same-file",0
"Method:src/ui/src/crawlerwidget.cpp:applyConfiguration","Method:src/ui/src/crawlerwidget.cpp:reloadPredefinedFilters#0","CALLS",0.95,"same-file",0
"Method:src/ui/src/crawlerwidget.cpp:loadingFinishedHandler","Method:src/ui/include/abstractlogview.h:AbstractLogView.updateData#0","CALLS",0.9,"import-resolved",0
"Method:src/ui/src/crawlerwidget.cpp:loadingFinishedHandler","Method:src/ui/src/crawlerwidget.cpp:restorePendingSearchExpression#1","CALLS",0.95,"same-file",0
"Method:src/ui/src/crawlerwidget.cpp:loadingFinishedHandler","Method:src/ui/include/crawlerwidget.h:SearchState.isAutorefreshAllowed#0","CALLS",0.9,"import-resolved",0
"Method:src/ui/src/crawlerwidget.cpp:loadingFinishedHandler","Method:src/ui/include/crawlerwidget.h:SearchState.isFileTruncated#0","CALLS",0.9,"import-resolved",0
"Method:src/ui/src/crawlerwidget.cpp:loadingFinishedHandler","Method:src/ui/src/crawlerwidget.cpp:updateEncoding#0","CALLS",0.95,"same-file",0
"Method:src/ui/src/crawlerwidget.cpp:loadingFinishedHandler","Method:src/ui/src/crawlerwidget.cpp:clearSearchLimits#0","CALLS",0.95,"same-file",0
"Method:src/ui/src/crawlerwidget.cpp:loadingFinishedHandler","Method:src/ui/src/crawlerwidget.cpp:changeDataStatus#1","CALLS",0.95,"same-file",0
"Method:src/ui/src/crawlerwidget.cpp:fileChangedHandler","Method:src/ui/include/abstractlogview.h:DigitsBuffer.isEmpty#0","CALLS",0.9,"import-resolved",0
"Method:src/ui/src/crawlerwidget.cpp:fileChangedHandler","Method:src/ui/include/abstractlogview.h:AbstractLogView.updateData#0","CALLS",0.9,"import-resolved",0
"Method:src/ui/src/crawlerwidget.cpp:fileChangedHandler","Method:src/ui/include/crawlerwidget.h:SearchState.truncateFile#0","CALLS",0.9,"import-resolved",0
"Method:src/ui/src/crawlerwidget.cpp:searchForward","Method:src/ui/src/crawlerwidget.cpp:activeView#0","CALLS",0.95,"same-file",0
"Method:src/ui/src/crawlerwidget.cpp:searchForward","Method:src/ui/src/crawlerwidget.cpp:searchForward#0","CALLS",0.95,"same-file",0
"Method:src/ui/src/crawlerwidget.cpp:searchBackward","Method:src/ui/src/crawlerwidget.cpp:activeView#0","CALLS",0.95,"same-file",0
"Method:src/ui/src/crawlerwidget.cpp:searchBackward","Method:src/ui/src/crawlerwidget.cpp:searchBackward#0","CALLS",0.95,"same-file",0
"Method:src/ui/src/crawlerwidget.cpp:resetStateOnSearchPatternChanges","Method:src/ui/include/crawlerwidget.h:SearchState.changeExpression#0","CALLS",0.9,"import-resolved",0
"Method:src/ui/src/crawlerwidget.cpp:resetStateOnSearchPatternChanges","Method:src/ui/src/crawlerwidget.cpp:printSearchInfoMessage#1","CALLS",0.95,"same-file",0
"Method:src/ui/src/crawlerwidget.cpp:searchRefreshChangedHandler","Method:src/ui/include/crawlerwidget.h:SearchState.setAutorefresh#1","CALLS",0.9,"import-resolved",0
"Method:src/ui/src/crawlerwidget.cpp:searchRefreshChangedHandler","Method:src/ui/include/abstractlogview.h:DigitsBuffer.isEmpty#0","CALLS",0.9,"import-resolved",0
"Method:src/ui/src/crawlerwidget.cpp:searchRefreshChangedHandler","Method:src/ui/src/crawlerwidget.cpp:replaceCurrentSearch#3","CALLS",0.95,"same-file",0
"Method:src/ui/src/crawlerwidget.cpp:searchRefreshChangedHandler","Method:src/ui/src/crawlerwidget.cpp:printSearchInfoMessage#1","CALLS",0.95,"same-file",0
"Method:src/ui/src/crawlerwidget.cpp:matchCaseChangedHandler","Method:src/ui/src/crawlerwidget.cpp:resetStateOnSearchPatternChanges#0","CALLS",0.95,"same-file",0
"Method:src/ui/src/crawlerwidget.cpp:booleanCombiningChangedHandler","Method:src/ui/src/crawlerwidget.cpp:resetStateOnSearchPatternChanges#0","CALLS",0.95,"same-file",0
"Method:src/ui/src/crawlerwidget.cpp:useRegexpChangeHandler","Method:src/ui/src/crawlerwidget.cpp:resetStateOnSearchPatternChanges#0","CALLS",0.95,"same-file",0
"Method:src/ui/src/crawlerwidget.cpp:searchTextChangeHandler","Method:src/ui/src/crawlerwidget.cpp:resetStateOnSearchPatternChanges#0","CALLS",0.95,"same-file",0
"Method:src/ui/src/crawlerwidget.cpp:searchTextChangeHandler","Method:src/ui/src/crawlerwidget.cpp:updatePredefinedFiltersWidget#0","CALLS",0.95,"same-file",0
"Method:src/ui/src/crawlerwidget.cpp:changeFilteredViewVisibility","Method:src/ui/include/abstractlogview.h:AbstractLogView.selectAndDisplayLine#1","CALLS",0.9,"import-resolved",0
"Method:src/ui/src/crawlerwidget.cpp:setSearchPatternFromPredefinedFilters","Method:src/ui/src/crawlerwidget.cpp:combinePatterns#2","CALLS",0.95,"same-file",0
"Method:src/ui/src/crawlerwidget.cpp:setSearchPatternFromPredefinedFilters","Method:src/ui/src/crawlerwidget.cpp:escapeSearchPattern#2","CALLS",0.95,"same-file",0
"Method:src/ui/src/crawlerwidget.cpp:setSearchPatternFromPredefinedFilters","Method:src/ui/src/crawlerwidget.cpp:setSearchPattern#1","CALLS",0.95,"same-file",0
"Method:src/ui/src/crawlerwidget.cpp:escapeSearchPattern","Method:src/ui/src/predefinedfiltersdialog.cpp:CenteredCheckbox.isChecked#0","CALLS",0.5,"global",0
"Method:src/ui/src/crawlerwidget.cpp:combinePatterns","Method:src/ui/include/abstractlogview.h:DigitsBuffer.isEmpty#0","CALLS",0.9,"import-resolved",0
"Method:src/ui/src/crawlerwidget.cpp:combinePatterns","Method:src/ui/src/predefinedfiltersdialog.cpp:CenteredCheckbox.isChecked#0","CALLS",0.5,"global",0
"Method:src/ui/src/crawlerwidget.cpp:addToSearch","Method:src/ui/src/crawlerwidget.cpp:setSearchPattern#1","CALLS",0.95,"same-file",0
"Method:src/ui/src/crawlerwidget.cpp:addToSearch","Method:src/ui/src/crawlerwidget.cpp:combinePatterns#2","CALLS",0.95,"same-file",0
"Method:src/ui/src/crawlerwidget.cpp:excludeFromSearch","Method:src/ui/src/predefinedfiltersdialog.cpp:CenteredCheckbox.isChecked#0","CALLS",0.5,"global",0
"Method:src/ui/src/crawlerwidget.cpp:excludeFromSearch","Method:src/ui/src/predefinedfiltersdialog.cpp:CenteredCheckbox.setChecked#1","CALLS",0.5,"global",0
"Method:src/ui/src/crawlerwidget.cpp:excludeFromSearch","Method:src/ui/include/abstractlogview.h:DigitsBuffer.isEmpty#0","CALLS",0.9,"import-resolved",0
"Method:src/ui/src/crawlerwidget.cpp:excludeFromSearch","Method:src/ui/src/crawlerwidget.cpp:setSearchPattern#1","CALLS",0.95,"same-file",0
"Method:src/ui/src/crawlerwidget.cpp:replaceSearch","Method:src/ui/src/crawlerwidget.cpp:setSearchPattern#1","CALLS",0.95,"same-file",0
"Method:src/ui/src/crawlerwidget.cpp:setSearchPattern","Method:src/ui/src/crawlerwidget.cpp:setSearchPattern#2","CALLS",0.95,"same-file",0
"Method:src/ui/src/crawlerwidget.cpp:setSearchPattern","Method:src/ui/src/crawlerwidget.cpp:updatePredefinedFiltersWidget#0","CALLS",0.95,"same-file",0
"Method:src/ui/src/crawlerwidget.cpp:setSearchPattern","Method:src/settings/include/configuration.h:Configuration.autoRunSearchOnPatternChange#0","CALLS",0.9,"import-resolved",0
"Method:src/ui/src/crawlerwidget.cpp:setSearchPattern","Method:src/ui/src/crawlerwidget.cpp:startNewSearch#0","CALLS",0.95,"same-file",0
"Method:src/ui/src/crawlerwidget.cpp:activityDetected","Method:src/ui/src/crawlerwidget.cpp:changeDataStatus#1","CALLS",0.95,"same-file",0
"Method:src/ui/src/crawlerwidget.cpp:setSearchLimits","Method:src/ui/src/crawlerwidget.cpp:setSearchLimits#2","CALLS",0.95,"same-file",0
"Method:src/ui/src/crawlerwidget.cpp:clearSearchLimits","Method:src/ui/src/crawlerwidget.cpp:setSearchLimits#2","CALLS",0.95,"same-file",0
"Method:src/ui/src/crawlerwidget.cpp:setup","Method:src/ui/include/savedsearches.h:SavedSearches.recentSearches#0","CALLS",0.9,"import-resolved",0
"Method:src/ui/src/crawlerwidget.cpp:setup","Method:src/ui/include/overview.h:Overview.setVisible#1","CALLS",0.5,"global",0
"Method:src/ui/src/crawlerwidget.cpp:setup","Method:src/ui/src/predefinedfiltersdialog.cpp:CenteredCheckbox.setChecked#1","CALLS",0.5,"global",0
"Method:src/ui/src/crawlerwidget.cpp:setup","Method:src/settings/include/configuration.h:Configuration.isSearchAutoRefreshDefault#0","CALLS",0.9,"import-resolved",0
"Method:src/ui/src/crawlerwidget.cpp:setup","Method:src/settings/include/configuration.h:Configuration.isSearchIgnoreCaseDefault#0","CALLS",0.9,"import-resolved",0
"Method:src/ui/src/crawlerwidget.cpp:setup","Method:src/settings/include/configuration.h:Configuration.mainRegexpType#0","CALLS",0.9,"import-resolved",0
"Method:src/ui/src/crawlerwidget.cpp:setup","Method:src/settings/include/configuration.h:Configuration.isSearchLogicalCombiningDefault#0","CALLS",0.9,"import-resolved",0
"Method:src/ui/src/crawlerwidget.cpp:setup","Method:src/ui/src/crawlerwidget.cpp:searchRefreshChangedHandler#1","CALLS",0.95,"same-file",0
"Method:src/ui/src/crawlerwidget.cpp:setup","Method:src/ui/src/predefinedfiltersdialog.cpp:CenteredCheckbox.isChecked#0","CALLS",0.5,"global",0
"Method:src/ui/src/crawlerwidget.cpp:setup","Method:src/ui/src/crawlerwidget.cpp:useRegexpChangeHandler#1","CALLS",0.95,"same-file",0
"Method:src/ui/src/crawlerwidget.cpp:setup","Method:src/ui/src/crawlerwidget.cpp:matchCaseChangedHandler#1","CALLS",0.95,"same-file",0
"Method:src/ui/src/crawlerwidget.cpp:setup","Method:src/ui/src/crawlerwidget.cpp:booleanCombiningChangedHandler#1","CALLS",0.95,"same-file",0
"Method:src/ui/src/crawlerwidget.cpp:setup","Method:src/settings/include/configuration.h:Configuration.splitterSizes#0","CALLS",0.9,"import-resolved",0
"Method:src/ui/src/crawlerwidget.cpp:setup","Method:src/ui/src/crawlerwidget.cpp:registerShortcuts#0","CALLS",0.95,"same-file",0
"Method:src/ui/src/crawlerwidget.cpp:setup","Method:src/ui/src/crawlerwidget.cpp:loadIcons#0","CALLS",0.95,"same-file",0
"Method:src/ui/src/crawlerwidget.cpp:setup","Method:src/ui/src/crawlerwidget.cpp:updatePredefinedFiltersWidget#0","CALLS",0.95,"same-file",0
"Method:src/ui/src/crawlerwidget.cpp:setup","Method:src/ui/src/crawlerwidget.cpp:getSelectedText#0","CALLS",0.95,"same-file",0
"Method:src/ui/src/crawlerwidget.cpp:setup","Method:src/ui/src/crawlerwidget.cpp:connectAllFilteredViewSlots#1","CALLS",0.95,"same-file",0
"Method:src/ui/src/crawlerwidget.cpp:changeFilteredView","Method:src/ui/src/crawlerwidget.cpp:changeFilteredViewVisibility#1","CALLS",0.95,"same-file",0
"Method:src/ui/src/crawlerwidget.cpp:saveSplitterSizes","Method:src/settings/include/configuration.h:Configuration.setSplitterSizes#1","CALLS",0.9,"import-resolved",0
"Method:src/ui/src/crawlerwidget.cpp:saveSplitterSizes","Method:src/ui/src/crawlerwidget.cpp:CrawlerWidgetContext.sizes#0","CALLS",0.95,"same-file",0
"Method:src/ui/src/crawlerwidget.cpp:saveSplitterSizes","Method:src/settings/include/persistable.h:Persistable.save#0","CALLS",0.5,"global",0
"Method:src/ui/src/crawlerwidget.cpp:changeFontSize","Method:src/settings/include/configuration.h:Configuration.mainFont#0","CALLS",0.9,"import-resolved",0
"Method:src/ui/src/crawlerwidget.cpp:changeFontSize","Method:src/ui/include/fontutils.h:FontUtils.availableFontSizes#1","CALLS",0.9,"import-resolved",0
"Method:src/ui/src/crawlerwidget.cpp:changeFontSize","Method:src/settings/include/configuration.h:Configuration.setMainFont#1","CALLS",0.9,"import-resolved",0
"Method:src/ui/src/crawlerwidget.cpp:changeFontSize","Method:src/ui/include/abstractlogview.h:AbstractLogView.updateFont#1","CALLS",0.9,"import-resolved",0
"Method:src/ui/src/crawlerwidget.cpp:connectAllFilteredViewSlots","Method:src/ui/include/abstractlogview.h:AbstractLogView.getSelectedText#0","CALLS",0.9,"import-resolved",0
"Method:src/ui/src/crawlerwidget.cpp:registerShortcuts","Method:src/ui/include/savedsearches.h:SavedSearches.clear#0","CALLS",0.9,"import-resolved",0
"Method:src/ui/src/crawlerwidget.cpp:registerShortcuts","Method:src/settings/include/configuration.h:Configuration.shortcuts#0","CALLS",0.9,"import-resolved",0
"Method:src/ui/src/crawlerwidget.cpp:registerShortcuts","Method:src/settings/include/shortcuts.h:ShortcutAction.registerShortcut#6","CALLS",0.9,"import-resolved",0
"Method:src/ui/src/crawlerwidget.cpp:registerShortcuts","Method:src/ui/src/crawlerwidget.cpp:changeTopViewSize#1","CALLS",0.95,"same-file",0
"Method:src/ui/src/crawlerwidget.cpp:registerShortcuts","Method:src/settings/include/shortcuts.h:ShortcutAction.registerShortcut#5","CALLS",0.9,"import-resolved",0
"Method:src/ui/src/crawlerwidget.cpp:registerShortcuts","Method:src/ui/src/crawlerwidget.cpp:activeView#0","CALLS",0.95,"same-file",0
"Method:src/ui/src/crawlerwidget.cpp:registerShortcuts","Method:src/ui/src/crawlerwidget.cpp:addColorLabelToSelection#1","CALLS",0.95,"same-file",0
"Method:src/ui/src/crawlerwidget.cpp:registerShortcuts","Method:src/ui/src/crawlerwidget.cpp:addNextColorLabelToSelection#0","CALLS",0.95,"same-file",0
"Method:src/ui/src/crawlerwidget.cpp:registerShortcuts","Method:src/ui/src/crawlerwidget.cpp:clearColorLabels#0","CALLS",0.95,"same-file",0
"Method:src/ui/src/crawlerwidget.cpp:registerShortcuts","Method:src/ui/src/crawlerwidget.cpp:registerShortcuts#0","CALLS",0.95,"same-file",0
"Method:src/ui/src/crawlerwidget.cpp:restorePendingSearchExpression","Method:src/ui/include/abstractlogview.h:DigitsBuffer.isEmpty#0","CALLS",0.9,"import-resolved",0
"Method:src/ui/src/crawlerwidget.cpp:restorePendingSearchExpression","Method:src/ui/include/startupprogress.h:StartupProgress.advance#3","CALLS",0.9,"import-resolved",0
"Method:src/ui/src/crawlerwidget.cpp:restorePendingSearchExpression","Method:src/ui/src/crawlerwidget.cpp:replaceCurrentSearch#3","CALLS",0.95,"same-file",0
"Method:src/ui/src/crawlerwidget.cpp:showSearchExpressionError","Method:src/logdata/include/logfiltereddata.h:LogFilteredData.clearSearch#1","CALLS",0.5,"global",0
"Method:src/ui/src/crawlerwidget.cpp:showSearchExpressionError","Method:src/ui/include/abstractlogview.h:AbstractLogView.updateData#0","CALLS",0.9,"import-resolved",0
"Method:src/ui/src/crawlerwidget.cpp:showSearchExpressionError","Method:src/ui/include/crawlerwidget.h:SearchState.resetState#0","CALLS",0.9,"import-resolved",0
"Method:src/ui/src/crawlerwidget.cpp:showSearchExpressionError","Method:src/ui/include/abstractlogview.h:DigitsBuffer.isEmpty#0","CALLS",0.9,"import-resolved",0
"Method:src/ui/src/crawlerwidget.cpp:showSearchExpressionError","Method:src/ui/src/crawlerwidget.cpp:setSearchPattern#1","CALLS",0.95,"same-file",0
"Method:src/ui/src/crawlerwidget.cpp:replaceCurrentSearch","Method:src/ui/include/abstractlogview.h:DigitsBuffer.isEmpty#0","CALLS",0.9,"import-resolved",0
"Method:src/ui/src/crawlerwidget.cpp:replaceCurrentSearch","Method:src/logdata/include/logfiltereddata.h:LogFilteredData.clearSearch#1","CALLS",0.5,"global",0
"Method:src/ui/src/crawlerwidget.cpp:replaceCurrentSearch","Method:src/ui/include/abstractlogview.h:AbstractLogView.updateData#0","CALLS",0.9,"import-resolved",0
"Method:src/ui/src/crawlerwidget.cpp:replaceCurrentSearch","Method:src/ui/include/crawlerwidget.h:SearchState.resetState#0","CALLS",0.9,"import-resolved",0
"Method:src/ui/src/crawlerwidget.cpp:replaceCurrentSearch","Method:src/ui/include/savedsearches.h:SavedSearches.clear#0","CALLS",0.9,"import-resolved",0
"Method:src/ui/src/crawlerwidget.cpp:replaceCurrentSearch","Method:src/ui/src/predefinedfiltersdialog.cpp:CenteredCheckbox.isChecked#0","CALLS",0.5,"global",0
"Method:src/ui/src/crawlerwidget.cpp:replaceCurrentSearch","Method:src/ui/include/startupprogress.h:StartupProgress.advance#3","CALLS",0.9,"import-resolved",0
"Method:src/ui/src/crawlerwidget.cpp:replaceCurrentSearch","Method:src/logdata/include/logfiltereddata.h:LogFilteredData.hasCurrentRegexp#0","CALLS",0.5,"global",0
"Method:src/ui/src/crawlerwidget.cpp:replaceCurrentSearch","Method:src/logdata/include/logfiltereddata.h:LogFilteredData.fullScanCompleted#0","CALLS",0.5,"global",0
"Method:src/ui/src/crawlerwidget.cpp:replaceCurrentSearch","Method:src/logdata/include/logfiltereddata.h:LogFilteredData.currentRegexp#0","CALLS",0.5,"global",0
"Method:src/ui/src/crawlerwidget.cpp:replaceCurrentSearch","Method:src/ui/include/crawlerwidget.h:SearchState.startSearch#0","CALLS",0.9,"import-resolved",0
"Method:src/ui/src/crawlerwidget.cpp:replaceCurrentSearch","Method:src/ui/src/crawlerwidget.cpp:setSearchPattern#1","CALLS",0.95,"same-file",0
"Method:src/ui/src/crawlerwidget.cpp:replaceCurrentSearch","Method:src/ui/src/crawlerwidget.cpp:showSearchExpressionError#1","CALLS",0.95,"same-file",0
"Method:src/ui/src/crawlerwidget.cpp:updateSearchCombo","Method:src/ui/include/savedsearches.h:SavedSearches.clear#0","CALLS",0.9,"import-resolved",0
"Method:src/ui/src/crawlerwidget.cpp:updateSearchCombo","Method:src/ui/include/savedsearches.h:SavedSearches.recentSearches#0","CALLS",0.9,"import-resolved",0
"Method:src/ui/src/crawlerwidget.cpp:printSearchInfoMessage","Method:src/ui/include/crawlerwidget.h:SearchState.getState#0","CALLS",0.9,"import-resolved",0
"Method:src/ui/src/crawlerwidget.cpp:printSearchInfoMessage","Method:src/ui/include/overview.h:Overview.setVisible#1","CALLS",0.5,"global",0
"Method:src/ui/src/crawlerwidget.cpp:printSearchInfoMessage","Method:src/ui/include/abstractlogview.h:DigitsBuffer.isEmpty#0","CALLS",0.9,"import-resolved",0
"Method:src/ui/src/crawlerwidget.cpp:printSearchInfoMessage","Method:src/ui/include/savedsearches.h:SavedSearches.clear#0","CALLS",0.9,"import-resolved",0
"Method:src/ui/src/crawlerwidget.cpp:updateEncoding","Method:src/ui/include/abstractlogview.h:AbstractLogView.forceRefresh#0","CALLS",0.9,"import-resolved",0
"Method:src/ui/src/crawlerwidget.cpp:changeTopViewSize","Method:src/ui/src/crawlerwidget.cpp:CrawlerWidgetContext.sizes#0","CALLS",0.95,"same-file",0
"Method:src/ui/src/crawlerwidget.cpp:addColorLabelToSelection","Method:src/ui/src/crawlerwidget.cpp:updateColorLabels#1","CALLS",0.95,"same-file",0
"Method:src/ui/src/crawlerwidget.cpp:addColorLabelToSelection","Method:src/ui/src/crawlerwidget.cpp:getSelectedText#0","CALLS",0.95,"same-file",0
"Method:src/ui/src/crawlerwidget.cpp:addNextColorLabelToSelection","Method:src/ui/src/crawlerwidget.cpp:updateColorLabels#1","CALLS",0.95,"same-file",0
"Method:src/ui/src/crawlerwidget.cpp:addNextColorLabelToSelection","Method:src/ui/src/crawlerwidget.cpp:getSelectedText#0","CALLS",0.95,"same-file",0
"Method:src/ui/src/crawlerwidget.cpp:clearColorLabels","Method:src/ui/src/crawlerwidget.cpp:updateColorLabels#1","CALLS",0.95,"same-file",0
"Method:src/ui/src/crawlerwidget.cpp:clearColorLabels","Method:src/ui/include/savedsearches.h:SavedSearches.clear#0","CALLS",0.9,"import-resolved",0
"Method:src/ui/src/crawlerwidget.cpp:updateColorLabels","Method:src/ui/include/abstractlogview.h:AbstractLogView.setQuickHighlighters#1","CALLS",0.9,"import-resolved",0
"Method:src/ui/src/crawlerwidget.cpp:loadFromString","Method:src/settings/include/configuration.h:Configuration.mainRegexpType#0","CALLS",0.9,"import-resolved",0
"Method:src/ui/src/crawlerwidget.cpp:loadFromString","Method:src/ui/include/savedsearches.h:SavedSearches.clear#0","CALLS",0.9,"import-resolved",0
"Method:src/ui/src/crawlerwidget.cpp:loadFromJson","Method:src/settings/include/configuration.h:Configuration.mainRegexpType#0","CALLS",0.9,"import-resolved",0
"Method:src/ui/src/colorlabelsmanager.cpp:clear","Method:src/ui/src/colorlabelsmanager.cpp:clear#0","CALLS",0.95,"same-file",0
"Method:src/ui/src/colorlabelsmanager.cpp:setColorLabel","Method:src/ui/src/colorlabelsmanager.cpp:updateColorLabel#3","CALLS",0.95,"same-file",0
"Method:src/ui/src/colorlabelsmanager.cpp:setNextColorLabel","Method:src/ui/include/highlighterset.h:HighlighterSetCollection.quickHighlighters#0","CALLS",0.9,"import-resolved",0
"Method:src/ui/src/colorlabelsmanager.cpp:setNextColorLabel","Method:src/ui/include/highlightedmatch.h:HighlightedMatchRanges.front#0","CALLS",0.5,"global",0
"Method:src/ui/src/colorlabelsmanager.cpp:setNextColorLabel","Method:src/ui/src/colorlabelsmanager.cpp:updateColorLabel#3","CALLS",0.95,"same-file",0
"Method:src/ui/src/actionstablemodel.cpp:data","Method:src/ui/src/actionstablemodel.cpp:tooltipForAction#1","CALLS",0.95,"same-file",0
"Method:src/ui/src/actionstablemodel.cpp:data","Method:src/logdata/include/linetypes.h:FilePosition.column#0","CALLS",0.5,"global",0
"Method:src/ui/src/actionstablemodel.cpp:data","Method:src/ui/src/actionstablemodel.cpp:previewSequence#1","CALLS",0.95,"same-file",0
"Method:src/ui/src/actionstablemodel.cpp:refresh","Method:src/ui/include/actionsmanager.h:ActionsManager.actions#0","CALLS",0.9,"import-resolved",0
"Method:src/ui/src/actionsresponseswindow.cpp:ActionSendDelegate.paint#3","Method:src/settings/include/configuration.h:Configuration.style#0","CALLS",0.5,"global",0
"Method:src/ui/src/actionsresponseswindow.cpp:ActionSendDelegate.paint#3","Method:src/ui/src/actionsresponseswindow.cpp:ActionSendDelegate.paint#3","CALLS",0.95,"same-file",0
"Method:src/ui/src/actionsresponseswindow.cpp:ActionsResponsesWindow","Method:src/ui/src/predefinedfiltersdialog.cpp:CenteredCheckbox.setChecked#1","CALLS",0.5,"global",0
"Method:src/ui/src/actionsresponseswindow.cpp:ActionsResponsesWindow","Method:src/ui/include/actionsmanager.h:ActionsManager.autoResponsesEnabled#0","CALLS",0.9,"import-resolved",0
"Method:src/ui/src/actionsresponseswindow.cpp:ActionsResponsesWindow","Method:src/ui/src/actionsresponseswindow.cpp:refreshActions#0","CALLS",0.95,"same-file",0
"Method:src/ui/src/actionsresponseswindow.cpp:ActionsResponsesWindow","Method:src/ui/src/actionsresponseswindow.cpp:refreshResponses#0","CALLS",0.95,"same-file",0
"Method:src/ui/src/actionsresponseswindow.cpp:ActionsResponsesWindow","Method:src/ui/src/actionsresponseswindow.cpp:updateWindowSize#0","CALLS",0.95,"same-file",0
"Method:src/ui/src/actionsresponseswindow.cpp:ActionsResponsesWindow","Method:src/ui/include/actionsmanager.h:ActionsManager.setAutoResponsesEnabled#1","CALLS",0.9,"import-resolved",0
"Method:src/ui/src/actionsresponseswindow.cpp:ActionsResponsesWindow","Method:src/ui/src/actionsresponseswindow.cpp:editSelectedAction#0","CALLS",0.95,"same-file",0
"Method:src/ui/src/actionsresponseswindow.cpp:ActionsResponsesWindow","Method:src/ui/src/actionsresponseswindow.cpp:editSelectedResponse#0","CALLS",0.95,"same-file",0
"Method:src/ui/src/actionsresponseswindow.cpp:ActionsResponsesWindow","Method:src/ui/src/actionsresponseswindow.cpp:updateActionButtons#0","CALLS",0.95,"same-file",0
"Method:src/ui/src/actionsresponseswindow.cpp:ActionsResponsesWindow","Method:src/ui/src/actionsresponseswindow.cpp:updateResponseButtons#0","CALLS",0.95,"same-file",0
"Method:src/ui/src/actionsresponseswindow.cpp:ActionsResponsesWindow","Method:src/ui/src/predefinedfiltersdialog.cpp:CenteredCheckbox.isChecked#0","CALLS",0.5,"global",0
"Method:src/ui/src/actionsresponseswindow.cpp:setSendAvailable","Method:src/ui/src/actionsresponseswindow.cpp:setSendAvailable#1","CALLS",0.95,"same-file",0
"Method:src/ui/src/actionsresponseswindow.cpp:refreshActions","Method:src/ui/src/actionsresponseswindow.cpp:updateActionButtons#0","CALLS",0.95,"same-file",0
"Method:src/ui/src/actionsresponseswindow.cpp:refreshResponses","Method:src/ui/src/actionsresponseswindow.cpp:updateResponseButtons#0","CALLS",0.95,"same-file",0
"Method:src/ui/src/actionsresponseswindow.cpp:selectedActionRow","Method:src/ui/include/highlightedmatch.h:HighlightedMatchRanges.front#0","CALLS",0.5,"global",0
"Method:src/ui/src/actionsresponseswindow.cpp:selectedResponseRow","Method:src/ui/include/highlightedmatch.h:HighlightedMatchRanges.front#0","CALLS",0.5,"global",0
"Method:src/ui/src/actionsresponseswindow.cpp:updateActionButtons","Method:src/ui/src/actionsresponseswindow.cpp:selectedActionRow#0","CALLS",0.95,"same-file",0
"Method:src/ui/src/actionsresponseswindow.cpp:updateResponseButtons","Method:src/ui/src/actionsresponseswindow.cpp:selectedResponseRow#0","CALLS",0.95,"same-file",0
"Method:src/ui/src/actionsresponseswindow.cpp:addAction","Method:src/ui/include/actionsmanager.h:ActionsManager.nextActionId#0","CALLS",0.9,"import-resolved",0
"Method:src/ui/src/actionsresponseswindow.cpp:addAction","Method:src/ui/include/actioneditdialog.h:ActionEditDialog.setAction#1","CALLS",0.9,"import-resolved",0
"Method:src/ui/src/actionsresponseswindow.cpp:addAction","Method:src/ui/include/actionsmanager.h:ActionsManager.createAction#2","CALLS",0.9,"import-resolved",0
"Method:src/ui/src/actionsresponseswindow.cpp:addAction","Method:src/ui/include/actioneditdialog.h:ActionEditDialog.action#0","CALLS",0.9,"import-resolved",0
"Method:src/ui/src/actionsresponseswindow.cpp:editSelectedAction","Method:src/ui/src/actionsresponseswindow.cpp:selectedActionRow#0","CALLS",0.95,"same-file",0
"Method:src/ui/src/actionsresponseswindow.cpp:editSelectedAction","Method:src/ui/include/actionstablemodel.h:ActionsTableModel.actionAt#1","CALLS",0.9,"import-resolved",0
"Method:src/ui/src/actionsresponseswindow.cpp:editSelectedAction","Method:src/ui/include/actioneditdialog.h:ActionEditDialog.setAction#1","CALLS",0.9,"import-resolved",0
"Method:src/ui/src/actionsresponseswindow.cpp:editSelectedAction","Method:src/ui/include/actionsmanager.h:ActionsManager.updateAction#3","CALLS",0.9,"import-resolved",0
"Method:src/ui/src/actionsresponseswindow.cpp:editSelectedAction","Method:src/ui/include/actioneditdialog.h:ActionEditDialog.action#0","CALLS",0.9,"import-resolved",0
"Method:src/ui/src/actionsresponseswindow.cpp:duplicateSelectedAction","Method:src/ui/src/actionsresponseswindow.cpp:selectedActionRow#0","CALLS",0.95,"same-file",0
"Method:src/ui/src/actionsresponseswindow.cpp:duplicateSelectedAction","Method:src/ui/include/actionstablemodel.h:ActionsTableModel.actionAt#1","CALLS",0.9,"import-resolved",0
"Method:src/ui/src/actionsresponseswindow.cpp:duplicateSelectedAction","Method:src/ui/include/actionsmanager.h:ActionsManager.nextActionId#0","CALLS",0.9,"import-resolved",0
"Method:src/ui/src/actionsresponseswindow.cpp:duplicateSelectedAction","Method:src/ui/include/actionsmanager.h:ActionsManager.createAction#2","CALLS",0.9,"import-resolved",0
"Method:src/ui/src/actionsresponseswindow.cpp:deleteSelectedAction","Method:src/ui/src/actionsresponseswindow.cpp:selectedActionRow#0","CALLS",0.95,"same-file",0
"Method:src/ui/src/actionsresponseswindow.cpp:deleteSelectedAction","Method:src/ui/include/actionstablemodel.h:ActionsTableModel.actionAt#1","CALLS",0.9,"import-resolved",0
"Method:src/ui/src/actionsresponseswindow.cpp:deleteSelectedAction","Method:src/ui/include/actionsmanager.h:ActionsManager.deleteAction#2","CALLS",0.9,"import-resolved",0
"Method:src/ui/src/actionsresponseswindow.cpp:moveSelectedActionUp","Method:src/ui/src/actionsresponseswindow.cpp:selectedActionRow#0","CALLS",0.95,"same-file",0
"Method:src/ui/src/actionsresponseswindow.cpp:moveSelectedActionUp","Method:src/ui/include/actionstablemodel.h:ActionsTableModel.actionAt#1","CALLS",0.9,"import-resolved",0
"Method:src/ui/src/actionsresponseswindow.cpp:moveSelectedActionUp","Method:src/ui/include/actionsmanager.h:ActionsManager.moveAction#3","CALLS",0.9,"import-resolved",0
"Method:src/ui/src/actionsresponseswindow.cpp:moveSelectedActionDown","Method:src/ui/src/actionsresponseswindow.cpp:selectedActionRow#0","CALLS",0.95,"same-file",0
"Method:src/ui/src/actionsresponseswindow.cpp:moveSelectedActionDown","Method:src/ui/include/actionstablemodel.h:ActionsTableModel.actionAt#1","CALLS",0.9,"import-resolved",0
"Method:src/ui/src/actionsresponseswindow.cpp:moveSelectedActionDown","Method:src/ui/include/actionsmanager.h:ActionsManager.moveAction#3","CALLS",0.9,"import-resolved",0
"Method:src/ui/src/actionsresponseswindow.cpp:addResponse","Method:src/ui/include/actionsmanager.h:ActionsManager.nextResponseId#0","CALLS",0.9,"import-resolved",0
"Method:src/ui/src/actionsresponseswindow.cpp:addResponse","Method:src/ui/include/responseeditdialog.h:ResponseEditDialog.setResponse#2","CALLS",0.9,"import-resolved",0
"Method:src/ui/src/actionsresponseswindow.cpp:addResponse","Method:src/ui/include/actionsmanager.h:ActionsManager.actions#0","CALLS",0.9,"import-resolved",0
"Method:src/ui/src/actionsresponseswindow.cpp:addResponse","Method:src/ui/include/actionsmanager.h:ActionsManager.createResponse#2","CALLS",0.9,"import-resolved",0
"Method:src/ui/src/actionsresponseswindow.cpp:addResponse","Method:src/ui/include/responseeditdialog.h:ResponseEditDialog.response#0","CALLS",0.9,"import-resolved",0
"Method:src/ui/src/actionsresponseswindow.cpp:editSelectedResponse","Method:src/ui/src/actionsresponseswindow.cpp:selectedResponseRow#0","CALLS",0.95,"same-file",0
"Method:src/ui/src/actionsresponseswindow.cpp:editSelectedResponse","Method:src/ui/include/responsestablemodel.h:ResponsesTableModel.responseAt#1","CALLS",0.9,"import-resolved",0
"Method:src/ui/src/actionsresponseswindow.cpp:editSelectedResponse","Method:src/ui/include/responseeditdialog.h:ResponseEditDialog.setResponse#2","CALLS",0.9,"import-resolved",0
"Method:src/ui/src/actionsresponseswindow.cpp:editSelectedResponse","Method:src/ui/include/actionsmanager.h:ActionsManager.actions#0","CALLS",0.9,"import-resolved",0
"Method:src/ui/src/actionsresponseswindow.cpp:editSelectedResponse","Method:src/ui/include/actionsmanager.h:ActionsManager.updateResponse#3","CALLS",0.9,"import-resolved",0
"Method:src/ui/src/actionsresponseswindow.cpp:editSelectedResponse","Method:src/ui/include/responseeditdialog.h:ResponseEditDialog.response#0","CALLS",0.9,"import-resolved",0
"Method:src/ui/src/actionsresponseswindow.cpp:duplicateSelectedResponse","Method:src/ui/src/actionsresponseswindow.cpp:selectedResponseRow#0","CALLS",0.95,"same-file",0
"Method:src/ui/src/actionsresponseswindow.cpp:duplicateSelectedResponse","Method:src/ui/include/responsestablemodel.h:ResponsesTableModel.responseAt#1","CALLS",0.9,"import-resolved",0
"Method:src/ui/src/actionsresponseswindow.cpp:duplicateSelectedResponse","Method:src/ui/include/actionsmanager.h:ActionsManager.nextResponseId#0","CALLS",0.9,"import-resolved",0
"Method:src/ui/src/actionsresponseswindow.cpp:duplicateSelectedResponse","Method:src/ui/include/actionsmanager.h:ActionsManager.createResponse#2","CALLS",0.9,"import-resolved",0
"Method:src/ui/src/actionsresponseswindow.cpp:deleteSelectedResponse","Method:src/ui/src/actionsresponseswindow.cpp:selectedResponseRow#0","CALLS",0.95,"same-file",0
"Method:src/ui/src/actionsresponseswindow.cpp:deleteSelectedResponse","Method:src/ui/include/responsestablemodel.h:ResponsesTableModel.responseAt#1","CALLS",0.9,"import-resolved",0
"Method:src/ui/src/actionsresponseswindow.cpp:deleteSelectedResponse","Method:src/ui/include/actionsmanager.h:ActionsManager.deleteResponse#2","CALLS",0.9,"import-resolved",0
"Method:src/ui/src/actionsresponseswindow.cpp:moveSelectedResponseUp","Method:src/ui/src/actionsresponseswindow.cpp:selectedResponseRow#0","CALLS",0.95,"same-file",0
"Method:src/ui/src/actionsresponseswindow.cpp:moveSelectedResponseUp","Method:src/ui/include/responsestablemodel.h:ResponsesTableModel.responseAt#1","CALLS",0.9,"import-resolved",0
"Method:src/ui/src/actionsresponseswindow.cpp:moveSelectedResponseUp","Method:src/ui/include/actionsmanager.h:ActionsManager.moveResponse#3","CALLS",0.9,"import-resolved",0
"Method:src/ui/src/actionsresponseswindow.cpp:moveSelectedResponseDown","Method:src/ui/src/actionsresponseswindow.cpp:selectedResponseRow#0","CALLS",0.95,"same-file",0
"Method:src/ui/src/actionsresponseswindow.cpp:moveSelectedResponseDown","Method:src/ui/include/responsestablemodel.h:ResponsesTableModel.responseAt#1","CALLS",0.9,"import-resolved",0
"Method:src/ui/src/actionsresponseswindow.cpp:moveSelectedResponseDown","Method:src/ui/include/actionsmanager.h:ActionsManager.moveResponse#3","CALLS",0.9,"import-resolved",0
"Method:src/ui/src/actionsrepository.cpp:load","Method:src/ui/src/actionsrepository.cpp:storagePath#0","CALLS",0.95,"same-file",0
"Method:src/ui/src/actionsrepository.cpp:load","Method:src/ui/include/actionsconfigparser.h:ActionsConfigParser.parseFile#1","CALLS",0.9,"import-resolved",0
"Method:src/ui/src/actionsmanager.cpp:loadFromRepository","Method:src/ui/include/startupprogress.h:StartupProgress.advance#3","CALLS",0.9,"import-resolved",0
"Method:src/ui/src/actionsmanager.cpp:importFromFile","Method:src/ui/include/actionsconfigparser.h:ActionsConfigParser.parseFile#1","CALLS",0.9,"import-resolved",0
"Method:src/ui/src/actionsmanager.cpp:importFromFile","Method:src/ui/src/actionsmanager.cpp:importFromDefinitions#2","CALLS",0.95,"same-file",0
"Method:src/ui/src/actionsmanager.cpp:createAction","Method:src/ui/src/actionsmanager.cpp:nextActionId#0","CALLS",0.95,"same-file",0
"Method:src/ui/src/actionsmanager.cpp:createAction","Method:src/ui/src/actionsmanager.cpp:findActionById#1","CALLS",0.95,"same-file",0
"Method:src/ui/src/actionsmanager.cpp:updateAction","Method:src/ui/src/abstractlogview.cpp:LineChunk.end#0","CALLS",0.5,"global",0
"Method:src/ui/src/actionsmanager.cpp:deleteAction","Method:src/ui/src/abstractlogview.cpp:LineChunk.end#0","CALLS",0.5,"global",0
"Method:src/ui/src/actionsmanager.cpp:deleteAction","Method:src/ui/include/highlightedmatch.h:HighlightedMatchRanges.front#0","CALLS",0.5,"global",0
"Method:src/ui/src/actionsmanager.cpp:moveAction","Method:src/ui/src/abstractlogview.cpp:LineChunk.end#0","CALLS",0.5,"global",0
"Method:src/ui/src/actionsmanager.cpp:createResponse","Method:src/ui/src/actionsmanager.cpp:nextResponseId#0","CALLS",0.95,"same-file",0
"Method:src/ui/src/actionsmanager.cpp:createResponse","Method:src/ui/src/actionsmanager.cpp:findResponseById#1","CALLS",0.95,"same-file",0
"Method:src/ui/src/actionsmanager.cpp:updateResponse","Method:src/ui/src/abstractlogview.cpp:LineChunk.end#0","CALLS",0.5,"global",0
"Method:src/ui/src/actionsmanager.cpp:deleteResponse","Method:src/ui/src/abstractlogview.cpp:LineChunk.end#0","CALLS",0.5,"global",0
"Method:src/ui/src/actionsmanager.cpp:moveResponse","Method:src/ui/src/abstractlogview.cpp:LineChunk.end#0","CALLS",0.5,"global",0
"Method:src/ui/src/actionsmanager.cpp:setResponseEnabled","Method:src/ui/src/abstractlogview.cpp:LineChunk.end#0","CALLS",0.5,"global",0
"Method:src/ui/src/actionsmanager.cpp:setAutoResponsesEnabled","Method:src/ui/include/startupprogress.h:StartupProgress.setValue#3","CALLS",0.9,"import-resolved",0
"Method:src/ui/src/actionsconfigparser.cpp:parseFile","Method:src/ui/src/actionsconfigparser.cpp:parseJson#1","CALLS",0.95,"same-file",0
"Method:src/ui/src/actioneditdialog.cpp:ActionEditDialog","Method:src/settings/include/configuration.h:Configuration.defaultActionEditorLineEnding#0","CALLS",0.9,"import-resolved",0
"Method:src/ui/src/actioneditdialog.cpp:setAction","Method:src/ui/src/actioneditdialog.cpp:populateFromAction#1","CALLS",0.95,"same-file",0
"Method:src/ui/src/actioneditdialog.cpp:eventFilter","Method:src/ui/src/actioneditdialog.cpp:eventFilter#2","CALLS",0.95,"same-file",0
"Method:src/ui/src/actioneditdialog.cpp:accept","Method:src/ui/src/predefinedfiltersdialog.cpp:CenteredCheckbox.isChecked#0","CALLS",0.5,"global",0
"Method:src/ui/src/actioneditdialog.cpp:accept","Method:src/ui/src/actioneditdialog.cpp:accept#0","CALLS",0.95,"same-file",0
"Method:src/ui/src/actioneditdialog.cpp:populateFromAction","Method:src/ui/src/actioneditdialog.cpp:setSequenceEditors#1","CALLS",0.95,"same-file",0
"Method:src/ui/src/actioneditdialog.cpp:populateFromAction","Method:src/ui/include/startupprogress.h:StartupProgress.setValue#3","CALLS",0.5,"global",0
"Method:src/ui/src/actioneditdialog.cpp:populateFromAction","Method:src/ui/src/predefinedfiltersdialog.cpp:CenteredCheckbox.setChecked#1","CALLS",0.5,"global",0
"Method:src/ui/src/abstractlogview.cpp:LineDrawer.endColumn#0","Method:src/ui/src/abstractlogview.cpp:LineDrawer.empty#0","CALLS",0.95,"same-file",0
"Method:src/ui/src/abstractlogview.cpp:LineDrawer.endColumn#0","Method:src/ui/include/highlightedmatch.h:HighlightedMatchRanges.back#0","CALLS",0.9,"import-resolved",0
"Method:src/ui/src/abstractlogview.cpp:LineDrawer.endColumn#0","Method:src/ui/src/abstractlogview.cpp:LineChunk.end#0","CALLS",0.95,"same-file",0
"Method:src/ui/src/abstractlogview.cpp:LineDrawer.empty#0","Method:src/ui/src/abstractlogview.cpp:LineDrawer.empty#0","CALLS",0.95,"same-file",0
"Method:src/ui/src/abstractlogview.cpp:LineDrawer.draw#6","Method:src/ui/include/wrappedstring.h:WrappedString.mid#2","CALLS",0.9,"import-resolved",0
"Method:src/ui/src/abstractlogview.cpp:LineDrawer.draw#6","Method:src/ui/src/abstractlogview.cpp:LineChunk.start#0","CALLS",0.95,"same-file",0
"Method:src/ui/src/abstractlogview.cpp:LineDrawer.draw#6","Method:src/ui/src/abstractlogview.cpp:LineChunk.size#0","CALLS",0.95,"same-file",0
"Method:src/ui/src/abstractlogview.cpp:LineDrawer.draw#6","Method:src/ui/src/abstractlogview.cpp:isEmpty#0","CALLS",0.95,"same-file",0
"Method:src/ui/src/abstractlogview.cpp:LineDrawer.draw#6","Method:src/ui/src/abstractlogview.cpp:LineChunk.backColor#0","CALLS",0.95,"same-file",0
"Method:src/ui/src/abstractlogview.cpp:LineDrawer.draw#6","Method:src/ui/src/abstractlogview.cpp:LineChunk.foreColor#0","CALLS",0.95,"same-file",0
"Method:src/ui/src/abstractlogview.cpp:reset","Method:src/ui/include/highlightedmatch.h:HighlightedMatchRanges.clear#0","CALLS",0.9,"import-resolved",0
"Method:src/ui/src/abstractlogview.cpp:content","Method:src/ui/src/abstractlogview.cpp:reset#0","CALLS",0.95,"same-file",0
"Method:src/ui/src/abstractlogview.cpp:isEmpty","Method:src/ui/src/abstractlogview.cpp:isEmpty#0","CALLS",0.95,"same-file",0
"Method:src/ui/src/abstractlogview.cpp:timerEvent","Method:src/ui/src/abstractlogview.cpp:reset#0","CALLS",0.95,"same-file",0
"Method:src/ui/src/abstractlogview.cpp:timerEvent","Method:src/ui/src/abstractlogview.cpp:timerEvent#1","CALLS",0.95,"same-file",0
"Method:src/ui/src/abstractlogview.cpp:AbstractLogView","Method:src/settings/include/configuration.h:Configuration.useTextWrap#0","CALLS",0.9,"import-resolved",0
"Method:src/ui/src/abstractlogview.cpp:AbstractLogView","Method:src/ui/src/abstractlogview.cpp:createMenu#0","CALLS",0.95,"same-file",0
"Method:src/ui/src/abstractlogview.cpp:AbstractLogView","Method:src/ui/src/abstractlogview.cpp:handlePatternUpdated#0","CALLS",0.95,"same-file",0
"Method:src/ui/src/abstractlogview.cpp:AbstractLogView","Method:src/ui/include/quickfind.h:QuickFind.clearNotification#0","CALLS",0.9,"import-resolved",0
"Method:src/ui/src/abstractlogview.cpp:AbstractLogView","Method:src/ui/include/abstractlogview.h:AbstractLogView.clearQuickFindNotification#0","CALLS",0.9,"import-resolved",0
"Method:src/ui/src/abstractlogview.cpp:AbstractLogView","Method:src/ui/include/viewtools.h:ElasticHook.hooked#1","CALLS",0.5,"global",0
"Method:src/ui/src/abstractlogview.cpp:AbstractLogView","Method:src/ui/src/abstractlogview.cpp:disableFollow#0","CALLS",0.95,"same-file",0
"Method:src/ui/src/abstractlogview.cpp:~AbstractLogView","Method:src/ui/include/quickfind.h:QuickFind.stopSearch#0","CALLS",0.9,"import-resolved",0
"Method:src/ui/src/abstractlogview.cpp:changeEvent","Method:src/ui/src/abstractlogview.cpp:changeEvent#1","CALLS",0.95,"same-file",0
"Method:src/ui/src/abstractlogview.cpp:mousePressEvent","Method:src/ui/src/abstractlogview.cpp:convertCoordToLine#1","CALLS",0.95,"same-file",0
"Method:src/ui/src/abstractlogview.cpp:mousePressEvent","Method:src/ui/src/abstractlogview.cpp:convertCoordToFilePos#1","CALLS",0.95,"same-file",0
"Method:src/ui/src/abstractlogview.cpp:mousePressEvent","Method:src/ui/include/selection.h:Selection.selectLine#1","CALLS",0.5,"global",0
"Method:src/ui/src/abstractlogview.cpp:mousePressEvent","Method:src/logdata/include/linetypes.h:FilePosition.column#0","CALLS",0.9,"import-resolved",0
"Method:src/ui/src/abstractlogview.cpp:mousePressEvent","Method:src/ui/include/selection.h:Selection.isSingleLine#0","CALLS",0.5,"global",0
"Method:src/ui/src/abstractlogview.cpp:mousePressEvent","Method:src/ui/src/abstractlogview.cpp:LineChunk.size#0","CALLS",0.95,"same-file",0
"Method:src/ui/src/abstractlogview.cpp:mousePressEvent","Method:src/ui/include/abstractlogview.h:AbstractLogView.lineType#1","CALLS",0.9,"import-resolved",0
"Method:src/ui/src/abstractlogview.cpp:mousePressEvent","Method:src/ui/include/selection.h:Selection.isPortion#0","CALLS",0.5,"global",0
"Method:src/ui/src/abstractlogview.cpp:mousePressEvent","Method:src/ui/include/highlightersmenu.h:HighlightersMenu.createHighlightersMenu#0","CALLS",0.9,"import-resolved",0
"Method:src/ui/src/abstractlogview.cpp:mousePressEvent","Method:src/ui/include/highlightersmenu.h:HighlightersMenu.populateHighlightersMenu#0","CALLS",0.9,"import-resolved",0
"Method:src/ui/src/abstractlogview.cpp:mousePressEvent","Method:src/ui/include/highlightersmenu.h:HighlightersMenu.setApplyChange#1","CALLS",0.9,"import-resolved",0
"Method:src/ui/src/abstractlogview.cpp:mousePressEvent","Method:src/ui/include/highlightedmatch.h:HighlightedMatchRanges.clear#0","CALLS",0.9,"import-resolved",0
"Method:src/ui/src/abstractlogview.cpp:mousePressEvent","Method:src/ui/src/predefinedfiltersdialog.cpp:CenteredCheckbox.setChecked#1","CALLS",0.5,"global",0
"Method:src/ui/src/abstractlogview.cpp:mousePressEvent","Method:src/ui/include/highlighterset.h:HighlighterSetCollection.quickHighlighters#0","CALLS",0.9,"import-resolved",0
"Method:src/ui/src/abstractlogview.cpp:mousePressEvent","Method:src/ui/include/highlightersmenu.h:HighlightersMenu.clearHighlightersMenu#0","CALLS",0.9,"import-resolved",0
"Method:src/ui/src/abstractlogview.cpp:mouseMoveEvent","Method:src/ui/src/abstractlogview.cpp:convertCoordToFilePos#1","CALLS",0.95,"same-file",0
"Method:src/ui/src/abstractlogview.cpp:mouseMoveEvent","Method:src/logdata/include/linetypes.h:FilePosition.line#0","CALLS",0.9,"import-resolved",0
"Method:src/ui/src/abstractlogview.cpp:mouseMoveEvent","Method:src/ui/src/abstractlogview.cpp:getSelectedText#0","CALLS",0.95,"same-file",0
"Method:src/ui/src/abstractlogview.cpp:mouseMoveEvent","Method:src/ui/src/abstractlogview.cpp:LineChunk.size#0","CALLS",0.95,"same-file",0
"Method:src/ui/src/abstractlogview.cpp:mouseMoveEvent","Method:src/logdata/include/linetypes.h:FilePosition.column#0","CALLS",0.9,"import-resolved",0
"Method:src/ui/src/abstractlogview.cpp:mouseMoveEvent","Method:src/ui/include/selection.h:Selection.selectLine#1","CALLS",0.5,"global",0
"Method:src/ui/src/abstractlogview.cpp:mouseMoveEvent","Method:src/ui/src/abstractlogview.cpp:considerMouseHovering#2","CALLS",0.95,"same-file",0
"Method:src/ui/src/abstractlogview.cpp:mouseReleaseEvent","Method:src/ui/src/abstractlogview.cpp:convertCoordToLine#1","CALLS",0.95,"same-file",0
"Method:src/ui/src/abstractlogview.cpp:mouseReleaseEvent","Method:src/ui/src/abstractlogview.cpp:updateGlobalSelection#0","CALLS",0.95,"same-file",0
"Method:src/ui/src/abstractlogview.cpp:mouseDoubleClickEvent","Method:src/ui/src/abstractlogview.cpp:convertCoordToFilePos#1","CALLS",0.95,"same-file",0
"Method:src/ui/src/abstractlogview.cpp:mouseDoubleClickEvent","Method:src/ui/src/abstractlogview.cpp:selectWordAtPosition#1","CALLS",0.95,"same-file",0
"Method:src/ui/src/abstractlogview.cpp:timerEvent","Method:src/ui/src/abstractlogview.cpp:mouseMoveEvent#1","CALLS",0.95,"same-file",0
"Method:src/ui/src/abstractlogview.cpp:moveSelectionUp","Method:src/ui/src/abstractlogview.cpp:content#0","CALLS",0.95,"same-file",0
"Method:src/ui/src/abstractlogview.cpp:moveSelectionUp","Method:src/ui/src/abstractlogview.cpp:disableFollow#0","CALLS",0.95,"same-file",0
"Method:src/ui/src/abstractlogview.cpp:moveSelectionUp","Method:src/ui/src/abstractlogview.cpp:moveSelection#2","CALLS",0.95,"same-file",0
"Method:src/ui/src/abstractlogview.cpp:moveSelectionDown","Method:src/ui/src/abstractlogview.cpp:content#0","CALLS",0.95,"same-file",0
"Method:src/ui/src/abstractlogview.cpp:moveSelectionDown","Method:src/ui/src/abstractlogview.cpp:disableFollow#0","CALLS",0.95,"same-file",0
"Method:src/ui/src/abstractlogview.cpp:moveSelectionDown","Method:src/ui/src/abstractlogview.cpp:moveSelection#2","CALLS",0.95,"same-file",0
"Method:src/ui/src/abstractlogview.cpp:registerShortcut","Method:src/settings/include/configuration.h:Configuration.shortcuts#0","CALLS",0.9,"import-resolved",0
"Method:src/ui/src/abstractlogview.cpp:registerShortcuts","Method:src/ui/src/abstractlogview.cpp:doRegisterShortcuts#0","CALLS",0.95,"same-file",0
"Method:src/ui/src/abstractlogview.cpp:doRegisterShortcuts","Method:src/ui/include/highlightedmatch.h:HighlightedMatchRanges.clear#0","CALLS",0.9,"import-resolved",0
"Method:src/ui/src/abstractlogview.cpp:doRegisterShortcuts","Method:src/ui/src/abstractlogview.cpp:registerShortcut#2","CALLS",0.95,"same-file",0
"Method:src/ui/src/abstractlogview.cpp:doRegisterShortcuts","Method:src/ui/src/abstractlogview.cpp:moveSelectionUp#0","CALLS",0.95,"same-file",0
"Method:src/ui/src/abstractlogview.cpp:doRegisterShortcuts","Method:src/ui/src/abstractlogview.cpp:moveSelectionDown#0","CALLS",0.95,"same-file",0
"Method:src/ui/src/abstractlogview.cpp:doRegisterShortcuts","Method:src/ui/src/abstractlogview.cpp:selectAndDisplayLine#1","CALLS",0.95,"same-file",0
"Method:src/ui/src/abstractlogview.cpp:doRegisterShortcuts","Method:src/ui/src/abstractlogview.cpp:maxDisplayLineNumber#0","CALLS",0.95,"same-file",0
"Method:src/ui/src/abstractlogview.cpp:doRegisterShortcuts","Method:src/ui/src/abstractlogview.cpp:jumpToBottom#0","CALLS",0.95,"same-file",0
"Method:src/ui/src/abstractlogview.cpp:doRegisterShortcuts","Method:src/ui/include/viewtools.h:ElasticHook.hook#1","CALLS",0.5,"global",0
"Method:src/ui/src/abstractlogview.cpp:doRegisterShortcuts","Method:src/ui/src/abstractlogview.cpp:jumpToStartOfLine#0","CALLS",0.95,"same-file",0
"Method:src/ui/src/abstractlogview.cpp:doRegisterShortcuts","Method:src/ui/src/abstractlogview.cpp:jumpToEndOfLine#0","CALLS",0.95,"same-file",0
"Method:src/ui/src/abstractlogview.cpp:doRegisterShortcuts","Method:src/ui/src/abstractlogview.cpp:jumpToRightOfScreen#0","CALLS",0.95,"same-file",0
"Method:src/ui/src/abstractlogview.cpp:doRegisterShortcuts","Method:src/ui/src/abstractlogview.cpp:findNextSelected#0","CALLS",0.95,"same-file",0
"Method:src/ui/src/abstractlogview.cpp:doRegisterShortcuts","Method:src/ui/src/abstractlogview.cpp:findPreviousSelected#0","CALLS",0.95,"same-file",0
"Method:src/ui/src/abstractlogview.cpp:doRegisterShortcuts","Method:src/ui/src/abstractlogview.cpp:markSelected#0","CALLS",0.95,"same-file",0
"Method:src/ui/src/abstractlogview.cpp:doRegisterShortcuts","Method:src/ui/src/abstractlogview.cpp:content#0","CALLS",0.95,"same-file",0
"Method:src/ui/src/abstractlogview.cpp:doRegisterShortcuts","Method:src/ui/src/abstractlogview.cpp:trySelectLine#1","CALLS",0.95,"same-file",0
"Method:src/ui/src/abstractlogview.cpp:doRegisterShortcuts","Method:src/ui/src/abstractlogview.cpp:addToSearch#0","CALLS",0.95,"same-file",0
"Method:src/ui/src/abstractlogview.cpp:doRegisterShortcuts","Method:src/ui/src/abstractlogview.cpp:excludeFromSearch#0","CALLS",0.95,"same-file",0
"Method:src/ui/src/abstractlogview.cpp:doRegisterShortcuts","Method:src/ui/src/abstractlogview.cpp:replaceSearch#0","CALLS",0.95,"same-file",0
"Method:src/ui/src/abstractlogview.cpp:doRegisterShortcuts","Method:src/logdata/include/linetypes.h:FilePosition.FilePosition#2","CALLS",0.9,"import-resolved",0
"Method:src/ui/src/abstractlogview.cpp:doRegisterShortcuts","Method:src/ui/src/abstractlogview.cpp:selectAndDisplayRange#1","CALLS",0.95,"same-file",0
"Method:src/ui/src/abstractlogview.cpp:keyPressEvent","Method:src/ui/src/abstractlogview.cpp:LineChunk.size#0","CALLS",0.95,"same-file",0
"Method:src/ui/src/abstractlogview.cpp:keyPressEvent","Method:src/ui/src/abstractlogview.cpp:isEmpty#0","CALLS",0.95,"same-file",0
"Method:src/ui/src/abstractlogview.cpp:keyPressEvent","Method:src/ui/src/abstractlogview.cpp:add#1","CALLS",0.95,"same-file",0
"Method:src/ui/src/abstractlogview.cpp:keyPressEvent","Method:src/ui/src/abstractlogview.cpp:jumpToStartOfLine#0","CALLS",0.95,"same-file",0
"Method:src/ui/src/abstractlogview.cpp:keyPressEvent","Method:src/ui/src/abstractlogview.cpp:keyPressEvent#1","CALLS",0.95,"same-file",0
"Method:src/ui/src/abstractlogview.cpp:wheelEvent","Method:src/ui/src/abstractlogview.cpp:wheelEvent#1","CALLS",0.95,"same-file",0
"Method:src/ui/src/abstractlogview.cpp:wheelEvent","Method:src/ui/src/abstractlogview.cpp:jumpToBottom#0","CALLS",0.95,"same-file",0
"Method:src/ui/src/abstractlogview.cpp:wheelEvent","Method:src/ui/include/viewtools.h:ElasticHook.hold#0","CALLS",0.5,"global",0
"Method:src/ui/src/abstractlogview.cpp:wheelEvent","Method:src/ui/include/viewtools.h:ElasticHook.release#0","CALLS",0.5,"global",0
"Method:src/ui/src/abstractlogview.cpp:wheelEvent","Method:src/ui/src/abstractlogview.cpp:LineChunk.size#0","CALLS",0.95,"same-file",0
"Method:src/ui/src/abstractlogview.cpp:wheelEvent","Method:src/ui/include/viewtools.h:ElasticHook.isHooked#0","CALLS",0.5,"global",0
"Method:src/ui/src/abstractlogview.cpp:resizeEvent","Method:src/ui/src/abstractlogview.cpp:updateDisplaySize#0","CALLS",0.95,"same-file",0
"Method:src/ui/src/abstractlogview.cpp:event","Method:src/ui/src/abstractlogview.cpp:event#1","CALLS",0.95,"same-file",0
"Method:src/ui/src/abstractlogview.cpp:lineNumberToVerticalScroll","Method:src/ui/src/abstractlogview.cpp:verticalScrollMultiplicator#0","CALLS",0.95,"same-file",0
"Method:src/ui/src/abstractlogview.cpp:verticalScrollToLineNumber","Method:src/ui/src/abstractlogview.cpp:verticalScrollMultiplicator#0","CALLS",0.95,"same-file",0
"Method:src/ui/src/abstractlogview.cpp:scrollContentsBy","Method:src/ui/src/abstractlogview.cpp:getNbVisibleLines#0","CALLS",0.95,"same-file",0
"Method:src/ui/src/abstractlogview.cpp:scrollContentsBy","Method:src/ui/src/abstractlogview.cpp:verticalScrollToLineNumber#1","CALLS",0.95,"same-file",0
"Method:src/ui/src/abstractlogview.cpp:scrollContentsBy","Method:src/ui/include/overview.h:Overview.updateCurrentPosition#2","CALLS",0.9,"import-resolved",0
"Method:src/ui/src/abstractlogview.cpp:scrollContentsBy","Method:src/ui/src/abstractlogview.cpp:considerMouseHovering#2","CALLS",0.95,"same-file",0
"Method:src/ui/src/abstractlogview.cpp:paintEvent","Method:src/ui/src/abstractlogview.cpp:isEmpty#0","CALLS",0.95,"same-file",0
"Method:src/ui/src/abstractlogview.cpp:paintEvent","Method:src/utils/include/perfcounter.h:PerfCounter.addEvent#0","CALLS",0.5,"global",0
"Method:src/ui/src/abstractlogview.cpp:paintEvent","Method:src/utils/include/perfcounter.h:PerfCounter.readAndReset#0","CALLS",0.5,"global",0
"Method:src/ui/src/abstractlogview.cpp:paintEvent","Method:src/ui/src/abstractlogview.cpp:drawTextArea#1","CALLS",0.95,"same-file",0
"Method:src/ui/src/abstractlogview.cpp:paintEvent","Method:src/ui/src/abstractlogview.cpp:getNbVisibleLines#0","CALLS",0.95,"same-file",0
"Method:src/ui/src/abstractlogview.cpp:paintEvent","Method:src/ui/src/abstractlogview.cpp:LineChunk.size#0","CALLS",0.95,"same-file",0
"Method:src/ui/src/abstractlogview.cpp:paintEvent","Method:src/ui/include/viewtools.h:ElasticHook.isHooked#0","CALLS",0.5,"global",0
"Method:src/ui/src/abstractlogview.cpp:paintEvent","Method:src/ui/src/abstractlogview.cpp:getNbVisibleCols#0","CALLS",0.95,"same-file",0
"Method:src/ui/src/abstractlogview.cpp:paintEvent","Method:src/ui/src/abstractlogview.cpp:drawPullToFollowBar#2","CALLS",0.95,"same-file",0
"Method:src/ui/src/abstractlogview.cpp:setOverview","Method:src/ui/src/abstractlogview.cpp:refreshOverview#0","CALLS",0.95,"same-file",0
"Method:src/ui/src/abstractlogview.cpp:getViewPosition","Method:src/ui/src/abstractlogview.cpp:getNbVisibleLines#0","CALLS",0.95,"same-file",0
"Method:src/ui/src/abstractlogview.cpp:searchUsingFunction","Method:src/ui/src/abstractlogview.cpp:disableFollow#0","CALLS",0.95,"same-file",0
"Method:src/ui/src/abstractlogview.cpp:searchUsingFunction","Method:src/ui/include/quickfindpattern.h:QuickFindPattern.getMatcher#0","CALLS",0.9,"import-resolved",0
"Method:src/ui/src/abstractlogview.cpp:setQuickFindResult","Method:src/ui/include/selection.h:Portion.isValid#0","CALLS",0.9,"import-resolved",0
"Method:src/ui/src/abstractlogview.cpp:setQuickFindResult","Method:src/ui/include/selection.h:Portion.line#0","CALLS",0.9,"import-resolved",0
"Method:src/ui/src/abstractlogview.cpp:setQuickFindResult","Method:src/ui/src/abstractlogview.cpp:displayLine#1","CALLS",0.95,"same-file",0
"Method:src/ui/src/abstractlogview.cpp:setQuickFindResult","Method:src/ui/include/selection.h:Selection.selectPortion#1","CALLS",0.5,"global",0
"Method:src/ui/src/abstractlogview.cpp:setQuickFindResult","Method:src/ui/include/highlightedmatch.h:HighlightedMatchRanges.clear#0","CALLS",0.9,"import-resolved",0
"Method:src/ui/src/abstractlogview.cpp:searchForward","Method:src/ui/src/abstractlogview.cpp:searchUsingFunction#1","CALLS",0.95,"same-file",0
"Method:src/ui/src/abstractlogview.cpp:searchBackward","Method:src/ui/src/abstractlogview.cpp:searchUsingFunction#1","CALLS",0.95,"same-file",0
"Method:src/ui/src/abstractlogview.cpp:incrementallySearchForward","Method:src/ui/src/abstractlogview.cpp:searchUsingFunction#1","CALLS",0.95,"same-file",0
"Method:src/ui/src/abstractlogview.cpp:incrementallySearchBackward","Method:src/ui/src/abstractlogview.cpp:searchUsingFunction#1","CALLS",0.95,"same-file",0
"Method:src/ui/src/abstractlogview.cpp:incrementalSearchAbort","Method:src/ui/src/abstractlogview.cpp:incrementalSearchAbort#0","CALLS",0.95,"same-file",0
"Method:src/ui/src/abstractlogview.cpp:incrementalSearchStop","Method:src/ui/src/abstractlogview.cpp:incrementalSearchStop#0","CALLS",0.95,"same-file",0
"Method:src/ui/src/abstractlogview.cpp:incrementalSearchStop","Method:src/ui/src/abstractlogview.cpp:isEmpty#0","CALLS",0.95,"same-file",0
"Method:src/ui/src/abstractlogview.cpp:allowFollowMode","Method:src/ui/include/viewtools.h:ElasticHook.allowHook#1","CALLS",0.5,"global",0
"Method:src/ui/src/abstractlogview.cpp:setSearchPattern","Method:src/ui/src/abstractlogview.cpp:forceRefresh#0","CALLS",0.95,"same-file",0
"Method:src/ui/src/abstractlogview.cpp:setQuickHighlighters","Method:src/ui/src/abstractlogview.cpp:forceRefresh#0","CALLS",0.95,"same-file",0
"Method:src/ui/src/abstractlogview.cpp:followSet","Method:src/ui/include/viewtools.h:ElasticHook.hook#1","CALLS",0.5,"global",0
"Method:src/ui/src/abstractlogview.cpp:followSet","Method:src/ui/src/abstractlogview.cpp:forceRefresh#0","CALLS",0.95,"same-file",0
"Method:src/ui/src/abstractlogview.cpp:followSet","Method:src/ui/src/abstractlogview.cpp:jumpToBottom#0","CALLS",0.95,"same-file",0
"Method:src/ui/src/abstractlogview.cpp:textWrapSet","Method:src/ui/src/abstractlogview.cpp:updateScrollBars#0","CALLS",0.95,"same-file",0
"Method:src/ui/src/abstractlogview.cpp:textWrapSet","Method:src/ui/src/abstractlogview.cpp:forceRefresh#0","CALLS",0.95,"same-file",0
"Method:src/ui/src/abstractlogview.cpp:refreshOverview","Method:src/ui/include/abstractlogview.h:AbstractLogView.getOverview#0","CALLS",0.9,"import-resolved",0
"Method:src/ui/src/abstractlogview.cpp:refreshOverview","Method:src/ui/include/overview.h:Overview.isVisible#0","CALLS",0.9,"import-resolved",0
"Method:src/ui/src/abstractlogview.cpp:handlePatternUpdated","Method:src/ui/include/quickfind.h:QuickFind.resetLimits#0","CALLS",0.9,"import-resolved",0
"Method:src/ui/src/abstractlogview.cpp:handlePatternUpdated","Method:src/ui/src/abstractlogview.cpp:forceRefresh#0","CALLS",0.95,"same-file",0
"Method:src/ui/src/abstractlogview.cpp:addToSearch","Method:src/ui/include/selection.h:Selection.isPortion#0","CALLS",0.5,"global",0
"Method:src/ui/src/abstractlogview.cpp:replaceSearch","Method:src/ui/include/selection.h:Selection.isPortion#0","CALLS",0.5,"global",0
"Method:src/ui/src/abstractlogview.cpp:excludeFromSearch","Method:src/ui/include/selection.h:Selection.isPortion#0","CALLS",0.5,"global",0
"Method:src/ui/src/abstractlogview.cpp:findNextSelected","Method:src/ui/include/selection.h:Selection.isPortion#0","CALLS",0.5,"global",0
"Method:src/ui/src/abstractlogview.cpp:findPreviousSelected","Method:src/ui/include/selection.h:Selection.isPortion#0","CALLS",0.5,"global",0
"Method:src/ui/src/abstractlogview.cpp:markSelected","Method:src/ui/src/abstractlogview.cpp:LineDrawer.empty#0","CALLS",0.95,"same-file",0
"Method:src/ui/src/abstractlogview.cpp:saveToFile","Method:src/ui/src/abstractlogview.cpp:saveLinesToFile#2","CALLS",0.95,"same-file",0
"Method:src/ui/src/abstractlogview.cpp:saveSelectedToFile","Method:src/ui/src/abstractlogview.cpp:LineDrawer.empty#0","CALLS",0.95,"same-file",0
"Method:src/ui/src/abstractlogview.cpp:saveSelectedToFile","Method:src/ui/include/highlightedmatch.h:HighlightedMatchRanges.front#0","CALLS",0.9,"import-resolved",0
"Method:src/ui/src/abstractlogview.cpp:saveSelectedToFile","Method:src/ui/include/highlightedmatch.h:HighlightedMatchRanges.back#0","CALLS",0.9,"import-resolved",0
"Method:src/ui/src/abstractlogview.cpp:saveSelectedToFile","Method:src/ui/src/abstractlogview.cpp:saveLinesToFile#2","CALLS",0.95,"same-file",0
"Method:src/ui/src/abstractlogview.cpp:saveLinesToFile","Method:src/ui/src/abstractlogview.cpp:isEmpty#0","CALLS",0.95,"same-file",0
"Method:src/ui/src/abstractlogview.cpp:saveLinesToFile","Method:src/utils/include/atomicflag.h:AtomicFlag.set#0","CALLS",0.9,"import-resolved",0
"Method:src/ui/src/abstractlogview.cpp:saveLinesToFile","Method:src/ui/src/abstractlogview.cpp:LineChunk.size#0","CALLS",0.95,"same-file",0
"Method:src/ui/src/abstractlogview.cpp:saveLinesToFile","Method:src/ui/include/startupprogress.h:StartupProgress.setValue#3","CALLS",0.5,"global",0
"Method:src/ui/src/abstractlogview.cpp:updateSearchLimits","Method:src/ui/src/abstractlogview.cpp:forceRefresh#0","CALLS",0.95,"same-file",0
"Method:src/ui/src/abstractlogview.cpp:setSearchStart","Method:src/ui/src/abstractlogview.cpp:displayLineNumber#1","CALLS",0.95,"same-file",0
"Method:src/ui/src/abstractlogview.cpp:setSearchStart","Method:src/ui/src/abstractlogview.cpp:updateSearchLimits#0","CALLS",0.95,"same-file",0
"Method:src/ui/src/abstractlogview.cpp:setSearchEnd","Method:src/ui/src/abstractlogview.cpp:displayLineNumber#1","CALLS",0.95,"same-file",0
"Method:src/ui/src/abstractlogview.cpp:setSearchEnd","Method:src/ui/src/abstractlogview.cpp:updateSearchLimits#0","CALLS",0.95,"same-file",0
"Method:src/ui/src/abstractlogview.cpp:setSelectionEnd","Method:src/ui/src/abstractlogview.cpp:forceRefresh#0","CALLS",0.95,"same-file",0
"Method:src/ui/src/abstractlogview.cpp:updateData","Method:src/ui/include/startupprogress.h:StartupProgress.setValue#3","CALLS",0.5,"global",0
"Method:src/ui/src/abstractlogview.cpp:updateData","Method:src/ui/src/abstractlogview.cpp:updateScrollBars#0","CALLS",0.95,"same-file",0
"Method:src/ui/src/abstractlogview.cpp:updateData","Method:src/ui/include/quickfind.h:QuickFind.resetLimits#0","CALLS",0.9,"import-resolved",0
"Method:src/ui/src/abstractlogview.cpp:updateData","Method:src/ui/src/abstractlogview.cpp:jumpToBottom#0","CALLS",0.95,"same-file",0
"Method:src/ui/src/abstractlogview.cpp:updateData","Method:src/ui/src/abstractlogview.cpp:getNbVisibleLines#0","CALLS",0.95,"same-file",0
"Method:src/ui/src/abstractlogview.cpp:updateData","Method:src/ui/include/overview.h:Overview.updateCurrentPosition#2","CALLS",0.9,"import-resolved",0
"Method:src/ui/src/abstractlogview.cpp:updateData","Method:src/ui/src/abstractlogview.cpp:forceRefresh#0","CALLS",0.95,"same-file",0
"Method:src/ui/src/abstractlogview.cpp:updateFont","Method:src/ui/src/abstractlogview.cpp:updateDisplaySize#0","CALLS",0.95,"same-file",0
"Method:src/ui/src/abstractlogview.cpp:updateDisplaySize","Method:src/ui/src/abstractlogview.cpp:updateScrollBars#0","CALLS",0.95,"same-file",0
"Method:src/ui/src/abstractlogview.cpp:updateDisplaySize","Method:src/ui/src/abstractlogview.cpp:getNbVisibleLines#0","CALLS",0.95,"same-file",0
"Method:src/ui/src/abstractlogview.cpp:updateDisplaySize","Method:src/ui/src/abstractlogview.cpp:jumpToBottom#0","CALLS",0.95,"same-file",0
"Method:src/ui/src/abstractlogview.cpp:visibleLineEnd","Method:src/ui/src/abstractlogview.cpp:visibleLayoutFor#2","CALLS",0.95,"same-file",0
"Method:src/ui/src/abstractlogview.cpp:visibleLineEnd","Method:src/ui/src/abstractlogview.cpp:getNbVisibleLines#0","CALLS",0.95,"same-file",0
"Method:src/ui/src/abstractlogview.cpp:isPartialSelection","Method:src/ui/include/selection.h:Selection.isPortion#0","CALLS",0.5,"global",0
"Method:src/ui/src/abstractlogview.cpp:selectAll","Method:src/ui/src/abstractlogview.cpp:forceRefresh#0","CALLS",0.95,"same-file",0
"Method:src/ui/src/abstractlogview.cpp:trySelectLine","Method:src/ui/src/abstractlogview.cpp:selectAndDisplayLine#1","CALLS",0.95,"same-file",0
"Method:src/ui/src/abstractlogview.cpp:selectAndDisplayLine","Method:src/ui/src/abstractlogview.cpp:disableFollow#0","CALLS",0.95,"same-file",0
"Method:src/ui/src/abstractlogview.cpp:selectAndDisplayLine","Method:src/ui/include/selection.h:Selection.selectLine#1","CALLS",0.5,"global",0
"Method:src/ui/src/abstractlogview.cpp:selectAndDisplayLine","Method:src/ui/src/abstractlogview.cpp:displayLine#1","CALLS",0.95,"same-file",0
"Method:src/ui/src/abstractlogview.cpp:selectPortionAndDisplayLine","Method:src/ui/src/abstractlogview.cpp:disableFollow#0","CALLS",0.95,"same-file",0
"Method:src/ui/src/abstractlogview.cpp:selectPortionAndDisplayLine","Method:src/ui/include/selection.h:Selection.selectLine#1","CALLS",0.5,"global",0
"Method:src/ui/src/abstractlogview.cpp:selectPortionAndDisplayLine","Method:src/ui/src/abstractlogview.cpp:displayLine#1","CALLS",0.95,"same-file",0
"Method:src/ui/src/abstractlogview.cpp:jumpToLine","Method:src/ui/src/abstractlogview.cpp:getNbVisibleLines#0","CALLS",0.95,"same-file",0
"Method:src/ui/src/abstractlogview.cpp:jumpToLine","Method:src/ui/include/startupprogress.h:StartupProgress.setValue#3","CALLS",0.5,"global",0
"Method:src/ui/src/abstractlogview.cpp:jumpToLine","Method:src/ui/src/abstractlogview.cpp:lineNumberToVerticalScroll#1","CALLS",0.95,"same-file",0
"Method:src/ui/src/abstractlogview.cpp:setSearchLimits","Method:src/ui/src/abstractlogview.cpp:forceRefresh#0","CALLS",0.95,"same-file",0
"Method:src/ui/src/abstractlogview.cpp:getNbVisibleCols","Method:src/ui/include/overview.h:Overview.isVisible#0","CALLS",0.9,"import-resolved",0
"Method:src/ui/src/abstractlogview.cpp:convertCoordToLine","Method:src/ui/src/abstractlogview.cpp:LineChunk.size#0","CALLS",0.95,"same-file",0
"Method:src/ui/src/abstractlogview.cpp:convertCoordToLine","Method:src/ui/src/abstractlogview.cpp:LineDrawer.empty#0","CALLS",0.95,"same-file",0
"Method:src/ui/src/abstractlogview.cpp:convertCoordToFilePos","Method:src/ui/src/abstractlogview.cpp:LineDrawer.empty#0","CALLS",0.95,"same-file",0
"Method:src/ui/src/abstractlogview.cpp:convertCoordToFilePos","Method:src/ui/src/abstractlogview.cpp:LineChunk.size#0","CALLS",0.95,"same-file",0
"Method:src/ui/src/abstractlogview.cpp:convertCoordToFilePos","Method:src/ui/include/wrappedstring.h:WrappedString.unwrappedLine#0","CALLS",0.5,"global",0
"Method:src/ui/src/abstractlogview.cpp:convertCoordToFilePos","Method:src/ui/include/wrappedstring.h:WrappedString.wrappedLine#1","CALLS",0.5,"global",0
"Method:src/ui/src/abstractlogview.cpp:convertCoordToFilePos","Method:src/ui/include/wrappedstring.h:WrappedString.mid#2","CALLS",0.5,"global",0
"Method:src/ui/src/abstractlogview.cpp:convertCoordToFilePos","Method:src/ui/src/abstractlogview.cpp:getNbVisibleCols#0","CALLS",0.95,"same-file",0
"Method:src/ui/src/abstractlogview.cpp:convertCoordToFilePos","Method:src/ui/src/abstractlogview.cpp:LineChunk.end#0","CALLS",0.95,"same-file",0
"Method:src/ui/src/abstractlogview.cpp:displayLine","Method:src/ui/src/abstractlogview.cpp:getNbVisibleLines#0","CALLS",0.95,"same-file",0
"Method:src/ui/src/abstractlogview.cpp:displayLine","Method:src/ui/src/abstractlogview.cpp:forceRefresh#0","CALLS",0.95,"same-file",0
"Method:src/ui/src/abstractlogview.cpp:displayLine","Method:src/ui/src/abstractlogview.cpp:jumpToLine#1","CALLS",0.95,"same-file",0
"Method:src/ui/src/abstractlogview.cpp:displayLine","Method:src/ui/include/startupprogress.h:StartupProgress.setValue#3","CALLS",0.5,"global",0
"Method:src/ui/src/abstractlogview.cpp:displayLine","Method:src/ui/src/abstractlogview.cpp:LineDrawer.endColumn#0","CALLS",0.95,"same-file",0
"Method:src/ui/src/abstractlogview.cpp:displayLine","Method:src/ui/src/abstractlogview.cpp:getNbVisibleCols#0","CALLS",0.95,"same-file",0
"Method:src/ui/src/abstractlogview.cpp:moveSelection","Method:src/ui/src/abstractlogview.cpp:LineDrawer.empty#0","CALLS",0.95,"same-file",0
"Method:src/ui/src/abstractlogview.cpp:moveSelection","Method:src/ui/include/highlightedmatch.h:HighlightedMatchRanges.front#0","CALLS",0.9,"import-resolved",0
"Method:src/ui/src/abstractlogview.cpp:moveSelection","Method:src/ui/include/highlightedmatch.h:HighlightedMatchRanges.back#0","CALLS",0.9,"import-resolved",0
"Method:src/ui/src/abstractlogview.cpp:moveSelection","Method:src/ui/include/selection.h:Selection.selectLine#1","CALLS",0.5,"global",0
"Method:src/ui/src/abstractlogview.cpp:moveSelection","Method:src/ui/src/abstractlogview.cpp:displayLine#1","CALLS",0.95,"same-file",0
"Method:src/ui/src/abstractlogview.cpp:moveSelection","Method:src/ui/src/abstractlogview.cpp:getSelectedText#0","CALLS",0.95,"same-file",0
"Method:src/ui/src/abstractlogview.cpp:moveSelection","Method:src/ui/src/abstractlogview.cpp:LineChunk.size#0","CALLS",0.95,"same-file",0
"Method:src/ui/src/abstractlogview.cpp:jumpToStartOfLine","Method:src/ui/include/startupprogress.h:StartupProgress.setValue#3","CALLS",0.5,"global",0
"Method:src/ui/src/abstractlogview.cpp:jumpToEndOfLine","Method:src/ui/include/startupprogress.h:StartupProgress.setValue#3","CALLS",0.5,"global",0
"Method:src/ui/src/abstractlogview.cpp:jumpToEndOfLine","Method:src/ui/src/abstractlogview.cpp:maxLineLength#1","CALLS",0.95,"same-file",0
"Method:src/ui/src/abstractlogview.cpp:jumpToEndOfLine","Method:src/ui/src/abstractlogview.cpp:getNbVisibleCols#0","CALLS",0.95,"same-file",0
"Method:src/ui/src/abstractlogview.cpp:jumpToRightOfScreen","Method:src/ui/src/abstractlogview.cpp:getNbVisibleLines#0","CALLS",0.95,"same-file",0
"Method:src/ui/src/abstractlogview.cpp:jumpToRightOfScreen","Method:src/ui/src/abstractlogview.cpp:LineChunk.end#0","CALLS",0.95,"same-file",0
"Method:src/ui/src/abstractlogview.cpp:jumpToRightOfScreen","Method:src/ui/include/startupprogress.h:StartupProgress.setValue#3","CALLS",0.5,"global",0
"Method:src/ui/src/abstractlogview.cpp:jumpToRightOfScreen","Method:src/ui/src/abstractlogview.cpp:maxLineLength#1","CALLS",0.95,"same-file",0
"Method:src/ui/src/abstractlogview.cpp:jumpToRightOfScreen","Method:src/ui/src/abstractlogview.cpp:getNbVisibleCols#0","CALLS",0.95,"same-file",0
"Method:src/ui/src/abstractlogview.cpp:jumpToTop","Method:src/ui/include/startupprogress.h:StartupProgress.setValue#3","CALLS",0.5,"global",0
"Method:src/ui/src/abstractlogview.cpp:jumpToTop","Method:src/ui/src/abstractlogview.cpp:forceRefresh#0","CALLS",0.95,"same-file",0
"Method:src/ui/src/abstractlogview.cpp:jumpToBottom","Method:src/ui/include/startupprogress.h:StartupProgress.setValue#3","CALLS",0.5,"global",0
"Method:src/ui/src/abstractlogview.cpp:jumpToBottom","Method:src/ui/src/abstractlogview.cpp:forceRefresh#0","CALLS",0.95,"same-file",0
"Method:src/ui/src/abstractlogview.cpp:selectWordAtPosition","Method:src/logdata/include/linetypes.h:FilePosition.line#0","CALLS",0.9,"import-resolved",0
"Method:src/ui/src/abstractlogview.cpp:selectWordAtPosition","Method:src/logdata/include/linetypes.h:FilePosition.column#0","CALLS",0.9,"import-resolved",0
"Method:src/ui/src/abstractlogview.cpp:selectWordAtPosition","Method:src/ui/src/abstractlogview.cpp:isEmpty#0","CALLS",0.95,"same-file",0
"Method:src/ui/src/abstractlogview.cpp:selectWordAtPosition","Method:src/ui/src/abstractlogview.cpp:LineChunk.size#0","CALLS",0.95,"same-file",0
"Method:src/ui/src/abstractlogview.cpp:selectWordAtPosition","Method:src/ui/src/abstractlogview.cpp:LineChunk.end#0","CALLS",0.95,"same-file",0
"Method:src/ui/src/abstractlogview.cpp:selectWordAtPosition","Method:src/ui/src/abstractlogview.cpp:updateGlobalSelection#0","CALLS",0.95,"same-file",0
"Method:src/ui/src/abstractlogview.cpp:selectWordAtPosition","Method:src/ui/src/abstractlogview.cpp:forceRefresh#0","CALLS",0.95,"same-file",0
"Method:src/ui/src/abstractlogview.cpp:updateGlobalSelection","Method:src/ui/include/selection.h:Selection.isSingleLine#0","CALLS",0.5,"global",0
"Method:src/ui/src/abstractlogview.cpp:selectAndDisplayRange","Method:src/ui/src/abstractlogview.cpp:disableFollow#0","CALLS",0.95,"same-file",0
"Method:src/ui/src/abstractlogview.cpp:selectAndDisplayRange","Method:src/logdata/include/linetypes.h:FilePosition.line#0","CALLS",0.9,"import-resolved",0
"Method:src/ui/src/abstractlogview.cpp:selectAndDisplayRange","Method:src/ui/src/abstractlogview.cpp:displayLine#1","CALLS",0.95,"same-file",0
"Method:src/ui/src/abstractlogview.cpp:selectAndDisplayRange","Method:src/ui/src/abstractlogview.cpp:getSelectedText#0","CALLS",0.95,"same-file",0
"Method:src/ui/src/abstractlogview.cpp:selectAndDisplayRange","Method:src/ui/src/abstractlogview.cpp:LineChunk.size#0","CALLS",0.95,"same-file",0
"Method:src/ui/src/abstractlogview.cpp:createMenu","Method:src/ui/src/abstractlogview.cpp:copy#0","CALLS",0.95,"same-file",0
"Method:src/ui/src/abstractlogview.cpp:createMenu","Method:src/ui/src/abstractlogview.cpp:copyWithLineNumbers#0","CALLS",0.95,"same-file",0
"Method:src/ui/src/abstractlogview.cpp:createMenu","Method:src/ui/src/abstractlogview.cpp:markSelected#0","CALLS",0.95,"same-file",0
"Method:src/ui/src/abstractlogview.cpp:createMenu","Method:src/ui/src/abstractlogview.cpp:saveToFile#0","CALLS",0.95,"same-file",0
"Method:src/ui/src/abstractlogview.cpp:createMenu","Method:src/ui/src/abstractlogview.cpp:saveSelectedToFile#0","CALLS",0.95,"same-file",0
"Method:src/ui/src/abstractlogview.cpp:createMenu","Method:src/ui/src/abstractlogview.cpp:findNextSelected#0","CALLS",0.95,"same-file",0
"Method:src/ui/src/abstractlogview.cpp:createMenu","Method:src/ui/src/abstractlogview.cpp:findPreviousSelected#0","CALLS",0.95,"same-file",0
"Method:src/ui/src/abstractlogview.cpp:createMenu","Method:src/ui/src/abstractlogview.cpp:replaceSearch#0","CALLS",0.95,"same-file",0
"Method:src/ui/src/abstractlogview.cpp:createMenu","Method:src/ui/src/abstractlogview.cpp:addToSearch#0","CALLS",0.95,"same-file",0
"Method:src/ui/src/abstractlogview.cpp:createMenu","Method:src/ui/src/abstractlogview.cpp:excludeFromSearch#0","CALLS",0.95,"same-file",0
"Method:src/ui/src/abstractlogview.cpp:createMenu","Method:src/ui/src/abstractlogview.cpp:setSearchStart#0","CALLS",0.95,"same-file",0
"Method:src/ui/src/abstractlogview.cpp:createMenu","Method:src/ui/src/abstractlogview.cpp:setSearchEnd#0","CALLS",0.95,"same-file",0
"Method:src/ui/src/abstractlogview.cpp:createMenu","Method:src/ui/include/abstractlogview.h:AbstractLogView.clearSearchLimits#0","CALLS",0.9,"import-resolved",0
"Method:src/ui/src/abstractlogview.cpp:createMenu","Method:src/ui/src/abstractlogview.cpp:setSelectionStart#0","CALLS",0.95,"same-file",0
"Method:src/ui/src/abstractlogview.cpp:createMenu","Method:src/ui/src/abstractlogview.cpp:setSelectionEnd#0","CALLS",0.95,"same-file",0
"Method:src/ui/src/abstractlogview.cpp:updatePreviewMenu","Method:src/ui/include/highlightedmatch.h:HighlightedMatchRanges.clear#0","CALLS",0.9,"import-resolved",0
"Method:src/ui/src/abstractlogview.cpp:updatePreviewMenu","Method:src/ui/include/previewmanager.h:PreviewManager.enabled#0","CALLS",0.9,"import-resolved",0
"Method:src/ui/src/abstractlogview.cpp:considerMouseHovering","Method:src/ui/src/abstractlogview.cpp:convertCoordToLine#1","CALLS",0.95,"same-file",0
"Method:src/ui/src/abstractlogview.cpp:getNbBottomWrappedVisibleLines","Method:src/ui/src/abstractlogview.cpp:getNbVisibleLines#0","CALLS",0.95,"same-file",0
"Method:src/ui/src/abstractlogview.cpp:getNbBottomWrappedVisibleLines","Method:src/ui/src/abstractlogview.cpp:visualRowsForRange#2","CALLS",0.95,"same-file",0
"Method:src/ui/src/abstractlogview.cpp:updateScrollBars","Method:src/ui/src/abstractlogview.cpp:getNbVisibleLines#0","CALLS",0.95,"same-file",0
"Method:src/ui/src/abstractlogview.cpp:updateScrollBars","Method:src/ui/src/abstractlogview.cpp:getNbVisibleCols#0","CALLS",0.95,"same-file",0
"Method:src/ui/src/abstractlogview.cpp:updateScrollBars","Method:src/ui/src/abstractlogview.cpp:getNbBottomWrappedVisibleLines#0","CALLS",0.95,"same-file",0
"Method:src/ui/src/abstractlogview.cpp:drawTextArea","Method:src/ui/src/abstractlogview.cpp:getNbVisibleCols#0","CALLS",0.95,"same-file",0
"Method:src/ui/src/abstractlogview.cpp:drawTextArea","Method:src/ui/include/highlighterset.h:HighlighterSetCollection.currentActiveSet#0","CALLS",0.9,"import-resolved",0
"Method:src/ui/src/abstractlogview.cpp:drawTextArea","Method:src/ui/include/highlighterset.h:HighlighterSetCollection.quickHighlighters#0","CALLS",0.9,"import-resolved",0
"Method:src/ui/src/abstractlogview.cpp:drawTextArea","Method:src/ui/src/abstractlogview.cpp:visibleLayoutFor#2","CALLS",0.95,"same-file",0
"Method:src/ui/src/abstractlogview.cpp:drawTextArea","Method:src/ui/src/abstractlogview.cpp:getNbVisibleLines#0","CALLS",0.95,"same-file",0
"Method:src/ui/src/abstractlogview.cpp:drawTextArea","Method:src/ui/src/abstractlogview.cpp:maxDisplayLineNumber#0","CALLS",0.95,"same-file",0
"Method:src/ui/src/abstractlogview.cpp:drawTextArea","Method:src/ui/src/abstractlogview.cpp:lineIndex#1","CALLS",0.95,"same-file",0
"Method:src/ui/src/abstractlogview.cpp:drawTextArea","Method:src/ui/src/abstractlogview.cpp:displayLineNumber#1","CALLS",0.95,"same-file",0
"Method:src/ui/src/abstractlogview.cpp:drawTextArea","Method:src/settings/include/configuration.h:Configuration.mainSearchHighlight#0","CALLS",0.9,"import-resolved",0
"Method:src/ui/src/abstractlogview.cpp:drawTextArea","Method:src/settings/include/configuration.h:Configuration.variateMainSearchHighlight#0","CALLS",0.9,"import-resolved",0
"Method:src/ui/src/abstractlogview.cpp:drawTextArea","Method:src/ui/src/abstractlogview.cpp:isEmpty#0","CALLS",0.95,"same-file",0
"Method:src/ui/src/abstractlogview.cpp:drawTextArea","Method:src/ui/include/highlighterset.h:Highlighter.setHighlightOnlyMatch#1","CALLS",0.9,"import-resolved",0
"Method:src/ui/src/abstractlogview.cpp:drawTextArea","Method:src/ui/include/highlighterset.h:Highlighter.setVariateColors#1","CALLS",0.9,"import-resolved",0
"Method:src/ui/src/abstractlogview.cpp:drawTextArea","Method:src/ui/include/highlighterset.h:Highlighter.setPattern#1","CALLS",0.9,"import-resolved",0
"Method:src/ui/src/abstractlogview.cpp:drawTextArea","Method:src/ui/include/highlighterset.h:Highlighter.setIgnoreCase#1","CALLS",0.9,"import-resolved",0
"Method:src/ui/src/abstractlogview.cpp:drawTextArea","Method:src/ui/include/highlighterset.h:Highlighter.setUseRegex#1","CALLS",0.9,"import-resolved",0
"Method:src/ui/src/abstractlogview.cpp:drawTextArea","Method:src/ui/include/highlighterset.h:Highlighter.setBackColor#1","CALLS",0.9,"import-resolved",0
"Method:src/ui/src/abstractlogview.cpp:drawTextArea","Method:src/ui/include/highlighterset.h:Highlighter.setForeColor#1","CALLS",0.9,"import-resolved",0
"Method:src/ui/src/abstractlogview.cpp:drawTextArea","Method:src/ui/src/abstractlogview.cpp:LineChunk.size#0","CALLS",0.95,"same-file",0
"Method:src/ui/src/abstractlogview.cpp:drawTextArea","Method:src/ui/src/abstractlogview.cpp:LineChunk.end#0","CALLS",0.95,"same-file",0
"Method:src/ui/src/abstractlogview.cpp:drawTextArea","Method:src/ui/include/highlightedmatch.h:HighlightedMatchRanges.clear#0","CALLS",0.9,"import-resolved",0
"Method:src/ui/src/abstractlogview.cpp:drawTextArea","Method:src/ui/include/selection.h:Selection.isSingleLine#0","CALLS",0.5,"global",0
"Method:src/ui/src/abstractlogview.cpp:drawTextArea","Method:src/ui/include/highlighterset.h:HighlighterSet.matchLine#2","CALLS",0.9,"import-resolved",0
"Method:src/ui/src/abstractlogview.cpp:drawTextArea","Method:src/ui/include/highlightedmatch.h:HighlightedMatchRanges.front#0","CALLS",0.9,"import-resolved",0
"Method:src/ui/src/abstractlogview.cpp:drawTextArea","Method:src/ui/include/highlightedmatch.h:HighlightedMatch.foreColor#0","CALLS",0.9,"import-resolved",0
"Method:src/ui/src/abstractlogview.cpp:drawTextArea","Method:src/ui/include/highlightedmatch.h:HighlightedMatch.backColor#0","CALLS",0.9,"import-resolved",0
"Method:src/ui/src/abstractlogview.cpp:drawTextArea","Method:src/ui/include/highlightedmatch.h:HighlightedMatchRanges.addMatches#1","CALLS",0.9,"import-resolved",0
"Method:src/ui/src/abstractlogview.cpp:drawTextArea","Method:src/ui/include/highlightedmatch.h:HighlightedMatch.startColumn#0","CALLS",0.9,"import-resolved",0
"Method:src/ui/src/abstractlogview.cpp:drawTextArea","Method:src/ui/include/wrappedstring.h:WrappedString.mid#2","CALLS",0.5,"global",0
"Method:src/ui/src/abstractlogview.cpp:drawTextArea","Method:src/ui/src/abstractlogview.cpp:LineChunk.foreColor#0","CALLS",0.95,"same-file",0
"Method:src/ui/src/abstractlogview.cpp:drawTextArea","Method:src/ui/src/abstractlogview.cpp:LineChunk.backColor#0","CALLS",0.95,"same-file",0
"Method:src/ui/src/abstractlogview.cpp:drawTextArea","Method:src/ui/include/highlightedmatch.h:HighlightedMatchRanges.matches#0","CALLS",0.9,"import-resolved",0
"Method:src/ui/src/abstractlogview.cpp:drawTextArea","Method:src/ui/include/highlightedmatch.h:HighlightedMatchRanges.addMatch#1","CALLS",0.9,"import-resolved",0
"Method:src/ui/src/abstractlogview.cpp:drawTextArea","Method:src/ui/include/wrappedstring.h:WrappedString.wrappedLinesCount#0","CALLS",0.9,"import-resolved",0
"Method:src/ui/src/abstractlogview.cpp:drawTextArea","Method:src/ui/include/highlightedmatch.h:HighlightedMatchRanges.empty#0","CALLS",0.9,"import-resolved",0
"Method:src/ui/src/abstractlogview.cpp:drawTextArea","Method:src/ui/src/abstractlogview.cpp:LineDrawer.addChunk#4","CALLS",0.95,"same-file",0
"Method:src/ui/src/abstractlogview.cpp:drawTextArea","Method:src/ui/src/abstractlogview.cpp:LineDrawer.empty#0","CALLS",0.95,"same-file",0
"Method:src/ui/src/abstractlogview.cpp:drawTextArea","Method:src/ui/src/abstractlogview.cpp:LineDrawer.endColumn#0","CALLS",0.95,"same-file",0
"Method:src/ui/src/abstractlogview.cpp:drawTextArea","Method:src/ui/include/highlightedmatch.h:HighlightedMatchRanges.back#0","CALLS",0.9,"import-resolved",0
"Method:src/ui/src/abstractlogview.cpp:drawTextArea","Method:src/ui/include/highlightedmatch.h:HighlightedMatch.endColumn#0","CALLS",0.9,"import-resolved",0
"Method:src/ui/src/abstractlogview.cpp:drawTextArea","Method:src/ui/src/abstractlogview.cpp:LineDrawer.draw#6","CALLS",0.95,"same-file",0
"Method:src/ui/src/abstractlogview.cpp:drawTextArea","Method:src/ui/include/abstractlogview.h:AbstractLogView.lineType#1","CALLS",0.9,"import-resolved",0
"Method:src/ui/src/abstractlogview.cpp:visualRowsForLine","Method:src/ui/src/abstractlogview.cpp:getNbVisibleCols#0","CALLS",0.95,"same-file",0
"Method:src/ui/src/abstractlogview.cpp:visualRowsForLine","Method:src/ui/include/wrappedstring.h:WrappedString.wrappedLinesCount#0","CALLS",0.9,"import-resolved",0
"Method:src/ui/src/abstractlogview.cpp:visualRowsForRange","Method:src/ui/src/abstractlogview.cpp:visualRowsForLine#1","CALLS",0.95,"same-file",0
"Method:src/ui/src/abstractlogview.cpp:visibleLayoutFor","Method:src/ui/src/abstractlogview.cpp:visualRowsForLine#1","CALLS",0.95,"same-file",0
"Method:src/ui/src/abstractlogview.cpp:disableFollow","Method:src/ui/include/viewtools.h:ElasticHook.hook#1","CALLS",0.5,"global",0
"Method:src/ui/include/wrappedstring.h:WrappedString.makeWrappedStringPart#3","Method:src/ui/include/wrappedstring.h:WrappedString.mid#2","CALLS",0.95,"same-file",0
"Method:src/ui/include/wrappedstring.h:WrappedString.mid#2","Method:src/ui/include/highlightedmatch.h:HighlightedMatchRanges.front#0","CALLS",0.5,"global",0
"Method:src/ui/include/wrappedstring.h:WrappedString.mid#2","Method:src/ui/include/wrappedstring.h:WrappedString.mid#2","CALLS",0.95,"same-file",0
"Method:src/ui/include/wrappedstring.h:WrappedString.mid#2","Method:src/ui/include/highlightedmatch.h:HighlightedMatchRanges.back#0","CALLS",0.5,"global",0
"Method:src/ui/include/wrappedstring.h:WrappedString.isEmpty#0","Method:src/ui/include/wrappedstring.h:WrappedString.isEmpty#0","CALLS",0.95,"same-file",0
"Method:src/ui/include/viewinterface.h:ViewInterface.setData#2","Method:src/ui/include/viewinterface.h:ViewInterface.doSetData#2","CALLS",0.95,"same-file",0
"Method:src/ui/include/viewinterface.h:ViewInterface.setQuickFindPattern#1","Method:src/ui/include/viewinterface.h:ViewInterface.doSetQuickFindPattern#1","CALLS",0.95,"same-file",0
"Method:src/ui/include/viewinterface.h:ViewInterface.setSavedSearches#1","Method:src/ui/include/viewinterface.h:ViewInterface.doSetSavedSearches#1","CALLS",0.95,"same-file",0
"Method:src/ui/include/viewinterface.h:ViewInterface.setViewContext#1","Method:src/ui/include/viewinterface.h:ViewInterface.doSetViewContext#1","CALLS",0.95,"same-file",0
"Method:src/ui/include/signalmux.h:MuxableDocumentInterface.sendAllStateSignals#0","Method:src/ui/include/signalmux.h:MuxableDocumentInterface.doSendAllStateSignals#0","CALLS",0.95,"same-file",0
"Method:src/ui/include/sessioninfo.h:SessionInfo.add#1","Method:src/ui/include/sessioninfo.h:SessionInfo.findWindow#1","CALLS",0.95,"same-file",0
"Method:src/ui/include/sessioninfo.h:SessionInfo.remove#1","Method:src/ui/src/abstractlogview.cpp:LineChunk.end#0","CALLS",0.5,"global",0
"Method:src/ui/include/sessioninfo.h:SessionInfo.geometry#1","Method:src/ui/include/sessioninfo.h:SessionInfo.findWindow#1","CALLS",0.95,"same-file",0
"Method:src/ui/include/sessioninfo.h:SessionInfo.setGeometry#2","Method:src/ui/include/sessioninfo.h:SessionInfo.findWindow#1","CALLS",0.95,"same-file",0
"Method:src/ui/include/sessioninfo.h:SessionInfo.openFiles#1","Method:src/ui/include/sessioninfo.h:SessionInfo.findWindow#1","CALLS",0.95,"same-file",0
"Method:src/ui/include/sessioninfo.h:SessionInfo.setOpenFiles#2","Method:src/ui/include/sessioninfo.h:SessionInfo.findWindow#1","CALLS",0.95,"same-file",0
"Method:src/ui/include/sessioninfo.h:SessionInfo.findWindow#1","Method:src/ui/src/abstractlogview.cpp:LineChunk.end#0","CALLS",0.5,"global",0
"Method:src/ui/include/session.h:WindowSession.close#1","Method:src/ui/src/abstractlogview.cpp:LineChunk.end#0","CALLS",0.5,"global",0
"Method:src/ui/include/session.h:WindowSession.getQuickFindPattern#0","Method:src/ui/include/session.h:Session.quickFindPattern#0","CALLS",0.95,"same-file",0
"Method:src/ui/include/selection.h:Selection.selectPortion#1","Method:src/ui/include/selection.h:Selection.selectPortion#3","CALLS",0.95,"same-file",0
"Method:src/ui/include/selection.h:Selection.selectPortion#1","Method:src/ui/include/selection.h:Portion.line#0","CALLS",0.95,"same-file",0
"Method:src/ui/include/selection.h:Selection.selectPortion#1","Method:src/ui/include/selection.h:Portion.startColumn#0","CALLS",0.95,"same-file",0
"Method:src/ui/include/selection.h:Selection.selectPortion#1","Method:src/ui/include/selection.h:Portion.endColumn#0","CALLS",0.95,"same-file",0
"Method:src/ui/include/quickfindmux.h:QuickFindMuxSelectorInterface.getActiveSearchable#0","Method:src/ui/include/quickfindmux.h:QuickFindMuxSelectorInterface.doGetActiveSearchable#0","CALLS",0.95,"same-file",0
"Method:src/ui/include/quickfindmux.h:QuickFindMuxSelectorInterface.getAllSearchables#0","Method:src/ui/include/quickfindmux.h:QuickFindMuxSelectorInterface.doGetAllSearchables#0","CALLS",0.95,"same-file",0
"Method:src/ui/include/quickfind.h:SearchingNotifier.ping#3","Method:src/ui/include/quickfind.h:SearchingNotifier.sendNotification#3","CALLS",0.95,"same-file",0
"Method:src/ui/include/mainwindow.h:MainWindow.startComCaptureSession#1","Method:src/ui/include/mainwindow.h:MainWindow.startComCaptureSession#3","CALLS",0.95,"same-file",0
"Method:src/ui/include/highlightedmatch.h:HighlightedMatchRanges.clear#0","Method:src/ui/include/highlightedmatch.h:HighlightedMatchRanges.clear#0","CALLS",0.95,"same-file",0
"Method:src/ui/include/highlightedmatch.h:HighlightedMatchRanges.empty#0","Method:src/ui/include/highlightedmatch.h:HighlightedMatchRanges.empty#0","CALLS",0.95,"same-file",0
"Method:src/ui/include/highlightedmatch.h:HighlightedMatchRanges.front#0","Method:src/ui/include/highlightedmatch.h:HighlightedMatchRanges.front#0","CALLS",0.95,"same-file",0
"Method:src/ui/include/highlightedmatch.h:HighlightedMatchRanges.back#0","Method:src/ui/include/highlightedmatch.h:HighlightedMatchRanges.back#0","CALLS",0.95,"same-file",0
"Method:src/ui/include/highlightedmatch.h:HighlightedMatchRanges.clamp#2","Method:src/ui/include/highlightedmatch.h:HighlightedMatch.endColumn#0","CALLS",0.95,"same-file",0
"Method:src/ui/include/highlightedmatch.h:HighlightedMatchRanges.clamp#2","Method:src/ui/include/highlightedmatch.h:HighlightedMatch.startColumn#0","CALLS",0.95,"same-file",0
"Method:src/ui/include/highlightedmatch.h:HighlightedMatchRanges.clamp#2","Method:src/ui/include/highlightedmatch.h:HighlightedMatch.foreColor#0","CALLS",0.95,"same-file",0
"Method:src/ui/include/highlightedmatch.h:HighlightedMatchRanges.clamp#2","Method:src/ui/include/highlightedmatch.h:HighlightedMatch.backColor#0","CALLS",0.95,"same-file",0
"Method:src/ui/include/highlightedmatch.h:HighlightedMatchRanges.clamp#2","Method:src/ui/src/abstractlogview.cpp:LineChunk.end#0","CALLS",0.5,"global",0
"Method:src/ui/include/highlightedmatch.h:HighlightedMatchRanges.clamp#2","Method:src/ui/include/highlightedmatch.h:HighlightedMatch.size#0","CALLS",0.95,"same-file",0
"Method:src/ui/include/highlightedmatch.h:HighlightedMatchRanges.addMatches#1","Method:src/ui/include/highlightedmatch.h:HighlightedMatchRanges.addMatch#1","CALLS",0.95,"same-file",0
"Method:src/ui/include/highlightedmatch.h:HighlightedMatchRanges.addMatch#1","Method:src/ui/src/abstractlogview.cpp:LineChunk.end#0","CALLS",0.5,"global",0
"Method:src/ui/include/highlightedmatch.h:HighlightedMatchRanges.addMatch#1","Method:src/ui/include/highlightedmatch.h:HighlightedMatch.startColumn#0","CALLS",0.95,"same-file",0
"Method:src/ui/include/highlightedmatch.h:HighlightedMatchRanges.addMatch#1","Method:src/ui/include/highlightedmatch.h:HighlightedMatch.endColumn#0","CALLS",0.95,"same-file",0
"Method:src/ui/include/highlightedmatch.h:HighlightedMatchRanges.addMatch#1","Method:src/ui/include/highlightedmatch.h:HighlightedMatch.foreColor#0","CALLS",0.95,"same-file",0
"Method:src/ui/include/highlightedmatch.h:HighlightedMatchRanges.addMatch#1","Method:src/ui/include/highlightedmatch.h:HighlightedMatch.backColor#0","CALLS",0.95,"same-file",0
"Method:src/ui/include/highlightedmatch.h:HighlightedMatchRanges.addMatch#1","Method:src/ui/include/highlightedmatch.h:HighlightedMatch.size#0","CALLS",0.95,"same-file",0
"Method:src/ui/include/fontutils.h:FontUtils.availableFontSizes#1","Method:src/ui/src/abstractlogview.cpp:LineChunk.end#0","CALLS",0.5,"global",0
"Method:src/ui/include/encodings.h:EncodingMenu.generate#1","Method:src/ui/include/encodings.h:EncodingMenu.supportedEncodings#0","CALLS",0.95,"same-file",0
"Method:src/ui/include/encodings.h:EncodingMenu.generate#1","Method:src/ui/src/predefinedfiltersdialog.cpp:CenteredCheckbox.setChecked#1","CALLS",0.5,"global",0
"Method:src/ui/include/encodings.h:EncodingMenu.generate#1","Method:src/logdata/include/encodingdetector.h:TextCodecHolder.mibEnum#0","CALLS",0.5,"global",0
"Method:src/settings/src/styles.cpp:availableStyles","Method:src/ui/src/abstractlogview.cpp:LineChunk.end#0","CALLS",0.5,"global",0
"Method:src/settings/src/styles.cpp:applyStyle","Method:src/settings/include/configuration.h:Configuration.darkPalette#0","CALLS",0.9,"import-resolved",0
"Method:src/settings/src/styles.cpp:applyStyle","Method:src/settings/include/configuration.h:Configuration.setStyle#1","CALLS",0.9,"import-resolved",0
"Method:src/settings/src/shortcuts.cpp:defaultShortcutKeys","Method:src/settings/src/shortcuts.cpp:defaultShortcutList#0","CALLS",0.95,"same-file",0
"Method:src/settings/src/shortcuts.cpp:defaultShortcutKeys","Method:src/ui/src/abstractlogview.cpp:LineChunk.end#0","CALLS",0.5,"global",0
"Method:src/settings/src/shortcuts.cpp:registerShortcut","Method:src/ui/src/abstractlogview.cpp:LineChunk.end#0","CALLS",0.5,"global",0
"Method:src/settings/src/shortcuts.cpp:registerShortcut","Method:src/settings/src/shortcuts.cpp:defaultShortcutKeys#1","CALLS",0.95,"same-file",0
"Method:src/settings/src/shortcuts.cpp:registerShortcut","Method:src/settings/src/shortcuts.cpp:registerShortcut#5","CALLS",0.95,"same-file",0
"Method:src/settings/src/shortcuts.cpp:shortcutKeys","Method:src/ui/src/abstractlogview.cpp:LineChunk.end#0","CALLS",0.5,"global",0
"Method:src/settings/src/shortcuts.cpp:shortcutKeys","Method:src/settings/src/shortcuts.cpp:defaultShortcutKeys#1","CALLS",0.95,"same-file",0
"Method:src/settings/src/persistentinfo.cpp:PersistentInfo","Method:src/settings/src/persistentinfo.cpp:PreparePortableSettings#1","CALLS",0.95,"same-file",0
"Method:src/settings/src/persistentinfo.cpp:PersistentInfo","Method:src/settings/src/persistentinfo.cpp:PrepareOsSettings#0","CALLS",0.95,"same-file",0
"Method:src/settings/src/persistentinfo.cpp:PersistentInfo","Method:src/settings/src/persistentinfo.cpp:UpdateSettings#0","CALLS",0.95,"same-file",0
"Method:src/settings/src/persistentinfo.cpp:PrepareOsSettings","Method:src/ui/include/startupprogress.h:StartupProgress.setValue#3","CALLS",0.5,"global",0
"Method:src/settings/src/persistentinfo.cpp:UpdateSettings","Method:src/ui/include/startupprogress.h:StartupProgress.setValue#3","CALLS",0.5,"global",0
"Method:src/settings/src/persistentinfo.cpp:getSettings","Method:src/settings/src/persistentinfo.cpp:getInstance#0","CALLS",0.95,"same-file",0
"Method:src/settings/src/configuration.cpp:retrieveFromStorage","Method:src/settings/include/styles.h:StyleManager.availableStyles#0","CALLS",0.9,"import-resolved",0
"Method:src/settings/src/configuration.cpp:retrieveFromStorage","Method:src/settings/include/styles.h:StyleManager.defaultPlatformStyle#0","CALLS",0.9,"import-resolved",0
"Method:src/settings/src/configuration.cpp:retrieveFromStorage","Method:src/ui/include/highlightedmatch.h:HighlightedMatchRanges.front#0","CALLS",0.5,"global",0
"Method:src/settings/include/persistable.h:Persistable.get#0","Method:src/settings/include/persistable.h:Persistable.getPersistable#1","CALLS",0.95,"same-file",0
"Method:src/settings/include/persistable.h:Persistable.getSynced#0","Method:src/settings/include/persistable.h:Persistable.getPersistable#1","CALLS",0.95,"same-file",0
"Method:src/settings/include/persistable.h:Persistable.getSynced#0","Method:src/settings/include/persistable.h:Persistable.retrieve#0","CALLS",0.95,"same-file",0
"Method:src/settings/include/configuration.h:Configuration.anyFileWatchEnabled#0","Method:src/settings/include/configuration.h:Configuration.nativeFileWatchEnabled#0","CALLS",0.95,"same-file",0
"Method:src/settings/include/configuration.h:Configuration.anyFileWatchEnabled#0","Method:src/settings/include/configuration.h:Configuration.pollingEnabled#0","CALLS",0.95,"same-file",0
"Method:src/regex/src/regularexpression.cpp:RegularExpression","Method:src/ui/include/highlightedmatch.h:HighlightedMatchRanges.front#0","CALLS",0.5,"global",0
"Method:src/regex/src/regularexpression.cpp:RegularExpression","Method:src/regex/include/regularexpressionpattern.h:RegularExpressionPattern.id#0","CALLS",0.9,"import-resolved",0
"Method:src/regex/src/regularexpression.cpp:RegularExpression","Method:src/ui/src/abstractlogview.cpp:LineChunk.end#0","CALLS",0.5,"global",0
"Method:src/regex/src/regularexpression.cpp:RegularExpression","Method:src/regex/src/regularexpression.cpp:isValid#0","CALLS",0.95,"same-file",0
"Method:src/regex/src/regularexpression.cpp:RegularExpression","Method:src/regex/src/regularexpression.cpp:errorString#0","CALLS",0.95,"same-file",0
"Method:src/regex/src/regularexpression.cpp:RegularExpression","Method:src/regex/include/booleanevaluator.h:BooleanExpressionEvaluator.isValid#0","CALLS",0.9,"import-resolved",0
"Method:src/regex/src/regularexpression.cpp:RegularExpression","Method:src/regex/include/booleanevaluator.h:BooleanExpressionEvaluator.errorString#0","CALLS",0.9,"import-resolved",0
"Method:src/regex/src/regularexpression.cpp:PatternMatcher","Method:src/regex/src/regularexpression.cpp:createMatcher#0","CALLS",0.95,"same-file",0
"Method:src/regex/src/regularexpression.cpp:PatternMatcher","Method:src/settings/include/configuration.h:Configuration.regexpEngine#0","CALLS",0.9,"import-resolved",0
"Method:src/regex/src/regularexpression.cpp:PatternMatcher","Method:src/regex/include/hsregularexpression.h:DefaultRegularExpressionMatcher.DefaultRegularExpressionMatcher#1","CALLS",0.9,"import-resolved",0
"Method:src/regex/src/regularexpression.cpp:PatternMatcher","Method:src/regex/src/regularexpression.cpp:match#1","CALLS",0.95,"same-file",0
"Method:src/regex/src/regularexpression.cpp:PatternMatcher","Method:src/regex/include/booleanevaluator.h:BooleanExpressionEvaluator.variableCount#0","CALLS",0.9,"import-resolved",0
"Method:src/regex/src/regularexpression.cpp:PatternMatcher","Method:src/regex/include/booleanevaluator.h:BooleanExpressionEvaluator.evaluate#1","CALLS",0.9,"import-resolved",0
"Method:src/regex/src/regularexpression.cpp:MultiRegularExpression","Method:src/regex/src/regularexpression.cpp:isValid#0","CALLS",0.95,"same-file",0
"Method:src/regex/src/regularexpression.cpp:MultiRegularExpression","Method:src/regex/src/regularexpression.cpp:errorString#0","CALLS",0.95,"same-file",0
"Method:src/regex/src/regularexpression.cpp:MultiPatternMatcher","Method:src/regex/src/regularexpression.cpp:createMatcher#0","CALLS",0.95,"same-file",0
"Method:src/regex/src/regularexpression.cpp:match","Method:src/regex/src/regularexpression.cpp:match#1","CALLS",0.95,"same-file",0
"Method:src/regex/src/hsregularexpression.cpp:match","Method:src/regex/src/hsregularexpression.cpp:reset#0","CALLS",0.95,"same-file",0
"Method:src/regex/src/hsregularexpression.cpp:HsRegularExpression","Method:src/regex/src/hsregularexpression.cpp:isValid#0","CALLS",0.95,"same-file",0
"Method:src/regex/src/hsregularexpression.cpp:HsRegularExpression","Method:src/regex/src/hsregularexpression.cpp:errorString#0","CALLS",0.95,"same-file",0
"Method:src/regex/src/hsregularexpression.cpp:HsRegularExpression","Method:src/ui/include/highlightedmatch.h:HighlightedMatchRanges.back#0","CALLS",0.5,"global",0
"Method:src/regex/src/hsregularexpression.cpp:HsRegularExpression","Method:src/ui/src/abstractlogview.cpp:LineChunk.end#0","CALLS",0.5,"global",0
"Method:src/regex/src/hsregularexpression.cpp:createMatcher","Method:src/regex/src/hsregularexpression.cpp:isHsValid#0","CALLS",0.95,"same-file",0
"Method:src/regex/src/hsregularexpression.cpp:createMatcher","Method:src/regex/include/hsregularexpression.h:DefaultRegularExpressionMatcher.DefaultRegularExpressionMatcher#1","CALLS",0.9,"import-resolved",0
"Method:src/regex/src/hsregularexpression.cpp:createMatcher","Method:src/regex/src/hsregularexpression.cpp:HsPrefilterMatcher#2","CALLS",0.95,"same-file",0
"Method:src/regex/src/booleanevaluator.cpp:BooleanExpressionEvaluator","Method:src/regex/include/regularexpressionpattern.h:RegularExpressionPattern.id#0","CALLS",0.9,"import-resolved",0
"Method:src/regex/src/booleanevaluator.cpp:evaluate","Method:src/regex/include/booleanevaluator.h:BooleanExpressionEvaluator.isValid#0","CALLS",0.9,"import-resolved",0
"Method:src/regex/include/hsregularexpression.h:HsRegularExpression.createMatcher#0","Method:src/regex/include/hsregularexpression.h:DefaultRegularExpressionMatcher.DefaultRegularExpressionMatcher#1","CALLS",0.95,"same-file",0
"Method:src/logdata/src/logfiltereddataworker.cpp:~LogFilteredDataWorker","Method:src/utils/include/atomicflag.h:AtomicFlag.set#0","CALLS",0.5,"global",0
"Method:src/logdata/src/logfiltereddataworker.cpp:connectSignalsAndRun","Method:src/logdata/src/logfiltereddataworker.cpp:run#1","CALLS",0.95,"same-file",0
"Method:src/logdata/src/logfiltereddataworker.cpp:search","Method:src/logdata/src/logfiltereddataworker.cpp:clear#0","CALLS",0.95,"same-file",0
"Method:src/logdata/src/logfiltereddataworker.cpp:search","Method:src/logdata/include/logdataoperation.h:LogDataOperation.start#1","CALLS",0.5,"global",0
"Method:src/logdata/src/logfiltereddataworker.cpp:search","Method:src/ui/include/viewtools.h:ElasticHook.release#0","CALLS",0.5,"global",0
"Method:src/logdata/src/logfiltereddataworker.cpp:search","Method:src/logdata/src/logfiltereddataworker.cpp:connectSignalsAndRun#1","CALLS",0.95,"same-file",0
"Method:src/logdata/src/logfiltereddataworker.cpp:updateSearch","Method:src/logdata/src/logfiltereddataworker.cpp:clear#0","CALLS",0.95,"same-file",0
"Method:src/logdata/src/logfiltereddataworker.cpp:updateSearch","Method:src/logdata/include/logdataoperation.h:LogDataOperation.start#1","CALLS",0.5,"global",0
"Method:src/logdata/src/logfiltereddataworker.cpp:updateSearch","Method:src/ui/include/viewtools.h:ElasticHook.release#0","CALLS",0.5,"global",0
"Method:src/logdata/src/logfiltereddataworker.cpp:updateSearch","Method:src/logdata/src/logfiltereddataworker.cpp:connectSignalsAndRun#1","CALLS",0.95,"same-file",0
"Method:src/logdata/src/logfiltereddataworker.cpp:interrupt","Method:src/utils/include/atomicflag.h:AtomicFlag.set#0","CALLS",0.5,"global",0
"Method:src/logdata/src/logfiltereddataworker.cpp:getSearchResults","Method:src/logdata/src/logfiltereddataworker.cpp:takeCurrentResults#0","CALLS",0.95,"same-file",0
"Method:src/logdata/src/logfiltereddataworker.cpp:doSearch","Method:src/settings/include/configuration.h:Configuration.useParallelSearch#0","CALLS",0.9,"import-resolved",0
"Method:src/logdata/src/logfiltereddataworker.cpp:doSearch","Method:src/settings/include/configuration.h:Configuration.searchThreadPoolSize#0","CALLS",0.9,"import-resolved",0
"Method:src/logdata/src/logfiltereddataworker.cpp:doSearch","Method:src/settings/include/configuration.h:Configuration.searchReadBufferSizeLines#0","CALLS",0.9,"import-resolved",0
"Method:src/logdata/src/logfiltereddataworker.cpp:doSearch","Method:src/logdata/include/logfiltereddataworker.h:SearchData.getNbMatches#0","CALLS",0.9,"import-resolved",0
"Method:src/logdata/src/logfiltereddataworker.cpp:doSearch","Method:src/logdata/include/logfiltereddataworker.h:SearchData.addAll#4","CALLS",0.9,"import-resolved",0
"Method:src/logdata/src/logfiltereddataworker.cpp:doSearch","Method:src/logdata/include/logdata.h:LogData.getLinesRaw#2","CALLS",0.9,"import-resolved",0
"Method:src/logdata/src/logfiltereddataworker.cpp:doSearch","Method:src/logdata/include/logdata.h:LogData.getFileSize#0","CALLS",0.9,"import-resolved",0
"Method:src/logdata/src/logfiltereddataworker.cpp:run","Method:src/logdata/include/logfiltereddataworker.h:SearchData.clear#0","CALLS",0.9,"import-resolved",0
"Method:src/logdata/src/logfiltereddataworker.cpp:run","Method:src/logdata/src/logfiltereddataworker.cpp:doSearch#2","CALLS",0.95,"same-file",0
"Method:src/logdata/src/logfiltereddataworker.cpp:run","Method:src/crash_handler/include/issuereporter.h:IssueReporter.askUserAndReportIssue#3","CALLS",0.9,"import-resolved",0
"Method:src/logdata/src/logfiltereddataworker.cpp:run","Method:src/logdata/include/logfiltereddataworker.h:SearchData.getLastProcessedLine#0","CALLS",0.9,"import-resolved",0
"Method:src/logdata/src/logfiltereddataworker.cpp:run","Method:src/logdata/include/logfiltereddataworker.h:SearchData.deleteMatch#1","CALLS",0.9,"import-resolved",0
"Method:src/logdata/src/logfiltereddata.cpp:runSearch","Method:src/logdata/src/logfiltereddata.cpp:runSearch#4","CALLS",0.95,"same-file",0
"Method:src/logdata/src/logfiltereddata.cpp:runSearch","Method:src/logdata/src/logfiltereddata.cpp:getNbTotalLines#0","CALLS",0.95,"same-file",0
"Method:src/logdata/src/logfiltereddata.cpp:runSearch","Method:src/logdata/include/logfiltereddata.h:LogFilteredData.makeCacheKey#3","CALLS",0.9,"import-resolved",0
"Method:src/logdata/src/logfiltereddata.cpp:runSearch","Method:src/settings/include/configuration.h:Configuration.useSearchResultsCache#0","CALLS",0.9,"import-resolved",0
"Method:src/logdata/src/logfiltereddata.cpp:clearSearch","Method:src/logdata/src/logfiltereddata.cpp:interruptSearch#0","CALLS",0.95,"same-file",0
"Method:src/logdata/src/logfiltereddata.cpp:getMatchingLineNumber","Method:src/logdata/src/logfiltereddata.cpp:findLogDataLine#1","CALLS",0.95,"same-file",0
"Method:src/logdata/src/logfiltereddata.cpp:getLineIndexNumber","Method:src/logdata/src/logfiltereddata.cpp:findFilteredLine#1","CALLS",0.95,"same-file",0
"Method:src/logdata/src/logfiltereddata.cpp:lineTypeByIndex","Method:src/logdata/src/logfiltereddata.cpp:lineTypeByLine#1","CALLS",0.95,"same-file",0
"Method:src/logdata/src/logfiltereddata.cpp:lineTypeByIndex","Method:src/logdata/src/logfiltereddata.cpp:findLogDataLine#1","CALLS",0.95,"same-file",0
"Method:src/logdata/src/logfiltereddata.cpp:lineTypeByLine","Method:src/logdata/src/logfiltereddata.cpp:isLineMarked#1","CALLS",0.95,"same-file",0
"Method:src/logdata/src/logfiltereddata.cpp:lineTypeByLine","Method:src/logdata/src/logfiltereddata.cpp:isLineMatched#1","CALLS",0.95,"same-file",0
"Method:src/logdata/src/logfiltereddata.cpp:iterateOverLines","Method:src/logdata/src/logfiltereddata.cpp:currentResultArray#0","CALLS",0.95,"same-file",0
"Method:src/logdata/src/logfiltereddata.cpp:toggleMark","Method:src/logdata/src/logfiltereddata.cpp:updateMaxLengthMarks#2","CALLS",0.95,"same-file",0
"Method:src/logdata/src/logfiltereddata.cpp:addMark","Method:src/logdata/src/logfiltereddata.cpp:updateMaxLengthMarks#2","CALLS",0.95,"same-file",0
"Method:src/logdata/src/logfiltereddata.cpp:deleteMark","Method:src/logdata/src/logfiltereddata.cpp:updateMaxLengthMarks#2","CALLS",0.95,"same-file",0
"Method:src/logdata/src/logfiltereddata.cpp:updateSearchResultsCache","Method:src/settings/include/configuration.h:Configuration.useSearchResultsCache#0","CALLS",0.9,"import-resolved",0
"Method:src/logdata/src/logfiltereddata.cpp:updateSearchResultsCache","Method:src/settings/include/configuration.h:Configuration.searchResultsCacheLines#0","CALLS",0.9,"import-resolved",0
"Method:src/logdata/src/logfiltereddata.cpp:handleSearchProgressed","Method:src/logdata/include/logfiltereddata.h:LogFilteredData.getExpectedSearchEnd#1","CALLS",0.9,"import-resolved",0
"Method:src/logdata/src/logfiltereddata.cpp:handleSearchProgressed","Method:src/logdata/src/logfiltereddata.cpp:updateSearchResultsCache#0","CALLS",0.95,"same-file",0
"Method:src/logdata/src/logfiltereddata.cpp:findLogDataLine","Method:src/logdata/src/logfiltereddata.cpp:currentResultArray#0","CALLS",0.95,"same-file",0
"Method:src/logdata/src/logfiltereddata.cpp:findFilteredLine","Method:src/logdata/src/logfiltereddata.cpp:currentResultArray#0","CALLS",0.95,"same-file",0
"Method:src/logdata/src/logfiltereddata.cpp:doGetLineString","Method:src/logdata/src/logfiltereddata.cpp:findLogDataLine#1","CALLS",0.95,"same-file",0
"Method:src/logdata/src/logfiltereddata.cpp:doGetLineString","Method:src/logdata/src/abstractlogdata.cpp:getLineString#1","CALLS",0.5,"global",0
"Method:src/logdata/src/logfiltereddata.cpp:doGetExpandedLineString","Method:src/logdata/src/logfiltereddata.cpp:findLogDataLine#1","CALLS",0.95,"same-file",0
"Method:src/logdata/src/logfiltereddata.cpp:doGetLines","Method:src/logdata/src/logfiltereddata.cpp:doGetLines#3","CALLS",0.95,"same-file",0
"Method:src/logdata/src/logfiltereddata.cpp:doGetLines","Method:src/logdata/src/logfiltereddata.cpp:doGetLineString#1","CALLS",0.95,"same-file",0
"Method:src/logdata/src/logfiltereddata.cpp:doGetExpandedLines","Method:src/logdata/src/logfiltereddata.cpp:doGetLines#3","CALLS",0.95,"same-file",0
"Method:src/logdata/src/logfiltereddata.cpp:doGetExpandedLines","Method:src/logdata/src/logfiltereddata.cpp:doGetExpandedLineString#1","CALLS",0.95,"same-file",0
"Method:src/logdata/src/logfiltereddata.cpp:doGetLines","Method:src/ui/src/abstractlogview.cpp:LineChunk.end#0","CALLS",0.5,"global",0
"Method:src/logdata/src/logfiltereddata.cpp:doGetLineNumber","Method:src/logdata/src/logfiltereddata.cpp:getMatchingLineNumber#1","CALLS",0.95,"same-file",0
"Method:src/logdata/src/logfiltereddata.cpp:doGetNbLine","Method:src/logdata/src/logfiltereddata.cpp:currentResultArray#0","CALLS",0.95,"same-file",0
"Method:src/logdata/src/logfiltereddata.cpp:doGetLineLength","Method:src/logdata/src/logfiltereddata.cpp:findLogDataLine#1","CALLS",0.95,"same-file",0
"Method:src/logdata/src/logdataworker.cpp:clear","Method:src/settings/include/configuration.h:Configuration.useCompressedIndex#0","CALLS",0.9,"import-resolved",0
"Method:src/logdata/src/logdataworker.cpp:clear","Method:src/settings/include/configuration.h:Configuration.fastModificationDetection#0","CALLS",0.9,"import-resolved",0
"Method:src/logdata/src/logdataworker.cpp:allocatedSize","Method:src/logdata/src/logdataworker.cpp:allocatedSize#0","CALLS",0.95,"same-file",0
"Method:src/logdata/src/logdataworker.cpp:~LogDataWorker","Method:src/utils/include/atomicflag.h:AtomicFlag.set#0","CALLS",0.5,"global",0
"Method:src/logdata/src/logdataworker.cpp:attachFile","Method:src/logdata/src/logdataworker.cpp:clear#0","CALLS",0.95,"same-file",0
"Method:src/logdata/src/logdataworker.cpp:indexAll","Method:src/logdata/src/logdataworker.cpp:clear#0","CALLS",0.95,"same-file",0
"Method:src/logdata/src/logdataworker.cpp:indexAll","Method:src/logdata/include/logdataoperation.h:LogDataOperation.start#1","CALLS",0.5,"global",0
"Method:src/logdata/src/logdataworker.cpp:indexAll","Method:src/ui/include/viewtools.h:ElasticHook.release#0","CALLS",0.5,"global",0
"Method:src/logdata/src/logdataworker.cpp:indexAll","Method:src/logdata/src/logdataworker.cpp:connectSignalsAndRun#1","CALLS",0.95,"same-file",0
"Method:src/logdata/src/logdataworker.cpp:indexAdditionalLines","Method:src/logdata/src/logdataworker.cpp:clear#0","CALLS",0.95,"same-file",0
"Method:src/logdata/src/logdataworker.cpp:indexAdditionalLines","Method:src/logdata/include/logdataoperation.h:LogDataOperation.start#1","CALLS",0.5,"global",0
"Method:src/logdata/src/logdataworker.cpp:indexAdditionalLines","Method:src/ui/include/viewtools.h:ElasticHook.release#0","CALLS",0.5,"global",0
"Method:src/logdata/src/logdataworker.cpp:indexAdditionalLines","Method:src/logdata/src/logdataworker.cpp:connectSignalsAndRun#1","CALLS",0.95,"same-file",0
"Method:src/logdata/src/logdataworker.cpp:checkFileChanges","Method:src/logdata/src/logdataworker.cpp:clear#0","CALLS",0.95,"same-file",0
"Method:src/logdata/src/logdataworker.cpp:checkFileChanges","Method:src/logdata/include/logdataoperation.h:LogDataOperation.start#1","CALLS",0.5,"global",0
"Method:src/logdata/src/logdataworker.cpp:checkFileChanges","Method:src/ui/include/viewtools.h:ElasticHook.release#0","CALLS",0.5,"global",0
"Method:src/logdata/src/logdataworker.cpp:checkFileChanges","Method:src/logdata/src/logdataworker.cpp:connectSignalsAndRun#1","CALLS",0.95,"same-file",0
"Method:src/logdata/src/logdataworker.cpp:connectSignalsAndRun","Method:src/logdata/include/logdataworker.h:IndexOperation.run#0","CALLS",0.9,"import-resolved",0
"Method:src/logdata/src/logdataworker.cpp:interrupt","Method:src/utils/include/atomicflag.h:AtomicFlag.set#0","CALLS",0.5,"global",0
"Method:src/logdata/src/logdataworker.cpp:guessEncoding","Method:src/logdata/include/encodingdetector.h:EncodingDetector.getInstance#0","CALLS",0.9,"import-resolved",0
"Method:src/logdata/src/logdataworker.cpp:guessEncoding","Method:src/logdata/include/encodingdetector.h:EncodingDetector.detectEncoding#1","CALLS",0.9,"import-resolved",0
"Method:src/logdata/src/logdataworker.cpp:guessEncoding","Method:src/logdata/src/logdataworker.cpp:getForcedEncoding#0","CALLS",0.95,"same-file",0
"Method:src/logdata/src/logdataworker.cpp:guessEncoding","Method:src/logdata/src/logdataworker.cpp:getEncodingGuess#0","CALLS",0.95,"same-file",0
"Method:src/logdata/src/logdataworker.cpp:guessEncoding","Method:src/logdata/include/encodingdetector.h:EncodingParameters.EncodingParameters","CALLS",0.9,"import-resolved",0
"Method:src/logdata/src/logdataworker.cpp:indexNextBlock","Method:src/logdata/src/logdataworker.cpp:guessEncoding#3","CALLS",0.95,"same-file",0
"Method:src/logdata/src/logdataworker.cpp:indexNextBlock","Method:src/logdata/src/logdataworker.cpp:parseDataBlock#3","CALLS",0.95,"same-file",0
"Method:src/logdata/src/logdataworker.cpp:indexNextBlock","Method:src/logdata/src/logdataworker.cpp:addAll#4","CALLS",0.95,"same-file",0
"Method:src/logdata/src/logdataworker.cpp:indexNextBlock","Method:src/logdata/src/logdataworker.cpp:getProgress#0","CALLS",0.95,"same-file",0
"Method:src/logdata/src/logdataworker.cpp:indexNextBlock","Method:src/logdata/src/logdataworker.cpp:setProgress#1","CALLS",0.95,"same-file",0
"Method:src/logdata/src/logdataworker.cpp:indexNextBlock","Method:src/logdata/src/logdataworker.cpp:setEncodingGuess#1","CALLS",0.95,"same-file",0
"Method:src/logdata/src/logdataworker.cpp:doIndex","Method:src/logdata/src/logdataworker.cpp:clear#0","CALLS",0.95,"same-file",0
"Method:src/logdata/src/logdataworker.cpp:doIndex","Method:src/logdata/src/logdataworker.cpp:setEncodingGuess#1","CALLS",0.95,"same-file",0
"Method:src/logdata/src/logdataworker.cpp:doIndex","Method:src/logdata/src/logdataworker.cpp:setProgress#1","CALLS",0.95,"same-file",0
"Method:src/logdata/src/logdataworker.cpp:doIndex","Method:src/logdata/src/logdataworker.cpp:getForcedEncoding#0","CALLS",0.95,"same-file",0
"Method:src/logdata/src/logdataworker.cpp:doIndex","Method:src/logdata/src/logdataworker.cpp:getEncodingGuess#0","CALLS",0.95,"same-file",0
"Method:src/logdata/src/logdataworker.cpp:doIndex","Method:src/settings/include/configuration.h:Configuration.indexReadBufferSizeMb#0","CALLS",0.9,"import-resolved",0
"Method:src/logdata/src/logdataworker.cpp:doIndex","Method:src/logdata/src/logdataworker.cpp:indexNextBlock#2","CALLS",0.95,"same-file",0
"Method:src/logdata/src/logdataworker.cpp:doIndex","Method:src/logdata/src/logdataworker.cpp:readFileInBlocks#2","CALLS",0.95,"same-file",0
"Method:src/logdata/src/logdataworker.cpp:doIndex","Method:src/logdata/include/linepositionarray.h:LinePosition.setFakeFinalLF#1","CALLS",0.9,"import-resolved",0
"Method:src/logdata/src/logdataworker.cpp:doIndex","Method:src/logdata/src/logdataworker.cpp:addAll#4","CALLS",0.95,"same-file",0
"Method:src/logdata/src/logdataworker.cpp:doIndex","Method:src/logdata/include/filedigest.h:FileDigest.addData#2","CALLS",0.9,"import-resolved",0
"Method:src/logdata/src/logdataworker.cpp:doIndex","Method:src/logdata/include/logdataworker.h:IndexingDataAccessor.setHeaderHash#2","CALLS",0.9,"import-resolved",0
"Method:src/logdata/src/logdataworker.cpp:doIndex","Method:src/logdata/include/filedigest.h:FileDigest.digest#0","CALLS",0.9,"import-resolved",0
"Method:src/logdata/src/logdataworker.cpp:doIndex","Method:src/logdata/include/logdataworker.h:IndexingDataAccessor.setTailHash#3","CALLS",0.9,"import-resolved",0
"Method:src/logdata/src/logdataworker.cpp:doIndex","Method:src/logdata/include/filedigest.h:FileDigest.reset#0","CALLS",0.9,"import-resolved",0
"Method:src/logdata/src/logdataworker.cpp:doIndex","Method:src/logdata/src/logdataworker.cpp:allocatedSize#0","CALLS",0.95,"same-file",0
"Method:src/logdata/src/logdataworker.cpp:doIndex","Method:src/logdata/src/logdataworker.cpp:getNbLines#0","CALLS",0.95,"same-file",0
"Method:src/logdata/src/logdataworker.cpp:doIndex","Method:src/logdata/src/logdataworker.cpp:getMaxLength#0","CALLS",0.95,"same-file",0
"Method:src/logdata/src/logdataworker.cpp:run","Method:src/logdata/src/logdataworker.cpp:clear#0","CALLS",0.95,"same-file",0
"Method:src/logdata/src/logdataworker.cpp:run","Method:src/logdata/src/logdataworker.cpp:forceEncoding#1","CALLS",0.95,"same-file",0
"Method:src/logdata/src/logdataworker.cpp:run","Method:src/logdata/src/logdataworker.cpp:doIndex#1","CALLS",0.95,"same-file",0
"Method:src/logdata/src/logdataworker.cpp:run","Method:src/crash_handler/include/issuereporter.h:IssueReporter.askUserAndReportIssue#3","CALLS",0.9,"import-resolved",0
"Method:src/logdata/src/logdataworker.cpp:run","Method:src/logdata/src/logdataworker.cpp:getIndexedSize#0","CALLS",0.95,"same-file",0
"Method:src/logdata/src/logdataworker.cpp:run","Method:src/logdata/src/logdataworker.cpp:doCheckFileChanges#0","CALLS",0.95,"same-file",0
"Method:src/logdata/src/logdataworker.cpp:doCheckFileChanges","Method:src/logdata/src/logdataworker.cpp:getHash#0","CALLS",0.95,"same-file",0
"Method:src/logdata/src/logdataworker.cpp:doCheckFileChanges","Method:src/logdata/include/filedigest.h:FileDigest.addData#2","CALLS",0.9,"import-resolved",0
"Method:src/logdata/src/logdataworker.cpp:doCheckFileChanges","Method:src/logdata/include/filedigest.h:FileDigest.digest#0","CALLS",0.9,"import-resolved",0
"Method:src/logdata/src/logdataworker.cpp:doCheckFileChanges","Method:src/settings/include/configuration.h:Configuration.fastModificationDetection#0","CALLS",0.9,"import-resolved",0
"Method:src/logdata/src/logdataoperation.cpp:doStart","Method:src/logdata/include/logdataworker.h:LogDataWorker.attachFile#1","CALLS",0.9,"import-resolved",0
"Method:src/logdata/src/logdataoperation.cpp:doStart","Method:src/logdata/include/logdataworker.h:LogDataWorker.indexAll#1","CALLS",0.9,"import-resolved",0
"Method:src/logdata/src/logdataoperation.cpp:doStart","Method:src/logdata/include/logdataworker.h:LogDataWorker.indexAdditionalLines#0","CALLS",0.9,"import-resolved",0
"Method:src/logdata/src/logdataoperation.cpp:doStart","Method:src/logdata/include/logdataworker.h:LogDataWorker.checkFileChanges#0","CALLS",0.9,"import-resolved",0
"Method:src/logdata/src/logdataoperation.cpp:interrupt","Method:src/logdata/src/logdataoperation.cpp:interrupt#0","CALLS",0.95,"same-file",0
"Method:src/logdata/src/logdataoperation.cpp:shutdown","Method:src/logdata/src/logdataoperation.cpp:interrupt#0","CALLS",0.95,"same-file",0
"Method:src/logdata/src/logdataoperation.cpp:tryStartPendingOperation","Method:src/logdata/include/logdataoperation.h:LogDataOperation.start#1","CALLS",0.9,"import-resolved",0
"Method:src/logdata/src/logdataoperation.cpp:enqueueOperation","Method:src/logdata/src/logdataoperation.cpp:tryStartPendingOperation#0","CALLS",0.95,"same-file",0
"Method:src/logdata/src/logdataoperation.cpp:finishOperationAndStartNext","Method:src/logdata/src/logdataoperation.cpp:tryStartPendingOperation#0","CALLS",0.95,"same-file",0
"Method:src/logdata/src/logdata.cpp:LogData","Method:src/settings/include/configuration.h:Configuration.keepFileClosed#0","CALLS",0.9,"import-resolved",0
"Method:src/logdata/src/logdata.cpp:reload","Method:src/logdata/include/logdata.h:LogData.reOpenFile#0","CALLS",0.9,"import-resolved",0
"Method:src/logdata/src/logdata.cpp:fileChangedOnDisk","Method:src/logdata/include/logdata.h:LogData.reOpenFile#0","CALLS",0.9,"import-resolved",0
"Method:src/logdata/src/logdata.cpp:doGetLineLength","Method:src/logdata/src/logdata.cpp:doGetExpandedLineString#1","CALLS",0.95,"same-file",0
"Method:src/logdata/src/logdata.cpp:doSetDisplayEncoding","Method:src/logdata/include/encodingdetector.h:TextCodecHolder.mibEnum#0","CALLS",0.9,"import-resolved",0
"Method:src/logdata/src/logdata.cpp:doSetDisplayEncoding","Method:src/logdata/include/encodingdetector.h:EncodingParameters.EncodingParameters","CALLS",0.9,"import-resolved",0
"Method:src/logdata/src/logdata.cpp:doSetDisplayEncoding","Method:src/logdata/src/logdata.cpp:reload#1","CALLS",0.95,"same-file",0
"Method:src/logdata/src/logdata.cpp:doGetLineString","Method:src/logdata/src/logdata.cpp:doGetLines#2","CALLS",0.95,"same-file",0
"Method:src/logdata/src/logdata.cpp:doGetLineString","Method:src/ui/include/highlightedmatch.h:HighlightedMatchRanges.front#0","CALLS",0.5,"global",0
"Method:src/logdata/src/logdata.cpp:doGetExpandedLineString","Method:src/logdata/src/logdata.cpp:doGetLineString#1","CALLS",0.95,"same-file",0
"Method:src/logdata/src/logdata.cpp:doGetLines","Method:src/logdata/src/logdata.cpp:getLinesFromFile#3","CALLS",0.95,"same-file",0
"Method:src/logdata/src/logdata.cpp:doGetExpandedLines","Method:src/logdata/src/logdata.cpp:getLinesFromFile#3","CALLS",0.95,"same-file",0
"Method:src/logdata/src/logdata.cpp:getLinesRaw","Method:src/ui/include/highlightedmatch.h:HighlightedMatchRanges.back#0","CALLS",0.5,"global",0
"Method:src/logdata/src/logdata.cpp:getLinesRaw","Method:src/ui/src/abstractlogview.cpp:LineChunk.end#0","CALLS",0.5,"global",0
"Method:src/logdata/src/logdata.cpp:getLinesRaw","Method:src/logdata/include/fileholder.h:ScopedFileHolder.getFile#0","CALLS",0.9,"import-resolved",0
"Method:src/logdata/src/logdata.cpp:getLinesFromFile","Method:src/logdata/src/logdata.cpp:getLinesRaw#2","CALLS",0.95,"same-file",0
"Method:src/logdata/src/logdata.cpp:getLinesFromFile","Method:src/logdata/include/logdata.h:RawLines.decodeLines#0","CALLS",0.9,"import-resolved",0
"Method:src/logdata/src/fileholder.cpp:~FileHolder","Method:src/filewatch/include/filewatcher.h:FileWatcher.getFileWatcher#0","CALLS",0.9,"import-resolved",0
"Method:src/logdata/src/fileholder.cpp:~FileHolder","Method:src/filewatch/include/filewatcher.h:FileWatcher.removeFile#1","CALLS",0.9,"import-resolved",0
"Method:src/logdata/src/fileholder.cpp:size","Method:src/logdata/src/fileholder.cpp:size#0","CALLS",0.95,"same-file",0
"Method:src/logdata/src/fileholder.cpp:open","Method:src/logdata/src/fileholder.cpp:reOpenFile#0","CALLS",0.95,"same-file",0
"Method:src/logdata/src/fileholder.cpp:lock","Method:src/logdata/src/fileholder.cpp:lock#0","CALLS",0.95,"same-file",0
"Method:src/logdata/src/fileholder.cpp:unlock","Method:src/logdata/src/fileholder.cpp:unlock#0","CALLS",0.95,"same-file",0
"Method:src/logdata/src/fileholder.cpp:attachReader","Method:src/logdata/src/fileholder.cpp:reOpenFile#0","CALLS",0.95,"same-file",0
"Method:src/logdata/src/fileholder.cpp:reOpenFile","Method:src/logdata/src/fileholder.cpp:getFileId#1","CALLS",0.95,"same-file",0
"Method:src/logdata/src/encodingdetector.cpp:EncodingParameters","Method:src/logdata/include/encodingdetector.h:TextCodecHolder.mibEnum#0","CALLS",0.9,"import-resolved",0
"Method:src/logdata/src/encodingdetector.cpp:detectEncoding","Method:src/logdata/src/encodingdetector.cpp:UchardetHolder.handle_data#2","CALLS",0.95,"same-file",0
"Method:src/logdata/src/encodingdetector.cpp:detectEncoding","Method:src/logdata/src/encodingdetector.cpp:UchardetHolder.data_end#0","CALLS",0.95,"same-file",0
"Method:src/logdata/src/encodingdetector.cpp:detectEncoding","Method:src/logdata/src/encodingdetector.cpp:UchardetHolder.get_charset#0","CALLS",0.95,"same-file",0
"Method:src/logdata/src/encodingdetector.cpp:mibEnum","Method:src/logdata/src/encodingdetector.cpp:mibEnum#0","CALLS",0.95,"same-file",0
"Method:src/logdata/src/compressedlinestorage.cpp:CompressedLinePositionStorage","Method:src/logdata/src/compressedlinestorage.cpp:move_from#1","CALLS",0.95,"same-file",0
"Method:src/logdata/src/compressedlinestorage.cpp:operator=","Method:src/logdata/src/compressedlinestorage.cpp:move_from#1","CALLS",0.95,"same-file",0
"Method:src/logdata/src/compressedlinestorage.cpp:append","Method:src/logdata/include/compressedlinestorage.h:CompressedLinePositionStorage.push_back#1","CALLS",0.9,"import-resolved",0
"Method:src/logdata/src/compressedlinestorage.cpp:append","Method:src/ui/include/highlightedmatch.h:HighlightedMatchRanges.front#0","CALLS",0.5,"global",0
"Method:src/logdata/src/compressedlinestorage.cpp:append","Method:src/logdata/include/compressedlinestorage.h:CompressedLinePositionStorage.size#0","CALLS",0.9,"import-resolved",0
"Method:src/logdata/src/compressedlinestorage.cpp:append","Method:src/logdata/src/compressedlinestorage.cpp:compress_current_block#0","CALLS",0.95,"same-file",0
"Method:src/logdata/src/compressedlinestorage.cpp:compress_current_block","Method:src/ui/include/highlightedmatch.h:HighlightedMatchRanges.front#0","CALLS",0.5,"global",0
"Method:src/logdata/src/compressedlinestorage.cpp:at","Method:src/logdata/include/compressedlinestorage.h:CompressedLinePositionStorage.size#0","CALLS",0.9,"import-resolved",0
"Method:src/logdata/src/compressedlinestorage.cpp:append_list","Method:src/logdata/src/compressedlinestorage.cpp:append#1","CALLS",0.95,"same-file",0
"Method:src/logdata/src/compressedlinestorage.cpp:uncompress_last_block","Method:src/ui/include/highlightedmatch.h:HighlightedMatchRanges.back#0","CALLS",0.5,"global",0
"Method:src/logdata/src/compressedlinestorage.cpp:uncompress_last_block","Method:src/ui/src/abstractlogview.cpp:LineChunk.end#0","CALLS",0.5,"global",0
"Method:src/logdata/src/compressedlinestorage.cpp:uncompress_last_block","Method:src/logdata/src/compressedlinestorage.cpp:pop_back#0","CALLS",0.95,"same-file",0
"Method:src/logdata/src/compressedlinestorage.cpp:pop_back","Method:src/logdata/src/compressedlinestorage.cpp:uncompress_last_block#0","CALLS",0.95,"same-file",0
"Method:src/logdata/src/compressedlinestorage.cpp:pop_back","Method:src/logdata/src/compressedlinestorage.cpp:pop_back#0","CALLS",0.95,"same-file",0
"Method:src/logdata/src/compressedlinestorage.cpp:pop_back","Method:src/logdata/src/compressedlinestorage.cpp:at#1","CALLS",0.95,"same-file",0
"Method:src/logdata/src/compressedlinestorage.cpp:allocatedSize","Method:src/logdata/include/compressedlinestorage.h:CompressedLinePositionStorage.size#0","CALLS",0.9,"import-resolved",0
"Method:src/logdata/src/compressedlinestorage.cpp:range","Method:src/logdata/include/compressedlinestorage.h:CompressedLinePositionStorage.size#0","CALLS",0.9,"import-resolved",0
"Method:src/logdata/src/abstractlogdata.cpp:getLineString","Method:src/logdata/include/abstractlogdata.h:AbstractLogData.doGetLineString#1","CALLS",0.9,"import-resolved",0
"Method:src/logdata/src/abstractlogdata.cpp:getExpandedLineString","Method:src/logdata/include/abstractlogdata.h:AbstractLogData.doGetExpandedLineString#1","CALLS",0.9,"import-resolved",0
"Method:src/logdata/src/abstractlogdata.cpp:getLines","Method:src/logdata/include/abstractlogdata.h:AbstractLogData.doGetLines#2","CALLS",0.9,"import-resolved",0
"Method:src/logdata/src/abstractlogdata.cpp:getExpandedLines","Method:src/logdata/include/abstractlogdata.h:AbstractLogData.doGetExpandedLines#2","CALLS",0.9,"import-resolved",0
"Method:src/logdata/src/abstractlogdata.cpp:getLineNumber","Method:src/logdata/include/abstractlogdata.h:AbstractLogData.doGetLineNumber#1","CALLS",0.9,"import-resolved",0
"Method:src/logdata/src/abstractlogdata.cpp:getNbLine","Method:src/logdata/include/abstractlogdata.h:AbstractLogData.doGetNbLine#0","CALLS",0.9,"import-resolved",0
"Method:src/logdata/src/abstractlogdata.cpp:getMaxLength","Method:src/logdata/include/abstractlogdata.h:AbstractLogData.doGetMaxLength#0","CALLS",0.9,"import-resolved",0
"Method:src/logdata/src/abstractlogdata.cpp:getLineLength","Method:src/logdata/include/abstractlogdata.h:AbstractLogData.doGetLineLength#1","CALLS",0.9,"import-resolved",0
"Method:src/logdata/src/abstractlogdata.cpp:setDisplayEncoding","Method:src/logdata/include/abstractlogdata.h:AbstractLogData.doSetDisplayEncoding#1","CALLS",0.9,"import-resolved",0
"Method:src/logdata/src/abstractlogdata.cpp:getDisplayEncoding","Method:src/logdata/include/abstractlogdata.h:AbstractLogData.doGetDisplayEncoding#0","CALLS",0.9,"import-resolved",0
"Method:src/logdata/src/abstractlogdata.cpp:attachReader","Method:src/logdata/include/abstractlogdata.h:AbstractLogData.doAttachReader#0","CALLS",0.9,"import-resolved",0
"Method:src/logdata/src/abstractlogdata.cpp:detachReader","Method:src/logdata/include/abstractlogdata.h:AbstractLogData.doDetachReader#0","CALLS",0.9,"import-resolved",0
"Method:src/logdata/include/linepositionarray.h:SimpleLinePositionStorage.append#1","Method:src/logdata/include/linepositionarray.h:SimpleLinePositionStorage.push_back#1","CALLS",0.95,"same-file",0
"Method:src/logdata/include/linepositionarray.h:SimpleLinePositionStorage.append_list#1","Method:src/ui/src/abstractlogview.cpp:LineChunk.end#0","CALLS",0.5,"global",0
"Method:src/logdata/include/linepositionarray.h:SimpleLinePositionStorage.pop_back#0","Method:src/logdata/include/linepositionarray.h:SimpleLinePositionStorage.pop_back#0","CALLS",0.95,"same-file",0
"Method:src/logdata/include/linepositionarray.h:LinePosition.append#1","Method:src/logdata/include/linepositionarray.h:SimpleLinePositionStorage.pop_back#0","CALLS",0.95,"same-file",0
"Method:src/logdata/include/linepositionarray.h:LinePosition.append#1","Method:src/logdata/include/linepositionarray.h:SimpleLinePositionStorage.push_back#1","CALLS",0.95,"same-file",0
"Method:src/logdata/include/linepositionarray.h:LinePosition.append_list#1","Method:src/logdata/include/linepositionarray.h:SimpleLinePositionStorage.pop_back#0","CALLS",0.95,"same-file",0
"Method:src/logdata/include/compressedlinestorage.h:CompressedLinePositionStorage.push_back#1","Method:src/logdata/include/compressedlinestorage.h:CompressedLinePositionStorage.append#1","CALLS",0.95,"same-file",0
"Method:src/filewatch/src/filewatcher.cpp:EfswFileWatcher.addFile#1","Method:src/ui/src/abstractlogview.cpp:LineChunk.end#0","CALLS",0.5,"global",0
"Method:src/filewatch/src/filewatcher.cpp:EfswFileWatcher.removeFile#1","Method:src/ui/src/abstractlogview.cpp:LineChunk.end#0","CALLS",0.5,"global",0
"Method:src/filewatch/src/filewatcher.cpp:EfswFileWatcher.checkWatches#0","Method:src/filewatch/src/filewatcher.cpp:fileChangedOnDisk#1","CALLS",0.95,"same-file",0
"Method:src/filewatch/src/filewatcher.cpp:EfswFileWatcher.hasPollingOnlyWatches#0","Method:src/ui/src/abstractlogview.cpp:LineChunk.end#0","CALLS",0.5,"global",0
"Method:src/filewatch/src/filewatcher.cpp:EfswFileWatcher.handleFileAction#5","Method:src/filewatch/src/filewatcher.cpp:EfswFileWatcher.notifyOnFileAction#3","CALLS",0.95,"same-file",0
"Method:src/filewatch/src/filewatcher.cpp:EfswFileWatcher.notifyOnFileAction#3","Method:src/filewatch/src/filewatcher.cpp:EfswFileWatcher.findChangedFilename#3","CALLS",0.95,"same-file",0
"Method:src/filewatch/src/filewatcher.cpp:EfswFileWatcher.notifyOnFileAction#3","Method:src/filewatch/src/filewatcher.cpp:fileChangedOnDisk#1","CALLS",0.95,"same-file",0
"Method:src/filewatch/src/filewatcher.cpp:EfswFileWatcher.findChangedFilename#3","Method:src/ui/src/abstractlogview.cpp:LineChunk.end#0","CALLS",0.5,"global",0
"Method:src/filewatch/src/filewatcher.cpp:getFileWatcher","Method:src/filewatch/src/filewatcher.cpp:FileWatcher#0","CALLS",0.95,"same-file",0
"Method:src/filewatch/src/filewatcher.cpp:addFile","Method:src/filewatch/src/filewatcher.cpp:updateConfiguration#0","CALLS",0.95,"same-file",0
"Method:src/filewatch/src/filewatcher.cpp:removeFile","Method:src/filewatch/src/filewatcher.cpp:updateConfiguration#0","CALLS",0.95,"same-file",0
"Method:src/filewatch/src/filewatcher.cpp:fileChangedOnDisk","Method:src/ui/src/abstractlogview.cpp:LineChunk.end#0","CALLS",0.5,"global",0
"Method:src/filewatch/src/filewatcher.cpp:updateConfiguration","Method:src/filewatch/src/filewatcher.cpp:EfswFileWatcher.hasPollingOnlyWatches#0","CALLS",0.95,"same-file",0
"Method:src/filewatch/src/filewatcher.cpp:updateConfiguration","Method:src/logdata/include/logdataoperation.h:LogDataOperation.start#1","CALLS",0.5,"global",0
"Method:src/filewatch/src/filewatcher.cpp:updateConfiguration","Method:src/settings/include/configuration.h:Configuration.pollIntervalMs#0","CALLS",0.9,"import-resolved",0
"Method:src/filewatch/src/filewatcher.cpp:updateConfiguration","Method:src/filewatch/src/filewatcher.cpp:EfswFileWatcher.enableWatch#1","CALLS",0.95,"same-file",0
"Method:src/filewatch/src/filewatcher.cpp:updateConfiguration","Method:src/settings/include/configuration.h:Configuration.nativeFileWatchEnabled#0","CALLS",0.9,"import-resolved",0
"Method:src/logging/src/logger.cpp:Logger.enableLogging#2","Method:src/logging/src/logger.cpp:Logger.setMessageHandler#0","CALLS",0.95,"same-file",0
"Method:src/logging/src/logger.cpp:Logger.enableFileLogging#2","Method:src/logging/src/logger.cpp:Logger.setMessageHandler#0","CALLS",0.95,"same-file",0
"Method:src/logging/src/logger.cpp:Logger.needLogging#1","Method:src/logging/src/logger.cpp:Logger.isAnyEnabled#0","CALLS",0.95,"same-file",0
"Method:src/logging/src/logger.cpp:Logger.needLogging#1","Method:src/logging/src/logger.cpp:Logger.logLevel#1","CALLS",0.95,"same-file",0
"Method:src/logging/src/logger.cpp:Logger.setMessageHandler#0","Method:src/logging/src/logger.cpp:Logger.isAnyEnabled#0","CALLS",0.95,"same-file",0
"Method:src/crash_handler/src/issuereporter.cpp:askUserAndReportIssue","Method:src/crash_handler/src/issuereporter.cpp:reportIssue#3","CALLS",0.95,"same-file",0
"Method:src/crash_handler/src/crashhandler.cpp:CrashHandler","Method:src/logdata/include/logdataoperation.h:LogDataOperation.start#1","CALLS",0.5,"global",0
"Method:src/settings/src/persistentinfo.cpp:PersistentInfo#0","Method:src/settings/src/persistentinfo.cpp:PreparePortableSettings#1","CALLS",0.95,"same-file",0
"Method:src/settings/src/persistentinfo.cpp:PersistentInfo#0","Method:src/settings/src/persistentinfo.cpp:PrepareOsSettings#0","CALLS",0.95,"same-file",0
"Method:src/settings/src/persistentinfo.cpp:PersistentInfo#0","Method:src/settings/src/persistentinfo.cpp:UpdateSettings#0","CALLS",0.95,"same-file",0
"Method:src/settings/src/persistentinfo.cpp:PrepareOsSettings#0","Method:src/ui/include/startupprogress.h:StartupProgress.setValue#3","CALLS",0.5,"global",0
"Method:src/settings/src/persistentinfo.cpp:UpdateSettings#0","Method:src/ui/include/startupprogress.h:StartupProgress.setValue#3","CALLS",0.5,"global",0
"Method:src/settings/src/persistentinfo.cpp:getSettings#1","Method:src/settings/src/persistentinfo.cpp:getInstance#0","CALLS",0.95,"same-file",0
"Method:src/ui/src/viewtools.cpp:move#1","Method:src/ui/src/viewtools.cpp:decreasePosition#0","CALLS",0.95,"same-file",0
"Method:src/ui/src/viewtools.cpp:move#1","Method:src/ui/include/viewtools.h:ElasticHook.isHooked#0","CALLS",0.9,"import-resolved",0
"Method:src/ui/src/viewtools.cpp:timerEvent#1","Method:src/ui/src/viewtools.cpp:decreasePosition#0","CALLS",0.95,"same-file",0
"Method:src/ui/src/iconloader.cpp:loadPixmap#2","Method:src/ui/src/iconloader.cpp:shouldInvert#0","CALLS",0.95,"same-file",0
"Method:src/ui/src/iconloader.cpp:loadPixmap#2","Method:src/ui/src/iconloader.cpp:makeNonScalableFilename#3","CALLS",0.95,"same-file",0
"Method:src/ui/src/iconloader.cpp:loadPixmap#2","Method:src/ui/src/iconloader.cpp:shouldAutoInvert#1","CALLS",0.95,"same-file",0
"Method:src/ui/src/iconloader.cpp:loadPixmap#2","Method:src/ui/src/iconloader.cpp:invertPixmap#1","CALLS",0.95,"same-file",0
"Method:src/ui/src/signalmux.cpp:connect#3","Method:src/ui/src/signalmux.cpp:connect#1","CALLS",0.95,"same-file",0
"Method:src/ui/src/signalmux.cpp:disconnect#3","Method:src/ui/src/abstractlogview.cpp:LineChunk.end#0","CALLS",0.5,"global",0
"Method:src/ui/src/signalmux.cpp:disconnect#3","Method:src/ui/src/signalmux.cpp:disconnect#1","CALLS",0.95,"same-file",0
"Method:src/ui/src/signalmux.cpp:setCurrentDocument#1","Method:src/ui/src/signalmux.cpp:disconnect#1","CALLS",0.95,"same-file",0
"Method:src/ui/src/signalmux.cpp:setCurrentDocument#1","Method:src/ui/src/signalmux.cpp:connect#1","CALLS",0.95,"same-file",0
"Method:src/ui/src/signalmux.cpp:setCurrentDocument#1","Method:src/ui/include/signalmux.h:MuxableDocumentInterface.sendAllStateSignals#0","CALLS",0.9,"import-resolved",0
"Method:src/crash_handler/src/issuereporter.cpp:askUserAndReportIssue#3","Method:src/crash_handler/src/issuereporter.cpp:reportIssue#3","CALLS",0.95,"same-file",0
"Method:src/crash_handler/src/crashhandler.cpp:CrashHandler#0","Method:src/logdata/include/logdataoperation.h:LogDataOperation.start#1","CALLS",0.5,"global",0
"Method:src/ui/src/scratchpad.cpp:ScratchPad#1","Method:src/ui/src/scratchpad.cpp:decodeBase64#0","CALLS",0.95,"same-file",0
"Method:src/ui/src/scratchpad.cpp:ScratchPad#1","Method:src/ui/src/scratchpad.cpp:encodeBase64#0","CALLS",0.95,"same-file",0
"Method:src/ui/src/scratchpad.cpp:ScratchPad#1","Method:src/ui/src/scratchpad.cpp:decodeHex#0","CALLS",0.95,"same-file",0
"Method:src/ui/src/scratchpad.cpp:ScratchPad#1","Method:src/ui/src/scratchpad.cpp:encodeHex#0","CALLS",0.95,"same-file",0
"Method:src/ui/src/scratchpad.cpp:ScratchPad#1","Method:src/ui/src/scratchpad.cpp:decodeUrl#0","CALLS",0.95,"same-file",0
"Method:src/ui/src/scratchpad.cpp:ScratchPad#1","Method:src/ui/src/scratchpad.cpp:formatJson#0","CALLS",0.95,"same-file",0
"Method:src/ui/src/scratchpad.cpp:ScratchPad#1","Method:src/ui/src/scratchpad.cpp:formatXml#0","CALLS",0.95,"same-file",0
"Method:src/ui/src/scratchpad.cpp:ScratchPad#1","Method:src/ui/src/scratchpad.cpp:transformText#1","CALLS",0.95,"same-file",0
"Method:src/ui/src/scratchpad.cpp:ScratchPad#1","Method:src/ui/src/scratchpad.cpp:DateTimeBox.displayTime#1","CALLS",0.95,"same-file",0
"Method:src/ui/src/scratchpad.cpp:ScratchPad#1","Method:src/ui/include/viewtools.h:ElasticHook.release#0","CALLS",0.5,"global",0
"Method:src/ui/src/scratchpad.cpp:decodeUrl#0","Method:src/ui/src/scratchpad.cpp:transformTextInPlace#1","CALLS",0.95,"same-file",0
"Method:src/ui/src/scratchpad.cpp:decodeBase64#0","Method:src/ui/src/scratchpad.cpp:transformTextInPlace#1","CALLS",0.95,"same-file",0
"Method:src/ui/src/scratchpad.cpp:decodeBase64#0","Method:src/ui/src/abstractlogview.cpp:LineChunk.end#0","CALLS",0.5,"global",0
"Method:src/ui/src/scratchpad.cpp:encodeBase64#0","Method:src/ui/src/scratchpad.cpp:transformTextInPlace#1","CALLS",0.95,"same-file",0
"Method:src/ui/src/scratchpad.cpp:decodeHex#0","Method:src/ui/src/scratchpad.cpp:transformTextInPlace#1","CALLS",0.95,"same-file",0
"Method:src/ui/src/scratchpad.cpp:decodeHex#0","Method:src/ui/src/abstractlogview.cpp:LineChunk.end#0","CALLS",0.5,"global",0
"Method:src/ui/src/scratchpad.cpp:encodeHex#0","Method:src/ui/src/scratchpad.cpp:transformTextInPlace#1","CALLS",0.95,"same-file",0
"Method:src/ui/src/scratchpad.cpp:crc32Hex#0","Method:src/ui/src/scratchpad.cpp:transformText#1","CALLS",0.95,"same-file",0
"Method:src/ui/src/scratchpad.cpp:crc32Hex#0","Method:src/utils/include/crc32.h:Crc32.calculate#1","CALLS",0.9,"import-resolved",0
"Method:src/ui/src/scratchpad.cpp:crc32Dec#0","Method:src/ui/src/scratchpad.cpp:transformText#1","CALLS",0.95,"same-file",0
"Method:src/ui/src/scratchpad.cpp:crc32Dec#0","Method:src/utils/include/crc32.h:Crc32.calculate#1","CALLS",0.9,"import-resolved",0
"Method:src/ui/src/scratchpad.cpp:fileTime#0","Method:src/ui/src/scratchpad.cpp:transformText#1","CALLS",0.95,"same-file",0
"Method:src/ui/src/scratchpad.cpp:decToHex#0","Method:src/ui/src/scratchpad.cpp:transformText#1","CALLS",0.95,"same-file",0
"Method:src/ui/src/scratchpad.cpp:hexToDec#0","Method:src/ui/src/scratchpad.cpp:transformText#1","CALLS",0.95,"same-file",0
"Method:src/ui/src/scratchpad.cpp:formatJson#0","Method:src/ui/src/scratchpad.cpp:transformTextInPlace#1","CALLS",0.95,"same-file",0
"Method:src/ui/src/scratchpad.cpp:formatJson#0","Method:src/ui/include/wrappedstring.h:WrappedString.mid#2","CALLS",0.5,"global",0
"Method:src/ui/src/scratchpad.cpp:formatXml#0","Method:src/ui/src/scratchpad.cpp:transformTextInPlace#1","CALLS",0.95,"same-file",0
"Method:src/ui/src/scratchpad.cpp:DateTimeBox::DateTimeBox#0","Method:src/ui/src/scratchpad.cpp:DateTimeBox.displayTime#0","CALLS",0.95,"same-file",0
"Method:src/ui/src/scratchpad.cpp:DateTimeBox::DateTimeBox#0","Method:src/ui/src/abstractlogview.cpp:LineChunk.end#0","CALLS",0.5,"global",0
"Method:src/ui/src/scratchpad.cpp:DateTimeBox::displayTime#1","Method:src/ui/src/scratchpad.cpp:DateTimeBox.displayTime#0","CALLS",0.95,"same-file",0
"Method:src/ui/src/infoline.cpp:paintEvent#1","Method:src/ui/src/infoline.cpp:paintEvent#1","CALLS",0.95,"same-file",0
"Method:src/logging/src/logger.cpp:Logger.enableLogging#2","Method:src/logging/src/logger.cpp:Logger.instance#0","CALLS",0.95,"same-file",0
"Method:src/logging/src/logger.cpp:Logger.enableFileLogging#2","Method:src/logging/src/logger.cpp:Logger.instance#0","CALLS",0.95,"same-file",0
"Method:src/logging/src/logger.cpp:Logger.needLogging#1","Method:src/logging/src/logger.cpp:Logger.instance#0","CALLS",0.95,"same-file",0
"Method:src/ui/src/scriptsupervisor.cpp:runScript#1","Method:src/ui/src/scriptsupervisor.cpp:resolveTargetInfo#3","CALLS",0.95,"same-file",0
"Method:src/ui/src/scriptsupervisor.cpp:runScript#1","Method:src/ui/src/scriptsupervisor.cpp:removeRun#1","CALLS",0.95,"same-file",0
"Method:src/ui/src/scriptsupervisor.cpp:runScript#1","Method:src/ui/src/scriptsupervisor.cpp:findRun#1","CALLS",0.95,"same-file",0
"Method:src/ui/src/scriptsupervisor.cpp:runScript#1","Method:src/ui/src/scriptsupervisor.cpp:startRunProcess#1","CALLS",0.95,"same-file",0
"Method:src/ui/src/scriptsupervisor.cpp:runGlobalScript#1","Method:src/ui/src/scriptsupervisor.cpp:findGlobalRun#0","CALLS",0.95,"same-file",0
"Method:src/ui/src/scriptsupervisor.cpp:runGlobalScript#1","Method:src/ui/src/scriptsupervisor.cpp:startRunProcess#1","CALLS",0.95,"same-file",0
"Method:src/ui/src/scriptsupervisor.cpp:stopScript#1","Method:src/ui/src/scriptsupervisor.cpp:setState#2","CALLS",0.95,"same-file",0
"Method:src/ui/src/scriptsupervisor.cpp:stopScript#1","Method:src/ui/src/scriptsupervisor.cpp:findRunForRequest#1","CALLS",0.95,"same-file",0
"Method:src/ui/src/scriptsupervisor.cpp:stopGlobalScript#0","Method:src/ui/src/scriptsupervisor.cpp:findGlobalRun#0","CALLS",0.95,"same-file",0
"Method:src/ui/src/scriptsupervisor.cpp:stopGlobalScript#0","Method:src/ui/src/scriptsupervisor.cpp:setState#2","CALLS",0.95,"same-file",0
"Method:src/ui/src/scriptsupervisor.cpp:scriptStatus#1","Method:src/ui/src/scriptsupervisor.cpp:allStatusPayloads#0","CALLS",0.95,"same-file",0
"Method:src/ui/src/scriptsupervisor.cpp:scriptStatus#1","Method:src/ui/src/scriptsupervisor.cpp:findRunForRequest#1","CALLS",0.95,"same-file",0
"Method:src/ui/src/scriptsupervisor.cpp:scriptStatus#1","Method:src/ui/src/scriptsupervisor.cpp:statusPayload#1","CALLS",0.95,"same-file",0
"Method:src/ui/src/scriptsupervisor.cpp:globalScriptStatus#0","Method:src/ui/src/scriptsupervisor.cpp:findGlobalRun#0","CALLS",0.95,"same-file",0
"Method:src/ui/src/scriptsupervisor.cpp:globalScriptStatus#0","Method:src/ui/src/scriptsupervisor.cpp:statusPayload#1","CALLS",0.95,"same-file",0
"Method:src/ui/src/scriptsupervisor.cpp:scriptSubscriptions#1","Method:src/ui/src/scriptsupervisor.cpp:allSubscriptionsPayloads#0","CALLS",0.95,"same-file",0
"Method:src/ui/src/scriptsupervisor.cpp:scriptSubscriptions#1","Method:src/ui/src/scriptsupervisor.cpp:findRunForRequest#1","CALLS",0.95,"same-file",0
"Method:src/ui/src/scriptsupervisor.cpp:scriptSubscriptions#1","Method:src/ui/src/scriptsupervisor.cpp:subscriptionsPayload#1","CALLS",0.95,"same-file",0
"Method:src/ui/src/scriptsupervisor.cpp:globalScriptSubscriptions#0","Method:src/ui/src/scriptsupervisor.cpp:findGlobalRun#0","CALLS",0.95,"same-file",0
"Method:src/ui/src/scriptsupervisor.cpp:globalScriptSubscriptions#0","Method:src/ui/src/scriptsupervisor.cpp:subscriptionsPayload#1","CALLS",0.95,"same-file",0
"Method:src/ui/src/scriptsupervisor.cpp:clearScriptSubscriptions#1","Method:src/ui/src/scriptsupervisor.cpp:findRunForRequest#1","CALLS",0.95,"same-file",0
"Method:src/ui/src/scriptsupervisor.cpp:clearGlobalScriptSubscriptions#0","Method:src/ui/src/scriptsupervisor.cpp:findGlobalRun#0","CALLS",0.95,"same-file",0
"Method:src/ui/src/scriptsupervisor.cpp:publishEvent#1","Method:src/ui/src/scriptsupervisor.cpp:eventMatchesSubscription#2","CALLS",0.95,"same-file",0
"Method:src/ui/src/scriptsupervisor.cpp:publishEvent#1","Method:src/ui/src/scriptsupervisor.cpp:sendRpcMessage#2","CALLS",0.95,"same-file",0
"Method:src/ui/src/scriptsupervisor.cpp:hasActiveScriptForTab#1","Method:src/ui/src/scriptsupervisor.cpp:findRun#1","CALLS",0.95,"same-file",0
"Method:src/ui/src/scriptsupervisor.cpp:scriptStatusForTab#1","Method:src/ui/src/scriptsupervisor.cpp:findRun#1","CALLS",0.95,"same-file",0
"Method:src/ui/src/scriptsupervisor.cpp:scriptStatusForTab#1","Method:src/ui/src/scriptsupervisor.cpp:statusPayload#1","CALLS",0.95,"same-file",0
"Method:src/ui/src/scriptsupervisor.cpp:scriptBindingForTab#1","Method:src/ui/src/scriptsupervisor.cpp:findRun#1","CALLS",0.95,"same-file",0
"Method:src/ui/src/scriptsupervisor.cpp:globalScriptStatusPayload#0","Method:src/ui/src/scriptsupervisor.cpp:findGlobalRun#0","CALLS",0.95,"same-file",0
"Method:src/ui/src/scriptsupervisor.cpp:globalScriptStatusPayload#0","Method:src/ui/src/scriptsupervisor.cpp:statusPayload#1","CALLS",0.95,"same-file",0
"Method:src/ui/src/scriptsupervisor.cpp:globalScriptBinding#0","Method:src/ui/src/scriptsupervisor.cpp:findGlobalRun#0","CALLS",0.95,"same-file",0
"Method:src/ui/src/scriptsupervisor.cpp:restoreScriptBinding#1","Method:src/ui/src/scriptsupervisor.cpp:removeRun#1","CALLS",0.95,"same-file",0
"Method:src/ui/src/scriptsupervisor.cpp:restoreScriptBinding#1","Method:src/ui/src/scriptsupervisor.cpp:findRun#1","CALLS",0.95,"same-file",0
"Method:src/ui/src/scriptsupervisor.cpp:restoreScriptBinding#1","Method:src/ui/src/scriptsupervisor.cpp:setState#2","CALLS",0.95,"same-file",0
"Method:src/ui/src/scriptsupervisor.cpp:restoreScriptBinding#1","Method:src/ui/src/scriptsupervisor.cpp:startRunProcess#1","CALLS",0.95,"same-file",0
"Method:src/ui/src/scriptsupervisor.cpp:restoreGlobalScriptBinding#1","Method:src/ui/src/scriptsupervisor.cpp:removeGlobalRun#0","CALLS",0.95,"same-file",0
"Method:src/ui/src/scriptsupervisor.cpp:restoreGlobalScriptBinding#1","Method:src/ui/src/scriptsupervisor.cpp:findGlobalRun#0","CALLS",0.95,"same-file",0
"Method:src/ui/src/scriptsupervisor.cpp:restoreGlobalScriptBinding#1","Method:src/ui/src/scriptsupervisor.cpp:setState#2","CALLS",0.95,"same-file",0
"Method:src/ui/src/scriptsupervisor.cpp:restoreGlobalScriptBinding#1","Method:src/ui/src/scriptsupervisor.cpp:startRunProcess#1","CALLS",0.95,"same-file",0
"Method:src/ui/src/scriptsupervisor.cpp:forgetTab#1","Method:src/ui/src/scriptsupervisor.cpp:removeRun#1","CALLS",0.95,"same-file",0
"Method:src/ui/src/scriptsupervisor.cpp:resolvePythonExecutable#0","Method:src/ui/src/scriptsupervisor.cpp:runtimeRoot#0","CALLS",0.95,"same-file",0
"Method:src/ui/src/scriptsupervisor.cpp:workerBootstrapPath#0","Method:src/ui/src/scriptsupervisor.cpp:runtimeRoot#0","CALLS",0.95,"same-file",0
"Method:src/ui/src/scriptsupervisor.cpp:findRun#1","Method:src/ui/src/abstractlogview.cpp:LineChunk.end#0","CALLS",0.5,"global",0
"Method:src/ui/src/scriptsupervisor.cpp:findGlobalRun#0","Method:src/ui/src/abstractlogview.cpp:LineChunk.end#0","CALLS",0.5,"global",0
"Method:src/ui/src/scriptsupervisor.cpp:findRunForRequest#1","Method:src/ui/src/scriptsupervisor.cpp:findRun#1","CALLS",0.95,"same-file",0
"Method:src/ui/src/scriptsupervisor.cpp:findRunForRequest#1","Method:src/ui/src/scriptsupervisor.cpp:resolveTargetInfo#3","CALLS",0.95,"same-file",0
"Method:src/ui/src/scriptsupervisor.cpp:removeRun#1","Method:src/ui/src/abstractlogview.cpp:LineChunk.end#0","CALLS",0.5,"global",0
"Method:src/ui/src/scriptsupervisor.cpp:removeGlobalRun#0","Method:src/ui/src/abstractlogview.cpp:LineChunk.end#0","CALLS",0.5,"global",0
"Method:src/ui/src/scriptsupervisor.cpp:appendOutputChunk#3","Method:src/ui/src/scriptsupervisor.cpp:appendOutputLine#2","CALLS",0.95,"same-file",0
"Method:src/ui/src/scriptsupervisor.cpp:statusPayload#1","Method:src/ui/src/scriptsupervisor.cpp:subscriptionsPayload#1","CALLS",0.95,"same-file",0
"Method:src/ui/src/scriptsupervisor.cpp:allStatusPayloads#0","Method:src/ui/src/scriptsupervisor.cpp:statusPayload#1","CALLS",0.95,"same-file",0
"Method:src/ui/src/scriptsupervisor.cpp:allSubscriptionsPayloads#0","Method:src/ui/src/scriptsupervisor.cpp:subscriptionsPayload#1","CALLS",0.95,"same-file",0
"Method:src/ui/src/scriptsupervisor.cpp:resolveTargetInfo#3","Method:src/ui/src/scriptsupervisor.cpp:resolveTargetInfo#2","CALLS",0.95,"same-file",0
"Method:src/ui/src/scriptsupervisor.cpp:resolveTargetInfo#3","Method:src/ui/include/commander.h:CommanderResult.ok#0","CALLS",0.5,"global",0
"Method:src/ui/src/scriptsupervisor.cpp:lifecycleTargetInfo#2","Method:src/ui/include/commander.h:CommanderResult.ok#0","CALLS",0.5,"global",0
"Method:src/ui/src/scriptsupervisor.cpp:startRunProcess#1","Method:src/ui/src/scriptsupervisor.cpp:beginListening#2","CALLS",0.95,"same-file",0
"Method:src/ui/src/scriptsupervisor.cpp:startRunProcess#1","Method:src/ui/src/scriptsupervisor.cpp:setState#2","CALLS",0.95,"same-file",0
"Method:src/ui/src/scriptsupervisor.cpp:startRunProcess#1","Method:src/ui/src/scriptsupervisor.cpp:resolvePythonExecutable#0","CALLS",0.95,"same-file",0
"Method:src/ui/src/scriptsupervisor.cpp:startRunProcess#1","Method:src/ui/src/scriptsupervisor.cpp:resetSocketState#1","CALLS",0.95,"same-file",0
"Method:src/ui/src/scriptsupervisor.cpp:startRunProcess#1","Method:src/ui/src/scriptsupervisor.cpp:workerBootstrapPath#0","CALLS",0.95,"same-file",0
"Method:src/ui/src/scriptsupervisor.cpp:startRunProcess#1","Method:src/ui/src/scriptsupervisor.cpp:handleNewConnection#1","CALLS",0.95,"same-file",0
"Method:src/ui/src/scriptsupervisor.cpp:startRunProcess#1","Method:src/ui/src/scriptsupervisor.cpp:handleProcessStarted#1","CALLS",0.95,"same-file",0
"Method:src/ui/src/scriptsupervisor.cpp:startRunProcess#1","Method:src/ui/src/scriptsupervisor.cpp:handleProcessFinished#3","CALLS",0.95,"same-file",0
"Method:src/ui/src/scriptsupervisor.cpp:startRunProcess#1","Method:src/ui/src/scriptsupervisor.cpp:handleProcessError#2","CALLS",0.95,"same-file",0
"Method:src/ui/src/scriptsupervisor.cpp:startRunProcess#1","Method:src/ui/src/scriptsupervisor.cpp:readProcessStdout#1","CALLS",0.95,"same-file",0
"Method:src/ui/src/scriptsupervisor.cpp:startRunProcess#1","Method:src/ui/src/scriptsupervisor.cpp:readProcessStderr#1","CALLS",0.95,"same-file",0
"Method:src/ui/src/scriptsupervisor.cpp:startRunProcess#1","Method:src/ui/src/scriptsupervisor.cpp:runtimeRoot#0","CALLS",0.95,"same-file",0
"Method:src/ui/src/scriptsupervisor.cpp:handleNewConnection#1","Method:src/ui/src/scriptsupervisor.cpp:findRun#1","CALLS",0.95,"same-file",0
"Method:src/ui/src/scriptsupervisor.cpp:handleNewConnection#1","Method:src/ui/src/scriptsupervisor.cpp:readSocketData#1","CALLS",0.95,"same-file",0
"Method:src/ui/src/scriptsupervisor.cpp:handleProcessStarted#1","Method:src/ui/src/scriptsupervisor.cpp:findRun#1","CALLS",0.95,"same-file",0
"Method:src/ui/src/scriptsupervisor.cpp:handleProcessStarted#1","Method:src/ui/src/scriptsupervisor.cpp:setState#2","CALLS",0.95,"same-file",0
"Method:src/ui/src/scriptsupervisor.cpp:handleProcessFinished#3","Method:src/ui/src/scriptsupervisor.cpp:findRun#1","CALLS",0.95,"same-file",0
"Method:src/ui/src/scriptsupervisor.cpp:handleProcessFinished#3","Method:src/ui/src/scriptsupervisor.cpp:appendOutputChunk#3","CALLS",0.95,"same-file",0
"Method:src/ui/src/scriptsupervisor.cpp:handleProcessFinished#3","Method:src/ui/src/scriptsupervisor.cpp:setState#2","CALLS",0.95,"same-file",0
"Method:src/ui/src/scriptsupervisor.cpp:handleProcessFinished#3","Method:src/ui/src/scriptsupervisor.cpp:resetSocketState#1","CALLS",0.95,"same-file",0
"Method:src/ui/src/scriptsupervisor.cpp:handleProcessError#2","Method:src/ui/src/scriptsupervisor.cpp:findRun#1","CALLS",0.95,"same-file",0
"Method:src/ui/src/scriptsupervisor.cpp:handleProcessError#2","Method:src/ui/src/scriptsupervisor.cpp:setState#2","CALLS",0.95,"same-file",0
"Method:src/ui/src/scriptsupervisor.cpp:readProcessStdout#1","Method:src/ui/src/scriptsupervisor.cpp:findRun#1","CALLS",0.95,"same-file",0
"Method:src/ui/src/scriptsupervisor.cpp:readProcessStdout#1","Method:src/ui/src/scriptsupervisor.cpp:appendOutputChunk#3","CALLS",0.95,"same-file",0
"Method:src/ui/src/scriptsupervisor.cpp:readProcessStderr#1","Method:src/ui/src/scriptsupervisor.cpp:findRun#1","CALLS",0.95,"same-file",0
"Method:src/ui/src/scriptsupervisor.cpp:readProcessStderr#1","Method:src/ui/src/scriptsupervisor.cpp:appendOutputChunk#3","CALLS",0.95,"same-file",0
"Method:src/ui/src/scriptsupervisor.cpp:readSocketData#1","Method:src/ui/src/scriptsupervisor.cpp:findRun#1","CALLS",0.95,"same-file",0
"Method:src/ui/src/scriptsupervisor.cpp:readSocketData#1","Method:src/ui/src/scriptsupervisor.cpp:appendOutputLine#2","CALLS",0.95,"same-file",0
"Method:src/ui/src/scriptsupervisor.cpp:readSocketData#1","Method:src/ui/src/scriptsupervisor.cpp:handleRpcMessage#2","CALLS",0.95,"same-file",0
"Method:src/ui/src/scriptsupervisor.cpp:handleRpcMessage#2","Method:src/ui/src/scriptsupervisor.cpp:sendRpcMessage#2","CALLS",0.95,"same-file",0
"Method:src/ui/src/scriptsupervisor.cpp:handleRpcMessage#2","Method:src/ui/src/scriptsupervisor.cpp:rpcErrorEnvelope#2","CALLS",0.95,"same-file",0
"Method:src/ui/src/scriptsupervisor.cpp:handleRpcMessage#2","Method:src/ui/src/scriptsupervisor.cpp:lifecycleTargetInfo#2","CALLS",0.95,"same-file",0
"Method:src/ui/src/scriptsupervisor.cpp:handleRpcMessage#2","Method:src/ui/src/scriptsupervisor.cpp:resolveTargetInfo#2","CALLS",0.95,"same-file",0
"Method:src/ui/src/scriptsupervisor.cpp:handleRpcMessage#2","Method:src/ui/src/scriptsupervisor.cpp:appendOutputLine#2","CALLS",0.95,"same-file",0
"Method:src/ui/src/scriptsupervisor.cpp:handleRpcMessage#2","Method:src/ui/src/scriptsupervisor.cpp:rpcResultEnvelope#2","CALLS",0.95,"same-file",0
"Method:src/ui/src/scriptsupervisor.cpp:clearSubscriptionsForTab#1","Method:src/ui/src/scriptsupervisor.cpp:findRun#1","CALLS",0.95,"same-file",0
"Method:src/ui/src/scriptrunnerwindow.cpp:ScriptRunnerWindow#2","Method:src/ui/src/scriptrunnerwindow.cpp:refreshFromSupervisor#0","CALLS",0.95,"same-file",0
"Method:src/ui/src/scriptrunnerwindow.cpp:runScript#0","Method:src/ui/src/scriptrunnerwindow.cpp:refreshFromSupervisor#0","CALLS",0.95,"same-file",0
"Method:src/ui/src/scriptrunnerwindow.cpp:runGlobalScript#0","Method:src/ui/src/scriptrunnerwindow.cpp:refreshFromSupervisor#0","CALLS",0.95,"same-file",0
"Method:src/ui/src/scriptrunnerwindow.cpp:rerunScript#0","Method:src/ui/src/scriptrunnerwindow.cpp:refreshFromSupervisor#0","CALLS",0.95,"same-file",0
"Method:src/ui/src/scriptrunnerwindow.cpp:rerunGlobalScript#0","Method:src/ui/src/scriptrunnerwindow.cpp:stopGlobalScript#0","CALLS",0.95,"same-file",0
"Method:src/ui/src/scriptrunnerwindow.cpp:rerunGlobalScript#0","Method:src/ui/src/scriptrunnerwindow.cpp:refreshFromSupervisor#0","CALLS",0.95,"same-file",0
"Method:src/ui/src/scriptrunnerwindow.cpp:stopScript#0","Method:src/ui/src/scriptrunnerwindow.cpp:refreshFromSupervisor#0","CALLS",0.95,"same-file",0
"Method:src/ui/src/scriptrunnerwindow.cpp:stopGlobalScript#0","Method:src/ui/src/scriptrunnerwindow.cpp:stopGlobalScript#0","CALLS",0.95,"same-file",0
"Method:src/ui/src/scriptrunnerwindow.cpp:stopGlobalScript#0","Method:src/ui/src/scriptrunnerwindow.cpp:refreshFromSupervisor#0","CALLS",0.95,"same-file",0
"Method:src/ui/src/scriptrunnerwindow.cpp:refreshFromSupervisor#0","Method:src/ui/include/scriptsupervisor.h:ScriptSupervisor.scriptStatus#1","CALLS",0.9,"import-resolved",0
"Method:src/ui/src/scriptrunnerwindow.cpp:refreshFromSupervisor#0","Method:src/ui/include/scriptsupervisor.h:ScriptSupervisor.globalScriptStatusPayload#0","CALLS",0.9,"import-resolved",0
"Method:src/ui/src/scriptrunnerwindow.cpp:refreshFromSupervisor#0","Method:src/ui/src/scriptrunnerwindow.cpp:selectedRunChanged#0","CALLS",0.95,"same-file",0
"Method:src/ui/src/scenariorunnerwindow.cpp:ScenarioRunnerWindow#2","Method:src/ui/src/scenariorunnerwindow.cpp:loadUiState#0","CALLS",0.95,"same-file",0
"Method:src/ui/src/scenariorunnerwindow.cpp:ScenarioRunnerWindow#2","Method:src/ui/src/scenariorunnerwindow.cpp:refreshFromRunner#0","CALLS",0.95,"same-file",0
"Method:src/ui/src/scenariorunnerwindow.cpp:browseScenarioFile#0","Method:src/ui/src/scenariorunnerwindow.cpp:pushRecentScenario#1","CALLS",0.95,"same-file",0
"Method:src/ui/src/scenariorunnerwindow.cpp:browseScenarioFile#0","Method:src/ui/src/scenariorunnerwindow.cpp:saveUiState#0","CALLS",0.95,"same-file",0
"Method:src/ui/src/scenariorunnerwindow.cpp:browseScenarioArgsFile#0","Method:src/ui/src/scenariorunnerwindow.cpp:saveUiState#0","CALLS",0.95,"same-file",0
"Method:src/ui/src/scenariorunnerwindow.cpp:browseSuiteFile#0","Method:src/ui/src/scenariorunnerwindow.cpp:loadSuiteFile#1","CALLS",0.95,"same-file",0
"Method:src/ui/src/scenariorunnerwindow.cpp:createSuiteFile#0","Method:src/ui/src/scenariorunnerwindow.cpp:saveSuiteFile#1","CALLS",0.95,"same-file",0
"Method:src/ui/src/scenariorunnerwindow.cpp:createSuiteFile#0","Method:src/ui/src/scenariorunnerwindow.cpp:saveUiState#0","CALLS",0.95,"same-file",0
"Method:src/ui/src/scenariorunnerwindow.cpp:runScenario#0","Method:src/ui/src/scenariorunnerwindow.cpp:saveUiState#0","CALLS",0.95,"same-file",0
"Method:src/ui/src/scenariorunnerwindow.cpp:runScenario#0","Method:src/ui/src/scenariorunnerwindow.cpp:refreshFromRunner#0","CALLS",0.95,"same-file",0
"Method:src/ui/src/scenariorunnerwindow.cpp:runSuite#0","Method:src/ui/src/scenariorunnerwindow.cpp:saveSuiteFile#1","CALLS",0.95,"same-file",0
"Method:src/ui/src/scenariorunnerwindow.cpp:runSuite#0","Method:src/ui/src/scenariorunnerwindow.cpp:saveUiState#0","CALLS",0.95,"same-file",0
"Method:src/ui/src/scenariorunnerwindow.cpp:runSuite#0","Method:src/ui/src/scenariorunnerwindow.cpp:refreshFromRunner#0","CALLS",0.95,"same-file",0
"Method:src/ui/src/scenariorunnerwindow.cpp:stopScenarioRun#0","Method:src/ui/include/scenariorunner.h:ScenarioRunner.stopRun#0","CALLS",0.9,"import-resolved",0
"Method:src/ui/src/scenariorunnerwindow.cpp:stopScenarioRun#0","Method:src/ui/src/scenariorunnerwindow.cpp:refreshFromRunner#0","CALLS",0.95,"same-file",0
"Method:src/ui/src/scenariorunnerwindow.cpp:openJsonReport#0","Method:src/ui/include/scenariorunner.h:ScenarioRunner.statusPayload#0","CALLS",0.9,"import-resolved",0
"Method:src/ui/src/scenariorunnerwindow.cpp:openJunitReport#0","Method:src/ui/include/scenariorunner.h:ScenarioRunner.statusPayload#0","CALLS",0.9,"import-resolved",0
"Method:src/ui/src/scenariorunnerwindow.cpp:addSuiteScenario#0","Method:src/ui/src/scenariorunnerwindow.cpp:updateItemText#1","CALLS",0.95,"same-file",0
"Method:src/ui/src/scenariorunnerwindow.cpp:addSuiteScenario#0","Method:src/ui/src/scenariorunnerwindow.cpp:pushRecentScenario#1","CALLS",0.95,"same-file",0
"Method:src/ui/src/scenariorunnerwindow.cpp:addSuiteScenario#0","Method:src/ui/src/scenariorunnerwindow.cpp:saveUiState#0","CALLS",0.95,"same-file",0
"Method:src/ui/src/scenariorunnerwindow.cpp:removeSuiteScenario#0","Method:src/ui/src/scenariorunnerwindow.cpp:suiteSelectionChanged#0","CALLS",0.95,"same-file",0
"Method:src/ui/src/scenariorunnerwindow.cpp:browseSelectedScenarioArgs#0","Method:src/ui/include/viewinterface.h:ViewInterface.setData#2","CALLS",0.5,"global",0
"Method:src/ui/src/scenariorunnerwindow.cpp:browseSelectedScenarioArgs#0","Method:src/ui/src/scenariorunnerwindow.cpp:updateItemText#1","CALLS",0.95,"same-file",0
"Method:src/ui/src/scenariorunnerwindow.cpp:clearSelectedScenarioArgs#0","Method:src/ui/include/viewinterface.h:ViewInterface.setData#2","CALLS",0.5,"global",0
"Method:src/ui/src/scenariorunnerwindow.cpp:clearSelectedScenarioArgs#0","Method:src/ui/src/scenariorunnerwindow.cpp:updateItemText#1","CALLS",0.95,"same-file",0
"Method:src/ui/src/scenariorunnerwindow.cpp:saveSuite#0","Method:src/ui/src/scenariorunnerwindow.cpp:createSuiteFile#0","CALLS",0.95,"same-file",0
"Method:src/ui/src/scenariorunnerwindow.cpp:saveSuite#0","Method:src/ui/src/scenariorunnerwindow.cpp:saveSuiteFile#1","CALLS",0.95,"same-file",0
"Method:src/ui/src/scenariorunnerwindow.cpp:saveSuite#0","Method:src/ui/src/scenariorunnerwindow.cpp:saveUiState#0","CALLS",0.95,"same-file",0
"Method:src/ui/src/scenariorunnerwindow.cpp:deleteSuite#0","Method:src/ui/src/scenariorunnerwindow.cpp:saveUiState#0","CALLS",0.95,"same-file",0
"Method:src/ui/src/scenariorunnerwindow.cpp:suiteItemChanged#1","Method:src/ui/src/scenariorunnerwindow.cpp:updateItemText#1","CALLS",0.95,"same-file",0
"Method:src/ui/src/scenariorunnerwindow.cpp:refreshFromRunner#0","Method:src/ui/include/scenariorunner.h:ScenarioRunner.statusPayload#0","CALLS",0.9,"import-resolved",0
"Method:src/ui/src/scenariorunnerwindow.cpp:loadUiState#0","Method:src/ui/src/scenariorunnerwindow.cpp:loadSuiteFile#1","CALLS",0.95,"same-file",0
"Method:src/ui/src/scenariorunnerwindow.cpp:updateItemText#1","Method:src/ui/src/scenariorunnerwindow.cpp:suiteEntryFromItem#1","CALLS",0.95,"same-file",0
"Method:src/ui/src/scenariorunnerwindow.cpp:loadSuiteFile#1","Method:src/ui/src/scenariorunnerwindow.cpp:updateItemText#1","CALLS",0.95,"same-file",0
"Method:src/ui/src/scenariorunnerwindow.cpp:loadSuiteFile#1","Method:src/ui/src/scenariorunnerwindow.cpp:suiteSelectionChanged#0","CALLS",0.95,"same-file",0
"Method:src/ui/src/scenariorunnerwindow.cpp:loadSuiteFile#1","Method:src/ui/src/scenariorunnerwindow.cpp:saveUiState#0","CALLS",0.95,"same-file",0
"Method:src/ui/src/scenariorunnerwindow.cpp:saveSuiteFile#1","Method:src/ui/src/scenariorunnerwindow.cpp:suiteEntryFromItem#1","CALLS",0.95,"same-file",0
"Method:src/ui/src/scenariorunner.cpp:runScenario#1","Method:src/ui/src/scenariorunner.cpp:resetRunState#0","CALLS",0.95,"same-file",0
"Method:src/ui/src/scenariorunner.cpp:runScenario#1","Method:src/ui/src/scenariorunner.cpp:startProcess#1","CALLS",0.95,"same-file",0
"Method:src/ui/src/scenariorunner.cpp:runScenario#1","Method:src/ui/src/scenariorunner.cpp:scenarioBootstrapPath#0","CALLS",0.95,"same-file",0
"Method:src/ui/src/scenariorunner.cpp:runSuite#1","Method:src/ui/src/scenariorunner.cpp:resetRunState#0","CALLS",0.95,"same-file",0
"Method:src/ui/src/scenariorunner.cpp:runSuite#1","Method:src/ui/src/scenariorunner.cpp:startProcess#1","CALLS",0.95,"same-file",0
"Method:src/ui/src/scenariorunner.cpp:runSuite#1","Method:src/ui/src/scenariorunner.cpp:scenarioBootstrapPath#0","CALLS",0.95,"same-file",0
"Method:src/ui/src/scenariorunner.cpp:stopRun#0","Method:src/ui/src/scenariorunner.cpp:setState#1","CALLS",0.95,"same-file",0
"Method:src/ui/src/scenariorunner.cpp:status#0","Method:src/ui/src/scenariorunner.cpp:statusPayload#0","CALLS",0.95,"same-file",0
"Method:src/ui/src/scenariorunner.cpp:report#0","Method:src/ui/src/scenariorunner.cpp:reportPayload#0","CALLS",0.95,"same-file",0
"Method:src/ui/src/scenariorunner.cpp:publishEvent#1","Method:src/ui/src/scenariorunner.cpp:eventMatchesSubscription#2","CALLS",0.95,"same-file",0
"Method:src/ui/src/scenariorunner.cpp:publishEvent#1","Method:src/ui/src/scenariorunner.cpp:sendRpcMessage#1","CALLS",0.95,"same-file",0
"Method:src/ui/src/scenariorunner.cpp:resolvePythonExecutable#0","Method:src/ui/src/scenariorunner.cpp:runtimeRoot#0","CALLS",0.95,"same-file",0
"Method:src/ui/src/scenariorunner.cpp:scenarioBootstrapPath#0","Method:src/ui/src/scenariorunner.cpp:runtimeRoot#0","CALLS",0.95,"same-file",0
"Method:src/ui/src/scenariorunner.cpp:startProcess#1","Method:src/ui/src/scenariorunner.cpp:beginListening#1","CALLS",0.95,"same-file",0
"Method:src/ui/src/scenariorunner.cpp:startProcess#1","Method:src/ui/src/scenariorunner.cpp:setState#1","CALLS",0.95,"same-file",0
"Method:src/ui/src/scenariorunner.cpp:startProcess#1","Method:src/ui/src/scenariorunner.cpp:resolvePythonExecutable#0","CALLS",0.95,"same-file",0
"Method:src/ui/src/scenariorunner.cpp:startProcess#1","Method:src/ui/src/scenariorunner.cpp:resetSocketState#0","CALLS",0.95,"same-file",0
"Method:src/ui/src/scenariorunner.cpp:startProcess#1","Method:src/ui/src/scenariorunner.cpp:runtimeRoot#0","CALLS",0.95,"same-file",0
"Method:src/ui/src/scenariorunner.cpp:handleProcessStarted#0","Method:src/ui/src/scenariorunner.cpp:setState#1","CALLS",0.95,"same-file",0
"Method:src/ui/src/scenariorunner.cpp:handleProcessFinished#2","Method:src/ui/src/scenariorunner.cpp:appendOutputChunk#2","CALLS",0.95,"same-file",0
"Method:src/ui/src/scenariorunner.cpp:handleProcessFinished#2","Method:src/ui/src/scenariorunner.cpp:setState#1","CALLS",0.95,"same-file",0
"Method:src/ui/src/scenariorunner.cpp:handleProcessFinished#2","Method:src/ui/src/scenariorunner.cpp:buildSyntheticReport#0","CALLS",0.95,"same-file",0
"Method:src/ui/src/scenariorunner.cpp:handleProcessFinished#2","Method:src/ui/src/scenariorunner.cpp:resetSocketState#0","CALLS",0.95,"same-file",0
"Method:src/ui/src/scenariorunner.cpp:handleProcessError#1","Method:src/ui/src/scenariorunner.cpp:setState#1","CALLS",0.95,"same-file",0
"Method:src/ui/src/scenariorunner.cpp:readProcessStdout#0","Method:src/ui/src/scenariorunner.cpp:appendOutputChunk#2","CALLS",0.95,"same-file",0
"Method:src/ui/src/scenariorunner.cpp:readProcessStderr#0","Method:src/ui/src/scenariorunner.cpp:appendOutputChunk#2","CALLS",0.95,"same-file",0
"Method:src/ui/src/scenariorunner.cpp:readSocketData#0","Method:src/ui/src/scenariorunner.cpp:appendOutputLine#1","CALLS",0.95,"same-file",0
"Method:src/ui/src/scenariorunner.cpp:readSocketData#0","Method:src/ui/src/scenariorunner.cpp:handleRpcMessage#1","CALLS",0.95,"same-file",0
"Method:src/ui/src/scenariorunner.cpp:handleRpcMessage#1","Method:src/ui/src/scenariorunner.cpp:sendRpcMessage#1","CALLS",0.95,"same-file",0
"Method:src/ui/src/scenariorunner.cpp:handleRpcMessage#1","Method:src/ui/src/scenariorunner.cpp:rpcErrorEnvelope#2","CALLS",0.95,"same-file",0
"Method:src/ui/src/scenariorunner.cpp:handleRpcMessage#1","Method:src/ui/src/scenariorunner.cpp:rpcResultEnvelope#2","CALLS",0.95,"same-file",0
"Method:src/ui/src/scenariorunner.cpp:appendOutputChunk#2","Method:src/ui/src/scenariorunner.cpp:appendOutputLine#1","CALLS",0.95,"same-file",0
"Method:src/ui/src/scenariorunner.cpp:resetRunState#0","Method:src/ui/src/scenariorunner.cpp:resetSocketState#0","CALLS",0.95,"same-file",0
"Method:src/ui/src/actionsrepository.cpp:load#0","Method:src/ui/src/actionsrepository.cpp:storagePath#0","CALLS",0.95,"same-file",0
"Method:src/ui/src/actionsrepository.cpp:load#0","Method:src/ui/include/actionsconfigparser.h:ActionsConfigParser.parseFile#1","CALLS",0.9,"import-resolved",0
"Method:src/ui/src/actionsconfigparser.cpp:parseFile#1","Method:src/ui/src/actionsconfigparser.cpp:parseJson#1","CALLS",0.95,"same-file",0
"Method:src/ui/include/wrappedstring.h:WrappedString.WrappedString#2","Method:src/ui/include/wrappedstring.h:WrappedString.isEmpty#0","CALLS",0.95,"same-file",0
"Method:src/ui/src/previewconfigparser.cpp:parseFile#1","Method:src/ui/src/previewconfigparser.cpp:parseJson#1","CALLS",0.95,"same-file",0
"Method:src/logdata/src/fileholder.cpp:~FileHolder#0","Method:src/filewatch/include/filewatcher.h:FileWatcher.getFileWatcher#0","CALLS",0.9,"import-resolved",0
"Method:src/logdata/src/fileholder.cpp:~FileHolder#0","Method:src/filewatch/include/filewatcher.h:FileWatcher.removeFile#1","CALLS",0.9,"import-resolved",0
"Method:src/logdata/src/fileholder.cpp:size#0","Method:src/logdata/src/fileholder.cpp:size#0","CALLS",0.95,"same-file",0
"Method:src/logdata/src/fileholder.cpp:open#1","Method:src/logdata/src/fileholder.cpp:reOpenFile#0","CALLS",0.95,"same-file",0
"Method:src/logdata/src/fileholder.cpp:lock#0","Method:src/logdata/src/fileholder.cpp:lock#0","CALLS",0.95,"same-file",0
"Method:src/logdata/src/fileholder.cpp:unlock#0","Method:src/logdata/src/fileholder.cpp:unlock#0","CALLS",0.95,"same-file",0
"Method:src/logdata/src/fileholder.cpp:attachReader#0","Method:src/logdata/src/fileholder.cpp:reOpenFile#0","CALLS",0.95,"same-file",0
"Method:src/logdata/src/fileholder.cpp:reOpenFile#0","Method:src/logdata/src/fileholder.cpp:getFileId#1","CALLS",0.95,"same-file",0
"Method:src/logdata/src/encodingdetector.cpp:EncodingParameters#1","Method:src/logdata/include/encodingdetector.h:TextCodecHolder.mibEnum#0","CALLS",0.9,"import-resolved",0
"Method:src/logdata/src/encodingdetector.cpp:detectEncoding#1","Method:src/logdata/src/encodingdetector.cpp:UchardetHolder.handle_data#2","CALLS",0.95,"same-file",0
"Method:src/logdata/src/encodingdetector.cpp:detectEncoding#1","Method:src/logdata/src/encodingdetector.cpp:UchardetHolder.data_end#0","CALLS",0.95,"same-file",0
"Method:src/logdata/src/encodingdetector.cpp:detectEncoding#1","Method:src/logdata/src/encodingdetector.cpp:UchardetHolder.get_charset#0","CALLS",0.95,"same-file",0
"Method:src/logdata/src/encodingdetector.cpp:mibEnum#0","Method:src/logdata/src/encodingdetector.cpp:mibEnum#0","CALLS",0.95,"same-file",0
"Method:src/ui/src/tabnamemapping.cpp:setTabName#2","Method:src/ui/src/abstractlogview.cpp:LineChunk.end#0","CALLS",0.5,"global",0
"Method:src/ui/src/savedsearches.cpp:addRecent#1","Method:src/ui/src/savedsearches.cpp:trim#0","CALLS",0.95,"same-file",0
"Method:src/ui/src/savedsearches.cpp:setHistorySize#1","Method:src/ui/src/savedsearches.cpp:trim#0","CALLS",0.95,"same-file",0
"Method:src/ui/src/savedsearches.cpp:clear#0","Method:src/ui/src/savedsearches.cpp:clear#0","CALLS",0.95,"same-file",0
"Method:src/ui/src/savedsearches.cpp:retrieveFromStorage#1","Method:src/ui/src/savedsearches.cpp:clear#0","CALLS",0.95,"same-file",0
"Method:src/ui/src/predefinedfilters.cpp:saveToStorage#1","Method:src/settings/include/persistable.h:Persistable.save#0","CALLS",0.5,"global",0
"Method:src/ui/src/predefinedfilters.cpp:getSyncedFilters#0","Method:src/settings/include/persistable.h:Persistable.getSynced#0","CALLS",0.5,"global",0
"Method:src/ui/src/predefinedfilters.cpp:getSyncedFilters#0","Method:src/ui/src/predefinedfilters.cpp:getFilters#0","CALLS",0.95,"same-file",0
"Method:src/ui/src/favoritefiles.cpp:add#1","Method:src/ui/src/abstractlogview.cpp:LineChunk.end#0","CALLS",0.5,"global",0
"Method:src/ui/src/favoritefiles.cpp:add#1","Method:src/ui/include/displayfilepath.h:DisplayFilePath.displayName#0","CALLS",0.9,"import-resolved",0
"Method:src/ui/src/favoritefiles.cpp:remove#1","Method:src/ui/src/abstractlogview.cpp:LineChunk.end#0","CALLS",0.5,"global",0
"Method:src/versioncheck/src/versionchecker.cpp:startCheck#0","Method:src/settings/include/persistable.h:Persistable.getSynced#0","CALLS",0.5,"global",0
"Method:src/versioncheck/src/versionchecker.cpp:startCheck#0","Method:src/settings/include/configuration.h:Configuration.versionCheckingEnabled#0","CALLS",0.9,"import-resolved",0
"Method:src/versioncheck/src/versionchecker.cpp:startCheck#0","Method:src/versioncheck/include/versionchecker.h:VersionCheckerConfig.nextDeadline#0","CALLS",0.9,"import-resolved",0
"Method:src/versioncheck/src/versionchecker.cpp:downloadFinished#1","Method:src/versioncheck/src/versionchecker.cpp:checkVersionData#1","CALLS",0.95,"same-file",0
"Method:src/versioncheck/src/versionchecker.cpp:downloadFinished#1","Method:src/versioncheck/include/versionchecker.h:VersionCheckerConfig.setNextDeadline#1","CALLS",0.9,"import-resolved",0
"Method:src/versioncheck/src/versionchecker.cpp:downloadFinished#1","Method:src/settings/include/persistable.h:Persistable.save#0","CALLS",0.5,"global",0
"Method:src/versioncheck/src/versionchecker.cpp:checkVersionData#1","Method:src/ui/src/abstractlogview.cpp:LineChunk.end#0","CALLS",0.5,"global",0
"Method:src/ui/src/serialcaptureworker.cpp:appendToFile#1","Method:src/ui/src/serialcaptureworker.cpp:stop#0","CALLS",0.95,"same-file",0
"Method:src/ui/src/serialcaptureworker.cpp:onReadyRead#0","Method:src/ui/src/serialcaptureworker.cpp:stop#0","CALLS",0.95,"same-file",0
"Method:src/ui/src/serialcaptureworker.cpp:onError#1","Method:src/ui/src/serialcaptureworker.cpp:stop#0","CALLS",0.95,"same-file",0
"Method:src/ui/src/responseeditdialog.cpp:ResponseActionStepDialog.ResponseActionStepDialog#2","Method:src/ui/src/responseeditdialog.cpp:ResponseActionStepDialog.reloadActionCombo#1","CALLS",0.95,"same-file",0
"Method:src/ui/src/responseeditdialog.cpp:ResponseActionStepDialog.ResponseActionStepDialog#2","Method:src/ui/src/responseeditdialog.cpp:ResponseActionStepDialog.currentActionId#0","CALLS",0.95,"same-file",0
"Method:src/ui/src/responseeditdialog.cpp:ResponseActionStepDialog.ResponseActionStepDialog#2","Method:src/ui/src/responseeditdialog.cpp:ResponseActionStepDialog.updateState#0","CALLS",0.95,"same-file",0
"Method:src/ui/src/responseeditdialog.cpp:ResponseEditDialog#1","Method:src/settings/include/configuration.h:Configuration.defaultActionEditorLineEnding#0","CALLS",0.9,"import-resolved",0
"Method:src/ui/src/responseeditdialog.cpp:ResponseEditDialog#1","Method:src/ui/include/overview.h:Overview.setVisible#1","CALLS",0.5,"global",0
"Method:src/ui/src/responseeditdialog.cpp:ResponseEditDialog#1","Method:src/ui/src/responseeditdialog.cpp:updateMatchEditorMode#0","CALLS",0.95,"same-file",0
"Method:src/ui/src/responseeditdialog.cpp:ResponseEditDialog#1","Method:src/ui/src/responseeditdialog.cpp:moveSelectedStep#1","CALLS",0.95,"same-file",0
"Method:src/ui/src/responseeditdialog.cpp:ResponseEditDialog#1","Method:src/ui/src/responseeditdialog.cpp:editSelectedStep#0","CALLS",0.95,"same-file",0
"Method:src/ui/src/responseeditdialog.cpp:ResponseEditDialog#1","Method:src/ui/src/responseeditdialog.cpp:selectedStepRow#0","CALLS",0.95,"same-file",0
"Method:src/ui/src/responseeditdialog.cpp:ResponseEditDialog#1","Method:src/ui/src/responseeditdialog.cpp:refreshStepTable#0","CALLS",0.95,"same-file",0
"Method:src/ui/src/responseeditdialog.cpp:setResponse#2","Method:src/ui/src/responseeditdialog.cpp:populateFromResponse#1","CALLS",0.95,"same-file",0
"Method:src/ui/src/responseeditdialog.cpp:eventFilter#2","Method:src/ui/src/responseeditdialog.cpp:eventFilter#2","CALLS",0.95,"same-file",0
"Method:src/ui/src/responseeditdialog.cpp:accept#0","Method:src/ui/include/highlightedmatch.h:HighlightedMatchRanges.front#0","CALLS",0.5,"global",0
"Method:src/ui/src/responseeditdialog.cpp:accept#0","Method:src/ui/src/predefinedfiltersdialog.cpp:CenteredCheckbox.isChecked#0","CALLS",0.5,"global",0
"Method:src/ui/src/responseeditdialog.cpp:accept#0","Method:src/ui/src/responseeditdialog.cpp:accept#0","CALLS",0.95,"same-file",0
"Method:src/ui/src/responseeditdialog.cpp:populateFromResponse#1","Method:src/ui/src/responseeditdialog.cpp:setLiteralEditors#1","CALLS",0.95,"same-file",0
"Method:src/ui/src/responseeditdialog.cpp:populateFromResponse#1","Method:src/ui/src/responseeditdialog.cpp:refreshStepTable#0","CALLS",0.95,"same-file",0
"Method:src/ui/src/responseeditdialog.cpp:populateFromResponse#1","Method:src/ui/src/predefinedfiltersdialog.cpp:CenteredCheckbox.setChecked#1","CALLS",0.5,"global",0
"Method:src/ui/src/responseeditdialog.cpp:populateFromResponse#1","Method:src/ui/src/responseeditdialog.cpp:updateMatchEditorMode#0","CALLS",0.95,"same-file",0
"Method:src/ui/src/responseeditdialog.cpp:updateMatchEditorMode#0","Method:src/ui/src/responseeditdialog.cpp:setLiteralEditors#1","CALLS",0.95,"same-file",0
"Method:src/ui/src/responseeditdialog.cpp:refreshStepTable#0","Method:src/ui/include/viewinterface.h:ViewInterface.setData#2","CALLS",0.5,"global",0
"Method:src/ui/src/responseeditdialog.cpp:refreshStepTable#0","Method:src/ui/src/responseeditdialog.cpp:selectedStepRow#0","CALLS",0.95,"same-file",0
"Method:src/ui/src/responseeditdialog.cpp:addStep#0","Method:src/ui/src/responseeditdialog.cpp:ResponseActionStepDialog.step#0","CALLS",0.95,"same-file",0
"Method:src/ui/src/responseeditdialog.cpp:addStep#0","Method:src/ui/src/responseeditdialog.cpp:refreshStepTable#0","CALLS",0.95,"same-file",0
"Method:src/ui/src/responseeditdialog.cpp:editSelectedStep#0","Method:src/ui/src/responseeditdialog.cpp:selectedStepRow#0","CALLS",0.95,"same-file",0
"Method:src/ui/src/responseeditdialog.cpp:editSelectedStep#0","Method:src/ui/src/responseeditdialog.cpp:ResponseActionStepDialog.setStep#1","CALLS",0.95,"same-file",0
"Method:src/ui/src/responseeditdialog.cpp:editSelectedStep#0","Method:src/ui/src/responseeditdialog.cpp:ResponseActionStepDialog.step#0","CALLS",0.95,"same-file",0
"Method:src/ui/src/responseeditdialog.cpp:editSelectedStep#0","Method:src/ui/src/responseeditdialog.cpp:refreshStepTable#0","CALLS",0.95,"same-file",0
"Method:src/ui/src/responseeditdialog.cpp:deleteSelectedStep#0","Method:src/ui/src/responseeditdialog.cpp:selectedStepRow#0","CALLS",0.95,"same-file",0
"Method:src/ui/src/responseeditdialog.cpp:deleteSelectedStep#0","Method:src/ui/src/responseeditdialog.cpp:refreshStepTable#0","CALLS",0.95,"same-file",0
"Method:src/ui/src/responseeditdialog.cpp:moveSelectedStep#1","Method:src/ui/src/responseeditdialog.cpp:selectedStepRow#0","CALLS",0.95,"same-file",0
"Method:src/ui/src/responseeditdialog.cpp:moveSelectedStep#1","Method:src/ui/src/responseeditdialog.cpp:refreshStepTable#0","CALLS",0.95,"same-file",0
"Method:src/ui/src/recentfiles.cpp:addRecent#1","Method:src/ui/src/recentfiles.cpp:removeRecent#1","CALLS",0.95,"same-file",0
"Method:src/ui/src/recentfiles.cpp:retrieveFromStorage#1","Method:src/ui/src/recentfiles.cpp:removeAll#0","CALLS",0.95,"same-file",0
"Method:src/ui/src/recentfiles.cpp:retrieveFromStorage#1","Method:src/ui/src/recentfiles.cpp:setFilesHistoryMaxItems#1","CALLS",0.95,"same-file",0
"Method:src/ui/src/quickfindwidget.cpp:QuickFindWidget#1","Method:src/ui/src/quickfindwidget.cpp:setupToolButton#2","CALLS",0.95,"same-file",0
"Method:src/ui/src/quickfindwidget.cpp:QuickFindWidget#1","Method:src/ui/src/predefinedfiltersdialog.cpp:CenteredCheckbox.setChecked#1","CALLS",0.5,"global",0
"Method:src/ui/src/quickfindwidget.cpp:QuickFindWidget#1","Method:src/settings/include/configuration.h:Configuration.qfIgnoreCase#0","CALLS",0.9,"import-resolved",0
"Method:src/ui/src/quickfindwidget.cpp:QuickFindWidget#1","Method:src/ui/include/qfnotifications.h:QFNotification.maxWidth#1","CALLS",0.9,"import-resolved",0
"Method:src/ui/src/quickfindwidget.cpp:QuickFindWidget#1","Method:src/ui/src/quickfindwidget.cpp:textChanged#0","CALLS",0.95,"same-file",0
"Method:src/ui/src/quickfindwidget.cpp:QuickFindWidget#1","Method:src/settings/include/configuration.h:Configuration.setQfIgnoreCase#1","CALLS",0.9,"import-resolved",0
"Method:src/ui/src/quickfindwidget.cpp:QuickFindWidget#1","Method:src/ui/src/predefinedfiltersdialog.cpp:CenteredCheckbox.isChecked#0","CALLS",0.5,"global",0
"Method:src/ui/src/quickfindwidget.cpp:QuickFindWidget#1","Method:src/settings/include/persistable.h:Persistable.save#0","CALLS",0.5,"global",0
"Method:src/ui/src/quickfindwidget.cpp:QuickFindWidget#1","Method:src/ui/src/quickfindwidget.cpp:notificationTimeout#0","CALLS",0.95,"same-file",0
"Method:src/ui/src/quickfindwidget.cpp:changeDisplayedPattern#2","Method:src/ui/src/quickfindwidget.cpp:isRegexSearch#0","CALLS",0.95,"same-file",0
"Method:src/ui/src/quickfindwidget.cpp:notify#1","Method:src/ui/include/qfnotifications.h:QFNotification.message#0","CALLS",0.9,"import-resolved",0
"Method:src/ui/src/quickfindwidget.cpp:notify#1","Method:src/logdata/include/logdataoperation.h:LogDataOperation.start#1","CALLS",0.5,"global",0
"Method:src/ui/src/quickfindwidget.cpp:doSearchForward#0","Method:src/ui/src/quickfindwidget.cpp:isIgnoreCase#0","CALLS",0.95,"same-file",0
"Method:src/ui/src/quickfindwidget.cpp:doSearchForward#0","Method:src/ui/src/quickfindwidget.cpp:isRegexSearch#0","CALLS",0.95,"same-file",0
"Method:src/ui/src/quickfindwidget.cpp:doSearchBackward#0","Method:src/ui/src/quickfindwidget.cpp:isIgnoreCase#0","CALLS",0.95,"same-file",0
"Method:src/ui/src/quickfindwidget.cpp:doSearchBackward#0","Method:src/ui/src/quickfindwidget.cpp:isRegexSearch#0","CALLS",0.95,"same-file",0
"Method:src/ui/src/quickfindwidget.cpp:returnHandler#0","Method:src/ui/src/quickfindwidget.cpp:doSearchForward#0","CALLS",0.95,"same-file",0
"Method:src/ui/src/quickfindwidget.cpp:textChanged#0","Method:src/ui/src/quickfindwidget.cpp:isIgnoreCase#0","CALLS",0.95,"same-file",0
"Method:src/ui/src/quickfindwidget.cpp:textChanged#0","Method:src/ui/src/quickfindwidget.cpp:isRegexSearch#0","CALLS",0.95,"same-file",0
"Method:src/ui/src/quickfindwidget.cpp:isRegexSearch#0","Method:src/settings/include/configuration.h:Configuration.quickfindRegexpType#0","CALLS",0.9,"import-resolved",0
"Method:src/ui/src/opencomportdialog.cpp:OpenComPortDialog#1","Method:src/ui/src/opencomportdialog.cpp:populatePorts#0","CALLS",0.95,"same-file",0
"Method:src/ui/src/opencomportdialog.cpp:OpenComPortDialog#1","Method:src/ui/src/predefinedfiltersdialog.cpp:CenteredCheckbox.setChecked#1","CALLS",0.5,"global",0
"Method:src/ui/src/opencomportdialog.cpp:OpenComPortDialog#1","Method:src/ui/src/predefinedfiltersdialog.cpp:CenteredCheckbox.isChecked#0","CALLS",0.5,"global",0
"Method:src/ui/src/opencomportdialog.cpp:OpenComPortDialog#1","Method:src/ui/src/opencomportdialog.cpp:validateInputs#0","CALLS",0.95,"same-file",0
"Method:src/ui/src/opencomportdialog.cpp:OpenComPortDialog#1","Method:src/ui/src/opencomportdialog.cpp:updateSuggestedFileName#0","CALLS",0.95,"same-file",0
"Method:src/ui/src/opencomportdialog.cpp:OpenComPortDialog#1","Method:src/ui/src/opencomportdialog.cpp:suggestedFileName#0","CALLS",0.95,"same-file",0
"Method:src/ui/src/opencomportdialog.cpp:settings#0","Method:src/ui/src/predefinedfiltersdialog.cpp:CenteredCheckbox.isChecked#0","CALLS",0.5,"global",0
"Method:src/ui/src/opencomportdialog.cpp:updateSuggestedFileName#0","Method:src/ui/src/opencomportdialog.cpp:validateInputs#0","CALLS",0.95,"same-file",0
"Method:src/ui/src/opencomportdialog.cpp:browseForFile#0","Method:src/ui/src/opencomportdialog.cpp:validateInputs#0","CALLS",0.95,"same-file",0
"Method:src/ui/src/opencomportdialog.cpp:validateInputs#0","Method:src/ui/src/opencomportdialog.cpp:isPortItemEnabled#1","CALLS",0.95,"same-file",0
"Method:src/ui/src/opencomportdialog.cpp:validateInputs#0","Method:src/ui/src/predefinedfiltersdialog.cpp:CenteredCheckbox.isChecked#0","CALLS",0.5,"global",0
"Method:src/ui/src/opencomportdialog.cpp:populatePorts#0","Method:src/ui/include/streamsourceregistry.h:StreamSourceRegistry.isSerialPortActive#1","CALLS",0.9,"import-resolved",0
"Method:src/ui/src/downloader.cpp:download#2","Method:src/settings/include/configuration.h:Configuration.verifySslPeers#0","CALLS",0.9,"import-resolved",0
"Method:src/ui/src/actioneditdialog.cpp:ActionEditDialog#1","Method:src/settings/include/configuration.h:Configuration.defaultActionEditorLineEnding#0","CALLS",0.9,"import-resolved",0
"Method:src/ui/src/actioneditdialog.cpp:setAction#1","Method:src/ui/src/actioneditdialog.cpp:populateFromAction#1","CALLS",0.95,"same-file",0
"Method:src/ui/src/actioneditdialog.cpp:eventFilter#2","Method:src/ui/src/actioneditdialog.cpp:eventFilter#2","CALLS",0.95,"same-file",0
"Method:src/ui/src/actioneditdialog.cpp:accept#0","Method:src/ui/src/predefinedfiltersdialog.cpp:CenteredCheckbox.isChecked#0","CALLS",0.5,"global",0
"Method:src/ui/src/actioneditdialog.cpp:accept#0","Method:src/ui/src/actioneditdialog.cpp:accept#0","CALLS",0.95,"same-file",0
"Method:src/ui/src/actioneditdialog.cpp:populateFromAction#1","Method:src/ui/src/actioneditdialog.cpp:setSequenceEditors#1","CALLS",0.95,"same-file",0
"Method:src/ui/src/actioneditdialog.cpp:populateFromAction#1","Method:src/ui/include/startupprogress.h:StartupProgress.setValue#3","CALLS",0.5,"global",0
"Method:src/ui/src/actioneditdialog.cpp:populateFromAction#1","Method:src/ui/src/predefinedfiltersdialog.cpp:CenteredCheckbox.setChecked#1","CALLS",0.5,"global",0
"Method:src/settings/src/styles.cpp:availableStyles#0","Method:src/ui/src/abstractlogview.cpp:LineChunk.end#0","CALLS",0.5,"global",0
"Method:src/settings/src/styles.cpp:applyStyle#1","Method:src/settings/include/configuration.h:Configuration.darkPalette#0","CALLS",0.9,"import-resolved",0
"Method:src/settings/src/styles.cpp:applyStyle#1","Method:src/settings/include/configuration.h:Configuration.setStyle#1","CALLS",0.9,"import-resolved",0
"Method:src/settings/src/configuration.cpp:retrieveFromStorage#1","Method:src/settings/include/styles.h:StyleManager.availableStyles#0","CALLS",0.9,"import-resolved",0
"Method:src/settings/src/configuration.cpp:retrieveFromStorage#1","Method:src/settings/include/styles.h:StyleManager.defaultPlatformStyle#0","CALLS",0.9,"import-resolved",0
"Method:src/settings/src/configuration.cpp:retrieveFromStorage#1","Method:src/ui/include/highlightedmatch.h:HighlightedMatchRanges.front#0","CALLS",0.5,"global",0
"Method:src/filewatch/src/filewatcher.cpp:getFileWatcher#0","Method:src/filewatch/src/filewatcher.cpp:FileWatcher#0","CALLS",0.95,"same-file",0
"Method:src/filewatch/src/filewatcher.cpp:EfswFileWatcher.addFile#1","Method:src/filewatch/src/filewatcher.cpp:updateConfiguration#0","CALLS",0.95,"same-file",0
"Method:src/filewatch/src/filewatcher.cpp:EfswFileWatcher.removeFile#1","Method:src/filewatch/src/filewatcher.cpp:updateConfiguration#0","CALLS",0.95,"same-file",0
"Method:src/filewatch/src/filewatcher.cpp:fileChangedOnDisk#1","Method:src/ui/src/abstractlogview.cpp:LineChunk.end#0","CALLS",0.5,"global",0
"Method:src/filewatch/src/filewatcher.cpp:updateConfiguration#0","Method:src/filewatch/src/filewatcher.cpp:EfswFileWatcher.hasPollingOnlyWatches#0","CALLS",0.95,"same-file",0
"Method:src/filewatch/src/filewatcher.cpp:updateConfiguration#0","Method:src/logdata/include/logdataoperation.h:LogDataOperation.start#1","CALLS",0.5,"global",0
"Method:src/filewatch/src/filewatcher.cpp:updateConfiguration#0","Method:src/settings/include/configuration.h:Configuration.pollIntervalMs#0","CALLS",0.9,"import-resolved",0
"Method:src/filewatch/src/filewatcher.cpp:updateConfiguration#0","Method:src/filewatch/src/filewatcher.cpp:EfswFileWatcher.enableWatch#1","CALLS",0.95,"same-file",0
"Method:src/filewatch/src/filewatcher.cpp:updateConfiguration#0","Method:src/settings/include/configuration.h:Configuration.nativeFileWatchEnabled#0","CALLS",0.9,"import-resolved",0
"Method:src/app/labcontrollerservice.cpp:~LabControllerService#0","Method:src/app/labcontrollerservice.cpp:stop#0","CALLS",0.95,"same-file",0
"Method:src/app/labcontrollerservice.cpp:start#2","Method:src/app/labcontrollerservice.cpp:loadToken#2","CALLS",0.95,"same-file",0
"Method:src/app/labcontrollerservice.cpp:start#2","Method:src/app/labcontrollerservice.cpp:initializeDatabase#2","CALLS",0.95,"same-file",0
"Method:src/app/labcontrollerservice.cpp:stop#0","Method:src/ui/src/abstractlogview.cpp:LineChunk.end#0","CALLS",0.5,"global",0
"Method:src/app/labcontrollerservice.cpp:submitBundle#3","Method:src/app/labcontrollerservice.cpp:submitBundleUnlocked#3","CALLS",0.95,"same-file",0
"Method:src/app/labcontrollerservice.cpp:queueSnapshot#0","Method:src/app/labcontrollerservice.cpp:queueSnapshotUnlocked#0","CALLS",0.95,"same-file",0
"Method:src/app/labcontrollerservice.cpp:agentsSnapshot#0","Method:src/app/labcontrollerservice.cpp:agentsSnapshotUnlocked#0","CALLS",0.95,"same-file",0
"Method:src/app/labcontrollerservice.cpp:jobStatus#2","Method:src/app/labcontrollerservice.cpp:jobStatusUnlocked#2","CALLS",0.95,"same-file",0
"Method:src/app/labcontrollerservice.cpp:cancelJob#2","Method:src/app/labcontrollerservice.cpp:sendAgentMessage#2","CALLS",0.95,"same-file",0
"Method:src/app/labcontrollerservice.cpp:cancelJob#2","Method:src/app/labcontrollerservice.cpp:jobStatusUnlocked#2","CALLS",0.95,"same-file",0
"Method:src/app/labcontrollerservice.cpp:artifactsPayload#2","Method:src/app/labcontrollerservice.cpp:artifactsPayloadUnlocked#2","CALLS",0.95,"same-file",0
"Method:src/app/labcontrollerservice.cpp:artifactDirectoryPath#1","Method:src/app/labcontrollerservice.cpp:jobDirectoryPath#1","CALLS",0.95,"same-file",0
"Method:src/app/labcontrollerservice.cpp:writeBundleToDisk#3","Method:src/app/labcontrollerservice.cpp:jobDirectoryPath#1","CALLS",0.95,"same-file",0
"Method:src/app/labcontrollerservice.cpp:submitBundleUnlocked#3","Method:src/app/labcontrollerservice.cpp:nextJobId#0","CALLS",0.95,"same-file",0
"Method:src/app/labcontrollerservice.cpp:submitBundleUnlocked#3","Method:src/app/labcontrollerservice.cpp:artifactDirectoryPath#1","CALLS",0.95,"same-file",0
"Method:src/app/labcontrollerservice.cpp:submitBundleUnlocked#3","Method:src/app/labcontrollerservice.cpp:writeBundleToDisk#3","CALLS",0.95,"same-file",0
"Method:src/app/labcontrollerservice.cpp:submitBundleUnlocked#3","Method:src/app/labcontrollerservice.cpp:scheduleJobs#0","CALLS",0.95,"same-file",0
"Method:src/app/labcontrollerservice.cpp:submitBundleUnlocked#3","Method:src/app/labcontrollerservice.cpp:jobStatusUnlocked#2","CALLS",0.95,"same-file",0
"Method:src/app/labcontrollerservice.cpp:assignJobToAgent#5","Method:src/app/labcontrollerservice.cpp:eligibleBindings#2","CALLS",0.95,"same-file",0
"Method:src/app/labcontrollerservice.cpp:assignJobToAgent#5","Method:src/app/labcontrollerservice.cpp:sendAgentMessage#2","CALLS",0.95,"same-file",0
"Method:src/app/labcontrollerservice.cpp:assignJobToAgent#5","Method:src/app/labcontrollerservice.cpp:artifactDirectoryPath#1","CALLS",0.95,"same-file",0
"Method:src/app/labcontrollerservice.cpp:scheduleJobs#0","Method:src/app/labcontrollerservice.cpp:assignJobToAgent#5","CALLS",0.95,"same-file",0
"Method:src/app/labcontrollerservice.cpp:jobStatusUnlocked#2","Method:src/app/labcontrollerservice.cpp:jobPayloadById#2","CALLS",0.95,"same-file",0
"Method:src/app/labcontrollerservice.cpp:artifactsPayloadUnlocked#2","Method:src/app/labcontrollerservice.cpp:jobPayloadById#2","CALLS",0.95,"same-file",0
"Method:src/app/labcontrollerservice.cpp:loadBundlePayload#1","Method:src/app/labcontrollerservice.cpp:jobPayloadById#2","CALLS",0.95,"same-file",0
"Method:src/app/labcontrollerservice.cpp:handleHttpConnection#0","Method:src/app/labcontrollerservice.cpp:processHttpRequest#2","CALLS",0.95,"same-file",0
"Method:src/app/labcontrollerservice.cpp:processHttpRequest#2","Method:src/app/labcontrollerservice.cpp:authorizeHttpRequest#2","CALLS",0.95,"same-file",0
"Method:src/app/labcontrollerservice.cpp:processHttpRequest#2","Method:src/app/labcontrollerservice.cpp:sendJsonResponse#3","CALLS",0.95,"same-file",0
"Method:src/app/labcontrollerservice.cpp:processHttpRequest#2","Method:src/app/labcontrollerservice.cpp:submitBundleUnlocked#3","CALLS",0.95,"same-file",0
"Method:src/app/labcontrollerservice.cpp:processHttpRequest#2","Method:src/app/labcontrollerservice.cpp:queueSnapshotUnlocked#0","CALLS",0.95,"same-file",0
"Method:src/app/labcontrollerservice.cpp:processHttpRequest#2","Method:src/app/labcontrollerservice.cpp:jobStatusUnlocked#2","CALLS",0.95,"same-file",0
"Method:src/app/labcontrollerservice.cpp:processHttpRequest#2","Method:src/app/labcontrollerservice.cpp:cancelJob#2","CALLS",0.95,"same-file",0
"Method:src/app/labcontrollerservice.cpp:processHttpRequest#2","Method:src/app/labcontrollerservice.cpp:agentsSnapshotUnlocked#0","CALLS",0.95,"same-file",0
"Method:src/app/labcontrollerservice.cpp:processHttpRequest#2","Method:src/app/labcontrollerservice.cpp:artifactsPayloadUnlocked#2","CALLS",0.95,"same-file",0
"Method:src/app/labcontrollerservice.cpp:handleAgentDisconnected#0","Method:src/app/labcontrollerservice.cpp:updateAgentStatus#4","CALLS",0.95,"same-file",0
"Method:src/app/labcontrollerservice.cpp:handleAgentDisconnected#0","Method:src/app/labcontrollerservice.cpp:scheduleJobs#0","CALLS",0.95,"same-file",0
"Method:src/app/labcontrollerservice.cpp:readAgentSocket#0","Method:src/app/labcontrollerservice.cpp:processAgentMessage#2","CALLS",0.95,"same-file",0
"Method:src/app/labcontrollerservice.cpp:processAgentMessage#2","Method:src/app/labcontrollerservice.cpp:connectionStateForSocket#1","CALLS",0.95,"same-file",0
"Method:src/app/labcontrollerservice.cpp:processAgentMessage#2","Method:src/app/labcontrollerservice.cpp:insertOrUpdateAgent#2","CALLS",0.95,"same-file",0
"Method:src/app/labcontrollerservice.cpp:processAgentMessage#2","Method:src/app/labcontrollerservice.cpp:sendAgentMessage#2","CALLS",0.95,"same-file",0
"Method:src/app/labcontrollerservice.cpp:processAgentMessage#2","Method:src/app/labcontrollerservice.cpp:scheduleJobs#0","CALLS",0.95,"same-file",0
"Method:src/app/labcontrollerservice.cpp:processAgentMessage#2","Method:src/app/labcontrollerservice.cpp:updateAgentHeartbeat#2","CALLS",0.95,"same-file",0
"Method:src/app/labcontrollerservice.cpp:processAgentMessage#2","Method:src/app/labcontrollerservice.cpp:artifactDirectoryPath#1","CALLS",0.95,"same-file",0
"Method:src/app/labclient.cpp:submit#3","Method:src/app/labclient.cpp:performJsonRequest#5","CALLS",0.95,"same-file",0
"Method:src/app/labclient.cpp:queue#2","Method:src/app/labclient.cpp:performJsonRequest#5","CALLS",0.95,"same-file",0
"Method:src/app/labclient.cpp:status#3","Method:src/ui/src/pathline.cpp:setPath#1","CALLS",0.5,"global",0
"Method:src/app/labclient.cpp:status#3","Method:src/app/labclient.cpp:performJsonRequest#5","CALLS",0.95,"same-file",0
"Method:src/app/labclient.cpp:cancel#3","Method:src/app/labclient.cpp:performJsonRequest#5","CALLS",0.95,"same-file",0
"Method:src/app/labclient.cpp:agents#2","Method:src/app/labclient.cpp:performJsonRequest#5","CALLS",0.95,"same-file",0
"Method:src/app/labclient.cpp:artifacts#3","Method:src/ui/src/pathline.cpp:setPath#1","CALLS",0.5,"global",0
"Method:src/app/labclient.cpp:artifacts#3","Method:src/app/labclient.cpp:performJsonRequest#5","CALLS",0.95,"same-file",0
"Method:src/app/labclient.cpp:snapshot#2","Method:src/app/labclient.cpp:performJsonRequest#5","CALLS",0.95,"same-file",0
"Method:src/app/labclient.cpp:performJsonRequest#5","Method:src/ui/src/pathline.cpp:setPath#1","CALLS",0.5,"global",0
"Method:src/ui/src/labqueuewindow.cpp:LabQueueWindow#1","Method:src/ui/src/labqueuewindow.cpp:loadState#0","CALLS",0.95,"same-file",0
"Method:src/ui/src/labqueuewindow.cpp:LabQueueWindow#1","Method:src/ui/src/labqueuewindow.cpp:refresh#0","CALLS",0.95,"same-file",0
"Method:src/ui/src/labqueuewindow.cpp:refresh#0","Method:src/ui/src/labqueuewindow.cpp:saveState#0","CALLS",0.95,"same-file",0
"Method:src/ui/src/labqueuewindow.cpp:refresh#0","Method:src/app/labclient.h:LabClient.loadToken#2","CALLS",0.9,"import-resolved",0
"Method:src/ui/src/labqueuewindow.cpp:refresh#0","Method:src/app/labclient.h:LabClient.snapshot#2","CALLS",0.9,"import-resolved",0
"Method:src/ui/src/labqueuewindow.cpp:refresh#0","Method:src/ui/src/labqueuewindow.cpp:selectedJobChanged#0","CALLS",0.95,"same-file",0
"Method:src/ui/src/labqueuewindow.cpp:selectedJobChanged#0","Method:src/app/labclient.h:LabClient.loadToken#2","CALLS",0.9,"import-resolved",0
"Method:src/ui/src/labqueuewindow.cpp:selectedJobChanged#0","Method:src/app/labclient.h:LabClient.status#3","CALLS",0.9,"import-resolved",0
"Method:src/ui/src/labqueuewindow.cpp:browseTokenFile#0","Method:src/ui/src/labqueuewindow.cpp:saveState#0","CALLS",0.95,"same-file",0
"Method:src/ui/src/labqueuewindow.cpp:openArtifactsFolder#0","Method:src/app/labclient.h:LabClient.loadToken#2","CALLS",0.9,"import-resolved",0
"Method:src/ui/src/labqueuewindow.cpp:openArtifactsFolder#0","Method:src/app/labclient.h:LabClient.status#3","CALLS",0.9,"import-resolved",0
"Method:src/ui/src/streamsession.cpp:StreamSession#1","Method:src/ui/src/streamsession.cpp:setConnectionClosed#0","CALLS",0.95,"same-file",0
"Method:src/ui/src/streamsession.cpp:start#0","Method:src/ui/src/streamsession.cpp:setupWorker#0","CALLS",0.95,"same-file",0
"Method:src/ui/src/streamsession.cpp:start#0","Method:src/ui/include/streamsourceregistry.h:StreamSourceRegistry.registerSerialPort#1","CALLS",0.9,"import-resolved",0
"Method:src/ui/src/streamsession.cpp:start#0","Method:src/ui/src/streamsession.cpp:start#0","CALLS",0.95,"same-file",0
"Method:src/ui/src/streamsession.cpp:stop#1","Method:src/ui/src/streamsession.cpp:setConnectionClosed#0","CALLS",0.95,"same-file",0
"Method:src/ui/src/streamsession.cpp:closeConnection#0","Method:src/ui/src/streamsession.cpp:stop#1","CALLS",0.95,"same-file",0
"Method:src/ui/src/streamsession.cpp:setConnectionClosed#0","Method:src/ui/include/streamsourceregistry.h:StreamSourceRegistry.unregisterSerialPort#1","CALLS",0.9,"import-resolved",0
"Method:src/ui/src/streamsession.cpp:handleDataReceived#1","Method:src/ui/src/streamsession.cpp:handleIncomingLine#1","CALLS",0.95,"same-file",0
"Method:src/ui/src/streamsession.cpp:responseCounters#0","Method:src/ui/include/actionsmanager.h:ActionsManager.responses#0","CALLS",0.9,"import-resolved",0
"Method:src/ui/src/streamsession.cpp:responseCounters#0","Method:src/ui/src/streamsession.cpp:responseCounter#1","CALLS",0.95,"same-file",0
"Method:src/ui/src/streamsession.cpp:handleIncomingLine#1","Method:src/ui/include/actionsmanager.h:ActionsManager.autoResponsesEnabled#0","CALLS",0.9,"import-resolved",0
"Method:src/ui/src/streamsession.cpp:handleIncomingLine#1","Method:src/ui/include/actionsmanager.h:ActionsManager.responses#0","CALLS",0.9,"import-resolved",0
"Method:src/ui/src/responsestablemodel.cpp:data#2","Method:src/ui/src/responsestablemodel.cpp:tooltipForResponse#1","CALLS",0.95,"same-file",0
"Method:src/ui/src/responsestablemodel.cpp:data#2","Method:src/logdata/include/linetypes.h:FilePosition.column#0","CALLS",0.5,"global",0
"Method:src/ui/src/responsestablemodel.cpp:data#2","Method:src/ui/src/responsestablemodel.cpp:previewMatch#1","CALLS",0.95,"same-file",0
"Method:src/ui/src/responsestablemodel.cpp:flags#1","Method:src/logdata/include/linetypes.h:FilePosition.column#0","CALLS",0.5,"global",0
"Method:src/ui/src/responsestablemodel.cpp:setData#3","Method:src/logdata/include/linetypes.h:FilePosition.column#0","CALLS",0.5,"global",0
"Method:src/ui/src/responsestablemodel.cpp:setData#3","Method:src/ui/include/actionsmanager.h:ActionsManager.setResponseEnabled#2","CALLS",0.9,"import-resolved",0
"Method:src/ui/src/responsestablemodel.cpp:refresh#0","Method:src/ui/include/actionsmanager.h:ActionsManager.responses#0","CALLS",0.9,"import-resolved",0
"Method:src/ui/src/importactionsdialog.cpp:ImportActionsDialog#1","Method:src/ui/include/actionsmanager.h:ActionsManager.actions#0","CALLS",0.9,"import-resolved",0
"Method:src/ui/src/importactionsdialog.cpp:ImportActionsDialog#1","Method:src/ui/include/actionsmanager.h:ActionsManager.responses#0","CALLS",0.9,"import-resolved",0
"Method:src/ui/src/importactionsdialog.cpp:ImportActionsDialog#1","Method:src/ui/include/iconloader.h:IconLoader.load#1","CALLS",0.9,"import-resolved",0
"Method:src/ui/src/importactionsdialog.cpp:ImportActionsDialog#1","Method:src/ui/src/importactionsdialog.cpp:updateButtons#0","CALLS",0.95,"same-file",0
"Method:src/ui/src/importactionsdialog.cpp:ImportActionsDialog#1","Method:src/ui/src/importactionsdialog.cpp:updateDialogSize#0","CALLS",0.95,"same-file",0
"Method:src/ui/src/importactionsdialog.cpp:importActions#0","Method:src/ui/include/actionsconfigparser.h:ActionsConfigParser.parseFile#1","CALLS",0.9,"import-resolved",0
"Method:src/ui/src/importactionsdialog.cpp:importActions#0","Method:src/ui/src/importactionsdialog.cpp:ActionsImportTableModel.setActions#1","CALLS",0.95,"same-file",0
"Method:src/ui/src/importactionsdialog.cpp:importActions#0","Method:src/ui/src/importactionsdialog.cpp:ResponsesImportTableModel.setResponses#1","CALLS",0.95,"same-file",0
"Method:src/ui/src/importactionsdialog.cpp:importActions#0","Method:src/ui/src/importactionsdialog.cpp:updateButtons#0","CALLS",0.95,"same-file",0
"Method:src/ui/src/importactionsdialog.cpp:importActions#0","Method:src/ui/src/importactionsdialog.cpp:updateDialogSize#0","CALLS",0.95,"same-file",0
"Method:src/ui/src/importactionsdialog.cpp:importActions#0","Method:src/ui/src/importactionsdialog.cpp:persistChanges#0","CALLS",0.95,"same-file",0
"Method:src/ui/src/importactionsdialog.cpp:removeSelectedAction#0","Method:src/ui/src/importactionsdialog.cpp:ActionsImportTableModel.setActions#1","CALLS",0.95,"same-file",0
"Method:src/ui/src/importactionsdialog.cpp:removeSelectedAction#0","Method:src/ui/src/importactionsdialog.cpp:updateButtons#0","CALLS",0.95,"same-file",0
"Method:src/ui/src/importactionsdialog.cpp:removeSelectedAction#0","Method:src/ui/src/importactionsdialog.cpp:updateDialogSize#0","CALLS",0.95,"same-file",0
"Method:src/ui/src/importactionsdialog.cpp:removeSelectedAction#0","Method:src/ui/src/importactionsdialog.cpp:persistChanges#0","CALLS",0.95,"same-file",0
"Method:src/ui/src/importactionsdialog.cpp:clearActions#0","Method:src/ui/src/importactionsdialog.cpp:ActionsImportTableModel.setActions#1","CALLS",0.95,"same-file",0
"Method:src/ui/src/importactionsdialog.cpp:clearActions#0","Method:src/ui/src/importactionsdialog.cpp:updateButtons#0","CALLS",0.95,"same-file",0
"Method:src/ui/src/importactionsdialog.cpp:clearActions#0","Method:src/ui/src/importactionsdialog.cpp:updateDialogSize#0","CALLS",0.95,"same-file",0
"Method:src/ui/src/importactionsdialog.cpp:clearActions#0","Method:src/ui/src/importactionsdialog.cpp:persistChanges#0","CALLS",0.95,"same-file",0
"Method:src/ui/src/importactionsdialog.cpp:removeSelectedResponse#0","Method:src/ui/src/importactionsdialog.cpp:ResponsesImportTableModel.setResponses#1","CALLS",0.95,"same-file",0
"Method:src/ui/src/importactionsdialog.cpp:removeSelectedResponse#0","Method:src/ui/src/importactionsdialog.cpp:updateButtons#0","CALLS",0.95,"same-file",0
"Method:src/ui/src/importactionsdialog.cpp:removeSelectedResponse#0","Method:src/ui/src/importactionsdialog.cpp:updateDialogSize#0","CALLS",0.95,"same-file",0
"Method:src/ui/src/importactionsdialog.cpp:removeSelectedResponse#0","Method:src/ui/src/importactionsdialog.cpp:persistChanges#0","CALLS",0.95,"same-file",0
"Method:src/ui/src/importactionsdialog.cpp:clearResponses#0","Method:src/ui/src/importactionsdialog.cpp:ResponsesImportTableModel.setResponses#1","CALLS",0.95,"same-file",0
"Method:src/ui/src/importactionsdialog.cpp:clearResponses#0","Method:src/ui/src/importactionsdialog.cpp:updateButtons#0","CALLS",0.95,"same-file",0
"Method:src/ui/src/importactionsdialog.cpp:clearResponses#0","Method:src/ui/src/importactionsdialog.cpp:updateDialogSize#0","CALLS",0.95,"same-file",0
"Method:src/ui/src/importactionsdialog.cpp:clearResponses#0","Method:src/ui/src/importactionsdialog.cpp:persistChanges#0","CALLS",0.95,"same-file",0
"Method:src/ui/src/importactionsdialog.cpp:persistChanges#0","Method:src/ui/include/actionsmanager.h:ActionsManager.importFromDefinitions#2","CALLS",0.9,"import-resolved",0
"Method:src/ui/src/actionstablemodel.cpp:data#2","Method:src/ui/src/actionstablemodel.cpp:tooltipForAction#1","CALLS",0.95,"same-file",0
"Method:src/ui/src/actionstablemodel.cpp:data#2","Method:src/logdata/include/linetypes.h:FilePosition.column#0","CALLS",0.5,"global",0
"Method:src/ui/src/actionstablemodel.cpp:data#2","Method:src/ui/src/actionstablemodel.cpp:previewSequence#1","CALLS",0.95,"same-file",0
"Method:src/ui/src/actionstablemodel.cpp:refresh#0","Method:src/ui/include/actionsmanager.h:ActionsManager.actions#0","CALLS",0.9,"import-resolved",0
"Method:src/ui/src/actionsresponseswindow.cpp:ActionsResponsesWindow#1","Method:src/ui/src/predefinedfiltersdialog.cpp:CenteredCheckbox.setChecked#1","CALLS",0.5,"global",0
"Method:src/ui/src/actionsresponseswindow.cpp:ActionsResponsesWindow#1","Method:src/ui/include/actionsmanager.h:ActionsManager.autoResponsesEnabled#0","CALLS",0.9,"import-resolved",0
"Method:src/ui/src/actionsresponseswindow.cpp:ActionsResponsesWindow#1","Method:src/ui/src/actionsresponseswindow.cpp:refreshActions#0","CALLS",0.95,"same-file",0
"Method:src/ui/src/actionsresponseswindow.cpp:ActionsResponsesWindow#1","Method:src/ui/src/actionsresponseswindow.cpp:refreshResponses#0","CALLS",0.95,"same-file",0
"Method:src/ui/src/actionsresponseswindow.cpp:ActionsResponsesWindow#1","Method:src/ui/src/actionsresponseswindow.cpp:updateWindowSize#0","CALLS",0.95,"same-file",0
"Method:src/ui/src/actionsresponseswindow.cpp:ActionsResponsesWindow#1","Method:src/ui/include/actionsmanager.h:ActionsManager.setAutoResponsesEnabled#1","CALLS",0.9,"import-resolved",0
"Method:src/ui/src/actionsresponseswindow.cpp:ActionsResponsesWindow#1","Method:src/ui/src/actionsresponseswindow.cpp:editSelectedAction#0","CALLS",0.95,"same-file",0
"Method:src/ui/src/actionsresponseswindow.cpp:ActionsResponsesWindow#1","Method:src/ui/src/actionsresponseswindow.cpp:editSelectedResponse#0","CALLS",0.95,"same-file",0
"Method:src/ui/src/actionsresponseswindow.cpp:ActionsResponsesWindow#1","Method:src/ui/src/actionsresponseswindow.cpp:updateActionButtons#0","CALLS",0.95,"same-file",0
"Method:src/ui/src/actionsresponseswindow.cpp:ActionsResponsesWindow#1","Method:src/ui/src/actionsresponseswindow.cpp:updateResponseButtons#0","CALLS",0.95,"same-file",0
"Method:src/ui/src/actionsresponseswindow.cpp:ActionsResponsesWindow#1","Method:src/ui/src/predefinedfiltersdialog.cpp:CenteredCheckbox.isChecked#0","CALLS",0.5,"global",0
"Method:src/ui/src/actionsresponseswindow.cpp:setSendAvailable#1","Method:src/ui/src/actionsresponseswindow.cpp:setSendAvailable#1","CALLS",0.95,"same-file",0
"Method:src/ui/src/actionsresponseswindow.cpp:refreshActions#0","Method:src/ui/src/actionsresponseswindow.cpp:updateActionButtons#0","CALLS",0.95,"same-file",0
"Method:src/ui/src/actionsresponseswindow.cpp:refreshResponses#0","Method:src/ui/src/actionsresponseswindow.cpp:updateResponseButtons#0","CALLS",0.95,"same-file",0
"Method:src/ui/src/actionsresponseswindow.cpp:selectedActionRow#0","Method:src/ui/include/highlightedmatch.h:HighlightedMatchRanges.front#0","CALLS",0.5,"global",0
"Method:src/ui/src/actionsresponseswindow.cpp:selectedResponseRow#0","Method:src/ui/include/highlightedmatch.h:HighlightedMatchRanges.front#0","CALLS",0.5,"global",0
"Method:src/ui/src/actionsresponseswindow.cpp:updateActionButtons#0","Method:src/ui/src/actionsresponseswindow.cpp:selectedActionRow#0","CALLS",0.95,"same-file",0
"Method:src/ui/src/actionsresponseswindow.cpp:updateResponseButtons#0","Method:src/ui/src/actionsresponseswindow.cpp:selectedResponseRow#0","CALLS",0.95,"same-file",0
"Method:src/ui/src/actionsresponseswindow.cpp:addAction#0","Method:src/ui/include/actionsmanager.h:ActionsManager.nextActionId#0","CALLS",0.9,"import-resolved",0
"Method:src/ui/src/actionsresponseswindow.cpp:addAction#0","Method:src/ui/include/actioneditdialog.h:ActionEditDialog.setAction#1","CALLS",0.9,"import-resolved",0
"Method:src/ui/src/actionsresponseswindow.cpp:addAction#0","Method:src/ui/include/actionsmanager.h:ActionsManager.createAction#2","CALLS",0.9,"import-resolved",0
"Method:src/ui/src/actionsresponseswindow.cpp:addAction#0","Method:src/ui/include/actioneditdialog.h:ActionEditDialog.action#0","CALLS",0.9,"import-resolved",0
"Method:src/ui/src/actionsresponseswindow.cpp:editSelectedAction#0","Method:src/ui/src/actionsresponseswindow.cpp:selectedActionRow#0","CALLS",0.95,"same-file",0
"Method:src/ui/src/actionsresponseswindow.cpp:editSelectedAction#0","Method:src/ui/include/actionstablemodel.h:ActionsTableModel.actionAt#1","CALLS",0.9,"import-resolved",0
"Method:src/ui/src/actionsresponseswindow.cpp:editSelectedAction#0","Method:src/ui/include/actioneditdialog.h:ActionEditDialog.setAction#1","CALLS",0.9,"import-resolved",0
"Method:src/ui/src/actionsresponseswindow.cpp:editSelectedAction#0","Method:src/ui/include/actionsmanager.h:ActionsManager.updateAction#3","CALLS",0.9,"import-resolved",0
"Method:src/ui/src/actionsresponseswindow.cpp:editSelectedAction#0","Method:src/ui/include/actioneditdialog.h:ActionEditDialog.action#0","CALLS",0.9,"import-resolved",0
"Method:src/ui/src/actionsresponseswindow.cpp:duplicateSelectedAction#0","Method:src/ui/src/actionsresponseswindow.cpp:selectedActionRow#0","CALLS",0.95,"same-file",0
"Method:src/ui/src/actionsresponseswindow.cpp:duplicateSelectedAction#0","Method:src/ui/include/actionstablemodel.h:ActionsTableModel.actionAt#1","CALLS",0.9,"import-resolved",0
"Method:src/ui/src/actionsresponseswindow.cpp:duplicateSelectedAction#0","Method:src/ui/include/actionsmanager.h:ActionsManager.nextActionId#0","CALLS",0.9,"import-resolved",0
"Method:src/ui/src/actionsresponseswindow.cpp:duplicateSelectedAction#0","Method:src/ui/include/actionsmanager.h:ActionsManager.createAction#2","CALLS",0.9,"import-resolved",0
"Method:src/ui/src/actionsresponseswindow.cpp:deleteSelectedAction#0","Method:src/ui/src/actionsresponseswindow.cpp:selectedActionRow#0","CALLS",0.95,"same-file",0
"Method:src/ui/src/actionsresponseswindow.cpp:deleteSelectedAction#0","Method:src/ui/include/actionstablemodel.h:ActionsTableModel.actionAt#1","CALLS",0.9,"import-resolved",0
"Method:src/ui/src/actionsresponseswindow.cpp:deleteSelectedAction#0","Method:src/ui/include/actionsmanager.h:ActionsManager.deleteAction#2","CALLS",0.9,"import-resolved",0
"Method:src/ui/src/actionsresponseswindow.cpp:moveSelectedActionUp#0","Method:src/ui/src/actionsresponseswindow.cpp:selectedActionRow#0","CALLS",0.95,"same-file",0
"Method:src/ui/src/actionsresponseswindow.cpp:moveSelectedActionUp#0","Method:src/ui/include/actionstablemodel.h:ActionsTableModel.actionAt#1","CALLS",0.9,"import-resolved",0
"Method:src/ui/src/actionsresponseswindow.cpp:moveSelectedActionUp#0","Method:src/ui/include/actionsmanager.h:ActionsManager.moveAction#3","CALLS",0.9,"import-resolved",0
"Method:src/ui/src/actionsresponseswindow.cpp:moveSelectedActionDown#0","Method:src/ui/src/actionsresponseswindow.cpp:selectedActionRow#0","CALLS",0.95,"same-file",0
"Method:src/ui/src/actionsresponseswindow.cpp:moveSelectedActionDown#0","Method:src/ui/include/actionstablemodel.h:ActionsTableModel.actionAt#1","CALLS",0.9,"import-resolved",0
"Method:src/ui/src/actionsresponseswindow.cpp:moveSelectedActionDown#0","Method:src/ui/include/actionsmanager.h:ActionsManager.moveAction#3","CALLS",0.9,"import-resolved",0
"Method:src/ui/src/actionsresponseswindow.cpp:addResponse#0","Method:src/ui/include/actionsmanager.h:ActionsManager.nextResponseId#0","CALLS",0.9,"import-resolved",0
"Method:src/ui/src/actionsresponseswindow.cpp:addResponse#0","Method:src/ui/include/responseeditdialog.h:ResponseEditDialog.setResponse#2","CALLS",0.9,"import-resolved",0
"Method:src/ui/src/actionsresponseswindow.cpp:addResponse#0","Method:src/ui/include/actionsmanager.h:ActionsManager.actions#0","CALLS",0.9,"import-resolved",0
"Method:src/ui/src/actionsresponseswindow.cpp:addResponse#0","Method:src/ui/include/actionsmanager.h:ActionsManager.createResponse#2","CALLS",0.9,"import-resolved",0
"Method:src/ui/src/actionsresponseswindow.cpp:addResponse#0","Method:src/ui/include/responseeditdialog.h:ResponseEditDialog.response#0","CALLS",0.9,"import-resolved",0
"Method:src/ui/src/actionsresponseswindow.cpp:editSelectedResponse#0","Method:src/ui/src/actionsresponseswindow.cpp:selectedResponseRow#0","CALLS",0.95,"same-file",0
"Method:src/ui/src/actionsresponseswindow.cpp:editSelectedResponse#0","Method:src/ui/include/responsestablemodel.h:ResponsesTableModel.responseAt#1","CALLS",0.9,"import-resolved",0
"Method:src/ui/src/actionsresponseswindow.cpp:editSelectedResponse#0","Method:src/ui/include/responseeditdialog.h:ResponseEditDialog.setResponse#2","CALLS",0.9,"import-resolved",0
"Method:src/ui/src/actionsresponseswindow.cpp:editSelectedResponse#0","Method:src/ui/include/actionsmanager.h:ActionsManager.actions#0","CALLS",0.9,"import-resolved",0
"Method:src/ui/src/actionsresponseswindow.cpp:editSelectedResponse#0","Method:src/ui/include/actionsmanager.h:ActionsManager.updateResponse#3","CALLS",0.9,"import-resolved",0
"Method:src/ui/src/actionsresponseswindow.cpp:editSelectedResponse#0","Method:src/ui/include/responseeditdialog.h:ResponseEditDialog.response#0","CALLS",0.9,"import-resolved",0
"Method:src/ui/src/actionsresponseswindow.cpp:duplicateSelectedResponse#0","Method:src/ui/src/actionsresponseswindow.cpp:selectedResponseRow#0","CALLS",0.95,"same-file",0
"Method:src/ui/src/actionsresponseswindow.cpp:duplicateSelectedResponse#0","Method:src/ui/include/responsestablemodel.h:ResponsesTableModel.responseAt#1","CALLS",0.9,"import-resolved",0
"Method:src/ui/src/actionsresponseswindow.cpp:duplicateSelectedResponse#0","Method:src/ui/include/actionsmanager.h:ActionsManager.nextResponseId#0","CALLS",0.9,"import-resolved",0
"Method:src/ui/src/actionsresponseswindow.cpp:duplicateSelectedResponse#0","Method:src/ui/include/actionsmanager.h:ActionsManager.createResponse#2","CALLS",0.9,"import-resolved",0
"Method:src/ui/src/actionsresponseswindow.cpp:deleteSelectedResponse#0","Method:src/ui/src/actionsresponseswindow.cpp:selectedResponseRow#0","CALLS",0.95,"same-file",0
"Method:src/ui/src/actionsresponseswindow.cpp:deleteSelectedResponse#0","Method:src/ui/include/responsestablemodel.h:ResponsesTableModel.responseAt#1","CALLS",0.9,"import-resolved",0
"Method:src/ui/src/actionsresponseswindow.cpp:deleteSelectedResponse#0","Method:src/ui/include/actionsmanager.h:ActionsManager.deleteResponse#2","CALLS",0.9,"import-resolved",0
"Method:src/ui/src/actionsresponseswindow.cpp:moveSelectedResponseUp#0","Method:src/ui/src/actionsresponseswindow.cpp:selectedResponseRow#0","CALLS",0.95,"same-file",0
"Method:src/ui/src/actionsresponseswindow.cpp:moveSelectedResponseUp#0","Method:src/ui/include/responsestablemodel.h:ResponsesTableModel.responseAt#1","CALLS",0.9,"import-resolved",0
"Method:src/ui/src/actionsresponseswindow.cpp:moveSelectedResponseUp#0","Method:src/ui/include/actionsmanager.h:ActionsManager.moveResponse#3","CALLS",0.9,"import-resolved",0
"Method:src/ui/src/actionsresponseswindow.cpp:moveSelectedResponseDown#0","Method:src/ui/src/actionsresponseswindow.cpp:selectedResponseRow#0","CALLS",0.95,"same-file",0
"Method:src/ui/src/actionsresponseswindow.cpp:moveSelectedResponseDown#0","Method:src/ui/include/responsestablemodel.h:ResponsesTableModel.responseAt#1","CALLS",0.9,"import-resolved",0
"Method:src/ui/src/actionsresponseswindow.cpp:moveSelectedResponseDown#0","Method:src/ui/include/actionsmanager.h:ActionsManager.moveResponse#3","CALLS",0.9,"import-resolved",0
"Method:src/ui/src/actionsmanager.cpp:loadFromRepository#0","Method:src/ui/include/startupprogress.h:StartupProgress.advance#3","CALLS",0.9,"import-resolved",0
"Method:src/ui/src/actionsmanager.cpp:importFromFile#1","Method:src/ui/include/actionsconfigparser.h:ActionsConfigParser.parseFile#1","CALLS",0.9,"import-resolved",0
"Method:src/ui/src/actionsmanager.cpp:importFromFile#1","Method:src/ui/src/actionsmanager.cpp:importFromDefinitions#2","CALLS",0.95,"same-file",0
"Method:src/ui/src/actionsmanager.cpp:createAction#2","Method:src/ui/src/actionsmanager.cpp:nextActionId#0","CALLS",0.95,"same-file",0
"Method:src/ui/src/actionsmanager.cpp:createAction#2","Method:src/ui/src/actionsmanager.cpp:findActionById#1","CALLS",0.95,"same-file",0
"Method:src/ui/src/actionsmanager.cpp:updateAction#3","Method:src/ui/src/abstractlogview.cpp:LineChunk.end#0","CALLS",0.5,"global",0
"Method:src/ui/src/actionsmanager.cpp:deleteAction#2","Method:src/ui/src/abstractlogview.cpp:LineChunk.end#0","CALLS",0.5,"global",0
"Method:src/ui/src/actionsmanager.cpp:deleteAction#2","Method:src/ui/include/highlightedmatch.h:HighlightedMatchRanges.front#0","CALLS",0.5,"global",0
"Method:src/ui/src/actionsmanager.cpp:moveAction#3","Method:src/ui/src/abstractlogview.cpp:LineChunk.end#0","CALLS",0.5,"global",0
"Method:src/ui/src/actionsmanager.cpp:createResponse#2","Method:src/ui/src/actionsmanager.cpp:nextResponseId#0","CALLS",0.95,"same-file",0
"Method:src/ui/src/actionsmanager.cpp:createResponse#2","Method:src/ui/src/actionsmanager.cpp:findResponseById#1","CALLS",0.95,"same-file",0
"Method:src/ui/src/actionsmanager.cpp:updateResponse#3","Method:src/ui/src/abstractlogview.cpp:LineChunk.end#0","CALLS",0.5,"global",0
"Method:src/ui/src/actionsmanager.cpp:deleteResponse#2","Method:src/ui/src/abstractlogview.cpp:LineChunk.end#0","CALLS",0.5,"global",0
"Method:src/ui/src/actionsmanager.cpp:moveResponse#3","Method:src/ui/src/abstractlogview.cpp:LineChunk.end#0","CALLS",0.5,"global",0
"Method:src/ui/src/actionsmanager.cpp:setResponseEnabled#2","Method:src/ui/src/abstractlogview.cpp:LineChunk.end#0","CALLS",0.5,"global",0
"Method:src/ui/src/actionsmanager.cpp:setAutoResponsesEnabled#1","Method:src/ui/include/startupprogress.h:StartupProgress.setValue#3","CALLS",0.9,"import-resolved",0
"Method:src/regex/src/hsregularexpression.cpp:match#1","Method:src/regex/src/hsregularexpression.cpp:reset#0","CALLS",0.95,"same-file",0
"Method:src/regex/src/hsregularexpression.cpp:HsRegularExpression#1","Method:src/regex/src/hsregularexpression.cpp:isValid#0","CALLS",0.95,"same-file",0
"Method:src/regex/src/hsregularexpression.cpp:HsRegularExpression#1","Method:src/regex/src/hsregularexpression.cpp:errorString#0","CALLS",0.95,"same-file",0
"Method:src/regex/src/hsregularexpression.cpp:HsRegularExpression#1","Method:src/ui/include/highlightedmatch.h:HighlightedMatchRanges.back#0","CALLS",0.5,"global",0
"Method:src/regex/src/hsregularexpression.cpp:HsRegularExpression#1","Method:src/ui/src/abstractlogview.cpp:LineChunk.end#0","CALLS",0.5,"global",0
"Method:src/regex/src/hsregularexpression.cpp:createMatcher#0","Method:src/regex/src/hsregularexpression.cpp:isHsValid#0","CALLS",0.95,"same-file",0
"Method:src/regex/src/hsregularexpression.cpp:createMatcher#0","Method:src/regex/include/hsregularexpression.h:DefaultRegularExpressionMatcher.DefaultRegularExpressionMatcher#1","CALLS",0.9,"import-resolved",0
"Method:src/regex/src/hsregularexpression.cpp:createMatcher#0","Method:src/regex/src/hsregularexpression.cpp:HsPrefilterMatcher#2","CALLS",0.95,"same-file",0
"Method:src/regex/src/booleanevaluator.cpp:BooleanExpressionEvaluator#2","Method:src/regex/include/regularexpressionpattern.h:RegularExpressionPattern.id#0","CALLS",0.9,"import-resolved",0
"Method:src/regex/src/booleanevaluator.cpp:evaluate#1","Method:src/regex/include/booleanevaluator.h:BooleanExpressionEvaluator.isValid#0","CALLS",0.9,"import-resolved",0
"Method:src/ui/src/overviewwidget.cpp:paintEvent#1","Method:src/ui/include/overview.h:Overview.updateView#1","CALLS",0.9,"import-resolved",0
"Method:src/ui/src/overviewwidget.cpp:paintEvent#1","Method:src/ui/include/overview.h:Overview.getMatchLines#0","CALLS",0.9,"import-resolved",0
"Method:src/ui/src/overviewwidget.cpp:paintEvent#1","Method:src/ui/include/overview.h:WeightedLine.weight#0","CALLS",0.9,"import-resolved",0
"Method:src/ui/src/overviewwidget.cpp:paintEvent#1","Method:src/ui/include/overview.h:Overview.getMarkLines#0","CALLS",0.9,"import-resolved",0
"Method:src/ui/src/overviewwidget.cpp:paintEvent#1","Method:src/ui/include/overview.h:Overview.getViewLines#0","CALLS",0.9,"import-resolved",0
"Method:src/ui/src/overviewwidget.cpp:paintEvent#1","Method:src/ui/include/overview.h:Overview.yFromFileLine#1","CALLS",0.9,"import-resolved",0
"Method:src/ui/src/overviewwidget.cpp:mousePressEvent#1","Method:src/ui/src/overviewwidget.cpp:handleMousePress#1","CALLS",0.95,"same-file",0
"Method:src/ui/src/overviewwidget.cpp:mouseMoveEvent#1","Method:src/ui/src/overviewwidget.cpp:handleMousePress#1","CALLS",0.95,"same-file",0
"Method:src/ui/src/overviewwidget.cpp:handleMousePress#1","Method:src/ui/include/overview.h:Overview.fileLineFromY#1","CALLS",0.9,"import-resolved",0
"Method:src/ui/src/overviewwidget.cpp:timerEvent#1","Method:src/ui/src/overviewwidget.cpp:timerEvent#1","CALLS",0.95,"same-file",0
"Method:src/logdata/src/compressedlinestorage.cpp:CompressedLinePositionStorage#0","Method:src/logdata/src/compressedlinestorage.cpp:move_from#1","CALLS",0.95,"same-file",0
"Method:src/logdata/src/compressedlinestorage.cpp:operator=#1","Method:src/logdata/src/compressedlinestorage.cpp:move_from#1","CALLS",0.95,"same-file",0
"Method:src/logdata/src/compressedlinestorage.cpp:append#1","Method:src/logdata/include/compressedlinestorage.h:CompressedLinePositionStorage.push_back#1","CALLS",0.9,"import-resolved",0
"Method:src/logdata/src/compressedlinestorage.cpp:append#1","Method:src/ui/include/highlightedmatch.h:HighlightedMatchRanges.front#0","CALLS",0.5,"global",0
"Method:src/logdata/src/compressedlinestorage.cpp:append#1","Method:src/logdata/include/compressedlinestorage.h:CompressedLinePositionStorage.size#0","CALLS",0.9,"import-resolved",0
"Method:src/logdata/src/compressedlinestorage.cpp:append#1","Method:src/logdata/src/compressedlinestorage.cpp:compress_current_block#0","CALLS",0.95,"same-file",0
"Method:src/logdata/src/compressedlinestorage.cpp:compress_current_block#0","Method:src/ui/include/highlightedmatch.h:HighlightedMatchRanges.front#0","CALLS",0.5,"global",0
"Method:src/logdata/src/compressedlinestorage.cpp:at#1","Method:src/logdata/include/compressedlinestorage.h:CompressedLinePositionStorage.size#0","CALLS",0.9,"import-resolved",0
"Method:src/logdata/src/compressedlinestorage.cpp:append_list#1","Method:src/logdata/src/compressedlinestorage.cpp:append#1","CALLS",0.95,"same-file",0
"Method:src/logdata/src/compressedlinestorage.cpp:uncompress_last_block#0","Method:src/ui/include/highlightedmatch.h:HighlightedMatchRanges.back#0","CALLS",0.5,"global",0
"Method:src/logdata/src/compressedlinestorage.cpp:uncompress_last_block#0","Method:src/ui/src/abstractlogview.cpp:LineChunk.end#0","CALLS",0.5,"global",0
"Method:src/logdata/src/compressedlinestorage.cpp:uncompress_last_block#0","Method:src/logdata/src/compressedlinestorage.cpp:pop_back#0","CALLS",0.95,"same-file",0
"Method:src/logdata/src/compressedlinestorage.cpp:pop_back#0","Method:src/logdata/src/compressedlinestorage.cpp:uncompress_last_block#0","CALLS",0.95,"same-file",0
"Method:src/logdata/src/compressedlinestorage.cpp:pop_back#0","Method:src/logdata/src/compressedlinestorage.cpp:pop_back#0","CALLS",0.95,"same-file",0
"Method:src/logdata/src/compressedlinestorage.cpp:pop_back#0","Method:src/logdata/src/compressedlinestorage.cpp:at#1","CALLS",0.95,"same-file",0
"Method:src/logdata/src/compressedlinestorage.cpp:allocatedSize#0","Method:src/logdata/include/compressedlinestorage.h:CompressedLinePositionStorage.size#0","CALLS",0.9,"import-resolved",0
"Method:src/logdata/src/compressedlinestorage.cpp:range#2","Method:src/logdata/include/compressedlinestorage.h:CompressedLinePositionStorage.size#0","CALLS",0.9,"import-resolved",0
"Method:src/ui/src/selection.cpp:selectRangeFromPrevious#1","Method:src/ui/src/selection.cpp:selectRange#2","CALLS",0.95,"same-file",0
"Method:src/ui/src/selection.cpp:getPortionForLine#1","Method:src/ui/include/selection.h:Portion.Portion#3","CALLS",0.9,"import-resolved",0
"Method:src/ui/src/selection.cpp:isPortionSelected#3","Method:src/ui/src/selection.cpp:isLineSelected#1","CALLS",0.95,"same-file",0
"Method:src/ui/src/selection.cpp:isPortionSelected#3","Method:src/ui/src/selection.cpp:getPortionForLine#1","CALLS",0.95,"same-file",0
"Method:src/ui/src/selection.cpp:isPortionSelected#3","Method:src/ui/include/selection.h:Portion.isValid#0","CALLS",0.9,"import-resolved",0
"Method:src/ui/src/selection.cpp:isPortionSelected#3","Method:src/ui/include/selection.h:Portion.startColumn#0","CALLS",0.9,"import-resolved",0
"Method:src/ui/src/selection.cpp:isPortionSelected#3","Method:src/ui/include/selection.h:Portion.endColumn#0","CALLS",0.9,"import-resolved",0
"Method:src/ui/src/selection.cpp:getLines#0","Method:src/ui/src/abstractlogview.cpp:LineChunk.end#0","CALLS",0.5,"global",0
"Method:src/ui/src/selection.cpp:getSelectedText#2","Method:src/ui/src/selection.cpp:getSelectionWithLineNumbers#1","CALLS",0.95,"same-file",0
"Method:src/ui/src/selection.cpp:getSelectedText#2","Method:src/ui/src/abstractlogview.cpp:LineChunk.end#0","CALLS",0.5,"global",0
"Method:src/ui/src/selection.cpp:getSelectedText#2","Method:src/ui/include/selection.h:Selection.isEmpty#0","CALLS",0.9,"import-resolved",0
"Method:src/ui/src/selection.cpp:getSelectionWithLineNumbers#1","Method:src/logdata/include/abstractlogdata.h:AbstractLogData.getLineNumber#1","CALLS",0.9,"import-resolved",0
"Method:src/ui/src/selection.cpp:getSelectionWithLineNumbers#1","Method:src/logdata/include/abstractlogdata.h:AbstractLogData.getExpandedLineString#1","CALLS",0.9,"import-resolved",0
"Method:src/ui/src/selection.cpp:getSelectionWithLineNumbers#1","Method:src/ui/include/wrappedstring.h:WrappedString.mid#2","CALLS",0.5,"global",0
"Method:src/ui/src/selection.cpp:getSelectionWithLineNumbers#1","Method:src/logdata/include/abstractlogdata.h:AbstractLogData.getLines#2","CALLS",0.9,"import-resolved",0
"Method:src/ui/src/selection.cpp:getNextPosition#0","Method:src/logdata/include/linetypes.h:FilePosition.FilePosition#2","CALLS",0.9,"import-resolved",0
"Method:src/ui/src/selection.cpp:getPreviousPosition#0","Method:src/logdata/include/linetypes.h:FilePosition.FilePosition#2","CALLS",0.9,"import-resolved",0
"Method:src/logdata/src/abstractlogdata.cpp:getLineString#1","Method:src/logdata/include/abstractlogdata.h:AbstractLogData.doGetLineString#1","CALLS",0.9,"import-resolved",0
"Method:src/logdata/src/abstractlogdata.cpp:getExpandedLineString#1","Method:src/logdata/include/abstractlogdata.h:AbstractLogData.doGetExpandedLineString#1","CALLS",0.9,"import-resolved",0
"Method:src/logdata/src/abstractlogdata.cpp:getLines#2","Method:src/logdata/include/abstractlogdata.h:AbstractLogData.doGetLines#2","CALLS",0.9,"import-resolved",0
"Method:src/logdata/src/abstractlogdata.cpp:getExpandedLines#2","Method:src/logdata/include/abstractlogdata.h:AbstractLogData.doGetExpandedLines#2","CALLS",0.9,"import-resolved",0
"Method:src/logdata/src/abstractlogdata.cpp:getLineNumber#1","Method:src/logdata/include/abstractlogdata.h:AbstractLogData.doGetLineNumber#1","CALLS",0.9,"import-resolved",0
"Method:src/logdata/src/abstractlogdata.cpp:getNbLine#0","Method:src/logdata/include/abstractlogdata.h:AbstractLogData.doGetNbLine#0","CALLS",0.9,"import-resolved",0
"Method:src/logdata/src/abstractlogdata.cpp:getMaxLength#0","Method:src/logdata/include/abstractlogdata.h:AbstractLogData.doGetMaxLength#0","CALLS",0.9,"import-resolved",0
"Method:src/logdata/src/abstractlogdata.cpp:getLineLength#1","Method:src/logdata/include/abstractlogdata.h:AbstractLogData.doGetLineLength#1","CALLS",0.9,"import-resolved",0
"Method:src/logdata/src/abstractlogdata.cpp:setDisplayEncoding#1","Method:src/logdata/include/abstractlogdata.h:AbstractLogData.doSetDisplayEncoding#1","CALLS",0.9,"import-resolved",0
"Method:src/logdata/src/abstractlogdata.cpp:getDisplayEncoding#0","Method:src/logdata/include/abstractlogdata.h:AbstractLogData.doGetDisplayEncoding#0","CALLS",0.9,"import-resolved",0
"Method:src/logdata/src/abstractlogdata.cpp:attachReader#0","Method:src/logdata/include/abstractlogdata.h:AbstractLogData.doAttachReader#0","CALLS",0.9,"import-resolved",0
"Method:src/logdata/src/abstractlogdata.cpp:detachReader#0","Method:src/logdata/include/abstractlogdata.h:AbstractLogData.doDetachReader#0","CALLS",0.9,"import-resolved",0
"Method:src/ui/src/previewrepository.cpp:load#0","Method:src/ui/src/previewrepository.cpp:storagePath#0","CALLS",0.95,"same-file",0
"Method:src/ui/src/previewrepository.cpp:load#0","Method:src/ui/include/previewconfigparser.h:PreviewConfigParser.parseFile#1","CALLS",0.9,"import-resolved",0
"Method:src/ui/src/previewrepository.cpp:save#2","Method:src/ui/src/abstractlogview.cpp:LineChunk.end#0","CALLS",0.5,"global",0
"Method:src/ui/src/predefinedfilterscombobox.cpp:PredefinedFiltersComboBox#1","Method:src/ui/src/predefinedfilterscombobox.cpp:populatePredefinedFilters#0","CALLS",0.95,"same-file",0
"Method:src/ui/src/predefinedfilterscombobox.cpp:PredefinedFiltersComboBox#1","Method:src/ui/src/predefinedfilterscombobox.cpp:collectFilters#0","CALLS",0.95,"same-file",0
"Method:src/ui/src/predefinedfilterscombobox.cpp:populatePredefinedFilters#0","Method:src/ui/src/predefinedfilterscombobox.cpp:setTitle#1","CALLS",0.95,"same-file",0
"Method:src/ui/src/predefinedfilterscombobox.cpp:populatePredefinedFilters#0","Method:src/ui/src/predefinedfilterscombobox.cpp:insertFilters#1","CALLS",0.95,"same-file",0
"Method:src/ui/src/predefinedfilterscombobox.cpp:selectedFilterIndexes#0","Method:src/ui/include/wrappedstring.h:WrappedString.mid#2","CALLS",0.5,"global",0
"Method:src/ui/src/predefinedfilterscombobox.cpp:commanderFilters#0","Method:src/ui/src/predefinedfilterscombobox.cpp:selectedFilterIndexes#0","CALLS",0.95,"same-file",0
"Method:src/ui/src/predefinedfilterscombobox.cpp:showPopup#0","Method:src/ui/src/predefinedfilterscombobox.cpp:showPopup#0","CALLS",0.95,"same-file",0
"Method:src/ui/src/predefinedfilterscombobox.cpp:showPopup#0","Method:src/ui/include/wrappedstring.h:WrappedString.mid#2","CALLS",0.5,"global",0
"Method:src/ui/src/predefinedfilterscombobox.cpp:insertFilters#1","Method:src/ui/include/viewinterface.h:ViewInterface.setData#2","CALLS",0.5,"global",0
"Method:src/regex/src/regularexpression.cpp:RegularExpression#1","Method:src/ui/include/highlightedmatch.h:HighlightedMatchRanges.front#0","CALLS",0.5,"global",0
"Method:src/regex/src/regularexpression.cpp:RegularExpression#1","Method:src/regex/include/regularexpressionpattern.h:RegularExpressionPattern.id#0","CALLS",0.9,"import-resolved",0
"Method:src/regex/src/regularexpression.cpp:RegularExpression#1","Method:src/ui/src/abstractlogview.cpp:LineChunk.end#0","CALLS",0.5,"global",0
"Method:src/regex/src/regularexpression.cpp:RegularExpression#1","Method:src/regex/src/regularexpression.cpp:isValid#0","CALLS",0.95,"same-file",0
"Method:src/regex/src/regularexpression.cpp:RegularExpression#1","Method:src/regex/src/regularexpression.cpp:errorString#0","CALLS",0.95,"same-file",0
"Method:src/regex/src/regularexpression.cpp:RegularExpression#1","Method:src/regex/include/booleanevaluator.h:BooleanExpressionEvaluator.isValid#0","CALLS",0.9,"import-resolved",0
"Method:src/regex/src/regularexpression.cpp:RegularExpression#1","Method:src/regex/include/booleanevaluator.h:BooleanExpressionEvaluator.errorString#0","CALLS",0.9,"import-resolved",0
"Method:src/regex/src/regularexpression.cpp:PatternMatcher#1","Method:src/ui/include/highlightedmatch.h:HighlightedMatchRanges.front#0","CALLS",0.5,"global",0
"Method:src/regex/src/regularexpression.cpp:PatternMatcher#1","Method:src/regex/include/regularexpressionpattern.h:RegularExpressionPattern.id#0","CALLS",0.9,"import-resolved",0
"Method:src/regex/src/regularexpression.cpp:PatternMatcher#1","Method:src/settings/include/configuration.h:Configuration.regexpEngine#0","CALLS",0.9,"import-resolved",0
"Method:src/regex/src/regularexpression.cpp:PatternMatcher#1","Method:src/regex/include/hsregularexpression.h:DefaultRegularExpressionMatcher.DefaultRegularExpressionMatcher#1","CALLS",0.9,"import-resolved",0
"Method:src/regex/src/regularexpression.cpp:PatternMatcher#1","Method:src/regex/src/regularexpression.cpp:match#1","CALLS",0.95,"same-file",0
"Method:src/regex/src/regularexpression.cpp:PatternMatcher#1","Method:src/regex/include/booleanevaluator.h:BooleanExpressionEvaluator.variableCount#0","CALLS",0.9,"import-resolved",0
"Method:src/regex/src/regularexpression.cpp:PatternMatcher#1","Method:src/regex/include/booleanevaluator.h:BooleanExpressionEvaluator.evaluate#1","CALLS",0.9,"import-resolved",0
"Method:src/regex/src/regularexpression.cpp:MultiRegularExpression#1","Method:src/regex/src/regularexpression.cpp:isValid#0","CALLS",0.95,"same-file",0
"Method:src/regex/src/regularexpression.cpp:MultiRegularExpression#1","Method:src/regex/src/regularexpression.cpp:errorString#0","CALLS",0.95,"same-file",0
"Method:src/ui/src/previewwindow.cpp:refreshTabs#0","Method:src/ui/include/previewmessagetab.h:PreviewMessageTab.refreshPreviewList#0","CALLS",0.9,"import-resolved",0
"Method:src/ui/src/previewmessagetab.cpp:PreviewMessageTab#4","Method:src/ui/src/previewmessagetab.cpp:buildUi#0","CALLS",0.95,"same-file",0
"Method:src/ui/src/previewmessagetab.cpp:PreviewMessageTab#4","Method:src/ui/src/previewmessagetab.cpp:updateRawLineHeight#0","CALLS",0.95,"same-file",0
"Method:src/ui/src/previewmessagetab.cpp:PreviewMessageTab#4","Method:src/ui/src/previewmessagetab.cpp:refreshPreviewList#0","CALLS",0.95,"same-file",0
"Method:src/ui/src/previewmessagetab.cpp:buildUi#0","Method:src/ui/src/predefinedfiltersdialog.cpp:CenteredCheckbox.setChecked#1","CALLS",0.5,"global",0
"Method:src/ui/src/previewmessagetab.cpp:buildUi#0","Method:src/ui/src/previewmessagetab.cpp:updateRawLineHeight#0","CALLS",0.95,"same-file",0
"Method:src/ui/src/previewmessagetab.cpp:buildUi#0","Method:src/ui/include/overview.h:Overview.setVisible#1","CALLS",0.5,"global",0
"Method:src/ui/src/previewmessagetab.cpp:updateRawLineHeight#0","Method:src/ui/include/overview.h:Overview.isVisible#0","CALLS",0.5,"global",0
"Method:src/ui/src/previewmessagetab.cpp:refreshPreviewList#0","Method:src/ui/include/previewmanager.h:PreviewManager.all#0","CALLS",0.9,"import-resolved",0
"Method:src/ui/src/previewmessagetab.cpp:refreshPreviewList#0","Method:src/ui/src/previewmessagetab.cpp:handlePreviewSelectionChanged#1","CALLS",0.95,"same-file",0
"Method:src/ui/src/previewmessagetab.cpp:handlePreviewSelectionChanged#1","Method:src/ui/src/previewmessagetab.cpp:applyAutoDetection#0","CALLS",0.95,"same-file",0
"Method:src/ui/src/previewmessagetab.cpp:handlePreviewSelectionChanged#1","Method:src/ui/src/previewmessagetab.cpp:renderPreview#1","CALLS",0.95,"same-file",0
"Method:src/ui/src/previewmessagetab.cpp:applyAutoDetection#0","Method:src/ui/include/previewmanager.h:PreviewManager.all#0","CALLS",0.9,"import-resolved",0
"Method:src/ui/src/previewmessagetab.cpp:applyAutoDetection#0","Method:src/ui/src/previewmessagetab.cpp:showMessage#1","CALLS",0.95,"same-file",0
"Method:src/ui/src/previewmessagetab.cpp:applyAutoDetection#0","Method:src/ui/src/previewmessagetab.cpp:updateTitle#1","CALLS",0.95,"same-file",0
"Method:src/ui/src/previewmessagetab.cpp:applyAutoDetection#0","Method:src/ui/include/previewmanager.h:PreviewManager.findFirstMatchingEnabledPreview#1","CALLS",0.9,"import-resolved",0
"Method:src/ui/src/previewmessagetab.cpp:applyAutoDetection#0","Method:src/ui/src/previewmessagetab.cpp:renderPreview#1","CALLS",0.95,"same-file",0
"Method:src/ui/src/previewmessagetab.cpp:renderPreview#1","Method:src/ui/include/previewmanager.h:PreviewManager.all#0","CALLS",0.9,"import-resolved",0
"Method:src/ui/src/previewmessagetab.cpp:renderPreview#1","Method:src/ui/src/previewmessagetab.cpp:showMessage#1","CALLS",0.95,"same-file",0
"Method:src/ui/src/previewmessagetab.cpp:renderPreview#1","Method:src/ui/src/previewmessagetab.cpp:updateTitle#1","CALLS",0.95,"same-file",0
"Method:src/ui/src/previewmessagetab.cpp:renderPreview#1","Method:src/ui/include/previewmanager.h:PreviewManager.findByName#1","CALLS",0.9,"import-resolved",0
"Method:src/ui/src/previewmessagetab.cpp:updateTitle#1","Method:src/ui/src/previewmessagetab.cpp:makeSnippet#0","CALLS",0.95,"same-file",0
"Method:src/ui/src/previewmanager.cpp:importFromFile#1","Method:src/ui/include/previewconfigparser.h:PreviewConfigParser.parseFile#1","CALLS",0.9,"import-resolved",0
"Method:src/ui/src/previewmanager.cpp:importFromFile#1","Method:src/ui/src/abstractlogview.cpp:LineChunk.end#0","CALLS",0.5,"global",0
"Method:src/ui/src/previewmanager.cpp:removeByName#1","Method:src/ui/src/abstractlogview.cpp:LineChunk.end#0","CALLS",0.5,"global",0
"Method:src/ui/src/previewmanager.cpp:findByName#1","Method:src/ui/src/abstractlogview.cpp:LineChunk.end#0","CALLS",0.5,"global",0
"Method:src/ui/src/previewmanager.cpp:findBlock#1","Method:src/ui/src/abstractlogview.cpp:LineChunk.end#0","CALLS",0.5,"global",0
"Method:src/ui/src/previewmanager.cpp:setEnabled#2","Method:src/ui/src/abstractlogview.cpp:LineChunk.end#0","CALLS",0.5,"global",0
"Method:src/ui/src/quickfindmux.cpp:QuickFindMux#1","Method:src/ui/src/quickfindmux.cpp:notifyPatternChanged#0","CALLS",0.95,"same-file",0
"Method:src/ui/src/quickfindmux.cpp:registerSelector#1","Method:src/ui/src/quickfindmux.cpp:unregisterAllSearchables#0","CALLS",0.95,"same-file",0
"Method:src/ui/src/quickfindmux.cpp:registerSelector#1","Method:src/ui/include/quickfindmux.h:QuickFindMuxSelectorInterface.getAllSearchables#0","CALLS",0.9,"import-resolved",0
"Method:src/ui/src/quickfindmux.cpp:registerSelector#1","Method:src/ui/src/quickfindmux.cpp:registerSearchable#1","CALLS",0.95,"same-file",0
"Method:src/ui/src/quickfindmux.cpp:searchNext#0","Method:src/ui/src/quickfindmux.cpp:searchForward#0","CALLS",0.95,"same-file",0
"Method:src/ui/src/quickfindmux.cpp:searchNext#0","Method:src/ui/src/quickfindmux.cpp:searchBackward#0","CALLS",0.95,"same-file",0
"Method:src/ui/src/quickfindmux.cpp:searchPrevious#0","Method:src/ui/src/quickfindmux.cpp:searchBackward#0","CALLS",0.95,"same-file",0
"Method:src/ui/src/quickfindmux.cpp:searchPrevious#0","Method:src/ui/src/quickfindmux.cpp:searchForward#0","CALLS",0.95,"same-file",0
"Method:src/ui/src/quickfindmux.cpp:searchForward#0","Method:src/ui/src/quickfindmux.cpp:getSearchableWidget#0","CALLS",0.95,"same-file",0
"Method:src/ui/src/quickfindmux.cpp:searchForward#0","Method:src/ui/src/quickfindmux.cpp:searchForward#0","CALLS",0.95,"same-file",0
"Method:src/ui/src/quickfindmux.cpp:searchBackward#0","Method:src/ui/src/quickfindmux.cpp:getSearchableWidget#0","CALLS",0.95,"same-file",0
"Method:src/ui/src/quickfindmux.cpp:searchBackward#0","Method:src/ui/src/quickfindmux.cpp:searchBackward#0","CALLS",0.95,"same-file",0
"Method:src/ui/src/quickfindmux.cpp:setNewPattern#3","Method:src/settings/include/configuration.h:Configuration.isQuickfindIncremental#0","CALLS",0.9,"import-resolved",0
"Method:src/ui/src/quickfindmux.cpp:setNewPattern#3","Method:src/ui/src/quickfindmux.cpp:getSearchableWidget#0","CALLS",0.95,"same-file",0
"Method:src/ui/src/quickfindmux.cpp:setNewPattern#3","Method:src/ui/include/quickfindmux.h:SearchableWidgetInterface.incrementallySearchForward#0","CALLS",0.9,"import-resolved",0
"Method:src/ui/src/quickfindmux.cpp:setNewPattern#3","Method:src/ui/include/quickfindmux.h:SearchableWidgetInterface.incrementallySearchBackward#0","CALLS",0.9,"import-resolved",0
"Method:src/ui/src/quickfindmux.cpp:confirmPattern#3","Method:src/settings/include/configuration.h:Configuration.isQuickfindIncremental#0","CALLS",0.9,"import-resolved",0
"Method:src/ui/src/quickfindmux.cpp:confirmPattern#3","Method:src/ui/src/quickfindmux.cpp:getSearchableWidget#0","CALLS",0.95,"same-file",0
"Method:src/ui/src/quickfindmux.cpp:confirmPattern#3","Method:src/ui/include/quickfindmux.h:SearchableWidgetInterface.incrementalSearchStop#0","CALLS",0.9,"import-resolved",0
"Method:src/ui/src/quickfindmux.cpp:cancelSearch#0","Method:src/settings/include/configuration.h:Configuration.isQuickfindIncremental#0","CALLS",0.9,"import-resolved",0
"Method:src/ui/src/quickfindmux.cpp:cancelSearch#0","Method:src/ui/src/quickfindmux.cpp:getSearchableWidget#0","CALLS",0.95,"same-file",0
"Method:src/ui/src/quickfindmux.cpp:cancelSearch#0","Method:src/ui/include/quickfindmux.h:SearchableWidgetInterface.incrementalSearchAbort#0","CALLS",0.9,"import-resolved",0
"Method:src/ui/src/quickfindmux.cpp:changeQuickFind#2","Method:src/ui/include/quickfindpattern.h:QuickFindPattern.changeSearchPattern#2","CALLS",0.5,"global",0
"Method:src/ui/src/quickfindmux.cpp:changeQuickFind#2","Method:src/ui/src/quickfindmux.cpp:setDirection#1","CALLS",0.95,"same-file",0
"Method:src/ui/src/quickfindmux.cpp:notifyPatternChanged#0","Method:src/ui/include/quickfindpattern.h:QuickFindPattern.getPattern#0","CALLS",0.5,"global",0
"Method:src/ui/src/quickfindmux.cpp:getSearchableWidget#0","Method:src/ui/include/quickfindmux.h:QuickFindMuxSelectorInterface.getActiveSearchable#0","CALLS",0.9,"import-resolved",0
"Method:src/ui/src/quickfindmux.cpp:registerSearchable#1","Method:src/ui/include/abstractlogview.h:AbstractLogView.clearQuickFindNotification#0","CALLS",0.5,"global",0
"Method:src/ui/src/quickfindmux.cpp:registerSearchable#1","Method:src/ui/include/quickfindmux.h:QuickFindMux.clearNotification#0","CALLS",0.9,"import-resolved",0
"Method:src/ui/src/quickfindmux.cpp:registerSearchable#1","Method:src/ui/src/quickfindmux.cpp:searchNext#0","CALLS",0.95,"same-file",0
"Method:src/ui/src/quickfindmux.cpp:registerSearchable#1","Method:src/ui/src/quickfindmux.cpp:searchPrevious#0","CALLS",0.95,"same-file",0
"Method:src/ui/src/quickfindpattern.cpp:changeSearchPattern#2","Method:src/settings/include/configuration.h:Configuration.quickfindRegexpType#0","CALLS",0.9,"import-resolved",0
"Method:src/ui/src/quickfindpattern.cpp:changeSearchPattern#2","Method:src/ui/src/quickfindpattern.cpp:changeSearchPattern#2","CALLS",0.95,"same-file",0
"Method:src/ui/src/quickfindpattern.cpp:matchLine#2","Method:src/settings/include/configuration.h:Configuration.qfBackColor#0","CALLS",0.9,"import-resolved",0
"Method:src/ui/src/quickfind.cpp:LastMatchPosition::set#1","Method:src/ui/include/quickfind.h:LastMatchPosition.set#2","CALLS",0.9,"import-resolved",0
"Method:src/ui/src/quickfind.cpp:LastMatchPosition::set#1","Method:src/logdata/include/linetypes.h:FilePosition.line#0","CALLS",0.9,"import-resolved",0
"Method:src/ui/src/quickfind.cpp:LastMatchPosition::set#1","Method:src/logdata/include/linetypes.h:FilePosition.column#0","CALLS",0.9,"import-resolved",0
"Method:src/ui/src/quickfind.cpp:LastMatchPosition::isLater#1","Method:src/ui/include/quickfind.h:LastMatchPosition.isLater#2","CALLS",0.9,"import-resolved",0
"Method:src/ui/src/quickfind.cpp:LastMatchPosition::isLater#1","Method:src/logdata/include/linetypes.h:FilePosition.line#0","CALLS",0.9,"import-resolved",0
"Method:src/ui/src/quickfind.cpp:LastMatchPosition::isLater#1","Method:src/logdata/include/linetypes.h:FilePosition.column#0","CALLS",0.9,"import-resolved",0
"Method:src/ui/src/quickfind.cpp:LastMatchPosition::isSooner#1","Method:src/ui/include/quickfind.h:LastMatchPosition.isSooner#2","CALLS",0.9,"import-resolved",0
"Method:src/ui/src/quickfind.cpp:LastMatchPosition::isSooner#1","Method:src/logdata/include/linetypes.h:FilePosition.line#0","CALLS",0.9,"import-resolved",0
"Method:src/ui/src/quickfind.cpp:LastMatchPosition::isSooner#1","Method:src/logdata/include/linetypes.h:FilePosition.column#0","CALLS",0.9,"import-resolved",0
"Method:src/ui/src/quickfind.cpp:incrementalSearchStop#0","Method:src/ui/include/quickfind.h:IncrementalSearchStatus.isOngoing#0","CALLS",0.9,"import-resolved",0
"Method:src/ui/src/quickfind.cpp:incrementalSearchStop#0","Method:src/ui/include/quickfind.h:IncrementalSearchStatus.initialSelection#0","CALLS",0.9,"import-resolved",0
"Method:src/ui/src/quickfind.cpp:incrementalSearchStop#0","Method:src/ui/include/quickfind.h:IncrementalSearchStatus.IncrementalSearchStatus","CALLS",0.9,"import-resolved",0
"Method:src/ui/src/quickfind.cpp:incrementalSearchAbort#0","Method:src/ui/include/quickfind.h:IncrementalSearchStatus.isOngoing#0","CALLS",0.9,"import-resolved",0
"Method:src/ui/src/quickfind.cpp:incrementalSearchAbort#0","Method:src/ui/include/quickfind.h:IncrementalSearchStatus.initialSelection#0","CALLS",0.9,"import-resolved",0
"Method:src/ui/src/quickfind.cpp:incrementalSearchAbort#0","Method:src/ui/include/quickfind.h:IncrementalSearchStatus.IncrementalSearchStatus","CALLS",0.9,"import-resolved",0
"Method:src/ui/src/quickfind.cpp:onSearchFutureReady#0","Method:tests/ui/qtests_main.cpp:TestRunner.result#0","CALLS",0.5,"global",0
"Method:src/ui/src/quickfind.cpp:onSearchFutureReady#0","Method:src/ui/include/selection.h:Portion.isValid#0","CALLS",0.9,"import-resolved",0
"Method:src/ui/src/quickfind.cpp:onSearchFutureReady#0","Method:src/ui/include/quickfind.h:IncrementalSearchStatus.direction#0","CALLS",0.9,"import-resolved",0
"Method:src/ui/src/quickfind.cpp:onSearchFutureReady#0","Method:src/ui/include/quickfind.h:IncrementalSearchStatus.position#0","CALLS",0.9,"import-resolved",0
"Method:src/ui/src/quickfind.cpp:incrementallySearchForward#2","Method:src/ui/include/selection.h:Selection.getNextPosition#0","CALLS",0.9,"import-resolved",0
"Method:src/ui/src/quickfind.cpp:incrementallySearchForward#2","Method:src/ui/include/quickfind.h:IncrementalSearchStatus.direction#0","CALLS",0.9,"import-resolved",0
"Method:src/ui/src/quickfind.cpp:incrementallySearchForward#2","Method:src/ui/include/quickfind.h:IncrementalSearchStatus.position#0","CALLS",0.9,"import-resolved",0
"Method:src/ui/src/quickfind.cpp:incrementallySearchForward#2","Method:src/ui/src/quickfind.cpp:doSearchForward#3","CALLS",0.95,"same-file",0
"Method:src/ui/src/quickfind.cpp:incrementallySearchBackward#2","Method:src/ui/include/selection.h:Selection.getPreviousPosition#0","CALLS",0.9,"import-resolved",0
"Method:src/ui/src/quickfind.cpp:incrementallySearchBackward#2","Method:src/ui/include/quickfind.h:IncrementalSearchStatus.direction#0","CALLS",0.9,"import-resolved",0
"Method:src/ui/src/quickfind.cpp:incrementallySearchBackward#2","Method:src/ui/include/quickfind.h:IncrementalSearchStatus.position#0","CALLS",0.9,"import-resolved",0
"Method:src/ui/src/quickfind.cpp:incrementallySearchBackward#2","Method:src/ui/src/quickfind.cpp:doSearchBackward#3","CALLS",0.95,"same-file",0
"Method:src/ui/src/quickfind.cpp:searchForward#2","Method:src/ui/include/quickfind.h:IncrementalSearchStatus.IncrementalSearchStatus","CALLS",0.9,"import-resolved",0
"Method:src/ui/src/quickfind.cpp:searchForward#2","Method:src/ui/src/quickfind.cpp:doSearchForward#2","CALLS",0.95,"same-file",0
"Method:src/ui/src/quickfind.cpp:searchBackward#2","Method:src/ui/include/quickfind.h:IncrementalSearchStatus.IncrementalSearchStatus","CALLS",0.9,"import-resolved",0
"Method:src/ui/src/quickfind.cpp:searchBackward#2","Method:src/ui/src/quickfind.cpp:doSearchBackward#2","CALLS",0.95,"same-file",0
"Method:src/ui/src/quickfind.cpp:doSearchForward#2","Method:src/ui/src/quickfind.cpp:doSearchForward#3","CALLS",0.95,"same-file",0
"Method:src/ui/src/quickfind.cpp:doSearchForward#2","Method:src/ui/include/selection.h:Selection.getNextPosition#0","CALLS",0.9,"import-resolved",0
"Method:src/ui/src/quickfind.cpp:doSearchForward#2","Method:src/ui/include/selection.h:Selection.clear#0","CALLS",0.9,"import-resolved",0
"Method:src/ui/src/quickfind.cpp:doSearchForward#2","Method:src/ui/include/quickfindpattern.h:QuickFindMatcher.isActive#0","CALLS",0.9,"import-resolved",0
"Method:src/ui/src/quickfind.cpp:doSearchForward#2","Method:src/ui/include/quickfind.h:LastMatchPosition.isLater#1","CALLS",0.9,"import-resolved",0
"Method:src/ui/src/quickfind.cpp:doSearchForward#2","Method:src/ui/src/quickfind.cpp:sendNotification#1","CALLS",0.95,"same-file",0
"Method:src/ui/src/quickfind.cpp:doSearchForward#2","Method:src/ui/include/qfnotifications.h:QFNotificationReachedEndOfFile.QFNotificationReachedEndOfFile#0","CALLS",0.9,"import-resolved",0
"Method:src/ui/src/quickfind.cpp:doSearchForward#2","Method:src/logdata/include/linetypes.h:FilePosition.line#0","CALLS",0.9,"import-resolved",0
"Method:src/ui/src/quickfind.cpp:doSearchForward#2","Method:src/ui/include/quickfindpattern.h:QuickFindMatcher.isLineMatching#2","CALLS",0.9,"import-resolved",0
"Method:src/ui/src/quickfind.cpp:doSearchForward#2","Method:src/logdata/include/abstractlogdata.h:AbstractLogData.getExpandedLineString#1","CALLS",0.9,"import-resolved",0
"Method:src/ui/src/quickfind.cpp:doSearchForward#2","Method:src/logdata/include/linetypes.h:FilePosition.column#0","CALLS",0.9,"import-resolved",0
"Method:src/ui/src/quickfind.cpp:doSearchForward#2","Method:src/ui/include/quickfindpattern.h:QuickFindMatcher.getLastMatch#0","CALLS",0.9,"import-resolved",0
"Method:src/ui/src/quickfind.cpp:doSearchForward#2","Method:src/ui/src/quickfind.cpp:reset#0","CALLS",0.95,"same-file",0
"Method:src/ui/src/quickfind.cpp:doSearchForward#2","Method:src/logdata/include/abstractlogdata.h:AbstractLogData.getNbLine#0","CALLS",0.9,"import-resolved",0
"Method:src/ui/src/quickfind.cpp:doSearchForward#2","Method:src/ui/include/quickfind.h:SearchingNotifier.ping#3","CALLS",0.9,"import-resolved",0
"Method:src/ui/src/quickfind.cpp:doSearchForward#2","Method:src/ui/include/selection.h:Selection.getPreviousPosition#0","CALLS",0.9,"import-resolved",0
"Method:src/ui/src/quickfind.cpp:doSearchForward#2","Method:src/ui/include/quickfind.h:LastMatchPosition.set#1","CALLS",0.9,"import-resolved",0
"Method:src/ui/src/quickfind.cpp:doSearchBackward#2","Method:src/ui/src/quickfind.cpp:doSearchBackward#3","CALLS",0.95,"same-file",0
"Method:src/ui/src/quickfind.cpp:doSearchBackward#2","Method:src/ui/include/selection.h:Selection.getPreviousPosition#0","CALLS",0.9,"import-resolved",0
"Method:src/ui/src/quickfind.cpp:doSearchBackward#2","Method:src/ui/include/selection.h:Selection.clear#0","CALLS",0.9,"import-resolved",0
"Method:src/ui/src/quickfind.cpp:doSearchBackward#2","Method:src/ui/include/quickfindpattern.h:QuickFindMatcher.isActive#0","CALLS",0.9,"import-resolved",0
"Method:src/ui/src/quickfind.cpp:doSearchBackward#2","Method:src/ui/include/quickfind.h:LastMatchPosition.isSooner#1","CALLS",0.9,"import-resolved",0
"Method:src/ui/src/quickfind.cpp:doSearchBackward#2","Method:src/ui/src/quickfind.cpp:sendNotification#1","CALLS",0.95,"same-file",0
"Method:src/ui/src/quickfind.cpp:doSearchBackward#2","Method:src/ui/include/qfnotifications.h:QFNotificationReachedBegininningOfFile.QFNotificationReachedBegininningOfFile#0","CALLS",0.9,"import-resolved",0
"Method:src/ui/src/quickfind.cpp:doSearchBackward#2","Method:src/logdata/include/linetypes.h:FilePosition.line#0","CALLS",0.9,"import-resolved",0
"Method:src/ui/src/quickfind.cpp:doSearchBackward#2","Method:src/logdata/include/linetypes.h:FilePosition.column#0","CALLS",0.9,"import-resolved",0
"Method:src/ui/src/quickfind.cpp:doSearchBackward#2","Method:src/ui/include/quickfindpattern.h:QuickFindMatcher.isLineMatchingBackward#2","CALLS",0.9,"import-resolved",0
"Method:src/ui/src/quickfind.cpp:doSearchBackward#2","Method:src/logdata/include/abstractlogdata.h:AbstractLogData.getExpandedLineString#1","CALLS",0.9,"import-resolved",0
"Method:src/ui/src/quickfind.cpp:doSearchBackward#2","Method:src/ui/include/quickfindpattern.h:QuickFindMatcher.getLastMatch#0","CALLS",0.9,"import-resolved",0
"Method:src/ui/src/quickfind.cpp:doSearchBackward#2","Method:src/ui/src/quickfind.cpp:reset#0","CALLS",0.95,"same-file",0
"Method:src/ui/src/quickfind.cpp:doSearchBackward#2","Method:src/logdata/include/abstractlogdata.h:AbstractLogData.getNbLine#0","CALLS",0.9,"import-resolved",0
"Method:src/ui/src/quickfind.cpp:doSearchBackward#2","Method:src/ui/include/quickfind.h:SearchingNotifier.ping#3","CALLS",0.9,"import-resolved",0
"Method:src/ui/src/quickfind.cpp:doSearchBackward#2","Method:src/ui/include/selection.h:Selection.getNextPosition#0","CALLS",0.9,"import-resolved",0
"Method:src/ui/src/quickfind.cpp:doSearchBackward#2","Method:src/ui/include/quickfind.h:LastMatchPosition.set#1","CALLS",0.9,"import-resolved",0
"Method:src/ui/src/quickfind.cpp:resetLimits#0","Method:src/ui/src/quickfind.cpp:reset#0","CALLS",0.95,"same-file",0
"Method:src/logdata/include/logdataoperation.h:OperationQueue.enqueueOperation#1","Method:src/logdata/include/logdataoperation.h:OperationQueue.enqueueOperation#1","CALLS",0.95,"same-file",0
"Method:src/ui/src/previewstablemodel.cpp:data#2","Method:src/logdata/include/linetypes.h:FilePosition.column#0","CALLS",0.5,"global",0
"Method:src/ui/src/previewstablemodel.cpp:flags#1","Method:src/logdata/include/linetypes.h:FilePosition.column#0","CALLS",0.5,"global",0
"Method:src/ui/src/previewstablemodel.cpp:setData#3","Method:src/logdata/include/linetypes.h:FilePosition.column#0","CALLS",0.5,"global",0
"Method:src/ui/src/importpreviewsdialog.cpp:ImportPreviewsDialog#1","Method:src/ui/include/iconloader.h:IconLoader.load#1","CALLS",0.9,"import-resolved",0
"Method:src/ui/src/importpreviewsdialog.cpp:ImportPreviewsDialog#1","Method:src/ui/src/importpreviewsdialog.cpp:updateButtons#0","CALLS",0.95,"same-file",0
"Method:src/ui/src/importpreviewsdialog.cpp:ImportPreviewsDialog#1","Method:src/ui/src/importpreviewsdialog.cpp:refreshTable#0","CALLS",0.95,"same-file",0
"Method:src/ui/src/importpreviewsdialog.cpp:importPreviews#0","Method:src/ui/include/previewmanager.h:PreviewManager.importFromFile#1","CALLS",0.9,"import-resolved",0
"Method:src/ui/src/importpreviewsdialog.cpp:removeSelectedPreview#0","Method:src/ui/include/previewmanager.h:PreviewManager.all#0","CALLS",0.9,"import-resolved",0
"Method:src/ui/src/importpreviewsdialog.cpp:removeSelectedPreview#0","Method:src/ui/include/previewmanager.h:PreviewManager.removeByName#1","CALLS",0.9,"import-resolved",0
"Method:src/ui/src/importpreviewsdialog.cpp:clearAllPreviews#0","Method:src/ui/include/previewmanager.h:PreviewManager.clearAll#0","CALLS",0.9,"import-resolved",0
"Method:src/ui/src/importpreviewsdialog.cpp:refreshTable#0","Method:src/ui/include/previewstablemodel.h:PreviewsTableModel.refresh#0","CALLS",0.9,"import-resolved",0
"Method:src/ui/src/importpreviewsdialog.cpp:refreshTable#0","Method:src/ui/src/importpreviewsdialog.cpp:updateDialogWidth#0","CALLS",0.95,"same-file",0
"Method:src/ui/src/importpreviewsdialog.cpp:refreshTable#0","Method:src/ui/src/importpreviewsdialog.cpp:updateButtons#0","CALLS",0.95,"same-file",0
"Method:src/ui/src/importpreviewsdialog.cpp:updateDialogWidth#0","Method:src/ui/include/overview.h:Overview.isVisible#0","CALLS",0.5,"global",0
"Method:src/ui/src/importpreviewsdialog.cpp:updateDialogWidth#0","Method:src/ui/include/previewstablemodel.h:PreviewsTableModel.columnCount#1","CALLS",0.9,"import-resolved",0
"Method:src/ui/src/highlighteredit.cpp:HighlighterEdit#2","Method:src/ui/src/highlighteredit.cpp:reset#0","CALLS",0.95,"same-file",0
"Method:src/ui/src/highlighteredit.cpp:reset#0","Method:src/ui/src/predefinedfiltersdialog.cpp:CenteredCheckbox.setChecked#1","CALLS",0.5,"global",0
"Method:src/ui/src/highlighteredit.cpp:reset#0","Method:src/ui/include/startupprogress.h:StartupProgress.setValue#3","CALLS",0.5,"global",0
"Method:src/ui/src/highlighteredit.cpp:reset#0","Method:src/ui/src/highlighteredit.cpp:updateIcon#2","CALLS",0.95,"same-file",0
"Method:src/ui/src/highlighteredit.cpp:setHighlighter#1","Method:src/ui/src/predefinedfiltersdialog.cpp:CenteredCheckbox.setChecked#1","CALLS",0.5,"global",0
"Method:src/ui/src/highlighteredit.cpp:setHighlighter#1","Method:src/ui/include/startupprogress.h:StartupProgress.setValue#3","CALLS",0.5,"global",0
"Method:src/ui/src/highlighteredit.cpp:setHighlighter#1","Method:src/ui/src/highlighteredit.cpp:updateIcon#2","CALLS",0.95,"same-file",0
"Method:src/ui/src/highlighteredit.cpp:setHighlighter#1","Method:src/ui/include/highlighterset.h:Highlighter.useRegex#0","CALLS",0.9,"import-resolved",0
"Method:src/ui/src/highlighteredit.cpp:setPattern#1","Method:src/ui/src/highlighteredit.cpp:setPattern#1","CALLS",0.95,"same-file",0
"Method:src/ui/src/highlighteredit.cpp:setIgnoreCase#1","Method:src/ui/src/highlighteredit.cpp:setIgnoreCase#1","CALLS",0.95,"same-file",0
"Method:src/ui/src/highlighteredit.cpp:setHighlightOnlyMatch#1","Method:src/ui/src/highlighteredit.cpp:setHighlightOnlyMatch#1","CALLS",0.95,"same-file",0
"Method:src/ui/src/highlighteredit.cpp:setVariateColors#1","Method:src/ui/src/highlighteredit.cpp:setVariateColors#1","CALLS",0.95,"same-file",0
"Method:src/ui/src/highlighteredit.cpp:setVariateColors#1","Method:src/ui/src/highlighteredit.cpp:setColorVariance#1","CALLS",0.95,"same-file",0
"Method:src/ui/src/highlighteredit.cpp:setColorVariance#1","Method:src/ui/src/highlighteredit.cpp:setColorVariance#1","CALLS",0.95,"same-file",0
"Method:src/ui/src/highlighteredit.cpp:changeForeColor#0","Method:src/ui/src/highlighteredit.cpp:showColorPicker#2","CALLS",0.95,"same-file",0
"Method:src/ui/src/highlighteredit.cpp:changeForeColor#0","Method:src/ui/src/highlighteredit.cpp:updateIcon#2","CALLS",0.95,"same-file",0
"Method:src/ui/src/highlighteredit.cpp:changeBackColor#0","Method:src/ui/src/highlighteredit.cpp:showColorPicker#2","CALLS",0.95,"same-file",0
"Method:src/ui/src/highlighteredit.cpp:changeBackColor#0","Method:src/ui/src/highlighteredit.cpp:updateIcon#2","CALLS",0.95,"same-file",0
"Method:src/ui/src/highlighteredit.cpp:showColorPicker#2","Method:tests/ui/qtests_main.cpp:TestRunner.result#0","CALLS",0.5,"global",0
"Method:src/ui/src/overview.cpp:updateView#1","Method:src/ui/src/overview.cpp:recalculatesLines#0","CALLS",0.95,"same-file",0
"Method:src/ui/src/overview.cpp:recalculatesLines#0","Method:src/logdata/include/logfiltereddata.h:LogFilteredData.iterateOverLines#1","CALLS",0.9,"import-resolved",0
"Method:src/ui/src/overview.cpp:recalculatesLines#0","Method:src/logdata/include/logfiltereddata.h:LogFilteredData.lineTypeByLine#1","CALLS",0.9,"import-resolved",0
"Method:src/ui/src/overview.cpp:recalculatesLines#0","Method:src/ui/src/overview.cpp:yFromFileLine#1","CALLS",0.95,"same-file",0
"Method:src/ui/src/overview.cpp:recalculatesLines#0","Method:src/ui/include/highlightedmatch.h:HighlightedMatchRanges.back#0","CALLS",0.5,"global",0
"Method:src/ui/src/overview.cpp:recalculatesLines#0","Method:src/ui/include/overview.h:WeightedLine.load#0","CALLS",0.9,"import-resolved",0
"Method:src/ui/src/abstractlogview.cpp:reset#0","Method:src/ui/include/highlightedmatch.h:HighlightedMatchRanges.clear#0","CALLS",0.9,"import-resolved",0
"Method:src/ui/src/abstractlogview.cpp:content#0","Method:src/ui/src/abstractlogview.cpp:reset#0","CALLS",0.95,"same-file",0
"Method:src/ui/src/abstractlogview.cpp:isEmpty#0","Method:src/ui/src/abstractlogview.cpp:isEmpty#0","CALLS",0.95,"same-file",0
"Method:src/ui/src/abstractlogview.cpp:timerEvent#1","Method:src/ui/src/abstractlogview.cpp:reset#0","CALLS",0.95,"same-file",0
"Method:src/ui/src/abstractlogview.cpp:timerEvent#1","Method:src/ui/src/abstractlogview.cpp:timerEvent#1","CALLS",0.95,"same-file",0
"Method:src/ui/src/abstractlogview.cpp:AbstractLogView#3","Method:src/settings/include/configuration.h:Configuration.useTextWrap#0","CALLS",0.9,"import-resolved",0
"Method:src/ui/src/abstractlogview.cpp:AbstractLogView#3","Method:src/ui/src/abstractlogview.cpp:createMenu#0","CALLS",0.95,"same-file",0
"Method:src/ui/src/abstractlogview.cpp:AbstractLogView#3","Method:src/ui/src/abstractlogview.cpp:handlePatternUpdated#0","CALLS",0.95,"same-file",0
"Method:src/ui/src/abstractlogview.cpp:AbstractLogView#3","Method:src/ui/include/quickfind.h:QuickFind.clearNotification#0","CALLS",0.9,"import-resolved",0
"Method:src/ui/src/abstractlogview.cpp:AbstractLogView#3","Method:src/ui/include/abstractlogview.h:AbstractLogView.clearQuickFindNotification#0","CALLS",0.9,"import-resolved",0
"Method:src/ui/src/abstractlogview.cpp:AbstractLogView#3","Method:src/ui/include/viewtools.h:ElasticHook.hooked#1","CALLS",0.5,"global",0
"Method:src/ui/src/abstractlogview.cpp:AbstractLogView#3","Method:src/ui/src/abstractlogview.cpp:disableFollow#0","CALLS",0.95,"same-file",0
"Method:src/ui/src/abstractlogview.cpp:~AbstractLogView#0","Method:src/ui/include/quickfind.h:QuickFind.stopSearch#0","CALLS",0.9,"import-resolved",0
"Method:src/ui/src/abstractlogview.cpp:changeEvent#1","Method:src/ui/src/abstractlogview.cpp:changeEvent#1","CALLS",0.95,"same-file",0
"Method:src/ui/src/abstractlogview.cpp:mousePressEvent#1","Method:src/ui/src/abstractlogview.cpp:convertCoordToLine#1","CALLS",0.95,"same-file",0
"Method:src/ui/src/abstractlogview.cpp:mousePressEvent#1","Method:src/ui/src/abstractlogview.cpp:convertCoordToFilePos#1","CALLS",0.95,"same-file",0
"Method:src/ui/src/abstractlogview.cpp:mousePressEvent#1","Method:src/ui/include/selection.h:Selection.selectLine#1","CALLS",0.5,"global",0
"Method:src/ui/src/abstractlogview.cpp:mousePressEvent#1","Method:src/logdata/include/linetypes.h:FilePosition.column#0","CALLS",0.9,"import-resolved",0
"Method:src/ui/src/abstractlogview.cpp:mousePressEvent#1","Method:src/ui/include/selection.h:Selection.isSingleLine#0","CALLS",0.5,"global",0
"Method:src/ui/src/abstractlogview.cpp:mousePressEvent#1","Method:src/ui/src/abstractlogview.cpp:LineChunk.size#0","CALLS",0.95,"same-file",0
"Method:src/ui/src/abstractlogview.cpp:mousePressEvent#1","Method:src/ui/include/abstractlogview.h:AbstractLogView.lineType#1","CALLS",0.9,"import-resolved",0
"Method:src/ui/src/abstractlogview.cpp:mousePressEvent#1","Method:src/ui/include/selection.h:Selection.isPortion#0","CALLS",0.5,"global",0
"Method:src/ui/src/abstractlogview.cpp:mousePressEvent#1","Method:src/ui/include/highlightersmenu.h:HighlightersMenu.createHighlightersMenu#0","CALLS",0.9,"import-resolved",0
"Method:src/ui/src/abstractlogview.cpp:mousePressEvent#1","Method:src/ui/include/highlightersmenu.h:HighlightersMenu.populateHighlightersMenu#0","CALLS",0.9,"import-resolved",0
"Method:src/ui/src/abstractlogview.cpp:mousePressEvent#1","Method:src/ui/include/highlightersmenu.h:HighlightersMenu.setApplyChange#1","CALLS",0.9,"import-resolved",0
"Method:src/ui/src/abstractlogview.cpp:mousePressEvent#1","Method:src/ui/include/highlightedmatch.h:HighlightedMatchRanges.clear#0","CALLS",0.9,"import-resolved",0
"Method:src/ui/src/abstractlogview.cpp:mousePressEvent#1","Method:src/ui/src/predefinedfiltersdialog.cpp:CenteredCheckbox.setChecked#1","CALLS",0.5,"global",0
"Method:src/ui/src/abstractlogview.cpp:mousePressEvent#1","Method:src/ui/include/highlighterset.h:HighlighterSetCollection.quickHighlighters#0","CALLS",0.9,"import-resolved",0
"Method:src/ui/src/abstractlogview.cpp:mousePressEvent#1","Method:src/ui/include/highlightersmenu.h:HighlightersMenu.clearHighlightersMenu#0","CALLS",0.9,"import-resolved",0
"Method:src/ui/src/abstractlogview.cpp:mouseMoveEvent#1","Method:src/ui/src/abstractlogview.cpp:convertCoordToFilePos#1","CALLS",0.95,"same-file",0
"Method:src/ui/src/abstractlogview.cpp:mouseMoveEvent#1","Method:src/logdata/include/linetypes.h:FilePosition.line#0","CALLS",0.9,"import-resolved",0
"Method:src/ui/src/abstractlogview.cpp:mouseMoveEvent#1","Method:src/ui/src/abstractlogview.cpp:getSelectedText#0","CALLS",0.95,"same-file",0
"Method:src/ui/src/abstractlogview.cpp:mouseMoveEvent#1","Method:src/ui/src/abstractlogview.cpp:LineChunk.size#0","CALLS",0.95,"same-file",0
"Method:src/ui/src/abstractlogview.cpp:mouseMoveEvent#1","Method:src/logdata/include/linetypes.h:FilePosition.column#0","CALLS",0.9,"import-resolved",0
"Method:src/ui/src/abstractlogview.cpp:mouseMoveEvent#1","Method:src/ui/include/selection.h:Selection.selectLine#1","CALLS",0.5,"global",0
"Method:src/ui/src/abstractlogview.cpp:mouseMoveEvent#1","Method:src/ui/src/abstractlogview.cpp:considerMouseHovering#2","CALLS",0.95,"same-file",0
"Method:src/ui/src/abstractlogview.cpp:mouseReleaseEvent#1","Method:src/ui/src/abstractlogview.cpp:convertCoordToLine#1","CALLS",0.95,"same-file",0
"Method:src/ui/src/abstractlogview.cpp:mouseReleaseEvent#1","Method:src/ui/src/abstractlogview.cpp:updateGlobalSelection#0","CALLS",0.95,"same-file",0
"Method:src/ui/src/abstractlogview.cpp:mouseDoubleClickEvent#1","Method:src/ui/src/abstractlogview.cpp:convertCoordToFilePos#1","CALLS",0.95,"same-file",0
"Method:src/ui/src/abstractlogview.cpp:mouseDoubleClickEvent#1","Method:src/ui/src/abstractlogview.cpp:selectWordAtPosition#1","CALLS",0.95,"same-file",0
"Method:src/ui/src/abstractlogview.cpp:timerEvent#1","Method:src/ui/src/abstractlogview.cpp:mouseMoveEvent#1","CALLS",0.95,"same-file",0
"Method:src/ui/src/abstractlogview.cpp:moveSelectionUp#0","Method:src/ui/src/abstractlogview.cpp:content#0","CALLS",0.95,"same-file",0
"Method:src/ui/src/abstractlogview.cpp:moveSelectionUp#0","Method:src/ui/src/abstractlogview.cpp:disableFollow#0","CALLS",0.95,"same-file",0
"Method:src/ui/src/abstractlogview.cpp:moveSelectionUp#0","Method:src/ui/src/abstractlogview.cpp:moveSelection#2","CALLS",0.95,"same-file",0
"Method:src/ui/src/abstractlogview.cpp:moveSelectionDown#0","Method:src/ui/src/abstractlogview.cpp:content#0","CALLS",0.95,"same-file",0
"Method:src/ui/src/abstractlogview.cpp:moveSelectionDown#0","Method:src/ui/src/abstractlogview.cpp:disableFollow#0","CALLS",0.95,"same-file",0
"Method:src/ui/src/abstractlogview.cpp:moveSelectionDown#0","Method:src/ui/src/abstractlogview.cpp:moveSelection#2","CALLS",0.95,"same-file",0
"Method:src/ui/src/abstractlogview.cpp:registerShortcut#2","Method:src/settings/include/configuration.h:Configuration.shortcuts#0","CALLS",0.9,"import-resolved",0
"Method:src/ui/src/abstractlogview.cpp:registerShortcuts#0","Method:src/ui/src/abstractlogview.cpp:doRegisterShortcuts#0","CALLS",0.95,"same-file",0
"Method:src/ui/src/abstractlogview.cpp:doRegisterShortcuts#0","Method:src/ui/include/highlightedmatch.h:HighlightedMatchRanges.clear#0","CALLS",0.9,"import-resolved",0
"Method:src/ui/src/abstractlogview.cpp:doRegisterShortcuts#0","Method:src/ui/src/abstractlogview.cpp:registerShortcut#2","CALLS",0.95,"same-file",0
"Method:src/ui/src/abstractlogview.cpp:doRegisterShortcuts#0","Method:src/ui/src/abstractlogview.cpp:moveSelectionUp#0","CALLS",0.95,"same-file",0
"Method:src/ui/src/abstractlogview.cpp:doRegisterShortcuts#0","Method:src/ui/src/abstractlogview.cpp:moveSelectionDown#0","CALLS",0.95,"same-file",0
"Method:src/ui/src/abstractlogview.cpp:doRegisterShortcuts#0","Method:src/ui/src/abstractlogview.cpp:selectAndDisplayLine#1","CALLS",0.95,"same-file",0
"Method:src/ui/src/abstractlogview.cpp:doRegisterShortcuts#0","Method:src/ui/src/abstractlogview.cpp:maxDisplayLineNumber#0","CALLS",0.95,"same-file",0
"Method:src/ui/src/abstractlogview.cpp:doRegisterShortcuts#0","Method:src/ui/src/abstractlogview.cpp:jumpToBottom#0","CALLS",0.95,"same-file",0
"Method:src/ui/src/abstractlogview.cpp:doRegisterShortcuts#0","Method:src/ui/include/viewtools.h:ElasticHook.hook#1","CALLS",0.5,"global",0
"Method:src/ui/src/abstractlogview.cpp:doRegisterShortcuts#0","Method:src/ui/src/abstractlogview.cpp:jumpToStartOfLine#0","CALLS",0.95,"same-file",0
"Method:src/ui/src/abstractlogview.cpp:doRegisterShortcuts#0","Method:src/ui/src/abstractlogview.cpp:jumpToEndOfLine#0","CALLS",0.95,"same-file",0
"Method:src/ui/src/abstractlogview.cpp:doRegisterShortcuts#0","Method:src/ui/src/abstractlogview.cpp:jumpToRightOfScreen#0","CALLS",0.95,"same-file",0
"Method:src/ui/src/abstractlogview.cpp:doRegisterShortcuts#0","Method:src/ui/src/abstractlogview.cpp:findNextSelected#0","CALLS",0.95,"same-file",0
"Method:src/ui/src/abstractlogview.cpp:doRegisterShortcuts#0","Method:src/ui/src/abstractlogview.cpp:findPreviousSelected#0","CALLS",0.95,"same-file",0
"Method:src/ui/src/abstractlogview.cpp:doRegisterShortcuts#0","Method:src/ui/src/abstractlogview.cpp:markSelected#0","CALLS",0.95,"same-file",0
"Method:src/ui/src/abstractlogview.cpp:doRegisterShortcuts#0","Method:src/ui/src/abstractlogview.cpp:content#0","CALLS",0.95,"same-file",0
"Method:src/ui/src/abstractlogview.cpp:doRegisterShortcuts#0","Method:src/ui/src/abstractlogview.cpp:trySelectLine#1","CALLS",0.95,"same-file",0
"Method:src/ui/src/abstractlogview.cpp:doRegisterShortcuts#0","Method:src/ui/src/abstractlogview.cpp:addToSearch#0","CALLS",0.95,"same-file",0
"Method:src/ui/src/abstractlogview.cpp:doRegisterShortcuts#0","Method:src/ui/src/abstractlogview.cpp:excludeFromSearch#0","CALLS",0.95,"same-file",0
"Method:src/ui/src/abstractlogview.cpp:doRegisterShortcuts#0","Method:src/ui/src/abstractlogview.cpp:replaceSearch#0","CALLS",0.95,"same-file",0
"Method:src/ui/src/abstractlogview.cpp:doRegisterShortcuts#0","Method:src/logdata/include/linetypes.h:FilePosition.FilePosition#2","CALLS",0.9,"import-resolved",0
"Method:src/ui/src/abstractlogview.cpp:doRegisterShortcuts#0","Method:src/ui/src/abstractlogview.cpp:selectAndDisplayRange#1","CALLS",0.95,"same-file",0
"Method:src/ui/src/abstractlogview.cpp:keyPressEvent#1","Method:src/ui/src/abstractlogview.cpp:LineChunk.size#0","CALLS",0.95,"same-file",0
"Method:src/ui/src/abstractlogview.cpp:keyPressEvent#1","Method:src/ui/src/abstractlogview.cpp:isEmpty#0","CALLS",0.95,"same-file",0
"Method:src/ui/src/abstractlogview.cpp:keyPressEvent#1","Method:src/ui/src/abstractlogview.cpp:add#1","CALLS",0.95,"same-file",0
"Method:src/ui/src/abstractlogview.cpp:keyPressEvent#1","Method:src/ui/src/abstractlogview.cpp:jumpToStartOfLine#0","CALLS",0.95,"same-file",0
"Method:src/ui/src/abstractlogview.cpp:keyPressEvent#1","Method:src/ui/src/abstractlogview.cpp:keyPressEvent#1","CALLS",0.95,"same-file",0
"Method:src/ui/src/abstractlogview.cpp:wheelEvent#1","Method:src/ui/src/abstractlogview.cpp:wheelEvent#1","CALLS",0.95,"same-file",0
"Method:src/ui/src/abstractlogview.cpp:wheelEvent#1","Method:src/ui/src/abstractlogview.cpp:jumpToBottom#0","CALLS",0.95,"same-file",0
"Method:src/ui/src/abstractlogview.cpp:wheelEvent#1","Method:src/ui/include/viewtools.h:ElasticHook.hold#0","CALLS",0.5,"global",0
"Method:src/ui/src/abstractlogview.cpp:wheelEvent#1","Method:src/ui/include/viewtools.h:ElasticHook.release#0","CALLS",0.5,"global",0
"Method:src/ui/src/abstractlogview.cpp:wheelEvent#1","Method:src/ui/src/abstractlogview.cpp:LineChunk.size#0","CALLS",0.95,"same-file",0
"Method:src/ui/src/abstractlogview.cpp:wheelEvent#1","Method:src/ui/include/viewtools.h:ElasticHook.isHooked#0","CALLS",0.5,"global",0
"Method:src/ui/src/abstractlogview.cpp:resizeEvent#1","Method:src/ui/src/abstractlogview.cpp:updateDisplaySize#0","CALLS",0.95,"same-file",0
"Method:src/ui/src/abstractlogview.cpp:event#1","Method:src/ui/src/abstractlogview.cpp:event#1","CALLS",0.95,"same-file",0
"Method:src/ui/src/abstractlogview.cpp:lineNumberToVerticalScroll#1","Method:src/ui/src/abstractlogview.cpp:verticalScrollMultiplicator#0","CALLS",0.95,"same-file",0
"Method:src/ui/src/abstractlogview.cpp:verticalScrollToLineNumber#1","Method:src/ui/src/abstractlogview.cpp:verticalScrollMultiplicator#0","CALLS",0.95,"same-file",0
"Method:src/ui/src/abstractlogview.cpp:scrollContentsBy#2","Method:src/ui/src/abstractlogview.cpp:getNbVisibleLines#0","CALLS",0.95,"same-file",0
"Method:src/ui/src/abstractlogview.cpp:scrollContentsBy#2","Method:src/ui/src/abstractlogview.cpp:verticalScrollToLineNumber#1","CALLS",0.95,"same-file",0
"Method:src/ui/src/abstractlogview.cpp:scrollContentsBy#2","Method:src/ui/include/overview.h:Overview.updateCurrentPosition#2","CALLS",0.9,"import-resolved",0
"Method:src/ui/src/abstractlogview.cpp:scrollContentsBy#2","Method:src/ui/src/abstractlogview.cpp:considerMouseHovering#2","CALLS",0.95,"same-file",0
"Method:src/ui/src/abstractlogview.cpp:paintEvent#1","Method:src/ui/src/abstractlogview.cpp:isEmpty#0","CALLS",0.95,"same-file",0
"Method:src/ui/src/abstractlogview.cpp:paintEvent#1","Method:src/utils/include/perfcounter.h:PerfCounter.addEvent#0","CALLS",0.5,"global",0
"Method:src/ui/src/abstractlogview.cpp:paintEvent#1","Method:src/utils/include/perfcounter.h:PerfCounter.readAndReset#0","CALLS",0.5,"global",0
"Method:src/ui/src/abstractlogview.cpp:paintEvent#1","Method:src/ui/src/abstractlogview.cpp:drawTextArea#1","CALLS",0.95,"same-file",0
"Method:src/ui/src/abstractlogview.cpp:paintEvent#1","Method:src/ui/src/abstractlogview.cpp:getNbVisibleLines#0","CALLS",0.95,"same-file",0
"Method:src/ui/src/abstractlogview.cpp:paintEvent#1","Method:src/ui/src/abstractlogview.cpp:LineChunk.size#0","CALLS",0.95,"same-file",0
"Method:src/ui/src/abstractlogview.cpp:paintEvent#1","Method:src/ui/include/viewtools.h:ElasticHook.isHooked#0","CALLS",0.5,"global",0
"Method:src/ui/src/abstractlogview.cpp:paintEvent#1","Method:src/ui/src/abstractlogview.cpp:getNbVisibleCols#0","CALLS",0.95,"same-file",0
"Method:src/ui/src/abstractlogview.cpp:paintEvent#1","Method:src/ui/src/abstractlogview.cpp:drawPullToFollowBar#2","CALLS",0.95,"same-file",0
"Method:src/ui/src/abstractlogview.cpp:setOverview#2","Method:src/ui/src/abstractlogview.cpp:refreshOverview#0","CALLS",0.95,"same-file",0
"Method:src/ui/src/abstractlogview.cpp:getViewPosition#0","Method:src/ui/src/abstractlogview.cpp:getNbVisibleLines#0","CALLS",0.95,"same-file",0
"Method:src/ui/src/abstractlogview.cpp:searchUsingFunction#1","Method:src/ui/src/abstractlogview.cpp:disableFollow#0","CALLS",0.95,"same-file",0
"Method:src/ui/src/abstractlogview.cpp:searchUsingFunction#1","Method:src/ui/include/quickfindpattern.h:QuickFindPattern.getMatcher#0","CALLS",0.9,"import-resolved",0
"Method:src/ui/src/abstractlogview.cpp:setQuickFindResult#2","Method:src/ui/include/selection.h:Portion.isValid#0","CALLS",0.9,"import-resolved",0
"Method:src/ui/src/abstractlogview.cpp:setQuickFindResult#2","Method:src/ui/include/selection.h:Portion.line#0","CALLS",0.9,"import-resolved",0
"Method:src/ui/src/abstractlogview.cpp:setQuickFindResult#2","Method:src/ui/src/abstractlogview.cpp:displayLine#1","CALLS",0.95,"same-file",0
"Method:src/ui/src/abstractlogview.cpp:setQuickFindResult#2","Method:src/ui/include/selection.h:Selection.selectPortion#1","CALLS",0.5,"global",0
"Method:src/ui/src/abstractlogview.cpp:setQuickFindResult#2","Method:src/ui/include/highlightedmatch.h:HighlightedMatchRanges.clear#0","CALLS",0.9,"import-resolved",0
"Method:src/ui/src/abstractlogview.cpp:searchForward#0","Method:src/ui/src/abstractlogview.cpp:searchUsingFunction#1","CALLS",0.95,"same-file",0
"Method:src/ui/src/abstractlogview.cpp:searchBackward#0","Method:src/ui/src/abstractlogview.cpp:searchUsingFunction#1","CALLS",0.95,"same-file",0
"Method:src/ui/src/abstractlogview.cpp:incrementallySearchForward#0","Method:src/ui/src/abstractlogview.cpp:searchUsingFunction#1","CALLS",0.95,"same-file",0
"Method:src/ui/src/abstractlogview.cpp:incrementallySearchBackward#0","Method:src/ui/src/abstractlogview.cpp:searchUsingFunction#1","CALLS",0.95,"same-file",0
"Method:src/ui/src/abstractlogview.cpp:incrementalSearchAbort#0","Method:src/ui/src/abstractlogview.cpp:incrementalSearchAbort#0","CALLS",0.95,"same-file",0
"Method:src/ui/src/abstractlogview.cpp:incrementalSearchStop#0","Method:src/ui/src/abstractlogview.cpp:incrementalSearchStop#0","CALLS",0.95,"same-file",0
"Method:src/ui/src/abstractlogview.cpp:incrementalSearchStop#0","Method:src/ui/src/abstractlogview.cpp:isEmpty#0","CALLS",0.95,"same-file",0
"Method:src/ui/src/abstractlogview.cpp:allowFollowMode#1","Method:src/ui/include/viewtools.h:ElasticHook.allowHook#1","CALLS",0.5,"global",0
"Method:src/ui/src/abstractlogview.cpp:setSearchPattern#1","Method:src/ui/src/abstractlogview.cpp:forceRefresh#0","CALLS",0.95,"same-file",0
"Method:src/ui/src/abstractlogview.cpp:setQuickHighlighters#1","Method:src/ui/src/abstractlogview.cpp:forceRefresh#0","CALLS",0.95,"same-file",0
"Method:src/ui/src/abstractlogview.cpp:followSet#1","Method:src/ui/include/viewtools.h:ElasticHook.hook#1","CALLS",0.5,"global",0
"Method:src/ui/src/abstractlogview.cpp:followSet#1","Method:src/ui/src/abstractlogview.cpp:forceRefresh#0","CALLS",0.95,"same-file",0
"Method:src/ui/src/abstractlogview.cpp:followSet#1","Method:src/ui/src/abstractlogview.cpp:jumpToBottom#0","CALLS",0.95,"same-file",0
"Method:src/ui/src/abstractlogview.cpp:textWrapSet#1","Method:src/ui/src/abstractlogview.cpp:updateScrollBars#0","CALLS",0.95,"same-file",0
"Method:src/ui/src/abstractlogview.cpp:textWrapSet#1","Method:src/ui/src/abstractlogview.cpp:forceRefresh#0","CALLS",0.95,"same-file",0
"Method:src/ui/src/abstractlogview.cpp:refreshOverview#0","Method:src/ui/include/abstractlogview.h:AbstractLogView.getOverview#0","CALLS",0.9,"import-resolved",0
"Method:src/ui/src/abstractlogview.cpp:refreshOverview#0","Method:src/ui/include/overview.h:Overview.isVisible#0","CALLS",0.9,"import-resolved",0
"Method:src/ui/src/abstractlogview.cpp:handlePatternUpdated#0","Method:src/ui/include/quickfind.h:QuickFind.resetLimits#0","CALLS",0.9,"import-resolved",0
"Method:src/ui/src/abstractlogview.cpp:handlePatternUpdated#0","Method:src/ui/src/abstractlogview.cpp:forceRefresh#0","CALLS",0.95,"same-file",0
"Method:src/ui/src/abstractlogview.cpp:addToSearch#0","Method:src/ui/include/selection.h:Selection.isPortion#0","CALLS",0.5,"global",0
"Method:src/ui/src/abstractlogview.cpp:replaceSearch#0","Method:src/ui/include/selection.h:Selection.isPortion#0","CALLS",0.5,"global",0
"Method:src/ui/src/abstractlogview.cpp:excludeFromSearch#0","Method:src/ui/include/selection.h:Selection.isPortion#0","CALLS",0.5,"global",0
"Method:src/ui/src/abstractlogview.cpp:findNextSelected#0","Method:src/ui/include/selection.h:Selection.isPortion#0","CALLS",0.5,"global",0
"Method:src/ui/src/abstractlogview.cpp:findPreviousSelected#0","Method:src/ui/include/selection.h:Selection.isPortion#0","CALLS",0.5,"global",0
"Method:src/ui/src/abstractlogview.cpp:markSelected#0","Method:src/ui/src/abstractlogview.cpp:LineDrawer.empty#0","CALLS",0.95,"same-file",0
"Method:src/ui/src/abstractlogview.cpp:saveToFile#0","Method:src/ui/src/abstractlogview.cpp:saveLinesToFile#2","CALLS",0.95,"same-file",0
"Method:src/ui/src/abstractlogview.cpp:saveSelectedToFile#0","Method:src/ui/src/abstractlogview.cpp:LineDrawer.empty#0","CALLS",0.95,"same-file",0
"Method:src/ui/src/abstractlogview.cpp:saveSelectedToFile#0","Method:src/ui/include/highlightedmatch.h:HighlightedMatchRanges.front#0","CALLS",0.9,"import-resolved",0
"Method:src/ui/src/abstractlogview.cpp:saveSelectedToFile#0","Method:src/ui/include/highlightedmatch.h:HighlightedMatchRanges.back#0","CALLS",0.9,"import-resolved",0
"Method:src/ui/src/abstractlogview.cpp:saveSelectedToFile#0","Method:src/ui/src/abstractlogview.cpp:saveLinesToFile#2","CALLS",0.95,"same-file",0
"Method:src/ui/src/abstractlogview.cpp:saveLinesToFile#2","Method:src/ui/src/abstractlogview.cpp:isEmpty#0","CALLS",0.95,"same-file",0
"Method:src/ui/src/abstractlogview.cpp:saveLinesToFile#2","Method:src/utils/include/atomicflag.h:AtomicFlag.set#0","CALLS",0.9,"import-resolved",0
"Method:src/ui/src/abstractlogview.cpp:saveLinesToFile#2","Method:src/ui/src/abstractlogview.cpp:LineChunk.size#0","CALLS",0.95,"same-file",0
"Method:src/ui/src/abstractlogview.cpp:saveLinesToFile#2","Method:src/ui/include/startupprogress.h:StartupProgress.setValue#3","CALLS",0.5,"global",0
"Method:src/ui/src/abstractlogview.cpp:updateSearchLimits#0","Method:src/ui/src/abstractlogview.cpp:forceRefresh#0","CALLS",0.95,"same-file",0
"Method:src/ui/src/abstractlogview.cpp:setSearchStart#0","Method:src/ui/src/abstractlogview.cpp:displayLineNumber#1","CALLS",0.95,"same-file",0
"Method:src/ui/src/abstractlogview.cpp:setSearchStart#0","Method:src/ui/src/abstractlogview.cpp:updateSearchLimits#0","CALLS",0.95,"same-file",0
"Method:src/ui/src/abstractlogview.cpp:setSearchEnd#0","Method:src/ui/src/abstractlogview.cpp:displayLineNumber#1","CALLS",0.95,"same-file",0
"Method:src/ui/src/abstractlogview.cpp:setSearchEnd#0","Method:src/ui/src/abstractlogview.cpp:updateSearchLimits#0","CALLS",0.95,"same-file",0
"Method:src/ui/src/abstractlogview.cpp:setSelectionEnd#0","Method:src/ui/src/abstractlogview.cpp:forceRefresh#0","CALLS",0.95,"same-file",0
"Method:src/ui/src/abstractlogview.cpp:updateData#0","Method:src/ui/include/startupprogress.h:StartupProgress.setValue#3","CALLS",0.5,"global",0
"Method:src/ui/src/abstractlogview.cpp:updateData#0","Method:src/ui/src/abstractlogview.cpp:updateScrollBars#0","CALLS",0.95,"same-file",0
"Method:src/ui/src/abstractlogview.cpp:updateData#0","Method:src/ui/include/quickfind.h:QuickFind.resetLimits#0","CALLS",0.9,"import-resolved",0
"Method:src/ui/src/abstractlogview.cpp:updateData#0","Method:src/ui/src/abstractlogview.cpp:jumpToBottom#0","CALLS",0.95,"same-file",0
"Method:src/ui/src/abstractlogview.cpp:updateData#0","Method:src/ui/src/abstractlogview.cpp:getNbVisibleLines#0","CALLS",0.95,"same-file",0
"Method:src/ui/src/abstractlogview.cpp:updateData#0","Method:src/ui/include/overview.h:Overview.updateCurrentPosition#2","CALLS",0.9,"import-resolved",0
"Method:src/ui/src/abstractlogview.cpp:updateData#0","Method:src/ui/src/abstractlogview.cpp:forceRefresh#0","CALLS",0.95,"same-file",0
"Method:src/ui/src/abstractlogview.cpp:updateFont#1","Method:src/ui/src/abstractlogview.cpp:updateDisplaySize#0","CALLS",0.95,"same-file",0
"Method:src/ui/src/abstractlogview.cpp:updateDisplaySize#0","Method:src/ui/src/abstractlogview.cpp:updateScrollBars#0","CALLS",0.95,"same-file",0
"Method:src/ui/src/abstractlogview.cpp:updateDisplaySize#0","Method:src/ui/src/abstractlogview.cpp:getNbVisibleLines#0","CALLS",0.95,"same-file",0
"Method:src/ui/src/abstractlogview.cpp:updateDisplaySize#0","Method:src/ui/src/abstractlogview.cpp:jumpToBottom#0","CALLS",0.95,"same-file",0
"Method:src/ui/src/abstractlogview.cpp:visibleLineEnd#0","Method:src/ui/src/abstractlogview.cpp:visibleLayoutFor#2","CALLS",0.95,"same-file",0
"Method:src/ui/src/abstractlogview.cpp:visibleLineEnd#0","Method:src/ui/src/abstractlogview.cpp:getNbVisibleLines#0","CALLS",0.95,"same-file",0
"Method:src/ui/src/abstractlogview.cpp:isPartialSelection#0","Method:src/ui/include/selection.h:Selection.isPortion#0","CALLS",0.5,"global",0
"Method:src/ui/src/abstractlogview.cpp:selectAll#0","Method:src/ui/src/abstractlogview.cpp:forceRefresh#0","CALLS",0.95,"same-file",0
"Method:src/ui/src/abstractlogview.cpp:trySelectLine#1","Method:src/ui/src/abstractlogview.cpp:selectAndDisplayLine#1","CALLS",0.95,"same-file",0
"Method:src/ui/src/abstractlogview.cpp:selectAndDisplayLine#1","Method:src/ui/src/abstractlogview.cpp:disableFollow#0","CALLS",0.95,"same-file",0
"Method:src/ui/src/abstractlogview.cpp:selectAndDisplayLine#1","Method:src/ui/include/selection.h:Selection.selectLine#1","CALLS",0.5,"global",0
"Method:src/ui/src/abstractlogview.cpp:selectAndDisplayLine#1","Method:src/ui/src/abstractlogview.cpp:displayLine#1","CALLS",0.95,"same-file",0
"Method:src/ui/src/abstractlogview.cpp:selectPortionAndDisplayLine#4","Method:src/ui/src/abstractlogview.cpp:disableFollow#0","CALLS",0.95,"same-file",0
"Method:src/ui/src/abstractlogview.cpp:selectPortionAndDisplayLine#4","Method:src/ui/include/selection.h:Selection.selectLine#1","CALLS",0.5,"global",0
"Method:src/ui/src/abstractlogview.cpp:selectPortionAndDisplayLine#4","Method:src/ui/src/abstractlogview.cpp:displayLine#1","CALLS",0.95,"same-file",0
"Method:src/ui/src/abstractlogview.cpp:jumpToLine#1","Method:src/ui/src/abstractlogview.cpp:getNbVisibleLines#0","CALLS",0.95,"same-file",0
"Method:src/ui/src/abstractlogview.cpp:jumpToLine#1","Method:src/ui/include/startupprogress.h:StartupProgress.setValue#3","CALLS",0.5,"global",0
"Method:src/ui/src/abstractlogview.cpp:jumpToLine#1","Method:src/ui/src/abstractlogview.cpp:lineNumberToVerticalScroll#1","CALLS",0.95,"same-file",0
"Method:src/ui/src/abstractlogview.cpp:setSearchLimits#2","Method:src/ui/src/abstractlogview.cpp:forceRefresh#0","CALLS",0.95,"same-file",0
"Method:src/ui/src/abstractlogview.cpp:getNbVisibleCols#0","Method:src/ui/include/overview.h:Overview.isVisible#0","CALLS",0.9,"import-resolved",0
"Method:src/ui/src/abstractlogview.cpp:convertCoordToLine#1","Method:src/ui/src/abstractlogview.cpp:LineChunk.size#0","CALLS",0.95,"same-file",0
"Method:src/ui/src/abstractlogview.cpp:convertCoordToLine#1","Method:src/ui/src/abstractlogview.cpp:LineDrawer.empty#0","CALLS",0.95,"same-file",0
"Method:src/ui/src/abstractlogview.cpp:convertCoordToFilePos#1","Method:src/ui/src/abstractlogview.cpp:LineDrawer.empty#0","CALLS",0.95,"same-file",0
"Method:src/ui/src/abstractlogview.cpp:convertCoordToFilePos#1","Method:src/ui/src/abstractlogview.cpp:LineChunk.size#0","CALLS",0.95,"same-file",0
"Method:src/ui/src/abstractlogview.cpp:convertCoordToFilePos#1","Method:src/ui/include/wrappedstring.h:WrappedString.unwrappedLine#0","CALLS",0.5,"global",0
"Method:src/ui/src/abstractlogview.cpp:convertCoordToFilePos#1","Method:src/ui/include/wrappedstring.h:WrappedString.wrappedLine#1","CALLS",0.5,"global",0
"Method:src/ui/src/abstractlogview.cpp:convertCoordToFilePos#1","Method:src/ui/include/wrappedstring.h:WrappedString.mid#2","CALLS",0.5,"global",0
"Method:src/ui/src/abstractlogview.cpp:convertCoordToFilePos#1","Method:src/ui/src/abstractlogview.cpp:getNbVisibleCols#0","CALLS",0.95,"same-file",0
"Method:src/ui/src/abstractlogview.cpp:convertCoordToFilePos#1","Method:src/ui/src/abstractlogview.cpp:LineChunk.end#0","CALLS",0.95,"same-file",0
"Method:src/ui/src/abstractlogview.cpp:displayLine#1","Method:src/ui/src/abstractlogview.cpp:getNbVisibleLines#0","CALLS",0.95,"same-file",0
"Method:src/ui/src/abstractlogview.cpp:displayLine#1","Method:src/ui/src/abstractlogview.cpp:forceRefresh#0","CALLS",0.95,"same-file",0
"Method:src/ui/src/abstractlogview.cpp:displayLine#1","Method:src/ui/src/abstractlogview.cpp:jumpToLine#1","CALLS",0.95,"same-file",0
"Method:src/ui/src/abstractlogview.cpp:displayLine#1","Method:src/ui/include/startupprogress.h:StartupProgress.setValue#3","CALLS",0.5,"global",0
"Method:src/ui/src/abstractlogview.cpp:displayLine#1","Method:src/ui/src/abstractlogview.cpp:LineDrawer.endColumn#0","CALLS",0.95,"same-file",0
"Method:src/ui/src/abstractlogview.cpp:displayLine#1","Method:src/ui/src/abstractlogview.cpp:getNbVisibleCols#0","CALLS",0.95,"same-file",0
"Method:src/ui/src/abstractlogview.cpp:moveSelection#2","Method:src/ui/src/abstractlogview.cpp:LineDrawer.empty#0","CALLS",0.95,"same-file",0
"Method:src/ui/src/abstractlogview.cpp:moveSelection#2","Method:src/ui/include/highlightedmatch.h:HighlightedMatchRanges.front#0","CALLS",0.9,"import-resolved",0
"Method:src/ui/src/abstractlogview.cpp:moveSelection#2","Method:src/ui/include/highlightedmatch.h:HighlightedMatchRanges.back#0","CALLS",0.9,"import-resolved",0
"Method:src/ui/src/abstractlogview.cpp:moveSelection#2","Method:src/ui/include/selection.h:Selection.selectLine#1","CALLS",0.5,"global",0
"Method:src/ui/src/abstractlogview.cpp:moveSelection#2","Method:src/ui/src/abstractlogview.cpp:displayLine#1","CALLS",0.95,"same-file",0
"Method:src/ui/src/abstractlogview.cpp:moveSelection#2","Method:src/ui/src/abstractlogview.cpp:getSelectedText#0","CALLS",0.95,"same-file",0
"Method:src/ui/src/abstractlogview.cpp:moveSelection#2","Method:src/ui/src/abstractlogview.cpp:LineChunk.size#0","CALLS",0.95,"same-file",0
"Method:src/ui/src/abstractlogview.cpp:jumpToStartOfLine#0","Method:src/ui/include/startupprogress.h:StartupProgress.setValue#3","CALLS",0.5,"global",0
"Method:src/ui/src/abstractlogview.cpp:jumpToEndOfLine#0","Method:src/ui/include/startupprogress.h:StartupProgress.setValue#3","CALLS",0.5,"global",0
"Method:src/ui/src/abstractlogview.cpp:jumpToEndOfLine#0","Method:src/ui/src/abstractlogview.cpp:maxLineLength#1","CALLS",0.95,"same-file",0
"Method:src/ui/src/abstractlogview.cpp:jumpToEndOfLine#0","Method:src/ui/src/abstractlogview.cpp:getNbVisibleCols#0","CALLS",0.95,"same-file",0
"Method:src/ui/src/abstractlogview.cpp:jumpToRightOfScreen#0","Method:src/ui/src/abstractlogview.cpp:getNbVisibleLines#0","CALLS",0.95,"same-file",0
"Method:src/ui/src/abstractlogview.cpp:jumpToRightOfScreen#0","Method:src/ui/src/abstractlogview.cpp:LineChunk.end#0","CALLS",0.95,"same-file",0
"Method:src/ui/src/abstractlogview.cpp:jumpToRightOfScreen#0","Method:src/ui/include/startupprogress.h:StartupProgress.setValue#3","CALLS",0.5,"global",0
"Method:src/ui/src/abstractlogview.cpp:jumpToRightOfScreen#0","Method:src/ui/src/abstractlogview.cpp:maxLineLength#1","CALLS",0.95,"same-file",0
"Method:src/ui/src/abstractlogview.cpp:jumpToRightOfScreen#0","Method:src/ui/src/abstractlogview.cpp:getNbVisibleCols#0","CALLS",0.95,"same-file",0
"Method:src/ui/src/abstractlogview.cpp:jumpToTop#0","Method:src/ui/include/startupprogress.h:StartupProgress.setValue#3","CALLS",0.5,"global",0
"Method:src/ui/src/abstractlogview.cpp:jumpToTop#0","Method:src/ui/src/abstractlogview.cpp:forceRefresh#0","CALLS",0.95,"same-file",0
"Method:src/ui/src/abstractlogview.cpp:jumpToBottom#0","Method:src/ui/include/startupprogress.h:StartupProgress.setValue#3","CALLS",0.5,"global",0
"Method:src/ui/src/abstractlogview.cpp:jumpToBottom#0","Method:src/ui/src/abstractlogview.cpp:forceRefresh#0","CALLS",0.95,"same-file",0
"Method:src/ui/src/abstractlogview.cpp:selectWordAtPosition#1","Method:src/logdata/include/linetypes.h:FilePosition.line#0","CALLS",0.9,"import-resolved",0
"Method:src/ui/src/abstractlogview.cpp:selectWordAtPosition#1","Method:src/logdata/include/linetypes.h:FilePosition.column#0","CALLS",0.9,"import-resolved",0
"Method:src/ui/src/abstractlogview.cpp:selectWordAtPosition#1","Method:src/ui/src/abstractlogview.cpp:isEmpty#0","CALLS",0.95,"same-file",0
"Method:src/ui/src/abstractlogview.cpp:selectWordAtPosition#1","Method:src/ui/src/abstractlogview.cpp:LineChunk.size#0","CALLS",0.95,"same-file",0
"Method:src/ui/src/abstractlogview.cpp:selectWordAtPosition#1","Method:src/ui/src/abstractlogview.cpp:LineChunk.end#0","CALLS",0.95,"same-file",0
"Method:src/ui/src/abstractlogview.cpp:selectWordAtPosition#1","Method:src/ui/src/abstractlogview.cpp:updateGlobalSelection#0","CALLS",0.95,"same-file",0
"Method:src/ui/src/abstractlogview.cpp:selectWordAtPosition#1","Method:src/ui/src/abstractlogview.cpp:forceRefresh#0","CALLS",0.95,"same-file",0
"Method:src/ui/src/abstractlogview.cpp:updateGlobalSelection#0","Method:src/ui/include/selection.h:Selection.isSingleLine#0","CALLS",0.5,"global",0
"Method:src/ui/src/abstractlogview.cpp:selectAndDisplayRange#1","Method:src/ui/src/abstractlogview.cpp:disableFollow#0","CALLS",0.95,"same-file",0
"Method:src/ui/src/abstractlogview.cpp:selectAndDisplayRange#1","Method:src/logdata/include/linetypes.h:FilePosition.line#0","CALLS",0.9,"import-resolved",0
"Method:src/ui/src/abstractlogview.cpp:selectAndDisplayRange#1","Method:src/ui/src/abstractlogview.cpp:displayLine#1","CALLS",0.95,"same-file",0
"Method:src/ui/src/abstractlogview.cpp:selectAndDisplayRange#1","Method:src/ui/src/abstractlogview.cpp:getSelectedText#0","CALLS",0.95,"same-file",0
"Method:src/ui/src/abstractlogview.cpp:selectAndDisplayRange#1","Method:src/ui/src/abstractlogview.cpp:LineChunk.size#0","CALLS",0.95,"same-file",0
"Method:src/ui/src/abstractlogview.cpp:createMenu#0","Method:src/ui/src/abstractlogview.cpp:copy#0","CALLS",0.95,"same-file",0
"Method:src/ui/src/abstractlogview.cpp:createMenu#0","Method:src/ui/src/abstractlogview.cpp:copyWithLineNumbers#0","CALLS",0.95,"same-file",0
"Method:src/ui/src/abstractlogview.cpp:createMenu#0","Method:src/ui/src/abstractlogview.cpp:markSelected#0","CALLS",0.95,"same-file",0
"Method:src/ui/src/abstractlogview.cpp:createMenu#0","Method:src/ui/src/abstractlogview.cpp:saveToFile#0","CALLS",0.95,"same-file",0
"Method:src/ui/src/abstractlogview.cpp:createMenu#0","Method:src/ui/src/abstractlogview.cpp:saveSelectedToFile#0","CALLS",0.95,"same-file",0
"Method:src/ui/src/abstractlogview.cpp:createMenu#0","Method:src/ui/src/abstractlogview.cpp:findNextSelected#0","CALLS",0.95,"same-file",0
"Method:src/ui/src/abstractlogview.cpp:createMenu#0","Method:src/ui/src/abstractlogview.cpp:findPreviousSelected#0","CALLS",0.95,"same-file",0
"Method:src/ui/src/abstractlogview.cpp:createMenu#0","Method:src/ui/src/abstractlogview.cpp:replaceSearch#0","CALLS",0.95,"same-file",0
"Method:src/ui/src/abstractlogview.cpp:createMenu#0","Method:src/ui/src/abstractlogview.cpp:addToSearch#0","CALLS",0.95,"same-file",0
"Method:src/ui/src/abstractlogview.cpp:createMenu#0","Method:src/ui/src/abstractlogview.cpp:excludeFromSearch#0","CALLS",0.95,"same-file",0
"Method:src/ui/src/abstractlogview.cpp:createMenu#0","Method:src/ui/src/abstractlogview.cpp:setSearchStart#0","CALLS",0.95,"same-file",0
"Method:src/ui/src/abstractlogview.cpp:createMenu#0","Method:src/ui/src/abstractlogview.cpp:setSearchEnd#0","CALLS",0.95,"same-file",0
"Method:src/ui/src/abstractlogview.cpp:createMenu#0","Method:src/ui/include/abstractlogview.h:AbstractLogView.clearSearchLimits#0","CALLS",0.9,"import-resolved",0
"Method:src/ui/src/abstractlogview.cpp:createMenu#0","Method:src/ui/src/abstractlogview.cpp:setSelectionStart#0","CALLS",0.95,"same-file",0
"Method:src/ui/src/abstractlogview.cpp:createMenu#0","Method:src/ui/src/abstractlogview.cpp:setSelectionEnd#0","CALLS",0.95,"same-file",0
"Method:src/ui/src/abstractlogview.cpp:updatePreviewMenu#0","Method:src/ui/include/highlightedmatch.h:HighlightedMatchRanges.clear#0","CALLS",0.9,"import-resolved",0
"Method:src/ui/src/abstractlogview.cpp:updatePreviewMenu#0","Method:src/ui/include/previewmanager.h:PreviewManager.enabled#0","CALLS",0.9,"import-resolved",0
"Method:src/ui/src/abstractlogview.cpp:considerMouseHovering#2","Method:src/ui/src/abstractlogview.cpp:convertCoordToLine#1","CALLS",0.95,"same-file",0
"Method:src/ui/src/abstractlogview.cpp:getNbBottomWrappedVisibleLines#0","Method:src/ui/src/abstractlogview.cpp:getNbVisibleLines#0","CALLS",0.95,"same-file",0
"Method:src/ui/src/abstractlogview.cpp:getNbBottomWrappedVisibleLines#0","Method:src/ui/src/abstractlogview.cpp:visualRowsForRange#2","CALLS",0.95,"same-file",0
"Method:src/ui/src/abstractlogview.cpp:updateScrollBars#0","Method:src/ui/src/abstractlogview.cpp:getNbVisibleLines#0","CALLS",0.95,"same-file",0
"Method:src/ui/src/abstractlogview.cpp:updateScrollBars#0","Method:src/ui/src/abstractlogview.cpp:getNbVisibleCols#0","CALLS",0.95,"same-file",0
"Method:src/ui/src/abstractlogview.cpp:updateScrollBars#0","Method:src/ui/src/abstractlogview.cpp:getNbBottomWrappedVisibleLines#0","CALLS",0.95,"same-file",0
"Method:src/ui/src/abstractlogview.cpp:drawTextArea#1","Method:src/ui/src/abstractlogview.cpp:getNbVisibleCols#0","CALLS",0.95,"same-file",0
"Method:src/ui/src/abstractlogview.cpp:drawTextArea#1","Method:src/ui/include/highlighterset.h:HighlighterSetCollection.currentActiveSet#0","CALLS",0.9,"import-resolved",0
"Method:src/ui/src/abstractlogview.cpp:drawTextArea#1","Method:src/ui/include/highlighterset.h:HighlighterSetCollection.quickHighlighters#0","CALLS",0.9,"import-resolved",0
"Method:src/ui/src/abstractlogview.cpp:drawTextArea#1","Method:src/ui/src/abstractlogview.cpp:visibleLayoutFor#2","CALLS",0.95,"same-file",0
"Method:src/ui/src/abstractlogview.cpp:drawTextArea#1","Method:src/ui/src/abstractlogview.cpp:getNbVisibleLines#0","CALLS",0.95,"same-file",0
"Method:src/ui/src/abstractlogview.cpp:drawTextArea#1","Method:src/ui/src/abstractlogview.cpp:maxDisplayLineNumber#0","CALLS",0.95,"same-file",0
"Method:src/ui/src/abstractlogview.cpp:drawTextArea#1","Method:src/ui/src/abstractlogview.cpp:lineIndex#1","CALLS",0.95,"same-file",0
"Method:src/ui/src/abstractlogview.cpp:drawTextArea#1","Method:src/ui/src/abstractlogview.cpp:displayLineNumber#1","CALLS",0.95,"same-file",0
"Method:src/ui/src/abstractlogview.cpp:drawTextArea#1","Method:src/settings/include/configuration.h:Configuration.mainSearchHighlight#0","CALLS",0.9,"import-resolved",0
"Method:src/ui/src/abstractlogview.cpp:drawTextArea#1","Method:src/settings/include/configuration.h:Configuration.variateMainSearchHighlight#0","CALLS",0.9,"import-resolved",0
"Method:src/ui/src/abstractlogview.cpp:drawTextArea#1","Method:src/ui/src/abstractlogview.cpp:isEmpty#0","CALLS",0.95,"same-file",0
"Method:src/ui/src/abstractlogview.cpp:drawTextArea#1","Method:src/ui/include/highlighterset.h:Highlighter.setHighlightOnlyMatch#1","CALLS",0.9,"import-resolved",0
"Method:src/ui/src/abstractlogview.cpp:drawTextArea#1","Method:src/ui/include/highlighterset.h:Highlighter.setVariateColors#1","CALLS",0.9,"import-resolved",0
"Method:src/ui/src/abstractlogview.cpp:drawTextArea#1","Method:src/ui/include/highlighterset.h:Highlighter.setPattern#1","CALLS",0.9,"import-resolved",0
"Method:src/ui/src/abstractlogview.cpp:drawTextArea#1","Method:src/ui/include/highlighterset.h:Highlighter.setIgnoreCase#1","CALLS",0.9,"import-resolved",0
"Method:src/ui/src/abstractlogview.cpp:drawTextArea#1","Method:src/ui/include/highlighterset.h:Highlighter.setUseRegex#1","CALLS",0.9,"import-resolved",0
"Method:src/ui/src/abstractlogview.cpp:drawTextArea#1","Method:src/ui/include/highlighterset.h:Highlighter.setBackColor#1","CALLS",0.9,"import-resolved",0
"Method:src/ui/src/abstractlogview.cpp:drawTextArea#1","Method:src/ui/include/highlighterset.h:Highlighter.setForeColor#1","CALLS",0.9,"import-resolved",0
"Method:src/ui/src/abstractlogview.cpp:drawTextArea#1","Method:src/ui/src/abstractlogview.cpp:LineChunk.size#0","CALLS",0.95,"same-file",0
"Method:src/ui/src/abstractlogview.cpp:drawTextArea#1","Method:src/ui/src/abstractlogview.cpp:LineChunk.end#0","CALLS",0.95,"same-file",0
"Method:src/ui/src/abstractlogview.cpp:drawTextArea#1","Method:src/ui/include/highlightedmatch.h:HighlightedMatchRanges.clear#0","CALLS",0.9,"import-resolved",0
"Method:src/ui/src/abstractlogview.cpp:drawTextArea#1","Method:src/ui/include/selection.h:Selection.isSingleLine#0","CALLS",0.5,"global",0
"Method:src/ui/src/abstractlogview.cpp:drawTextArea#1","Method:src/ui/include/highlighterset.h:HighlighterSet.matchLine#2","CALLS",0.9,"import-resolved",0
"Method:src/ui/src/abstractlogview.cpp:drawTextArea#1","Method:src/ui/include/highlightedmatch.h:HighlightedMatchRanges.front#0","CALLS",0.9,"import-resolved",0
"Method:src/ui/src/abstractlogview.cpp:drawTextArea#1","Method:src/ui/include/highlightedmatch.h:HighlightedMatch.foreColor#0","CALLS",0.9,"import-resolved",0
"Method:src/ui/src/abstractlogview.cpp:drawTextArea#1","Method:src/ui/include/highlightedmatch.h:HighlightedMatch.backColor#0","CALLS",0.9,"import-resolved",0
"Method:src/ui/src/abstractlogview.cpp:drawTextArea#1","Method:src/ui/include/highlightedmatch.h:HighlightedMatchRanges.addMatches#1","CALLS",0.9,"import-resolved",0
"Method:src/ui/src/abstractlogview.cpp:drawTextArea#1","Method:src/ui/include/highlightedmatch.h:HighlightedMatch.startColumn#0","CALLS",0.9,"import-resolved",0
"Method:src/ui/src/abstractlogview.cpp:drawTextArea#1","Method:src/ui/include/wrappedstring.h:WrappedString.mid#2","CALLS",0.5,"global",0
"Method:src/ui/src/abstractlogview.cpp:drawTextArea#1","Method:src/ui/src/abstractlogview.cpp:LineChunk.foreColor#0","CALLS",0.95,"same-file",0
"Method:src/ui/src/abstractlogview.cpp:drawTextArea#1","Method:src/ui/src/abstractlogview.cpp:LineChunk.backColor#0","CALLS",0.95,"same-file",0
"Method:src/ui/src/abstractlogview.cpp:drawTextArea#1","Method:src/ui/include/highlightedmatch.h:HighlightedMatchRanges.matches#0","CALLS",0.9,"import-resolved",0
"Method:src/ui/src/abstractlogview.cpp:drawTextArea#1","Method:src/ui/include/highlightedmatch.h:HighlightedMatchRanges.addMatch#1","CALLS",0.9,"import-resolved",0
"Method:src/ui/src/abstractlogview.cpp:drawTextArea#1","Method:src/ui/include/wrappedstring.h:WrappedString.wrappedLinesCount#0","CALLS",0.9,"import-resolved",0
"Method:src/ui/src/abstractlogview.cpp:drawTextArea#1","Method:src/ui/include/highlightedmatch.h:HighlightedMatchRanges.empty#0","CALLS",0.9,"import-resolved",0
"Method:src/ui/src/abstractlogview.cpp:drawTextArea#1","Method:src/ui/src/abstractlogview.cpp:LineDrawer.addChunk#4","CALLS",0.95,"same-file",0
"Method:src/ui/src/abstractlogview.cpp:drawTextArea#1","Method:src/ui/src/abstractlogview.cpp:LineDrawer.empty#0","CALLS",0.95,"same-file",0
"Method:src/ui/src/abstractlogview.cpp:drawTextArea#1","Method:src/ui/src/abstractlogview.cpp:LineDrawer.endColumn#0","CALLS",0.95,"same-file",0
"Method:src/ui/src/abstractlogview.cpp:drawTextArea#1","Method:src/ui/include/highlightedmatch.h:HighlightedMatchRanges.back#0","CALLS",0.9,"import-resolved",0
"Method:src/ui/src/abstractlogview.cpp:drawTextArea#1","Method:src/ui/include/highlightedmatch.h:HighlightedMatch.endColumn#0","CALLS",0.9,"import-resolved",0
"Method:src/ui/src/abstractlogview.cpp:drawTextArea#1","Method:src/ui/src/abstractlogview.cpp:LineDrawer.draw#6","CALLS",0.95,"same-file",0
"Method:src/ui/src/abstractlogview.cpp:drawTextArea#1","Method:src/ui/include/abstractlogview.h:AbstractLogView.lineType#1","CALLS",0.9,"import-resolved",0
"Method:src/ui/src/abstractlogview.cpp:visualRowsForLine#1","Method:src/ui/src/abstractlogview.cpp:getNbVisibleCols#0","CALLS",0.95,"same-file",0
"Method:src/ui/src/abstractlogview.cpp:visualRowsForLine#1","Method:src/ui/include/wrappedstring.h:WrappedString.wrappedLinesCount#0","CALLS",0.9,"import-resolved",0
"Method:src/ui/src/abstractlogview.cpp:visualRowsForRange#2","Method:src/ui/src/abstractlogview.cpp:visualRowsForLine#1","CALLS",0.95,"same-file",0
"Method:src/ui/src/abstractlogview.cpp:visibleLayoutFor#2","Method:src/ui/src/abstractlogview.cpp:visualRowsForLine#1","CALLS",0.95,"same-file",0
"Method:src/ui/src/abstractlogview.cpp:disableFollow#0","Method:src/ui/include/viewtools.h:ElasticHook.hook#1","CALLS",0.5,"global",0
"Method:src/logdata/src/logdataoperation.cpp:doStart#1","Method:src/logdata/include/logdataworker.h:LogDataWorker.attachFile#1","CALLS",0.9,"import-resolved",0
"Method:src/logdata/src/logdataoperation.cpp:doStart#1","Method:src/logdata/include/logdataworker.h:LogDataWorker.indexAll#1","CALLS",0.9,"import-resolved",0
"Method:src/logdata/src/logdataoperation.cpp:doStart#1","Method:src/logdata/include/logdataworker.h:LogDataWorker.indexAdditionalLines#0","CALLS",0.9,"import-resolved",0
"Method:src/logdata/src/logdataoperation.cpp:doStart#1","Method:src/logdata/include/logdataworker.h:LogDataWorker.checkFileChanges#0","CALLS",0.9,"import-resolved",0
"Method:src/logdata/src/logdataoperation.cpp:interrupt#0","Method:src/logdata/src/logdataoperation.cpp:interrupt#0","CALLS",0.95,"same-file",0
"Method:src/logdata/src/logdataoperation.cpp:shutdown#0","Method:src/logdata/src/logdataoperation.cpp:interrupt#0","CALLS",0.95,"same-file",0
"Method:src/logdata/src/logdataoperation.cpp:tryStartPendingOperation#0","Method:src/logdata/include/logdataoperation.h:LogDataOperation.start#1","CALLS",0.9,"import-resolved",0
"Method:src/logdata/src/logdataoperation.cpp:enqueueOperation#1","Method:src/logdata/src/logdataoperation.cpp:tryStartPendingOperation#0","CALLS",0.95,"same-file",0
"Method:src/logdata/src/logdataoperation.cpp:finishOperationAndStartNext#0","Method:src/logdata/src/logdataoperation.cpp:tryStartPendingOperation#0","CALLS",0.95,"same-file",0
"Method:src/ui/src/highlightersetedit.cpp:HighlighterSetEdit#1","Method:src/ui/include/iconloader.h:IconLoader.load#1","CALLS",0.9,"import-resolved",0
"Method:src/ui/src/highlightersetedit.cpp:HighlighterSetEdit#1","Method:src/ui/src/highlightersetedit.cpp:reset#0","CALLS",0.95,"same-file",0
"Method:src/ui/src/highlightersetedit.cpp:reset#0","Method:src/ui/src/highlightersetedit.cpp:reset#0","CALLS",0.95,"same-file",0
"Method:src/ui/src/highlightersetedit.cpp:setHighlighters#1","Method:src/ui/src/highlightersetedit.cpp:populateHighlighterList#0","CALLS",0.95,"same-file",0
"Method:src/ui/src/highlightersetedit.cpp:setHighlighters#1","Method:src/ui/src/highlightersetedit.cpp:setCurrentRow#1","CALLS",0.95,"same-file",0
"Method:src/ui/src/highlightersetedit.cpp:setHighlighters#1","Method:src/ui/include/highlighterset.h:HighlighterSet.name#0","CALLS",0.9,"import-resolved",0
"Method:src/ui/src/highlightersetedit.cpp:addHighlighter#0","Method:src/ui/include/highlighterset.h:Highlighter.Highlighter","CALLS",0.9,"import-resolved",0
"Method:src/ui/src/highlightersetedit.cpp:addHighlighter#0","Method:src/ui/src/highlightersetedit.cpp:setCurrentRow#1","CALLS",0.95,"same-file",0
"Method:src/ui/src/highlightersetedit.cpp:removeHighlighter#0","Method:src/ui/src/highlightersetedit.cpp:setCurrentRow#1","CALLS",0.95,"same-file",0
"Method:src/ui/src/highlightersetedit.cpp:moveHighlighterUp#0","Method:src/ui/src/highlightersetedit.cpp:setCurrentRow#1","CALLS",0.95,"same-file",0
"Method:src/ui/src/highlightersetedit.cpp:moveHighlighterDown#0","Method:src/ui/src/highlightersetedit.cpp:setCurrentRow#1","CALLS",0.95,"same-file",0
"Method:src/ui/src/highlightersetedit.cpp:setCurrentRow#1","Method:src/ui/src/highlightersetedit.cpp:setCurrentRow#1","CALLS",0.95,"same-file",0
"Method:src/ui/src/highlightersetedit.cpp:updatePropertyFields#0","Method:src/ui/src/highlightersetedit.cpp:reset#0","CALLS",0.95,"same-file",0
"Method:src/ui/src/highlightersetedit.cpp:updateHighlighterProperties#0","Method:src/ui/include/highlighterset.h:Highlighter.pattern#0","CALLS",0.9,"import-resolved",0
"Method:src/ui/src/highlightersetedit.cpp:updateHighlighterProperties#0","Method:src/ui/include/highlighterset.h:Highlighter.foreColor#0","CALLS",0.9,"import-resolved",0
"Method:src/ui/src/highlightersetedit.cpp:updateHighlighterProperties#0","Method:src/ui/include/highlighterset.h:Highlighter.backColor#0","CALLS",0.9,"import-resolved",0
"Method:src/ui/src/highlightersetedit.cpp:populateHighlighterList#0","Method:src/ui/include/highlighterset.h:Highlighter.pattern#0","CALLS",0.9,"import-resolved",0
"Method:src/ui/src/highlightersetedit.cpp:populateHighlighterList#0","Method:src/ui/include/highlighterset.h:Highlighter.foreColor#0","CALLS",0.9,"import-resolved",0
"Method:src/ui/src/highlightersetedit.cpp:populateHighlighterList#0","Method:src/ui/include/highlighterset.h:Highlighter.backColor#0","CALLS",0.9,"import-resolved",0
"Method:src/ui/src/highlighterset.cpp:Highlighter#5","Method:src/ui/src/highlighterset.cpp:name#0","CALLS",0.95,"same-file",0
"Method:src/ui/src/highlighterset.cpp:pattern#0","Method:src/ui/src/highlighterset.cpp:pattern#0","CALLS",0.95,"same-file",0
"Method:src/ui/src/highlighterset.cpp:setPattern#1","Method:src/ui/src/highlighterset.cpp:setPattern#1","CALLS",0.95,"same-file",0
"Method:src/ui/src/highlighterset.cpp:vairateColors#1","Method:src/utils/include/crc32.h:Crc32.calculate#1","CALLS",0.9,"import-resolved",0
"Method:src/ui/src/highlighterset.cpp:expressionPattern#0","Method:src/ui/src/highlighterset.cpp:pattern#0","CALLS",0.95,"same-file",0
"Method:src/ui/src/highlighterset.cpp:expressionPattern#0","Method:src/ui/src/highlighterset.cpp:ignoreCase#0","CALLS",0.95,"same-file",0
"Method:src/ui/src/highlighterset.cpp:compile#0","Method:src/ui/src/highlighterset.cpp:pattern#0","CALLS",0.95,"same-file",0
"Method:src/ui/src/highlighterset.cpp:matchLine#2","Method:src/ui/src/highlighterset.cpp:vairateColors#1","CALLS",0.95,"same-file",0
"Method:src/ui/src/highlighterset.cpp:isEmpty#0","Method:src/ui/src/highlighterset.cpp:isEmpty#0","CALLS",0.95,"same-file",0
"Method:src/ui/src/highlighterset.cpp:compile#0","Method:src/ui/src/highlighterset.cpp:expressionPattern#0","CALLS",0.95,"same-file",0
"Method:src/ui/src/highlighterset.cpp:invalidateCompiled#0","Method:src/ui/include/highlightersetedit.h:HighlighterSetEdit.reset#0","CALLS",0.9,"import-resolved",0
"Method:src/ui/src/highlighterset.cpp:matchLine#2","Method:src/ui/src/highlighterset.cpp:matchLine#2","CALLS",0.95,"same-file",0
"Method:src/ui/src/highlighterset.cpp:matchLine#2","Method:src/ui/src/highlighterset.cpp:highlightOnlyMatch#0","CALLS",0.95,"same-file",0
"Method:src/ui/src/highlighterset.cpp:matchLine#2","Method:src/ui/include/highlightedmatch.h:HighlightedMatchRanges.addMatches#1","CALLS",0.9,"import-resolved",0
"Method:src/ui/src/highlighterset.cpp:matchLine#2","Method:src/ui/include/highlightedmatch.h:HighlightedMatchRanges.clear#0","CALLS",0.9,"import-resolved",0
"Method:src/ui/src/highlighterset.cpp:matchLine#2","Method:src/ui/include/highlightedmatch.h:HighlightedMatchRanges.addMatch#1","CALLS",0.9,"import-resolved",0
"Method:src/ui/src/highlighterset.cpp:matchLine#2","Method:src/ui/src/highlighterset.cpp:foreColor#0","CALLS",0.95,"same-file",0
"Method:src/ui/src/highlighterset.cpp:matchLine#2","Method:src/ui/src/highlighterset.cpp:backColor#0","CALLS",0.95,"same-file",0
"Method:src/ui/src/highlighterset.cpp:saveToStorage#1","Method:src/ui/src/highlighterset.cpp:pattern#0","CALLS",0.95,"same-file",0
"Method:src/ui/src/highlighterset.cpp:retrieveFromStorage#1","Method:src/ui/src/highlighterset.cpp:retrieveFromStorage#1","CALLS",0.95,"same-file",0
"Method:src/ui/src/highlighterset.cpp:retrieveFromStorage#1","Method:src/ui/src/highlighterset.cpp:saveToStorage#1","CALLS",0.95,"same-file",0
"Method:src/ui/src/highlighterset.cpp:setHighlighterSets#1","Method:src/ui/src/abstractlogview.cpp:LineChunk.end#0","CALLS",0.5,"global",0
"Method:src/ui/src/highlighterset.cpp:setHighlighterSets#1","Method:src/ui/src/highlighterset.cpp:hasSet#1","CALLS",0.95,"same-file",0
"Method:src/ui/src/highlighterset.cpp:setHighlighterSets#1","Method:src/ui/src/highlighterset.cpp:updateCombinedSet#0","CALLS",0.95,"same-file",0
"Method:src/ui/src/highlighterset.cpp:updateCombinedSet#0","Method:src/ui/src/highlighterset.cpp:id#0","CALLS",0.95,"same-file",0
"Method:src/ui/src/highlighterset.cpp:updateCombinedSet#0","Method:src/ui/src/highlighterset.cpp:invalidateCompiled#0","CALLS",0.95,"same-file",0
"Method:src/ui/src/highlighterset.cpp:activateSet#1","Method:src/ui/src/highlighterset.cpp:hasSet#1","CALLS",0.95,"same-file",0
"Method:src/ui/src/highlighterset.cpp:activateSet#1","Method:src/ui/src/highlighterset.cpp:updateCombinedSet#0","CALLS",0.95,"same-file",0
"Method:src/ui/src/highlighterset.cpp:deactivateSet#1","Method:src/ui/src/highlighterset.cpp:updateCombinedSet#0","CALLS",0.95,"same-file",0
"Method:src/ui/src/highlighterset.cpp:deactivateAll#0","Method:src/ui/src/highlighterset.cpp:updateCombinedSet#0","CALLS",0.95,"same-file",0
"Method:src/ui/src/highlighterset.cpp:hasSet#1","Method:src/ui/src/abstractlogview.cpp:LineChunk.end#0","CALLS",0.5,"global",0
"Method:src/ui/src/highlighterset.cpp:hasSet#1","Method:src/ui/src/highlighterset.cpp:id#0","CALLS",0.95,"same-file",0
"Method:src/ui/src/highlighterset.cpp:hasSetByName#1","Method:src/ui/src/abstractlogview.cpp:LineChunk.end#0","CALLS",0.5,"global",0
"Method:src/ui/src/highlighterset.cpp:hasSetByName#1","Method:src/ui/src/highlighterset.cpp:name#0","CALLS",0.95,"same-file",0
"Method:src/ui/src/highlighterset.cpp:retrieveFromStorage#1","Method:src/ui/src/highlighterset.cpp:isEmpty#0","CALLS",0.95,"same-file",0
"Method:src/ui/src/highlighterset.cpp:retrieveFromStorage#1","Method:src/ui/src/highlighterset.cpp:activateSet#1","CALLS",0.95,"same-file",0
"Method:src/ui/src/highlighterset.cpp:retrieveFromStorage#1","Method:src/ui/src/abstractlogview.cpp:LineChunk.end#0","CALLS",0.5,"global",0
"Method:src/ui/src/highlighterset.cpp:retrieveFromStorage#1","Method:src/ui/src/highlighterset.cpp:id#0","CALLS",0.95,"same-file",0
"Method:src/ui/src/highlighterset.cpp:retrieveFromStorage#1","Method:src/ui/src/highlighterset.cpp:updateCombinedSet#0","CALLS",0.95,"same-file",0
"Method:src/ui/src/filteredview.cpp:setVisibility#1","Method:src/ui/src/filteredview.cpp:setVisibility#1","CALLS",0.95,"same-file",0
"Method:src/ui/src/filteredview.cpp:visibility#0","Method:src/ui/src/filteredview.cpp:visibility#0","CALLS",0.95,"same-file",0
"Method:src/ui/src/filteredview.cpp:doRegisterShortcuts#0","Method:src/ui/src/filteredview.cpp:doRegisterShortcuts#0","CALLS",0.95,"same-file",0
"Method:src/ui/src/filteredview.cpp:doRegisterShortcuts#0","Method:src/ui/src/filteredview.cpp:lineType#1","CALLS",0.95,"same-file",0
"Method:src/ui/src/colorlabelsmanager.cpp:clear#0","Method:src/ui/src/colorlabelsmanager.cpp:clear#0","CALLS",0.95,"same-file",0
"Method:src/ui/src/colorlabelsmanager.cpp:setColorLabel#2","Method:src/ui/src/colorlabelsmanager.cpp:updateColorLabel#3","CALLS",0.95,"same-file",0
"Method:src/ui/src/colorlabelsmanager.cpp:setNextColorLabel#1","Method:src/ui/include/highlighterset.h:HighlighterSetCollection.quickHighlighters#0","CALLS",0.9,"import-resolved",0
"Method:src/ui/src/colorlabelsmanager.cpp:setNextColorLabel#1","Method:src/ui/include/highlightedmatch.h:HighlightedMatchRanges.front#0","CALLS",0.5,"global",0
"Method:src/ui/src/colorlabelsmanager.cpp:setNextColorLabel#1","Method:src/ui/src/colorlabelsmanager.cpp:updateColorLabel#3","CALLS",0.95,"same-file",0
"Method:tests/ui/logfiltereddata_test.cpp:LogDataLoader.LogDataLoader#0","Method:src/logdata/include/logdata.h:LogData.loadingFinished#1","CALLS",0.9,"import-resolved",0
"Method:tests/ui/logfiltereddata_test.cpp:LogDataLoader.LogDataLoader#0","Method:src/logdata/include/logdata.h:LogData.attachFile#1","CALLS",0.9,"import-resolved",0
"Method:tests/ui/logfiltereddata_test.cpp:LogDataLoader.LogDataLoader#0","Method:tests/helpers/test_utils.h:SafeQSignalSpy.safeWait#1","CALLS",0.9,"import-resolved",0
"Method:src/ui/src/session.cpp:Session#0","Method:src/settings/include/persistable.h:Persistable.getSynced#0","CALLS",0.5,"global",0
"Method:src/ui/src/session.cpp:getViewIfOpen#1","Method:src/ui/src/abstractlogview.cpp:LineChunk.end#0","CALLS",0.5,"global",0
"Method:src/ui/src/session.cpp:open#2","Method:src/ui/src/session.cpp:openAlways#3","CALLS",0.95,"same-file",0
"Method:src/ui/src/session.cpp:getFilename#1","Method:src/ui/src/session.cpp:findOpenFileFromView#1","CALLS",0.95,"same-file",0
"Method:src/ui/src/session.cpp:getFileInfo#4","Method:src/ui/src/session.cpp:findOpenFileFromView#1","CALLS",0.95,"same-file",0
"Method:src/ui/src/session.cpp:getFileInfo#4","Method:src/logdata/include/logdata.h:LogData.getFileSize#0","CALLS",0.9,"import-resolved",0
"Method:src/ui/src/session.cpp:getFileInfo#4","Method:src/logdata/include/logdata.h:LogData.getLastModifiedDate#0","CALLS",0.9,"import-resolved",0
"Method:src/ui/src/session.cpp:windowSessions#0","Method:src/settings/include/persistable.h:Persistable.getSynced#0","CALLS",0.5,"global",0
"Method:src/ui/src/session.cpp:windowSessions#0","Method:src/ui/include/sessioninfo.h:SessionInfo.windows#0","CALLS",0.9,"import-resolved",0
"Method:src/ui/src/session.cpp:save#2","Method:src/ui/include/viewinterface.h:ViewContextInterface.toString#0","CALLS",0.9,"import-resolved",0
"Method:src/ui/src/session.cpp:save#2","Method:src/settings/include/persistable.h:Persistable.getSynced#0","CALLS",0.5,"global",0
"Method:src/ui/src/session.cpp:save#2","Method:src/ui/include/sessioninfo.h:SessionInfo.setOpenFiles#2","CALLS",0.9,"import-resolved",0
"Method:src/ui/src/session.cpp:save#2","Method:src/ui/include/sessioninfo.h:SessionInfo.setGeometry#2","CALLS",0.9,"import-resolved",0
"Method:src/ui/src/session.cpp:restore#2","Method:src/settings/include/persistable.h:Persistable.getSynced#0","CALLS",0.5,"global",0
"Method:src/ui/src/session.cpp:restore#2","Method:src/ui/include/sessioninfo.h:SessionInfo.openFiles#1","CALLS",0.9,"import-resolved",0
"Method:src/ui/src/session.cpp:restore#2","Method:src/ui/include/startupprogress.h:StartupProgress.advance#3","CALLS",0.9,"import-resolved",0
"Method:src/ui/src/session.cpp:restore#2","Method:src/ui/src/session.cpp:openAlways#3","CALLS",0.95,"same-file",0
"Method:src/ui/src/session.cpp:WindowSession#3","Method:src/settings/include/persistable.h:Persistable.getSynced#0","CALLS",0.5,"global",0
"Method:src/ui/src/session.cpp:WindowSession#3","Method:src/ui/include/sessioninfo.h:SessionInfo.add#1","CALLS",0.9,"import-resolved",0
"Method:src/ui/src/session.cpp:restoreGeometry#1","Method:src/settings/include/persistable.h:Persistable.getSynced#0","CALLS",0.5,"global",0
"Method:src/ui/src/session.cpp:restoreGeometry#1","Method:src/ui/include/sessioninfo.h:SessionInfo.geometry#1","CALLS",0.9,"import-resolved",0
"Method:src/ui/src/session.cpp:close#1","Method:src/ui/include/session.h:Session.exitRequested#0","CALLS",0.9,"import-resolved",0
"Method:src/ui/src/session.cpp:close#1","Method:src/settings/include/persistable.h:Persistable.getSynced#0","CALLS",0.5,"global",0
"Method:src/ui/src/session.cpp:close#1","Method:src/ui/include/sessioninfo.h:SessionInfo.remove#1","CALLS",0.9,"import-resolved",0
"Method:src/logdata/src/logfiltereddataworker.cpp:~LogFilteredDataWorker#0","Method:src/utils/include/atomicflag.h:AtomicFlag.set#0","CALLS",0.5,"global",0
"Method:src/logdata/src/logfiltereddataworker.cpp:connectSignalsAndRun#1","Method:src/logdata/src/logfiltereddataworker.cpp:run#1","CALLS",0.95,"same-file",0
"Method:src/logdata/src/logfiltereddataworker.cpp:search#5","Method:src/logdata/src/logfiltereddataworker.cpp:clear#0","CALLS",0.95,"same-file",0
"Method:src/logdata/src/logfiltereddataworker.cpp:search#5","Method:src/logdata/include/logdataoperation.h:LogDataOperation.start#1","CALLS",0.5,"global",0
"Method:src/logdata/src/logfiltereddataworker.cpp:search#5","Method:src/ui/include/viewtools.h:ElasticHook.release#0","CALLS",0.5,"global",0
"Method:src/logdata/src/logfiltereddataworker.cpp:search#5","Method:src/logdata/src/logfiltereddataworker.cpp:connectSignalsAndRun#1","CALLS",0.95,"same-file",0
"Method:src/logdata/src/logfiltereddataworker.cpp:updateSearch#6","Method:src/logdata/src/logfiltereddataworker.cpp:clear#0","CALLS",0.95,"same-file",0
"Method:src/logdata/src/logfiltereddataworker.cpp:updateSearch#6","Method:src/logdata/include/logdataoperation.h:LogDataOperation.start#1","CALLS",0.5,"global",0
"Method:src/logdata/src/logfiltereddataworker.cpp:updateSearch#6","Method:src/ui/include/viewtools.h:ElasticHook.release#0","CALLS",0.5,"global",0
"Method:src/logdata/src/logfiltereddataworker.cpp:updateSearch#6","Method:src/logdata/src/logfiltereddataworker.cpp:connectSignalsAndRun#1","CALLS",0.95,"same-file",0
"Method:src/logdata/src/logfiltereddataworker.cpp:interrupt#0","Method:src/utils/include/atomicflag.h:AtomicFlag.set#0","CALLS",0.5,"global",0
"Method:src/logdata/src/logfiltereddataworker.cpp:getSearchResults#0","Method:src/logdata/src/logfiltereddataworker.cpp:takeCurrentResults#0","CALLS",0.95,"same-file",0
"Method:src/logdata/src/logfiltereddataworker.cpp:doSearch#2","Method:src/settings/include/configuration.h:Configuration.useParallelSearch#0","CALLS",0.9,"import-resolved",0
"Method:src/logdata/src/logfiltereddataworker.cpp:doSearch#2","Method:src/settings/include/configuration.h:Configuration.searchThreadPoolSize#0","CALLS",0.9,"import-resolved",0
"Method:src/logdata/src/logfiltereddataworker.cpp:doSearch#2","Method:src/settings/include/configuration.h:Configuration.searchReadBufferSizeLines#0","CALLS",0.9,"import-resolved",0
"Method:src/logdata/src/logfiltereddataworker.cpp:doSearch#2","Method:src/logdata/include/logfiltereddataworker.h:SearchData.getNbMatches#0","CALLS",0.9,"import-resolved",0
"Method:src/logdata/src/logfiltereddataworker.cpp:doSearch#2","Method:src/logdata/include/logfiltereddataworker.h:SearchData.addAll#4","CALLS",0.9,"import-resolved",0
"Method:src/logdata/src/logfiltereddataworker.cpp:doSearch#2","Method:src/logdata/include/logdata.h:LogData.getLinesRaw#2","CALLS",0.9,"import-resolved",0
"Method:src/logdata/src/logfiltereddataworker.cpp:doSearch#2","Method:src/logdata/include/logdata.h:LogData.getFileSize#0","CALLS",0.9,"import-resolved",0
"Method:src/logdata/src/logfiltereddataworker.cpp:run#1","Method:src/logdata/include/logfiltereddataworker.h:SearchData.clear#0","CALLS",0.9,"import-resolved",0
"Method:src/logdata/src/logfiltereddataworker.cpp:run#1","Method:src/logdata/src/logfiltereddataworker.cpp:doSearch#2","CALLS",0.95,"same-file",0
"Method:src/logdata/src/logfiltereddataworker.cpp:run#1","Method:src/crash_handler/include/issuereporter.h:IssueReporter.askUserAndReportIssue#3","CALLS",0.9,"import-resolved",0
"Method:src/logdata/src/logfiltereddataworker.cpp:run#1","Method:src/logdata/include/logfiltereddataworker.h:SearchData.getLastProcessedLine#0","CALLS",0.9,"import-resolved",0
"Method:src/logdata/src/logfiltereddataworker.cpp:run#1","Method:src/logdata/include/logfiltereddataworker.h:SearchData.deleteMatch#1","CALLS",0.9,"import-resolved",0
"Method:src/logdata/src/logfiltereddata.cpp:runSearch#1","Method:src/logdata/src/logfiltereddata.cpp:runSearch#4","CALLS",0.95,"same-file",0
"Method:src/logdata/src/logfiltereddata.cpp:runSearch#1","Method:src/logdata/src/logfiltereddata.cpp:getNbTotalLines#0","CALLS",0.95,"same-file",0
"Method:src/logdata/src/logfiltereddata.cpp:runSearch#1","Method:src/logdata/include/logfiltereddata.h:LogFilteredData.makeCacheKey#3","CALLS",0.9,"import-resolved",0
"Method:src/logdata/src/logfiltereddata.cpp:runSearch#1","Method:src/settings/include/configuration.h:Configuration.useSearchResultsCache#0","CALLS",0.9,"import-resolved",0
"Method:src/logdata/src/logfiltereddata.cpp:clearSearch#1","Method:src/logdata/src/logfiltereddata.cpp:interruptSearch#0","CALLS",0.95,"same-file",0
"Method:src/logdata/src/logfiltereddata.cpp:getMatchingLineNumber#1","Method:src/logdata/src/logfiltereddata.cpp:findLogDataLine#1","CALLS",0.95,"same-file",0
"Method:src/logdata/src/logfiltereddata.cpp:getLineIndexNumber#1","Method:src/logdata/src/logfiltereddata.cpp:findFilteredLine#1","CALLS",0.95,"same-file",0
"Method:src/logdata/src/logfiltereddata.cpp:lineTypeByIndex#1","Method:src/logdata/src/logfiltereddata.cpp:lineTypeByLine#1","CALLS",0.95,"same-file",0
"Method:src/logdata/src/logfiltereddata.cpp:lineTypeByIndex#1","Method:src/logdata/src/logfiltereddata.cpp:findLogDataLine#1","CALLS",0.95,"same-file",0
"Method:src/logdata/src/logfiltereddata.cpp:lineTypeByLine#1","Method:src/logdata/src/logfiltereddata.cpp:isLineMarked#1","CALLS",0.95,"same-file",0
"Method:src/logdata/src/logfiltereddata.cpp:lineTypeByLine#1","Method:src/logdata/src/logfiltereddata.cpp:isLineMatched#1","CALLS",0.95,"same-file",0
"Method:src/logdata/src/logfiltereddata.cpp:iterateOverLines#1","Method:src/logdata/src/logfiltereddata.cpp:currentResultArray#0","CALLS",0.95,"same-file",0
"Method:src/logdata/src/logfiltereddata.cpp:toggleMark#1","Method:src/logdata/src/logfiltereddata.cpp:updateMaxLengthMarks#2","CALLS",0.95,"same-file",0
"Method:src/logdata/src/logfiltereddata.cpp:addMark#1","Method:src/logdata/src/logfiltereddata.cpp:updateMaxLengthMarks#2","CALLS",0.95,"same-file",0
"Method:src/logdata/src/logfiltereddata.cpp:deleteMark#1","Method:src/logdata/src/logfiltereddata.cpp:updateMaxLengthMarks#2","CALLS",0.95,"same-file",0
"Method:src/logdata/src/logfiltereddata.cpp:updateSearchResultsCache#0","Method:src/settings/include/configuration.h:Configuration.useSearchResultsCache#0","CALLS",0.9,"import-resolved",0
"Method:src/logdata/src/logfiltereddata.cpp:updateSearchResultsCache#0","Method:src/settings/include/configuration.h:Configuration.searchResultsCacheLines#0","CALLS",0.9,"import-resolved",0
"Method:src/logdata/src/logfiltereddata.cpp:handleSearchProgressed#4","Method:src/logdata/include/logfiltereddata.h:LogFilteredData.getExpectedSearchEnd#1","CALLS",0.9,"import-resolved",0
"Method:src/logdata/src/logfiltereddata.cpp:handleSearchProgressed#4","Method:src/logdata/src/logfiltereddata.cpp:updateSearchResultsCache#0","CALLS",0.95,"same-file",0
"Method:src/logdata/src/logfiltereddata.cpp:findLogDataLine#1","Method:src/logdata/src/logfiltereddata.cpp:currentResultArray#0","CALLS",0.95,"same-file",0
"Method:src/logdata/src/logfiltereddata.cpp:findFilteredLine#1","Method:src/logdata/src/logfiltereddata.cpp:currentResultArray#0","CALLS",0.95,"same-file",0
"Method:src/logdata/src/logfiltereddata.cpp:doGetLineString#1","Method:src/logdata/src/logfiltereddata.cpp:findLogDataLine#1","CALLS",0.95,"same-file",0
"Method:src/logdata/src/logfiltereddata.cpp:doGetLineString#1","Method:src/logdata/src/abstractlogdata.cpp:getLineString#1","CALLS",0.5,"global",0
"Method:src/logdata/src/logfiltereddata.cpp:doGetExpandedLineString#1","Method:src/logdata/src/logfiltereddata.cpp:findLogDataLine#1","CALLS",0.95,"same-file",0
"Method:src/logdata/src/logfiltereddata.cpp:doGetLines#2","Method:src/logdata/src/logfiltereddata.cpp:doGetLines#3","CALLS",0.95,"same-file",0
"Method:src/logdata/src/logfiltereddata.cpp:doGetLines#2","Method:src/logdata/src/logfiltereddata.cpp:doGetLineString#1","CALLS",0.95,"same-file",0
"Method:src/logdata/src/logfiltereddata.cpp:doGetExpandedLines#2","Method:src/logdata/src/logfiltereddata.cpp:doGetLines#3","CALLS",0.95,"same-file",0
"Method:src/logdata/src/logfiltereddata.cpp:doGetExpandedLines#2","Method:src/logdata/src/logfiltereddata.cpp:doGetExpandedLineString#1","CALLS",0.95,"same-file",0
"Method:src/logdata/src/logfiltereddata.cpp:doGetLines#2","Method:src/ui/src/abstractlogview.cpp:LineChunk.end#0","CALLS",0.5,"global",0
"Method:src/logdata/src/logfiltereddata.cpp:doGetLineNumber#1","Method:src/logdata/src/logfiltereddata.cpp:getMatchingLineNumber#1","CALLS",0.95,"same-file",0
"Method:src/logdata/src/logfiltereddata.cpp:doGetNbLine#0","Method:src/logdata/src/logfiltereddata.cpp:currentResultArray#0","CALLS",0.95,"same-file",0
"Method:src/logdata/src/logfiltereddata.cpp:doGetLineLength#1","Method:src/logdata/src/logfiltereddata.cpp:findLogDataLine#1","CALLS",0.95,"same-file",0
"Method:src/logdata/src/logdataworker.cpp:clear#0","Method:src/settings/include/configuration.h:Configuration.useCompressedIndex#0","CALLS",0.9,"import-resolved",0
"Method:src/logdata/src/logdataworker.cpp:clear#0","Method:src/settings/include/configuration.h:Configuration.fastModificationDetection#0","CALLS",0.9,"import-resolved",0
"Method:src/logdata/src/logdataworker.cpp:allocatedSize#0","Method:src/logdata/src/logdataworker.cpp:allocatedSize#0","CALLS",0.95,"same-file",0
"Method:src/logdata/src/logdataworker.cpp:~LogDataWorker#0","Method:src/utils/include/atomicflag.h:AtomicFlag.set#0","CALLS",0.5,"global",0
"Method:src/logdata/src/logdataworker.cpp:attachFile#1","Method:src/logdata/src/logdataworker.cpp:clear#0","CALLS",0.95,"same-file",0
"Method:src/logdata/src/logdataworker.cpp:indexAll#1","Method:src/logdata/src/logdataworker.cpp:clear#0","CALLS",0.95,"same-file",0
"Method:src/logdata/src/logdataworker.cpp:indexAll#1","Method:src/logdata/include/logdataoperation.h:LogDataOperation.start#1","CALLS",0.5,"global",0
"Method:src/logdata/src/logdataworker.cpp:indexAll#1","Method:src/ui/include/viewtools.h:ElasticHook.release#0","CALLS",0.5,"global",0
"Method:src/logdata/src/logdataworker.cpp:indexAll#1","Method:src/logdata/src/logdataworker.cpp:connectSignalsAndRun#1","CALLS",0.95,"same-file",0
"Method:src/logdata/src/logdataworker.cpp:indexAdditionalLines#0","Method:src/logdata/src/logdataworker.cpp:clear#0","CALLS",0.95,"same-file",0
"Method:src/logdata/src/logdataworker.cpp:indexAdditionalLines#0","Method:src/logdata/include/logdataoperation.h:LogDataOperation.start#1","CALLS",0.5,"global",0
"Method:src/logdata/src/logdataworker.cpp:indexAdditionalLines#0","Method:src/ui/include/viewtools.h:ElasticHook.release#0","CALLS",0.5,"global",0
"Method:src/logdata/src/logdataworker.cpp:indexAdditionalLines#0","Method:src/logdata/src/logdataworker.cpp:connectSignalsAndRun#1","CALLS",0.95,"same-file",0
"Method:src/logdata/src/logdataworker.cpp:checkFileChanges#0","Method:src/logdata/src/logdataworker.cpp:clear#0","CALLS",0.95,"same-file",0
"Method:src/logdata/src/logdataworker.cpp:checkFileChanges#0","Method:src/logdata/include/logdataoperation.h:LogDataOperation.start#1","CALLS",0.5,"global",0
"Method:src/logdata/src/logdataworker.cpp:checkFileChanges#0","Method:src/ui/include/viewtools.h:ElasticHook.release#0","CALLS",0.5,"global",0
"Method:src/logdata/src/logdataworker.cpp:checkFileChanges#0","Method:src/logdata/src/logdataworker.cpp:connectSignalsAndRun#1","CALLS",0.95,"same-file",0
"Method:src/logdata/src/logdataworker.cpp:connectSignalsAndRun#1","Method:src/logdata/include/logdataworker.h:IndexOperation.run#0","CALLS",0.9,"import-resolved",0
"Method:src/logdata/src/logdataworker.cpp:interrupt#0","Method:src/utils/include/atomicflag.h:AtomicFlag.set#0","CALLS",0.5,"global",0
"Method:src/logdata/src/logdataworker.cpp:guessEncoding#3","Method:src/logdata/include/encodingdetector.h:EncodingDetector.getInstance#0","CALLS",0.9,"import-resolved",0
"Method:src/logdata/src/logdataworker.cpp:guessEncoding#3","Method:src/logdata/include/encodingdetector.h:EncodingDetector.detectEncoding#1","CALLS",0.9,"import-resolved",0
"Method:src/logdata/src/logdataworker.cpp:guessEncoding#3","Method:src/logdata/src/logdataworker.cpp:getForcedEncoding#0","CALLS",0.95,"same-file",0
"Method:src/logdata/src/logdataworker.cpp:guessEncoding#3","Method:src/logdata/src/logdataworker.cpp:getEncodingGuess#0","CALLS",0.95,"same-file",0
"Method:src/logdata/src/logdataworker.cpp:guessEncoding#3","Method:src/logdata/include/encodingdetector.h:EncodingParameters.EncodingParameters","CALLS",0.9,"import-resolved",0
"Method:src/logdata/src/logdataworker.cpp:indexNextBlock#2","Method:src/logdata/src/logdataworker.cpp:guessEncoding#3","CALLS",0.95,"same-file",0
"Method:src/logdata/src/logdataworker.cpp:indexNextBlock#2","Method:src/logdata/src/logdataworker.cpp:parseDataBlock#3","CALLS",0.95,"same-file",0
"Method:src/logdata/src/logdataworker.cpp:indexNextBlock#2","Method:src/logdata/src/logdataworker.cpp:addAll#4","CALLS",0.95,"same-file",0
"Method:src/logdata/src/logdataworker.cpp:indexNextBlock#2","Method:src/logdata/src/logdataworker.cpp:getProgress#0","CALLS",0.95,"same-file",0
"Method:src/logdata/src/logdataworker.cpp:indexNextBlock#2","Method:src/logdata/src/logdataworker.cpp:setProgress#1","CALLS",0.95,"same-file",0
"Method:src/logdata/src/logdataworker.cpp:indexNextBlock#2","Method:src/logdata/src/logdataworker.cpp:setEncodingGuess#1","CALLS",0.95,"same-file",0
"Method:src/logdata/src/logdataworker.cpp:doIndex#1","Method:src/logdata/src/logdataworker.cpp:clear#0","CALLS",0.95,"same-file",0
"Method:src/logdata/src/logdataworker.cpp:doIndex#1","Method:src/logdata/src/logdataworker.cpp:setEncodingGuess#1","CALLS",0.95,"same-file",0
"Method:src/logdata/src/logdataworker.cpp:doIndex#1","Method:src/logdata/src/logdataworker.cpp:setProgress#1","CALLS",0.95,"same-file",0
"Method:src/logdata/src/logdataworker.cpp:doIndex#1","Method:src/logdata/src/logdataworker.cpp:getForcedEncoding#0","CALLS",0.95,"same-file",0
"Method:src/logdata/src/logdataworker.cpp:doIndex#1","Method:src/logdata/src/logdataworker.cpp:getEncodingGuess#0","CALLS",0.95,"same-file",0
"Method:src/logdata/src/logdataworker.cpp:doIndex#1","Method:src/settings/include/configuration.h:Configuration.indexReadBufferSizeMb#0","CALLS",0.9,"import-resolved",0
"Method:src/logdata/src/logdataworker.cpp:doIndex#1","Method:src/logdata/src/logdataworker.cpp:indexNextBlock#2","CALLS",0.95,"same-file",0
"Method:src/logdata/src/logdataworker.cpp:doIndex#1","Method:src/logdata/src/logdataworker.cpp:readFileInBlocks#2","CALLS",0.95,"same-file",0
"Method:src/logdata/src/logdataworker.cpp:doIndex#1","Method:src/logdata/include/linepositionarray.h:LinePosition.setFakeFinalLF#1","CALLS",0.9,"import-resolved",0
"Method:src/logdata/src/logdataworker.cpp:doIndex#1","Method:src/logdata/src/logdataworker.cpp:addAll#4","CALLS",0.95,"same-file",0
"Method:src/logdata/src/logdataworker.cpp:doIndex#1","Method:src/logdata/include/filedigest.h:FileDigest.addData#2","CALLS",0.9,"import-resolved",0
"Method:src/logdata/src/logdataworker.cpp:doIndex#1","Method:src/logdata/include/logdataworker.h:IndexingDataAccessor.setHeaderHash#2","CALLS",0.9,"import-resolved",0
"Method:src/logdata/src/logdataworker.cpp:doIndex#1","Method:src/logdata/include/filedigest.h:FileDigest.digest#0","CALLS",0.9,"import-resolved",0
"Method:src/logdata/src/logdataworker.cpp:doIndex#1","Method:src/logdata/include/logdataworker.h:IndexingDataAccessor.setTailHash#3","CALLS",0.9,"import-resolved",0
"Method:src/logdata/src/logdataworker.cpp:doIndex#1","Method:src/logdata/include/filedigest.h:FileDigest.reset#0","CALLS",0.9,"import-resolved",0
"Method:src/logdata/src/logdataworker.cpp:doIndex#1","Method:src/logdata/src/logdataworker.cpp:allocatedSize#0","CALLS",0.95,"same-file",0
"Method:src/logdata/src/logdataworker.cpp:doIndex#1","Method:src/logdata/src/logdataworker.cpp:getNbLines#0","CALLS",0.95,"same-file",0
"Method:src/logdata/src/logdataworker.cpp:doIndex#1","Method:src/logdata/src/logdataworker.cpp:getMaxLength#0","CALLS",0.95,"same-file",0
"Method:src/logdata/src/logdataworker.cpp:run#0","Method:src/logdata/src/logdataworker.cpp:clear#0","CALLS",0.95,"same-file",0
"Method:src/logdata/src/logdataworker.cpp:run#0","Method:src/logdata/src/logdataworker.cpp:forceEncoding#1","CALLS",0.95,"same-file",0
"Method:src/logdata/src/logdataworker.cpp:run#0","Method:src/logdata/src/logdataworker.cpp:doIndex#1","CALLS",0.95,"same-file",0
"Method:src/logdata/src/logdataworker.cpp:run#0","Method:src/crash_handler/include/issuereporter.h:IssueReporter.askUserAndReportIssue#3","CALLS",0.9,"import-resolved",0
"Method:src/logdata/src/logdataworker.cpp:run#0","Method:src/logdata/src/logdataworker.cpp:getIndexedSize#0","CALLS",0.95,"same-file",0
"Method:src/logdata/src/logdataworker.cpp:run#0","Method:src/logdata/src/logdataworker.cpp:doCheckFileChanges#0","CALLS",0.95,"same-file",0
"Method:src/logdata/src/logdataworker.cpp:doCheckFileChanges#0","Method:src/logdata/src/logdataworker.cpp:getHash#0","CALLS",0.95,"same-file",0
"Method:src/logdata/src/logdataworker.cpp:doCheckFileChanges#0","Method:src/logdata/include/filedigest.h:FileDigest.addData#2","CALLS",0.9,"import-resolved",0
"Method:src/logdata/src/logdataworker.cpp:doCheckFileChanges#0","Method:src/logdata/include/filedigest.h:FileDigest.digest#0","CALLS",0.9,"import-resolved",0
"Method:src/logdata/src/logdataworker.cpp:doCheckFileChanges#0","Method:src/settings/include/configuration.h:Configuration.fastModificationDetection#0","CALLS",0.9,"import-resolved",0
"Method:src/logdata/src/logdata.cpp:LogData#0","Method:src/settings/include/configuration.h:Configuration.keepFileClosed#0","CALLS",0.9,"import-resolved",0
"Method:src/logdata/src/logdata.cpp:reload#1","Method:src/logdata/include/logdata.h:LogData.reOpenFile#0","CALLS",0.9,"import-resolved",0
"Method:src/logdata/src/logdata.cpp:fileChangedOnDisk#1","Method:src/logdata/include/logdata.h:LogData.reOpenFile#0","CALLS",0.9,"import-resolved",0
"Method:src/logdata/src/logdata.cpp:doGetLineLength#1","Method:src/logdata/src/logdata.cpp:doGetExpandedLineString#1","CALLS",0.95,"same-file",0
"Method:src/logdata/src/logdata.cpp:doSetDisplayEncoding#1","Method:src/logdata/include/encodingdetector.h:TextCodecHolder.mibEnum#0","CALLS",0.9,"import-resolved",0
"Method:src/logdata/src/logdata.cpp:doSetDisplayEncoding#1","Method:src/logdata/include/encodingdetector.h:EncodingParameters.EncodingParameters","CALLS",0.9,"import-resolved",0
"Method:src/logdata/src/logdata.cpp:doSetDisplayEncoding#1","Method:src/logdata/src/logdata.cpp:reload#1","CALLS",0.95,"same-file",0
"Method:src/logdata/src/logdata.cpp:doGetLineString#1","Method:src/logdata/src/logdata.cpp:doGetLines#2","CALLS",0.95,"same-file",0
"Method:src/logdata/src/logdata.cpp:doGetLineString#1","Method:src/ui/include/highlightedmatch.h:HighlightedMatchRanges.front#0","CALLS",0.5,"global",0
"Method:src/logdata/src/logdata.cpp:doGetExpandedLineString#1","Method:src/logdata/src/logdata.cpp:doGetLineString#1","CALLS",0.95,"same-file",0
"Method:src/logdata/src/logdata.cpp:doGetLines#2","Method:src/logdata/src/logdata.cpp:getLinesFromFile#3","CALLS",0.95,"same-file",0
"Method:src/logdata/src/logdata.cpp:doGetExpandedLines#2","Method:src/logdata/src/logdata.cpp:getLinesFromFile#3","CALLS",0.95,"same-file",0
"Method:src/logdata/src/logdata.cpp:getLinesRaw#2","Method:src/ui/include/highlightedmatch.h:HighlightedMatchRanges.back#0","CALLS",0.5,"global",0
"Method:src/logdata/src/logdata.cpp:getLinesRaw#2","Method:src/ui/src/abstractlogview.cpp:LineChunk.end#0","CALLS",0.5,"global",0
"Method:src/logdata/src/logdata.cpp:getLinesRaw#2","Method:src/logdata/include/fileholder.h:ScopedFileHolder.getFile#0","CALLS",0.9,"import-resolved",0
"Method:src/logdata/src/logdata.cpp:getLinesFromFile#3","Method:src/logdata/src/logdata.cpp:getLinesRaw#2","CALLS",0.95,"same-file",0
"Method:src/logdata/src/logdata.cpp:getLinesFromFile#3","Method:src/logdata/include/logdata.h:RawLines.decodeLines#0","CALLS",0.9,"import-resolved",0
"Method:src/ui/src/highlightersdialog.cpp:HighlightersDialog#1","Method:src/settings/include/persistable.h:Persistable.getSynced#0","CALLS",0.5,"global",0
"Method:src/ui/src/highlightersdialog.cpp:HighlightersDialog#1","Method:src/ui/src/highlightersdialog.cpp:populateHighlighterList#0","CALLS",0.95,"same-file",0
"Method:src/ui/src/highlightersdialog.cpp:HighlightersDialog#1","Method:src/ui/src/highlightersdialog.cpp:setCurrentRow#1","CALLS",0.95,"same-file",0
"Method:src/ui/src/highlightersdialog.cpp:HighlightersDialog#1","Method:src/ui/include/highlighterset.h:HighlighterSet.isEmpty#0","CALLS",0.9,"import-resolved",0
"Method:src/ui/src/highlightersdialog.cpp:HighlightersDialog#1","Method:src/ui/include/highlighterset.h:HighlighterSetCollection.setQuickHighlighters#1","CALLS",0.9,"import-resolved",0
"Method:src/ui/src/highlightersdialog.cpp:HighlightersDialog#1","Method:src/ui/include/iconloader.h:IconLoader.load#1","CALLS",0.9,"import-resolved",0
"Method:src/ui/src/highlightersdialog.cpp:exportHighlighters#0","Method:src/ui/include/highlighterset.h:HighlighterSet.isEmpty#0","CALLS",0.9,"import-resolved",0
"Method:src/ui/src/highlightersdialog.cpp:importHighlighters#0","Method:src/ui/include/highlighterset.h:HighlighterSetCollection.retrieveFromStorage#1","CALLS",0.9,"import-resolved",0
"Method:src/ui/src/highlightersdialog.cpp:importHighlighters#0","Method:src/ui/include/highlighterset.h:HighlighterSetCollection.hasSet#1","CALLS",0.9,"import-resolved",0
"Method:src/ui/src/highlightersdialog.cpp:importHighlighters#0","Method:src/ui/include/highlighterset.h:HighlighterSet.id#0","CALLS",0.9,"import-resolved",0
"Method:src/ui/src/highlightersdialog.cpp:importHighlighters#0","Method:src/ui/include/highlighterset.h:HighlighterSetCollection.hasSetByName#1","CALLS",0.9,"import-resolved",0
"Method:src/ui/src/highlightersdialog.cpp:importHighlighters#0","Method:src/ui/include/highlighterset.h:HighlighterSet.name#0","CALLS",0.9,"import-resolved",0
"Method:src/ui/src/highlightersdialog.cpp:addHighlighterSet#0","Method:src/ui/include/highlighterset.h:HighlighterSet.createNewSet#1","CALLS",0.9,"import-resolved",0
"Method:src/ui/src/highlightersdialog.cpp:addHighlighterSet#0","Method:src/ui/src/highlightersdialog.cpp:setCurrentRow#1","CALLS",0.95,"same-file",0
"Method:src/ui/src/highlightersdialog.cpp:removeHighlighterSet#0","Method:src/ui/src/highlightersdialog.cpp:setCurrentRow#1","CALLS",0.95,"same-file",0
"Method:src/ui/src/highlightersdialog.cpp:removeHighlighterSet#0","Method:src/ui/include/highlighterset.h:HighlighterSetCollection.deactivateSet#1","CALLS",0.9,"import-resolved",0
"Method:src/ui/src/highlightersdialog.cpp:removeHighlighterSet#0","Method:src/ui/include/highlighterset.h:HighlighterSet.id#0","CALLS",0.9,"import-resolved",0
"Method:src/ui/src/highlightersdialog.cpp:moveHighlighterSetUp#0","Method:src/ui/src/highlightersdialog.cpp:setCurrentRow#1","CALLS",0.95,"same-file",0
"Method:src/ui/src/highlightersdialog.cpp:moveHighlighterSetDown#0","Method:src/ui/src/highlightersdialog.cpp:setCurrentRow#1","CALLS",0.95,"same-file",0
"Method:src/ui/src/highlightersdialog.cpp:resolveDialog#1","Method:src/settings/include/persistable.h:Persistable.save#0","CALLS",0.5,"global",0
"Method:src/ui/src/highlightersdialog.cpp:setCurrentRow#1","Method:src/ui/src/highlightersdialog.cpp:setCurrentRow#1","CALLS",0.95,"same-file",0
"Method:src/ui/src/highlightersdialog.cpp:updateHighlighterProperties#0","Method:src/ui/include/highlighterset.h:HighlighterSet.name#0","CALLS",0.9,"import-resolved",0
"Method:src/ui/src/highlightersdialog.cpp:populateHighlighterList#0","Method:src/ui/include/highlighterset.h:HighlighterSet.name#0","CALLS",0.9,"import-resolved",0
"Method:src/ui/src/logmainview.cpp:useNewFiltering#1","Method:src/ui/include/abstractlogview.h:AbstractLogView.getOverview#0","CALLS",0.5,"global",0
"Method:src/ui/src/logmainview.cpp:useNewFiltering#1","Method:src/ui/include/overview.h:Overview.setFilteredData#1","CALLS",0.9,"import-resolved",0
"Method:src/ui/src/logmainview.cpp:lineType#1","Method:src/logdata/include/logfiltereddata.h:LogFilteredData.lineTypeByLine#1","CALLS",0.9,"import-resolved",0
"Method:src/ui/src/logmainview.cpp:doRegisterShortcuts#0","Method:src/ui/src/logmainview.cpp:doRegisterShortcuts#0","CALLS",0.95,"same-file",0
"Method:src/ui/src/logmainview.cpp:doRegisterShortcuts#0","Method:src/logdata/include/logfiltereddata.h:LogFilteredData.getMarkAfter#1","CALLS",0.9,"import-resolved",0
"Method:src/ui/src/logmainview.cpp:doRegisterShortcuts#0","Method:src/logdata/include/logfiltereddata.h:LogFilteredData.getMarkBefore#1","CALLS",0.9,"import-resolved",0
"Method:src/ui/src/tabbedcrawlerwidget.cpp:TabbedCrawlerWidget#0","Method:src/settings/include/configuration.h:Configuration.style#0","CALLS",0.9,"import-resolved",0
"Method:src/ui/src/tabbedcrawlerwidget.cpp:TabbedCrawlerWidget#0","Method:src/ui/src/tabbedcrawlerwidget.cpp:updateTabBarVisibility#0","CALLS",0.95,"same-file",0
"Method:src/ui/src/tabbedcrawlerwidget.cpp:TabbedCrawlerWidget#0","Method:src/ui/src/tabbedcrawlerwidget.cpp:loadIcons#0","CALLS",0.95,"same-file",0
"Method:src/ui/src/tabbedcrawlerwidget.cpp:loadIcons#0","Method:src/ui/include/iconloader.h:IconLoader.load#1","CALLS",0.9,"import-resolved",0
"Method:src/ui/src/tabbedcrawlerwidget.cpp:loadIcons#0","Method:src/ui/src/tabbedcrawlerwidget.cpp:updateIcon#1","CALLS",0.95,"same-file",0
"Method:src/ui/src/tabbedcrawlerwidget.cpp:changeEvent#1","Method:src/ui/src/tabbedcrawlerwidget.cpp:tabPathAt#1","CALLS",0.95,"same-file",0
"Method:src/ui/src/tabbedcrawlerwidget.cpp:changeEvent#1","Method:src/ui/src/abstractlogview.cpp:LineChunk.end#0","CALLS",0.5,"global",0
"Method:src/ui/src/tabbedcrawlerwidget.cpp:changeEvent#1","Method:src/ui/include/streamsession.h:StreamSession.isConnectionOpen#0","CALLS",0.9,"import-resolved",0
"Method:src/ui/src/tabbedcrawlerwidget.cpp:changeEvent#1","Method:src/ui/include/streamsession.h:StreamSession.captureSettings#0","CALLS",0.9,"import-resolved",0
"Method:src/ui/src/tabbedcrawlerwidget.cpp:changeEvent#1","Method:src/ui/src/tabbedcrawlerwidget.cpp:setTabConnectionState#3","CALLS",0.95,"same-file",0
"Method:src/ui/src/tabbedcrawlerwidget.cpp:changeEvent#1","Method:src/ui/src/tabbedcrawlerwidget.cpp:loadIcons#0","CALLS",0.95,"same-file",0
"Method:src/ui/src/tabbedcrawlerwidget.cpp:changeEvent#1","Method:src/ui/src/tabbedcrawlerwidget.cpp:changeEvent#1","CALLS",0.95,"same-file",0
"Method:src/ui/src/tabbedcrawlerwidget.cpp:addTabBarItem#2","Method:src/ui/src/tabbedcrawlerwidget.cpp:updateTabPresentation#1","CALLS",0.95,"same-file",0
"Method:src/ui/src/tabbedcrawlerwidget.cpp:addTabBarItem#2","Method:src/ui/src/tabbedcrawlerwidget.cpp:updateTabBarVisibility#0","CALLS",0.95,"same-file",0
"Method:src/ui/src/tabbedcrawlerwidget.cpp:addTabBarItem#2","Method:src/ui/src/abstractlogview.cpp:LineChunk.end#0","CALLS",0.5,"global",0
"Method:src/ui/src/tabbedcrawlerwidget.cpp:addTabBarItem#2","Method:src/ui/include/streamsession.h:StreamSession.isConnectionOpen#0","CALLS",0.9,"import-resolved",0
"Method:src/ui/src/tabbedcrawlerwidget.cpp:addTabBarItem#2","Method:src/ui/include/streamsession.h:StreamSession.captureSettings#0","CALLS",0.9,"import-resolved",0
"Method:src/ui/src/tabbedcrawlerwidget.cpp:addTabBarItem#2","Method:src/ui/src/tabbedcrawlerwidget.cpp:setTabConnectionState#3","CALLS",0.95,"same-file",0
"Method:src/ui/src/tabbedcrawlerwidget.cpp:removeCrawler#1","Method:src/ui/src/tabbedcrawlerwidget.cpp:updateTabBarVisibility#0","CALLS",0.95,"same-file",0
"Method:src/ui/src/tabbedcrawlerwidget.cpp:setStreamSessionForPath#2","Method:src/ui/src/tabbedcrawlerwidget.cpp:setTabConnectionState#3","CALLS",0.95,"same-file",0
"Method:src/ui/src/tabbedcrawlerwidget.cpp:setStreamSessionForPath#2","Method:src/ui/include/streamsession.h:StreamSession.isConnectionOpen#0","CALLS",0.9,"import-resolved",0
"Method:src/ui/src/tabbedcrawlerwidget.cpp:setStreamSessionForPath#2","Method:src/ui/include/streamsession.h:StreamSession.captureSettings#0","CALLS",0.9,"import-resolved",0
"Method:src/ui/src/tabbedcrawlerwidget.cpp:setStreamSessionForPath#2","Method:src/ui/src/tabbedcrawlerwidget.cpp:clearStreamSessionForPath#1","CALLS",0.95,"same-file",0
"Method:src/ui/src/tabbedcrawlerwidget.cpp:remapStreamSessionPath#2","Method:src/ui/src/abstractlogview.cpp:LineChunk.end#0","CALLS",0.5,"global",0
"Method:src/ui/src/tabbedcrawlerwidget.cpp:remapStreamSessionPath#2","Method:src/ui/src/tabbedcrawlerwidget.cpp:setTabConnectionState#3","CALLS",0.95,"same-file",0
"Method:src/ui/src/tabbedcrawlerwidget.cpp:remapStreamSessionPath#2","Method:src/ui/include/streamsession.h:StreamSession.isConnectionOpen#0","CALLS",0.9,"import-resolved",0
"Method:src/ui/src/tabbedcrawlerwidget.cpp:remapStreamSessionPath#2","Method:src/ui/include/streamsession.h:StreamSession.captureSettings#0","CALLS",0.9,"import-resolved",0
"Method:src/ui/src/tabbedcrawlerwidget.cpp:streamSessionForTab#1","Method:src/ui/src/tabbedcrawlerwidget.cpp:tabPathAt#1","CALLS",0.95,"same-file",0
"Method:src/ui/src/tabbedcrawlerwidget.cpp:streamSessionForTab#1","Method:src/ui/src/abstractlogview.cpp:LineChunk.end#0","CALLS",0.5,"global",0
"Method:src/ui/src/tabbedcrawlerwidget.cpp:streamSessionForPath#1","Method:src/ui/src/abstractlogview.cpp:LineChunk.end#0","CALLS",0.5,"global",0
"Method:src/ui/src/tabbedcrawlerwidget.cpp:findTabById#1","Method:src/ui/src/tabbedcrawlerwidget.cpp:tabIdAt#1","CALLS",0.95,"same-file",0
"Method:src/ui/src/tabbedcrawlerwidget.cpp:setTabActionsPort#2","Method:src/ui/src/tabbedcrawlerwidget.cpp:tabPathAt#1","CALLS",0.95,"same-file",0
"Method:src/ui/src/tabbedcrawlerwidget.cpp:setTabActionsPort#2","Method:src/ui/src/tabbedcrawlerwidget.cpp:setTabMetadataValue#3","CALLS",0.95,"same-file",0
"Method:src/ui/src/tabbedcrawlerwidget.cpp:setTabActionsPort#2","Method:src/ui/src/tabbedcrawlerwidget.cpp:updateTabPresentation#1","CALLS",0.95,"same-file",0
"Method:src/ui/src/tabbedcrawlerwidget.cpp:setTabScriptActive#2","Method:src/ui/src/tabbedcrawlerwidget.cpp:findTabById#1","CALLS",0.95,"same-file",0
"Method:src/ui/src/tabbedcrawlerwidget.cpp:setTabScriptActive#2","Method:src/ui/src/tabbedcrawlerwidget.cpp:setTabMetadataValue#3","CALLS",0.95,"same-file",0
"Method:src/ui/src/tabbedcrawlerwidget.cpp:setTabScriptActive#2","Method:src/ui/src/tabbedcrawlerwidget.cpp:updateTabPresentation#1","CALLS",0.95,"same-file",0
"Method:src/ui/src/tabbedcrawlerwidget.cpp:hasOpenStreamSession#0","Method:src/ui/include/streamsession.h:StreamSession.isConnectionOpen#0","CALLS",0.9,"import-resolved",0
"Method:src/ui/src/tabbedcrawlerwidget.cpp:firstOpenStreamSession#0","Method:src/ui/include/streamsession.h:StreamSession.isConnectionOpen#0","CALLS",0.9,"import-resolved",0
"Method:src/ui/src/tabbedcrawlerwidget.cpp:showContextMenu#2","Method:src/ui/src/tabbedcrawlerwidget.cpp:streamSessionForTab#1","CALLS",0.95,"same-file",0
"Method:src/ui/src/tabbedcrawlerwidget.cpp:showContextMenu#2","Method:src/ui/include/streamsession.h:StreamSession.captureSettings#0","CALLS",0.9,"import-resolved",0
"Method:src/ui/src/tabbedcrawlerwidget.cpp:showContextMenu#2","Method:src/ui/include/streamsession.h:StreamSession.isConnectionOpen#0","CALLS",0.9,"import-resolved",0
"Method:src/ui/src/tabbedcrawlerwidget.cpp:showContextMenu#2","Method:src/ui/src/tabbedcrawlerwidget.cpp:tabPathAt#1","CALLS",0.95,"same-file",0
"Method:src/ui/src/tabbedcrawlerwidget.cpp:showContextMenu#2","Method:src/settings/include/persistable.h:Persistable.getSynced#0","CALLS",0.5,"global",0
"Method:src/ui/src/tabbedcrawlerwidget.cpp:showContextMenu#2","Method:src/ui/include/tabnamemapping.h:TabNameMapping.setTabName#2","CALLS",0.9,"import-resolved",0
"Method:src/ui/src/tabbedcrawlerwidget.cpp:showContextMenu#2","Method:src/settings/include/persistable.h:Persistable.save#0","CALLS",0.5,"global",0
"Method:src/ui/src/tabbedcrawlerwidget.cpp:showContextMenu#2","Method:src/ui/src/tabbedcrawlerwidget.cpp:updateTabPresentation#1","CALLS",0.95,"same-file",0
"Method:src/ui/src/tabbedcrawlerwidget.cpp:keyPressEvent#1","Method:src/ui/src/tabbedcrawlerwidget.cpp:keyPressEvent#1","CALLS",0.95,"same-file",0
"Method:src/ui/src/tabbedcrawlerwidget.cpp:setTabDataStatus#2","Method:src/ui/src/tabbedcrawlerwidget.cpp:updateIcon#1","CALLS",0.95,"same-file",0
"Method:src/ui/src/tabbedcrawlerwidget.cpp:updateTabBarVisibility#0","Method:src/ui/include/overview.h:Overview.setVisible#1","CALLS",0.5,"global",0
"Method:src/ui/src/tabbedcrawlerwidget.cpp:setTabConnectionState#3","Method:src/ui/src/tabbedcrawlerwidget.cpp:tabPathAt#1","CALLS",0.95,"same-file",0
"Method:src/ui/src/tabbedcrawlerwidget.cpp:setTabConnectionState#3","Method:src/ui/src/tabbedcrawlerwidget.cpp:setTabMetadataValue#3","CALLS",0.95,"same-file",0
"Method:src/ui/src/tabbedcrawlerwidget.cpp:setTabConnectionState#3","Method:src/ui/src/tabbedcrawlerwidget.cpp:updateTabPresentation#1","CALLS",0.95,"same-file",0
"Method:src/ui/src/tabbedcrawlerwidget.cpp:updateTabPresentation#1","Method:src/ui/src/tabbedcrawlerwidget.cpp:tabPathAt#1","CALLS",0.95,"same-file",0
"Method:src/ui/src/tabbedcrawlerwidget.cpp:updateTabPresentation#1","Method:src/settings/include/persistable.h:Persistable.getSynced#0","CALLS",0.5,"global",0
"Method:src/ui/src/tabbedcrawlerwidget.cpp:updateTabPresentation#1","Method:src/ui/src/tabbedcrawlerwidget.cpp:tabMetadataValue#2","CALLS",0.95,"same-file",0
"Method:src/ui/src/tabbedcrawlerwidget.cpp:updateTabPresentation#1","Method:src/ui/src/tabbedcrawlerwidget.cpp:updateIcon#1","CALLS",0.95,"same-file",0
"Method:src/ui/src/tabbedcrawlerwidget.cpp:setAlwaysShowTabBar#1","Method:src/ui/src/tabbedcrawlerwidget.cpp:updateTabBarVisibility#0","CALLS",0.95,"same-file",0
"Method:src/ui/src/crawlerwidget.cpp:getTopLine#0","Method:src/ui/src/crawlerwidget.cpp:getTopLine#0","CALLS",0.95,"same-file",0
"Method:src/ui/src/crawlerwidget.cpp:getSelectedText#0","Method:src/ui/src/crawlerwidget.cpp:getSelectedText#0","CALLS",0.95,"same-file",0
"Method:src/ui/src/crawlerwidget.cpp:isPartialSelection#0","Method:src/ui/src/crawlerwidget.cpp:isPartialSelection#0","CALLS",0.95,"same-file",0
"Method:src/ui/src/crawlerwidget.cpp:selectAll#0","Method:src/ui/src/crawlerwidget.cpp:activeView#0","CALLS",0.95,"same-file",0
"Method:src/ui/src/crawlerwidget.cpp:selectAll#0","Method:src/ui/src/crawlerwidget.cpp:selectAll#0","CALLS",0.95,"same-file",0
"Method:src/ui/src/crawlerwidget.cpp:isFollowEnabled#0","Method:src/ui/src/crawlerwidget.cpp:isFollowEnabled#0","CALLS",0.95,"same-file",0
"Method:src/ui/src/crawlerwidget.cpp:isTextWrapEnabled#0","Method:src/ui/src/crawlerwidget.cpp:isTextWrapEnabled#0","CALLS",0.95,"same-file",0
"Method:src/ui/src/crawlerwidget.cpp:visibleLineRange#0","Method:src/ui/src/crawlerwidget.cpp:visibleLineRangeForView#1","CALLS",0.95,"same-file",0
"Method:src/ui/src/crawlerwidget.cpp:visibleLineRange#0","Method:src/ui/src/crawlerwidget.cpp:activeView#0","CALLS",0.95,"same-file",0
"Method:src/ui/src/crawlerwidget.cpp:mainVisibleLineRange#0","Method:src/ui/src/crawlerwidget.cpp:visibleLineRangeForView#1","CALLS",0.95,"same-file",0
"Method:src/ui/src/crawlerwidget.cpp:filteredVisibleLineRange#0","Method:src/ui/src/crawlerwidget.cpp:visibleLineRangeForView#1","CALLS",0.95,"same-file",0
"Method:src/ui/src/crawlerwidget.cpp:focusedViewObjectName#0","Method:src/ui/src/crawlerwidget.cpp:activeView#0","CALLS",0.95,"same-file",0
"Method:src/ui/src/crawlerwidget.cpp:visibleLineRangeForView#1","Method:src/ui/include/abstractlogview.h:AbstractLogView.visibleLineStart#0","CALLS",0.9,"import-resolved",0
"Method:src/ui/src/crawlerwidget.cpp:visibleLineRangeForView#1","Method:src/ui/include/abstractlogview.h:AbstractLogView.visibleLineEnd#0","CALLS",0.9,"import-resolved",0
"Method:src/ui/src/crawlerwidget.cpp:isRegexEnabled#0","Method:src/ui/src/predefinedfiltersdialog.cpp:CenteredCheckbox.isChecked#0","CALLS",0.5,"global",0
"Method:src/ui/src/crawlerwidget.cpp:isCaseSensitiveSearchEnabled#0","Method:src/ui/src/predefinedfiltersdialog.cpp:CenteredCheckbox.isChecked#0","CALLS",0.5,"global",0
"Method:src/ui/src/crawlerwidget.cpp:isInverseSearchEnabled#0","Method:src/ui/src/predefinedfiltersdialog.cpp:CenteredCheckbox.isChecked#0","CALLS",0.5,"global",0
"Method:src/ui/src/crawlerwidget.cpp:isBooleanSearchEnabled#0","Method:src/ui/src/predefinedfiltersdialog.cpp:CenteredCheckbox.isChecked#0","CALLS",0.5,"global",0
"Method:src/ui/src/crawlerwidget.cpp:isAutoRefreshSearchEnabled#0","Method:src/ui/src/predefinedfiltersdialog.cpp:CenteredCheckbox.isChecked#0","CALLS",0.5,"global",0
"Method:src/ui/src/crawlerwidget.cpp:isKeepSearchResultsEnabled#0","Method:src/ui/src/predefinedfiltersdialog.cpp:CenteredCheckbox.isChecked#0","CALLS",0.5,"global",0
"Method:src/ui/src/crawlerwidget.cpp:doGetActiveSearchable#0","Method:src/ui/src/crawlerwidget.cpp:activeView#0","CALLS",0.95,"same-file",0
"Method:src/ui/src/crawlerwidget.cpp:changeEvent#1","Method:src/ui/src/crawlerwidget.cpp:loadIcons#0","CALLS",0.95,"same-file",0
"Method:src/ui/src/crawlerwidget.cpp:changeEvent#1","Method:src/ui/src/crawlerwidget.cpp:changeEvent#1","CALLS",0.95,"same-file",0
"Method:src/ui/src/crawlerwidget.cpp:reload#0","Method:src/ui/include/crawlerwidget.h:SearchState.resetState#0","CALLS",0.9,"import-resolved",0
"Method:src/ui/src/crawlerwidget.cpp:reload#0","Method:src/ui/include/abstractlogview.h:AbstractLogView.updateData#0","CALLS",0.9,"import-resolved",0
"Method:src/ui/src/crawlerwidget.cpp:reload#0","Method:src/ui/src/crawlerwidget.cpp:reload#0","CALLS",0.95,"same-file",0
"Method:src/ui/src/crawlerwidget.cpp:setEncoding#1","Method:src/ui/src/crawlerwidget.cpp:updateEncoding#0","CALLS",0.95,"same-file",0
"Method:src/ui/src/crawlerwidget.cpp:commanderFilters#0","Method:src/ui/include/savedsearches.h:SavedSearches.recentSearches#0","CALLS",0.9,"import-resolved",0
"Method:src/ui/src/crawlerwidget.cpp:commanderPredefinedFilters#0","Method:src/ui/src/crawlerwidget.cpp:commanderFilters#0","CALLS",0.95,"same-file",0
"Method:src/ui/src/crawlerwidget.cpp:commanderFilterById#1","Method:src/ui/include/abstractlogview.h:DigitsBuffer.isEmpty#0","CALLS",0.9,"import-resolved",0
"Method:src/ui/src/crawlerwidget.cpp:commanderFilterById#1","Method:src/ui/include/savedsearches.h:SavedSearches.recentSearches#0","CALLS",0.9,"import-resolved",0
"Method:src/ui/src/crawlerwidget.cpp:commanderFilterByIndex#1","Method:src/ui/include/savedsearches.h:SavedSearches.recentSearches#0","CALLS",0.9,"import-resolved",0
"Method:src/ui/src/crawlerwidget.cpp:commanderPredefinedFilterById#1","Method:src/ui/src/crawlerwidget.cpp:commanderFilterById#1","CALLS",0.95,"same-file",0
"Method:src/ui/src/crawlerwidget.cpp:commanderPredefinedFilterByIndex#1","Method:src/ui/src/crawlerwidget.cpp:commanderFilterByIndex#1","CALLS",0.95,"same-file",0
"Method:src/ui/src/crawlerwidget.cpp:applyCommanderSearchPattern#3","Method:src/ui/src/crawlerwidget.cpp:setSearchPattern#2","CALLS",0.95,"same-file",0
"Method:src/ui/src/crawlerwidget.cpp:applyCommanderSearchPattern#3","Method:src/ui/src/crawlerwidget.cpp:startNewSearch#0","CALLS",0.95,"same-file",0
"Method:src/ui/src/crawlerwidget.cpp:applyCommanderSearchPattern#3","Method:src/ui/src/predefinedfiltersdialog.cpp:CenteredCheckbox.isChecked#0","CALLS",0.5,"global",0
"Method:src/ui/src/crawlerwidget.cpp:applyCommanderSearchPattern#3","Method:src/ui/src/predefinedfiltersdialog.cpp:CenteredCheckbox.setChecked#1","CALLS",0.5,"global",0
"Method:src/ui/src/crawlerwidget.cpp:applyCommanderPredefinedFilter#3","Method:src/ui/src/crawlerwidget.cpp:combinePatterns#2","CALLS",0.95,"same-file",0
"Method:src/ui/src/crawlerwidget.cpp:applyCommanderPredefinedFilter#3","Method:src/ui/src/crawlerwidget.cpp:escapeSearchPattern#2","CALLS",0.95,"same-file",0
"Method:src/ui/src/crawlerwidget.cpp:applyCommanderPredefinedFilter#3","Method:src/ui/src/crawlerwidget.cpp:applyCommanderSearchPattern#3","CALLS",0.95,"same-file",0
"Method:src/ui/src/crawlerwidget.cpp:applyCommanderAutomationSearch#1","Method:src/ui/src/predefinedfiltersdialog.cpp:CenteredCheckbox.setChecked#1","CALLS",0.5,"global",0
"Method:src/ui/src/crawlerwidget.cpp:applyCommanderAutomationSearch#1","Method:src/ui/include/savedsearches.h:SavedSearches.clear#0","CALLS",0.9,"import-resolved",0
"Method:src/ui/src/crawlerwidget.cpp:applyCommanderAutomationSearch#1","Method:src/ui/src/crawlerwidget.cpp:setSearchPattern#2","CALLS",0.95,"same-file",0
"Method:src/ui/src/crawlerwidget.cpp:applyCommanderAutomationSearch#1","Method:src/ui/src/crawlerwidget.cpp:startNewSearch#0","CALLS",0.95,"same-file",0
"Method:src/ui/src/crawlerwidget.cpp:goToLine#0","Method:src/ui/include/abstractlogview.h:AbstractLogView.trySelectLine#1","CALLS",0.9,"import-resolved",0
"Method:src/ui/src/crawlerwidget.cpp:doSetSavedSearches#1","Method:src/ui/src/crawlerwidget.cpp:setup#0","CALLS",0.95,"same-file",0
"Method:src/ui/src/crawlerwidget.cpp:setViewContextLazy#1","Method:src/ui/src/crawlerwidget.cpp:applyViewContext#2","CALLS",0.95,"same-file",0
"Method:src/ui/src/crawlerwidget.cpp:doSetViewContext#1","Method:src/ui/src/crawlerwidget.cpp:applyViewContext#2","CALLS",0.95,"same-file",0
"Method:src/ui/src/crawlerwidget.cpp:applyViewContext#2","Method:src/ui/src/crawlerwidget.cpp:CrawlerWidgetContext.sizes#0","CALLS",0.95,"same-file",0
"Method:src/ui/src/crawlerwidget.cpp:applyViewContext#2","Method:src/ui/src/crawlerwidget.cpp:CrawlerWidgetContext.searchPattern#0","CALLS",0.95,"same-file",0
"Method:src/ui/src/crawlerwidget.cpp:applyViewContext#2","Method:src/ui/src/predefinedfiltersdialog.cpp:CenteredCheckbox.setChecked#1","CALLS",0.5,"global",0
"Method:src/ui/src/crawlerwidget.cpp:applyViewContext#2","Method:src/ui/src/crawlerwidget.cpp:CrawlerWidgetContext.ignoreCase#0","CALLS",0.95,"same-file",0
"Method:src/ui/src/crawlerwidget.cpp:applyViewContext#2","Method:src/ui/src/crawlerwidget.cpp:CrawlerWidgetContext.useRegexp#0","CALLS",0.95,"same-file",0
"Method:src/ui/src/crawlerwidget.cpp:applyViewContext#2","Method:src/ui/src/crawlerwidget.cpp:CrawlerWidgetContext.inverseRegexp#0","CALLS",0.95,"same-file",0
"Method:src/ui/src/crawlerwidget.cpp:applyViewContext#2","Method:src/ui/src/crawlerwidget.cpp:CrawlerWidgetContext.useBooleanCombination#0","CALLS",0.95,"same-file",0
"Method:src/ui/src/crawlerwidget.cpp:applyViewContext#2","Method:src/ui/src/crawlerwidget.cpp:CrawlerWidgetContext.autoRefresh#0","CALLS",0.95,"same-file",0
"Method:src/ui/src/crawlerwidget.cpp:applyViewContext#2","Method:src/ui/include/crawlerwidget.h:SearchState.setAutorefresh#1","CALLS",0.9,"import-resolved",0
"Method:src/ui/src/crawlerwidget.cpp:applyViewContext#2","Method:src/ui/src/crawlerwidget.cpp:matchCaseChangedHandler#1","CALLS",0.95,"same-file",0
"Method:src/ui/src/crawlerwidget.cpp:applyViewContext#2","Method:src/ui/src/crawlerwidget.cpp:booleanCombiningChangedHandler#1","CALLS",0.95,"same-file",0
"Method:src/ui/src/crawlerwidget.cpp:applyViewContext#2","Method:src/ui/src/crawlerwidget.cpp:useRegexpChangeHandler#1","CALLS",0.95,"same-file",0
"Method:src/ui/src/crawlerwidget.cpp:applyViewContext#2","Method:src/ui/src/crawlerwidget.cpp:updatePredefinedFiltersWidget#0","CALLS",0.95,"same-file",0
"Method:src/ui/src/crawlerwidget.cpp:applyViewContext#2","Method:src/ui/src/crawlerwidget.cpp:CrawlerWidgetContext.followFile#0","CALLS",0.95,"same-file",0
"Method:src/ui/src/crawlerwidget.cpp:applyViewContext#2","Method:src/settings/include/configuration.h:Configuration.anyFileWatchEnabled#0","CALLS",0.9,"import-resolved",0
"Method:src/ui/src/crawlerwidget.cpp:applyViewContext#2","Method:src/ui/src/crawlerwidget.cpp:CrawlerWidgetContext.marks#0","CALLS",0.95,"same-file",0
"Method:src/ui/src/crawlerwidget.cpp:applyViewContext#2","Method:src/ui/include/abstractlogview.h:DigitsBuffer.isEmpty#0","CALLS",0.9,"import-resolved",0
"Method:src/ui/src/crawlerwidget.cpp:applyViewContext#2","Method:src/ui/src/crawlerwidget.cpp:restorePendingSearchExpression#1","CALLS",0.95,"same-file",0
"Method:src/ui/src/crawlerwidget.cpp:doGetViewContext#0","Method:src/ui/src/crawlerwidget.cpp:CrawlerWidgetContext.sizes#0","CALLS",0.95,"same-file",0
"Method:src/ui/src/crawlerwidget.cpp:doGetViewContext#0","Method:src/ui/src/predefinedfiltersdialog.cpp:CenteredCheckbox.isChecked#0","CALLS",0.5,"global",0
"Method:src/ui/src/crawlerwidget.cpp:doGetViewContext#0","Method:src/ui/src/crawlerwidget.cpp:isFollowEnabled#0","CALLS",0.95,"same-file",0
"Method:src/ui/src/crawlerwidget.cpp:startNewSearch#0","Method:src/ui/include/savedsearches.h:SavedSearches.clear#0","CALLS",0.9,"import-resolved",0
"Method:src/ui/src/crawlerwidget.cpp:startNewSearch#0","Method:src/ui/src/predefinedfiltersdialog.cpp:CenteredCheckbox.isChecked#0","CALLS",0.5,"global",0
"Method:src/ui/src/crawlerwidget.cpp:startNewSearch#0","Method:src/ui/src/predefinedfiltersdialog.cpp:CenteredCheckbox.setChecked#1","CALLS",0.5,"global",0
"Method:src/ui/src/crawlerwidget.cpp:startNewSearch#0","Method:src/ui/src/crawlerwidget.cpp:connectAllFilteredViewSlots#1","CALLS",0.95,"same-file",0
"Method:src/ui/src/crawlerwidget.cpp:startNewSearch#0","Method:src/ui/src/crawlerwidget.cpp:applyConfiguration#0","CALLS",0.95,"same-file",0
"Method:src/ui/src/crawlerwidget.cpp:startNewSearch#0","Method:src/settings/include/persistable.h:Persistable.getSynced#0","CALLS",0.5,"global",0
"Method:src/ui/src/crawlerwidget.cpp:startNewSearch#0","Method:src/ui/include/savedsearches.h:SavedSearches.addRecent#1","CALLS",0.9,"import-resolved",0
"Method:src/ui/src/crawlerwidget.cpp:startNewSearch#0","Method:src/settings/include/persistable.h:Persistable.save#0","CALLS",0.5,"global",0
"Method:src/ui/src/crawlerwidget.cpp:startNewSearch#0","Method:src/ui/src/crawlerwidget.cpp:updateSearchCombo#0","CALLS",0.95,"same-file",0
"Method:src/ui/src/crawlerwidget.cpp:startNewSearch#0","Method:src/ui/src/crawlerwidget.cpp:replaceCurrentSearch#3","CALLS",0.95,"same-file",0
"Method:src/ui/src/crawlerwidget.cpp:updatePredefinedFiltersWidget#0","Method:src/ui/src/predefinedfiltersdialog.cpp:CenteredCheckbox.isChecked#0","CALLS",0.5,"global",0
"Method:src/ui/src/crawlerwidget.cpp:stopSearch#0","Method:src/ui/src/crawlerwidget.cpp:stopSearch#0","CALLS",0.95,"same-file",0
"Method:src/ui/src/crawlerwidget.cpp:searchFailedHandler#1","Method:src/ui/src/crawlerwidget.cpp:showSearchExpressionError#1","CALLS",0.95,"same-file",0
"Method:src/ui/src/crawlerwidget.cpp:clearSearchHistory#0","Method:src/ui/include/savedsearches.h:SavedSearches.clear#0","CALLS",0.9,"import-resolved",0
"Method:src/ui/src/crawlerwidget.cpp:clearSearchHistory#0","Method:src/settings/include/persistable.h:Persistable.getSynced#0","CALLS",0.5,"global",0
"Method:src/ui/src/crawlerwidget.cpp:clearSearchHistory#0","Method:src/settings/include/persistable.h:Persistable.save#0","CALLS",0.5,"global",0
"Method:src/ui/src/crawlerwidget.cpp:editSearchHistory#0","Method:src/settings/include/persistable.h:Persistable.getSynced#0","CALLS",0.5,"global",0
"Method:src/ui/src/crawlerwidget.cpp:editSearchHistory#0","Method:src/ui/include/savedsearches.h:SavedSearches.recentSearches#0","CALLS",0.9,"import-resolved",0
"Method:src/ui/src/crawlerwidget.cpp:editSearchHistory#0","Method:src/ui/include/savedsearches.h:SavedSearches.clear#0","CALLS",0.9,"import-resolved",0
"Method:src/ui/src/crawlerwidget.cpp:editSearchHistory#0","Method:src/ui/include/savedsearches.h:SavedSearches.addRecent#1","CALLS",0.9,"import-resolved",0
"Method:src/ui/src/crawlerwidget.cpp:editSearchHistory#0","Method:src/settings/include/persistable.h:Persistable.save#0","CALLS",0.5,"global",0
"Method:src/ui/src/crawlerwidget.cpp:editSearchHistory#0","Method:src/ui/src/crawlerwidget.cpp:updateSearchCombo#0","CALLS",0.95,"same-file",0
"Method:src/ui/src/crawlerwidget.cpp:updateFilteredView#3","Method:src/ui/src/crawlerwidget.cpp:printSearchInfoMessage#1","CALLS",0.95,"same-file",0
"Method:src/ui/src/crawlerwidget.cpp:updateFilteredView#3","Method:src/ui/include/infoline.h:InfoLine.hideGauge#0","CALLS",0.9,"import-resolved",0
"Method:src/ui/src/crawlerwidget.cpp:updateFilteredView#3","Method:src/ui/include/abstractlogview.h:DigitsBuffer.isEmpty#0","CALLS",0.9,"import-resolved",0
"Method:src/ui/src/crawlerwidget.cpp:updateFilteredView#3","Method:src/ui/include/startupprogress.h:StartupProgress.message#2","CALLS",0.9,"import-resolved",0
"Method:src/ui/src/crawlerwidget.cpp:updateFilteredView#3","Method:src/ui/include/infoline.h:InfoLine.displayGauge#1","CALLS",0.9,"import-resolved",0
"Method:src/ui/src/crawlerwidget.cpp:updateFilteredView#3","Method:src/ui/include/abstractlogview.h:AbstractLogView.updateData#0","CALLS",0.9,"import-resolved",0
"Method:src/ui/src/crawlerwidget.cpp:updateFilteredView#3","Method:src/ui/src/crawlerwidget.cpp:changeDataStatus#1","CALLS",0.95,"same-file",0
"Method:src/ui/src/crawlerwidget.cpp:updateFilteredView#3","Method:src/ui/src/crawlerwidget.cpp:isFollowEnabled#0","CALLS",0.95,"same-file",0
"Method:src/ui/src/crawlerwidget.cpp:updateFilteredView#3","Method:src/ui/include/abstractlogview.h:AbstractLogView.selectAndDisplayLine#1","CALLS",0.9,"import-resolved",0
"Method:src/ui/src/crawlerwidget.cpp:updateFilteredView#3","Method:src/ui/src/crawlerwidget.cpp:setSearchLimits#2","CALLS",0.95,"same-file",0
"Method:src/ui/src/crawlerwidget.cpp:updateFilteredView#3","Method:src/ui/include/startupprogress.h:StartupProgress.advance#3","CALLS",0.9,"import-resolved",0
"Method:src/ui/src/crawlerwidget.cpp:jumpToMatchingLine#4","Method:src/ui/include/abstractlogview.h:AbstractLogView.selectPortionAndDisplayLine#4","CALLS",0.9,"import-resolved",0
"Method:src/ui/src/crawlerwidget.cpp:markLinesFromMain#1","Method:src/ui/include/abstractlogview.h:AbstractLogView.updateData#0","CALLS",0.9,"import-resolved",0
"Method:src/ui/src/crawlerwidget.cpp:markLinesFromFiltered#1","Method:src/ui/src/crawlerwidget.cpp:markLinesFromMain#1","CALLS",0.95,"same-file",0
"Method:src/ui/src/crawlerwidget.cpp:applyConfiguration#0","Method:src/settings/include/configuration.h:Configuration.mainFont#0","CALLS",0.9,"import-resolved",0
"Method:src/ui/src/crawlerwidget.cpp:applyConfiguration#0","Method:src/ui/src/crawlerwidget.cpp:registerShortcuts#0","CALLS",0.95,"same-file",0
"Method:src/ui/src/crawlerwidget.cpp:applyConfiguration#0","Method:src/settings/include/configuration.h:Configuration.forceFontAntialiasing#0","CALLS",0.9,"import-resolved",0
"Method:src/ui/src/crawlerwidget.cpp:applyConfiguration#0","Method:src/settings/include/configuration.h:Configuration.useBoldFont#0","CALLS",0.9,"import-resolved",0
"Method:src/ui/src/crawlerwidget.cpp:applyConfiguration#0","Method:src/settings/include/configuration.h:Configuration.hideAnsiColorSequences#0","CALLS",0.9,"import-resolved",0
"Method:src/ui/src/crawlerwidget.cpp:applyConfiguration#0","Method:src/ui/include/abstractlogview.h:AbstractLogView.setLineNumbersVisible#1","CALLS",0.9,"import-resolved",0
"Method:src/ui/src/crawlerwidget.cpp:applyConfiguration#0","Method:src/settings/include/configuration.h:Configuration.mainLineNumbersVisible#0","CALLS",0.9,"import-resolved",0
"Method:src/ui/src/crawlerwidget.cpp:applyConfiguration#0","Method:src/settings/include/configuration.h:Configuration.anyFileWatchEnabled#0","CALLS",0.9,"import-resolved",0
"Method:src/ui/src/crawlerwidget.cpp:applyConfiguration#0","Method:src/ui/include/abstractlogview.h:AbstractLogView.allowFollowMode#1","CALLS",0.9,"import-resolved",0
"Method:src/ui/src/crawlerwidget.cpp:applyConfiguration#0","Method:src/ui/include/overview.h:Overview.setVisible#1","CALLS",0.5,"global",0
"Method:src/ui/src/crawlerwidget.cpp:applyConfiguration#0","Method:src/settings/include/configuration.h:Configuration.isOverviewVisible#0","CALLS",0.9,"import-resolved",0
"Method:src/ui/src/crawlerwidget.cpp:applyConfiguration#0","Method:src/ui/include/abstractlogview.h:AbstractLogView.refreshOverview#0","CALLS",0.9,"import-resolved",0
"Method:src/ui/src/crawlerwidget.cpp:applyConfiguration#0","Method:src/ui/include/abstractlogview.h:AbstractLogView.updateFont#1","CALLS",0.9,"import-resolved",0
"Method:src/ui/src/crawlerwidget.cpp:applyConfiguration#0","Method:src/settings/include/configuration.h:Configuration.filteredLineNumbersVisible#0","CALLS",0.9,"import-resolved",0
"Method:src/ui/src/crawlerwidget.cpp:applyConfiguration#0","Method:src/ui/src/crawlerwidget.cpp:updateSearchCombo#0","CALLS",0.95,"same-file",0
"Method:src/ui/src/crawlerwidget.cpp:applyConfiguration#0","Method:src/ui/src/crawlerwidget.cpp:isFollowEnabled#0","CALLS",0.95,"same-file",0
"Method:src/ui/src/crawlerwidget.cpp:applyConfiguration#0","Method:src/ui/src/crawlerwidget.cpp:changeDataStatus#1","CALLS",0.95,"same-file",0
"Method:src/ui/src/crawlerwidget.cpp:applyConfiguration#0","Method:src/ui/src/crawlerwidget.cpp:reloadPredefinedFilters#0","CALLS",0.95,"same-file",0
"Method:src/ui/src/crawlerwidget.cpp:loadingFinishedHandler#1","Method:src/ui/include/abstractlogview.h:AbstractLogView.updateData#0","CALLS",0.9,"import-resolved",0
"Method:src/ui/src/crawlerwidget.cpp:loadingFinishedHandler#1","Method:src/ui/src/crawlerwidget.cpp:restorePendingSearchExpression#1","CALLS",0.95,"same-file",0
"Method:src/ui/src/crawlerwidget.cpp:loadingFinishedHandler#1","Method:src/ui/include/crawlerwidget.h:SearchState.isAutorefreshAllowed#0","CALLS",0.9,"import-resolved",0
"Method:src/ui/src/crawlerwidget.cpp:loadingFinishedHandler#1","Method:src/ui/include/crawlerwidget.h:SearchState.isFileTruncated#0","CALLS",0.9,"import-resolved",0
"Method:src/ui/src/crawlerwidget.cpp:loadingFinishedHandler#1","Method:src/ui/src/crawlerwidget.cpp:updateEncoding#0","CALLS",0.95,"same-file",0
"Method:src/ui/src/crawlerwidget.cpp:loadingFinishedHandler#1","Method:src/ui/src/crawlerwidget.cpp:clearSearchLimits#0","CALLS",0.95,"same-file",0
"Method:src/ui/src/crawlerwidget.cpp:loadingFinishedHandler#1","Method:src/ui/src/crawlerwidget.cpp:changeDataStatus#1","CALLS",0.95,"same-file",0
"Method:src/ui/src/crawlerwidget.cpp:fileChangedHandler#1","Method:src/ui/include/abstractlogview.h:DigitsBuffer.isEmpty#0","CALLS",0.9,"import-resolved",0
"Method:src/ui/src/crawlerwidget.cpp:fileChangedHandler#1","Method:src/ui/include/abstractlogview.h:AbstractLogView.updateData#0","CALLS",0.9,"import-resolved",0
"Method:src/ui/src/crawlerwidget.cpp:fileChangedHandler#1","Method:src/ui/include/crawlerwidget.h:SearchState.truncateFile#0","CALLS",0.9,"import-resolved",0
"Method:src/ui/src/crawlerwidget.cpp:searchForward#0","Method:src/ui/src/crawlerwidget.cpp:activeView#0","CALLS",0.95,"same-file",0
"Method:src/ui/src/crawlerwidget.cpp:searchForward#0","Method:src/ui/src/crawlerwidget.cpp:searchForward#0","CALLS",0.95,"same-file",0
"Method:src/ui/src/crawlerwidget.cpp:searchBackward#0","Method:src/ui/src/crawlerwidget.cpp:activeView#0","CALLS",0.95,"same-file",0
"Method:src/ui/src/crawlerwidget.cpp:searchBackward#0","Method:src/ui/src/crawlerwidget.cpp:searchBackward#0","CALLS",0.95,"same-file",0
"Method:src/ui/src/crawlerwidget.cpp:resetStateOnSearchPatternChanges#0","Method:src/ui/include/crawlerwidget.h:SearchState.changeExpression#0","CALLS",0.9,"import-resolved",0
"Method:src/ui/src/crawlerwidget.cpp:resetStateOnSearchPatternChanges#0","Method:src/ui/src/crawlerwidget.cpp:printSearchInfoMessage#1","CALLS",0.95,"same-file",0
"Method:src/ui/src/crawlerwidget.cpp:searchRefreshChangedHandler#1","Method:src/ui/include/crawlerwidget.h:SearchState.setAutorefresh#1","CALLS",0.9,"import-resolved",0
"Method:src/ui/src/crawlerwidget.cpp:searchRefreshChangedHandler#1","Method:src/ui/include/abstractlogview.h:DigitsBuffer.isEmpty#0","CALLS",0.9,"import-resolved",0
"Method:src/ui/src/crawlerwidget.cpp:searchRefreshChangedHandler#1","Method:src/ui/src/crawlerwidget.cpp:replaceCurrentSearch#3","CALLS",0.95,"same-file",0
"Method:src/ui/src/crawlerwidget.cpp:searchRefreshChangedHandler#1","Method:src/ui/src/crawlerwidget.cpp:printSearchInfoMessage#1","CALLS",0.95,"same-file",0
"Method:src/ui/src/crawlerwidget.cpp:matchCaseChangedHandler#1","Method:src/ui/src/crawlerwidget.cpp:resetStateOnSearchPatternChanges#0","CALLS",0.95,"same-file",0
"Method:src/ui/src/crawlerwidget.cpp:booleanCombiningChangedHandler#1","Method:src/ui/src/crawlerwidget.cpp:resetStateOnSearchPatternChanges#0","CALLS",0.95,"same-file",0
"Method:src/ui/src/crawlerwidget.cpp:useRegexpChangeHandler#1","Method:src/ui/src/crawlerwidget.cpp:resetStateOnSearchPatternChanges#0","CALLS",0.95,"same-file",0
"Method:src/ui/src/crawlerwidget.cpp:searchTextChangeHandler#1","Method:src/ui/src/crawlerwidget.cpp:resetStateOnSearchPatternChanges#0","CALLS",0.95,"same-file",0
"Method:src/ui/src/crawlerwidget.cpp:searchTextChangeHandler#1","Method:src/ui/src/crawlerwidget.cpp:updatePredefinedFiltersWidget#0","CALLS",0.95,"same-file",0
"Method:src/ui/src/crawlerwidget.cpp:changeFilteredViewVisibility#1","Method:src/ui/include/abstractlogview.h:AbstractLogView.selectAndDisplayLine#1","CALLS",0.9,"import-resolved",0
"Method:src/ui/src/crawlerwidget.cpp:setSearchPatternFromPredefinedFilters#1","Method:src/ui/src/crawlerwidget.cpp:combinePatterns#2","CALLS",0.95,"same-file",0
"Method:src/ui/src/crawlerwidget.cpp:setSearchPatternFromPredefinedFilters#1","Method:src/ui/src/crawlerwidget.cpp:escapeSearchPattern#2","CALLS",0.95,"same-file",0
"Method:src/ui/src/crawlerwidget.cpp:setSearchPatternFromPredefinedFilters#1","Method:src/ui/src/crawlerwidget.cpp:setSearchPattern#1","CALLS",0.95,"same-file",0
"Method:src/ui/src/crawlerwidget.cpp:escapeSearchPattern#2","Method:src/ui/src/predefinedfiltersdialog.cpp:CenteredCheckbox.isChecked#0","CALLS",0.5,"global",0
"Method:src/ui/src/crawlerwidget.cpp:combinePatterns#2","Method:src/ui/include/abstractlogview.h:DigitsBuffer.isEmpty#0","CALLS",0.9,"import-resolved",0
"Method:src/ui/src/crawlerwidget.cpp:combinePatterns#2","Method:src/ui/src/predefinedfiltersdialog.cpp:CenteredCheckbox.isChecked#0","CALLS",0.5,"global",0
"Method:src/ui/src/crawlerwidget.cpp:addToSearch#1","Method:src/ui/src/crawlerwidget.cpp:setSearchPattern#1","CALLS",0.95,"same-file",0
"Method:src/ui/src/crawlerwidget.cpp:addToSearch#1","Method:src/ui/src/crawlerwidget.cpp:combinePatterns#2","CALLS",0.95,"same-file",0
"Method:src/ui/src/crawlerwidget.cpp:excludeFromSearch#1","Method:src/ui/src/predefinedfiltersdialog.cpp:CenteredCheckbox.isChecked#0","CALLS",0.5,"global",0
"Method:src/ui/src/crawlerwidget.cpp:excludeFromSearch#1","Method:src/ui/src/predefinedfiltersdialog.cpp:CenteredCheckbox.setChecked#1","CALLS",0.5,"global",0
"Method:src/ui/src/crawlerwidget.cpp:excludeFromSearch#1","Method:src/ui/include/abstractlogview.h:DigitsBuffer.isEmpty#0","CALLS",0.9,"import-resolved",0
"Method:src/ui/src/crawlerwidget.cpp:excludeFromSearch#1","Method:src/ui/src/crawlerwidget.cpp:setSearchPattern#1","CALLS",0.95,"same-file",0
"Method:src/ui/src/crawlerwidget.cpp:replaceSearch#1","Method:src/ui/src/crawlerwidget.cpp:setSearchPattern#1","CALLS",0.95,"same-file",0
"Method:src/ui/src/crawlerwidget.cpp:setSearchPattern#1","Method:src/ui/src/crawlerwidget.cpp:setSearchPattern#2","CALLS",0.95,"same-file",0
"Method:src/ui/src/crawlerwidget.cpp:setSearchPattern#1","Method:src/ui/src/crawlerwidget.cpp:updatePredefinedFiltersWidget#0","CALLS",0.95,"same-file",0
"Method:src/ui/src/crawlerwidget.cpp:setSearchPattern#1","Method:src/settings/include/configuration.h:Configuration.autoRunSearchOnPatternChange#0","CALLS",0.9,"import-resolved",0
"Method:src/ui/src/crawlerwidget.cpp:setSearchPattern#1","Method:src/ui/src/crawlerwidget.cpp:startNewSearch#0","CALLS",0.95,"same-file",0
"Method:src/ui/src/crawlerwidget.cpp:activityDetected#0","Method:src/ui/src/crawlerwidget.cpp:changeDataStatus#1","CALLS",0.95,"same-file",0
"Method:src/ui/src/crawlerwidget.cpp:setSearchLimits#2","Method:src/ui/src/crawlerwidget.cpp:setSearchLimits#2","CALLS",0.95,"same-file",0
"Method:src/ui/src/crawlerwidget.cpp:clearSearchLimits#0","Method:src/ui/src/crawlerwidget.cpp:setSearchLimits#2","CALLS",0.95,"same-file",0
"Method:src/ui/src/crawlerwidget.cpp:setup#0","Method:src/ui/include/savedsearches.h:SavedSearches.recentSearches#0","CALLS",0.9,"import-resolved",0
"Method:src/ui/src/crawlerwidget.cpp:setup#0","Method:src/ui/include/overview.h:Overview.setVisible#1","CALLS",0.5,"global",0
"Method:src/ui/src/crawlerwidget.cpp:setup#0","Method:src/ui/src/predefinedfiltersdialog.cpp:CenteredCheckbox.setChecked#1","CALLS",0.5,"global",0
"Method:src/ui/src/crawlerwidget.cpp:setup#0","Method:src/settings/include/configuration.h:Configuration.isSearchAutoRefreshDefault#0","CALLS",0.9,"import-resolved",0
"Method:src/ui/src/crawlerwidget.cpp:setup#0","Method:src/settings/include/configuration.h:Configuration.isSearchIgnoreCaseDefault#0","CALLS",0.9,"import-resolved",0
"Method:src/ui/src/crawlerwidget.cpp:setup#0","Method:src/settings/include/configuration.h:Configuration.mainRegexpType#0","CALLS",0.9,"import-resolved",0
"Method:src/ui/src/crawlerwidget.cpp:setup#0","Method:src/settings/include/configuration.h:Configuration.isSearchLogicalCombiningDefault#0","CALLS",0.9,"import-resolved",0
"Method:src/ui/src/crawlerwidget.cpp:setup#0","Method:src/ui/src/crawlerwidget.cpp:searchRefreshChangedHandler#1","CALLS",0.95,"same-file",0
"Method:src/ui/src/crawlerwidget.cpp:setup#0","Method:src/ui/src/predefinedfiltersdialog.cpp:CenteredCheckbox.isChecked#0","CALLS",0.5,"global",0
"Method:src/ui/src/crawlerwidget.cpp:setup#0","Method:src/ui/src/crawlerwidget.cpp:useRegexpChangeHandler#1","CALLS",0.95,"same-file",0
"Method:src/ui/src/crawlerwidget.cpp:setup#0","Method:src/ui/src/crawlerwidget.cpp:matchCaseChangedHandler#1","CALLS",0.95,"same-file",0
"Method:src/ui/src/crawlerwidget.cpp:setup#0","Method:src/ui/src/crawlerwidget.cpp:booleanCombiningChangedHandler#1","CALLS",0.95,"same-file",0
"Method:src/ui/src/crawlerwidget.cpp:setup#0","Method:src/settings/include/configuration.h:Configuration.splitterSizes#0","CALLS",0.9,"import-resolved",0
"Method:src/ui/src/crawlerwidget.cpp:setup#0","Method:src/ui/src/crawlerwidget.cpp:registerShortcuts#0","CALLS",0.95,"same-file",0
"Method:src/ui/src/crawlerwidget.cpp:setup#0","Method:src/ui/src/crawlerwidget.cpp:loadIcons#0","CALLS",0.95,"same-file",0
"Method:src/ui/src/crawlerwidget.cpp:setup#0","Method:src/ui/src/crawlerwidget.cpp:updatePredefinedFiltersWidget#0","CALLS",0.95,"same-file",0
"Method:src/ui/src/crawlerwidget.cpp:setup#0","Method:src/ui/src/crawlerwidget.cpp:getSelectedText#0","CALLS",0.95,"same-file",0
"Method:src/ui/src/crawlerwidget.cpp:setup#0","Method:src/ui/src/crawlerwidget.cpp:connectAllFilteredViewSlots#1","CALLS",0.95,"same-file",0
"Method:src/ui/src/crawlerwidget.cpp:changeFilteredView#1","Method:src/ui/src/crawlerwidget.cpp:changeFilteredViewVisibility#1","CALLS",0.95,"same-file",0
"Method:src/ui/src/crawlerwidget.cpp:saveSplitterSizes#0","Method:src/settings/include/configuration.h:Configuration.setSplitterSizes#1","CALLS",0.9,"import-resolved",0
"Method:src/ui/src/crawlerwidget.cpp:saveSplitterSizes#0","Method:src/ui/src/crawlerwidget.cpp:CrawlerWidgetContext.sizes#0","CALLS",0.95,"same-file",0
"Method:src/ui/src/crawlerwidget.cpp:saveSplitterSizes#0","Method:src/settings/include/persistable.h:Persistable.save#0","CALLS",0.5,"global",0
"Method:src/ui/src/crawlerwidget.cpp:changeFontSize#1","Method:src/settings/include/configuration.h:Configuration.mainFont#0","CALLS",0.9,"import-resolved",0
"Method:src/ui/src/crawlerwidget.cpp:changeFontSize#1","Method:src/ui/include/fontutils.h:FontUtils.availableFontSizes#1","CALLS",0.9,"import-resolved",0
"Method:src/ui/src/crawlerwidget.cpp:changeFontSize#1","Method:src/settings/include/configuration.h:Configuration.setMainFont#1","CALLS",0.9,"import-resolved",0
"Method:src/ui/src/crawlerwidget.cpp:changeFontSize#1","Method:src/ui/include/abstractlogview.h:AbstractLogView.updateFont#1","CALLS",0.9,"import-resolved",0
"Method:src/ui/src/crawlerwidget.cpp:registerShortcuts#0","Method:src/ui/include/savedsearches.h:SavedSearches.clear#0","CALLS",0.9,"import-resolved",0
"Method:src/ui/src/crawlerwidget.cpp:registerShortcuts#0","Method:src/settings/include/configuration.h:Configuration.shortcuts#0","CALLS",0.9,"import-resolved",0
"Method:src/ui/src/crawlerwidget.cpp:registerShortcuts#0","Method:src/settings/include/shortcuts.h:ShortcutAction.registerShortcut#6","CALLS",0.9,"import-resolved",0
"Method:src/ui/src/crawlerwidget.cpp:registerShortcuts#0","Method:src/ui/src/crawlerwidget.cpp:changeTopViewSize#1","CALLS",0.95,"same-file",0
"Method:src/ui/src/crawlerwidget.cpp:registerShortcuts#0","Method:src/settings/include/shortcuts.h:ShortcutAction.registerShortcut#5","CALLS",0.9,"import-resolved",0
"Method:src/ui/src/crawlerwidget.cpp:registerShortcuts#0","Method:src/ui/src/crawlerwidget.cpp:activeView#0","CALLS",0.95,"same-file",0
"Method:src/ui/src/crawlerwidget.cpp:registerShortcuts#0","Method:src/ui/src/crawlerwidget.cpp:addColorLabelToSelection#1","CALLS",0.95,"same-file",0
"Method:src/ui/src/crawlerwidget.cpp:registerShortcuts#0","Method:src/ui/src/crawlerwidget.cpp:addNextColorLabelToSelection#0","CALLS",0.95,"same-file",0
"Method:src/ui/src/crawlerwidget.cpp:registerShortcuts#0","Method:src/ui/src/crawlerwidget.cpp:clearColorLabels#0","CALLS",0.95,"same-file",0
"Method:src/ui/src/crawlerwidget.cpp:registerShortcuts#0","Method:src/ui/src/crawlerwidget.cpp:registerShortcuts#0","CALLS",0.95,"same-file",0
"Method:src/ui/src/crawlerwidget.cpp:restorePendingSearchExpression#1","Method:src/ui/include/abstractlogview.h:DigitsBuffer.isEmpty#0","CALLS",0.9,"import-resolved",0
"Method:src/ui/src/crawlerwidget.cpp:restorePendingSearchExpression#1","Method:src/ui/include/startupprogress.h:StartupProgress.advance#3","CALLS",0.9,"import-resolved",0
"Method:src/ui/src/crawlerwidget.cpp:restorePendingSearchExpression#1","Method:src/ui/src/crawlerwidget.cpp:replaceCurrentSearch#3","CALLS",0.95,"same-file",0
"Method:src/ui/src/crawlerwidget.cpp:showSearchExpressionError#1","Method:src/logdata/include/logfiltereddata.h:LogFilteredData.clearSearch#1","CALLS",0.5,"global",0
"Method:src/ui/src/crawlerwidget.cpp:showSearchExpressionError#1","Method:src/ui/include/abstractlogview.h:AbstractLogView.updateData#0","CALLS",0.9,"import-resolved",0
"Method:src/ui/src/crawlerwidget.cpp:showSearchExpressionError#1","Method:src/ui/include/crawlerwidget.h:SearchState.resetState#0","CALLS",0.9,"import-resolved",0
"Method:src/ui/src/crawlerwidget.cpp:showSearchExpressionError#1","Method:src/ui/include/abstractlogview.h:DigitsBuffer.isEmpty#0","CALLS",0.9,"import-resolved",0
"Method:src/ui/src/crawlerwidget.cpp:showSearchExpressionError#1","Method:src/ui/src/crawlerwidget.cpp:setSearchPattern#1","CALLS",0.95,"same-file",0
"Method:src/ui/src/crawlerwidget.cpp:replaceCurrentSearch#3","Method:src/ui/include/abstractlogview.h:DigitsBuffer.isEmpty#0","CALLS",0.9,"import-resolved",0
"Method:src/ui/src/crawlerwidget.cpp:replaceCurrentSearch#3","Method:src/logdata/include/logfiltereddata.h:LogFilteredData.clearSearch#1","CALLS",0.5,"global",0
"Method:src/ui/src/crawlerwidget.cpp:replaceCurrentSearch#3","Method:src/ui/include/abstractlogview.h:AbstractLogView.updateData#0","CALLS",0.9,"import-resolved",0
"Method:src/ui/src/crawlerwidget.cpp:replaceCurrentSearch#3","Method:src/ui/include/crawlerwidget.h:SearchState.resetState#0","CALLS",0.9,"import-resolved",0
"Method:src/ui/src/crawlerwidget.cpp:replaceCurrentSearch#3","Method:src/ui/include/savedsearches.h:SavedSearches.clear#0","CALLS",0.9,"import-resolved",0
"Method:src/ui/src/crawlerwidget.cpp:replaceCurrentSearch#3","Method:src/ui/src/predefinedfiltersdialog.cpp:CenteredCheckbox.isChecked#0","CALLS",0.5,"global",0
"Method:src/ui/src/crawlerwidget.cpp:replaceCurrentSearch#3","Method:src/ui/include/startupprogress.h:StartupProgress.advance#3","CALLS",0.9,"import-resolved",0
"Method:src/ui/src/crawlerwidget.cpp:replaceCurrentSearch#3","Method:src/logdata/include/logfiltereddata.h:LogFilteredData.hasCurrentRegexp#0","CALLS",0.5,"global",0
"Method:src/ui/src/crawlerwidget.cpp:replaceCurrentSearch#3","Method:src/logdata/include/logfiltereddata.h:LogFilteredData.fullScanCompleted#0","CALLS",0.5,"global",0
"Method:src/ui/src/crawlerwidget.cpp:replaceCurrentSearch#3","Method:src/logdata/include/logfiltereddata.h:LogFilteredData.currentRegexp#0","CALLS",0.5,"global",0
"Method:src/ui/src/crawlerwidget.cpp:replaceCurrentSearch#3","Method:src/ui/include/crawlerwidget.h:SearchState.startSearch#0","CALLS",0.9,"import-resolved",0
"Method:src/ui/src/crawlerwidget.cpp:replaceCurrentSearch#3","Method:src/ui/src/crawlerwidget.cpp:setSearchPattern#1","CALLS",0.95,"same-file",0
"Method:src/ui/src/crawlerwidget.cpp:replaceCurrentSearch#3","Method:src/ui/src/crawlerwidget.cpp:showSearchExpressionError#1","CALLS",0.95,"same-file",0
"Method:src/ui/src/crawlerwidget.cpp:updateSearchCombo#0","Method:src/ui/include/savedsearches.h:SavedSearches.clear#0","CALLS",0.9,"import-resolved",0
"Method:src/ui/src/crawlerwidget.cpp:updateSearchCombo#0","Method:src/ui/include/savedsearches.h:SavedSearches.recentSearches#0","CALLS",0.9,"import-resolved",0
"Method:src/ui/src/crawlerwidget.cpp:printSearchInfoMessage#1","Method:src/ui/include/crawlerwidget.h:SearchState.getState#0","CALLS",0.9,"import-resolved",0
"Method:src/ui/src/crawlerwidget.cpp:printSearchInfoMessage#1","Method:src/ui/include/overview.h:Overview.setVisible#1","CALLS",0.5,"global",0
"Method:src/ui/src/crawlerwidget.cpp:printSearchInfoMessage#1","Method:src/ui/include/abstractlogview.h:DigitsBuffer.isEmpty#0","CALLS",0.9,"import-resolved",0
"Method:src/ui/src/crawlerwidget.cpp:printSearchInfoMessage#1","Method:src/ui/include/savedsearches.h:SavedSearches.clear#0","CALLS",0.9,"import-resolved",0
"Method:src/ui/src/crawlerwidget.cpp:updateEncoding#0","Method:src/ui/include/abstractlogview.h:AbstractLogView.forceRefresh#0","CALLS",0.9,"import-resolved",0
"Method:src/ui/src/crawlerwidget.cpp:changeTopViewSize#1","Method:src/ui/src/crawlerwidget.cpp:CrawlerWidgetContext.sizes#0","CALLS",0.95,"same-file",0
"Method:src/ui/src/crawlerwidget.cpp:addColorLabelToSelection#1","Method:src/ui/src/crawlerwidget.cpp:updateColorLabels#1","CALLS",0.95,"same-file",0
"Method:src/ui/src/crawlerwidget.cpp:addColorLabelToSelection#1","Method:src/ui/src/crawlerwidget.cpp:getSelectedText#0","CALLS",0.95,"same-file",0
"Method:src/ui/src/crawlerwidget.cpp:addNextColorLabelToSelection#0","Method:src/ui/src/crawlerwidget.cpp:updateColorLabels#1","CALLS",0.95,"same-file",0
"Method:src/ui/src/crawlerwidget.cpp:addNextColorLabelToSelection#0","Method:src/ui/src/crawlerwidget.cpp:getSelectedText#0","CALLS",0.95,"same-file",0
"Method:src/ui/src/crawlerwidget.cpp:clearColorLabels#0","Method:src/ui/src/crawlerwidget.cpp:updateColorLabels#1","CALLS",0.95,"same-file",0
"Method:src/ui/src/crawlerwidget.cpp:clearColorLabels#0","Method:src/ui/include/savedsearches.h:SavedSearches.clear#0","CALLS",0.9,"import-resolved",0
"Method:src/ui/src/crawlerwidget.cpp:updateColorLabels#1","Method:src/ui/include/abstractlogview.h:AbstractLogView.setQuickHighlighters#1","CALLS",0.9,"import-resolved",0
"Method:src/ui/src/crawlerwidget.cpp:CrawlerWidgetContext.loadFromString#1","Method:src/settings/include/configuration.h:Configuration.mainRegexpType#0","CALLS",0.9,"import-resolved",0
"Method:src/ui/src/crawlerwidget.cpp:CrawlerWidgetContext.loadFromString#1","Method:src/ui/include/savedsearches.h:SavedSearches.clear#0","CALLS",0.9,"import-resolved",0
"Method:src/ui/src/crawlerwidget.cpp:CrawlerWidgetContext.loadFromJson#1","Method:src/settings/include/configuration.h:Configuration.mainRegexpType#0","CALLS",0.9,"import-resolved",0
"Method:tests/ui/mainwindow_test.cpp:MinimizeToTrayRestoreGuard.MinimizeToTrayRestoreGuard#1","Method:src/settings/include/configuration.h:Configuration.minimizeToTray#0","CALLS",0.9,"import-resolved",0
"Method:tests/ui/mainwindow_test.cpp:MinimizeToTrayRestoreGuard.MinimizeToTrayRestoreGuard#1","Method:src/settings/include/persistable.h:Persistable.getSynced#0","CALLS",0.5,"global",0
"Method:tests/ui/mainwindow_test.cpp:MinimizeToTrayRestoreGuard.MinimizeToTrayRestoreGuard#1","Method:src/settings/include/configuration.h:Configuration.setMinimizeToTray#1","CALLS",0.9,"import-resolved",0
"Method:src/app/kloggapp.h:KloggApp.scriptStatusForTab#1","Method:src/app/kloggapp.h:KloggApp.scriptStatusForTab#1","CALLS",0.95,"same-file",0
"Method:src/app/kloggapp.h:KloggApp.globalScriptStatus#0","Method:src/ui/include/scriptsupervisor.h:ScriptSupervisor.globalScriptStatusPayload#0","CALLS",0.9,"import-resolved",0
"Method:src/app/kloggapp.h:KloggApp.scriptBindingForTab#1","Method:src/app/kloggapp.h:KloggApp.scriptBindingForTab#1","CALLS",0.95,"same-file",0
"Method:src/app/kloggapp.h:KloggApp.globalScriptBinding#0","Method:src/app/kloggapp.h:KloggApp.globalScriptBinding#0","CALLS",0.95,"same-file",0
"Method:src/app/kloggapp.h:KloggApp.event#1","Method:src/app/kloggapp.h:KloggApp.isSecondary#0","CALLS",0.95,"same-file",0
"Method:src/app/kloggapp.h:KloggApp.event#1","Method:src/app/kloggapp.h:KloggApp.loadFileNonInteractive#1","CALLS",0.95,"same-file",0
"Method:src/app/kloggapp.h:KloggApp.event#1","Method:src/app/kloggapp.h:KloggApp.sendFilesToPrimaryInstance#1","CALLS",0.95,"same-file",0
"Method:src/app/kloggapp.h:KloggApp.event#1","Method:src/ui/include/mainwindow.h:MainWindow.event#1","CALLS",0.9,"import-resolved",0
"Method:src/ui/src/optionsdialog.cpp:OptionsDialog#1","Method:src/ui/src/optionsdialog.cpp:setupTabs#0","CALLS",0.95,"same-file",0
"Method:src/ui/src/optionsdialog.cpp:OptionsDialog#1","Method:src/ui/src/optionsdialog.cpp:setupFontList#0","CALLS",0.95,"same-file",0
"Method:src/ui/src/optionsdialog.cpp:OptionsDialog#1","Method:src/ui/src/optionsdialog.cpp:setupRegexp#0","CALLS",0.95,"same-file",0
"Method:src/ui/src/optionsdialog.cpp:OptionsDialog#1","Method:src/ui/src/optionsdialog.cpp:setupStyles#0","CALLS",0.95,"same-file",0
"Method:src/ui/src/optionsdialog.cpp:OptionsDialog#1","Method:src/ui/src/optionsdialog.cpp:setupEncodings#0","CALLS",0.95,"same-file",0
"Method:src/ui/src/optionsdialog.cpp:OptionsDialog#1","Method:src/ui/src/optionsdialog.cpp:setupLanguageList#0","CALLS",0.95,"same-file",0
"Method:src/ui/src/optionsdialog.cpp:OptionsDialog#1","Method:src/ui/src/optionsdialog.cpp:setupComDefaults#0","CALLS",0.95,"same-file",0
"Method:src/ui/src/optionsdialog.cpp:OptionsDialog#1","Method:src/ui/src/optionsdialog.cpp:setupPolling#0","CALLS",0.95,"same-file",0
"Method:src/ui/src/optionsdialog.cpp:OptionsDialog#1","Method:src/ui/src/optionsdialog.cpp:setupSearchResultsCache#0","CALLS",0.95,"same-file",0
"Method:src/ui/src/optionsdialog.cpp:OptionsDialog#1","Method:src/ui/src/optionsdialog.cpp:setupLogging#0","CALLS",0.95,"same-file",0
"Method:src/ui/src/optionsdialog.cpp:OptionsDialog#1","Method:src/ui/src/optionsdialog.cpp:setupArchives#0","CALLS",0.95,"same-file",0
"Method:src/ui/src/optionsdialog.cpp:OptionsDialog#1","Method:src/ui/src/optionsdialog.cpp:buildShortcutsTable#1","CALLS",0.95,"same-file",0
"Method:src/ui/src/optionsdialog.cpp:OptionsDialog#1","Method:src/ui/src/optionsdialog.cpp:updateDialogFromConfig#0","CALLS",0.95,"same-file",0
"Method:src/ui/src/optionsdialog.cpp:setupTabs#0","Method:src/ui/include/overview.h:Overview.setVisible#1","CALLS",0.5,"global",0
"Method:src/ui/src/optionsdialog.cpp:setupFontList#0","Method:src/ui/include/fontutils.h:FontUtils.availableFonts#0","CALLS",0.9,"import-resolved",0
"Method:src/ui/src/optionsdialog.cpp:setupStyles#0","Method:src/settings/include/styles.h:StyleManager.availableStyles#0","CALLS",0.9,"import-resolved",0
"Method:src/ui/src/optionsdialog.cpp:setupEncodings#0","Method:src/ui/include/encodings.h:EncodingMenu.supportedEncodings#0","CALLS",0.9,"import-resolved",0
"Method:src/ui/src/optionsdialog.cpp:setupPolling#0","Method:src/ui/src/predefinedfiltersdialog.cpp:CenteredCheckbox.isChecked#0","CALLS",0.5,"global",0
"Method:src/ui/src/optionsdialog.cpp:setupSearchResultsCache#0","Method:src/ui/src/predefinedfiltersdialog.cpp:CenteredCheckbox.isChecked#0","CALLS",0.5,"global",0
"Method:src/ui/src/optionsdialog.cpp:setupLogging#0","Method:src/ui/src/predefinedfiltersdialog.cpp:CenteredCheckbox.isChecked#0","CALLS",0.5,"global",0
"Method:src/ui/src/optionsdialog.cpp:setupArchives#0","Method:src/ui/src/predefinedfiltersdialog.cpp:CenteredCheckbox.isChecked#0","CALLS",0.5,"global",0
"Method:src/ui/src/optionsdialog.cpp:updateDialogFromConfig#0","Method:src/ui/src/optionsdialog.cpp:updateFontSize#1","CALLS",0.95,"same-file",0
"Method:src/ui/src/optionsdialog.cpp:updateDialogFromConfig#0","Method:src/ui/src/predefinedfiltersdialog.cpp:CenteredCheckbox.setChecked#1","CALLS",0.5,"global",0
"Method:src/ui/src/optionsdialog.cpp:updateDialogFromConfig#0","Method:src/settings/include/configuration.h:Configuration.forceFontAntialiasing#0","CALLS",0.5,"global",0
"Method:src/ui/src/optionsdialog.cpp:updateDialogFromConfig#0","Method:src/settings/include/configuration.h:Configuration.useBoldFont#0","CALLS",0.5,"global",0
"Method:src/ui/src/optionsdialog.cpp:updateDialogFromConfig#0","Method:src/settings/include/configuration.h:Configuration.useTextWrap#0","CALLS",0.5,"global",0
"Method:src/ui/src/optionsdialog.cpp:updateDialogFromConfig#0","Method:src/settings/include/configuration.h:Configuration.enableQtHighDpi#0","CALLS",0.5,"global",0
"Method:src/ui/src/optionsdialog.cpp:updateDialogFromConfig#0","Method:src/settings/include/configuration.h:Configuration.scaleFactorRounding#0","CALLS",0.5,"global",0
"Method:src/ui/src/optionsdialog.cpp:updateDialogFromConfig#0","Method:src/settings/include/configuration.h:Configuration.language#0","CALLS",0.5,"global",0
"Method:src/ui/src/optionsdialog.cpp:updateDialogFromConfig#0","Method:src/settings/include/configuration.h:Configuration.hideAnsiColorSequences#0","CALLS",0.5,"global",0
"Method:src/ui/src/optionsdialog.cpp:updateDialogFromConfig#0","Method:src/settings/include/configuration.h:Configuration.showTabsBarByDefault#0","CALLS",0.5,"global",0
"Method:src/ui/src/optionsdialog.cpp:updateDialogFromConfig#0","Method:src/ui/src/optionsdialog.cpp:getRegexpTypeIndex#1","CALLS",0.95,"same-file",0
"Method:src/ui/src/optionsdialog.cpp:updateDialogFromConfig#0","Method:src/settings/include/configuration.h:Configuration.mainRegexpType#0","CALLS",0.5,"global",0
"Method:src/ui/src/optionsdialog.cpp:updateDialogFromConfig#0","Method:src/settings/include/configuration.h:Configuration.mainSearchBackColor#0","CALLS",0.5,"global",0
"Method:src/ui/src/optionsdialog.cpp:updateDialogFromConfig#0","Method:src/ui/include/highlighteredit.h:HighlighterEdit.updateIcon#2","CALLS",0.9,"import-resolved",0
"Method:src/ui/src/optionsdialog.cpp:updateDialogFromConfig#0","Method:src/settings/include/configuration.h:Configuration.quickfindRegexpType#0","CALLS",0.5,"global",0
"Method:src/ui/src/optionsdialog.cpp:updateDialogFromConfig#0","Method:src/settings/include/configuration.h:Configuration.qfBackColor#0","CALLS",0.5,"global",0
"Method:src/ui/src/optionsdialog.cpp:updateDialogFromConfig#0","Method:src/ui/src/optionsdialog.cpp:getRegexpEngineIndex#1","CALLS",0.95,"same-file",0
"Method:src/ui/src/optionsdialog.cpp:updateDialogFromConfig#0","Method:src/settings/include/configuration.h:Configuration.regexpEngine#0","CALLS",0.5,"global",0
"Method:src/ui/src/optionsdialog.cpp:updateDialogFromConfig#0","Method:src/settings/include/configuration.h:Configuration.autoRunSearchOnPatternChange#0","CALLS",0.5,"global",0
"Method:src/ui/src/optionsdialog.cpp:updateDialogFromConfig#0","Method:src/settings/include/configuration.h:Configuration.mainSearchHighlight#0","CALLS",0.5,"global",0
"Method:src/ui/src/optionsdialog.cpp:updateDialogFromConfig#0","Method:src/settings/include/configuration.h:Configuration.variateMainSearchHighlight#0","CALLS",0.5,"global",0
"Method:src/ui/src/optionsdialog.cpp:updateDialogFromConfig#0","Method:src/settings/include/configuration.h:Configuration.isQuickfindIncremental#0","CALLS",0.5,"global",0
"Method:src/ui/src/optionsdialog.cpp:updateDialogFromConfig#0","Method:src/settings/include/configuration.h:Configuration.isSearchIgnoreCaseDefault#0","CALLS",0.5,"global",0
"Method:src/ui/src/optionsdialog.cpp:updateDialogFromConfig#0","Method:src/settings/include/configuration.h:Configuration.isSearchLogicalCombiningDefault#0","CALLS",0.5,"global",0
"Method:src/ui/src/optionsdialog.cpp:updateDialogFromConfig#0","Method:src/settings/include/configuration.h:Configuration.isSearchAutoRefreshDefault#0","CALLS",0.5,"global",0
"Method:src/ui/src/optionsdialog.cpp:updateDialogFromConfig#0","Method:src/settings/include/configuration.h:Configuration.nativeFileWatchEnabled#0","CALLS",0.5,"global",0
"Method:src/ui/src/optionsdialog.cpp:updateDialogFromConfig#0","Method:src/settings/include/configuration.h:Configuration.fastModificationDetection#0","CALLS",0.5,"global",0
"Method:src/ui/src/optionsdialog.cpp:updateDialogFromConfig#0","Method:src/settings/include/configuration.h:Configuration.pollingEnabled#0","CALLS",0.5,"global",0
"Method:src/ui/src/optionsdialog.cpp:updateDialogFromConfig#0","Method:src/settings/include/configuration.h:Configuration.pollIntervalMs#0","CALLS",0.5,"global",0
"Method:src/ui/src/optionsdialog.cpp:updateDialogFromConfig#0","Method:src/settings/include/configuration.h:Configuration.allowFollowOnScroll#0","CALLS",0.5,"global",0
"Method:src/ui/src/optionsdialog.cpp:updateDialogFromConfig#0","Method:src/settings/include/configuration.h:Configuration.loadLastSession#0","CALLS",0.5,"global",0
"Method:src/ui/src/optionsdialog.cpp:updateDialogFromConfig#0","Method:src/settings/include/configuration.h:Configuration.followFileOnLoad#0","CALLS",0.5,"global",0
"Method:src/ui/src/optionsdialog.cpp:updateDialogFromConfig#0","Method:src/settings/include/configuration.h:Configuration.minimizeToTray#0","CALLS",0.5,"global",0
"Method:src/ui/src/optionsdialog.cpp:updateDialogFromConfig#0","Method:src/settings/include/configuration.h:Configuration.allowMultipleWindows#0","CALLS",0.5,"global",0
"Method:src/ui/src/optionsdialog.cpp:updateDialogFromConfig#0","Method:src/ui/include/startupprogress.h:StartupProgress.setValue#3","CALLS",0.5,"global",0
"Method:src/ui/src/optionsdialog.cpp:updateDialogFromConfig#0","Method:src/settings/include/configuration.h:Configuration.loggingLevel#0","CALLS",0.5,"global",0
"Method:src/ui/src/optionsdialog.cpp:updateDialogFromConfig#0","Method:src/settings/include/configuration.h:Configuration.extractArchives#0","CALLS",0.5,"global",0
"Method:src/ui/src/optionsdialog.cpp:updateDialogFromConfig#0","Method:src/settings/include/configuration.h:Configuration.extractArchivesAlways#0","CALLS",0.5,"global",0
"Method:src/ui/src/optionsdialog.cpp:updateDialogFromConfig#0","Method:src/settings/include/configuration.h:Configuration.useParallelSearch#0","CALLS",0.5,"global",0
"Method:src/ui/src/optionsdialog.cpp:updateDialogFromConfig#0","Method:src/settings/include/configuration.h:Configuration.useSearchResultsCache#0","CALLS",0.5,"global",0
"Method:src/ui/src/optionsdialog.cpp:updateDialogFromConfig#0","Method:src/settings/include/configuration.h:Configuration.searchResultsCacheLines#0","CALLS",0.5,"global",0
"Method:src/ui/src/optionsdialog.cpp:updateDialogFromConfig#0","Method:src/settings/include/configuration.h:Configuration.indexReadBufferSizeMb#0","CALLS",0.5,"global",0
"Method:src/ui/src/optionsdialog.cpp:updateDialogFromConfig#0","Method:src/settings/include/configuration.h:Configuration.searchReadBufferSizeLines#0","CALLS",0.5,"global",0
"Method:src/ui/src/optionsdialog.cpp:updateDialogFromConfig#0","Method:src/settings/include/configuration.h:Configuration.keepFileClosed#0","CALLS",0.5,"global",0
"Method:src/ui/src/optionsdialog.cpp:updateDialogFromConfig#0","Method:src/settings/include/configuration.h:Configuration.useCompressedIndex#0","CALLS",0.5,"global",0
"Method:src/ui/src/optionsdialog.cpp:updateDialogFromConfig#0","Method:src/settings/include/configuration.h:Configuration.useHsCombinationBit#0","CALLS",0.5,"global",0
"Method:src/ui/src/optionsdialog.cpp:updateDialogFromConfig#0","Method:src/settings/include/configuration.h:Configuration.optimizeForNotLatinEncodings#0","CALLS",0.5,"global",0
"Method:src/ui/src/optionsdialog.cpp:updateDialogFromConfig#0","Method:src/settings/include/configuration.h:Configuration.versionCheckingEnabled#0","CALLS",0.5,"global",0
"Method:src/ui/src/optionsdialog.cpp:updateDialogFromConfig#0","Method:src/settings/include/configuration.h:Configuration.verifySslPeers#0","CALLS",0.5,"global",0
"Method:src/ui/src/optionsdialog.cpp:updateDialogFromConfig#0","Method:src/ui/src/optionsdialog.cpp:buildShortcutsTable#1","CALLS",0.95,"same-file",0
"Method:src/ui/src/optionsdialog.cpp:updateDialogFromConfig#0","Method:src/settings/include/configuration.h:Configuration.defaultComBaudRate#0","CALLS",0.5,"global",0
"Method:src/ui/src/optionsdialog.cpp:updateDialogFromConfig#0","Method:src/settings/include/configuration.h:Configuration.defaultComDataBits#0","CALLS",0.5,"global",0
"Method:src/ui/src/optionsdialog.cpp:updateDialogFromConfig#0","Method:src/settings/include/configuration.h:Configuration.defaultComParity#0","CALLS",0.5,"global",0
"Method:src/ui/src/optionsdialog.cpp:updateDialogFromConfig#0","Method:src/settings/include/configuration.h:Configuration.defaultComStopBits#0","CALLS",0.5,"global",0
"Method:src/ui/src/optionsdialog.cpp:updateDialogFromConfig#0","Method:src/settings/include/configuration.h:Configuration.defaultComFlowControl#0","CALLS",0.5,"global",0
"Method:src/ui/src/optionsdialog.cpp:updateDialogFromConfig#0","Method:src/settings/include/configuration.h:Configuration.defaultComLogPath#0","CALLS",0.5,"global",0
"Method:src/ui/src/optionsdialog.cpp:updateDialogFromConfig#0","Method:src/settings/include/configuration.h:Configuration.defaultComTimestampEnabled#0","CALLS",0.5,"global",0
"Method:src/ui/src/optionsdialog.cpp:updateDialogFromConfig#0","Method:src/settings/include/configuration.h:Configuration.defaultComTimestampFormat#0","CALLS",0.5,"global",0
"Method:src/ui/src/optionsdialog.cpp:updateDialogFromConfig#0","Method:src/settings/include/configuration.h:Configuration.defaultComLogTransmits#0","CALLS",0.5,"global",0
"Method:src/ui/src/optionsdialog.cpp:updateDialogFromConfig#0","Method:src/settings/include/configuration.h:Configuration.defaultActionEditorLineEnding#0","CALLS",0.5,"global",0
"Method:src/ui/src/optionsdialog.cpp:updateDialogFromConfig#0","Method:src/ui/include/savedsearches.h:SavedSearches.historySize#0","CALLS",0.9,"import-resolved",0
"Method:src/ui/src/optionsdialog.cpp:updateDialogFromConfig#0","Method:src/ui/include/recentfiles.h:RecentFiles.filesHistoryMaxItems#0","CALLS",0.9,"import-resolved",0
"Method:src/ui/src/optionsdialog.cpp:updateFontSize#1","Method:src/ui/include/fontutils.h:FontUtils.availableFontSizes#1","CALLS",0.9,"import-resolved",0
"Method:src/ui/src/optionsdialog.cpp:updateFontSize#1","Method:src/ui/include/savedsearches.h:SavedSearches.clear#0","CALLS",0.9,"import-resolved",0
"Method:src/ui/src/optionsdialog.cpp:changeMainColor#0","Method:src/ui/include/highlighteredit.h:HighlighterEdit.showColorPicker#2","CALLS",0.9,"import-resolved",0
"Method:src/ui/src/optionsdialog.cpp:changeMainColor#0","Method:src/ui/include/highlighteredit.h:HighlighterEdit.updateIcon#2","CALLS",0.9,"import-resolved",0
"Method:src/ui/src/optionsdialog.cpp:changeQfColor#0","Method:src/ui/include/highlighteredit.h:HighlighterEdit.showColorPicker#2","CALLS",0.9,"import-resolved",0
"Method:src/ui/src/optionsdialog.cpp:changeQfColor#0","Method:src/ui/include/highlighteredit.h:HighlighterEdit.updateIcon#2","CALLS",0.9,"import-resolved",0
"Method:src/ui/src/optionsdialog.cpp:checkShortcutsOnDuplicate#0","Method:src/ui/src/optionsdialog.cpp:keySequence#0","CALLS",0.95,"same-file",0
"Method:src/ui/src/optionsdialog.cpp:checkShortcutsOnDuplicate#0","Method:src/ui/src/abstractlogview.cpp:LineChunk.end#0","CALLS",0.5,"global",0
"Method:src/ui/src/optionsdialog.cpp:updateTranslate#0","Method:src/ui/include/mainwindow.h:MainWindow.installLanguage#1","CALLS",0.9,"import-resolved",0
"Method:src/ui/src/optionsdialog.cpp:updateConfigFromDialog#0","Method:src/settings/include/configuration.h:Configuration.setForceFontAntialiasing#1","CALLS",0.5,"global",0
"Method:src/ui/src/optionsdialog.cpp:updateConfigFromDialog#0","Method:src/ui/src/predefinedfiltersdialog.cpp:CenteredCheckbox.isChecked#0","CALLS",0.5,"global",0
"Method:src/ui/src/optionsdialog.cpp:updateConfigFromDialog#0","Method:src/settings/include/configuration.h:Configuration.setUseBoldFont#1","CALLS",0.5,"global",0
"Method:src/ui/src/optionsdialog.cpp:updateConfigFromDialog#0","Method:src/settings/include/configuration.h:Configuration.setUseTextWrap#1","CALLS",0.5,"global",0
"Method:src/ui/src/optionsdialog.cpp:updateConfigFromDialog#0","Method:src/settings/include/configuration.h:Configuration.setEnableQtHighDpi#1","CALLS",0.5,"global",0
"Method:src/ui/src/optionsdialog.cpp:updateConfigFromDialog#0","Method:src/settings/include/configuration.h:Configuration.setScaleFactorRounding#1","CALLS",0.5,"global",0
"Method:src/ui/src/optionsdialog.cpp:updateConfigFromDialog#0","Method:src/settings/include/configuration.h:Configuration.setMainRegexpType#1","CALLS",0.5,"global",0
"Method:src/ui/src/optionsdialog.cpp:updateConfigFromDialog#0","Method:src/ui/src/optionsdialog.cpp:getRegexpTypeFromIndex#1","CALLS",0.95,"same-file",0
"Method:src/ui/src/optionsdialog.cpp:updateConfigFromDialog#0","Method:src/settings/include/configuration.h:Configuration.setMainSearchBackColor#1","CALLS",0.5,"global",0
"Method:src/ui/src/optionsdialog.cpp:updateConfigFromDialog#0","Method:src/settings/include/configuration.h:Configuration.setEnableMainSearchHighlight#1","CALLS",0.5,"global",0
"Method:src/ui/src/optionsdialog.cpp:updateConfigFromDialog#0","Method:src/settings/include/configuration.h:Configuration.setVariateMainSearchHighlight#1","CALLS",0.5,"global",0
"Method:src/ui/src/optionsdialog.cpp:updateConfigFromDialog#0","Method:src/settings/include/configuration.h:Configuration.setSearchIgnoreCaseDefault#1","CALLS",0.5,"global",0
"Method:src/ui/src/optionsdialog.cpp:updateConfigFromDialog#0","Method:src/settings/include/configuration.h:Configuration.setSearchAutoRefreshDefault#1","CALLS",0.5,"global",0
"Method:src/ui/src/optionsdialog.cpp:updateConfigFromDialog#0","Method:src/settings/include/configuration.h:Configuration.setSearchLogicalCombiningDefault#1","CALLS",0.5,"global",0
"Method:src/ui/src/optionsdialog.cpp:updateConfigFromDialog#0","Method:src/settings/include/configuration.h:Configuration.setQuickfindRegexpType#1","CALLS",0.5,"global",0
"Method:src/ui/src/optionsdialog.cpp:updateConfigFromDialog#0","Method:src/settings/include/configuration.h:Configuration.setQfBackColor#1","CALLS",0.5,"global",0
"Method:src/ui/src/optionsdialog.cpp:updateConfigFromDialog#0","Method:src/settings/include/configuration.h:Configuration.setQuickfindIncremental#1","CALLS",0.5,"global",0
"Method:src/ui/src/optionsdialog.cpp:updateConfigFromDialog#0","Method:src/settings/include/configuration.h:Configuration.setRegexpEnging#1","CALLS",0.5,"global",0
"Method:src/ui/src/optionsdialog.cpp:updateConfigFromDialog#0","Method:src/ui/src/optionsdialog.cpp:getRegexpEngineFromIndex#1","CALLS",0.95,"same-file",0
"Method:src/ui/src/optionsdialog.cpp:updateConfigFromDialog#0","Method:src/settings/include/configuration.h:Configuration.setAutoRunSearchOnPatternChange#1","CALLS",0.5,"global",0
"Method:src/ui/src/optionsdialog.cpp:updateConfigFromDialog#0","Method:src/settings/include/configuration.h:Configuration.setNativeFileWatchEnabled#1","CALLS",0.5,"global",0
"Method:src/ui/src/optionsdialog.cpp:updateConfigFromDialog#0","Method:src/settings/include/configuration.h:Configuration.setPollingEnabled#1","CALLS",0.5,"global",0
"Method:src/ui/src/optionsdialog.cpp:updateConfigFromDialog#0","Method:src/settings/include/configuration.h:Configuration.setPollIntervalMs#1","CALLS",0.5,"global",0
"Method:src/ui/src/optionsdialog.cpp:updateConfigFromDialog#0","Method:src/settings/include/configuration.h:Configuration.setFastModificationDetection#1","CALLS",0.5,"global",0
"Method:src/ui/src/optionsdialog.cpp:updateConfigFromDialog#0","Method:src/settings/include/configuration.h:Configuration.setAllowFollowOnScroll#1","CALLS",0.5,"global",0
"Method:src/ui/src/optionsdialog.cpp:updateConfigFromDialog#0","Method:src/settings/include/configuration.h:Configuration.setLoadLastSession#1","CALLS",0.5,"global",0
"Method:src/ui/src/optionsdialog.cpp:updateConfigFromDialog#0","Method:src/settings/include/configuration.h:Configuration.setFollowFileOnLoad#1","CALLS",0.5,"global",0
"Method:src/ui/src/optionsdialog.cpp:updateConfigFromDialog#0","Method:src/settings/include/configuration.h:Configuration.setAllowMultipleWindows#1","CALLS",0.5,"global",0
"Method:src/ui/src/optionsdialog.cpp:updateConfigFromDialog#0","Method:src/settings/include/configuration.h:Configuration.setMinimizeToTray#1","CALLS",0.5,"global",0
"Method:src/ui/src/optionsdialog.cpp:updateConfigFromDialog#0","Method:src/settings/include/configuration.h:Configuration.setEnableLogging#1","CALLS",0.5,"global",0
"Method:src/ui/src/optionsdialog.cpp:updateConfigFromDialog#0","Method:src/settings/include/configuration.h:Configuration.setLoggingLevel#1","CALLS",0.5,"global",0
"Method:src/ui/src/optionsdialog.cpp:updateConfigFromDialog#0","Method:src/settings/include/configuration.h:Configuration.setExtractArchives#1","CALLS",0.5,"global",0
"Method:src/ui/src/optionsdialog.cpp:updateConfigFromDialog#0","Method:src/settings/include/configuration.h:Configuration.setExtractArchivesAlways#1","CALLS",0.5,"global",0
"Method:src/ui/src/optionsdialog.cpp:updateConfigFromDialog#0","Method:src/settings/include/configuration.h:Configuration.setUseParallelSearch#1","CALLS",0.5,"global",0
"Method:src/ui/src/optionsdialog.cpp:updateConfigFromDialog#0","Method:src/settings/include/configuration.h:Configuration.setUseSearchResultsCache#1","CALLS",0.5,"global",0
"Method:src/ui/src/optionsdialog.cpp:updateConfigFromDialog#0","Method:src/settings/include/configuration.h:Configuration.setSearchResultsCacheLines#1","CALLS",0.5,"global",0
"Method:src/ui/src/optionsdialog.cpp:updateConfigFromDialog#0","Method:src/settings/include/configuration.h:Configuration.setIndexReadBufferSizeMb#1","CALLS",0.5,"global",0
"Method:src/ui/src/optionsdialog.cpp:updateConfigFromDialog#0","Method:src/settings/include/configuration.h:Configuration.setSearchReadBufferSizeLines#1","CALLS",0.5,"global",0
"Method:src/ui/src/optionsdialog.cpp:updateConfigFromDialog#0","Method:src/settings/include/configuration.h:Configuration.setKeepFileClosed#1","CALLS",0.5,"global",0
"Method:src/ui/src/optionsdialog.cpp:updateConfigFromDialog#0","Method:src/settings/include/configuration.h:Configuration.setUseCompressedIndex#1","CALLS",0.5,"global",0
"Method:src/ui/src/optionsdialog.cpp:updateConfigFromDialog#0","Method:src/settings/include/configuration.h:Configuration.setUseHsCombinationBit#1","CALLS",0.5,"global",0
"Method:src/ui/src/optionsdialog.cpp:updateConfigFromDialog#0","Method:src/settings/include/configuration.h:Configuration.setOptimizeForNotLatinEncodings#1","CALLS",0.5,"global",0
"Method:src/ui/src/optionsdialog.cpp:updateConfigFromDialog#0","Method:src/settings/include/configuration.h:Configuration.setVersionCheckingEnabled#1","CALLS",0.5,"global",0
"Method:src/ui/src/optionsdialog.cpp:updateConfigFromDialog#0","Method:src/settings/include/configuration.h:Configuration.setVerifySslPeers#1","CALLS",0.5,"global",0
"Method:src/ui/src/optionsdialog.cpp:updateConfigFromDialog#0","Method:src/settings/include/configuration.h:Configuration.setStyle#1","CALLS",0.5,"global",0
"Method:src/ui/src/optionsdialog.cpp:updateConfigFromDialog#0","Method:src/settings/include/configuration.h:Configuration.setHideAnsiColorSequences#1","CALLS",0.5,"global",0
"Method:src/ui/src/optionsdialog.cpp:updateConfigFromDialog#0","Method:src/settings/include/configuration.h:Configuration.setShowTabsBarByDefault#1","CALLS",0.5,"global",0
"Method:src/ui/src/optionsdialog.cpp:updateConfigFromDialog#0","Method:src/settings/include/configuration.h:Configuration.setDefaultEncodingMib#1","CALLS",0.5,"global",0
"Method:src/ui/src/optionsdialog.cpp:updateConfigFromDialog#0","Method:src/settings/include/configuration.h:Configuration.setDefaultComBaudRate#1","CALLS",0.5,"global",0
"Method:src/ui/src/optionsdialog.cpp:updateConfigFromDialog#0","Method:src/settings/include/configuration.h:Configuration.setDefaultComDataBits#1","CALLS",0.5,"global",0
"Method:src/ui/src/optionsdialog.cpp:updateConfigFromDialog#0","Method:src/settings/include/configuration.h:Configuration.setDefaultComParity#1","CALLS",0.5,"global",0
"Method:src/ui/src/optionsdialog.cpp:updateConfigFromDialog#0","Method:src/settings/include/configuration.h:Configuration.setDefaultComStopBits#1","CALLS",0.5,"global",0
"Method:src/ui/src/optionsdialog.cpp:updateConfigFromDialog#0","Method:src/settings/include/configuration.h:Configuration.setDefaultComFlowControl#1","CALLS",0.5,"global",0
"Method:src/ui/src/optionsdialog.cpp:updateConfigFromDialog#0","Method:src/settings/include/configuration.h:Configuration.setDefaultComLogPath#1","CALLS",0.5,"global",0
"Method:src/ui/src/optionsdialog.cpp:updateConfigFromDialog#0","Method:src/settings/include/configuration.h:Configuration.setDefaultComTimestampEnabled#1","CALLS",0.5,"global",0
"Method:src/ui/src/optionsdialog.cpp:updateConfigFromDialog#0","Method:src/settings/include/configuration.h:Configuration.setDefaultComTimestampFormat#1","CALLS",0.5,"global",0
"Method:src/ui/src/optionsdialog.cpp:updateConfigFromDialog#0","Method:src/settings/include/configuration.h:Configuration.setDefaultComLogTransmits#1","CALLS",0.5,"global",0
"Method:src/ui/src/optionsdialog.cpp:updateConfigFromDialog#0","Method:src/settings/include/configuration.h:Configuration.setDefaultActionEditorLineEnding#1","CALLS",0.5,"global",0
"Method:src/ui/src/optionsdialog.cpp:updateConfigFromDialog#0","Method:src/ui/src/optionsdialog.cpp:keySequence#0","CALLS",0.95,"same-file",0
"Method:src/ui/src/optionsdialog.cpp:updateConfigFromDialog#0","Method:src/settings/include/configuration.h:Configuration.setShortcuts#1","CALLS",0.5,"global",0
"Method:src/ui/src/optionsdialog.cpp:updateConfigFromDialog#0","Method:src/settings/include/configuration.h:Configuration.language#0","CALLS",0.5,"global",0
"Method:src/ui/src/optionsdialog.cpp:updateConfigFromDialog#0","Method:src/ui/src/optionsdialog.cpp:updateTranslate#0","CALLS",0.95,"same-file",0
"Method:src/ui/src/optionsdialog.cpp:updateConfigFromDialog#0","Method:src/settings/include/configuration.h:Configuration.setLanguage#1","CALLS",0.5,"global",0
"Method:src/ui/src/optionsdialog.cpp:updateConfigFromDialog#0","Method:src/settings/include/persistable.h:Persistable.save#0","CALLS",0.5,"global",0
"Method:src/ui/src/optionsdialog.cpp:updateConfigFromDialog#0","Method:src/ui/include/savedsearches.h:SavedSearches.setHistorySize#1","CALLS",0.9,"import-resolved",0
"Method:src/ui/src/optionsdialog.cpp:updateConfigFromDialog#0","Method:src/ui/include/recentfiles.h:RecentFiles.setFilesHistoryMaxItems#1","CALLS",0.9,"import-resolved",0
"Method:src/ui/src/optionsdialog.cpp:onButtonBoxClicked#1","Method:src/ui/src/optionsdialog.cpp:updateConfigFromDialog#0","CALLS",0.95,"same-file",0
"Method:src/ui/src/optionsdialog.cpp:showEditor#0","Method:src/ui/src/optionsdialog.cpp:keySequence#0","CALLS",0.95,"same-file",0
"Method:src/ui/src/optionsdialog.cpp:buildShortcutsTable#1","Method:src/settings/include/shortcuts.h:ShortcutAction.defaultShortcutList#0","CALLS",0.9,"import-resolved",0
"Method:src/ui/src/optionsdialog.cpp:buildShortcutsTable#1","Method:src/ui/include/viewinterface.h:ViewInterface.setData#2","CALLS",0.5,"global",0
"Method:src/ui/src/optionsdialog.cpp:buildShortcutsTable#1","Method:src/ui/src/optionsdialog.cpp:KeySequencePresenter#1","CALLS",0.95,"same-file",0
"Method:src/ui/src/optionsdialog.cpp:buildShortcutsTable#1","Method:src/ui/src/optionsdialog.cpp:checkShortcutsOnDuplicate#0","CALLS",0.95,"same-file",0
"Method:src/ui/src/highlightersmenu.cpp:applySelectionHighlighters#1","Method:src/ui/src/highlightersmenu.cpp:saveCurrentHighlighterFromAction#1","CALLS",0.95,"same-file",0
"Method:src/ui/src/highlightersmenu.cpp:applySelectionHighlighters#1","Method:src/ui/src/highlightersmenu.cpp:updateActionsStatus#0","CALLS",0.95,"same-file",0
"Method:src/ui/src/highlightersmenu.cpp:populateHighlightersMenu#0","Method:src/ui/src/predefinedfiltersdialog.cpp:CenteredCheckbox.setChecked#1","CALLS",0.5,"global",0
"Method:src/ui/src/highlightersmenu.cpp:saveCurrentHighlighterFromAction#1","Method:src/settings/include/persistable.h:Persistable.save#0","CALLS",0.5,"global",0
"Method:src/ui/src/highlightersmenu.cpp:updateActionsStatus#0","Method:src/ui/src/predefinedfiltersdialog.cpp:CenteredCheckbox.setChecked#1","CALLS",0.5,"global",0
"Method:src/app/scenarioheadlessrunner.cpp:run#1","Method:src/ui/include/commander.h:CommanderResult.ok#0","CALLS",0.9,"import-resolved",0
"Method:src/app/scenarioheadlessrunner.cpp:run#1","Method:src/ui/include/mainwindow.h:MainWindow.commanderWindowInfo#0","CALLS",0.9,"import-resolved",0
"Method:src/app/labagentrunner.cpp:connected#0","Method:src/app/labagentrunner.cpp:sendMessage#1","CALLS",0.95,"same-file",0
"Method:src/app/labagentrunner.cpp:readyRead#0","Method:src/app/labagentrunner.cpp:processMessage#1","CALLS",0.95,"same-file",0
"Method:src/app/labagentrunner.cpp:sendHeartbeat#0","Method:src/app/labagentrunner.cpp:sendMessage#1","CALLS",0.95,"same-file",0
"Method:src/app/labagentrunner.cpp:processMessage#1","Method:src/app/labagentrunner.cpp:runAssignedJob#1","CALLS",0.95,"same-file",0
"Method:src/app/labagentrunner.cpp:processMessage#1","Method:src/app/kloggapp.h:KloggApp.executeCommanderRequest#1","CALLS",0.9,"import-resolved",0
"Method:src/app/labagentrunner.cpp:runAssignedJob#1","Method:src/app/labagentrunner.cpp:sendMessage#1","CALLS",0.95,"same-file",0
"Method:src/app/labagentrunner.cpp:runAssignedJob#1","Method:src/app/scenarioheadlessrunner.h:ScenarioHeadlessRunner.run#1","CALLS",0.9,"import-resolved",0
"Method:src/ui/src/predefinedfiltersdialog.cpp:PredefinedFiltersDialog#1","Method:src/ui/src/predefinedfiltersdialog.cpp:populateFiltersTable#1","CALLS",0.95,"same-file",0
"Method:src/ui/src/predefinedfiltersdialog.cpp:PredefinedFiltersDialog#1","Method:src/settings/include/persistable.h:Persistable.getSynced#0","CALLS",0.5,"global",0
"Method:src/ui/src/predefinedfiltersdialog.cpp:PredefinedFiltersDialog#1","Method:src/ui/include/predefinedfilters.h:PredefinedFiltersCollection.getFilters#0","CALLS",0.9,"import-resolved",0
"Method:src/ui/src/predefinedfiltersdialog.cpp:PredefinedFiltersDialog#1","Method:src/ui/include/iconloader.h:IconLoader.load#1","CALLS",0.9,"import-resolved",0
"Method:src/ui/src/predefinedfiltersdialog.cpp:PredefinedFiltersDialog#1","Method:src/ui/src/predefinedfiltersdialog.cpp:addFilterRow#1","CALLS",0.95,"same-file",0
"Method:src/ui/src/predefinedfiltersdialog.cpp:updateButtons#0","Method:src/ui/src/predefinedfiltersdialog.cpp:updateUpDownButtons#1","CALLS",0.95,"same-file",0
"Method:src/ui/src/predefinedfiltersdialog.cpp:onCurrentCellChanged#4","Method:src/ui/src/predefinedfiltersdialog.cpp:updateUpDownButtons#1","CALLS",0.95,"same-file",0
"Method:src/ui/src/predefinedfiltersdialog.cpp:populateFiltersTable#1","Method:src/ui/include/viewinterface.h:ViewInterface.setData#2","CALLS",0.5,"global",0
"Method:src/ui/src/predefinedfiltersdialog.cpp:populateFiltersTable#1","Method:src/ui/src/predefinedfiltersdialog.cpp:CenteredCheckbox.setChecked#1","CALLS",0.95,"same-file",0
"Method:src/ui/src/predefinedfiltersdialog.cpp:populateFiltersTable#1","Method:src/ui/src/predefinedfiltersdialog.cpp:updateButtons#0","CALLS",0.95,"same-file",0
"Method:src/ui/src/predefinedfiltersdialog.cpp:saveSettings#0","Method:src/settings/include/persistable.h:Persistable.getSynced#0","CALLS",0.5,"global",0
"Method:src/ui/src/predefinedfiltersdialog.cpp:saveSettings#0","Method:src/ui/src/predefinedfiltersdialog.cpp:readFiltersTable#0","CALLS",0.95,"same-file",0
"Method:src/ui/src/predefinedfiltersdialog.cpp:readFiltersTable#0","Method:src/ui/src/predefinedfiltersdialog.cpp:CenteredCheckbox.isChecked#0","CALLS",0.95,"same-file",0
"Method:src/ui/src/predefinedfiltersdialog.cpp:addFilter#0","Method:src/ui/src/predefinedfiltersdialog.cpp:addFilterRow#1","CALLS",0.95,"same-file",0
"Method:src/ui/src/predefinedfiltersdialog.cpp:addFilterRow#1","Method:src/ui/include/viewinterface.h:ViewInterface.setData#2","CALLS",0.5,"global",0
"Method:src/ui/src/predefinedfiltersdialog.cpp:removeFilter#0","Method:src/ui/src/predefinedfiltersdialog.cpp:updateButtons#0","CALLS",0.95,"same-file",0
"Method:src/ui/src/predefinedfiltersdialog.cpp:moveFilterUp#0","Method:src/ui/src/predefinedfiltersdialog.cpp:swapFilters#3","CALLS",0.95,"same-file",0
"Method:src/ui/src/predefinedfiltersdialog.cpp:moveFilterDown#0","Method:src/ui/src/predefinedfiltersdialog.cpp:swapFilters#3","CALLS",0.95,"same-file",0
"Method:src/ui/src/predefinedfiltersdialog.cpp:swapFilters#3","Method:src/ui/src/predefinedfiltersdialog.cpp:CenteredCheckbox.isChecked#0","CALLS",0.95,"same-file",0
"Method:src/ui/src/predefinedfiltersdialog.cpp:swapFilters#3","Method:src/ui/src/predefinedfiltersdialog.cpp:CenteredCheckbox.setChecked#1","CALLS",0.95,"same-file",0
"Method:src/ui/src/predefinedfiltersdialog.cpp:importFilters#0","Method:src/ui/include/predefinedfilters.h:PredefinedFiltersCollection.retrieveFromStorage#1","CALLS",0.9,"import-resolved",0
"Method:src/ui/src/predefinedfiltersdialog.cpp:importFilters#0","Method:src/ui/src/predefinedfiltersdialog.cpp:populateFiltersTable#1","CALLS",0.95,"same-file",0
"Method:src/ui/src/predefinedfiltersdialog.cpp:importFilters#0","Method:src/ui/include/predefinedfilters.h:PredefinedFiltersCollection.getFilters#0","CALLS",0.9,"import-resolved",0
"Method:src/ui/src/predefinedfiltersdialog.cpp:exportFilters#0","Method:src/ui/include/predefinedfilters.h:PredefinedFiltersCollection.setFilters#1","CALLS",0.9,"import-resolved",0
"Method:src/ui/src/predefinedfiltersdialog.cpp:exportFilters#0","Method:src/ui/src/predefinedfiltersdialog.cpp:readFiltersTable#0","CALLS",0.95,"same-file",0
"Method:src/ui/src/predefinedfiltersdialog.cpp:exportFilters#0","Method:src/ui/include/predefinedfilters.h:PredefinedFiltersCollection.saveToStorage#1~QSettings$const","CALLS",0.9,"import-resolved",0
"Method:src/ui/src/predefinedfiltersdialog.cpp:resolveStandardButton#1","Method:src/ui/src/predefinedfiltersdialog.cpp:saveSettings#0","CALLS",0.95,"same-file",0
"Method:src/ui/src/mainwindow.cpp:MainWindow#1","Method:src/ui/include/session.h:WindowSession.getQuickFindPattern#0","CALLS",0.5,"global",0
"Method:src/ui/src/mainwindow.cpp:MainWindow#1","Method:src/ui/src/mainwindow.cpp:createActions#0","CALLS",0.95,"same-file",0
"Method:src/ui/src/mainwindow.cpp:MainWindow#1","Method:src/ui/src/mainwindow.cpp:createMenus#0","CALLS",0.95,"same-file",0
"Method:src/ui/src/mainwindow.cpp:MainWindow#1","Method:src/ui/src/mainwindow.cpp:createToolBars#0","CALLS",0.95,"same-file",0
"Method:src/ui/src/mainwindow.cpp:MainWindow#1","Method:src/ui/include/startupprogress.h:StartupProgress.advance#3","CALLS",0.9,"import-resolved",0
"Method:src/ui/src/mainwindow.cpp:MainWindow#1","Method:src/ui/src/mainwindow.cpp:readSettings#0","CALLS",0.95,"same-file",0
"Method:src/ui/src/mainwindow.cpp:MainWindow#1","Method:src/ui/src/mainwindow.cpp:createTrayIcon#0","CALLS",0.95,"same-file",0
"Method:src/ui/src/mainwindow.cpp:MainWindow#1","Method:src/ui/include/crawlerwidget.h:CrawlerWidget.applyConfiguration#0","CALLS",0.9,"import-resolved",0
"Method:src/ui/src/mainwindow.cpp:MainWindow#1","Method:src/ui/include/crawlerwidget.h:CrawlerWidget.followModeChanged#1","CALLS",0.9,"import-resolved",0
"Method:src/ui/src/mainwindow.cpp:MainWindow#1","Method:src/ui/src/mainwindow.cpp:changeFollowMode#1","CALLS",0.95,"same-file",0
"Method:src/ui/src/mainwindow.cpp:MainWindow#1","Method:src/ui/include/crawlerwidget.h:CrawlerWidget.newSelection#4","CALLS",0.9,"import-resolved",0
"Method:src/ui/src/mainwindow.cpp:MainWindow#1","Method:src/ui/src/mainwindow.cpp:lineNumberHandler#4","CALLS",0.95,"same-file",0
"Method:src/ui/src/mainwindow.cpp:MainWindow#1","Method:src/ui/include/crawlerwidget.h:CrawlerWidget.saveCurrentSearchAsPredefinedFilter#1","CALLS",0.9,"import-resolved",0
"Method:src/ui/src/mainwindow.cpp:MainWindow#1","Method:src/ui/src/mainwindow.cpp:newPredefinedFilterHandler#1","CALLS",0.95,"same-file",0
"Method:src/ui/src/mainwindow.cpp:MainWindow#1","Method:src/ui/src/mainwindow.cpp:sendToScratchpad#1","CALLS",0.95,"same-file",0
"Method:src/ui/src/mainwindow.cpp:MainWindow#1","Method:src/ui/src/mainwindow.cpp:replaceDataInScratchpad#1","CALLS",0.95,"same-file",0
"Method:src/ui/src/mainwindow.cpp:MainWindow#1","Method:src/ui/src/mainwindow.cpp:sendToPreview#2","CALLS",0.95,"same-file",0
"Method:src/ui/src/mainwindow.cpp:MainWindow#1","Method:src/ui/src/mainwindow.cpp:updateLoadingProgress#1","CALLS",0.95,"same-file",0
"Method:src/ui/src/mainwindow.cpp:MainWindow#1","Method:src/ui/include/crawlerwidget.h:CrawlerWidget.loadingFinished#1","CALLS",0.9,"import-resolved",0
"Method:src/ui/src/mainwindow.cpp:MainWindow#1","Method:src/ui/src/mainwindow.cpp:handleLoadingFinished#1","CALLS",0.95,"same-file",0
"Method:src/ui/src/mainwindow.cpp:MainWindow#1","Method:src/ui/include/crawlerwidget.h:CrawlerWidget.filteredViewChanged#0","CALLS",0.9,"import-resolved",0
"Method:src/ui/src/mainwindow.cpp:MainWindow#1","Method:src/ui/src/mainwindow.cpp:handleFilteredViewChanged#0","CALLS",0.95,"same-file",0
"Method:src/ui/src/mainwindow.cpp:MainWindow#1","Method:src/ui/src/mainwindow.cpp:closeTab#2","CALLS",0.95,"same-file",0
"Method:src/ui/src/mainwindow.cpp:MainWindow#1","Method:src/ui/include/quickfindwidget.h:QuickFindWidget.patternUpdated#3","CALLS",0.5,"global",0
"Method:src/ui/src/mainwindow.cpp:MainWindow#1","Method:src/ui/include/crawlerwidget.h:CrawlerWidget.searchForward#0","CALLS",0.9,"import-resolved",0
"Method:src/ui/src/mainwindow.cpp:MainWindow#1","Method:src/ui/include/crawlerwidget.h:CrawlerWidget.searchBackward#0","CALLS",0.9,"import-resolved",0
"Method:src/ui/src/mainwindow.cpp:MainWindow#1","Method:src/ui/include/quickfindmux.h:QuickFindMux.patternChanged#1","CALLS",0.5,"global",0
"Method:src/ui/src/mainwindow.cpp:MainWindow#1","Method:src/ui/src/mainwindow.cpp:changeQFPattern#1","CALLS",0.95,"same-file",0
"Method:src/ui/src/mainwindow.cpp:MainWindow#1","Method:src/ui/src/mainwindow.cpp:updateTitleBar#1","CALLS",0.95,"same-file",0
"Method:src/ui/src/mainwindow.cpp:MainWindow#1","Method:src/ui/src/mainwindow.cpp:loadIcons#0","CALLS",0.95,"same-file",0
"Method:src/ui/src/mainwindow.cpp:MainWindow#1","Method:src/ui/src/mainwindow.cpp:reTranslateUI#0","CALLS",0.95,"same-file",0
"Method:src/ui/src/mainwindow.cpp:MainWindow#1","Method:src/ui/src/mainwindow.cpp:refreshScriptStatusIndicators#0","CALLS",0.95,"same-file",0
"Method:src/ui/src/mainwindow.cpp:reloadSession#0","Method:src/ui/include/startupprogress.h:StartupProgress.advance#3","CALLS",0.9,"import-resolved",0
"Method:src/ui/src/mainwindow.cpp:reloadSession#0","Method:src/settings/include/configuration.h:Configuration.anyFileWatchEnabled#0","CALLS",0.9,"import-resolved",0
"Method:src/ui/src/mainwindow.cpp:reloadSession#0","Method:src/ui/src/mainwindow.cpp:publishScriptLifecycleEvent#2","CALLS",0.95,"same-file",0
"Method:src/ui/src/mainwindow.cpp:reloadSession#0","Method:src/ui/include/mainwindow.h:ComCaptureStartOptions.restore#0","CALLS",0.9,"import-resolved",0
"Method:src/ui/src/mainwindow.cpp:reloadSession#0","Method:src/ui/src/mainwindow.cpp:restoreScriptContextForTab#2","CALLS",0.95,"same-file",0
"Method:src/ui/src/mainwindow.cpp:reloadSession#0","Method:src/ui/src/mainwindow.cpp:restoreGlobalScriptContext#0","CALLS",0.95,"same-file",0
"Method:src/ui/src/mainwindow.cpp:reloadSession#0","Method:src/ui/src/predefinedfiltersdialog.cpp:CenteredCheckbox.setChecked#1","CALLS",0.5,"global",0
"Method:src/ui/src/mainwindow.cpp:reloadSession#0","Method:src/ui/src/mainwindow.cpp:updateOpenedFilesMenu#0","CALLS",0.95,"same-file",0
"Method:src/ui/src/mainwindow.cpp:isStartupReadyForDisplay#0","Method:src/ui/include/crawlerwidget.h:CrawlerWidget.isStartupPreparationPending#0","CALLS",0.9,"import-resolved",0
"Method:src/ui/src/mainwindow.cpp:loadInitialFile#2","Method:src/ui/src/mainwindow.cpp:loadFile#2","CALLS",0.95,"same-file",0
"Method:src/ui/src/mainwindow.cpp:executeCommanderRequest#1","Method:src/ui/src/mainwindow.cpp:loadFile#2","CALLS",0.95,"same-file",0
"Method:src/ui/src/mainwindow.cpp:executeCommanderRequest#1","Method:src/ui/src/mainwindow.cpp:openRemoteFile#3","CALLS",0.95,"same-file",0
"Method:src/ui/src/mainwindow.cpp:executeCommanderRequest#1","Method:src/ui/src/mainwindow.cpp:startComCaptureSession#3","CALLS",0.95,"same-file",0
"Method:src/ui/src/mainwindow.cpp:executeCommanderRequest#1","Method:src/ui/include/tabbedcrawlerwidget.h:TabbedCrawlerWidget.streamSessionForPath#1","CALLS",0.9,"import-resolved",0
"Method:src/ui/src/mainwindow.cpp:executeCommanderRequest#1","Method:src/ui/include/streamsession.h:StreamSession.closeConnection#0","CALLS",0.9,"import-resolved",0
"Method:src/ui/src/mainwindow.cpp:executeCommanderRequest#1","Method:src/ui/src/mainwindow.cpp:closeFileByPath#1","CALLS",0.95,"same-file",0
"Method:src/ui/src/mainwindow.cpp:executeCommanderRequest#1","Method:src/ui/src/mainwindow.cpp:closeUrlBySource#1","CALLS",0.95,"same-file",0
"Method:src/ui/src/mainwindow.cpp:executeCommanderRequest#1","Method:src/ui/src/mainwindow.cpp:closeComPortByName#1","CALLS",0.95,"same-file",0
"Method:src/ui/src/mainwindow.cpp:executeCommanderRequest#1","Method:src/ui/src/mainwindow.cpp:closeAllTabsCommander#0","CALLS",0.95,"same-file",0
"Method:src/ui/src/mainwindow.cpp:executeCommanderRequest#1","Method:src/ui/src/mainwindow.cpp:commanderWindowInfo#0","CALLS",0.95,"same-file",0
"Method:src/ui/src/mainwindow.cpp:executeCommanderRequest#1","Method:src/ui/src/mainwindow.cpp:commanderFilters#1","CALLS",0.95,"same-file",0
"Method:src/ui/src/mainwindow.cpp:executeCommanderRequest#1","Method:src/ui/src/mainwindow.cpp:commanderSendAction#1","CALLS",0.95,"same-file",0
"Method:src/ui/src/mainwindow.cpp:executeCommanderRequest#1","Method:src/ui/src/mainwindow.cpp:commanderWaitResponse#1","CALLS",0.95,"same-file",0
"Method:src/ui/src/mainwindow.cpp:executeCommanderRequest#1","Method:src/ui/src/mainwindow.cpp:commanderStartComm#1","CALLS",0.95,"same-file",0
"Method:src/ui/src/mainwindow.cpp:executeCommanderRequest#1","Method:src/ui/src/mainwindow.cpp:commanderStopComm#1","CALLS",0.95,"same-file",0
"Method:src/ui/src/mainwindow.cpp:executeCommanderRequest#1","Method:src/ui/src/mainwindow.cpp:commanderGetCommStatus#1","CALLS",0.95,"same-file",0
"Method:src/ui/src/mainwindow.cpp:executeCommanderRequest#1","Method:src/ui/src/mainwindow.cpp:commanderSetLogging#2","CALLS",0.95,"same-file",0
"Method:src/ui/src/mainwindow.cpp:executeCommanderRequest#1","Method:src/ui/src/mainwindow.cpp:commanderAddComment#1","CALLS",0.95,"same-file",0
"Method:src/ui/src/mainwindow.cpp:executeCommanderRequest#1","Method:src/ui/src/mainwindow.cpp:commanderGetResponseCounter#1","CALLS",0.95,"same-file",0
"Method:src/ui/src/mainwindow.cpp:executeCommanderRequest#1","Method:src/ui/src/mainwindow.cpp:commanderResetResponseCounter#1","CALLS",0.95,"same-file",0
"Method:src/ui/src/mainwindow.cpp:executeCommanderRequest#1","Method:src/ui/src/mainwindow.cpp:commanderClearComm#1","CALLS",0.95,"same-file",0
"Method:src/ui/src/mainwindow.cpp:executeCommanderRequest#1","Method:src/ui/src/mainwindow.cpp:focusTabById#1","CALLS",0.95,"same-file",0
"Method:src/ui/src/mainwindow.cpp:executeCommanderRequest#1","Method:src/ui/src/mainwindow.cpp:focusTabByIndex#1","CALLS",0.95,"same-file",0
"Method:src/ui/src/mainwindow.cpp:executeCommanderRequest#1","Method:src/ui/src/mainwindow.cpp:commanderSetFilter#1","CALLS",0.95,"same-file",0
"Method:src/ui/src/mainwindow.cpp:executeCommanderRequest#1","Method:src/ui/src/mainwindow.cpp:closeTabById#1","CALLS",0.95,"same-file",0
"Method:src/ui/src/mainwindow.cpp:executeCommanderRequest#1","Method:src/ui/src/mainwindow.cpp:closeTabByIndex#1","CALLS",0.95,"same-file",0
"Method:src/ui/src/mainwindow.cpp:executeCommanderRequest#1","Method:src/ui/src/mainwindow.cpp:commanderSearch#1","CALLS",0.95,"same-file",0
"Method:src/ui/src/mainwindow.cpp:executeCommanderRequest#1","Method:src/ui/src/mainwindow.cpp:commanderSetFollowMode#1","CALLS",0.95,"same-file",0
"Method:src/ui/src/mainwindow.cpp:executeCommanderRequest#1","Method:src/ui/src/mainwindow.cpp:commanderInvokeAction#1","CALLS",0.95,"same-file",0
"Method:src/ui/src/mainwindow.cpp:executeCommanderRequest#1","Method:src/ui/src/mainwindow.cpp:automationSnapshot#0","CALLS",0.95,"same-file",0
"Method:src/ui/src/mainwindow.cpp:commanderWindowInfo#0","Method:src/ui/include/tabbedcrawlerwidget.h:TabbedCrawlerWidget.tabIdAt#1","CALLS",0.9,"import-resolved",0
"Method:src/ui/src/mainwindow.cpp:commanderWindowInfo#0","Method:src/ui/include/tabbedcrawlerwidget.h:TabbedCrawlerWidget.tabDisplayNameAt#1","CALLS",0.9,"import-resolved",0
"Method:src/ui/src/mainwindow.cpp:commanderWindowInfo#0","Method:src/ui/include/tabbedcrawlerwidget.h:TabbedCrawlerWidget.streamSessionForPath#1","CALLS",0.9,"import-resolved",0
"Method:src/ui/src/mainwindow.cpp:commanderWindowInfo#0","Method:src/ui/include/streamsession.h:StreamSession.captureSettings#0","CALLS",0.9,"import-resolved",0
"Method:src/ui/src/mainwindow.cpp:commanderWindowInfo#0","Method:src/ui/include/streamsession.h:StreamSession.isConnectionOpen#0","CALLS",0.9,"import-resolved",0
"Method:src/ui/src/mainwindow.cpp:commanderWindowInfo#0","Method:src/ui/include/streamsession.h:StreamSession.isLoggingEnabled#0","CALLS",0.9,"import-resolved",0
"Method:src/ui/src/mainwindow.cpp:commanderWindowInfo#0","Method:src/ui/src/mainwindow.cpp:isActionsStreamSession#1","CALLS",0.95,"same-file",0
"Method:src/ui/src/mainwindow.cpp:commanderWindowInfo#0","Method:src/ui/include/session.h:WindowSession.windowId#0","CALLS",0.5,"global",0
"Method:src/ui/src/mainwindow.cpp:commanderWindowInfo#0","Method:src/ui/include/session.h:WindowSession.windowIndex#0","CALLS",0.5,"global",0
"Method:src/ui/src/mainwindow.cpp:automationSnapshot#0","Method:src/ui/src/mainwindow.cpp:automationTree#0","CALLS",0.95,"same-file",0
"Method:src/ui/src/mainwindow.cpp:automationSnapshot#0","Method:src/ui/src/mainwindow.cpp:commanderWindowInfo#0","CALLS",0.95,"same-file",0
"Method:src/ui/src/mainwindow.cpp:automationSnapshot#0","Method:src/ui/src/mainwindow.cpp:automationActions#0","CALLS",0.95,"same-file",0
"Method:src/ui/src/mainwindow.cpp:automationSnapshot#0","Method:src/ui/src/mainwindow.cpp:automationState#0","CALLS",0.95,"same-file",0
"Method:src/ui/src/mainwindow.cpp:automationState#0","Method:src/ui/src/mainwindow.cpp:commanderWindowInfo#0","CALLS",0.95,"same-file",0
"Method:src/ui/src/mainwindow.cpp:automationState#0","Method:src/ui/src/mainwindow.cpp:currentCrawlerWidget#0","CALLS",0.95,"same-file",0
"Method:src/ui/src/mainwindow.cpp:automationState#0","Method:src/ui/include/overview.h:Overview.isVisible#0","CALLS",0.5,"global",0
"Method:src/ui/src/mainwindow.cpp:automationState#0","Method:src/ui/src/mainwindow.cpp:isStartupReadyForDisplay#0","CALLS",0.95,"same-file",0
"Method:src/ui/src/mainwindow.cpp:automationState#0","Method:src/ui/include/tabbedcrawlerwidget.h:TabbedCrawlerWidget.tabDisplayNameAt#1","CALLS",0.9,"import-resolved",0
"Method:src/ui/src/mainwindow.cpp:automationState#0","Method:src/ui/include/crawlerwidget.h:CrawlerWidget.currentLineNumber#0","CALLS",0.9,"import-resolved",0
"Method:src/ui/src/mainwindow.cpp:automationState#0","Method:src/ui/include/crawlerwidget.h:CrawlerWidget.currentColumnNumber#0","CALLS",0.9,"import-resolved",0
"Method:src/ui/src/mainwindow.cpp:automationState#0","Method:src/ui/include/crawlerwidget.h:CrawlerWidget.isTextWrapEnabled#0","CALLS",0.9,"import-resolved",0
"Method:src/ui/src/mainwindow.cpp:automationState#0","Method:src/ui/include/crawlerwidget.h:CrawlerWidget.focusedViewObjectName#0","CALLS",0.9,"import-resolved",0
"Method:src/ui/src/mainwindow.cpp:automationState#0","Method:src/ui/include/crawlerwidget.h:CrawlerWidget.searchText#0","CALLS",0.9,"import-resolved",0
"Method:src/ui/src/mainwindow.cpp:automationState#0","Method:src/ui/include/crawlerwidget.h:CrawlerWidget.matchCount#0","CALLS",0.9,"import-resolved",0
"Method:src/ui/src/mainwindow.cpp:automationState#0","Method:src/ui/include/crawlerwidget.h:CrawlerWidget.isSearchInProgress#0","CALLS",0.9,"import-resolved",0
"Method:src/ui/src/mainwindow.cpp:automationState#0","Method:src/ui/include/crawlerwidget.h:CrawlerWidget.isFollowEnabled#0","CALLS",0.9,"import-resolved",0
"Method:src/ui/src/mainwindow.cpp:automationState#0","Method:src/ui/include/crawlerwidget.h:CrawlerWidget.isLoadingInProgress#0","CALLS",0.9,"import-resolved",0
"Method:src/ui/src/mainwindow.cpp:automationState#0","Method:src/ui/include/crawlerwidget.h:CrawlerWidget.encodingText#0","CALLS",0.9,"import-resolved",0
"Method:src/ui/src/mainwindow.cpp:automationState#0","Method:src/ui/include/crawlerwidget.h:CrawlerWidget.lastErrorText#0","CALLS",0.9,"import-resolved",0
"Method:src/ui/src/mainwindow.cpp:automationState#0","Method:src/ui/include/crawlerwidget.h:CrawlerWidget.visibleLineRange#0","CALLS",0.9,"import-resolved",0
"Method:src/ui/src/mainwindow.cpp:automationState#0","Method:src/ui/include/crawlerwidget.h:CrawlerWidget.mainVisibleLineRange#0","CALLS",0.9,"import-resolved",0
"Method:src/ui/src/mainwindow.cpp:automationState#0","Method:src/ui/include/crawlerwidget.h:CrawlerWidget.filteredVisibleLineRange#0","CALLS",0.9,"import-resolved",0
"Method:src/ui/src/mainwindow.cpp:automationUiTree#0","Method:src/ui/src/mainwindow.cpp:automationSnapshot#0","CALLS",0.95,"same-file",0
"Method:src/ui/src/mainwindow.cpp:scriptEventContextForFile#1","Method:src/ui/include/tabbedcrawlerwidget.h:TabbedCrawlerWidget.tabIdAt#1","CALLS",0.9,"import-resolved",0
"Method:src/ui/src/mainwindow.cpp:scriptEventContextForFile#1","Method:src/ui/include/session.h:WindowSession.windowId#0","CALLS",0.5,"global",0
"Method:src/ui/src/mainwindow.cpp:scriptEventContextForFile#1","Method:src/ui/include/session.h:WindowSession.windowIndex#0","CALLS",0.5,"global",0
"Method:src/ui/src/mainwindow.cpp:scriptEventContextForFile#1","Method:src/ui/include/tabbedcrawlerwidget.h:TabbedCrawlerWidget.tabDisplayNameAt#1","CALLS",0.9,"import-resolved",0
"Method:src/ui/src/mainwindow.cpp:scriptEventContextForFile#1","Method:src/ui/include/tabbedcrawlerwidget.h:TabbedCrawlerWidget.streamSessionForPath#1","CALLS",0.9,"import-resolved",0
"Method:src/ui/src/mainwindow.cpp:scriptEventContextForFile#1","Method:src/ui/include/streamsession.h:StreamSession.captureSettings#0","CALLS",0.9,"import-resolved",0
"Method:src/ui/src/mainwindow.cpp:publishScriptLifecycleEvent#2","Method:src/ui/src/mainwindow.cpp:scriptEventContextForFile#1","CALLS",0.95,"same-file",0
"Method:src/ui/src/mainwindow.cpp:publishScriptLifecycleEvent#2","Method:src/ui/src/mainwindow.cpp:publishScriptEvent#1","CALLS",0.95,"same-file",0
"Method:src/ui/src/mainwindow.cpp:publishScriptReceiveEvent#2","Method:src/ui/src/mainwindow.cpp:scriptEventContextForFile#1","CALLS",0.95,"same-file",0
"Method:src/ui/src/mainwindow.cpp:publishScriptReceiveEvent#2","Method:src/ui/src/mainwindow.cpp:publishScriptEvent#1","CALLS",0.95,"same-file",0
"Method:src/ui/src/mainwindow.cpp:publishScriptResponseEvent#6","Method:src/ui/src/mainwindow.cpp:scriptEventContextForFile#1","CALLS",0.95,"same-file",0
"Method:src/ui/src/mainwindow.cpp:publishScriptResponseEvent#6","Method:src/ui/src/mainwindow.cpp:publishScriptEvent#1","CALLS",0.95,"same-file",0
"Method:src/ui/src/mainwindow.cpp:publishScriptTxEvent#2","Method:src/ui/src/mainwindow.cpp:scriptEventContextForFile#1","CALLS",0.95,"same-file",0
"Method:src/ui/src/mainwindow.cpp:publishScriptTxEvent#2","Method:src/ui/src/mainwindow.cpp:publishScriptEvent#1","CALLS",0.95,"same-file",0
"Method:src/ui/src/mainwindow.cpp:publishScriptActionSendEvent#5","Method:src/ui/src/mainwindow.cpp:scriptEventContextForFile#1","CALLS",0.95,"same-file",0
"Method:src/ui/src/mainwindow.cpp:publishScriptActionSendEvent#5","Method:src/ui/src/mainwindow.cpp:publishScriptEvent#1","CALLS",0.95,"same-file",0
"Method:src/ui/src/mainwindow.cpp:refreshScriptStatusIndicators#0","Method:src/ui/include/tabbedcrawlerwidget.h:TabbedCrawlerWidget.tabIdAt#1","CALLS",0.9,"import-resolved",0
"Method:src/ui/src/mainwindow.cpp:refreshScriptStatusIndicators#0","Method:src/ui/include/tabbedcrawlerwidget.h:TabbedCrawlerWidget.setTabScriptActive#2","CALLS",0.9,"import-resolved",0
"Method:src/ui/src/mainwindow.cpp:scriptContextForTab#1","Method:src/ui/include/tabbedcrawlerwidget.h:TabbedCrawlerWidget.tabIdAt#1","CALLS",0.9,"import-resolved",0
"Method:src/ui/src/mainwindow.cpp:restoreScriptContextForTab#2","Method:src/ui/include/tabbedcrawlerwidget.h:TabbedCrawlerWidget.tabIdAt#1","CALLS",0.9,"import-resolved",0
"Method:src/ui/src/mainwindow.cpp:restoreScriptContextForTab#2","Method:src/ui/include/session.h:WindowSession.windowId#0","CALLS",0.5,"global",0
"Method:src/ui/src/mainwindow.cpp:restoreScriptContextForTab#2","Method:src/ui/include/session.h:WindowSession.windowIndex#0","CALLS",0.5,"global",0
"Method:src/ui/src/mainwindow.cpp:restoreScriptContextForTab#2","Method:src/ui/include/tabbedcrawlerwidget.h:TabbedCrawlerWidget.tabDisplayNameAt#1","CALLS",0.9,"import-resolved",0
"Method:src/ui/src/mainwindow.cpp:restoreScriptContextForTab#2","Method:src/ui/include/tabbedcrawlerwidget.h:TabbedCrawlerWidget.tabPathAt#1","CALLS",0.9,"import-resolved",0
"Method:src/ui/src/mainwindow.cpp:restoreScriptContextForTab#2","Method:src/ui/include/tabbedcrawlerwidget.h:TabbedCrawlerWidget.streamSessionForPath#1","CALLS",0.9,"import-resolved",0
"Method:src/ui/src/mainwindow.cpp:restoreScriptContextForTab#2","Method:src/ui/include/streamsession.h:StreamSession.captureSettings#0","CALLS",0.9,"import-resolved",0
"Method:src/ui/src/mainwindow.cpp:createActions#0","Method:src/ui/include/overview.h:Overview.setVisible#1","CALLS",0.5,"global",0
"Method:src/ui/src/mainwindow.cpp:createActions#0","Method:src/settings/include/configuration.h:Configuration.allowMultipleWindows#0","CALLS",0.9,"import-resolved",0
"Method:src/ui/src/mainwindow.cpp:createActions#0","Method:src/ui/src/mainwindow.cpp:open#0","CALLS",0.95,"same-file",0
"Method:src/ui/src/mainwindow.cpp:createActions#0","Method:src/ui/src/mainwindow.cpp:openComPort#0","CALLS",0.95,"same-file",0
"Method:src/ui/src/mainwindow.cpp:createActions#0","Method:src/ui/src/mainwindow.cpp:clearRecentFileActions#0","CALLS",0.95,"same-file",0
"Method:src/ui/src/mainwindow.cpp:createActions#0","Method:src/ui/src/mainwindow.cpp:closeTab#1","CALLS",0.95,"same-file",0
"Method:src/ui/src/mainwindow.cpp:createActions#0","Method:src/ui/src/mainwindow.cpp:closeAll#1","CALLS",0.95,"same-file",0
"Method:src/ui/src/mainwindow.cpp:createActions#0","Method:src/ui/src/mainwindow.cpp:copy#0","CALLS",0.95,"same-file",0
"Method:src/ui/src/mainwindow.cpp:createActions#0","Method:src/ui/src/mainwindow.cpp:selectAll#0","CALLS",0.95,"same-file",0
"Method:src/ui/src/mainwindow.cpp:createActions#0","Method:src/ui/include/crawlerwidget.h:CrawlerWidget.goToLine#0","CALLS",0.9,"import-resolved",0
"Method:src/ui/src/mainwindow.cpp:createActions#0","Method:src/ui/src/mainwindow.cpp:find#0","CALLS",0.95,"same-file",0
"Method:src/ui/src/mainwindow.cpp:createActions#0","Method:src/ui/src/mainwindow.cpp:clearLog#0","CALLS",0.95,"same-file",0
"Method:src/ui/src/mainwindow.cpp:createActions#0","Method:src/ui/src/mainwindow.cpp:openContainingFolder#0","CALLS",0.95,"same-file",0
"Method:src/ui/src/mainwindow.cpp:createActions#0","Method:src/ui/src/mainwindow.cpp:openInEditor#0","CALLS",0.95,"same-file",0
"Method:src/ui/src/mainwindow.cpp:createActions#0","Method:src/ui/src/mainwindow.cpp:copyFullPath#0","CALLS",0.95,"same-file",0
"Method:src/ui/src/mainwindow.cpp:createActions#0","Method:src/ui/src/mainwindow.cpp:openClipboard#0","CALLS",0.95,"same-file",0
"Method:src/ui/src/mainwindow.cpp:createActions#0","Method:src/ui/src/mainwindow.cpp:openUrl#0","CALLS",0.95,"same-file",0
"Method:src/ui/src/mainwindow.cpp:createActions#0","Method:src/ui/src/predefinedfiltersdialog.cpp:CenteredCheckbox.setChecked#1","CALLS",0.5,"global",0
"Method:src/ui/src/mainwindow.cpp:createActions#0","Method:src/settings/include/configuration.h:Configuration.isOverviewVisible#0","CALLS",0.9,"import-resolved",0
"Method:src/ui/src/mainwindow.cpp:createActions#0","Method:src/settings/include/configuration.h:Configuration.mainLineNumbersVisible#0","CALLS",0.9,"import-resolved",0
"Method:src/ui/src/mainwindow.cpp:createActions#0","Method:src/settings/include/configuration.h:Configuration.filteredLineNumbersVisible#0","CALLS",0.9,"import-resolved",0
"Method:src/ui/src/mainwindow.cpp:createActions#0","Method:src/settings/include/configuration.h:Configuration.anyFileWatchEnabled#0","CALLS",0.9,"import-resolved",0
"Method:src/ui/src/mainwindow.cpp:createActions#0","Method:src/settings/include/configuration.h:Configuration.showTabsBarByDefault#0","CALLS",0.9,"import-resolved",0
"Method:src/ui/src/mainwindow.cpp:createActions#0","Method:src/ui/include/tabbedcrawlerwidget.h:TabbedCrawlerWidget.setAlwaysShowTabBar#1","CALLS",0.9,"import-resolved",0
"Method:src/ui/src/mainwindow.cpp:createActions#0","Method:src/ui/src/predefinedfiltersdialog.cpp:CenteredCheckbox.isChecked#0","CALLS",0.5,"global",0
"Method:src/ui/src/mainwindow.cpp:createActions#0","Method:src/ui/include/crawlerwidget.h:CrawlerWidget.reload#0","CALLS",0.9,"import-resolved",0
"Method:src/ui/src/mainwindow.cpp:createActions#0","Method:src/ui/include/crawlerwidget.h:CrawlerWidget.stopLoading#0","CALLS",0.9,"import-resolved",0
"Method:src/ui/src/mainwindow.cpp:createActions#0","Method:src/ui/src/mainwindow.cpp:options#0","CALLS",0.95,"same-file",0
"Method:src/ui/src/mainwindow.cpp:createActions#0","Method:src/ui/src/mainwindow.cpp:editHighlighters#0","CALLS",0.95,"same-file",0
"Method:src/ui/src/mainwindow.cpp:createActions#0","Method:src/ui/src/mainwindow.cpp:documentation#0","CALLS",0.95,"same-file",0
"Method:src/ui/src/mainwindow.cpp:createActions#0","Method:src/ui/src/mainwindow.cpp:about#0","CALLS",0.95,"same-file",0
"Method:src/ui/src/mainwindow.cpp:createActions#0","Method:src/ui/src/mainwindow.cpp:aboutQt#0","CALLS",0.95,"same-file",0
"Method:src/ui/src/mainwindow.cpp:createActions#0","Method:src/crash_handler/include/issuereporter.h:IssueReporter.reportIssue#3","CALLS",0.9,"import-resolved",0
"Method:src/ui/src/mainwindow.cpp:createActions#0","Method:src/ui/src/mainwindow.cpp:generateDump#0","CALLS",0.95,"same-file",0
"Method:src/ui/src/mainwindow.cpp:createActions#0","Method:src/ui/src/mainwindow.cpp:showScratchPad#0","CALLS",0.95,"same-file",0
"Method:src/ui/src/mainwindow.cpp:createActions#0","Method:src/ui/src/mainwindow.cpp:showPreviewer#0","CALLS",0.95,"same-file",0
"Method:src/ui/src/mainwindow.cpp:createActions#0","Method:src/ui/src/mainwindow.cpp:showActionsResponses#0","CALLS",0.95,"same-file",0
"Method:src/ui/src/mainwindow.cpp:createActions#0","Method:src/ui/src/mainwindow.cpp:showScriptRunner#0","CALLS",0.95,"same-file",0
"Method:src/ui/src/mainwindow.cpp:createActions#0","Method:src/ui/src/mainwindow.cpp:showScenarioRunner#0","CALLS",0.95,"same-file",0
"Method:src/ui/src/mainwindow.cpp:createActions#0","Method:src/ui/src/mainwindow.cpp:showLabQueue#0","CALLS",0.95,"same-file",0
"Method:src/ui/src/mainwindow.cpp:createActions#0","Method:src/ui/src/mainwindow.cpp:addToFavorites#0","CALLS",0.95,"same-file",0
"Method:src/ui/src/mainwindow.cpp:createActions#0","Method:src/ui/src/mainwindow.cpp:removeFromFavorites#0","CALLS",0.95,"same-file",0
"Method:src/ui/src/mainwindow.cpp:createActions#0","Method:src/ui/src/mainwindow.cpp:selectOpenedFile#0","CALLS",0.95,"same-file",0
"Method:src/ui/src/mainwindow.cpp:createActions#0","Method:src/ui/src/mainwindow.cpp:openImportPreviewsDialog#0","CALLS",0.95,"same-file",0
"Method:src/ui/src/mainwindow.cpp:createActions#0","Method:src/ui/src/mainwindow.cpp:openImportActionsDialog#0","CALLS",0.95,"same-file",0
"Method:src/ui/src/mainwindow.cpp:createActions#0","Method:src/ui/src/mainwindow.cpp:updateShortcuts#0","CALLS",0.95,"same-file",0
"Method:src/ui/src/mainwindow.cpp:updateShortcuts#0","Method:src/settings/include/shortcuts.h:ShortcutAction.registerShortcut#6","CALLS",0.9,"import-resolved",0
"Method:src/ui/src/mainwindow.cpp:updateShortcuts#0","Method:src/ui/src/mainwindow.cpp:displayQuickFindBar#1","CALLS",0.95,"same-file",0
"Method:src/ui/src/mainwindow.cpp:updateShortcuts#0","Method:src/ui/src/mainwindow.cpp:currentCrawlerWidget#0","CALLS",0.95,"same-file",0
"Method:src/ui/src/mainwindow.cpp:updateShortcuts#0","Method:src/ui/include/crawlerwidget.h:CrawlerWidget.focusSearchEdit#0","CALLS",0.9,"import-resolved",0
"Method:src/ui/src/mainwindow.cpp:updateShortcuts#0","Method:src/settings/include/shortcuts.h:ShortcutAction.shortcutKeys#2","CALLS",0.9,"import-resolved",0
"Method:src/ui/src/mainwindow.cpp:createMenus#0","Method:src/ui/include/highlightersmenu.h:HighlightersMenu.setApplyChange#1","CALLS",0.9,"import-resolved",0
"Method:src/ui/src/mainwindow.cpp:createMenus#0","Method:src/ui/src/mainwindow.cpp:currentCrawlerWidget#0","CALLS",0.95,"same-file",0
"Method:src/ui/src/mainwindow.cpp:createMenus#0","Method:src/ui/include/crawlerwidget.h:CrawlerWidget.applyConfiguration#0","CALLS",0.9,"import-resolved",0
"Method:src/ui/src/mainwindow.cpp:createMenus#0","Method:src/ui/include/encodings.h:EncodingMenu.generate#1","CALLS",0.9,"import-resolved",0
"Method:src/ui/src/mainwindow.cpp:createToolBars#0","Method:src/ui/include/overview.h:Overview.setVisible#1","CALLS",0.5,"global",0
"Method:src/ui/src/mainwindow.cpp:createToolBars#0","Method:src/ui/src/mainwindow.cpp:showInfoLabels#1","CALLS",0.95,"same-file",0
"Method:src/ui/src/mainwindow.cpp:createTrayIcon#0","Method:src/ui/include/overview.h:Overview.isVisible#0","CALLS",0.5,"global",0
"Method:src/ui/src/mainwindow.cpp:createTrayIcon#0","Method:src/settings/include/configuration.h:Configuration.minimizeToTray#0","CALLS",0.9,"import-resolved",0
"Method:src/ui/src/mainwindow.cpp:open#0","Method:src/ui/src/mainwindow.cpp:currentCrawlerWidget#0","CALLS",0.95,"same-file",0
"Method:src/ui/src/mainwindow.cpp:openComPort#0","Method:src/ui/include/opencomportdialog.h:OpenComPortDialog.settings#0","CALLS",0.9,"import-resolved",0
"Method:src/ui/src/mainwindow.cpp:openComPort#0","Method:src/ui/include/mainwindow.h:ComCaptureStartOptions.interactive#0","CALLS",0.9,"import-resolved",0
"Method:src/ui/src/mainwindow.cpp:openComPort#0","Method:src/ui/src/mainwindow.cpp:loadFile#2","CALLS",0.95,"same-file",0
"Method:src/ui/src/mainwindow.cpp:openComPort#0","Method:src/ui/include/tabbedcrawlerwidget.h:TabbedCrawlerWidget.streamSessionForPath#1","CALLS",0.9,"import-resolved",0
"Method:src/ui/src/mainwindow.cpp:openComPort#0","Method:src/ui/include/streamsession.h:StreamSession.closeConnection#0","CALLS",0.9,"import-resolved",0
"Method:src/ui/src/mainwindow.cpp:openComPort#0","Method:src/ui/src/mainwindow.cpp:updateActionsSendState#0","CALLS",0.95,"same-file",0
"Method:src/ui/src/mainwindow.cpp:startComCaptureSession#3","Method:src/ui/include/tabbedcrawlerwidget.h:TabbedCrawlerWidget.streamSessionForPath#1","CALLS",0.9,"import-resolved",0
"Method:src/ui/src/mainwindow.cpp:startComCaptureSession#3","Method:src/ui/include/streamsession.h:StreamSession.isConnectionOpen#0","CALLS",0.9,"import-resolved",0
"Method:src/ui/src/mainwindow.cpp:startComCaptureSession#3","Method:src/ui/include/streamsession.h:StreamSession.closeConnection#0","CALLS",0.9,"import-resolved",0
"Method:src/ui/src/mainwindow.cpp:startComCaptureSession#3","Method:src/ui/include/tabbedcrawlerwidget.h:TabbedCrawlerWidget.clearStreamSessionForPath#1","CALLS",0.9,"import-resolved",0
"Method:src/ui/src/mainwindow.cpp:startComCaptureSession#3","Method:src/ui/include/tabbedcrawlerwidget.h:TabbedCrawlerWidget.setStreamSessionForPath#2","CALLS",0.9,"import-resolved",0
"Method:src/ui/src/mainwindow.cpp:startComCaptureSession#3","Method:src/ui/src/mainwindow.cpp:publishScriptLifecycleEvent#2","CALLS",0.95,"same-file",0
"Method:src/ui/src/mainwindow.cpp:startComCaptureSession#3","Method:src/ui/src/mainwindow.cpp:updateActionsSendState#0","CALLS",0.95,"same-file",0
"Method:src/ui/src/mainwindow.cpp:startComCaptureSession#3","Method:src/ui/src/mainwindow.cpp:publishScriptReceiveEvent#2","CALLS",0.95,"same-file",0
"Method:src/ui/src/mainwindow.cpp:startComCaptureSession#3","Method:src/ui/src/mainwindow.cpp:publishScriptTxEvent#2","CALLS",0.95,"same-file",0
"Method:src/ui/src/mainwindow.cpp:startComCaptureSession#3","Method:src/ui/src/mainwindow.cpp:publishScriptActionSendEvent#5","CALLS",0.95,"same-file",0
"Method:src/ui/src/mainwindow.cpp:startComCaptureSession#3","Method:src/ui/src/mainwindow.cpp:publishScriptResponseEvent#6","CALLS",0.95,"same-file",0
"Method:src/ui/src/mainwindow.cpp:startComCaptureSession#3","Method:src/ui/src/mainwindow.cpp:refreshScriptStatusIndicators#0","CALLS",0.95,"same-file",0
"Method:src/ui/src/mainwindow.cpp:openRemoteFile#3","Method:src/ui/include/startupprogress.h:StartupProgress.setRange#2","CALLS",0.9,"import-resolved",0
"Method:src/ui/src/mainwindow.cpp:openRemoteFile#3","Method:src/ui/include/startupprogress.h:StartupProgress.setValue#3","CALLS",0.9,"import-resolved",0
"Method:src/ui/src/mainwindow.cpp:openRemoteFile#3","Method:src/ui/src/mainwindow.cpp:open#0","CALLS",0.95,"same-file",0
"Method:src/ui/src/mainwindow.cpp:openRemoteFile#3","Method:src/ui/include/downloader.h:Downloader.download#2","CALLS",0.9,"import-resolved",0
"Method:src/ui/src/mainwindow.cpp:openRemoteFile#3","Method:src/ui/src/mainwindow.cpp:registerRemoteFileSource#2","CALLS",0.95,"same-file",0
"Method:src/ui/src/mainwindow.cpp:openRemoteFile#3","Method:src/ui/include/downloader.h:Downloader.lastError#0","CALLS",0.9,"import-resolved",0
"Method:src/ui/src/mainwindow.cpp:openFileFromRecent#1","Method:src/ui/src/mainwindow.cpp:removeFromRecent#1","CALLS",0.95,"same-file",0
"Method:src/ui/src/mainwindow.cpp:openFileFromFavorites#1","Method:src/ui/src/mainwindow.cpp:removeFromFavorites#1","CALLS",0.95,"same-file",0
"Method:src/ui/src/mainwindow.cpp:closeTab#1","Method:src/ui/src/mainwindow.cpp:closeTab#2","CALLS",0.95,"same-file",0
"Method:src/ui/src/mainwindow.cpp:closeAll#1","Method:src/ui/src/mainwindow.cpp:closeTab#2","CALLS",0.95,"same-file",0
"Method:src/ui/src/mainwindow.cpp:selectAll#0","Method:src/ui/src/mainwindow.cpp:currentCrawlerWidget#0","CALLS",0.95,"same-file",0
"Method:src/ui/src/mainwindow.cpp:selectAll#0","Method:src/ui/include/crawlerwidget.h:CrawlerWidget.selectAll#0","CALLS",0.9,"import-resolved",0
"Method:src/ui/src/mainwindow.cpp:copy#0","Method:src/ui/src/mainwindow.cpp:currentCrawlerWidget#0","CALLS",0.95,"same-file",0
"Method:src/ui/src/mainwindow.cpp:copy#0","Method:src/ui/include/crawlerwidget.h:CrawlerWidget.getSelectedText#0","CALLS",0.9,"import-resolved",0
"Method:src/ui/src/mainwindow.cpp:find#0","Method:src/ui/src/mainwindow.cpp:displayQuickFindBar#1","CALLS",0.95,"same-file",0
"Method:src/ui/src/mainwindow.cpp:clearLog#0","Method:src/ui/src/mainwindow.cpp:currentCrawlerWidget#0","CALLS",0.95,"same-file",0
"Method:src/ui/src/mainwindow.cpp:copyFullPath#0","Method:src/ui/src/mainwindow.cpp:currentCrawlerWidget#0","CALLS",0.95,"same-file",0
"Method:src/ui/src/mainwindow.cpp:openContainingFolder#0","Method:src/ui/src/mainwindow.cpp:currentCrawlerWidget#0","CALLS",0.95,"same-file",0
"Method:src/ui/src/mainwindow.cpp:openInEditor#0","Method:src/ui/src/mainwindow.cpp:currentCrawlerWidget#0","CALLS",0.95,"same-file",0
"Method:src/ui/src/mainwindow.cpp:tryOpenClipboard#1","Method:src/ui/src/mainwindow.cpp:tryOpenClipboard#1","CALLS",0.95,"same-file",0
"Method:src/ui/src/mainwindow.cpp:tryOpenClipboard#1","Method:src/ui/src/mainwindow.cpp:open#0","CALLS",0.95,"same-file",0
"Method:src/ui/src/mainwindow.cpp:openClipboard#0","Method:src/ui/src/mainwindow.cpp:tryOpenClipboard#1","CALLS",0.95,"same-file",0
"Method:src/ui/src/mainwindow.cpp:openUrl#0","Method:src/ui/src/mainwindow.cpp:openRemoteFile#3","CALLS",0.95,"same-file",0
"Method:src/ui/src/mainwindow.cpp:editHighlighters#0","Method:src/ui/include/crawlerwidget.h:CrawlerWidget.applyConfiguration#0","CALLS",0.9,"import-resolved",0
"Method:src/ui/src/mainwindow.cpp:editHighlighters#0","Method:src/ui/src/mainwindow.cpp:updateHighlightersMenu#0","CALLS",0.95,"same-file",0
"Method:src/ui/src/mainwindow.cpp:editPredefinedFilters#1","Method:src/ui/include/crawlerwidget.h:CrawlerWidget.applyConfiguration#0","CALLS",0.9,"import-resolved",0
"Method:src/ui/src/mainwindow.cpp:options#0","Method:src/ui/include/crawlerwidget.h:CrawlerWidget.applyConfiguration#0","CALLS",0.9,"import-resolved",0
"Method:src/ui/src/mainwindow.cpp:options#0","Method:src/settings/include/configuration.h:Configuration.loggingLevel#0","CALLS",0.9,"import-resolved",0
"Method:src/ui/src/mainwindow.cpp:options#0","Method:src/ui/include/overview.h:Overview.setVisible#1","CALLS",0.5,"global",0
"Method:src/ui/src/mainwindow.cpp:options#0","Method:src/settings/include/configuration.h:Configuration.allowMultipleWindows#0","CALLS",0.9,"import-resolved",0
"Method:src/ui/src/mainwindow.cpp:options#0","Method:src/settings/include/configuration.h:Configuration.anyFileWatchEnabled#0","CALLS",0.9,"import-resolved",0
"Method:src/ui/src/mainwindow.cpp:options#0","Method:src/ui/src/mainwindow.cpp:updateShortcuts#0","CALLS",0.95,"same-file",0
"Method:src/ui/src/mainwindow.cpp:options#0","Method:src/ui/src/mainwindow.cpp:updateRecentFileActions#0","CALLS",0.95,"same-file",0
"Method:src/ui/src/mainwindow.cpp:showScratchPad#0","Method:src/app/messagereceiver.h:MessageReceiver.activateWindow#0","CALLS",0.5,"global",0
"Method:src/ui/src/mainwindow.cpp:showPreviewer#0","Method:src/app/messagereceiver.h:MessageReceiver.activateWindow#0","CALLS",0.5,"global",0
"Method:src/ui/src/mainwindow.cpp:showActionsResponses#0","Method:src/ui/src/mainwindow.cpp:updateActionsSendState#0","CALLS",0.95,"same-file",0
"Method:src/ui/src/mainwindow.cpp:showActionsResponses#0","Method:src/app/messagereceiver.h:MessageReceiver.activateWindow#0","CALLS",0.5,"global",0
"Method:src/ui/src/mainwindow.cpp:sendToScratchpad#1","Method:src/ui/src/mainwindow.cpp:showScratchPad#0","CALLS",0.95,"same-file",0
"Method:src/ui/src/mainwindow.cpp:replaceDataInScratchpad#1","Method:src/ui/src/mainwindow.cpp:showScratchPad#0","CALLS",0.95,"same-file",0
"Method:src/ui/src/mainwindow.cpp:sendToPreview#2","Method:src/ui/src/mainwindow.cpp:showPreviewer#0","CALLS",0.95,"same-file",0
"Method:src/ui/src/mainwindow.cpp:sendActionById#1","Method:src/ui/include/actionsmanager.h:ActionsManager.findActionById#1","CALLS",0.9,"import-resolved",0
"Method:src/ui/src/mainwindow.cpp:sendActionById#1","Method:src/ui/include/streamsession.h:StreamSession.isConnectionOpen#0","CALLS",0.9,"import-resolved",0
"Method:src/ui/src/mainwindow.cpp:sendActionById#1","Method:src/ui/src/mainwindow.cpp:currentStreamSession#0","CALLS",0.95,"same-file",0
"Method:src/ui/src/mainwindow.cpp:sendActionById#1","Method:src/ui/include/tabbedcrawlerwidget.h:TabbedCrawlerWidget.hasOpenStreamSession#0","CALLS",0.9,"import-resolved",0
"Method:src/ui/src/mainwindow.cpp:sendActionById#1","Method:src/ui/include/tabbedcrawlerwidget.h:TabbedCrawlerWidget.firstOpenStreamSession#0","CALLS",0.9,"import-resolved",0
"Method:src/ui/src/mainwindow.cpp:encodingChanged#1","Method:src/ui/src/mainwindow.cpp:currentCrawlerWidget#0","CALLS",0.95,"same-file",0
"Method:src/ui/src/mainwindow.cpp:encodingChanged#1","Method:src/ui/include/crawlerwidget.h:CrawlerWidget.setEncoding#1","CALLS",0.9,"import-resolved",0
"Method:src/ui/src/mainwindow.cpp:encodingChanged#1","Method:src/ui/src/mainwindow.cpp:updateInfoLine#0","CALLS",0.95,"same-file",0
"Method:src/ui/src/mainwindow.cpp:toggleOverviewVisibility#1","Method:src/settings/include/configuration.h:Configuration.setOverviewVisible#1","CALLS",0.9,"import-resolved",0
"Method:src/ui/src/mainwindow.cpp:toggleOverviewVisibility#1","Method:src/settings/include/persistable.h:Persistable.save#0","CALLS",0.5,"global",0
"Method:src/ui/src/mainwindow.cpp:toggleMainLineNumbersVisibility#1","Method:src/settings/include/configuration.h:Configuration.setMainLineNumbersVisible#1","CALLS",0.9,"import-resolved",0
"Method:src/ui/src/mainwindow.cpp:toggleMainLineNumbersVisibility#1","Method:src/settings/include/persistable.h:Persistable.save#0","CALLS",0.5,"global",0
"Method:src/ui/src/mainwindow.cpp:toggleFilteredLineNumbersVisibility#1","Method:src/settings/include/configuration.h:Configuration.setFilteredLineNumbersVisible#1","CALLS",0.9,"import-resolved",0
"Method:src/ui/src/mainwindow.cpp:toggleFilteredLineNumbersVisibility#1","Method:src/settings/include/persistable.h:Persistable.save#0","CALLS",0.5,"global",0
"Method:src/ui/src/mainwindow.cpp:changeFollowMode#1","Method:src/settings/include/configuration.h:Configuration.nativeFileWatchEnabled#0","CALLS",0.9,"import-resolved",0
"Method:src/ui/src/mainwindow.cpp:changeFollowMode#1","Method:src/settings/include/configuration.h:Configuration.pollingEnabled#0","CALLS",0.9,"import-resolved",0
"Method:src/ui/src/mainwindow.cpp:changeFollowMode#1","Method:src/ui/src/predefinedfiltersdialog.cpp:CenteredCheckbox.setChecked#1","CALLS",0.5,"global",0
"Method:src/ui/src/mainwindow.cpp:lineNumberHandler#4","Method:src/ui/src/mainwindow.cpp:currentCrawlerWidget#0","CALLS",0.95,"same-file",0
"Method:src/ui/src/mainwindow.cpp:newPredefinedFilterHandler#1","Method:src/ui/src/mainwindow.cpp:editPredefinedFilters#1","CALLS",0.95,"same-file",0
"Method:src/ui/src/mainwindow.cpp:updateLoadingProgress#1","Method:src/ui/src/mainwindow.cpp:currentCrawlerWidget#0","CALLS",0.95,"same-file",0
"Method:src/ui/src/mainwindow.cpp:updateLoadingProgress#1","Method:src/ui/src/mainwindow.cpp:showInfoLabels#1","CALLS",0.95,"same-file",0
"Method:src/ui/src/mainwindow.cpp:handleLoadingFinished#1","Method:src/ui/src/mainwindow.cpp:updateInfoLine#0","CALLS",0.95,"same-file",0
"Method:src/ui/src/mainwindow.cpp:handleLoadingFinished#1","Method:src/ui/src/mainwindow.cpp:showInfoLabels#1","CALLS",0.95,"same-file",0
"Method:src/ui/src/mainwindow.cpp:handleLoadingFinished#1","Method:src/ui/src/mainwindow.cpp:lineNumberHandler#4","CALLS",0.95,"same-file",0
"Method:src/ui/src/mainwindow.cpp:handleLoadingFinished#1","Method:src/ui/src/mainwindow.cpp:currentCrawlerWidget#0","CALLS",0.95,"same-file",0
"Method:src/ui/src/mainwindow.cpp:handleLoadingFinished#1","Method:src/ui/src/mainwindow.cpp:closeTab#2","CALLS",0.95,"same-file",0
"Method:src/ui/src/mainwindow.cpp:closeTab#1","Method:src/ui/src/mainwindow.cpp:publishScriptLifecycleEvent#2","CALLS",0.95,"same-file",0
"Method:src/ui/src/mainwindow.cpp:closeTab#1","Method:src/ui/include/tabbedcrawlerwidget.h:TabbedCrawlerWidget.tabIdAt#1","CALLS",0.9,"import-resolved",0
"Method:src/ui/src/mainwindow.cpp:closeTab#1","Method:src/ui/include/tabbedcrawlerwidget.h:TabbedCrawlerWidget.streamSessionForPath#1","CALLS",0.9,"import-resolved",0
"Method:src/ui/src/mainwindow.cpp:closeTab#1","Method:src/ui/include/streamsession.h:StreamSession.isConnectionOpen#0","CALLS",0.9,"import-resolved",0
"Method:src/ui/src/mainwindow.cpp:closeTab#1","Method:src/ui/include/streamsession.h:StreamSession.closeConnection#0","CALLS",0.9,"import-resolved",0
"Method:src/ui/src/mainwindow.cpp:closeTab#1","Method:src/ui/include/tabbedcrawlerwidget.h:TabbedCrawlerWidget.clearStreamSessionForPath#1","CALLS",0.9,"import-resolved",0
"Method:src/ui/src/mainwindow.cpp:closeTab#1","Method:src/ui/include/crawlerwidget.h:CrawlerWidget.stopLoading#0","CALLS",0.9,"import-resolved",0
"Method:src/ui/src/mainwindow.cpp:closeTab#1","Method:src/ui/include/tabbedcrawlerwidget.h:TabbedCrawlerWidget.removeCrawler#1","CALLS",0.9,"import-resolved",0
"Method:src/ui/src/mainwindow.cpp:closeTab#1","Method:src/ui/src/mainwindow.cpp:addRecentFile#1","CALLS",0.95,"same-file",0
"Method:src/ui/src/mainwindow.cpp:closeTab#1","Method:src/ui/src/mainwindow.cpp:updateOpenedFilesMenu#0","CALLS",0.95,"same-file",0
"Method:src/ui/src/mainwindow.cpp:closeTab#1","Method:src/ui/src/mainwindow.cpp:updateActionsSendState#0","CALLS",0.95,"same-file",0
"Method:src/ui/src/mainwindow.cpp:closeTab#1","Method:src/ui/src/mainwindow.cpp:refreshScriptStatusIndicators#0","CALLS",0.95,"same-file",0
"Method:src/ui/src/mainwindow.cpp:startNewStreamFileForTab#1","Method:src/ui/include/tabbedcrawlerwidget.h:TabbedCrawlerWidget.streamSessionForPath#1","CALLS",0.9,"import-resolved",0
"Method:src/ui/src/mainwindow.cpp:startNewStreamFileForTab#1","Method:src/ui/include/streamsession.h:StreamSession.isConnectionOpen#0","CALLS",0.9,"import-resolved",0
"Method:src/ui/src/mainwindow.cpp:startNewStreamFileForTab#1","Method:src/ui/include/streamsession.h:StreamSession.captureSettings#0","CALLS",0.9,"import-resolved",0
"Method:src/ui/src/mainwindow.cpp:startNewStreamFileForTab#1","Method:src/ui/src/mainwindow.cpp:loadFile#2","CALLS",0.95,"same-file",0
"Method:src/ui/src/mainwindow.cpp:startNewStreamFileForTab#1","Method:src/ui/include/streamsession.h:StreamSession.startNewCaptureFile#2","CALLS",0.9,"import-resolved",0
"Method:src/ui/src/mainwindow.cpp:startNewStreamFileForTab#1","Method:src/ui/src/mainwindow.cpp:closeTab#2","CALLS",0.95,"same-file",0
"Method:src/ui/src/mainwindow.cpp:startNewStreamFileForTab#1","Method:src/ui/include/tabbedcrawlerwidget.h:TabbedCrawlerWidget.remapStreamSessionPath#2","CALLS",0.9,"import-resolved",0
"Method:src/ui/src/mainwindow.cpp:startNewStreamFileForTab#1","Method:src/ui/src/mainwindow.cpp:publishScriptLifecycleEvent#2","CALLS",0.95,"same-file",0
"Method:src/ui/src/mainwindow.cpp:startNewStreamFileForTab#1","Method:src/ui/src/mainwindow.cpp:updateActionsSendState#0","CALLS",0.95,"same-file",0
"Method:src/ui/src/mainwindow.cpp:startNewStreamFileForTab#1","Method:src/ui/src/mainwindow.cpp:updateComPortStatus#0","CALLS",0.95,"same-file",0
"Method:src/ui/src/mainwindow.cpp:startNewStreamFileForTab#1","Method:src/ui/src/mainwindow.cpp:refreshComTabIndicators#0","CALLS",0.95,"same-file",0
"Method:src/ui/src/mainwindow.cpp:startNewStreamFileForTab#1","Method:src/ui/src/mainwindow.cpp:refreshScriptStatusIndicators#0","CALLS",0.95,"same-file",0
"Method:src/ui/src/mainwindow.cpp:startNewStreamFileForTab#1","Method:src/ui/src/mainwindow.cpp:updateOpenedFilesMenu#0","CALLS",0.95,"same-file",0
"Method:src/ui/src/mainwindow.cpp:startNewStreamFileForTab#1","Method:src/ui/include/crawlerwidget.h:CrawlerWidget.setViewContextLazy#1","CALLS",0.9,"import-resolved",0
"Method:src/ui/src/mainwindow.cpp:closeTabById#1","Method:src/ui/include/tabbedcrawlerwidget.h:TabbedCrawlerWidget.findTabById#1","CALLS",0.9,"import-resolved",0
"Method:src/ui/src/mainwindow.cpp:closeTabById#1","Method:src/ui/src/mainwindow.cpp:closeTabByIndex#1","CALLS",0.95,"same-file",0
"Method:src/ui/src/mainwindow.cpp:crawlerWidgetByTabId#1","Method:src/ui/include/tabbedcrawlerwidget.h:TabbedCrawlerWidget.findTabById#1","CALLS",0.9,"import-resolved",0
"Method:src/ui/src/mainwindow.cpp:crawlerWidgetByTabId#1","Method:src/ui/src/mainwindow.cpp:crawlerWidgetByIndex#1","CALLS",0.95,"same-file",0
"Method:src/ui/src/mainwindow.cpp:commanderTargetCrawler#1","Method:src/ui/src/mainwindow.cpp:crawlerWidgetByTabId#1","CALLS",0.95,"same-file",0
"Method:src/ui/src/mainwindow.cpp:commanderTargetCrawler#1","Method:src/ui/src/mainwindow.cpp:crawlerWidgetByIndex#1","CALLS",0.95,"same-file",0
"Method:src/ui/src/mainwindow.cpp:commanderTargetCrawler#1","Method:src/ui/src/mainwindow.cpp:currentCrawlerWidget#0","CALLS",0.95,"same-file",0
"Method:src/ui/src/mainwindow.cpp:streamSessionForCrawler#1","Method:src/ui/include/tabbedcrawlerwidget.h:TabbedCrawlerWidget.streamSessionForPath#1","CALLS",0.9,"import-resolved",0
"Method:src/ui/src/mainwindow.cpp:commanderTargetStreamSession#2","Method:src/ui/src/mainwindow.cpp:commanderTargetCrawler#1","CALLS",0.95,"same-file",0
"Method:src/ui/src/mainwindow.cpp:commanderTargetStreamSession#2","Method:src/ui/src/mainwindow.cpp:streamSessionForCrawler#1","CALLS",0.95,"same-file",0
"Method:src/ui/src/mainwindow.cpp:closeTabByIndex#1","Method:src/ui/src/mainwindow.cpp:closeTab#2","CALLS",0.95,"same-file",0
"Method:src/ui/src/mainwindow.cpp:focusTabById#1","Method:src/ui/include/tabbedcrawlerwidget.h:TabbedCrawlerWidget.findTabById#1","CALLS",0.9,"import-resolved",0
"Method:src/ui/src/mainwindow.cpp:focusTabById#1","Method:src/ui/src/mainwindow.cpp:focusTabByIndex#1","CALLS",0.95,"same-file",0
"Method:src/ui/src/mainwindow.cpp:focusTabByIndex#1","Method:src/app/messagereceiver.h:MessageReceiver.activateWindow#0","CALLS",0.5,"global",0
"Method:src/ui/src/mainwindow.cpp:closeAllTabsCommander#0","Method:src/ui/src/mainwindow.cpp:closeAll#1","CALLS",0.95,"same-file",0
"Method:src/ui/src/mainwindow.cpp:commanderSendAction#1","Method:src/ui/include/actionsmanager.h:ActionsManager.findActionById#1","CALLS",0.9,"import-resolved",0
"Method:src/ui/src/mainwindow.cpp:commanderSendAction#1","Method:src/ui/src/mainwindow.cpp:commanderTargetCrawler#1","CALLS",0.95,"same-file",0
"Method:src/ui/src/mainwindow.cpp:commanderSendAction#1","Method:src/ui/src/mainwindow.cpp:streamSessionForCrawler#1","CALLS",0.95,"same-file",0
"Method:src/ui/src/mainwindow.cpp:commanderWaitResponse#1","Method:src/ui/include/actionsmanager.h:ActionsManager.findResponseById#1","CALLS",0.9,"import-resolved",0
"Method:src/ui/src/mainwindow.cpp:commanderWaitResponse#1","Method:src/ui/include/actionsmanager.h:ActionsManager.findResponseByName#1","CALLS",0.9,"import-resolved",0
"Method:src/ui/src/mainwindow.cpp:commanderWaitResponse#1","Method:src/ui/src/mainwindow.cpp:commanderTargetCrawler#1","CALLS",0.95,"same-file",0
"Method:src/ui/src/mainwindow.cpp:commanderWaitResponse#1","Method:src/ui/src/mainwindow.cpp:streamSessionForCrawler#1","CALLS",0.95,"same-file",0
"Method:src/ui/src/mainwindow.cpp:commanderStartComm#1","Method:src/ui/src/mainwindow.cpp:commanderTargetStreamSession#2","CALLS",0.95,"same-file",0
"Method:src/ui/src/mainwindow.cpp:commanderStartComm#1","Method:src/ui/src/mainwindow.cpp:updateActionsSendState#0","CALLS",0.95,"same-file",0
"Method:src/ui/src/mainwindow.cpp:commanderStopComm#1","Method:src/ui/src/mainwindow.cpp:commanderTargetStreamSession#2","CALLS",0.95,"same-file",0
"Method:src/ui/src/mainwindow.cpp:commanderGetCommStatus#1","Method:src/ui/src/mainwindow.cpp:commanderTargetCrawler#1","CALLS",0.95,"same-file",0
"Method:src/ui/src/mainwindow.cpp:commanderGetCommStatus#1","Method:src/ui/src/mainwindow.cpp:commanderTargetStreamSession#2","CALLS",0.95,"same-file",0
"Method:src/ui/src/mainwindow.cpp:commanderGetCommStatus#1","Method:src/ui/include/tabbedcrawlerwidget.h:TabbedCrawlerWidget.tabIdAt#1","CALLS",0.9,"import-resolved",0
"Method:src/ui/src/mainwindow.cpp:commanderGetCommStatus#1","Method:src/ui/include/session.h:WindowSession.windowId#0","CALLS",0.5,"global",0
"Method:src/ui/src/mainwindow.cpp:commanderGetCommStatus#1","Method:src/ui/include/session.h:WindowSession.windowIndex#0","CALLS",0.5,"global",0
"Method:src/ui/src/mainwindow.cpp:commanderGetCommStatus#1","Method:src/ui/include/tabbedcrawlerwidget.h:TabbedCrawlerWidget.tabDisplayNameAt#1","CALLS",0.9,"import-resolved",0
"Method:src/ui/src/mainwindow.cpp:commanderGetCommStatus#1","Method:src/ui/src/mainwindow.cpp:isActionsStreamSession#1","CALLS",0.95,"same-file",0
"Method:src/ui/src/mainwindow.cpp:commanderSetLogging#2","Method:src/ui/src/mainwindow.cpp:commanderTargetStreamSession#2","CALLS",0.95,"same-file",0
"Method:src/ui/src/mainwindow.cpp:commanderAddComment#1","Method:src/ui/src/mainwindow.cpp:commanderTargetStreamSession#2","CALLS",0.95,"same-file",0
"Method:src/ui/src/mainwindow.cpp:commanderGetResponseCounter#1","Method:src/ui/src/mainwindow.cpp:commanderTargetStreamSession#2","CALLS",0.95,"same-file",0
"Method:src/ui/src/mainwindow.cpp:commanderGetResponseCounter#1","Method:src/ui/src/mainwindow.cpp:commanderResponseCounters#2","CALLS",0.95,"same-file",0
"Method:src/ui/src/mainwindow.cpp:commanderResetResponseCounter#1","Method:src/ui/src/mainwindow.cpp:commanderTargetStreamSession#2","CALLS",0.95,"same-file",0
"Method:src/ui/src/mainwindow.cpp:commanderResetResponseCounter#1","Method:src/ui/include/actionsmanager.h:ActionsManager.findResponseById#1","CALLS",0.9,"import-resolved",0
"Method:src/ui/src/mainwindow.cpp:commanderResetResponseCounter#1","Method:src/ui/include/actionsmanager.h:ActionsManager.findResponseByName#1","CALLS",0.9,"import-resolved",0
"Method:src/ui/src/mainwindow.cpp:commanderClearComm#1","Method:src/ui/src/mainwindow.cpp:commanderTargetCrawler#1","CALLS",0.95,"same-file",0
"Method:src/ui/src/mainwindow.cpp:commanderClearComm#1","Method:src/ui/src/mainwindow.cpp:commanderTargetStreamSession#2","CALLS",0.95,"same-file",0
"Method:src/ui/src/mainwindow.cpp:commanderClearComm#1","Method:src/ui/include/crawlerwidget.h:CrawlerWidget.reload#0","CALLS",0.9,"import-resolved",0
"Method:src/ui/src/mainwindow.cpp:commanderFilters#1","Method:src/ui/src/mainwindow.cpp:commanderTargetCrawler#1","CALLS",0.95,"same-file",0
"Method:src/ui/src/mainwindow.cpp:commanderFilters#1","Method:src/ui/include/session.h:WindowSession.windowIndex#0","CALLS",0.5,"global",0
"Method:src/ui/src/mainwindow.cpp:commanderFilters#1","Method:src/ui/include/session.h:WindowSession.windowId#0","CALLS",0.5,"global",0
"Method:src/ui/src/mainwindow.cpp:commanderFilters#1","Method:src/ui/include/tabbedcrawlerwidget.h:TabbedCrawlerWidget.tabIdAt#1","CALLS",0.9,"import-resolved",0
"Method:src/ui/src/mainwindow.cpp:commanderFilters#1","Method:src/ui/include/crawlerwidget.h:CrawlerWidget.commanderPredefinedFilters#0","CALLS",0.9,"import-resolved",0
"Method:src/ui/src/mainwindow.cpp:commanderFilters#1","Method:src/ui/include/crawlerwidget.h:CrawlerWidget.commanderFilters#0","CALLS",0.9,"import-resolved",0
"Method:src/ui/src/mainwindow.cpp:commanderSetFilter#1","Method:src/ui/src/mainwindow.cpp:commanderTargetCrawler#1","CALLS",0.95,"same-file",0
"Method:src/ui/src/mainwindow.cpp:commanderSetFilter#1","Method:src/ui/include/crawlerwidget.h:CrawlerWidget.commanderPredefinedFilterById#1","CALLS",0.9,"import-resolved",0
"Method:src/ui/src/mainwindow.cpp:commanderSetFilter#1","Method:src/ui/include/crawlerwidget.h:CrawlerWidget.commanderFilterById#1","CALLS",0.9,"import-resolved",0
"Method:src/ui/src/mainwindow.cpp:commanderSetFilter#1","Method:src/ui/include/crawlerwidget.h:CrawlerWidget.applyCommanderPredefinedFilter#3","CALLS",0.9,"import-resolved",0
"Method:src/ui/src/mainwindow.cpp:commanderSetFilter#1","Method:src/ui/include/crawlerwidget.h:CrawlerWidget.commanderPredefinedFilterByIndex#1","CALLS",0.9,"import-resolved",0
"Method:src/ui/src/mainwindow.cpp:commanderSetFilter#1","Method:src/ui/include/crawlerwidget.h:CrawlerWidget.commanderFilterByIndex#1","CALLS",0.9,"import-resolved",0
"Method:src/ui/src/mainwindow.cpp:commanderSetFilter#1","Method:src/ui/include/crawlerwidget.h:CrawlerWidget.applyCommanderSearchPattern#3","CALLS",0.9,"import-resolved",0
"Method:src/ui/src/mainwindow.cpp:commanderSearch#1","Method:src/ui/src/mainwindow.cpp:commanderTargetCrawler#1","CALLS",0.95,"same-file",0
"Method:src/ui/src/mainwindow.cpp:commanderSearch#1","Method:src/ui/include/crawlerwidget.h:CrawlerWidget.applyCommanderAutomationSearch#1","CALLS",0.9,"import-resolved",0
"Method:src/ui/src/mainwindow.cpp:commanderSearch#1","Method:src/ui/src/mainwindow.cpp:automationState#0","CALLS",0.95,"same-file",0
"Method:src/ui/src/mainwindow.cpp:commanderSetFollowMode#1","Method:src/ui/src/mainwindow.cpp:commanderTargetCrawler#1","CALLS",0.95,"same-file",0
"Method:src/ui/src/mainwindow.cpp:commanderSetFollowMode#1","Method:src/ui/src/predefinedfiltersdialog.cpp:CenteredCheckbox.setChecked#1","CALLS",0.5,"global",0
"Method:src/ui/src/mainwindow.cpp:commanderSetFollowMode#1","Method:src/ui/src/mainwindow.cpp:automationState#0","CALLS",0.95,"same-file",0
"Method:src/ui/src/mainwindow.cpp:commanderInvokeAction#1","Method:src/ui/src/mainwindow.cpp:automationState#0","CALLS",0.95,"same-file",0
"Method:src/ui/src/mainwindow.cpp:closeFileByPath#1","Method:src/ui/src/mainwindow.cpp:closeTab#2","CALLS",0.95,"same-file",0
"Method:src/ui/src/mainwindow.cpp:closeUrlBySource#1","Method:src/ui/src/mainwindow.cpp:closeFileByPath#1","CALLS",0.95,"same-file",0
"Method:src/ui/src/mainwindow.cpp:closeComPortByName#1","Method:src/ui/include/tabbedcrawlerwidget.h:TabbedCrawlerWidget.streamSessionForPath#1","CALLS",0.9,"import-resolved",0
"Method:src/ui/src/mainwindow.cpp:closeComPortByName#1","Method:src/ui/include/streamsession.h:StreamSession.isConnectionOpen#0","CALLS",0.9,"import-resolved",0
"Method:src/ui/src/mainwindow.cpp:closeComPortByName#1","Method:src/ui/include/streamsession.h:StreamSession.captureSettings#0","CALLS",0.9,"import-resolved",0
"Method:src/ui/src/mainwindow.cpp:closeComPortByName#1","Method:src/ui/include/streamsession.h:StreamSession.closeConnection#0","CALLS",0.9,"import-resolved",0
"Method:src/ui/src/mainwindow.cpp:currentTabChanged#1","Method:src/ui/src/mainwindow.cpp:updateMenuBarFromDocument#1","CALLS",0.95,"same-file",0
"Method:src/ui/src/mainwindow.cpp:currentTabChanged#1","Method:src/ui/src/mainwindow.cpp:updateTitleBar#1","CALLS",0.95,"same-file",0
"Method:src/ui/src/mainwindow.cpp:currentTabChanged#1","Method:src/ui/src/mainwindow.cpp:updateFavoritesMenu#0","CALLS",0.95,"same-file",0
"Method:src/ui/src/mainwindow.cpp:currentTabChanged#1","Method:src/ui/src/mainwindow.cpp:showInfoLabels#1","CALLS",0.95,"same-file",0
"Method:src/ui/src/mainwindow.cpp:currentTabChanged#1","Method:src/ui/src/mainwindow.cpp:updateActionsSendState#0","CALLS",0.95,"same-file",0
"Method:src/ui/src/mainwindow.cpp:loadFileNonInteractive#1","Method:src/app/messagereceiver.h:MessageReceiver.activateWindow#0","CALLS",0.5,"global",0
"Method:src/ui/src/mainwindow.cpp:loadFileNonInteractive#1","Method:src/ui/src/mainwindow.cpp:currentCrawlerWidget#0","CALLS",0.95,"same-file",0
"Method:src/ui/src/mainwindow.cpp:closeEvent#1","Method:src/ui/include/overview.h:Overview.isVisible#0","CALLS",0.5,"global",0
"Method:src/ui/src/mainwindow.cpp:closeEvent#1","Method:src/settings/include/configuration.h:Configuration.minimizeToTray#0","CALLS",0.9,"import-resolved",0
"Method:src/ui/src/mainwindow.cpp:closeEvent#1","Method:src/ui/src/mainwindow.cpp:writeSettings#0","CALLS",0.95,"same-file",0
"Method:src/ui/src/mainwindow.cpp:closeEvent#1","Method:src/ui/src/mainwindow.cpp:closeAll#1","CALLS",0.95,"same-file",0
"Method:src/ui/src/mainwindow.cpp:changeEvent#1","Method:src/settings/include/configuration.h:Configuration.minimizeToTray#0","CALLS",0.9,"import-resolved",0
"Method:src/ui/src/mainwindow.cpp:changeEvent#1","Method:src/ui/src/mainwindow.cpp:loadIcons#0","CALLS",0.95,"same-file",0
"Method:src/ui/src/mainwindow.cpp:changeEvent#1","Method:src/ui/src/mainwindow.cpp:updateOpenedFilesMenu#0","CALLS",0.95,"same-file",0
"Method:src/ui/src/mainwindow.cpp:changeEvent#1","Method:src/ui/src/mainwindow.cpp:updateFavoritesMenu#0","CALLS",0.95,"same-file",0
"Method:src/ui/src/mainwindow.cpp:changeEvent#1","Method:src/ui/src/mainwindow.cpp:updateHighlightersMenu#0","CALLS",0.95,"same-file",0
"Method:src/ui/src/mainwindow.cpp:changeEvent#1","Method:src/ui/src/mainwindow.cpp:reTranslateUI#0","CALLS",0.95,"same-file",0
"Method:src/ui/src/mainwindow.cpp:changeEvent#1","Method:src/ui/src/mainwindow.cpp:changeEvent#1","CALLS",0.95,"same-file",0
"Method:src/ui/src/mainwindow.cpp:extractAndLoadFile#1","Method:src/settings/include/configuration.h:Configuration.extractArchives#0","CALLS",0.9,"import-resolved",0
"Method:src/ui/src/mainwindow.cpp:extractAndLoadFile#1","Method:src/settings/include/configuration.h:Configuration.extractArchivesAlways#0","CALLS",0.9,"import-resolved",0
"Method:src/ui/src/mainwindow.cpp:extractAndLoadFile#1","Method:src/ui/include/startupprogress.h:StartupProgress.setRange#2","CALLS",0.9,"import-resolved",0
"Method:src/ui/src/mainwindow.cpp:extractAndLoadFile#1","Method:src/utils/include/atomicflag.h:AtomicFlag.set#0","CALLS",0.9,"import-resolved",0
"Method:src/ui/src/mainwindow.cpp:extractAndLoadFile#1","Method:src/ui/include/decompressor.h:Decompressor.waitForResult#0","CALLS",0.9,"import-resolved",0
"Method:src/ui/src/mainwindow.cpp:extractAndLoadFile#1","Method:src/ui/src/mainwindow.cpp:open#0","CALLS",0.95,"same-file",0
"Method:src/ui/src/mainwindow.cpp:extractAndLoadFile#1","Method:src/ui/include/decompressor.h:Decompressor.decompress#3","CALLS",0.9,"import-resolved",0
"Method:src/ui/src/mainwindow.cpp:extractAndLoadFile#1","Method:src/ui/include/decompressor.h:Decompressor.extract#3","CALLS",0.9,"import-resolved",0
"Method:src/ui/src/mainwindow.cpp:loadFile#2","Method:src/app/messagereceiver.h:MessageReceiver.activateWindow#0","CALLS",0.5,"global",0
"Method:src/ui/src/mainwindow.cpp:loadFile#2","Method:src/settings/include/configuration.h:Configuration.extractArchives#0","CALLS",0.9,"import-resolved",0
"Method:src/ui/src/mainwindow.cpp:loadFile#2","Method:src/settings/include/persistable.h:Persistable.getSynced#0","CALLS",0.5,"global",0
"Method:src/ui/src/mainwindow.cpp:loadFile#2","Method:src/ui/include/sessioninfo.h:SessionInfo.windows#0","CALLS",0.9,"import-resolved",0
"Method:src/ui/src/mainwindow.cpp:loadFile#2","Method:src/ui/include/sessioninfo.h:SessionInfo.openFiles#1","CALLS",0.9,"import-resolved",0
"Method:src/ui/src/mainwindow.cpp:loadFile#2","Method:src/ui/src/abstractlogview.cpp:LineChunk.end#0","CALLS",0.5,"global",0
"Method:src/ui/src/mainwindow.cpp:loadFile#2","Method:src/ui/src/mainwindow.cpp:publishScriptLifecycleEvent#2","CALLS",0.95,"same-file",0
"Method:src/ui/src/mainwindow.cpp:loadFile#2","Method:src/ui/src/mainwindow.cpp:addRecentFile#1","CALLS",0.95,"same-file",0
"Method:src/ui/src/mainwindow.cpp:loadFile#2","Method:src/ui/src/mainwindow.cpp:updateOpenedFilesMenu#0","CALLS",0.95,"same-file",0
"Method:src/ui/src/mainwindow.cpp:loadFile#2","Method:src/settings/include/configuration.h:Configuration.anyFileWatchEnabled#0","CALLS",0.9,"import-resolved",0
"Method:src/ui/src/mainwindow.cpp:loadFile#2","Method:src/ui/src/predefinedfiltersdialog.cpp:CenteredCheckbox.setChecked#1","CALLS",0.5,"global",0
"Method:src/ui/src/mainwindow.cpp:loadFile#2","Method:src/ui/src/mainwindow.cpp:extractAndLoadFile#1","CALLS",0.95,"same-file",0
"Method:src/ui/src/mainwindow.cpp:currentStreamSession#0","Method:src/ui/src/mainwindow.cpp:currentCrawlerWidget#0","CALLS",0.95,"same-file",0
"Method:src/ui/src/mainwindow.cpp:currentStreamSession#0","Method:src/ui/include/tabbedcrawlerwidget.h:TabbedCrawlerWidget.streamSessionForPath#1","CALLS",0.9,"import-resolved",0
"Method:src/ui/src/mainwindow.cpp:updateActionsSendState#0","Method:src/ui/include/streamsession.h:StreamSession.isConnectionOpen#0","CALLS",0.9,"import-resolved",0
"Method:src/ui/src/mainwindow.cpp:updateActionsSendState#0","Method:src/ui/src/mainwindow.cpp:currentStreamSession#0","CALLS",0.95,"same-file",0
"Method:src/ui/src/mainwindow.cpp:updateActionsSendState#0","Method:src/ui/include/tabbedcrawlerwidget.h:TabbedCrawlerWidget.hasOpenStreamSession#0","CALLS",0.9,"import-resolved",0
"Method:src/ui/src/mainwindow.cpp:updateActionsSendState#0","Method:src/ui/src/mainwindow.cpp:refreshComTabIndicators#0","CALLS",0.95,"same-file",0
"Method:src/ui/src/mainwindow.cpp:updateActionsSendState#0","Method:src/ui/src/mainwindow.cpp:updateComPortStatus#0","CALLS",0.95,"same-file",0
"Method:src/ui/src/mainwindow.cpp:updateComPortStatus#0","Method:src/ui/src/mainwindow.cpp:currentStreamSession#0","CALLS",0.95,"same-file",0
"Method:src/ui/src/mainwindow.cpp:updateComPortStatus#0","Method:src/ui/src/mainwindow.cpp:isActionsStreamSession#1","CALLS",0.95,"same-file",0
"Method:src/ui/src/mainwindow.cpp:updateComPortStatus#0","Method:src/ui/include/overview.h:Overview.setVisible#1","CALLS",0.5,"global",0
"Method:src/ui/src/mainwindow.cpp:refreshComTabIndicators#0","Method:src/ui/include/tabbedcrawlerwidget.h:TabbedCrawlerWidget.streamSessionForPath#1","CALLS",0.9,"import-resolved",0
"Method:src/ui/src/mainwindow.cpp:refreshComTabIndicators#0","Method:src/ui/include/tabbedcrawlerwidget.h:TabbedCrawlerWidget.setTabActionsPort#2","CALLS",0.9,"import-resolved",0
"Method:src/ui/src/mainwindow.cpp:refreshComTabIndicators#0","Method:src/ui/src/mainwindow.cpp:isActionsStreamSession#1","CALLS",0.95,"same-file",0
"Method:src/ui/src/mainwindow.cpp:updateTitleBar#1","Method:src/ui/src/mainwindow.cpp:strippedName#1","CALLS",0.95,"same-file",0
"Method:src/ui/src/mainwindow.cpp:updateTitleBar#1","Method:src/ui/include/session.h:WindowSession.windowIndex#0","CALLS",0.5,"global",0
"Method:src/ui/src/mainwindow.cpp:addRecentFile#1","Method:src/settings/include/persistable.h:Persistable.getSynced#0","CALLS",0.5,"global",0
"Method:src/ui/src/mainwindow.cpp:addRecentFile#1","Method:src/ui/include/recentfiles.h:RecentFiles.addRecent#1","CALLS",0.9,"import-resolved",0
"Method:src/ui/src/mainwindow.cpp:addRecentFile#1","Method:src/settings/include/persistable.h:Persistable.save#0","CALLS",0.5,"global",0
"Method:src/ui/src/mainwindow.cpp:addRecentFile#1","Method:src/ui/src/mainwindow.cpp:updateRecentFileActions#0","CALLS",0.95,"same-file",0
"Method:src/ui/src/mainwindow.cpp:updateRecentFileActions#0","Method:src/ui/include/recentfiles.h:RecentFiles.recentFiles#0","CALLS",0.9,"import-resolved",0
"Method:src/ui/src/mainwindow.cpp:updateRecentFileActions#0","Method:src/ui/include/recentfiles.h:RecentFiles.getNumberItemsToShow#0","CALLS",0.9,"import-resolved",0
"Method:src/ui/src/mainwindow.cpp:updateRecentFileActions#0","Method:src/ui/src/mainwindow.cpp:strippedName#1","CALLS",0.95,"same-file",0
"Method:src/ui/src/mainwindow.cpp:updateRecentFileActions#0","Method:src/ui/include/overview.h:Overview.setVisible#1","CALLS",0.5,"global",0
"Method:src/ui/src/mainwindow.cpp:clearRecentFileActions#0","Method:src/settings/include/persistable.h:Persistable.getSynced#0","CALLS",0.5,"global",0
"Method:src/ui/src/mainwindow.cpp:clearRecentFileActions#0","Method:src/ui/include/recentfiles.h:RecentFiles.removeAll#0","CALLS",0.9,"import-resolved",0
"Method:src/ui/src/mainwindow.cpp:clearRecentFileActions#0","Method:src/settings/include/persistable.h:Persistable.save#0","CALLS",0.5,"global",0
"Method:src/ui/src/mainwindow.cpp:clearRecentFileActions#0","Method:src/ui/src/mainwindow.cpp:updateRecentFileActions#0","CALLS",0.95,"same-file",0
"Method:src/ui/src/mainwindow.cpp:updateMenuBarFromDocument#1","Method:src/ui/include/crawlerwidget.h:CrawlerWidget.encodingMib#0","CALLS",0.9,"import-resolved",0
"Method:src/ui/src/mainwindow.cpp:updateMenuBarFromDocument#1","Method:src/ui/include/actionsmanager.h:ActionsManager.actions#0","CALLS",0.9,"import-resolved",0
"Method:src/ui/src/mainwindow.cpp:updateMenuBarFromDocument#1","Method:src/ui/src/abstractlogview.cpp:LineChunk.end#0","CALLS",0.5,"global",0
"Method:src/ui/src/mainwindow.cpp:updateMenuBarFromDocument#1","Method:src/ui/src/predefinedfiltersdialog.cpp:CenteredCheckbox.setChecked#1","CALLS",0.5,"global",0
"Method:src/ui/src/mainwindow.cpp:updateMenuBarFromDocument#1","Method:src/ui/include/crawlerwidget.h:CrawlerWidget.isFollowEnabled#0","CALLS",0.9,"import-resolved",0
"Method:src/ui/src/mainwindow.cpp:updateMenuBarFromDocument#1","Method:src/ui/include/crawlerwidget.h:CrawlerWidget.isTextWrapEnabled#0","CALLS",0.9,"import-resolved",0
"Method:src/ui/src/mainwindow.cpp:updateInfoLine#0","Method:src/ui/src/mainwindow.cpp:currentCrawlerWidget#0","CALLS",0.95,"same-file",0
"Method:src/ui/src/mainwindow.cpp:updateInfoLine#0","Method:src/ui/src/pathline.cpp:setPath#1","CALLS",0.5,"global",0
"Method:src/ui/src/mainwindow.cpp:updateInfoLine#0","Method:src/ui/include/crawlerwidget.h:CrawlerWidget.encodingText#0","CALLS",0.9,"import-resolved",0
"Method:src/ui/src/mainwindow.cpp:updateOpenedFilesMenu#0","Method:src/ui/include/displayfilepath.h:DisplayFilePath.displayName#0","CALLS",0.9,"import-resolved",0
"Method:src/ui/src/mainwindow.cpp:updateOpenedFilesMenu#0","Method:src/ui/include/displayfilepath.h:DisplayFilePath.nativeFullPath#0","CALLS",0.9,"import-resolved",0
"Method:src/ui/src/mainwindow.cpp:updateOpenedFilesMenu#0","Method:src/ui/include/displayfilepath.h:DisplayFilePath.fullPath#0","CALLS",0.9,"import-resolved",0
"Method:src/ui/src/mainwindow.cpp:updateHighlightersMenu#0","Method:src/ui/include/highlightersmenu.h:HighlightersMenu.clearHighlightersMenu#0","CALLS",0.9,"import-resolved",0
"Method:src/ui/src/mainwindow.cpp:updateHighlightersMenu#0","Method:src/ui/include/highlightersmenu.h:HighlightersMenu.createHighlightersMenu#0","CALLS",0.9,"import-resolved",0
"Method:src/ui/src/mainwindow.cpp:updateHighlightersMenu#0","Method:src/ui/include/highlightersmenu.h:HighlightersMenu.addAction#2","CALLS",0.9,"import-resolved",0
"Method:src/ui/src/mainwindow.cpp:updateHighlightersMenu#0","Method:src/ui/include/highlightersmenu.h:HighlightersMenu.populateHighlightersMenu#0","CALLS",0.9,"import-resolved",0
"Method:src/ui/src/mainwindow.cpp:updateFavoritesMenu#0","Method:src/settings/include/persistable.h:Persistable.getSynced#0","CALLS",0.5,"global",0
"Method:src/ui/src/mainwindow.cpp:updateFavoritesMenu#0","Method:src/ui/include/favoritefiles.h:FavoriteFiles.favorites#0","CALLS",0.9,"import-resolved",0
"Method:src/ui/src/mainwindow.cpp:updateFavoritesMenu#0","Method:src/ui/src/mainwindow.cpp:currentCrawlerWidget#0","CALLS",0.95,"same-file",0
"Method:src/ui/src/mainwindow.cpp:updateFavoritesMenu#0","Method:src/ui/src/abstractlogview.cpp:LineChunk.end#0","CALLS",0.5,"global",0
"Method:src/ui/src/mainwindow.cpp:addToFavorites#0","Method:src/ui/src/mainwindow.cpp:currentCrawlerWidget#0","CALLS",0.95,"same-file",0
"Method:src/ui/src/mainwindow.cpp:addToFavorites#0","Method:src/settings/include/persistable.h:Persistable.save#0","CALLS",0.5,"global",0
"Method:src/ui/src/mainwindow.cpp:addToFavorites#0","Method:src/ui/src/mainwindow.cpp:updateFavoritesMenu#0","CALLS",0.95,"same-file",0
"Method:src/ui/src/mainwindow.cpp:removeFromFavorites#0","Method:src/ui/include/favoritefiles.h:FavoriteFiles.favorites#0","CALLS",0.9,"import-resolved",0
"Method:src/ui/src/mainwindow.cpp:removeFromFavorites#0","Method:src/ui/src/mainwindow.cpp:currentCrawlerWidget#0","CALLS",0.95,"same-file",0
"Method:src/ui/src/mainwindow.cpp:removeFromFavorites#0","Method:src/ui/src/abstractlogview.cpp:LineChunk.end#0","CALLS",0.5,"global",0
"Method:src/ui/src/mainwindow.cpp:removeFromFavorites#0","Method:src/ui/src/mainwindow.cpp:removeFromFavorites#1","CALLS",0.95,"same-file",0
"Method:src/ui/src/mainwindow.cpp:removeFromFavorites#0","Method:src/ui/include/displayfilepath.h:DisplayFilePath.nativeFullPath#0","CALLS",0.9,"import-resolved",0
"Method:src/ui/src/mainwindow.cpp:removeFromFavorites#0","Method:src/settings/include/persistable.h:Persistable.save#0","CALLS",0.5,"global",0
"Method:src/ui/src/mainwindow.cpp:removeFromFavorites#0","Method:src/ui/src/mainwindow.cpp:updateFavoritesMenu#0","CALLS",0.95,"same-file",0
"Method:src/ui/src/mainwindow.cpp:removeFromRecent#1","Method:src/ui/include/recentfiles.h:RecentFiles.removeRecent#1","CALLS",0.9,"import-resolved",0
"Method:src/ui/src/mainwindow.cpp:removeFromRecent#1","Method:src/settings/include/persistable.h:Persistable.save#0","CALLS",0.5,"global",0
"Method:src/ui/src/mainwindow.cpp:removeFromRecent#1","Method:src/ui/src/mainwindow.cpp:updateRecentFileActions#0","CALLS",0.95,"same-file",0
"Method:src/ui/src/mainwindow.cpp:selectOpenedFile#0","Method:src/ui/include/displayfilepath.h:DisplayFilePath.nativeFullPath#0","CALLS",0.9,"import-resolved",0
"Method:src/ui/src/mainwindow.cpp:selectOpenedFile#0","Method:src/ui/include/highlightedmatch.h:HighlightedMatchRanges.front#0","CALLS",0.5,"global",0
"Method:src/ui/src/mainwindow.cpp:selectOpenedFile#0","Method:src/ui/src/abstractlogview.cpp:LineChunk.end#0","CALLS",0.5,"global",0
"Method:src/ui/src/mainwindow.cpp:selectOpenedFile#0","Method:src/ui/include/viewtools.h:ElasticHook.release#0","CALLS",0.5,"global",0
"Method:src/ui/src/mainwindow.cpp:selectOpenedFile#0","Method:src/ui/src/mainwindow.cpp:open#0","CALLS",0.95,"same-file",0
"Method:src/ui/src/mainwindow.cpp:showInfoLabels#1","Method:src/ui/include/overview.h:Overview.setVisible#1","CALLS",0.5,"global",0
"Method:src/ui/src/mainwindow.cpp:writeSettings#0","Method:src/ui/include/tabbedcrawlerwidget.h:TabbedCrawlerWidget.streamSessionForPath#1","CALLS",0.9,"import-resolved",0
"Method:src/ui/src/mainwindow.cpp:writeSettings#0","Method:src/ui/include/streamsession.h:StreamSession.captureSettings#0","CALLS",0.9,"import-resolved",0
"Method:src/ui/src/mainwindow.cpp:writeSettings#0","Method:src/ui/src/mainwindow.cpp:scriptContextForTab#1","CALLS",0.95,"same-file",0
"Method:src/ui/src/mainwindow.cpp:writeSettings#0","Method:src/settings/include/persistable.h:Persistable.getSynced#0","CALLS",0.5,"global",0
"Method:src/ui/src/mainwindow.cpp:writeSettings#0","Method:src/ui/include/sessioninfo.h:SessionInfo.setGlobalScriptContext#1","CALLS",0.9,"import-resolved",0
"Method:src/ui/src/mainwindow.cpp:writeSettings#0","Method:src/ui/src/mainwindow.cpp:globalScriptContext#0","CALLS",0.95,"same-file",0
"Method:src/ui/src/mainwindow.cpp:readSettings#0","Method:src/ui/include/startupprogress.h:StartupProgress.advance#3","CALLS",0.9,"import-resolved",0
"Method:src/ui/src/mainwindow.cpp:readSettings#0","Method:src/settings/include/persistable.h:Persistable.getSynced#0","CALLS",0.5,"global",0
"Method:src/ui/src/mainwindow.cpp:readSettings#0","Method:src/ui/src/mainwindow.cpp:updateRecentFileActions#0","CALLS",0.95,"same-file",0
"Method:src/ui/src/mainwindow.cpp:readSettings#0","Method:src/ui/src/mainwindow.cpp:updateFavoritesMenu#0","CALLS",0.95,"same-file",0
"Method:src/ui/src/mainwindow.cpp:readSettings#0","Method:src/ui/src/mainwindow.cpp:updateHighlightersMenu#0","CALLS",0.95,"same-file",0
"Method:src/ui/src/mainwindow.cpp:readSettings#0","Method:src/ui/include/predefinedfilters.h:PredefinedFiltersCollection.getFilters#0","CALLS",0.9,"import-resolved",0
"Method:src/ui/src/mainwindow.cpp:displayQuickFindBar#1","Method:src/ui/src/mainwindow.cpp:currentCrawlerWidget#0","CALLS",0.95,"same-file",0
"Method:src/ui/src/mainwindow.cpp:displayQuickFindBar#1","Method:src/ui/include/crawlerwidget.h:CrawlerWidget.isPartialSelection#0","CALLS",0.9,"import-resolved",0
"Method:src/ui/src/mainwindow.cpp:displayQuickFindBar#1","Method:src/ui/include/crawlerwidget.h:CrawlerWidget.getSelectedText#0","CALLS",0.9,"import-resolved",0
"Method:src/ui/src/mainwindow.cpp:logScreenInfo#1","Method:src/ui/include/session.h:WindowSession.windowIndex#0","CALLS",0.5,"global",0
