from,to,type,confidence,reason,step
"Method:tests/ui/qtests_main.cpp:TestRunner.result#0","comm_13","MEMBER_OF",1,"leiden-algorithm",0
"Method:tests/ui/qtests_main.cpp:TestRunner.process#0","comm_12","MEMBER_OF",1,"leiden-algorithm",0
"Method:tests/ui/mainwindow_test.cpp:MinimizeToTrayRestoreGuard.MinimizeToTrayRestoreGuard#1","comm_14","MEMBER_OF",1,"leiden-algorithm",0
"Method:tests/ui/mainwindow_test.cpp:StartupProgressRecorder.record#1","comm_15","MEMBER_OF",1,"leiden-algorithm",0
"Method:tests/ui/mainwindow_test.cpp:StartupProgressRecorder.snapshot#0","comm_16","MEMBER_OF",1,"leiden-algorithm",0
"Method:tests/ui/logfiltereddata_test.cpp:LogDataLoader.LogDataLoader#0","comm_22","MEMBER_OF",1,"leiden-algorithm",0
"Method:tests/ui/logdata_test.cpp:WriteFileThread.isSucceeded#0","comm_25","MEMBER_OF",1,"leiden-algorithm",0
"Method:tests/ui/crawlerwidget_test.cpp:CrawlerWidget::access_by<CrawlerWidgetPrivate>.isLoadingFinished#0","comm_27","MEMBER_OF",1,"leiden-algorithm",0
"Method:tests/ui/crawlerwidget_test.cpp:CrawlerWidget::access_by<CrawlerWidgetPrivate>.getLogNbLines#0","comm_28","MEMBER_OF",1,"leiden-algorithm",0
"Method:tests/ui/crawlerwidget_test.cpp:CrawlerWidget::access_by<CrawlerWidgetPrivate>.getLogFilteredNbLines#0","comm_29","MEMBER_OF",1,"leiden-algorithm",0
"Method:tests/ui/crawlerwidget_test.cpp:CrawlerWidget::access_by<CrawlerWidgetPrivate>.selectAllInMainView#0","comm_30","MEMBER_OF",1,"leiden-algorithm",0
"Method:tests/ui/crawlerwidget_test.cpp:CrawlerWidget::access_by<CrawlerWidgetPrivate>.selectAllInFilteredView#0","comm_30","MEMBER_OF",1,"leiden-algorithm",0
"Method:tests/ui/crawlerwidget_test.cpp:CrawlerWidget::access_by<CrawlerWidgetPrivate>.mainViewSelectedText#0","comm_31","MEMBER_OF",1,"leiden-algorithm",0
"Method:tests/ui/crawlerwidget_test.cpp:CrawlerWidget::access_by<CrawlerWidgetPrivate>.filteredViewSelectedText#0","comm_31","MEMBER_OF",1,"leiden-algorithm",0
"Method:tests/ui/crawlerwidget_test.cpp:CrawlerWidget::access_by<CrawlerWidgetPrivate>.setSearchPattern#1","comm_32","MEMBER_OF",1,"leiden-algorithm",0
"Method:tests/ui/crawlerwidget_test.cpp:CrawlerWidget::access_by<CrawlerWidgetPrivate>.clearSearchPattern#0","comm_32","MEMBER_OF",1,"leiden-algorithm",0
"Method:tests/ui/crawlerwidget_test.cpp:CrawlerWidget::access_by<CrawlerWidgetPrivate>.setAutoRefresh#1","comm_32","MEMBER_OF",1,"leiden-algorithm",0
"Method:tests/ui/crawlerwidget_test.cpp:CrawlerWidget::access_by<CrawlerWidgetPrivate>.setViewContextLazy#1","comm_33","MEMBER_OF",1,"leiden-algorithm",0
"Method:tests/ui/crawlerwidget_test.cpp:CrawlerWidget::access_by<CrawlerWidgetPrivate>.enableCaseSensitiveSearch#0","comm_34","MEMBER_OF",1,"leiden-algorithm",0
"Method:tests/ui/crawlerwidget_test.cpp:CrawlerWidget::access_by<CrawlerWidgetPrivate>.enableRegexSearch#0","comm_34","MEMBER_OF",1,"leiden-algorithm",0
"Method:tests/ui/crawlerwidget_test.cpp:CrawlerWidget::access_by<CrawlerWidgetPrivate>.enableInverseMatch#0","comm_34","MEMBER_OF",1,"leiden-algorithm",0
"Method:tests/ui/crawlerwidget_test.cpp:CrawlerWidget::access_by<CrawlerWidgetPrivate>.enableBooleanCombinationMode#0","comm_34","MEMBER_OF",1,"leiden-algorithm",0
"Method:tests/ui/crawlerwidget_test.cpp:CrawlerWidget::access_by<CrawlerWidgetPrivate>.disableBooleanCombinationMode#0","comm_34","MEMBER_OF",1,"leiden-algorithm",0
"Method:tests/ui/crawlerwidget_test.cpp:CrawlerWidget::access_by<CrawlerWidgetPrivate>.runSearch#0","comm_32","MEMBER_OF",1,"leiden-algorithm",0
"Method:tests/ui/crawlerwidget_test.cpp:CrawlerWidget::access_by<CrawlerWidgetPrivate>.currentSearchText#0","comm_35","MEMBER_OF",1,"leiden-algorithm",0
"Method:tests/ui/crawlerwidget_test.cpp:CrawlerWidget::access_by<CrawlerWidgetPrivate>.searchInfoText#0","comm_36","MEMBER_OF",1,"leiden-algorithm",0
"Method:tests/ui/crawlerwidget_test.cpp:CrawlerWidget::access_by<CrawlerWidgetPrivate>.isSearchStopped#0","comm_37","MEMBER_OF",1,"leiden-algorithm",0
"Method:tests/ui/crawlerwidget_test.cpp:CrawlerWidget::access_by<CrawlerWidgetPrivate>.isCaseSensitiveSearchEnabled#0","comm_34","MEMBER_OF",1,"leiden-algorithm",0
"Method:tests/ui/crawlerwidget_test.cpp:CrawlerWidget::access_by<CrawlerWidgetPrivate>.isRegexSearchEnabled#0","comm_34","MEMBER_OF",1,"leiden-algorithm",0
"Method:tests/ui/crawlerwidget_test.cpp:CrawlerWidget::access_by<CrawlerWidgetPrivate>.isInverseMatchEnabled#0","comm_34","MEMBER_OF",1,"leiden-algorithm",0
"Method:tests/ui/crawlerwidget_test.cpp:CrawlerWidget::access_by<CrawlerWidgetPrivate>.isBooleanCombinationModeEnabled#0","comm_34","MEMBER_OF",1,"leiden-algorithm",0
"Method:tests/ui/crawlerwidget_test.cpp:CrawlerWidget::access_by<CrawlerWidgetPrivate>.isAutoRefreshEnabled#0","comm_34","MEMBER_OF",1,"leiden-algorithm",0
"Method:tests/ui/crawlerwidget_test.cpp:CrawlerWidget::access_by<CrawlerWidgetPrivate>.enableTextWrap#0","comm_38","MEMBER_OF",1,"leiden-algorithm",0
"Method:tests/ui/crawlerwidget_test.cpp:CrawlerWidget::access_by<CrawlerWidgetPrivate>.disableTextWrap#0","comm_38","MEMBER_OF",1,"leiden-algorithm",0
"Method:tests/ui/crawlerwidget_test.cpp:CrawlerWidget::access_by<CrawlerWidgetPrivate>.resizeAndShow#2","comm_39","MEMBER_OF",1,"leiden-algorithm",0
"Method:tests/ui/crawlerwidget_test.cpp:CrawlerWidget::access_by<CrawlerWidgetPrivate>.focusFilteredView#0","comm_32","MEMBER_OF",1,"leiden-algorithm",0
"Method:tests/ui/crawlerwidget_test.cpp:CrawlerWidget::access_by<CrawlerWidgetPrivate>.filteredVisibleLineRange#0","comm_40","MEMBER_OF",1,"leiden-algorithm",0
"Method:tests/ui/crawlerwidget_test.cpp:CrawlerWidget::access_by<CrawlerWidgetPrivate>.mainVisibleLineRange#0","comm_41","MEMBER_OF",1,"leiden-algorithm",0
"Method:tests/ui/crawlerwidget_test.cpp:CrawlerWidget::access_by<CrawlerWidgetPrivate>.focusedViewObjectName#0","comm_32","MEMBER_OF",1,"leiden-algorithm",0
"Method:tests/ui/crawlerwidget_test.cpp:CrawlerWidget::access_by<CrawlerWidgetPrivate>.render#0","comm_42","MEMBER_OF",1,"leiden-algorithm",0
"Method:tests/helpers/test_utils.h:SafeQSignalSpy.safeWait#1","comm_22","MEMBER_OF",1,"leiden-algorithm",0
"Method:src/app/scenarioheadlessrunner.h:Result.hasPayload#0","comm_44","MEMBER_OF",1,"leiden-algorithm",0
"Method:src/app/scenarioheadlessrunner.h:ScenarioHeadlessRunner.run#1","comm_45","MEMBER_OF",1,"leiden-algorithm",0
"Method:src/app/scenarioheadlessrunner.cpp:run#1","comm_47","MEMBER_OF",1,"leiden-algorithm",0
"Method:src/app/messagereceiver.h:MessageReceiver.activateWindow#0","comm_50","MEMBER_OF",1,"leiden-algorithm",0
"Method:src/app/messagereceiver.h:MessageReceiver.receiveMessage#1","comm_51","MEMBER_OF",1,"leiden-algorithm",0
"Method:src/app/messagereceiver.h:MessageReceiver.handleCommandMessage#2","comm_51","MEMBER_OF",1,"leiden-algorithm",0
"Method:src/app/messagereceiver.h:MessageReceiver.isPathEqual#2","comm_51","MEMBER_OF",1,"leiden-algorithm",0
"Method:src/app/messagereceiver.h:MessageReceiver.isValidTempPath#3","comm_51","MEMBER_OF",1,"leiden-algorithm",0
"Method:src/app/messagereceiver.h:MessageReceiver.isValidAckPath#1","comm_51","MEMBER_OF",1,"leiden-algorithm",0
"Method:src/app/messagereceiver.h:MessageReceiver.writeFailureResult#2","comm_51","MEMBER_OF",1,"leiden-algorithm",0
"Method:src/app/main.cpp:StartupSplashScreen.updateFromState#1","comm_44","MEMBER_OF",1,"leiden-algorithm",0
"Method:src/app/labcontrollerservice.h:LabControllerService.start#2","comm_44","MEMBER_OF",1,"leiden-algorithm",0
"Method:src/app/labcontrollerservice.cpp:LabControllerService#1","comm_59","MEMBER_OF",1,"leiden-algorithm",0
"Method:src/app/labcontrollerservice.cpp:~LabControllerService#0","comm_60","MEMBER_OF",1,"leiden-algorithm",0
"Method:src/app/labcontrollerservice.cpp:start#2","comm_61","MEMBER_OF",1,"leiden-algorithm",0
"Method:src/app/labcontrollerservice.cpp:stop#0","comm_60","MEMBER_OF",1,"leiden-algorithm",0
"Method:src/app/labcontrollerservice.cpp:submitBundle#3","comm_56","MEMBER_OF",1,"leiden-algorithm",0
"Method:src/app/labcontrollerservice.cpp:queueSnapshot#0","comm_56","MEMBER_OF",1,"leiden-algorithm",0
"Method:src/app/labcontrollerservice.cpp:agentsSnapshot#0","comm_56","MEMBER_OF",1,"leiden-algorithm",0
"Method:src/app/labcontrollerservice.cpp:jobStatus#2","comm_56","MEMBER_OF",1,"leiden-algorithm",0
"Method:src/app/labcontrollerservice.cpp:cancelJob#2","comm_56","MEMBER_OF",1,"leiden-algorithm",0
"Method:src/app/labcontrollerservice.cpp:artifactsPayload#2","comm_56","MEMBER_OF",1,"leiden-algorithm",0
"Method:src/app/labcontrollerservice.cpp:initializeDatabase#2","comm_61","MEMBER_OF",1,"leiden-algorithm",0
"Method:src/app/labcontrollerservice.cpp:loadToken#2","comm_61","MEMBER_OF",1,"leiden-algorithm",0
"Method:src/app/labcontrollerservice.cpp:insertOrUpdateAgent#2","comm_56","MEMBER_OF",1,"leiden-algorithm",0
"Method:src/app/labcontrollerservice.cpp:updateAgentHeartbeat#2","comm_56","MEMBER_OF",1,"leiden-algorithm",0
"Method:src/app/labcontrollerservice.cpp:updateAgentStatus#4","comm_56","MEMBER_OF",1,"leiden-algorithm",0
"Method:src/app/labcontrollerservice.cpp:jobPayloadById#2","comm_56","MEMBER_OF",1,"leiden-algorithm",0
"Method:src/app/labcontrollerservice.cpp:jobDirectoryPath#1","comm_56","MEMBER_OF",1,"leiden-algorithm",0
"Method:src/app/labcontrollerservice.cpp:artifactDirectoryPath#1","comm_56","MEMBER_OF",1,"leiden-algorithm",0
"Method:src/app/labcontrollerservice.cpp:nextJobId#0","comm_56","MEMBER_OF",1,"leiden-algorithm",0
"Method:src/app/labcontrollerservice.cpp:writeBundleToDisk#3","comm_56","MEMBER_OF",1,"leiden-algorithm",0
"Method:src/app/labcontrollerservice.cpp:submitBundleUnlocked#3","comm_56","MEMBER_OF",1,"leiden-algorithm",0
"Method:src/app/labcontrollerservice.cpp:eligibleBindings#2","comm_56","MEMBER_OF",1,"leiden-algorithm",0
"Method:src/app/labcontrollerservice.cpp:assignJobToAgent#5","comm_56","MEMBER_OF",1,"leiden-algorithm",0
"Method:src/app/labcontrollerservice.cpp:scheduleJobs#0","comm_56","MEMBER_OF",1,"leiden-algorithm",0
"Method:src/app/labcontrollerservice.cpp:queueSnapshotUnlocked#0","comm_56","MEMBER_OF",1,"leiden-algorithm",0
"Method:src/app/labcontrollerservice.cpp:agentsSnapshotUnlocked#0","comm_56","MEMBER_OF",1,"leiden-algorithm",0
"Method:src/app/labcontrollerservice.cpp:jobStatusUnlocked#2","comm_56","MEMBER_OF",1,"leiden-algorithm",0
"Method:src/app/labcontrollerservice.cpp:artifactsPayloadUnlocked#2","comm_56","MEMBER_OF",1,"leiden-algorithm",0
"Method:src/app/labcontrollerservice.cpp:loadBundlePayload#1","comm_56","MEMBER_OF",1,"leiden-algorithm",0
"Method:src/app/labcontrollerservice.cpp:sendJsonResponse#3","comm_56","MEMBER_OF",1,"leiden-algorithm",0
"Method:src/app/labcontrollerservice.cpp:authorizeHttpRequest#2","comm_56","MEMBER_OF",1,"leiden-algorithm",0
"Method:src/app/labcontrollerservice.cpp:handleHttpConnection#0","comm_62","MEMBER_OF",1,"leiden-algorithm",0
"Method:src/app/labcontrollerservice.cpp:processHttpRequest#2","comm_56","MEMBER_OF",1,"leiden-algorithm",0
"Method:src/app/labcontrollerservice.cpp:handleAgentConnection#0","comm_63","MEMBER_OF",1,"leiden-algorithm",0
"Method:src/app/labcontrollerservice.cpp:handleAgentDisconnected#0","comm_56","MEMBER_OF",1,"leiden-algorithm",0
"Method:src/app/labcontrollerservice.cpp:readAgentSocket#0","comm_56","MEMBER_OF",1,"leiden-algorithm",0
"Method:src/app/labcontrollerservice.cpp:processAgentMessage#2","comm_56","MEMBER_OF",1,"leiden-algorithm",0
"Method:src/app/labcontrollerservice.cpp:sendAgentMessage#2","comm_56","MEMBER_OF",1,"leiden-algorithm",0
"Method:src/app/labcontrollerservice.cpp:connectionStateForSocket#1","comm_56","MEMBER_OF",1,"leiden-algorithm",0
"Method:src/app/labclient.h:LabClient.loadToken#2","comm_64","MEMBER_OF",1,"leiden-algorithm",0
"Method:src/app/labclient.h:LabClient.submit#3","comm_44","MEMBER_OF",1,"leiden-algorithm",0
"Method:src/app/labclient.h:LabClient.queue#2","comm_44","MEMBER_OF",1,"leiden-algorithm",0
"Method:src/app/labclient.h:LabClient.status#3","comm_64","MEMBER_OF",1,"leiden-algorithm",0
"Method:src/app/labclient.h:LabClient.cancel#3","comm_44","MEMBER_OF",1,"leiden-algorithm",0
"Method:src/app/labclient.h:LabClient.agents#2","comm_44","MEMBER_OF",1,"leiden-algorithm",0
"Method:src/app/labclient.h:LabClient.artifacts#3","comm_44","MEMBER_OF",1,"leiden-algorithm",0
"Method:src/app/labclient.h:LabClient.snapshot#2","comm_64","MEMBER_OF",1,"leiden-algorithm",0
"Method:src/app/labclient.cpp:submit#3","comm_65","MEMBER_OF",1,"leiden-algorithm",0
"Method:src/app/labclient.cpp:queue#2","comm_65","MEMBER_OF",1,"leiden-algorithm",0
"Method:src/app/labclient.cpp:status#3","comm_65","MEMBER_OF",1,"leiden-algorithm",0
"Method:src/app/labclient.cpp:cancel#3","comm_65","MEMBER_OF",1,"leiden-algorithm",0
"Method:src/app/labclient.cpp:agents#2","comm_65","MEMBER_OF",1,"leiden-algorithm",0
"Method:src/app/labclient.cpp:artifacts#3","comm_65","MEMBER_OF",1,"leiden-algorithm",0
"Method:src/app/labclient.cpp:snapshot#2","comm_65","MEMBER_OF",1,"leiden-algorithm",0
"Method:src/app/labclient.cpp:performJsonRequest#5","comm_65","MEMBER_OF",1,"leiden-algorithm",0
"Method:src/app/labagentrunner.cpp:LabAgentRunner#2","comm_67","MEMBER_OF",1,"leiden-algorithm",0
"Method:src/app/labagentrunner.cpp:start#2","comm_66","MEMBER_OF",1,"leiden-algorithm",0
"Method:src/app/labagentrunner.cpp:connected#0","comm_45","MEMBER_OF",1,"leiden-algorithm",0
"Method:src/app/labagentrunner.cpp:readyRead#0","comm_45","MEMBER_OF",1,"leiden-algorithm",0
"Method:src/app/labagentrunner.cpp:sendHeartbeat#0","comm_45","MEMBER_OF",1,"leiden-algorithm",0
"Method:src/app/labagentrunner.cpp:processMessage#1","comm_45","MEMBER_OF",1,"leiden-algorithm",0
"Method:src/app/labagentrunner.cpp:sendMessage#1","comm_45","MEMBER_OF",1,"leiden-algorithm",0
"Method:src/app/labagentrunner.cpp:runAssignedJob#1","comm_45","MEMBER_OF",1,"leiden-algorithm",0
"Method:src/app/kloggapp.h:KloggApp.isSecondary#0","comm_44","MEMBER_OF",1,"leiden-algorithm",0
"Method:src/app/kloggapp.h:KloggApp.primaryPid#0","comm_69","MEMBER_OF",1,"leiden-algorithm",0
"Method:src/app/kloggapp.h:KloggApp.sendFilesToPrimaryInstance#1","comm_69","MEMBER_OF",1,"leiden-algorithm",0
"Method:src/app/kloggapp.h:KloggApp.sendCommandToPrimaryInstance#1","comm_69","MEMBER_OF",1,"leiden-algorithm",0
"Method:src/app/kloggapp.h:KloggApp.initCrashHandler#0","comm_44","MEMBER_OF",1,"leiden-algorithm",0
"Method:src/app/kloggapp.h:KloggApp.reloadSession#0","comm_70","MEMBER_OF",1,"leiden-algorithm",0
"Method:src/app/kloggapp.h:KloggApp.clearInactiveSessions#0","comm_71","MEMBER_OF",1,"leiden-algorithm",0
"Method:src/app/kloggapp.h:KloggApp.newWindow#0","comm_72","MEMBER_OF",1,"leiden-algorithm",0
"Method:src/app/kloggapp.h:KloggApp.setStartupBootstrapGeometry#1","comm_44","MEMBER_OF",1,"leiden-algorithm",0
"Method:src/app/kloggapp.h:KloggApp.setAutomationMode#3","comm_70","MEMBER_OF",1,"leiden-algorithm",0
"Method:src/app/kloggapp.h:KloggApp.finalizeStartupBootstrapGeometry#0","comm_70","MEMBER_OF",1,"leiden-algorithm",0
"Method:src/app/kloggapp.h:KloggApp.loadFileNonInteractive#1","comm_72","MEMBER_OF",1,"leiden-algorithm",0
"Method:src/app/kloggapp.h:KloggApp.executeCommanderRequest#1","comm_73","MEMBER_OF",1,"leiden-algorithm",0
"Method:src/app/kloggapp.h:KloggApp.activatePrimaryWindow#0","comm_72","MEMBER_OF",1,"leiden-algorithm",0
"Method:src/app/kloggapp.h:KloggApp.handleCommanderRequest#2","comm_51","MEMBER_OF",1,"leiden-algorithm",0
"Method:src/app/kloggapp.h:KloggApp.scriptStatusForTab#1","comm_74","MEMBER_OF",1,"leiden-algorithm",0
"Method:src/app/kloggapp.h:KloggApp.globalScriptStatus#0","comm_75","MEMBER_OF",1,"leiden-algorithm",0
"Method:src/app/kloggapp.h:KloggApp.scriptBindingForTab#1","comm_76","MEMBER_OF",1,"leiden-algorithm",0
"Method:src/app/kloggapp.h:KloggApp.globalScriptBinding#0","comm_77","MEMBER_OF",1,"leiden-algorithm",0
"Method:src/app/kloggapp.h:KloggApp.restoreScriptBinding#1","comm_78","MEMBER_OF",1,"leiden-algorithm",0
"Method:src/app/kloggapp.h:KloggApp.restoreScriptBindingVariant#1","comm_78","MEMBER_OF",1,"leiden-algorithm",0
"Method:src/app/kloggapp.h:KloggApp.restoreGlobalScriptBinding#1","comm_79","MEMBER_OF",1,"leiden-algorithm",0
"Method:src/app/kloggapp.h:KloggApp.restoreGlobalScriptBindingVariant#1","comm_79","MEMBER_OF",1,"leiden-algorithm",0
"Method:src/app/kloggapp.h:KloggApp.forgetScriptTab#1","comm_80","MEMBER_OF",1,"leiden-algorithm",0
"Method:src/app/kloggapp.h:KloggApp.restoreGlobalScriptBindingFromSession#0","comm_79","MEMBER_OF",1,"leiden-algorithm",0
"Method:src/app/kloggapp.h:KloggApp.showScriptRunnerWindow#1","comm_50","MEMBER_OF",1,"leiden-algorithm",0
"Method:src/app/kloggapp.h:KloggApp.showScenarioRunnerWindow#0","comm_50","MEMBER_OF",1,"leiden-algorithm",0
"Method:src/app/kloggapp.h:KloggApp.showLabQueueWindow#0","comm_50","MEMBER_OF",1,"leiden-algorithm",0
"Method:src/app/kloggapp.h:KloggApp.setStartupCommanderReady#1","comm_44","MEMBER_OF",1,"leiden-algorithm",0
"Method:src/app/kloggapp.h:KloggApp.startBackgroundTasks#0","comm_44","MEMBER_OF",1,"leiden-algorithm",0
"Method:src/app/kloggapp.h:KloggApp.hasVisibleMainWindow#0","comm_81","MEMBER_OF",1,"leiden-algorithm",0
"Method:src/app/kloggapp.h:KloggApp.ensureMainWindowVisible#0","comm_70","MEMBER_OF",1,"leiden-algorithm",0
"Method:src/app/kloggapp.h:KloggApp.newWindow#1","comm_82","MEMBER_OF",1,"leiden-algorithm",0
"Method:src/app/kloggapp.h:KloggApp.onWindowActivated#1","comm_82","MEMBER_OF",1,"leiden-algorithm",0
"Method:src/app/kloggapp.h:KloggApp.onWindowClosed#1","comm_82","MEMBER_OF",1,"leiden-algorithm",0
"Method:src/app/kloggapp.h:KloggApp.exitApplication#0","comm_71","MEMBER_OF",1,"leiden-algorithm",0
"Method:src/app/kloggapp.h:KloggApp.newVersionNotification#3","comm_83","MEMBER_OF",1,"leiden-algorithm",0
"Method:src/app/kloggapp.h:KloggApp.nextWindowIndex#0","comm_72","MEMBER_OF",1,"leiden-algorithm",0
"Method:src/app/kloggapp.h:KloggApp.applyStartupBootstrapGeometry#1","comm_70","MEMBER_OF",1,"leiden-algorithm",0
"Method:src/app/kloggapp.h:KloggApp.applyAutomationGeometry#1","comm_70","MEMBER_OF",1,"leiden-algorithm",0
"Method:src/app/kloggapp.h:KloggApp.activeWindowOrCreate#0","comm_73","MEMBER_OF",1,"leiden-algorithm",0
"Method:src/app/kloggapp.h:KloggApp.activeWindowIfAny#0","comm_73","MEMBER_OF",1,"leiden-algorithm",0
"Method:src/app/kloggapp.h:KloggApp.windowByIndex#1","comm_73","MEMBER_OF",1,"leiden-algorithm",0
"Method:src/app/kloggapp.h:KloggApp.createUniqueTempPath#2","comm_69","MEMBER_OF",1,"leiden-algorithm",0
"Method:src/app/kloggapp.h:KloggApp.waitForResponseFile#2","comm_69","MEMBER_OF",1,"leiden-algorithm",0
"Method:src/app/cli.h:CliParameters.versionText#0","comm_84","MEMBER_OF",1,"leiden-algorithm",0
"Method:src/app/cli.h:CliParameters.mainHelpDescription#0","comm_84","MEMBER_OF",1,"leiden-algorithm",0
"Method:src/app/cli.h:CliParameters.scenarioHelpDescription#0","comm_84","MEMBER_OF",1,"leiden-algorithm",0
"Method:src/app/cli.h:CliParameters.labControllerHelpDescription#0","comm_84","MEMBER_OF",1,"leiden-algorithm",0
"Method:src/app/cli.h:CliParameters.labAgentHelpDescription#0","comm_84","MEMBER_OF",1,"leiden-algorithm",0
"Method:src/app/cli.h:CliParameters.labHelpDescription#0","comm_84","MEMBER_OF",1,"leiden-algorithm",0
"Method:src/app/cli.h:CliParameters.commanderHelpDescription#0","comm_85","MEMBER_OF",1,"leiden-algorithm",0
"Method:src/app/cli.h:CliParameters.formatParserError#2","comm_84","MEMBER_OF",1,"leiden-algorithm",0
"Method:src/app/cli.h:CliParameters.parse#2","comm_84","MEMBER_OF",1,"leiden-algorithm",0
"Method:src/app/cli.h:CliParameters.parseDataBits#1","comm_85","MEMBER_OF",1,"leiden-algorithm",0
"Method:src/app/cli.h:CliParameters.parseParity#1","comm_85","MEMBER_OF",1,"leiden-algorithm",0
"Method:src/app/cli.h:CliParameters.parseStopBits#1","comm_85","MEMBER_OF",1,"leiden-algorithm",0
"Method:src/app/cli.h:CliParameters.parseFlowControl#1","comm_85","MEMBER_OF",1,"leiden-algorithm",0
"Method:src/app/cli.h:CliParameters.validateExclusiveBooleanOptions#4","comm_86","MEMBER_OF",1,"leiden-algorithm",0
"Method:src/app/cli.h:CliParameters.parseOptionalBoolean#3","comm_85","MEMBER_OF",1,"leiden-algorithm",0
"Method:src/app/cli.h:CliParameters.loadJsonObjectFile#2","comm_85","MEMBER_OF",1,"leiden-algorithm",0
"Method:src/app/cli.h:CliParameters.parseScenarioArguments#1","comm_84","MEMBER_OF",1,"leiden-algorithm",0
"Method:src/app/cli.h:CliParameters.parseListenValue#4","comm_84","MEMBER_OF",1,"leiden-algorithm",0
"Method:src/app/cli.h:CliParameters.parseLabControllerArguments#1","comm_84","MEMBER_OF",1,"leiden-algorithm",0
"Method:src/app/cli.h:CliParameters.parseLabAgentArguments#1","comm_84","MEMBER_OF",1,"leiden-algorithm",0
"Method:src/app/cli.h:CliParameters.parseLabArguments#1","comm_84","MEMBER_OF",1,"leiden-algorithm",0
"Method:src/app/cli.h:CliParameters.parseCommanderArguments#1","comm_85","MEMBER_OF",1,"leiden-algorithm",0
"Method:src/versioncheck/src/versionchecker.cpp:startCheck#0","comm_79","MEMBER_OF",1,"leiden-algorithm",0
"Method:src/versioncheck/src/versionchecker.cpp:downloadFinished#1","comm_87","MEMBER_OF",1,"leiden-algorithm",0
"Method:src/versioncheck/src/versionchecker.cpp:checkVersionData#1","comm_87","MEMBER_OF",1,"leiden-algorithm",0
"Method:src/versioncheck/include/versionchecker.h:VersionCheckerConfig.nextDeadline#0","comm_79","MEMBER_OF",1,"leiden-algorithm",0
"Method:src/versioncheck/include/versionchecker.h:VersionCheckerConfig.setNextDeadline#1","comm_87","MEMBER_OF",1,"leiden-algorithm",0
"Method:src/versioncheck/include/versionchecker.h:VersionChecker.startCheck#0","comm_44","MEMBER_OF",1,"leiden-algorithm",0
"Method:src/utils/include/perfcounter.h:PerfCounter.addEvent#0","comm_92","MEMBER_OF",1,"leiden-algorithm",0
"Method:src/utils/include/perfcounter.h:PerfCounter.readAndReset#0","comm_92","MEMBER_OF",1,"leiden-algorithm",0
"Method:src/utils/include/crc32.h:Crc32.calculate#1","comm_98","MEMBER_OF",1,"leiden-algorithm",0
"Method:src/utils/include/atomicflag.h:AtomicFlag.set#0","comm_104","MEMBER_OF",1,"leiden-algorithm",0
"Method:src/ui/src/viewtools.cpp:move#1","comm_105","MEMBER_OF",1,"leiden-algorithm",0
"Method:src/ui/src/viewtools.cpp:timerEvent#1","comm_105","MEMBER_OF",1,"leiden-algorithm",0
"Method:src/ui/src/viewtools.cpp:decreasePosition#0","comm_105","MEMBER_OF",1,"leiden-algorithm",0
"Method:src/ui/src/tabnamemapping.cpp:setTabName#2","comm_60","MEMBER_OF",1,"leiden-algorithm",0
"Method:src/ui/src/tabbedscratchpad.cpp:hasContent#0","comm_107","MEMBER_OF",1,"leiden-algorithm",0
"Method:src/ui/src/tabbedscratchpad.cpp:addTab#0","comm_108","MEMBER_OF",1,"leiden-algorithm",0
"Method:src/ui/src/tabbedscratchpad.cpp:addData#1","comm_109","MEMBER_OF",1,"leiden-algorithm",0
"Method:src/ui/src/tabbedscratchpad.cpp:replaceData#1","comm_110","MEMBER_OF",1,"leiden-algorithm",0
"Method:src/ui/src/tabbedcrawlerwidget.cpp:TabbedCrawlerWidget#0","comm_111","MEMBER_OF",1,"leiden-algorithm",0
"Method:src/ui/src/tabbedcrawlerwidget.cpp:loadIcons#0","comm_112","MEMBER_OF",1,"leiden-algorithm",0
"Method:src/ui/src/tabbedcrawlerwidget.cpp:changeEvent#1","comm_112","MEMBER_OF",1,"leiden-algorithm",0
"Method:src/ui/src/tabbedcrawlerwidget.cpp:addTabBarItem#2","comm_112","MEMBER_OF",1,"leiden-algorithm",0
"Method:src/ui/src/tabbedcrawlerwidget.cpp:removeCrawler#1","comm_111","MEMBER_OF",1,"leiden-algorithm",0
"Method:src/ui/src/tabbedcrawlerwidget.cpp:setStreamSessionForPath#2","comm_113","MEMBER_OF",1,"leiden-algorithm",0
"Method:src/ui/src/tabbedcrawlerwidget.cpp:clearStreamSessionForPath#1","comm_113","MEMBER_OF",1,"leiden-algorithm",0
"Method:src/ui/src/tabbedcrawlerwidget.cpp:remapStreamSessionPath#2","comm_113","MEMBER_OF",1,"leiden-algorithm",0
"Method:src/ui/src/tabbedcrawlerwidget.cpp:tabPathAt#1","comm_112","MEMBER_OF",1,"leiden-algorithm",0
"Method:src/ui/src/tabbedcrawlerwidget.cpp:tabIdAt#1","comm_112","MEMBER_OF",1,"leiden-algorithm",0
"Method:src/ui/src/tabbedcrawlerwidget.cpp:streamSessionForTab#1","comm_112","MEMBER_OF",1,"leiden-algorithm",0
"Method:src/ui/src/tabbedcrawlerwidget.cpp:streamSessionForPath#1","comm_60","MEMBER_OF",1,"leiden-algorithm",0
"Method:src/ui/src/tabbedcrawlerwidget.cpp:findTabById#1","comm_112","MEMBER_OF",1,"leiden-algorithm",0
"Method:src/ui/src/tabbedcrawlerwidget.cpp:setTabActionsPort#2","comm_112","MEMBER_OF",1,"leiden-algorithm",0
"Method:src/ui/src/tabbedcrawlerwidget.cpp:setTabScriptActive#2","comm_112","MEMBER_OF",1,"leiden-algorithm",0
"Method:src/ui/src/tabbedcrawlerwidget.cpp:hasOpenStreamSession#0","comm_113","MEMBER_OF",1,"leiden-algorithm",0
"Method:src/ui/src/tabbedcrawlerwidget.cpp:firstOpenStreamSession#0","comm_113","MEMBER_OF",1,"leiden-algorithm",0
"Method:src/ui/src/tabbedcrawlerwidget.cpp:showContextMenu#2","comm_112","MEMBER_OF",1,"leiden-algorithm",0
"Method:src/ui/src/tabbedcrawlerwidget.cpp:keyPressEvent#1","comm_114","MEMBER_OF",1,"leiden-algorithm",0
"Method:src/ui/src/tabbedcrawlerwidget.cpp:updateIcon#1","comm_112","MEMBER_OF",1,"leiden-algorithm",0
"Method:src/ui/src/tabbedcrawlerwidget.cpp:setTabDataStatus#2","comm_112","MEMBER_OF",1,"leiden-algorithm",0
"Method:src/ui/src/tabbedcrawlerwidget.cpp:updateTabBarVisibility#0","comm_111","MEMBER_OF",1,"leiden-algorithm",0
"Method:src/ui/src/tabbedcrawlerwidget.cpp:setTabConnectionState#3","comm_112","MEMBER_OF",1,"leiden-algorithm",0
"Method:src/ui/src/tabbedcrawlerwidget.cpp:setTabMetadataValue#3","comm_112","MEMBER_OF",1,"leiden-algorithm",0
"Method:src/ui/src/tabbedcrawlerwidget.cpp:tabMetadataValue#2","comm_112","MEMBER_OF",1,"leiden-algorithm",0
"Method:src/ui/src/tabbedcrawlerwidget.cpp:updateTabPresentation#1","comm_112","MEMBER_OF",1,"leiden-algorithm",0
"Method:src/ui/src/tabbedcrawlerwidget.cpp:setAlwaysShowTabBar#1","comm_111","MEMBER_OF",1,"leiden-algorithm",0
"Method:src/ui/src/streamsourceregistry.cpp:normalizedPortName#1","comm_115","MEMBER_OF",1,"leiden-algorithm",0
"Method:src/ui/src/streamsession.cpp:StreamSession#1","comm_116","MEMBER_OF",1,"leiden-algorithm",0
"Method:src/ui/src/streamsession.cpp:start#0","comm_117","MEMBER_OF",1,"leiden-algorithm",0
"Method:src/ui/src/streamsession.cpp:stop#1","comm_116","MEMBER_OF",1,"leiden-algorithm",0
"Method:src/ui/src/streamsession.cpp:closeConnection#0","comm_116","MEMBER_OF",1,"leiden-algorithm",0
"Method:src/ui/src/streamsession.cpp:setupWorker#0","comm_117","MEMBER_OF",1,"leiden-algorithm",0
"Method:src/ui/src/streamsession.cpp:setConnectionClosed#0","comm_116","MEMBER_OF",1,"leiden-algorithm",0
"Method:src/ui/src/streamsession.cpp:handleDataReceived#1","comm_118","MEMBER_OF",1,"leiden-algorithm",0
"Method:src/ui/src/streamsession.cpp:responseCounter#1","comm_119","MEMBER_OF",1,"leiden-algorithm",0
"Method:src/ui/src/streamsession.cpp:responseCounters#0","comm_119","MEMBER_OF",1,"leiden-algorithm",0
"Method:src/ui/src/streamsession.cpp:handleIncomingLine#1","comm_118","MEMBER_OF",1,"leiden-algorithm",0
"Method:src/ui/src/signalmux.cpp:connect#3","comm_123","MEMBER_OF",1,"leiden-algorithm",0
"Method:src/ui/src/signalmux.cpp:disconnect#3","comm_123","MEMBER_OF",1,"leiden-algorithm",0
"Method:src/ui/src/signalmux.cpp:setCurrentDocument#1","comm_123","MEMBER_OF",1,"leiden-algorithm",0
"Method:src/ui/src/signalmux.cpp:connect#1","comm_123","MEMBER_OF",1,"leiden-algorithm",0
"Method:src/ui/src/signalmux.cpp:disconnect#1","comm_123","MEMBER_OF",1,"leiden-algorithm",0
"Method:src/ui/src/session.cpp:Session#0","comm_79","MEMBER_OF",1,"leiden-algorithm",0
"Method:src/ui/src/session.cpp:getViewIfOpen#1","comm_60","MEMBER_OF",1,"leiden-algorithm",0
"Method:src/ui/src/session.cpp:open#2","comm_130","MEMBER_OF",1,"leiden-algorithm",0
"Method:src/ui/src/session.cpp:close#1","comm_69","MEMBER_OF",1,"leiden-algorithm",0
"Method:src/ui/src/session.cpp:getFilename#1","comm_131","MEMBER_OF",1,"leiden-algorithm",0
"Method:src/ui/src/session.cpp:getFileInfo#4","comm_131","MEMBER_OF",1,"leiden-algorithm",0
"Method:src/ui/src/session.cpp:openAlways#3","comm_130","MEMBER_OF",1,"leiden-algorithm",0
"Method:src/ui/src/session.cpp:findOpenFileFromView#1","comm_131","MEMBER_OF",1,"leiden-algorithm",0
"Method:src/ui/src/session.cpp:windowSessions#0","comm_79","MEMBER_OF",1,"leiden-algorithm",0
"Method:src/ui/src/session.cpp:save#2","comm_132","MEMBER_OF",1,"leiden-algorithm",0
"Method:src/ui/src/session.cpp:restore#2","comm_130","MEMBER_OF",1,"leiden-algorithm",0
"Method:src/ui/src/session.cpp:WindowSession#3","comm_132","MEMBER_OF",1,"leiden-algorithm",0
"Method:src/ui/src/session.cpp:restoreGeometry#1","comm_132","MEMBER_OF",1,"leiden-algorithm",0
"Method:src/ui/src/serialcaptureworker.cpp:stop#0","comm_133","MEMBER_OF",1,"leiden-algorithm",0
"Method:src/ui/src/serialcaptureworker.cpp:sendData#1","comm_133","MEMBER_OF",1,"leiden-algorithm",0
"Method:src/ui/src/serialcaptureworker.cpp:appendToFile#1","comm_133","MEMBER_OF",1,"leiden-algorithm",0
"Method:src/ui/src/serialcaptureworker.cpp:onReadyRead#0","comm_133","MEMBER_OF",1,"leiden-algorithm",0
"Method:src/ui/src/serialcaptureworker.cpp:onError#1","comm_133","MEMBER_OF",1,"leiden-algorithm",0
"Method:src/ui/src/selection.cpp:selectRange#2","comm_135","MEMBER_OF",1,"leiden-algorithm",0
"Method:src/ui/src/selection.cpp:selectRangeFromPrevious#1","comm_135","MEMBER_OF",1,"leiden-algorithm",0
"Method:src/ui/src/selection.cpp:getPortionForLine#1","comm_136","MEMBER_OF",1,"leiden-algorithm",0
"Method:src/ui/src/selection.cpp:isLineSelected#1","comm_136","MEMBER_OF",1,"leiden-algorithm",0
"Method:src/ui/src/selection.cpp:isPortionSelected#3","comm_136","MEMBER_OF",1,"leiden-algorithm",0
"Method:src/ui/src/selection.cpp:getLines#0","comm_60","MEMBER_OF",1,"leiden-algorithm",0
"Method:src/ui/src/selection.cpp:getSelectedText#2","comm_137","MEMBER_OF",1,"leiden-algorithm",0
"Method:src/ui/src/selection.cpp:getSelectionWithLineNumbers#1","comm_137","MEMBER_OF",1,"leiden-algorithm",0
"Method:src/ui/src/selection.cpp:getNextPosition#0","comm_86","MEMBER_OF",1,"leiden-algorithm",0
"Method:src/ui/src/selection.cpp:getPreviousPosition#0","comm_86","MEMBER_OF",1,"leiden-algorithm",0
"Method:src/ui/src/scriptsupervisor.cpp:runScript#1","comm_138","MEMBER_OF",1,"leiden-algorithm",0
"Method:src/ui/src/scriptsupervisor.cpp:runGlobalScript#1","comm_139","MEMBER_OF",1,"leiden-algorithm",0
"Method:src/ui/src/scriptsupervisor.cpp:stopScript#1","comm_139","MEMBER_OF",1,"leiden-algorithm",0
"Method:src/ui/src/scriptsupervisor.cpp:stopGlobalScript#0","comm_139","MEMBER_OF",1,"leiden-algorithm",0
"Method:src/ui/src/scriptsupervisor.cpp:scriptStatus#1","comm_139","MEMBER_OF",1,"leiden-algorithm",0
"Method:src/ui/src/scriptsupervisor.cpp:globalScriptStatus#0","comm_139","MEMBER_OF",1,"leiden-algorithm",0
"Method:src/ui/src/scriptsupervisor.cpp:scriptSubscriptions#1","comm_139","MEMBER_OF",1,"leiden-algorithm",0
"Method:src/ui/src/scriptsupervisor.cpp:globalScriptSubscriptions#0","comm_139","MEMBER_OF",1,"leiden-algorithm",0
"Method:src/ui/src/scriptsupervisor.cpp:clearScriptSubscriptions#1","comm_139","MEMBER_OF",1,"leiden-algorithm",0
"Method:src/ui/src/scriptsupervisor.cpp:clearGlobalScriptSubscriptions#0","comm_139","MEMBER_OF",1,"leiden-algorithm",0
"Method:src/ui/src/scriptsupervisor.cpp:publishEvent#1","comm_140","MEMBER_OF",1,"leiden-algorithm",0
"Method:src/ui/src/scriptsupervisor.cpp:hasActiveScripts#0","comm_139","MEMBER_OF",1,"leiden-algorithm",0
"Method:src/ui/src/scriptsupervisor.cpp:hasActiveScriptForTab#1","comm_139","MEMBER_OF",1,"leiden-algorithm",0
"Method:src/ui/src/scriptsupervisor.cpp:scriptStatusForTab#1","comm_141","MEMBER_OF",1,"leiden-algorithm",0
"Method:src/ui/src/scriptsupervisor.cpp:scriptBindingForTab#1","comm_138","MEMBER_OF",1,"leiden-algorithm",0
"Method:src/ui/src/scriptsupervisor.cpp:globalScriptStatusPayload#0","comm_141","MEMBER_OF",1,"leiden-algorithm",0
"Method:src/ui/src/scriptsupervisor.cpp:globalScriptBinding#0","comm_139","MEMBER_OF",1,"leiden-algorithm",0
"Method:src/ui/src/scriptsupervisor.cpp:restoreScriptBinding#1","comm_138","MEMBER_OF",1,"leiden-algorithm",0
"Method:src/ui/src/scriptsupervisor.cpp:restoreGlobalScriptBinding#1","comm_138","MEMBER_OF",1,"leiden-algorithm",0
"Method:src/ui/src/scriptsupervisor.cpp:forgetTab#1","comm_138","MEMBER_OF",1,"leiden-algorithm",0
"Method:src/ui/src/scriptsupervisor.cpp:resolvePythonExecutable#0","comm_138","MEMBER_OF",1,"leiden-algorithm",0
"Method:src/ui/src/scriptsupervisor.cpp:runtimeRoot#0","comm_138","MEMBER_OF",1,"leiden-algorithm",0
"Method:src/ui/src/scriptsupervisor.cpp:workerBootstrapPath#0","comm_138","MEMBER_OF",1,"leiden-algorithm",0
"Method:src/ui/src/scriptsupervisor.cpp:findRun#1","comm_138","MEMBER_OF",1,"leiden-algorithm",0
"Method:src/ui/src/scriptsupervisor.cpp:findGlobalRun#0","comm_139","MEMBER_OF",1,"leiden-algorithm",0
"Method:src/ui/src/scriptsupervisor.cpp:findRunForRequest#1","comm_139","MEMBER_OF",1,"leiden-algorithm",0
"Method:src/ui/src/scriptsupervisor.cpp:removeRun#1","comm_138","MEMBER_OF",1,"leiden-algorithm",0
"Method:src/ui/src/scriptsupervisor.cpp:removeGlobalRun#0","comm_138","MEMBER_OF",1,"leiden-algorithm",0
"Method:src/ui/src/scriptsupervisor.cpp:beginListening#2","comm_138","MEMBER_OF",1,"leiden-algorithm",0
"Method:src/ui/src/scriptsupervisor.cpp:resetSocketState#1","comm_138","MEMBER_OF",1,"leiden-algorithm",0
"Method:src/ui/src/scriptsupervisor.cpp:appendOutputChunk#3","comm_138","MEMBER_OF",1,"leiden-algorithm",0
"Method:src/ui/src/scriptsupervisor.cpp:appendOutputLine#2","comm_142","MEMBER_OF",1,"leiden-algorithm",0
"Method:src/ui/src/scriptsupervisor.cpp:setState#2","comm_138","MEMBER_OF",1,"leiden-algorithm",0
"Method:src/ui/src/scriptsupervisor.cpp:statusPayload#1","comm_141","MEMBER_OF",1,"leiden-algorithm",0
"Method:src/ui/src/scriptsupervisor.cpp:subscriptionsPayload#1","comm_139","MEMBER_OF",1,"leiden-algorithm",0
"Method:src/ui/src/scriptsupervisor.cpp:allStatusPayloads#0","comm_141","MEMBER_OF",1,"leiden-algorithm",0
"Method:src/ui/src/scriptsupervisor.cpp:allSubscriptionsPayloads#0","comm_139","MEMBER_OF",1,"leiden-algorithm",0
"Method:src/ui/src/scriptsupervisor.cpp:resolveTargetInfo#3","comm_142","MEMBER_OF",1,"leiden-algorithm",0
"Method:src/ui/src/scriptsupervisor.cpp:resolveTargetInfo#2","comm_142","MEMBER_OF",1,"leiden-algorithm",0
"Method:src/ui/src/scriptsupervisor.cpp:lifecycleTargetInfo#2","comm_142","MEMBER_OF",1,"leiden-algorithm",0
"Method:src/ui/src/scriptsupervisor.cpp:startRunProcess#1","comm_138","MEMBER_OF",1,"leiden-algorithm",0
"Method:src/ui/src/scriptsupervisor.cpp:handleNewConnection#1","comm_138","MEMBER_OF",1,"leiden-algorithm",0
"Method:src/ui/src/scriptsupervisor.cpp:handleProcessStarted#1","comm_138","MEMBER_OF",1,"leiden-algorithm",0
"Method:src/ui/src/scriptsupervisor.cpp:handleProcessFinished#3","comm_138","MEMBER_OF",1,"leiden-algorithm",0
"Method:src/ui/src/scriptsupervisor.cpp:handleProcessError#2","comm_138","MEMBER_OF",1,"leiden-algorithm",0
"Method:src/ui/src/scriptsupervisor.cpp:readProcessStdout#1","comm_138","MEMBER_OF",1,"leiden-algorithm",0
"Method:src/ui/src/scriptsupervisor.cpp:readProcessStderr#1","comm_138","MEMBER_OF",1,"leiden-algorithm",0
"Method:src/ui/src/scriptsupervisor.cpp:readSocketData#1","comm_142","MEMBER_OF",1,"leiden-algorithm",0
"Method:src/ui/src/scriptsupervisor.cpp:handleRpcMessage#2","comm_142","MEMBER_OF",1,"leiden-algorithm",0
"Method:src/ui/src/scriptsupervisor.cpp:sendRpcMessage#2","comm_140","MEMBER_OF",1,"leiden-algorithm",0
"Method:src/ui/src/scriptsupervisor.cpp:rpcResultEnvelope#2","comm_143","MEMBER_OF",1,"leiden-algorithm",0
"Method:src/ui/src/scriptsupervisor.cpp:rpcErrorEnvelope#2","comm_142","MEMBER_OF",1,"leiden-algorithm",0
"Method:src/ui/src/scriptsupervisor.cpp:clearSubscriptionsForTab#1","comm_138","MEMBER_OF",1,"leiden-algorithm",0
"Method:src/ui/src/scriptsupervisor.cpp:eventMatchesSubscription#2","comm_140","MEMBER_OF",1,"leiden-algorithm",0
"Method:src/ui/src/scriptrunnerwindow.cpp:ScriptRunnerWindow#2","comm_144","MEMBER_OF",1,"leiden-algorithm",0
"Method:src/ui/src/scriptrunnerwindow.cpp:runScript#0","comm_75","MEMBER_OF",1,"leiden-algorithm",0
"Method:src/ui/src/scriptrunnerwindow.cpp:runGlobalScript#0","comm_75","MEMBER_OF",1,"leiden-algorithm",0
"Method:src/ui/src/scriptrunnerwindow.cpp:rerunScript#0","comm_75","MEMBER_OF",1,"leiden-algorithm",0
"Method:src/ui/src/scriptrunnerwindow.cpp:rerunGlobalScript#0","comm_75","MEMBER_OF",1,"leiden-algorithm",0
"Method:src/ui/src/scriptrunnerwindow.cpp:stopScript#0","comm_75","MEMBER_OF",1,"leiden-algorithm",0
"Method:src/ui/src/scriptrunnerwindow.cpp:stopGlobalScript#0","comm_75","MEMBER_OF",1,"leiden-algorithm",0
"Method:src/ui/src/scriptrunnerwindow.cpp:refreshFromSupervisor#0","comm_75","MEMBER_OF",1,"leiden-algorithm",0
"Method:src/ui/src/scriptrunnerwindow.cpp:selectedRunChanged#0","comm_75","MEMBER_OF",1,"leiden-algorithm",0
"Method:src/ui/src/scratchpad.cpp:DateTimeBox.displayTime#1","comm_146","MEMBER_OF",1,"leiden-algorithm",0
"Method:src/ui/src/scratchpad.cpp:DateTimeBox.displayTime#0","comm_147","MEMBER_OF",1,"leiden-algorithm",0
"Method:src/ui/src/scratchpad.cpp:ScratchPad#1","comm_146","MEMBER_OF",1,"leiden-algorithm",0
"Method:src/ui/src/scratchpad.cpp:transformText#1","comm_98","MEMBER_OF",1,"leiden-algorithm",0
"Method:src/ui/src/scratchpad.cpp:transformTextInPlace#1","comm_148","MEMBER_OF",1,"leiden-algorithm",0
"Method:src/ui/src/scratchpad.cpp:decodeUrl#0","comm_148","MEMBER_OF",1,"leiden-algorithm",0
"Method:src/ui/src/scratchpad.cpp:decodeBase64#0","comm_146","MEMBER_OF",1,"leiden-algorithm",0
"Method:src/ui/src/scratchpad.cpp:encodeBase64#0","comm_148","MEMBER_OF",1,"leiden-algorithm",0
"Method:src/ui/src/scratchpad.cpp:decodeHex#0","comm_148","MEMBER_OF",1,"leiden-algorithm",0
"Method:src/ui/src/scratchpad.cpp:encodeHex#0","comm_146","MEMBER_OF",1,"leiden-algorithm",0
"Method:src/ui/src/scratchpad.cpp:crc32Hex#0","comm_98","MEMBER_OF",1,"leiden-algorithm",0
"Method:src/ui/src/scratchpad.cpp:crc32Dec#0","comm_98","MEMBER_OF",1,"leiden-algorithm",0
"Method:src/ui/src/scratchpad.cpp:fileTime#0","comm_98","MEMBER_OF",1,"leiden-algorithm",0
"Method:src/ui/src/scratchpad.cpp:decToHex#0","comm_98","MEMBER_OF",1,"leiden-algorithm",0
"Method:src/ui/src/scratchpad.cpp:hexToDec#0","comm_98","MEMBER_OF",1,"leiden-algorithm",0
"Method:src/ui/src/scratchpad.cpp:formatJson#0","comm_146","MEMBER_OF",1,"leiden-algorithm",0
"Method:src/ui/src/scratchpad.cpp:formatXml#0","comm_148","MEMBER_OF",1,"leiden-algorithm",0
"Method:src/ui/src/scenariorunnerwindow.cpp:ScenarioRunnerWindow#2","comm_150","MEMBER_OF",1,"leiden-algorithm",0
"Method:src/ui/src/scenariorunnerwindow.cpp:browseScenarioFile#0","comm_149","MEMBER_OF",1,"leiden-algorithm",0
"Method:src/ui/src/scenariorunnerwindow.cpp:browseScenarioArgsFile#0","comm_149","MEMBER_OF",1,"leiden-algorithm",0
"Method:src/ui/src/scenariorunnerwindow.cpp:browseSuiteFile#0","comm_151","MEMBER_OF",1,"leiden-algorithm",0
"Method:src/ui/src/scenariorunnerwindow.cpp:createSuiteFile#0","comm_149","MEMBER_OF",1,"leiden-algorithm",0
"Method:src/ui/src/scenariorunnerwindow.cpp:runScenario#0","comm_152","MEMBER_OF",1,"leiden-algorithm",0
"Method:src/ui/src/scenariorunnerwindow.cpp:runSuite#0","comm_149","MEMBER_OF",1,"leiden-algorithm",0
"Method:src/ui/src/scenariorunnerwindow.cpp:stopScenarioRun#0","comm_152","MEMBER_OF",1,"leiden-algorithm",0
"Method:src/ui/src/scenariorunnerwindow.cpp:openJsonReport#0","comm_152","MEMBER_OF",1,"leiden-algorithm",0
"Method:src/ui/src/scenariorunnerwindow.cpp:openJunitReport#0","comm_152","MEMBER_OF",1,"leiden-algorithm",0
"Method:src/ui/src/scenariorunnerwindow.cpp:addSuiteScenario#0","comm_149","MEMBER_OF",1,"leiden-algorithm",0
"Method:src/ui/src/scenariorunnerwindow.cpp:removeSuiteScenario#0","comm_151","MEMBER_OF",1,"leiden-algorithm",0
"Method:src/ui/src/scenariorunnerwindow.cpp:browseSelectedScenarioArgs#0","comm_153","MEMBER_OF",1,"leiden-algorithm",0
"Method:src/ui/src/scenariorunnerwindow.cpp:clearSelectedScenarioArgs#0","comm_153","MEMBER_OF",1,"leiden-algorithm",0
"Method:src/ui/src/scenariorunnerwindow.cpp:saveSuite#0","comm_149","MEMBER_OF",1,"leiden-algorithm",0
"Method:src/ui/src/scenariorunnerwindow.cpp:deleteSuite#0","comm_149","MEMBER_OF",1,"leiden-algorithm",0
"Method:src/ui/src/scenariorunnerwindow.cpp:suiteSelectionChanged#0","comm_151","MEMBER_OF",1,"leiden-algorithm",0
"Method:src/ui/src/scenariorunnerwindow.cpp:suiteItemChanged#1","comm_153","MEMBER_OF",1,"leiden-algorithm",0
"Method:src/ui/src/scenariorunnerwindow.cpp:refreshFromRunner#0","comm_152","MEMBER_OF",1,"leiden-algorithm",0
"Method:src/ui/src/scenariorunnerwindow.cpp:loadUiState#0","comm_151","MEMBER_OF",1,"leiden-algorithm",0
"Method:src/ui/src/scenariorunnerwindow.cpp:saveUiState#0","comm_149","MEMBER_OF",1,"leiden-algorithm",0
"Method:src/ui/src/scenariorunnerwindow.cpp:pushRecentScenario#1","comm_149","MEMBER_OF",1,"leiden-algorithm",0
"Method:src/ui/src/scenariorunnerwindow.cpp:suiteEntryFromItem#1","comm_153","MEMBER_OF",1,"leiden-algorithm",0
"Method:src/ui/src/scenariorunnerwindow.cpp:updateItemText#1","comm_153","MEMBER_OF",1,"leiden-algorithm",0
"Method:src/ui/src/scenariorunnerwindow.cpp:loadSuiteFile#1","comm_151","MEMBER_OF",1,"leiden-algorithm",0
"Method:src/ui/src/scenariorunnerwindow.cpp:saveSuiteFile#1","comm_149","MEMBER_OF",1,"leiden-algorithm",0
"Method:src/ui/src/scenariorunner.cpp:ScenarioRunner#1","comm_59","MEMBER_OF",1,"leiden-algorithm",0
"Method:src/ui/src/scenariorunner.cpp:runScenario#1","comm_139","MEMBER_OF",1,"leiden-algorithm",0
"Method:src/ui/src/scenariorunner.cpp:runSuite#1","comm_139","MEMBER_OF",1,"leiden-algorithm",0
"Method:src/ui/src/scenariorunner.cpp:stopRun#0","comm_139","MEMBER_OF",1,"leiden-algorithm",0
"Method:src/ui/src/scenariorunner.cpp:status#0","comm_139","MEMBER_OF",1,"leiden-algorithm",0
"Method:src/ui/src/scenariorunner.cpp:report#0","comm_139","MEMBER_OF",1,"leiden-algorithm",0
"Method:src/ui/src/scenariorunner.cpp:statusPayload#0","comm_139","MEMBER_OF",1,"leiden-algorithm",0
"Method:src/ui/src/scenariorunner.cpp:reportPayload#0","comm_139","MEMBER_OF",1,"leiden-algorithm",0
"Method:src/ui/src/scenariorunner.cpp:publishEvent#1","comm_156","MEMBER_OF",1,"leiden-algorithm",0
"Method:src/ui/src/scenariorunner.cpp:resolvePythonExecutable#0","comm_154","MEMBER_OF",1,"leiden-algorithm",0
"Method:src/ui/src/scenariorunner.cpp:runtimeRoot#0","comm_154","MEMBER_OF",1,"leiden-algorithm",0
"Method:src/ui/src/scenariorunner.cpp:scenarioBootstrapPath#0","comm_139","MEMBER_OF",1,"leiden-algorithm",0
"Method:src/ui/src/scenariorunner.cpp:beginListening#1","comm_154","MEMBER_OF",1,"leiden-algorithm",0
"Method:src/ui/src/scenariorunner.cpp:resetSocketState#0","comm_157","MEMBER_OF",1,"leiden-algorithm",0
"Method:src/ui/src/scenariorunner.cpp:startProcess#1","comm_154","MEMBER_OF",1,"leiden-algorithm",0
"Method:src/ui/src/scenariorunner.cpp:handleProcessStarted#0","comm_157","MEMBER_OF",1,"leiden-algorithm",0
"Method:src/ui/src/scenariorunner.cpp:handleProcessFinished#2","comm_157","MEMBER_OF",1,"leiden-algorithm",0
"Method:src/ui/src/scenariorunner.cpp:handleProcessError#1","comm_157","MEMBER_OF",1,"leiden-algorithm",0
"Method:src/ui/src/scenariorunner.cpp:readProcessStdout#0","comm_155","MEMBER_OF",1,"leiden-algorithm",0
"Method:src/ui/src/scenariorunner.cpp:readProcessStderr#0","comm_155","MEMBER_OF",1,"leiden-algorithm",0
"Method:src/ui/src/scenariorunner.cpp:readSocketData#0","comm_155","MEMBER_OF",1,"leiden-algorithm",0
"Method:src/ui/src/scenariorunner.cpp:handleRpcMessage#1","comm_143","MEMBER_OF",1,"leiden-algorithm",0
"Method:src/ui/src/scenariorunner.cpp:sendRpcMessage#1","comm_156","MEMBER_OF",1,"leiden-algorithm",0
"Method:src/ui/src/scenariorunner.cpp:rpcResultEnvelope#2","comm_143","MEMBER_OF",1,"leiden-algorithm",0
"Method:src/ui/src/scenariorunner.cpp:rpcErrorEnvelope#2","comm_143","MEMBER_OF",1,"leiden-algorithm",0
"Method:src/ui/src/scenariorunner.cpp:appendOutputChunk#2","comm_155","MEMBER_OF",1,"leiden-algorithm",0
"Method:src/ui/src/scenariorunner.cpp:appendOutputLine#1","comm_155","MEMBER_OF",1,"leiden-algorithm",0
"Method:src/ui/src/scenariorunner.cpp:setState#1","comm_157","MEMBER_OF",1,"leiden-algorithm",0
"Method:src/ui/src/scenariorunner.cpp:resetRunState#0","comm_139","MEMBER_OF",1,"leiden-algorithm",0
"Method:src/ui/src/scenariorunner.cpp:eventMatchesSubscription#2","comm_156","MEMBER_OF",1,"leiden-algorithm",0
"Method:src/ui/src/scenariorunner.cpp:buildSyntheticReport#0","comm_157","MEMBER_OF",1,"leiden-algorithm",0
"Method:src/ui/src/savedsearches.cpp:addRecent#1","comm_158","MEMBER_OF",1,"leiden-algorithm",0
"Method:src/ui/src/savedsearches.cpp:setHistorySize#1","comm_158","MEMBER_OF",1,"leiden-algorithm",0
"Method:src/ui/src/savedsearches.cpp:clear#0","comm_159","MEMBER_OF",1,"leiden-algorithm",0
"Method:src/ui/src/savedsearches.cpp:trim#0","comm_158","MEMBER_OF",1,"leiden-algorithm",0
"Method:src/ui/src/savedsearches.cpp:retrieveFromStorage#1","comm_159","MEMBER_OF",1,"leiden-algorithm",0
"Method:src/ui/src/responsestablemodel.cpp:data#2","comm_160","MEMBER_OF",1,"leiden-algorithm",0
"Method:src/ui/src/responsestablemodel.cpp:flags#1","comm_161","MEMBER_OF",1,"leiden-algorithm",0
"Method:src/ui/src/responsestablemodel.cpp:setData#3","comm_161","MEMBER_OF",1,"leiden-algorithm",0
"Method:src/ui/src/responsestablemodel.cpp:refresh#0","comm_119","MEMBER_OF",1,"leiden-algorithm",0
"Method:src/ui/src/responsestablemodel.cpp:previewMatch#1","comm_160","MEMBER_OF",1,"leiden-algorithm",0
"Method:src/ui/src/responsestablemodel.cpp:tooltipForResponse#1","comm_160","MEMBER_OF",1,"leiden-algorithm",0
"Method:src/ui/src/responseeditdialog.cpp:ResponseActionStepDialog.ResponseActionStepDialog#2","comm_167","MEMBER_OF",1,"leiden-algorithm",0
"Method:src/ui/src/responseeditdialog.cpp:ResponseActionStepDialog.setStep#1","comm_167","MEMBER_OF",1,"leiden-algorithm",0
"Method:src/ui/src/responseeditdialog.cpp:ResponseActionStepDialog.step#0","comm_165","MEMBER_OF",1,"leiden-algorithm",0
"Method:src/ui/src/responseeditdialog.cpp:ResponseActionStepDialog.reloadActionCombo#1","comm_167","MEMBER_OF",1,"leiden-algorithm",0
"Method:src/ui/src/responseeditdialog.cpp:ResponseActionStepDialog.currentActionId#0","comm_167","MEMBER_OF",1,"leiden-algorithm",0
"Method:src/ui/src/responseeditdialog.cpp:ResponseActionStepDialog.updateState#0","comm_167","MEMBER_OF",1,"leiden-algorithm",0
"Method:src/ui/src/responseeditdialog.cpp:ResponseEditDialog#1","comm_168","MEMBER_OF",1,"leiden-algorithm",0
"Method:src/ui/src/responseeditdialog.cpp:setResponse#2","comm_162","MEMBER_OF",1,"leiden-algorithm",0
"Method:src/ui/src/responseeditdialog.cpp:eventFilter#2","comm_164","MEMBER_OF",1,"leiden-algorithm",0
"Method:src/ui/src/responseeditdialog.cpp:accept#0","comm_162","MEMBER_OF",1,"leiden-algorithm",0
"Method:src/ui/src/responseeditdialog.cpp:populateFromResponse#1","comm_162","MEMBER_OF",1,"leiden-algorithm",0
"Method:src/ui/src/responseeditdialog.cpp:setLiteralEditors#1","comm_162","MEMBER_OF",1,"leiden-algorithm",0
"Method:src/ui/src/responseeditdialog.cpp:syncHexFromString#0","comm_162","MEMBER_OF",1,"leiden-algorithm",0
"Method:src/ui/src/responseeditdialog.cpp:syncStringFromHex#0","comm_163","MEMBER_OF",1,"leiden-algorithm",0
"Method:src/ui/src/responseeditdialog.cpp:updateMatchEditorMode#0","comm_162","MEMBER_OF",1,"leiden-algorithm",0
"Method:src/ui/src/responseeditdialog.cpp:refreshStepTable#0","comm_165","MEMBER_OF",1,"leiden-algorithm",0
"Method:src/ui/src/responseeditdialog.cpp:selectedStepRow#0","comm_165","MEMBER_OF",1,"leiden-algorithm",0
"Method:src/ui/src/responseeditdialog.cpp:addStep#0","comm_165","MEMBER_OF",1,"leiden-algorithm",0
"Method:src/ui/src/responseeditdialog.cpp:editSelectedStep#0","comm_165","MEMBER_OF",1,"leiden-algorithm",0
"Method:src/ui/src/responseeditdialog.cpp:deleteSelectedStep#0","comm_165","MEMBER_OF",1,"leiden-algorithm",0
"Method:src/ui/src/responseeditdialog.cpp:moveSelectedStep#1","comm_165","MEMBER_OF",1,"leiden-algorithm",0
"Method:src/ui/src/recentfiles.cpp:removeRecent#1","comm_169","MEMBER_OF",1,"leiden-algorithm",0
"Method:src/ui/src/recentfiles.cpp:removeAll#0","comm_170","MEMBER_OF",1,"leiden-algorithm",0
"Method:src/ui/src/recentfiles.cpp:addRecent#1","comm_169","MEMBER_OF",1,"leiden-algorithm",0
"Method:src/ui/src/recentfiles.cpp:getNumberItemsToShow#0","comm_101","MEMBER_OF",1,"leiden-algorithm",0
"Method:src/ui/src/recentfiles.cpp:setFilesHistoryMaxItems#1","comm_170","MEMBER_OF",1,"leiden-algorithm",0
"Method:src/ui/src/recentfiles.cpp:retrieveFromStorage#1","comm_170","MEMBER_OF",1,"leiden-algorithm",0
"Method:src/ui/src/quickfindwidget.cpp:QuickFindWidget#1","comm_171","MEMBER_OF",1,"leiden-algorithm",0
"Method:src/ui/src/quickfindwidget.cpp:changeDisplayedPattern#2","comm_172","MEMBER_OF",1,"leiden-algorithm",0
"Method:src/ui/src/quickfindwidget.cpp:notify#1","comm_89","MEMBER_OF",1,"leiden-algorithm",0
"Method:src/ui/src/quickfindwidget.cpp:doSearchForward#0","comm_172","MEMBER_OF",1,"leiden-algorithm",0
"Method:src/ui/src/quickfindwidget.cpp:doSearchBackward#0","comm_172","MEMBER_OF",1,"leiden-algorithm",0
"Method:src/ui/src/quickfindwidget.cpp:returnHandler#0","comm_172","MEMBER_OF",1,"leiden-algorithm",0
"Method:src/ui/src/quickfindwidget.cpp:notificationTimeout#0","comm_171","MEMBER_OF",1,"leiden-algorithm",0
"Method:src/ui/src/quickfindwidget.cpp:textChanged#0","comm_172","MEMBER_OF",1,"leiden-algorithm",0
"Method:src/ui/src/quickfindwidget.cpp:setupToolButton#2","comm_171","MEMBER_OF",1,"leiden-algorithm",0
"Method:src/ui/src/quickfindwidget.cpp:isIgnoreCase#0","comm_172","MEMBER_OF",1,"leiden-algorithm",0
"Method:src/ui/src/quickfindwidget.cpp:isRegexSearch#0","comm_172","MEMBER_OF",1,"leiden-algorithm",0
"Method:src/ui/src/quickfindpattern.cpp:changeSearchPattern#2","comm_172","MEMBER_OF",1,"leiden-algorithm",0
"Method:src/ui/src/quickfindpattern.cpp:matchLine#2","comm_174","MEMBER_OF",1,"leiden-algorithm",0
"Method:src/ui/src/quickfindmux.cpp:QuickFindMux#1","comm_173","MEMBER_OF",1,"leiden-algorithm",0
"Method:src/ui/src/quickfindmux.cpp:registerSelector#1","comm_175","MEMBER_OF",1,"leiden-algorithm",0
"Method:src/ui/src/quickfindmux.cpp:setDirection#1","comm_176","MEMBER_OF",1,"leiden-algorithm",0
"Method:src/ui/src/quickfindmux.cpp:searchNext#0","comm_177","MEMBER_OF",1,"leiden-algorithm",0
"Method:src/ui/src/quickfindmux.cpp:searchPrevious#0","comm_177","MEMBER_OF",1,"leiden-algorithm",0
"Method:src/ui/src/quickfindmux.cpp:searchForward#0","comm_177","MEMBER_OF",1,"leiden-algorithm",0
"Method:src/ui/src/quickfindmux.cpp:searchBackward#0","comm_177","MEMBER_OF",1,"leiden-algorithm",0
"Method:src/ui/src/quickfindmux.cpp:setNewPattern#3","comm_178","MEMBER_OF",1,"leiden-algorithm",0
"Method:src/ui/src/quickfindmux.cpp:confirmPattern#3","comm_178","MEMBER_OF",1,"leiden-algorithm",0
"Method:src/ui/src/quickfindmux.cpp:cancelSearch#0","comm_178","MEMBER_OF",1,"leiden-algorithm",0
"Method:src/ui/src/quickfindmux.cpp:changeQuickFind#2","comm_176","MEMBER_OF",1,"leiden-algorithm",0
"Method:src/ui/src/quickfindmux.cpp:notifyPatternChanged#0","comm_173","MEMBER_OF",1,"leiden-algorithm",0
"Method:src/ui/src/quickfindmux.cpp:getSearchableWidget#0","comm_178","MEMBER_OF",1,"leiden-algorithm",0
"Method:src/ui/src/quickfindmux.cpp:registerSearchable#1","comm_177","MEMBER_OF",1,"leiden-algorithm",0
"Method:src/ui/src/quickfindmux.cpp:unregisterAllSearchables#0","comm_175","MEMBER_OF",1,"leiden-algorithm",0
"Method:src/ui/src/quickfind.cpp:reset#0","comm_179","MEMBER_OF",1,"leiden-algorithm",0
"Method:src/ui/src/quickfind.cpp:sendNotification#3","comm_96","MEMBER_OF",1,"leiden-algorithm",0
"Method:src/ui/src/quickfind.cpp:incrementalSearchStop#0","comm_180","MEMBER_OF",1,"leiden-algorithm",0
"Method:src/ui/src/quickfind.cpp:incrementalSearchAbort#0","comm_180","MEMBER_OF",1,"leiden-algorithm",0
"Method:src/ui/src/quickfind.cpp:onSearchFutureReady#0","comm_136","MEMBER_OF",1,"leiden-algorithm",0
"Method:src/ui/src/quickfind.cpp:incrementallySearchForward#2","comm_181","MEMBER_OF",1,"leiden-algorithm",0
"Method:src/ui/src/quickfind.cpp:incrementallySearchBackward#2","comm_182","MEMBER_OF",1,"leiden-algorithm",0
"Method:src/ui/src/quickfind.cpp:searchForward#2","comm_180","MEMBER_OF",1,"leiden-algorithm",0
"Method:src/ui/src/quickfind.cpp:searchBackward#2","comm_180","MEMBER_OF",1,"leiden-algorithm",0
"Method:src/ui/src/quickfind.cpp:doSearchForward#2","comm_183","MEMBER_OF",1,"leiden-algorithm",0
"Method:src/ui/src/quickfind.cpp:doSearchForward#3","comm_181","MEMBER_OF",1,"leiden-algorithm",0
"Method:src/ui/src/quickfind.cpp:doSearchBackward#2","comm_179","MEMBER_OF",1,"leiden-algorithm",0
"Method:src/ui/src/quickfind.cpp:doSearchBackward#3","comm_182","MEMBER_OF",1,"leiden-algorithm",0
"Method:src/ui/src/quickfind.cpp:resetLimits#0","comm_179","MEMBER_OF",1,"leiden-algorithm",0
"Method:src/ui/src/quickfind.cpp:sendNotification#1","comm_183","MEMBER_OF",1,"leiden-algorithm",0
"Method:src/ui/src/previewwindow.cpp:PreviewWindow#1","comm_184","MEMBER_OF",1,"leiden-algorithm",0
"Method:src/ui/src/previewwindow.cpp:openMessageTab#2","comm_185","MEMBER_OF",1,"leiden-algorithm",0
"Method:src/ui/src/previewwindow.cpp:refreshTabs#0","comm_186","MEMBER_OF",1,"leiden-algorithm",0
"Method:src/ui/src/previewstablemodel.cpp:data#2","comm_161","MEMBER_OF",1,"leiden-algorithm",0
"Method:src/ui/src/previewstablemodel.cpp:flags#1","comm_161","MEMBER_OF",1,"leiden-algorithm",0
"Method:src/ui/src/previewstablemodel.cpp:setData#3","comm_161","MEMBER_OF",1,"leiden-algorithm",0
"Method:src/ui/src/previewrepository.cpp:load#0","comm_188","MEMBER_OF",1,"leiden-algorithm",0
"Method:src/ui/src/previewrepository.cpp:save#2","comm_187","MEMBER_OF",1,"leiden-algorithm",0
"Method:src/ui/src/previewrepository.cpp:storagePath#0","comm_188","MEMBER_OF",1,"leiden-algorithm",0
"Method:src/ui/src/previewmessagetab.cpp:PreviewMessageTab#4","comm_193","MEMBER_OF",1,"leiden-algorithm",0
"Method:src/ui/src/previewmessagetab.cpp:buildUi#0","comm_193","MEMBER_OF",1,"leiden-algorithm",0
"Method:src/ui/src/previewmessagetab.cpp:updateRawLineHeight#0","comm_193","MEMBER_OF",1,"leiden-algorithm",0
"Method:src/ui/src/previewmessagetab.cpp:refreshPreviewList#0","comm_194","MEMBER_OF",1,"leiden-algorithm",0
"Method:src/ui/src/previewmessagetab.cpp:handlePreviewSelectionChanged#1","comm_194","MEMBER_OF",1,"leiden-algorithm",0
"Method:src/ui/src/previewmessagetab.cpp:applyAutoDetection#0","comm_194","MEMBER_OF",1,"leiden-algorithm",0
"Method:src/ui/src/previewmessagetab.cpp:renderPreview#1","comm_189","MEMBER_OF",1,"leiden-algorithm",0
"Method:src/ui/src/previewmessagetab.cpp:showMessage#1","comm_194","MEMBER_OF",1,"leiden-algorithm",0
"Method:src/ui/src/previewmessagetab.cpp:updateTitle#1","comm_194","MEMBER_OF",1,"leiden-algorithm",0
"Method:src/ui/src/previewmessagetab.cpp:makeSnippet#0","comm_194","MEMBER_OF",1,"leiden-algorithm",0
"Method:src/ui/src/previewmanager.cpp:importFromFile#1","comm_188","MEMBER_OF",1,"leiden-algorithm",0
"Method:src/ui/src/previewmanager.cpp:removeByName#1","comm_60","MEMBER_OF",1,"leiden-algorithm",0
"Method:src/ui/src/previewmanager.cpp:findByName#1","comm_60","MEMBER_OF",1,"leiden-algorithm",0
"Method:src/ui/src/previewmanager.cpp:findBlock#1","comm_60","MEMBER_OF",1,"leiden-algorithm",0
"Method:src/ui/src/previewmanager.cpp:setEnabled#2","comm_60","MEMBER_OF",1,"leiden-algorithm",0
"Method:src/ui/src/previewconfigparser.cpp:parseFile#1","comm_197","MEMBER_OF",1,"leiden-algorithm",0
"Method:src/ui/src/previewconfigparser.cpp:parseJson#1","comm_197","MEMBER_OF",1,"leiden-algorithm",0
"Method:src/ui/src/predefinedfiltersdialog.cpp:CenteredCheckbox.CenteredCheckbox#1","comm_200","MEMBER_OF",1,"leiden-algorithm",0
"Method:src/ui/src/predefinedfiltersdialog.cpp:CenteredCheckbox.isChecked#0","comm_34","MEMBER_OF",1,"leiden-algorithm",0
"Method:src/ui/src/predefinedfiltersdialog.cpp:CenteredCheckbox.setChecked#1","comm_201","MEMBER_OF",1,"leiden-algorithm",0
"Method:src/ui/src/predefinedfiltersdialog.cpp:PredefinedFiltersDialog#1","comm_199","MEMBER_OF",1,"leiden-algorithm",0
"Method:src/ui/src/predefinedfiltersdialog.cpp:updateButtons#0","comm_199","MEMBER_OF",1,"leiden-algorithm",0
"Method:src/ui/src/predefinedfiltersdialog.cpp:onCurrentCellChanged#4","comm_199","MEMBER_OF",1,"leiden-algorithm",0
"Method:src/ui/src/predefinedfiltersdialog.cpp:updateUpDownButtons#1","comm_199","MEMBER_OF",1,"leiden-algorithm",0
"Method:src/ui/src/predefinedfiltersdialog.cpp:populateFiltersTable#1","comm_199","MEMBER_OF",1,"leiden-algorithm",0
"Method:src/ui/src/predefinedfiltersdialog.cpp:saveSettings#0","comm_202","MEMBER_OF",1,"leiden-algorithm",0
"Method:src/ui/src/predefinedfiltersdialog.cpp:readFiltersTable#0","comm_202","MEMBER_OF",1,"leiden-algorithm",0
"Method:src/ui/src/predefinedfiltersdialog.cpp:addFilter#0","comm_199","MEMBER_OF",1,"leiden-algorithm",0
"Method:src/ui/src/predefinedfiltersdialog.cpp:addFilterRow#1","comm_199","MEMBER_OF",1,"leiden-algorithm",0
"Method:src/ui/src/predefinedfiltersdialog.cpp:removeFilter#0","comm_199","MEMBER_OF",1,"leiden-algorithm",0
"Method:src/ui/src/predefinedfiltersdialog.cpp:moveFilterUp#0","comm_34","MEMBER_OF",1,"leiden-algorithm",0
"Method:src/ui/src/predefinedfiltersdialog.cpp:moveFilterDown#0","comm_34","MEMBER_OF",1,"leiden-algorithm",0
"Method:src/ui/src/predefinedfiltersdialog.cpp:swapFilters#3","comm_34","MEMBER_OF",1,"leiden-algorithm",0
"Method:src/ui/src/predefinedfiltersdialog.cpp:importFilters#0","comm_203","MEMBER_OF",1,"leiden-algorithm",0
"Method:src/ui/src/predefinedfiltersdialog.cpp:exportFilters#0","comm_202","MEMBER_OF",1,"leiden-algorithm",0
"Method:src/ui/src/predefinedfiltersdialog.cpp:resolveStandardButton#1","comm_202","MEMBER_OF",1,"leiden-algorithm",0
"Method:src/ui/src/predefinedfilterscombobox.cpp:PredefinedFiltersComboBox#1","comm_204","MEMBER_OF",1,"leiden-algorithm",0
"Method:src/ui/src/predefinedfilterscombobox.cpp:populatePredefinedFilters#0","comm_204","MEMBER_OF",1,"leiden-algorithm",0
"Method:src/ui/src/predefinedfilterscombobox.cpp:selectedFilterIndexes#0","comm_62","MEMBER_OF",1,"leiden-algorithm",0
"Method:src/ui/src/predefinedfilterscombobox.cpp:commanderFilters#0","comm_62","MEMBER_OF",1,"leiden-algorithm",0
"Method:src/ui/src/predefinedfilterscombobox.cpp:showPopup#0","comm_62","MEMBER_OF",1,"leiden-algorithm",0
"Method:src/ui/src/predefinedfilterscombobox.cpp:setTitle#1","comm_204","MEMBER_OF",1,"leiden-algorithm",0
"Method:src/ui/src/predefinedfilterscombobox.cpp:insertFilters#1","comm_204","MEMBER_OF",1,"leiden-algorithm",0
"Method:src/ui/src/predefinedfilterscombobox.cpp:collectFilters#0","comm_204","MEMBER_OF",1,"leiden-algorithm",0
"Method:src/ui/src/predefinedfilters.cpp:retrieveFromStorage#1","comm_205","MEMBER_OF",1,"leiden-algorithm",0
"Method:src/ui/src/predefinedfilters.cpp:saveToStorage#1","comm_206","MEMBER_OF",1,"leiden-algorithm",0
"Method:src/ui/src/predefinedfilters.cpp:getFilters#0","comm_79","MEMBER_OF",1,"leiden-algorithm",0
"Method:src/ui/src/predefinedfilters.cpp:getSyncedFilters#0","comm_79","MEMBER_OF",1,"leiden-algorithm",0
"Method:src/ui/src/predefinedfilters.cpp:setFilters#1","comm_205","MEMBER_OF",1,"leiden-algorithm",0
"Method:src/ui/src/pathline.cpp:setPath#1","comm_65","MEMBER_OF",1,"leiden-algorithm",0
"Method:src/ui/src/pathline.cpp:contextMenuEvent#1","comm_94","MEMBER_OF",1,"leiden-algorithm",0
"Method:src/ui/src/overviewwidget.cpp:paintEvent#1","comm_207","MEMBER_OF",1,"leiden-algorithm",0
"Method:src/ui/src/overviewwidget.cpp:mousePressEvent#1","comm_208","MEMBER_OF",1,"leiden-algorithm",0
"Method:src/ui/src/overviewwidget.cpp:mouseMoveEvent#1","comm_208","MEMBER_OF",1,"leiden-algorithm",0
"Method:src/ui/src/overviewwidget.cpp:handleMousePress#1","comm_208","MEMBER_OF",1,"leiden-algorithm",0
"Method:src/ui/src/overviewwidget.cpp:timerEvent#1","comm_209","MEMBER_OF",1,"leiden-algorithm",0
"Method:src/ui/src/overview.cpp:updateView#1","comm_210","MEMBER_OF",1,"leiden-algorithm",0
"Method:src/ui/src/overview.cpp:yFromFileLine#1","comm_210","MEMBER_OF",1,"leiden-algorithm",0
"Method:src/ui/src/overview.cpp:recalculatesLines#0","comm_210","MEMBER_OF",1,"leiden-algorithm",0
"Method:src/ui/src/optionsdialog.cpp:OptionsDialog#1","comm_211","MEMBER_OF",1,"leiden-algorithm",0
"Method:src/ui/src/optionsdialog.cpp:setupTabs#0","comm_212","MEMBER_OF",1,"leiden-algorithm",0
"Method:src/ui/src/optionsdialog.cpp:setupFontList#0","comm_211","MEMBER_OF",1,"leiden-algorithm",0
"Method:src/ui/src/optionsdialog.cpp:setupRegexp#0","comm_211","MEMBER_OF",1,"leiden-algorithm",0
"Method:src/ui/src/optionsdialog.cpp:setupStyles#0","comm_213","MEMBER_OF",1,"leiden-algorithm",0
"Method:src/ui/src/optionsdialog.cpp:setupEncodings#0","comm_214","MEMBER_OF",1,"leiden-algorithm",0
"Method:src/ui/src/optionsdialog.cpp:setupLanguageList#0","comm_211","MEMBER_OF",1,"leiden-algorithm",0
"Method:src/ui/src/optionsdialog.cpp:setupComDefaults#0","comm_215","MEMBER_OF",1,"leiden-algorithm",0
"Method:src/ui/src/optionsdialog.cpp:browseComLogPath#0","comm_129","MEMBER_OF",1,"leiden-algorithm",0
"Method:src/ui/src/optionsdialog.cpp:setupPolling#0","comm_211","MEMBER_OF",1,"leiden-algorithm",0
"Method:src/ui/src/optionsdialog.cpp:setupSearchResultsCache#0","comm_211","MEMBER_OF",1,"leiden-algorithm",0
"Method:src/ui/src/optionsdialog.cpp:setupLogging#0","comm_211","MEMBER_OF",1,"leiden-algorithm",0
"Method:src/ui/src/optionsdialog.cpp:setupArchives#0","comm_211","MEMBER_OF",1,"leiden-algorithm",0
"Method:src/ui/src/optionsdialog.cpp:getRegexpTypeIndex#1","comm_174","MEMBER_OF",1,"leiden-algorithm",0
"Method:src/ui/src/optionsdialog.cpp:getRegexpTypeFromIndex#1","comm_216","MEMBER_OF",1,"leiden-algorithm",0
"Method:src/ui/src/optionsdialog.cpp:getRegexpEngineIndex#1","comm_174","MEMBER_OF",1,"leiden-algorithm",0
"Method:src/ui/src/optionsdialog.cpp:getRegexpEngineFromIndex#1","comm_216","MEMBER_OF",1,"leiden-algorithm",0
"Method:src/ui/src/optionsdialog.cpp:updateDialogFromConfig#0","comm_174","MEMBER_OF",1,"leiden-algorithm",0
"Method:src/ui/src/optionsdialog.cpp:updateFontSize#1","comm_217","MEMBER_OF",1,"leiden-algorithm",0
"Method:src/ui/src/optionsdialog.cpp:changeMainColor#0","comm_218","MEMBER_OF",1,"leiden-algorithm",0
"Method:src/ui/src/optionsdialog.cpp:changeQfColor#0","comm_218","MEMBER_OF",1,"leiden-algorithm",0
"Method:src/ui/src/optionsdialog.cpp:checkShortcutsOnDuplicate#0","comm_219","MEMBER_OF",1,"leiden-algorithm",0
"Method:src/ui/src/optionsdialog.cpp:updateTranslate#0","comm_44","MEMBER_OF",1,"leiden-algorithm",0
"Method:src/ui/src/optionsdialog.cpp:updateConfigFromDialog#0","comm_216","MEMBER_OF",1,"leiden-algorithm",0
"Method:src/ui/src/optionsdialog.cpp:onButtonBoxClicked#1","comm_216","MEMBER_OF",1,"leiden-algorithm",0
"Method:src/ui/src/optionsdialog.cpp:KeySequencePresenter#1","comm_200","MEMBER_OF",1,"leiden-algorithm",0
"Method:src/ui/src/optionsdialog.cpp:keySequence#0","comm_219","MEMBER_OF",1,"leiden-algorithm",0
"Method:src/ui/src/optionsdialog.cpp:showEditor#0","comm_200","MEMBER_OF",1,"leiden-algorithm",0
"Method:src/ui/src/optionsdialog.cpp:buildShortcutsTable#1","comm_219","MEMBER_OF",1,"leiden-algorithm",0
"Method:src/ui/src/opencomportdialog.cpp:OpenComPortDialog#1","comm_215","MEMBER_OF",1,"leiden-algorithm",0
"Method:src/ui/src/opencomportdialog.cpp:settings#0","comm_34","MEMBER_OF",1,"leiden-algorithm",0
"Method:src/ui/src/opencomportdialog.cpp:updateSuggestedFileName#0","comm_220","MEMBER_OF",1,"leiden-algorithm",0
"Method:src/ui/src/opencomportdialog.cpp:browseForFile#0","comm_220","MEMBER_OF",1,"leiden-algorithm",0
"Method:src/ui/src/opencomportdialog.cpp:validateInputs#0","comm_220","MEMBER_OF",1,"leiden-algorithm",0
"Method:src/ui/src/opencomportdialog.cpp:populatePorts#0","comm_215","MEMBER_OF",1,"leiden-algorithm",0
"Method:src/ui/src/opencomportdialog.cpp:suggestedFileName#0","comm_220","MEMBER_OF",1,"leiden-algorithm",0
"Method:src/ui/src/opencomportdialog.cpp:isPortItemEnabled#1","comm_220","MEMBER_OF",1,"leiden-algorithm",0
"Method:src/ui/src/menu.cpp:timerEvent#1","comm_221","MEMBER_OF",1,"leiden-algorithm",0
"Method:src/ui/src/menu.cpp:showToolTip#1","comm_222","MEMBER_OF",1,"leiden-algorithm",0
"Method:src/ui/src/menu.cpp:mouseMoveEvent#1","comm_223","MEMBER_OF",1,"leiden-algorithm",0
"Method:src/ui/src/menu.cpp:mouseReleaseEvent#1","comm_224","MEMBER_OF",1,"leiden-algorithm",0
"Method:src/ui/src/mainwindow.cpp:MainWindow#1","comm_230","MEMBER_OF",1,"leiden-algorithm",0
"Method:src/ui/src/mainwindow.cpp:reloadSession#0","comm_139","MEMBER_OF",1,"leiden-algorithm",0
"Method:src/ui/src/mainwindow.cpp:isStartupReadyForDisplay#0","comm_228","MEMBER_OF",1,"leiden-algorithm",0
"Method:src/ui/src/mainwindow.cpp:loadInitialFile#2","comm_139","MEMBER_OF",1,"leiden-algorithm",0
"Method:src/ui/src/mainwindow.cpp:executeCommanderRequest#1","comm_139","MEMBER_OF",1,"leiden-algorithm",0
"Method:src/ui/src/mainwindow.cpp:commanderWindowInfo#0","comm_139","MEMBER_OF",1,"leiden-algorithm",0
"Method:src/ui/src/mainwindow.cpp:automationSnapshot#0","comm_139","MEMBER_OF",1,"leiden-algorithm",0
"Method:src/ui/src/mainwindow.cpp:automationTree#0","comm_139","MEMBER_OF",1,"leiden-algorithm",0
"Method:src/ui/src/mainwindow.cpp:automationActions#0","comm_139","MEMBER_OF",1,"leiden-algorithm",0
"Method:src/ui/src/mainwindow.cpp:automationState#0","comm_228","MEMBER_OF",1,"leiden-algorithm",0
"Method:src/ui/src/mainwindow.cpp:automationUiTree#0","comm_139","MEMBER_OF",1,"leiden-algorithm",0
"Method:src/ui/src/mainwindow.cpp:scriptEventContextForFile#1","comm_139","MEMBER_OF",1,"leiden-algorithm",0
"Method:src/ui/src/mainwindow.cpp:publishScriptEvent#1","comm_231","MEMBER_OF",1,"leiden-algorithm",0
"Method:src/ui/src/mainwindow.cpp:publishScriptLifecycleEvent#2","comm_139","MEMBER_OF",1,"leiden-algorithm",0
"Method:src/ui/src/mainwindow.cpp:publishScriptReceiveEvent#2","comm_231","MEMBER_OF",1,"leiden-algorithm",0
"Method:src/ui/src/mainwindow.cpp:publishScriptResponseEvent#6","comm_231","MEMBER_OF",1,"leiden-algorithm",0
"Method:src/ui/src/mainwindow.cpp:publishScriptTxEvent#2","comm_231","MEMBER_OF",1,"leiden-algorithm",0
"Method:src/ui/src/mainwindow.cpp:publishScriptActionSendEvent#5","comm_231","MEMBER_OF",1,"leiden-algorithm",0
"Method:src/ui/src/mainwindow.cpp:refreshScriptStatusIndicators#0","comm_139","MEMBER_OF",1,"leiden-algorithm",0
"Method:src/ui/src/mainwindow.cpp:scriptContextForTab#1","comm_232","MEMBER_OF",1,"leiden-algorithm",0
"Method:src/ui/src/mainwindow.cpp:globalScriptContext#0","comm_232","MEMBER_OF",1,"leiden-algorithm",0
"Method:src/ui/src/mainwindow.cpp:restoreScriptContextForTab#2","comm_139","MEMBER_OF",1,"leiden-algorithm",0
"Method:src/ui/src/mainwindow.cpp:restoreGlobalScriptContext#0","comm_226","MEMBER_OF",1,"leiden-algorithm",0
"Method:src/ui/src/mainwindow.cpp:reTranslateUI#0","comm_225","MEMBER_OF",1,"leiden-algorithm",0
"Method:src/ui/src/mainwindow.cpp:createActions#0","comm_95","MEMBER_OF",1,"leiden-algorithm",0
"Method:src/ui/src/mainwindow.cpp:updateShortcuts#0","comm_233","MEMBER_OF",1,"leiden-algorithm",0
"Method:src/ui/src/mainwindow.cpp:loadIcons#0","comm_225","MEMBER_OF",1,"leiden-algorithm",0
"Method:src/ui/src/mainwindow.cpp:createMenus#0","comm_214","MEMBER_OF",1,"leiden-algorithm",0
"Method:src/ui/src/mainwindow.cpp:createToolBars#0","comm_212","MEMBER_OF",1,"leiden-algorithm",0
"Method:src/ui/src/mainwindow.cpp:createTrayIcon#0","comm_234","MEMBER_OF",1,"leiden-algorithm",0
"Method:src/ui/src/mainwindow.cpp:open#0","comm_227","MEMBER_OF",1,"leiden-algorithm",0
"Method:src/ui/src/mainwindow.cpp:openComPort#0","comm_139","MEMBER_OF",1,"leiden-algorithm",0
"Method:src/ui/src/mainwindow.cpp:startComCaptureSession#3","comm_231","MEMBER_OF",1,"leiden-algorithm",0
"Method:src/ui/src/mainwindow.cpp:openRemoteFile#3","comm_235","MEMBER_OF",1,"leiden-algorithm",0
"Method:src/ui/src/mainwindow.cpp:openFileFromRecent#1","comm_236","MEMBER_OF",1,"leiden-algorithm",0
"Method:src/ui/src/mainwindow.cpp:openFileFromFavorites#1","comm_206","MEMBER_OF",1,"leiden-algorithm",0
"Method:src/ui/src/mainwindow.cpp:closeTab#1","comm_139","MEMBER_OF",1,"leiden-algorithm",0
"Method:src/ui/src/mainwindow.cpp:closeAll#1","comm_139","MEMBER_OF",1,"leiden-algorithm",0
"Method:src/ui/src/mainwindow.cpp:selectAll#0","comm_30","MEMBER_OF",1,"leiden-algorithm",0
"Method:src/ui/src/mainwindow.cpp:copy#0","comm_31","MEMBER_OF",1,"leiden-algorithm",0
"Method:src/ui/src/mainwindow.cpp:find#0","comm_31","MEMBER_OF",1,"leiden-algorithm",0
"Method:src/ui/src/mainwindow.cpp:clearLog#0","comm_95","MEMBER_OF",1,"leiden-algorithm",0
"Method:src/ui/src/mainwindow.cpp:copyFullPath#0","comm_103","MEMBER_OF",1,"leiden-algorithm",0
"Method:src/ui/src/mainwindow.cpp:openContainingFolder#0","comm_94","MEMBER_OF",1,"leiden-algorithm",0
"Method:src/ui/src/mainwindow.cpp:openInEditor#0","comm_95","MEMBER_OF",1,"leiden-algorithm",0
"Method:src/ui/src/mainwindow.cpp:tryOpenClipboard#1","comm_227","MEMBER_OF",1,"leiden-algorithm",0
"Method:src/ui/src/mainwindow.cpp:openClipboard#0","comm_227","MEMBER_OF",1,"leiden-algorithm",0
"Method:src/ui/src/mainwindow.cpp:openUrl#0","comm_235","MEMBER_OF",1,"leiden-algorithm",0
"Method:src/ui/src/mainwindow.cpp:editHighlighters#0","comm_237","MEMBER_OF",1,"leiden-algorithm",0
"Method:src/ui/src/mainwindow.cpp:editPredefinedFilters#1","comm_237","MEMBER_OF",1,"leiden-algorithm",0
"Method:src/ui/src/mainwindow.cpp:openImportPreviewsDialog#0","comm_95","MEMBER_OF",1,"leiden-algorithm",0
"Method:src/ui/src/mainwindow.cpp:openImportActionsDialog#0","comm_95","MEMBER_OF",1,"leiden-algorithm",0
"Method:src/ui/src/mainwindow.cpp:options#0","comm_238","MEMBER_OF",1,"leiden-algorithm",0
"Method:src/ui/src/mainwindow.cpp:about#0","comm_87","MEMBER_OF",1,"leiden-algorithm",0
"Method:src/ui/src/mainwindow.cpp:aboutQt#0","comm_95","MEMBER_OF",1,"leiden-algorithm",0
"Method:src/ui/src/mainwindow.cpp:documentation#0","comm_95","MEMBER_OF",1,"leiden-algorithm",0
"Method:src/ui/src/mainwindow.cpp:showScratchPad#0","comm_230","MEMBER_OF",1,"leiden-algorithm",0
"Method:src/ui/src/mainwindow.cpp:showPreviewer#0","comm_50","MEMBER_OF",1,"leiden-algorithm",0
"Method:src/ui/src/mainwindow.cpp:showActionsResponses#0","comm_50","MEMBER_OF",1,"leiden-algorithm",0
"Method:src/ui/src/mainwindow.cpp:showScriptRunner#0","comm_226","MEMBER_OF",1,"leiden-algorithm",0
"Method:src/ui/src/mainwindow.cpp:showScenarioRunner#0","comm_226","MEMBER_OF",1,"leiden-algorithm",0
"Method:src/ui/src/mainwindow.cpp:showLabQueue#0","comm_226","MEMBER_OF",1,"leiden-algorithm",0
"Method:src/ui/src/mainwindow.cpp:sendToScratchpad#1","comm_230","MEMBER_OF",1,"leiden-algorithm",0
"Method:src/ui/src/mainwindow.cpp:replaceDataInScratchpad#1","comm_230","MEMBER_OF",1,"leiden-algorithm",0
"Method:src/ui/src/mainwindow.cpp:sendToPreview#2","comm_50","MEMBER_OF",1,"leiden-algorithm",0
"Method:src/ui/src/mainwindow.cpp:sendActionById#1","comm_239","MEMBER_OF",1,"leiden-algorithm",0
"Method:src/ui/src/mainwindow.cpp:encodingChanged#1","comm_240","MEMBER_OF",1,"leiden-algorithm",0
"Method:src/ui/src/mainwindow.cpp:toggleOverviewVisibility#1","comm_206","MEMBER_OF",1,"leiden-algorithm",0
"Method:src/ui/src/mainwindow.cpp:toggleMainLineNumbersVisibility#1","comm_206","MEMBER_OF",1,"leiden-algorithm",0
"Method:src/ui/src/mainwindow.cpp:toggleFilteredLineNumbersVisibility#1","comm_206","MEMBER_OF",1,"leiden-algorithm",0
"Method:src/ui/src/mainwindow.cpp:changeFollowMode#1","comm_241","MEMBER_OF",1,"leiden-algorithm",0
"Method:src/ui/src/mainwindow.cpp:lineNumberHandler#4","comm_230","MEMBER_OF",1,"leiden-algorithm",0
"Method:src/ui/src/mainwindow.cpp:newPredefinedFilterHandler#1","comm_237","MEMBER_OF",1,"leiden-algorithm",0
"Method:src/ui/src/mainwindow.cpp:updateLoadingProgress#1","comm_212","MEMBER_OF",1,"leiden-algorithm",0
"Method:src/ui/src/mainwindow.cpp:handleLoadingFinished#1","comm_230","MEMBER_OF",1,"leiden-algorithm",0
"Method:src/ui/src/mainwindow.cpp:handleFilteredViewChanged#0","comm_230","MEMBER_OF",1,"leiden-algorithm",0
"Method:src/ui/src/mainwindow.cpp:closeTab#2","comm_139","MEMBER_OF",1,"leiden-algorithm",0
"Method:src/ui/src/mainwindow.cpp:startNewStreamFileForTab#1","comm_139","MEMBER_OF",1,"leiden-algorithm",0
"Method:src/ui/src/mainwindow.cpp:closeTabById#1","comm_139","MEMBER_OF",1,"leiden-algorithm",0
"Method:src/ui/src/mainwindow.cpp:crawlerWidgetByTabId#1","comm_139","MEMBER_OF",1,"leiden-algorithm",0
"Method:src/ui/src/mainwindow.cpp:crawlerWidgetByIndex#1","comm_139","MEMBER_OF",1,"leiden-algorithm",0
"Method:src/ui/src/mainwindow.cpp:commanderTargetCrawler#1","comm_139","MEMBER_OF",1,"leiden-algorithm",0
"Method:src/ui/src/mainwindow.cpp:streamSessionForCrawler#1","comm_139","MEMBER_OF",1,"leiden-algorithm",0
"Method:src/ui/src/mainwindow.cpp:commanderTargetStreamSession#2","comm_139","MEMBER_OF",1,"leiden-algorithm",0
"Method:src/ui/src/mainwindow.cpp:commanderResponseCounters#2","comm_139","MEMBER_OF",1,"leiden-algorithm",0
"Method:src/ui/src/mainwindow.cpp:closeTabByIndex#1","comm_139","MEMBER_OF",1,"leiden-algorithm",0
"Method:src/ui/src/mainwindow.cpp:focusTabById#1","comm_139","MEMBER_OF",1,"leiden-algorithm",0
"Method:src/ui/src/mainwindow.cpp:focusTabByIndex#1","comm_139","MEMBER_OF",1,"leiden-algorithm",0
"Method:src/ui/src/mainwindow.cpp:closeAllTabsCommander#0","comm_139","MEMBER_OF",1,"leiden-algorithm",0
"Method:src/ui/src/mainwindow.cpp:commanderSendAction#1","comm_139","MEMBER_OF",1,"leiden-algorithm",0
"Method:src/ui/src/mainwindow.cpp:commanderWaitResponse#1","comm_139","MEMBER_OF",1,"leiden-algorithm",0
"Method:src/ui/src/mainwindow.cpp:commanderStartComm#1","comm_139","MEMBER_OF",1,"leiden-algorithm",0
"Method:src/ui/src/mainwindow.cpp:commanderStopComm#1","comm_139","MEMBER_OF",1,"leiden-algorithm",0
"Method:src/ui/src/mainwindow.cpp:commanderGetCommStatus#1","comm_139","MEMBER_OF",1,"leiden-algorithm",0
"Method:src/ui/src/mainwindow.cpp:commanderSetLogging#2","comm_139","MEMBER_OF",1,"leiden-algorithm",0
"Method:src/ui/src/mainwindow.cpp:commanderAddComment#1","comm_139","MEMBER_OF",1,"leiden-algorithm",0
"Method:src/ui/src/mainwindow.cpp:commanderGetResponseCounter#1","comm_139","MEMBER_OF",1,"leiden-algorithm",0
"Method:src/ui/src/mainwindow.cpp:commanderResetResponseCounter#1","comm_139","MEMBER_OF",1,"leiden-algorithm",0
"Method:src/ui/src/mainwindow.cpp:commanderClearComm#1","comm_139","MEMBER_OF",1,"leiden-algorithm",0
"Method:src/ui/src/mainwindow.cpp:commanderFilters#1","comm_139","MEMBER_OF",1,"leiden-algorithm",0
"Method:src/ui/src/mainwindow.cpp:commanderSetFilter#1","comm_242","MEMBER_OF",1,"leiden-algorithm",0
"Method:src/ui/src/mainwindow.cpp:commanderSearch#1","comm_139","MEMBER_OF",1,"leiden-algorithm",0
"Method:src/ui/src/mainwindow.cpp:commanderSetFollowMode#1","comm_139","MEMBER_OF",1,"leiden-algorithm",0
"Method:src/ui/src/mainwindow.cpp:commanderInvokeAction#1","comm_139","MEMBER_OF",1,"leiden-algorithm",0
"Method:src/ui/src/mainwindow.cpp:closeFileByPath#1","comm_139","MEMBER_OF",1,"leiden-algorithm",0
"Method:src/ui/src/mainwindow.cpp:closeUrlBySource#1","comm_139","MEMBER_OF",1,"leiden-algorithm",0
"Method:src/ui/src/mainwindow.cpp:closeComPortByName#1","comm_139","MEMBER_OF",1,"leiden-algorithm",0
"Method:src/ui/src/mainwindow.cpp:currentTabChanged#1","comm_139","MEMBER_OF",1,"leiden-algorithm",0
"Method:src/ui/src/mainwindow.cpp:changeQFPattern#1","comm_230","MEMBER_OF",1,"leiden-algorithm",0
"Method:src/ui/src/mainwindow.cpp:loadFileNonInteractive#1","comm_50","MEMBER_OF",1,"leiden-algorithm",0
"Method:src/ui/src/mainwindow.cpp:registerRemoteFileSource#2","comm_235","MEMBER_OF",1,"leiden-algorithm",0
"Method:src/ui/src/mainwindow.cpp:closeEvent#1","comm_14","MEMBER_OF",1,"leiden-algorithm",0
"Method:src/ui/src/mainwindow.cpp:changeEvent#1","comm_225","MEMBER_OF",1,"leiden-algorithm",0
"Method:src/ui/src/mainwindow.cpp:event#1","comm_243","MEMBER_OF",1,"leiden-algorithm",0
"Method:src/ui/src/mainwindow.cpp:extractAndLoadFile#1","comm_244","MEMBER_OF",1,"leiden-algorithm",0
"Method:src/ui/src/mainwindow.cpp:loadFile#2","comm_139","MEMBER_OF",1,"leiden-algorithm",0
"Method:src/ui/src/mainwindow.cpp:strippedName#1","comm_139","MEMBER_OF",1,"leiden-algorithm",0
"Method:src/ui/src/mainwindow.cpp:currentCrawlerWidget#0","comm_206","MEMBER_OF",1,"leiden-algorithm",0
"Method:src/ui/src/mainwindow.cpp:currentStreamSession#0","comm_139","MEMBER_OF",1,"leiden-algorithm",0
"Method:src/ui/src/mainwindow.cpp:updateActionsSendState#0","comm_139","MEMBER_OF",1,"leiden-algorithm",0
"Method:src/ui/src/mainwindow.cpp:updateComPortStatus#0","comm_139","MEMBER_OF",1,"leiden-algorithm",0
"Method:src/ui/src/mainwindow.cpp:refreshComTabIndicators#0","comm_139","MEMBER_OF",1,"leiden-algorithm",0
"Method:src/ui/src/mainwindow.cpp:isActionsStreamSession#1","comm_139","MEMBER_OF",1,"leiden-algorithm",0
"Method:src/ui/src/mainwindow.cpp:updateTitleBar#1","comm_139","MEMBER_OF",1,"leiden-algorithm",0
"Method:src/ui/src/mainwindow.cpp:addRecentFile#1","comm_139","MEMBER_OF",1,"leiden-algorithm",0
"Method:src/ui/src/mainwindow.cpp:updateRecentFileActions#0","comm_236","MEMBER_OF",1,"leiden-algorithm",0
"Method:src/ui/src/mainwindow.cpp:clearRecentFileActions#0","comm_236","MEMBER_OF",1,"leiden-algorithm",0
"Method:src/ui/src/mainwindow.cpp:updateMenuBarFromDocument#1","comm_38","MEMBER_OF",1,"leiden-algorithm",0
"Method:src/ui/src/mainwindow.cpp:updateInfoLine#0","comm_240","MEMBER_OF",1,"leiden-algorithm",0
"Method:src/ui/src/mainwindow.cpp:updateOpenedFilesMenu#0","comm_139","MEMBER_OF",1,"leiden-algorithm",0
"Method:src/ui/src/mainwindow.cpp:updateHighlightersMenu#0","comm_245","MEMBER_OF",1,"leiden-algorithm",0
"Method:src/ui/src/mainwindow.cpp:updateFavoritesMenu#0","comm_206","MEMBER_OF",1,"leiden-algorithm",0
"Method:src/ui/src/mainwindow.cpp:addToFavorites#0","comm_206","MEMBER_OF",1,"leiden-algorithm",0
"Method:src/ui/src/mainwindow.cpp:removeFromFavorites#0","comm_206","MEMBER_OF",1,"leiden-algorithm",0
"Method:src/ui/src/mainwindow.cpp:removeFromFavorites#1","comm_206","MEMBER_OF",1,"leiden-algorithm",0
"Method:src/ui/src/mainwindow.cpp:removeFromRecent#1","comm_236","MEMBER_OF",1,"leiden-algorithm",0
"Method:src/ui/src/mainwindow.cpp:selectOpenedFile#0","comm_227","MEMBER_OF",1,"leiden-algorithm",0
"Method:src/ui/src/mainwindow.cpp:showInfoLabels#1","comm_212","MEMBER_OF",1,"leiden-algorithm",0
"Method:src/ui/src/mainwindow.cpp:writeSettings#0","comm_232","MEMBER_OF",1,"leiden-algorithm",0
"Method:src/ui/src/mainwindow.cpp:readSettings#0","comm_203","MEMBER_OF",1,"leiden-algorithm",0
"Method:src/ui/src/mainwindow.cpp:displayQuickFindBar#1","comm_31","MEMBER_OF",1,"leiden-algorithm",0
"Method:src/ui/src/mainwindow.cpp:logScreenInfo#1","comm_139","MEMBER_OF",1,"leiden-algorithm",0
"Method:src/ui/src/mainwindow.cpp:generateDump#0","comm_95","MEMBER_OF",1,"leiden-algorithm",0
"Method:src/ui/src/logmainview.cpp:useNewFiltering#1","comm_246","MEMBER_OF",1,"leiden-algorithm",0
"Method:src/ui/src/logmainview.cpp:lineType#1","comm_210","MEMBER_OF",1,"leiden-algorithm",0
"Method:src/ui/src/logmainview.cpp:doRegisterShortcuts#0","comm_247","MEMBER_OF",1,"leiden-algorithm",0
"Method:src/ui/src/labqueuewindow.cpp:LabQueueWindow#1","comm_248","MEMBER_OF",1,"leiden-algorithm",0
"Method:src/ui/src/labqueuewindow.cpp:refresh#0","comm_64","MEMBER_OF",1,"leiden-algorithm",0
"Method:src/ui/src/labqueuewindow.cpp:selectedJobChanged#0","comm_64","MEMBER_OF",1,"leiden-algorithm",0
"Method:src/ui/src/labqueuewindow.cpp:browseTokenFile#0","comm_64","MEMBER_OF",1,"leiden-algorithm",0
"Method:src/ui/src/labqueuewindow.cpp:openArtifactsFolder#0","comm_64","MEMBER_OF",1,"leiden-algorithm",0
"Method:src/ui/src/labqueuewindow.cpp:loadState#0","comm_248","MEMBER_OF",1,"leiden-algorithm",0
"Method:src/ui/src/labqueuewindow.cpp:saveState#0","comm_64","MEMBER_OF",1,"leiden-algorithm",0
"Method:src/ui/src/infoline.cpp:paintEvent#1","comm_249","MEMBER_OF",1,"leiden-algorithm",0
"Method:src/ui/src/infoline.cpp:contextMenuEvent#1","comm_103","MEMBER_OF",1,"leiden-algorithm",0
"Method:src/ui/src/importpreviewsdialog.cpp:ImportPreviewsDialog#1","comm_250","MEMBER_OF",1,"leiden-algorithm",0
"Method:src/ui/src/importpreviewsdialog.cpp:importPreviews#0","comm_11","MEMBER_OF",1,"leiden-algorithm",0
"Method:src/ui/src/importpreviewsdialog.cpp:removeSelectedPreview#0","comm_194","MEMBER_OF",1,"leiden-algorithm",0
"Method:src/ui/src/importpreviewsdialog.cpp:clearAllPreviews#0","comm_11","MEMBER_OF",1,"leiden-algorithm",0
"Method:src/ui/src/importpreviewsdialog.cpp:refreshTable#0","comm_250","MEMBER_OF",1,"leiden-algorithm",0
"Method:src/ui/src/importpreviewsdialog.cpp:updateButtons#0","comm_250","MEMBER_OF",1,"leiden-algorithm",0
"Method:src/ui/src/importpreviewsdialog.cpp:updateDialogWidth#0","comm_81","MEMBER_OF",1,"leiden-algorithm",0
"Method:src/ui/src/importactionsdialog.cpp:ActionsImportTableModel.setActions#1","comm_251","MEMBER_OF",1,"leiden-algorithm",0
"Method:src/ui/src/importactionsdialog.cpp:ActionsImportTableModel.data#2","comm_160","MEMBER_OF",1,"leiden-algorithm",0
"Method:src/ui/src/importactionsdialog.cpp:ResponsesImportTableModel.setResponses#1","comm_251","MEMBER_OF",1,"leiden-algorithm",0
"Method:src/ui/src/importactionsdialog.cpp:ResponsesImportTableModel.data#2","comm_160","MEMBER_OF",1,"leiden-algorithm",0
"Method:src/ui/src/importactionsdialog.cpp:ImportActionsDialog#1","comm_252","MEMBER_OF",1,"leiden-algorithm",0
"Method:src/ui/src/importactionsdialog.cpp:importActions#0","comm_251","MEMBER_OF",1,"leiden-algorithm",0
"Method:src/ui/src/importactionsdialog.cpp:removeSelectedAction#0","comm_251","MEMBER_OF",1,"leiden-algorithm",0
"Method:src/ui/src/importactionsdialog.cpp:clearActions#0","comm_251","MEMBER_OF",1,"leiden-algorithm",0
"Method:src/ui/src/importactionsdialog.cpp:removeSelectedResponse#0","comm_251","MEMBER_OF",1,"leiden-algorithm",0
"Method:src/ui/src/importactionsdialog.cpp:clearResponses#0","comm_251","MEMBER_OF",1,"leiden-algorithm",0
"Method:src/ui/src/importactionsdialog.cpp:persistChanges#0","comm_251","MEMBER_OF",1,"leiden-algorithm",0
"Method:src/ui/src/importactionsdialog.cpp:updateButtons#0","comm_251","MEMBER_OF",1,"leiden-algorithm",0
"Method:src/ui/src/importactionsdialog.cpp:updateDialogSize#0","comm_251","MEMBER_OF",1,"leiden-algorithm",0
"Method:src/ui/src/iconloader.cpp:shouldInvert#0","comm_253","MEMBER_OF",1,"leiden-algorithm",0
"Method:src/ui/src/iconloader.cpp:shouldAutoInvert#1","comm_253","MEMBER_OF",1,"leiden-algorithm",0
"Method:src/ui/src/iconloader.cpp:loadPixmap#2","comm_253","MEMBER_OF",1,"leiden-algorithm",0
"Method:src/ui/src/iconloader.cpp:makeNonScalableFilename#3","comm_253","MEMBER_OF",1,"leiden-algorithm",0
"Method:src/ui/src/iconloader.cpp:invertPixmap#1","comm_253","MEMBER_OF",1,"leiden-algorithm",0
"Method:src/ui/src/highlightersmenu.cpp:applySelectionHighlighters#1","comm_206","MEMBER_OF",1,"leiden-algorithm",0
"Method:src/ui/src/highlightersmenu.cpp:createHighlightersMenu#0","comm_95","MEMBER_OF",1,"leiden-algorithm",0
"Method:src/ui/src/highlightersmenu.cpp:populateHighlightersMenu#0","comm_201","MEMBER_OF",1,"leiden-algorithm",0
"Method:src/ui/src/highlightersmenu.cpp:saveCurrentHighlighterFromAction#1","comm_206","MEMBER_OF",1,"leiden-algorithm",0
"Method:src/ui/src/highlightersmenu.cpp:updateActionsStatus#0","comm_206","MEMBER_OF",1,"leiden-algorithm",0
"Method:src/ui/src/highlightersetedit.cpp:HighlighterSetEdit#1","comm_96","MEMBER_OF",1,"leiden-algorithm",0
"Method:src/ui/src/highlightersetedit.cpp:reset#0","comm_96","MEMBER_OF",1,"leiden-algorithm",0
"Method:src/ui/src/highlightersetedit.cpp:setHighlighters#1","comm_102","MEMBER_OF",1,"leiden-algorithm",0
"Method:src/ui/src/highlightersetedit.cpp:addHighlighter#0","comm_96","MEMBER_OF",1,"leiden-algorithm",0
"Method:src/ui/src/highlightersetedit.cpp:removeHighlighter#0","comm_96","MEMBER_OF",1,"leiden-algorithm",0
"Method:src/ui/src/highlightersetedit.cpp:moveHighlighterUp#0","comm_96","MEMBER_OF",1,"leiden-algorithm",0
"Method:src/ui/src/highlightersetedit.cpp:moveHighlighterDown#0","comm_96","MEMBER_OF",1,"leiden-algorithm",0
"Method:src/ui/src/highlightersetedit.cpp:setCurrentRow#1","comm_96","MEMBER_OF",1,"leiden-algorithm",0
"Method:src/ui/src/highlightersetedit.cpp:updatePropertyFields#0","comm_96","MEMBER_OF",1,"leiden-algorithm",0
"Method:src/ui/src/highlightersetedit.cpp:updateHighlighterProperties#0","comm_254","MEMBER_OF",1,"leiden-algorithm",0
"Method:src/ui/src/highlightersetedit.cpp:populateHighlighterList#0","comm_254","MEMBER_OF",1,"leiden-algorithm",0
"Method:src/ui/src/highlighterset.cpp:Highlighter#5","comm_255","MEMBER_OF",1,"leiden-algorithm",0
"Method:src/ui/src/highlighterset.cpp:pattern#0","comm_256","MEMBER_OF",1,"leiden-algorithm",0
"Method:src/ui/src/highlighterset.cpp:setPattern#1","comm_257","MEMBER_OF",1,"leiden-algorithm",0
"Method:src/ui/src/highlighterset.cpp:ignoreCase#0","comm_256","MEMBER_OF",1,"leiden-algorithm",0
"Method:src/ui/src/highlighterset.cpp:setIgnoreCase#1","comm_255","MEMBER_OF",1,"leiden-algorithm",0
"Method:src/ui/src/highlighterset.cpp:highlightOnlyMatch#0","comm_258","MEMBER_OF",1,"leiden-algorithm",0
"Method:src/ui/src/highlighterset.cpp:foreColor#0","comm_258","MEMBER_OF",1,"leiden-algorithm",0
"Method:src/ui/src/highlighterset.cpp:backColor#0","comm_258","MEMBER_OF",1,"leiden-algorithm",0
"Method:src/ui/src/highlighterset.cpp:vairateColors#1","comm_98","MEMBER_OF",1,"leiden-algorithm",0
"Method:src/ui/src/highlighterset.cpp:expressionPattern#0","comm_256","MEMBER_OF",1,"leiden-algorithm",0
"Method:src/ui/src/highlighterset.cpp:compile#0","comm_256","MEMBER_OF",1,"leiden-algorithm",0
"Method:src/ui/src/highlighterset.cpp:matchLine#2","comm_258","MEMBER_OF",1,"leiden-algorithm",0
"Method:src/ui/src/highlighterset.cpp:HighlighterSet#1","comm_88","MEMBER_OF",1,"leiden-algorithm",0
"Method:src/ui/src/highlighterset.cpp:name#0","comm_255","MEMBER_OF",1,"leiden-algorithm",0
"Method:src/ui/src/highlighterset.cpp:id#0","comm_259","MEMBER_OF",1,"leiden-algorithm",0
"Method:src/ui/src/highlighterset.cpp:isEmpty#0","comm_259","MEMBER_OF",1,"leiden-algorithm",0
"Method:src/ui/src/highlighterset.cpp:invalidateCompiled#0","comm_259","MEMBER_OF",1,"leiden-algorithm",0
"Method:src/ui/src/highlighterset.cpp:saveToStorage#1","comm_256","MEMBER_OF",1,"leiden-algorithm",0
"Method:src/ui/src/highlighterset.cpp:retrieveFromStorage#1","comm_259","MEMBER_OF",1,"leiden-algorithm",0
"Method:src/ui/src/highlighterset.cpp:setHighlighterSets#1","comm_259","MEMBER_OF",1,"leiden-algorithm",0
"Method:src/ui/src/highlighterset.cpp:updateCombinedSet#0","comm_259","MEMBER_OF",1,"leiden-algorithm",0
"Method:src/ui/src/highlighterset.cpp:activateSet#1","comm_259","MEMBER_OF",1,"leiden-algorithm",0
"Method:src/ui/src/highlighterset.cpp:deactivateSet#1","comm_259","MEMBER_OF",1,"leiden-algorithm",0
"Method:src/ui/src/highlighterset.cpp:deactivateAll#0","comm_259","MEMBER_OF",1,"leiden-algorithm",0
"Method:src/ui/src/highlighterset.cpp:hasSet#1","comm_259","MEMBER_OF",1,"leiden-algorithm",0
"Method:src/ui/src/highlighterset.cpp:hasSetByName#1","comm_255","MEMBER_OF",1,"leiden-algorithm",0
"Method:src/ui/src/highlightersdialog.cpp:HighlightersDialog#1","comm_96","MEMBER_OF",1,"leiden-algorithm",0
"Method:src/ui/src/highlightersdialog.cpp:exportHighlighters#0","comm_96","MEMBER_OF",1,"leiden-algorithm",0
"Method:src/ui/src/highlightersdialog.cpp:importHighlighters#0","comm_260","MEMBER_OF",1,"leiden-algorithm",0
"Method:src/ui/src/highlightersdialog.cpp:addHighlighterSet#0","comm_96","MEMBER_OF",1,"leiden-algorithm",0
"Method:src/ui/src/highlightersdialog.cpp:removeHighlighterSet#0","comm_96","MEMBER_OF",1,"leiden-algorithm",0
"Method:src/ui/src/highlightersdialog.cpp:moveHighlighterSetUp#0","comm_96","MEMBER_OF",1,"leiden-algorithm",0
"Method:src/ui/src/highlightersdialog.cpp:moveHighlighterSetDown#0","comm_96","MEMBER_OF",1,"leiden-algorithm",0
"Method:src/ui/src/highlightersdialog.cpp:resolveDialog#1","comm_206","MEMBER_OF",1,"leiden-algorithm",0
"Method:src/ui/src/highlightersdialog.cpp:setCurrentRow#1","comm_96","MEMBER_OF",1,"leiden-algorithm",0
"Method:src/ui/src/highlightersdialog.cpp:updateHighlighterProperties#0","comm_102","MEMBER_OF",1,"leiden-algorithm",0
"Method:src/ui/src/highlightersdialog.cpp:populateHighlighterList#0","comm_102","MEMBER_OF",1,"leiden-algorithm",0
"Method:src/ui/src/highlighteredit.cpp:HighlighterEdit#2","comm_13","MEMBER_OF",1,"leiden-algorithm",0
"Method:src/ui/src/highlighteredit.cpp:reset#0","comm_13","MEMBER_OF",1,"leiden-algorithm",0
"Method:src/ui/src/highlighteredit.cpp:setHighlighter#1","comm_13","MEMBER_OF",1,"leiden-algorithm",0
"Method:src/ui/src/highlighteredit.cpp:setPattern#1","comm_261","MEMBER_OF",1,"leiden-algorithm",0
"Method:src/ui/src/highlighteredit.cpp:setIgnoreCase#1","comm_262","MEMBER_OF",1,"leiden-algorithm",0
"Method:src/ui/src/highlighteredit.cpp:setHighlightOnlyMatch#1","comm_263","MEMBER_OF",1,"leiden-algorithm",0
"Method:src/ui/src/highlighteredit.cpp:setVariateColors#1","comm_264","MEMBER_OF",1,"leiden-algorithm",0
"Method:src/ui/src/highlighteredit.cpp:setColorVariance#1","comm_264","MEMBER_OF",1,"leiden-algorithm",0
"Method:src/ui/src/highlighteredit.cpp:changeForeColor#0","comm_13","MEMBER_OF",1,"leiden-algorithm",0
"Method:src/ui/src/highlighteredit.cpp:changeBackColor#0","comm_13","MEMBER_OF",1,"leiden-algorithm",0
"Method:src/ui/src/highlighteredit.cpp:updateIcon#2","comm_13","MEMBER_OF",1,"leiden-algorithm",0
"Method:src/ui/src/highlighteredit.cpp:showColorPicker#2","comm_13","MEMBER_OF",1,"leiden-algorithm",0
"Method:src/ui/src/filteredview.cpp:setVisibility#1","comm_265","MEMBER_OF",1,"leiden-algorithm",0
"Method:src/ui/src/filteredview.cpp:visibility#0","comm_266","MEMBER_OF",1,"leiden-algorithm",0
"Method:src/ui/src/filteredview.cpp:lineType#1","comm_267","MEMBER_OF",1,"leiden-algorithm",0
"Method:src/ui/src/filteredview.cpp:maxDisplayLineNumber#0","comm_268","MEMBER_OF",1,"leiden-algorithm",0
"Method:src/ui/src/filteredview.cpp:doRegisterShortcuts#0","comm_267","MEMBER_OF",1,"leiden-algorithm",0
"Method:src/ui/src/favoritefiles.cpp:add#1","comm_206","MEMBER_OF",1,"leiden-algorithm",0
"Method:src/ui/src/favoritefiles.cpp:remove#1","comm_206","MEMBER_OF",1,"leiden-algorithm",0
"Method:src/ui/src/downloader.cpp:download#2","comm_174","MEMBER_OF",1,"leiden-algorithm",0
"Method:src/ui/src/displayfilepath.cpp:fullPath#0","comm_269","MEMBER_OF",1,"leiden-algorithm",0
"Method:src/ui/src/decompressor.cpp:action#1","comm_270","MEMBER_OF",1,"leiden-algorithm",0
"Method:src/ui/src/decompressor.cpp:decompress#3","comm_270","MEMBER_OF",1,"leiden-algorithm",0
"Method:src/ui/src/decompressor.cpp:extract#3","comm_270","MEMBER_OF",1,"leiden-algorithm",0
"Method:src/ui/src/crawlerwidget.cpp:CrawlerWidgetContext.sizes#0","comm_272","MEMBER_OF",1,"leiden-algorithm",0
"Method:src/ui/src/crawlerwidget.cpp:CrawlerWidgetContext.ignoreCase#0","comm_273","MEMBER_OF",1,"leiden-algorithm",0
"Method:src/ui/src/crawlerwidget.cpp:CrawlerWidgetContext.autoRefresh#0","comm_273","MEMBER_OF",1,"leiden-algorithm",0
"Method:src/ui/src/crawlerwidget.cpp:CrawlerWidgetContext.followFile#0","comm_273","MEMBER_OF",1,"leiden-algorithm",0
"Method:src/ui/src/crawlerwidget.cpp:CrawlerWidgetContext.useRegexp#0","comm_273","MEMBER_OF",1,"leiden-algorithm",0
"Method:src/ui/src/crawlerwidget.cpp:CrawlerWidgetContext.inverseRegexp#0","comm_273","MEMBER_OF",1,"leiden-algorithm",0
"Method:src/ui/src/crawlerwidget.cpp:CrawlerWidgetContext.useBooleanCombination#0","comm_273","MEMBER_OF",1,"leiden-algorithm",0
"Method:src/ui/src/crawlerwidget.cpp:CrawlerWidgetContext.marks#0","comm_273","MEMBER_OF",1,"leiden-algorithm",0
"Method:src/ui/src/crawlerwidget.cpp:CrawlerWidgetContext.searchPattern#0","comm_273","MEMBER_OF",1,"leiden-algorithm",0
"Method:src/ui/src/crawlerwidget.cpp:CrawlerWidgetContext.loadFromString#1","comm_184","MEMBER_OF",1,"leiden-algorithm",0
"Method:src/ui/src/crawlerwidget.cpp:CrawlerWidgetContext.loadFromJson#1","comm_184","MEMBER_OF",1,"leiden-algorithm",0
"Method:src/ui/src/crawlerwidget.cpp:getTopLine#0","comm_274","MEMBER_OF",1,"leiden-algorithm",0
"Method:src/ui/src/crawlerwidget.cpp:getSelectedText#0","comm_275","MEMBER_OF",1,"leiden-algorithm",0
"Method:src/ui/src/crawlerwidget.cpp:isPartialSelection#0","comm_276","MEMBER_OF",1,"leiden-algorithm",0
"Method:src/ui/src/crawlerwidget.cpp:selectAll#0","comm_277","MEMBER_OF",1,"leiden-algorithm",0
"Method:src/ui/src/crawlerwidget.cpp:isFollowEnabled#0","comm_272","MEMBER_OF",1,"leiden-algorithm",0
"Method:src/ui/src/crawlerwidget.cpp:isTextWrapEnabled#0","comm_278","MEMBER_OF",1,"leiden-algorithm",0
"Method:src/ui/src/crawlerwidget.cpp:visibleLineRange#0","comm_279","MEMBER_OF",1,"leiden-algorithm",0
"Method:src/ui/src/crawlerwidget.cpp:mainVisibleLineRange#0","comm_279","MEMBER_OF",1,"leiden-algorithm",0
"Method:src/ui/src/crawlerwidget.cpp:filteredVisibleLineRange#0","comm_279","MEMBER_OF",1,"leiden-algorithm",0
"Method:src/ui/src/crawlerwidget.cpp:focusedViewObjectName#0","comm_277","MEMBER_OF",1,"leiden-algorithm",0
"Method:src/ui/src/crawlerwidget.cpp:visibleLineRangeForView#1","comm_279","MEMBER_OF",1,"leiden-algorithm",0
"Method:src/ui/src/crawlerwidget.cpp:isRegexEnabled#0","comm_34","MEMBER_OF",1,"leiden-algorithm",0
"Method:src/ui/src/crawlerwidget.cpp:isCaseSensitiveSearchEnabled#0","comm_34","MEMBER_OF",1,"leiden-algorithm",0
"Method:src/ui/src/crawlerwidget.cpp:isInverseSearchEnabled#0","comm_34","MEMBER_OF",1,"leiden-algorithm",0
"Method:src/ui/src/crawlerwidget.cpp:isBooleanSearchEnabled#0","comm_34","MEMBER_OF",1,"leiden-algorithm",0
"Method:src/ui/src/crawlerwidget.cpp:isAutoRefreshSearchEnabled#0","comm_34","MEMBER_OF",1,"leiden-algorithm",0
"Method:src/ui/src/crawlerwidget.cpp:isKeepSearchResultsEnabled#0","comm_34","MEMBER_OF",1,"leiden-algorithm",0
"Method:src/ui/src/crawlerwidget.cpp:reloadPredefinedFilters#0","comm_280","MEMBER_OF",1,"leiden-algorithm",0
"Method:src/ui/src/crawlerwidget.cpp:doGetActiveSearchable#0","comm_277","MEMBER_OF",1,"leiden-algorithm",0
"Method:src/ui/src/crawlerwidget.cpp:doSendAllStateSignals#0","comm_281","MEMBER_OF",1,"leiden-algorithm",0
"Method:src/ui/src/crawlerwidget.cpp:changeEvent#1","comm_184","MEMBER_OF",1,"leiden-algorithm",0
"Method:src/ui/src/crawlerwidget.cpp:reload#0","comm_201","MEMBER_OF",1,"leiden-algorithm",0
"Method:src/ui/src/crawlerwidget.cpp:setEncoding#1","comm_201","MEMBER_OF",1,"leiden-algorithm",0
"Method:src/ui/src/crawlerwidget.cpp:commanderFilters#0","comm_201","MEMBER_OF",1,"leiden-algorithm",0
"Method:src/ui/src/crawlerwidget.cpp:commanderPredefinedFilters#0","comm_201","MEMBER_OF",1,"leiden-algorithm",0
"Method:src/ui/src/crawlerwidget.cpp:commanderFilterById#1","comm_201","MEMBER_OF",1,"leiden-algorithm",0
"Method:src/ui/src/crawlerwidget.cpp:commanderFilterByIndex#1","comm_201","MEMBER_OF",1,"leiden-algorithm",0
"Method:src/ui/src/crawlerwidget.cpp:commanderPredefinedFilterById#1","comm_201","MEMBER_OF",1,"leiden-algorithm",0
"Method:src/ui/src/crawlerwidget.cpp:commanderPredefinedFilterByIndex#1","comm_201","MEMBER_OF",1,"leiden-algorithm",0
"Method:src/ui/src/crawlerwidget.cpp:applyCommanderSearchPattern#3","comm_201","MEMBER_OF",1,"leiden-algorithm",0
"Method:src/ui/src/crawlerwidget.cpp:applyCommanderPredefinedFilter#3","comm_282","MEMBER_OF",1,"leiden-algorithm",0
"Method:src/ui/src/crawlerwidget.cpp:applyCommanderAutomationSearch#1","comm_201","MEMBER_OF",1,"leiden-algorithm",0
"Method:src/ui/src/crawlerwidget.cpp:goToLine#0","comm_283","MEMBER_OF",1,"leiden-algorithm",0
"Method:src/ui/src/crawlerwidget.cpp:doSetSavedSearches#1","comm_184","MEMBER_OF",1,"leiden-algorithm",0
"Method:src/ui/src/crawlerwidget.cpp:setViewContextLazy#1","comm_273","MEMBER_OF",1,"leiden-algorithm",0
"Method:src/ui/src/crawlerwidget.cpp:doSetViewContext#1","comm_273","MEMBER_OF",1,"leiden-algorithm",0
"Method:src/ui/src/crawlerwidget.cpp:applyViewContext#2","comm_273","MEMBER_OF",1,"leiden-algorithm",0
"Method:src/ui/src/crawlerwidget.cpp:doGetViewContext#0","comm_272","MEMBER_OF",1,"leiden-algorithm",0
"Method:src/ui/src/crawlerwidget.cpp:startNewSearch#0","comm_201","MEMBER_OF",1,"leiden-algorithm",0
"Method:src/ui/src/crawlerwidget.cpp:updatePredefinedFiltersWidget#0","comm_184","MEMBER_OF",1,"leiden-algorithm",0
"Method:src/ui/src/crawlerwidget.cpp:stopSearch#0","comm_284","MEMBER_OF",1,"leiden-algorithm",0
"Method:src/ui/src/crawlerwidget.cpp:searchFailedHandler#1","comm_201","MEMBER_OF",1,"leiden-algorithm",0
"Method:src/ui/src/crawlerwidget.cpp:clearSearchHistory#0","comm_79","MEMBER_OF",1,"leiden-algorithm",0
"Method:src/ui/src/crawlerwidget.cpp:editSearchHistory#0","comm_201","MEMBER_OF",1,"leiden-algorithm",0
"Method:src/ui/src/crawlerwidget.cpp:showSearchContextMenu#0","comm_86","MEMBER_OF",1,"leiden-algorithm",0
"Method:src/ui/src/crawlerwidget.cpp:updateFilteredView#3","comm_201","MEMBER_OF",1,"leiden-algorithm",0
"Method:src/ui/src/crawlerwidget.cpp:jumpToMatchingLine#4","comm_285","MEMBER_OF",1,"leiden-algorithm",0
"Method:src/ui/src/crawlerwidget.cpp:markLinesFromMain#1","comm_286","MEMBER_OF",1,"leiden-algorithm",0
"Method:src/ui/src/crawlerwidget.cpp:markLinesFromFiltered#1","comm_286","MEMBER_OF",1,"leiden-algorithm",0
"Method:src/ui/src/crawlerwidget.cpp:applyConfiguration#0","comm_280","MEMBER_OF",1,"leiden-algorithm",0
"Method:src/ui/src/crawlerwidget.cpp:loadingFinishedHandler#1","comm_201","MEMBER_OF",1,"leiden-algorithm",0
"Method:src/ui/src/crawlerwidget.cpp:fileChangedHandler#1","comm_201","MEMBER_OF",1,"leiden-algorithm",0
"Method:src/ui/src/crawlerwidget.cpp:activeView#0","comm_277","MEMBER_OF",1,"leiden-algorithm",0
"Method:src/ui/src/crawlerwidget.cpp:searchForward#0","comm_277","MEMBER_OF",1,"leiden-algorithm",0
"Method:src/ui/src/crawlerwidget.cpp:searchBackward#0","comm_277","MEMBER_OF",1,"leiden-algorithm",0
"Method:src/ui/src/crawlerwidget.cpp:resetStateOnSearchPatternChanges#0","comm_184","MEMBER_OF",1,"leiden-algorithm",0
"Method:src/ui/src/crawlerwidget.cpp:searchRefreshChangedHandler#1","comm_201","MEMBER_OF",1,"leiden-algorithm",0
"Method:src/ui/src/crawlerwidget.cpp:matchCaseChangedHandler#1","comm_184","MEMBER_OF",1,"leiden-algorithm",0
"Method:src/ui/src/crawlerwidget.cpp:booleanCombiningChangedHandler#1","comm_184","MEMBER_OF",1,"leiden-algorithm",0
"Method:src/ui/src/crawlerwidget.cpp:useRegexpChangeHandler#1","comm_184","MEMBER_OF",1,"leiden-algorithm",0
"Method:src/ui/src/crawlerwidget.cpp:searchTextChangeHandler#1","comm_184","MEMBER_OF",1,"leiden-algorithm",0
"Method:src/ui/src/crawlerwidget.cpp:changeFilteredViewVisibility#1","comm_201","MEMBER_OF",1,"leiden-algorithm",0
"Method:src/ui/src/crawlerwidget.cpp:setSearchPatternFromPredefinedFilters#1","comm_282","MEMBER_OF",1,"leiden-algorithm",0
"Method:src/ui/src/crawlerwidget.cpp:escapeSearchPattern#2","comm_282","MEMBER_OF",1,"leiden-algorithm",0
"Method:src/ui/src/crawlerwidget.cpp:combinePatterns#2","comm_282","MEMBER_OF",1,"leiden-algorithm",0
"Method:src/ui/src/crawlerwidget.cpp:addToSearch#1","comm_282","MEMBER_OF",1,"leiden-algorithm",0
"Method:src/ui/src/crawlerwidget.cpp:excludeFromSearch#1","comm_201","MEMBER_OF",1,"leiden-algorithm",0
"Method:src/ui/src/crawlerwidget.cpp:replaceSearch#1","comm_201","MEMBER_OF",1,"leiden-algorithm",0
"Method:src/ui/src/crawlerwidget.cpp:setSearchPattern#1","comm_201","MEMBER_OF",1,"leiden-algorithm",0
"Method:src/ui/src/crawlerwidget.cpp:setSearchPattern#2","comm_201","MEMBER_OF",1,"leiden-algorithm",0
"Method:src/ui/src/crawlerwidget.cpp:activityDetected#0","comm_201","MEMBER_OF",1,"leiden-algorithm",0
"Method:src/ui/src/crawlerwidget.cpp:setSearchLimits#2","comm_201","MEMBER_OF",1,"leiden-algorithm",0
"Method:src/ui/src/crawlerwidget.cpp:clearSearchLimits#0","comm_201","MEMBER_OF",1,"leiden-algorithm",0
"Method:src/ui/src/crawlerwidget.cpp:setup#0","comm_184","MEMBER_OF",1,"leiden-algorithm",0
"Method:src/ui/src/crawlerwidget.cpp:changeFilteredView#1","comm_201","MEMBER_OF",1,"leiden-algorithm",0
"Method:src/ui/src/crawlerwidget.cpp:saveSplitterSizes#0","comm_272","MEMBER_OF",1,"leiden-algorithm",0
"Method:src/ui/src/crawlerwidget.cpp:changeFontSize#1","comm_217","MEMBER_OF",1,"leiden-algorithm",0
"Method:src/ui/src/crawlerwidget.cpp:connectAllFilteredViewSlots#1","comm_184","MEMBER_OF",1,"leiden-algorithm",0
"Method:src/ui/src/crawlerwidget.cpp:registerShortcuts#0","comm_275","MEMBER_OF",1,"leiden-algorithm",0
"Method:src/ui/src/crawlerwidget.cpp:loadIcons#0","comm_184","MEMBER_OF",1,"leiden-algorithm",0
"Method:src/ui/src/crawlerwidget.cpp:restorePendingSearchExpression#1","comm_201","MEMBER_OF",1,"leiden-algorithm",0
"Method:src/ui/src/crawlerwidget.cpp:showSearchExpressionError#1","comm_201","MEMBER_OF",1,"leiden-algorithm",0
"Method:src/ui/src/crawlerwidget.cpp:replaceCurrentSearch#3","comm_201","MEMBER_OF",1,"leiden-algorithm",0
"Method:src/ui/src/crawlerwidget.cpp:updateSearchCombo#0","comm_201","MEMBER_OF",1,"leiden-algorithm",0
"Method:src/ui/src/crawlerwidget.cpp:printSearchInfoMessage#1","comm_201","MEMBER_OF",1,"leiden-algorithm",0
"Method:src/ui/src/crawlerwidget.cpp:changeDataStatus#1","comm_201","MEMBER_OF",1,"leiden-algorithm",0
"Method:src/ui/src/crawlerwidget.cpp:updateEncoding#0","comm_201","MEMBER_OF",1,"leiden-algorithm",0
"Method:src/ui/src/crawlerwidget.cpp:changeTopViewSize#1","comm_272","MEMBER_OF",1,"leiden-algorithm",0
"Method:src/ui/src/crawlerwidget.cpp:addColorLabelToSelection#1","comm_275","MEMBER_OF",1,"leiden-algorithm",0
"Method:src/ui/src/crawlerwidget.cpp:addNextColorLabelToSelection#0","comm_275","MEMBER_OF",1,"leiden-algorithm",0
"Method:src/ui/src/crawlerwidget.cpp:clearColorLabels#0","comm_275","MEMBER_OF",1,"leiden-algorithm",0
"Method:src/ui/src/crawlerwidget.cpp:updateColorLabels#1","comm_275","MEMBER_OF",1,"leiden-algorithm",0
"Method:src/ui/src/colorlabelsmanager.cpp:clear#0","comm_291","MEMBER_OF",1,"leiden-algorithm",0
"Method:src/ui/src/colorlabelsmanager.cpp:setColorLabel#2","comm_292","MEMBER_OF",1,"leiden-algorithm",0
"Method:src/ui/src/colorlabelsmanager.cpp:setNextColorLabel#1","comm_292","MEMBER_OF",1,"leiden-algorithm",0
"Method:src/ui/src/colorlabelsmanager.cpp:updateColorLabel#3","comm_292","MEMBER_OF",1,"leiden-algorithm",0
"Method:src/ui/src/actionstablemodel.cpp:data#2","comm_293","MEMBER_OF",1,"leiden-algorithm",0
"Method:src/ui/src/actionstablemodel.cpp:refresh#0","comm_294","MEMBER_OF",1,"leiden-algorithm",0
"Method:src/ui/src/actionstablemodel.cpp:previewSequence#1","comm_293","MEMBER_OF",1,"leiden-algorithm",0
"Method:src/ui/src/actionstablemodel.cpp:tooltipForAction#1","comm_293","MEMBER_OF",1,"leiden-algorithm",0
"Method:src/ui/src/actionsresponseswindow.cpp:ResponsesFilterProxyModel.setFilterText#1","comm_163","MEMBER_OF",1,"leiden-algorithm",0
"Method:src/ui/src/actionsresponseswindow.cpp:ResponsesFilterProxyModel.filterAcceptsRow#2","comm_163","MEMBER_OF",1,"leiden-algorithm",0
"Method:src/ui/src/actionsresponseswindow.cpp:ActionSendDelegate.paint#3","comm_111","MEMBER_OF",1,"leiden-algorithm",0
"Method:src/ui/src/actionsresponseswindow.cpp:ActionsResponsesWindow#1","comm_295","MEMBER_OF",1,"leiden-algorithm",0
"Method:src/ui/src/actionsresponseswindow.cpp:setSendAvailable#1","comm_297","MEMBER_OF",1,"leiden-algorithm",0
"Method:src/ui/src/actionsresponseswindow.cpp:refreshActions#0","comm_295","MEMBER_OF",1,"leiden-algorithm",0
"Method:src/ui/src/actionsresponseswindow.cpp:refreshResponses#0","comm_295","MEMBER_OF",1,"leiden-algorithm",0
"Method:src/ui/src/actionsresponseswindow.cpp:updateWindowSize#0","comm_296","MEMBER_OF",1,"leiden-algorithm",0
"Method:src/ui/src/actionsresponseswindow.cpp:selectedActionRow#0","comm_298","MEMBER_OF",1,"leiden-algorithm",0
"Method:src/ui/src/actionsresponseswindow.cpp:selectedResponseRow#0","comm_299","MEMBER_OF",1,"leiden-algorithm",0
"Method:src/ui/src/actionsresponseswindow.cpp:updateActionButtons#0","comm_295","MEMBER_OF",1,"leiden-algorithm",0
"Method:src/ui/src/actionsresponseswindow.cpp:updateResponseButtons#0","comm_295","MEMBER_OF",1,"leiden-algorithm",0
"Method:src/ui/src/actionsresponseswindow.cpp:addAction#0","comm_300","MEMBER_OF",1,"leiden-algorithm",0
"Method:src/ui/src/actionsresponseswindow.cpp:editSelectedAction#0","comm_300","MEMBER_OF",1,"leiden-algorithm",0
"Method:src/ui/src/actionsresponseswindow.cpp:duplicateSelectedAction#0","comm_300","MEMBER_OF",1,"leiden-algorithm",0
"Method:src/ui/src/actionsresponseswindow.cpp:deleteSelectedAction#0","comm_298","MEMBER_OF",1,"leiden-algorithm",0
"Method:src/ui/src/actionsresponseswindow.cpp:moveSelectedActionUp#0","comm_298","MEMBER_OF",1,"leiden-algorithm",0
"Method:src/ui/src/actionsresponseswindow.cpp:moveSelectedActionDown#0","comm_298","MEMBER_OF",1,"leiden-algorithm",0
"Method:src/ui/src/actionsresponseswindow.cpp:addResponse#0","comm_294","MEMBER_OF",1,"leiden-algorithm",0
"Method:src/ui/src/actionsresponseswindow.cpp:editSelectedResponse#0","comm_294","MEMBER_OF",1,"leiden-algorithm",0
"Method:src/ui/src/actionsresponseswindow.cpp:duplicateSelectedResponse#0","comm_299","MEMBER_OF",1,"leiden-algorithm",0
"Method:src/ui/src/actionsresponseswindow.cpp:deleteSelectedResponse#0","comm_299","MEMBER_OF",1,"leiden-algorithm",0
"Method:src/ui/src/actionsresponseswindow.cpp:moveSelectedResponseUp#0","comm_299","MEMBER_OF",1,"leiden-algorithm",0
"Method:src/ui/src/actionsresponseswindow.cpp:moveSelectedResponseDown#0","comm_299","MEMBER_OF",1,"leiden-algorithm",0
"Method:src/ui/src/actionsrepository.cpp:load#0","comm_251","MEMBER_OF",1,"leiden-algorithm",0
"Method:src/ui/src/actionsrepository.cpp:save#2","comm_301","MEMBER_OF",1,"leiden-algorithm",0
"Method:src/ui/src/actionsrepository.cpp:storagePath#0","comm_251","MEMBER_OF",1,"leiden-algorithm",0
"Method:src/ui/src/actionsmanager.cpp:loadFromRepository#0","comm_302","MEMBER_OF",1,"leiden-algorithm",0
"Method:src/ui/src/actionsmanager.cpp:importFromDefinitions#2","comm_302","MEMBER_OF",1,"leiden-algorithm",0
"Method:src/ui/src/actionsmanager.cpp:importFromFile#1","comm_302","MEMBER_OF",1,"leiden-algorithm",0
"Method:src/ui/src/actionsmanager.cpp:findActionById#1","comm_302","MEMBER_OF",1,"leiden-algorithm",0
"Method:src/ui/src/actionsmanager.cpp:findResponseById#1","comm_302","MEMBER_OF",1,"leiden-algorithm",0
"Method:src/ui/src/actionsmanager.cpp:nextActionId#0","comm_302","MEMBER_OF",1,"leiden-algorithm",0
"Method:src/ui/src/actionsmanager.cpp:nextResponseId#0","comm_302","MEMBER_OF",1,"leiden-algorithm",0
"Method:src/ui/src/actionsmanager.cpp:createAction#2","comm_302","MEMBER_OF",1,"leiden-algorithm",0
"Method:src/ui/src/actionsmanager.cpp:updateAction#3","comm_302","MEMBER_OF",1,"leiden-algorithm",0
"Method:src/ui/src/actionsmanager.cpp:deleteAction#2","comm_302","MEMBER_OF",1,"leiden-algorithm",0
"Method:src/ui/src/actionsmanager.cpp:moveAction#3","comm_302","MEMBER_OF",1,"leiden-algorithm",0
"Method:src/ui/src/actionsmanager.cpp:createResponse#2","comm_302","MEMBER_OF",1,"leiden-algorithm",0
"Method:src/ui/src/actionsmanager.cpp:updateResponse#3","comm_302","MEMBER_OF",1,"leiden-algorithm",0
"Method:src/ui/src/actionsmanager.cpp:deleteResponse#2","comm_302","MEMBER_OF",1,"leiden-algorithm",0
"Method:src/ui/src/actionsmanager.cpp:moveResponse#3","comm_302","MEMBER_OF",1,"leiden-algorithm",0
"Method:src/ui/src/actionsmanager.cpp:setResponseEnabled#2","comm_60","MEMBER_OF",1,"leiden-algorithm",0
"Method:src/ui/src/actionsmanager.cpp:setAutoResponsesEnabled#1","comm_86","MEMBER_OF",1,"leiden-algorithm",0
"Method:src/ui/src/actionsconfigparser.cpp:parseFile#1","comm_303","MEMBER_OF",1,"leiden-algorithm",0
"Method:src/ui/src/actionsconfigparser.cpp:parseJson#1","comm_303","MEMBER_OF",1,"leiden-algorithm",0
"Method:src/ui/src/actioneditdialog.cpp:ActionEditDialog#1","comm_308","MEMBER_OF",1,"leiden-algorithm",0
"Method:src/ui/src/actioneditdialog.cpp:setAction#1","comm_301","MEMBER_OF",1,"leiden-algorithm",0
"Method:src/ui/src/actioneditdialog.cpp:eventFilter#2","comm_307","MEMBER_OF",1,"leiden-algorithm",0
"Method:src/ui/src/actioneditdialog.cpp:accept#0","comm_306","MEMBER_OF",1,"leiden-algorithm",0
"Method:src/ui/src/actioneditdialog.cpp:populateFromAction#1","comm_301","MEMBER_OF",1,"leiden-algorithm",0
"Method:src/ui/src/actioneditdialog.cpp:syncHexFromString#0","comm_306","MEMBER_OF",1,"leiden-algorithm",0
"Method:src/ui/src/actioneditdialog.cpp:syncStringFromHex#0","comm_306","MEMBER_OF",1,"leiden-algorithm",0
"Method:src/ui/src/actioneditdialog.cpp:setSequenceEditors#1","comm_306","MEMBER_OF",1,"leiden-algorithm",0
"Method:src/ui/src/abstractlogview.cpp:LineChunk.start#0","comm_101","MEMBER_OF",1,"leiden-algorithm",0
"Method:src/ui/src/abstractlogview.cpp:LineChunk.end#0","comm_60","MEMBER_OF",1,"leiden-algorithm",0
"Method:src/ui/src/abstractlogview.cpp:LineChunk.size#0","comm_86","MEMBER_OF",1,"leiden-algorithm",0
"Method:src/ui/src/abstractlogview.cpp:LineChunk.foreColor#0","comm_101","MEMBER_OF",1,"leiden-algorithm",0
"Method:src/ui/src/abstractlogview.cpp:LineChunk.backColor#0","comm_101","MEMBER_OF",1,"leiden-algorithm",0
"Method:src/ui/src/abstractlogview.cpp:LineDrawer.addChunk#4","comm_101","MEMBER_OF",1,"leiden-algorithm",0
"Method:src/ui/src/abstractlogview.cpp:LineDrawer.endColumn#0","comm_86","MEMBER_OF",1,"leiden-algorithm",0
"Method:src/ui/src/abstractlogview.cpp:LineDrawer.empty#0","comm_86","MEMBER_OF",1,"leiden-algorithm",0
"Method:src/ui/src/abstractlogview.cpp:LineDrawer.draw#6","comm_101","MEMBER_OF",1,"leiden-algorithm",0
"Method:src/ui/src/abstractlogview.cpp:reset#0","comm_86","MEMBER_OF",1,"leiden-algorithm",0
"Method:src/ui/src/abstractlogview.cpp:add#1","comm_86","MEMBER_OF",1,"leiden-algorithm",0
"Method:src/ui/src/abstractlogview.cpp:content#0","comm_86","MEMBER_OF",1,"leiden-algorithm",0
"Method:src/ui/src/abstractlogview.cpp:isEmpty#0","comm_101","MEMBER_OF",1,"leiden-algorithm",0
"Method:src/ui/src/abstractlogview.cpp:timerEvent#1","comm_86","MEMBER_OF",1,"leiden-algorithm",0
"Method:src/ui/src/abstractlogview.cpp:AbstractLogView#3","comm_106","MEMBER_OF",1,"leiden-algorithm",0
"Method:src/ui/src/abstractlogview.cpp:~AbstractLogView#0","comm_310","MEMBER_OF",1,"leiden-algorithm",0
"Method:src/ui/src/abstractlogview.cpp:changeEvent#1","comm_311","MEMBER_OF",1,"leiden-algorithm",0
"Method:src/ui/src/abstractlogview.cpp:mousePressEvent#1","comm_86","MEMBER_OF",1,"leiden-algorithm",0
"Method:src/ui/src/abstractlogview.cpp:mouseMoveEvent#1","comm_86","MEMBER_OF",1,"leiden-algorithm",0
"Method:src/ui/src/abstractlogview.cpp:mouseReleaseEvent#1","comm_86","MEMBER_OF",1,"leiden-algorithm",0
"Method:src/ui/src/abstractlogview.cpp:mouseDoubleClickEvent#1","comm_86","MEMBER_OF",1,"leiden-algorithm",0
"Method:src/ui/src/abstractlogview.cpp:moveSelectionUp#0","comm_86","MEMBER_OF",1,"leiden-algorithm",0
"Method:src/ui/src/abstractlogview.cpp:moveSelectionDown#0","comm_86","MEMBER_OF",1,"leiden-algorithm",0
"Method:src/ui/src/abstractlogview.cpp:registerShortcut#2","comm_275","MEMBER_OF",1,"leiden-algorithm",0
"Method:src/ui/src/abstractlogview.cpp:registerShortcuts#0","comm_86","MEMBER_OF",1,"leiden-algorithm",0
"Method:src/ui/src/abstractlogview.cpp:doRegisterShortcuts#0","comm_86","MEMBER_OF",1,"leiden-algorithm",0
"Method:src/ui/src/abstractlogview.cpp:keyPressEvent#1","comm_86","MEMBER_OF",1,"leiden-algorithm",0
"Method:src/ui/src/abstractlogview.cpp:wheelEvent#1","comm_105","MEMBER_OF",1,"leiden-algorithm",0
"Method:src/ui/src/abstractlogview.cpp:resizeEvent#1","comm_309","MEMBER_OF",1,"leiden-algorithm",0
"Method:src/ui/src/abstractlogview.cpp:event#1","comm_312","MEMBER_OF",1,"leiden-algorithm",0
"Method:src/ui/src/abstractlogview.cpp:lineNumberToVerticalScroll#1","comm_86","MEMBER_OF",1,"leiden-algorithm",0
"Method:src/ui/src/abstractlogview.cpp:verticalScrollToLineNumber#1","comm_86","MEMBER_OF",1,"leiden-algorithm",0
"Method:src/ui/src/abstractlogview.cpp:verticalScrollMultiplicator#0","comm_86","MEMBER_OF",1,"leiden-algorithm",0
"Method:src/ui/src/abstractlogview.cpp:scrollContentsBy#2","comm_86","MEMBER_OF",1,"leiden-algorithm",0
"Method:src/ui/src/abstractlogview.cpp:paintEvent#1","comm_92","MEMBER_OF",1,"leiden-algorithm",0
"Method:src/ui/src/abstractlogview.cpp:displayLineNumber#1","comm_313","MEMBER_OF",1,"leiden-algorithm",0
"Method:src/ui/src/abstractlogview.cpp:lineIndex#1","comm_101","MEMBER_OF",1,"leiden-algorithm",0
"Method:src/ui/src/abstractlogview.cpp:maxDisplayLineNumber#0","comm_101","MEMBER_OF",1,"leiden-algorithm",0
"Method:src/ui/src/abstractlogview.cpp:setOverview#2","comm_246","MEMBER_OF",1,"leiden-algorithm",0
"Method:src/ui/src/abstractlogview.cpp:getViewPosition#0","comm_309","MEMBER_OF",1,"leiden-algorithm",0
"Method:src/ui/src/abstractlogview.cpp:searchUsingFunction#1","comm_314","MEMBER_OF",1,"leiden-algorithm",0
"Method:src/ui/src/abstractlogview.cpp:setQuickFindResult#2","comm_136","MEMBER_OF",1,"leiden-algorithm",0
"Method:src/ui/src/abstractlogview.cpp:searchForward#0","comm_314","MEMBER_OF",1,"leiden-algorithm",0
"Method:src/ui/src/abstractlogview.cpp:searchBackward#0","comm_314","MEMBER_OF",1,"leiden-algorithm",0
"Method:src/ui/src/abstractlogview.cpp:incrementallySearchForward#0","comm_314","MEMBER_OF",1,"leiden-algorithm",0
"Method:src/ui/src/abstractlogview.cpp:incrementallySearchBackward#0","comm_314","MEMBER_OF",1,"leiden-algorithm",0
"Method:src/ui/src/abstractlogview.cpp:incrementalSearchAbort#0","comm_315","MEMBER_OF",1,"leiden-algorithm",0
"Method:src/ui/src/abstractlogview.cpp:incrementalSearchStop#0","comm_101","MEMBER_OF",1,"leiden-algorithm",0
"Method:src/ui/src/abstractlogview.cpp:allowFollowMode#1","comm_316","MEMBER_OF",1,"leiden-algorithm",0
"Method:src/ui/src/abstractlogview.cpp:setSearchPattern#1","comm_309","MEMBER_OF",1,"leiden-algorithm",0
"Method:src/ui/src/abstractlogview.cpp:setQuickHighlighters#1","comm_309","MEMBER_OF",1,"leiden-algorithm",0
"Method:src/ui/src/abstractlogview.cpp:followSet#1","comm_309","MEMBER_OF",1,"leiden-algorithm",0
"Method:src/ui/src/abstractlogview.cpp:textWrapSet#1","comm_309","MEMBER_OF",1,"leiden-algorithm",0
"Method:src/ui/src/abstractlogview.cpp:refreshOverview#0","comm_246","MEMBER_OF",1,"leiden-algorithm",0
"Method:src/ui/src/abstractlogview.cpp:handlePatternUpdated#0","comm_309","MEMBER_OF",1,"leiden-algorithm",0
"Method:src/ui/src/abstractlogview.cpp:addToSearch#0","comm_317","MEMBER_OF",1,"leiden-algorithm",0
"Method:src/ui/src/abstractlogview.cpp:replaceSearch#0","comm_317","MEMBER_OF",1,"leiden-algorithm",0
"Method:src/ui/src/abstractlogview.cpp:excludeFromSearch#0","comm_317","MEMBER_OF",1,"leiden-algorithm",0
"Method:src/ui/src/abstractlogview.cpp:findNextSelected#0","comm_317","MEMBER_OF",1,"leiden-algorithm",0
"Method:src/ui/src/abstractlogview.cpp:findPreviousSelected#0","comm_317","MEMBER_OF",1,"leiden-algorithm",0
"Method:src/ui/src/abstractlogview.cpp:copy#0","comm_103","MEMBER_OF",1,"leiden-algorithm",0
"Method:src/ui/src/abstractlogview.cpp:copyWithLineNumbers#0","comm_103","MEMBER_OF",1,"leiden-algorithm",0
"Method:src/ui/src/abstractlogview.cpp:markSelected#0","comm_86","MEMBER_OF",1,"leiden-algorithm",0
"Method:src/ui/src/abstractlogview.cpp:saveToFile#0","comm_86","MEMBER_OF",1,"leiden-algorithm",0
"Method:src/ui/src/abstractlogview.cpp:saveSelectedToFile#0","comm_86","MEMBER_OF",1,"leiden-algorithm",0
"Method:src/ui/src/abstractlogview.cpp:saveLinesToFile#2","comm_86","MEMBER_OF",1,"leiden-algorithm",0
"Method:src/ui/src/abstractlogview.cpp:updateSearchLimits#0","comm_313","MEMBER_OF",1,"leiden-algorithm",0
"Method:src/ui/src/abstractlogview.cpp:setSearchStart#0","comm_313","MEMBER_OF",1,"leiden-algorithm",0
"Method:src/ui/src/abstractlogview.cpp:setSearchEnd#0","comm_313","MEMBER_OF",1,"leiden-algorithm",0
"Method:src/ui/src/abstractlogview.cpp:setSelectionStart#0","comm_317","MEMBER_OF",1,"leiden-algorithm",0
"Method:src/ui/src/abstractlogview.cpp:setSelectionEnd#0","comm_317","MEMBER_OF",1,"leiden-algorithm",0
"Method:src/ui/src/abstractlogview.cpp:updateData#0","comm_309","MEMBER_OF",1,"leiden-algorithm",0
"Method:src/ui/src/abstractlogview.cpp:updateFont#1","comm_309","MEMBER_OF",1,"leiden-algorithm",0
"Method:src/ui/src/abstractlogview.cpp:updateDisplaySize#0","comm_309","MEMBER_OF",1,"leiden-algorithm",0
"Method:src/ui/src/abstractlogview.cpp:visibleLineEnd#0","comm_318","MEMBER_OF",1,"leiden-algorithm",0
"Method:src/ui/src/abstractlogview.cpp:getSelectedText#0","comm_86","MEMBER_OF",1,"leiden-algorithm",0
"Method:src/ui/src/abstractlogview.cpp:isPartialSelection#0","comm_317","MEMBER_OF",1,"leiden-algorithm",0
"Method:src/ui/src/abstractlogview.cpp:selectAll#0","comm_309","MEMBER_OF",1,"leiden-algorithm",0
"Method:src/ui/src/abstractlogview.cpp:trySelectLine#1","comm_86","MEMBER_OF",1,"leiden-algorithm",0
"Method:src/ui/src/abstractlogview.cpp:selectAndDisplayLine#1","comm_86","MEMBER_OF",1,"leiden-algorithm",0
"Method:src/ui/src/abstractlogview.cpp:selectPortionAndDisplayLine#4","comm_86","MEMBER_OF",1,"leiden-algorithm",0
"Method:src/ui/src/abstractlogview.cpp:jumpToLine#1","comm_86","MEMBER_OF",1,"leiden-algorithm",0
"Method:src/ui/src/abstractlogview.cpp:forceRefresh#0","comm_309","MEMBER_OF",1,"leiden-algorithm",0
"Method:src/ui/src/abstractlogview.cpp:setSearchLimits#2","comm_309","MEMBER_OF",1,"leiden-algorithm",0
"Method:src/ui/src/abstractlogview.cpp:getNbVisibleLines#0","comm_309","MEMBER_OF",1,"leiden-algorithm",0
"Method:src/ui/src/abstractlogview.cpp:getNbVisibleCols#0","comm_319","MEMBER_OF",1,"leiden-algorithm",0
"Method:src/ui/src/abstractlogview.cpp:convertCoordToLine#1","comm_86","MEMBER_OF",1,"leiden-algorithm",0
"Method:src/ui/src/abstractlogview.cpp:convertCoordToFilePos#1","comm_86","MEMBER_OF",1,"leiden-algorithm",0
"Method:src/ui/src/abstractlogview.cpp:displayLine#1","comm_86","MEMBER_OF",1,"leiden-algorithm",0
"Method:src/ui/src/abstractlogview.cpp:moveSelection#2","comm_86","MEMBER_OF",1,"leiden-algorithm",0
"Method:src/ui/src/abstractlogview.cpp:jumpToStartOfLine#0","comm_86","MEMBER_OF",1,"leiden-algorithm",0
"Method:src/ui/src/abstractlogview.cpp:maxLineLength#1","comm_319","MEMBER_OF",1,"leiden-algorithm",0
"Method:src/ui/src/abstractlogview.cpp:jumpToEndOfLine#0","comm_319","MEMBER_OF",1,"leiden-algorithm",0
"Method:src/ui/src/abstractlogview.cpp:jumpToRightOfScreen#0","comm_319","MEMBER_OF",1,"leiden-algorithm",0
"Method:src/ui/src/abstractlogview.cpp:jumpToTop#0","comm_86","MEMBER_OF",1,"leiden-algorithm",0
"Method:src/ui/src/abstractlogview.cpp:jumpToBottom#0","comm_309","MEMBER_OF",1,"leiden-algorithm",0
"Method:src/ui/src/abstractlogview.cpp:selectWordAtPosition#1","comm_86","MEMBER_OF",1,"leiden-algorithm",0
"Method:src/ui/src/abstractlogview.cpp:updateGlobalSelection#0","comm_86","MEMBER_OF",1,"leiden-algorithm",0
"Method:src/ui/src/abstractlogview.cpp:selectAndDisplayRange#1","comm_86","MEMBER_OF",1,"leiden-algorithm",0
"Method:src/ui/src/abstractlogview.cpp:createMenu#0","comm_317","MEMBER_OF",1,"leiden-algorithm",0
"Method:src/ui/src/abstractlogview.cpp:updatePreviewMenu#0","comm_86","MEMBER_OF",1,"leiden-algorithm",0
"Method:src/ui/src/abstractlogview.cpp:considerMouseHovering#2","comm_86","MEMBER_OF",1,"leiden-algorithm",0
"Method:src/ui/src/abstractlogview.cpp:getNbBottomWrappedVisibleLines#0","comm_309","MEMBER_OF",1,"leiden-algorithm",0
"Method:src/ui/src/abstractlogview.cpp:updateScrollBars#0","comm_309","MEMBER_OF",1,"leiden-algorithm",0
"Method:src/ui/src/abstractlogview.cpp:drawTextArea#1","comm_101","MEMBER_OF",1,"leiden-algorithm",0
"Method:src/ui/src/abstractlogview.cpp:visualRowsForLine#1","comm_318","MEMBER_OF",1,"leiden-algorithm",0
"Method:src/ui/src/abstractlogview.cpp:visualRowsForRange#2","comm_309","MEMBER_OF",1,"leiden-algorithm",0
"Method:src/ui/src/abstractlogview.cpp:visibleLayoutFor#2","comm_318","MEMBER_OF",1,"leiden-algorithm",0
"Method:src/ui/src/abstractlogview.cpp:drawPullToFollowBar#2","comm_92","MEMBER_OF",1,"leiden-algorithm",0
"Method:src/ui/src/abstractlogview.cpp:disableFollow#0","comm_86","MEMBER_OF",1,"leiden-algorithm",0
"Method:src/ui/include/wrappedstring.h:WrappedString.makeWrappedStringPart#3","comm_62","MEMBER_OF",1,"leiden-algorithm",0
"Method:src/ui/include/wrappedstring.h:WrappedString.WrappedString#2","comm_320","MEMBER_OF",1,"leiden-algorithm",0
"Method:src/ui/include/wrappedstring.h:WrappedString.wrappedLinesCount#0","comm_318","MEMBER_OF",1,"leiden-algorithm",0
"Method:src/ui/include/wrappedstring.h:WrappedString.mid#2","comm_62","MEMBER_OF",1,"leiden-algorithm",0
"Method:src/ui/include/wrappedstring.h:WrappedString.isEmpty#0","comm_320","MEMBER_OF",1,"leiden-algorithm",0
"Method:src/ui/include/wrappedstring.h:WrappedString.unwrappedLine#0","comm_86","MEMBER_OF",1,"leiden-algorithm",0
"Method:src/ui/include/wrappedstring.h:WrappedString.wrappedLine#1","comm_86","MEMBER_OF",1,"leiden-algorithm",0
"Method:src/ui/include/viewtools.h:ElasticHook.hold#0","comm_105","MEMBER_OF",1,"leiden-algorithm",0
"Method:src/ui/include/viewtools.h:ElasticHook.release#0","comm_89","MEMBER_OF",1,"leiden-algorithm",0
"Method:src/ui/include/viewtools.h:ElasticHook.hook#1","comm_86","MEMBER_OF",1,"leiden-algorithm",0
"Method:src/ui/include/viewtools.h:ElasticHook.allowHook#1","comm_316","MEMBER_OF",1,"leiden-algorithm",0
"Method:src/ui/include/viewtools.h:ElasticHook.isHooked#0","comm_105","MEMBER_OF",1,"leiden-algorithm",0
"Method:src/ui/include/viewtools.h:ElasticHook.hooked#1","comm_106","MEMBER_OF",1,"leiden-algorithm",0
"Method:src/ui/include/viewinterface.h:ViewContextInterface.toString#0","comm_132","MEMBER_OF",1,"leiden-algorithm",0
"Method:src/ui/include/viewinterface.h:ViewInterface.setData#2","comm_153","MEMBER_OF",1,"leiden-algorithm",0
"Method:src/ui/include/viewinterface.h:ViewInterface.setQuickFindPattern#1","comm_322","MEMBER_OF",1,"leiden-algorithm",0
"Method:src/ui/include/viewinterface.h:ViewInterface.setSavedSearches#1","comm_323","MEMBER_OF",1,"leiden-algorithm",0
"Method:src/ui/include/viewinterface.h:ViewInterface.setViewContext#1","comm_324","MEMBER_OF",1,"leiden-algorithm",0
"Method:src/ui/include/viewinterface.h:ViewInterface.doSetData#2","comm_153","MEMBER_OF",1,"leiden-algorithm",0
"Method:src/ui/include/viewinterface.h:ViewInterface.doSetQuickFindPattern#1","comm_322","MEMBER_OF",1,"leiden-algorithm",0
"Method:src/ui/include/viewinterface.h:ViewInterface.doSetSavedSearches#1","comm_323","MEMBER_OF",1,"leiden-algorithm",0
"Method:src/ui/include/viewinterface.h:ViewInterface.doSetViewContext#1","comm_324","MEMBER_OF",1,"leiden-algorithm",0
"Method:src/ui/include/tabnamemapping.h:TabNameMapping.setTabName#2","comm_112","MEMBER_OF",1,"leiden-algorithm",0
"Method:src/ui/include/tabbedscratchpad.h:TabbedScratchPad.TabbedScratchPad","comm_326","MEMBER_OF",1,"leiden-algorithm",0
"Method:src/ui/include/tabbedcrawlerwidget.h:TabbedCrawlerWidget.removeCrawler#1","comm_139","MEMBER_OF",1,"leiden-algorithm",0
"Method:src/ui/include/tabbedcrawlerwidget.h:TabbedCrawlerWidget.setStreamSessionForPath#2","comm_231","MEMBER_OF",1,"leiden-algorithm",0
"Method:src/ui/include/tabbedcrawlerwidget.h:TabbedCrawlerWidget.clearStreamSessionForPath#1","comm_231","MEMBER_OF",1,"leiden-algorithm",0
"Method:src/ui/include/tabbedcrawlerwidget.h:TabbedCrawlerWidget.remapStreamSessionPath#2","comm_139","MEMBER_OF",1,"leiden-algorithm",0
"Method:src/ui/include/tabbedcrawlerwidget.h:TabbedCrawlerWidget.streamSessionForPath#1","comm_139","MEMBER_OF",1,"leiden-algorithm",0
"Method:src/ui/include/tabbedcrawlerwidget.h:TabbedCrawlerWidget.hasOpenStreamSession#0","comm_239","MEMBER_OF",1,"leiden-algorithm",0
"Method:src/ui/include/tabbedcrawlerwidget.h:TabbedCrawlerWidget.firstOpenStreamSession#0","comm_239","MEMBER_OF",1,"leiden-algorithm",0
"Method:src/ui/include/tabbedcrawlerwidget.h:TabbedCrawlerWidget.tabPathAt#1","comm_139","MEMBER_OF",1,"leiden-algorithm",0
"Method:src/ui/include/tabbedcrawlerwidget.h:TabbedCrawlerWidget.tabIdAt#1","comm_139","MEMBER_OF",1,"leiden-algorithm",0
"Method:src/ui/include/tabbedcrawlerwidget.h:TabbedCrawlerWidget.tabDisplayNameAt#1","comm_139","MEMBER_OF",1,"leiden-algorithm",0
"Method:src/ui/include/tabbedcrawlerwidget.h:TabbedCrawlerWidget.findTabById#1","comm_139","MEMBER_OF",1,"leiden-algorithm",0
"Method:src/ui/include/tabbedcrawlerwidget.h:TabbedCrawlerWidget.setTabActionsPort#2","comm_139","MEMBER_OF",1,"leiden-algorithm",0
"Method:src/ui/include/tabbedcrawlerwidget.h:TabbedCrawlerWidget.setTabScriptActive#2","comm_139","MEMBER_OF",1,"leiden-algorithm",0
"Method:src/ui/include/tabbedcrawlerwidget.h:TabbedCrawlerWidget.setAlwaysShowTabBar#1","comm_95","MEMBER_OF",1,"leiden-algorithm",0
"Method:src/ui/include/tabbedcrawlerwidget.h:TabbedCrawlerWidget.addTabBarItem#2","comm_328","MEMBER_OF",1,"leiden-algorithm",0
"Method:src/ui/include/tabbedcrawlerwidget.h:TabbedCrawlerWidget.setTabDataStatus#2","comm_329","MEMBER_OF",1,"leiden-algorithm",0
"Method:src/ui/include/streamsourceregistry.h:StreamSourceRegistry.isSerialPortActive#1","comm_215","MEMBER_OF",1,"leiden-algorithm",0
"Method:src/ui/include/streamsourceregistry.h:StreamSourceRegistry.registerSerialPort#1","comm_117","MEMBER_OF",1,"leiden-algorithm",0
"Method:src/ui/include/streamsourceregistry.h:StreamSourceRegistry.unregisterSerialPort#1","comm_116","MEMBER_OF",1,"leiden-algorithm",0
"Method:src/ui/include/streamsession.h:StreamSession.isConnectionOpen#0","comm_113","MEMBER_OF",1,"leiden-algorithm",0
"Method:src/ui/include/streamsession.h:StreamSession.captureSettings#0","comm_139","MEMBER_OF",1,"leiden-algorithm",0
"Method:src/ui/include/streamsession.h:StreamSession.startNewCaptureFile#2","comm_139","MEMBER_OF",1,"leiden-algorithm",0
"Method:src/ui/include/streamsession.h:StreamSession.sendBytes#1","comm_113","MEMBER_OF",1,"leiden-algorithm",0
"Method:src/ui/include/streamsession.h:StreamSession.notifyActionSend#4","comm_113","MEMBER_OF",1,"leiden-algorithm",0
"Method:src/ui/include/streamsession.h:StreamSession.appendToFile#1","comm_113","MEMBER_OF",1,"leiden-algorithm",0
"Method:src/ui/include/streamsession.h:StreamSession.isLoggingEnabled#0","comm_139","MEMBER_OF",1,"leiden-algorithm",0
"Method:src/ui/include/streamsession.h:StreamSession.closeConnection#0","comm_139","MEMBER_OF",1,"leiden-algorithm",0
"Method:src/ui/include/startupprogress.h:StartupProgress.setCallback#1","comm_44","MEMBER_OF",1,"leiden-algorithm",0
"Method:src/ui/include/startupprogress.h:StartupProgress.clearCallback#0","comm_44","MEMBER_OF",1,"leiden-algorithm",0
"Method:src/ui/include/startupprogress.h:StartupProgress.setRange#2","comm_244","MEMBER_OF",1,"leiden-algorithm",0
"Method:src/ui/include/startupprogress.h:StartupProgress.setValue#3","comm_86","MEMBER_OF",1,"leiden-algorithm",0
"Method:src/ui/include/startupprogress.h:StartupProgress.advance#3","comm_201","MEMBER_OF",1,"leiden-algorithm",0
"Method:src/ui/include/startupprogress.h:StartupProgress.complete#2","comm_44","MEMBER_OF",1,"leiden-algorithm",0
"Method:src/ui/include/startupprogress.h:StartupProgress.message#2","comm_201","MEMBER_OF",1,"leiden-algorithm",0
"Method:src/ui/include/signalmux.h:MuxableDocumentInterface.sendAllStateSignals#0","comm_123","MEMBER_OF",1,"leiden-algorithm",0
"Method:src/ui/include/signalmux.h:MuxableDocumentInterface.doSendAllStateSignals#0","comm_123","MEMBER_OF",1,"leiden-algorithm",0
"Method:src/ui/include/sessioninfo.h:SessionInfo.add#1","comm_132","MEMBER_OF",1,"leiden-algorithm",0
"Method:src/ui/include/sessioninfo.h:SessionInfo.remove#1","comm_69","MEMBER_OF",1,"leiden-algorithm",0
"Method:src/ui/include/sessioninfo.h:SessionInfo.windows#0","comm_79","MEMBER_OF",1,"leiden-algorithm",0
"Method:src/ui/include/sessioninfo.h:SessionInfo.geometry#1","comm_132","MEMBER_OF",1,"leiden-algorithm",0
"Method:src/ui/include/sessioninfo.h:SessionInfo.setGeometry#2","comm_132","MEMBER_OF",1,"leiden-algorithm",0
"Method:src/ui/include/sessioninfo.h:SessionInfo.openFiles#1","comm_130","MEMBER_OF",1,"leiden-algorithm",0
"Method:src/ui/include/sessioninfo.h:SessionInfo.setOpenFiles#2","comm_132","MEMBER_OF",1,"leiden-algorithm",0
"Method:src/ui/include/sessioninfo.h:SessionInfo.setGlobalScriptContext#1","comm_232","MEMBER_OF",1,"leiden-algorithm",0
"Method:src/ui/include/sessioninfo.h:SessionInfo.retrieveFromStorage#1","comm_330","MEMBER_OF",1,"leiden-algorithm",0
"Method:src/ui/include/sessioninfo.h:SessionInfo.findWindow#1","comm_132","MEMBER_OF",1,"leiden-algorithm",0
"Method:src/ui/include/session.h:Session.open#2","comm_331","MEMBER_OF",1,"leiden-algorithm",0
"Method:src/ui/include/session.h:Session.quickFindPattern#0","comm_230","MEMBER_OF",1,"leiden-algorithm",0
"Method:src/ui/include/session.h:Session.savedSearches#0","comm_332","MEMBER_OF",1,"leiden-algorithm",0
"Method:src/ui/include/session.h:Session.windowSessions#0","comm_71","MEMBER_OF",1,"leiden-algorithm",0
"Method:src/ui/include/session.h:Session.exitRequested#0","comm_69","MEMBER_OF",1,"leiden-algorithm",0
"Method:src/ui/include/session.h:Session.setExitRequested#1","comm_71","MEMBER_OF",1,"leiden-algorithm",0
"Method:src/ui/include/session.h:WindowSession.close#1","comm_60","MEMBER_OF",1,"leiden-algorithm",0
"Method:src/ui/include/session.h:WindowSession.getQuickFindPattern#0","comm_230","MEMBER_OF",1,"leiden-algorithm",0
"Method:src/ui/include/session.h:WindowSession.windowId#0","comm_139","MEMBER_OF",1,"leiden-algorithm",0
"Method:src/ui/include/session.h:WindowSession.windowIndex#0","comm_139","MEMBER_OF",1,"leiden-algorithm",0
"Method:src/ui/include/session.h:WindowSession.restoreGeometry#1","comm_72","MEMBER_OF",1,"leiden-algorithm",0
"Method:src/ui/include/session.h:WindowSession.close#0","comm_71","MEMBER_OF",1,"leiden-algorithm",0
"Method:src/ui/include/serialcaptureworker.h:SerialCaptureWorker.switchCaptureFile#2","comm_333","MEMBER_OF",1,"leiden-algorithm",0
"Method:src/ui/include/serialcaptureworker.h:SerialCaptureWorker.appendToFile#1","comm_334","MEMBER_OF",1,"leiden-algorithm",0
"Method:src/ui/include/selection.h:Portion.Portion#3","comm_136","MEMBER_OF",1,"leiden-algorithm",0
"Method:src/ui/include/selection.h:Portion.line#0","comm_136","MEMBER_OF",1,"leiden-algorithm",0
"Method:src/ui/include/selection.h:Portion.startColumn#0","comm_136","MEMBER_OF",1,"leiden-algorithm",0
"Method:src/ui/include/selection.h:Portion.endColumn#0","comm_136","MEMBER_OF",1,"leiden-algorithm",0
"Method:src/ui/include/selection.h:Portion.isValid#0","comm_136","MEMBER_OF",1,"leiden-algorithm",0
"Method:src/ui/include/selection.h:Selection.clear#0","comm_183","MEMBER_OF",1,"leiden-algorithm",0
"Method:src/ui/include/selection.h:Selection.selectLine#1","comm_86","MEMBER_OF",1,"leiden-algorithm",0
"Method:src/ui/include/selection.h:Selection.selectPortion#3","comm_136","MEMBER_OF",1,"leiden-algorithm",0
"Method:src/ui/include/selection.h:Selection.selectPortion#1","comm_136","MEMBER_OF",1,"leiden-algorithm",0
"Method:src/ui/include/selection.h:Selection.isEmpty#0","comm_137","MEMBER_OF",1,"leiden-algorithm",0
"Method:src/ui/include/selection.h:Selection.isSingleLine#0","comm_86","MEMBER_OF",1,"leiden-algorithm",0
"Method:src/ui/include/selection.h:Selection.isPortion#0","comm_317","MEMBER_OF",1,"leiden-algorithm",0
"Method:src/ui/include/selection.h:Selection.getNextPosition#0","comm_181","MEMBER_OF",1,"leiden-algorithm",0
"Method:src/ui/include/selection.h:Selection.getPreviousPosition#0","comm_182","MEMBER_OF",1,"leiden-algorithm",0
"Method:src/ui/include/scriptsupervisor.h:ScriptSupervisor.runScript#1","comm_73","MEMBER_OF",1,"leiden-algorithm",0
"Method:src/ui/include/scriptsupervisor.h:ScriptSupervisor.runGlobalScript#1","comm_73","MEMBER_OF",1,"leiden-algorithm",0
"Method:src/ui/include/scriptsupervisor.h:ScriptSupervisor.stopScript#1","comm_73","MEMBER_OF",1,"leiden-algorithm",0
"Method:src/ui/include/scriptsupervisor.h:ScriptSupervisor.scriptStatus#1","comm_75","MEMBER_OF",1,"leiden-algorithm",0
"Method:src/ui/include/scriptsupervisor.h:ScriptSupervisor.scriptSubscriptions#1","comm_73","MEMBER_OF",1,"leiden-algorithm",0
"Method:src/ui/include/scriptsupervisor.h:ScriptSupervisor.globalScriptSubscriptions#0","comm_73","MEMBER_OF",1,"leiden-algorithm",0
"Method:src/ui/include/scriptsupervisor.h:ScriptSupervisor.clearScriptSubscriptions#1","comm_73","MEMBER_OF",1,"leiden-algorithm",0
"Method:src/ui/include/scriptsupervisor.h:ScriptSupervisor.clearGlobalScriptSubscriptions#0","comm_73","MEMBER_OF",1,"leiden-algorithm",0
"Method:src/ui/include/scriptsupervisor.h:ScriptSupervisor.globalScriptStatusPayload#0","comm_75","MEMBER_OF",1,"leiden-algorithm",0
"Method:src/ui/include/scriptsupervisor.h:ScriptSupervisor.forgetTab#1","comm_80","MEMBER_OF",1,"leiden-algorithm",0
"Method:src/ui/include/scriptrunnerwindow.h:ScriptRunnerWindow.setScriptPath#1","comm_50","MEMBER_OF",1,"leiden-algorithm",0
"Method:src/ui/include/scratchpad.h:ScratchPad.ScratchPad","comm_338","MEMBER_OF",1,"leiden-algorithm",0
"Method:src/ui/include/scenariorunner.h:ScenarioRunner.runScenario#1","comm_73","MEMBER_OF",1,"leiden-algorithm",0
"Method:src/ui/include/scenariorunner.h:ScenarioRunner.runSuite#1","comm_73","MEMBER_OF",1,"leiden-algorithm",0
"Method:src/ui/include/scenariorunner.h:ScenarioRunner.stopRun#0","comm_152","MEMBER_OF",1,"leiden-algorithm",0
"Method:src/ui/include/scenariorunner.h:ScenarioRunner.status#0","comm_73","MEMBER_OF",1,"leiden-algorithm",0
"Method:src/ui/include/scenariorunner.h:ScenarioRunner.report#0","comm_73","MEMBER_OF",1,"leiden-algorithm",0
"Method:src/ui/include/scenariorunner.h:ScenarioRunner.statusPayload#0","comm_152","MEMBER_OF",1,"leiden-algorithm",0
"Method:src/ui/include/savedsearches.h:SavedSearches.addRecent#1","comm_201","MEMBER_OF",1,"leiden-algorithm",0
"Method:src/ui/include/savedsearches.h:SavedSearches.recentSearches#0","comm_201","MEMBER_OF",1,"leiden-algorithm",0
"Method:src/ui/include/savedsearches.h:SavedSearches.historySize#0","comm_174","MEMBER_OF",1,"leiden-algorithm",0
"Method:src/ui/include/savedsearches.h:SavedSearches.setHistorySize#1","comm_216","MEMBER_OF",1,"leiden-algorithm",0
"Method:src/ui/include/savedsearches.h:SavedSearches.clear#0","comm_201","MEMBER_OF",1,"leiden-algorithm",0
"Method:src/ui/include/responsestablemodel.h:ResponsesTableModel.responseAt#1","comm_299","MEMBER_OF",1,"leiden-algorithm",0
"Method:src/ui/include/responseeditdialog.h:ResponseEditDialog.setResponse#2","comm_294","MEMBER_OF",1,"leiden-algorithm",0
"Method:src/ui/include/responseeditdialog.h:ResponseEditDialog.response#0","comm_294","MEMBER_OF",1,"leiden-algorithm",0
"Method:src/ui/include/recentfiles.h:RecentFiles.addRecent#1","comm_139","MEMBER_OF",1,"leiden-algorithm",0
"Method:src/ui/include/recentfiles.h:RecentFiles.removeRecent#1","comm_236","MEMBER_OF",1,"leiden-algorithm",0
"Method:src/ui/include/recentfiles.h:RecentFiles.removeAll#0","comm_236","MEMBER_OF",1,"leiden-algorithm",0
"Method:src/ui/include/recentfiles.h:RecentFiles.getNumberItemsToShow#0","comm_236","MEMBER_OF",1,"leiden-algorithm",0
"Method:src/ui/include/recentfiles.h:RecentFiles.filesHistoryMaxItems#0","comm_174","MEMBER_OF",1,"leiden-algorithm",0
"Method:src/ui/include/recentfiles.h:RecentFiles.setFilesHistoryMaxItems#1","comm_216","MEMBER_OF",1,"leiden-algorithm",0
"Method:src/ui/include/recentfiles.h:RecentFiles.recentFiles#0","comm_236","MEMBER_OF",1,"leiden-algorithm",0
"Method:src/ui/include/quickfindwidget.h:QuickFindWidget.patternUpdated#3","comm_230","MEMBER_OF",1,"leiden-algorithm",0
"Method:src/ui/include/quickfindpattern.h:QuickFindMatcher.isActive#0","comm_183","MEMBER_OF",1,"leiden-algorithm",0
"Method:src/ui/include/quickfindpattern.h:QuickFindMatcher.isLineMatching#2","comm_183","MEMBER_OF",1,"leiden-algorithm",0
"Method:src/ui/include/quickfindpattern.h:QuickFindMatcher.isLineMatchingBackward#2","comm_179","MEMBER_OF",1,"leiden-algorithm",0
"Method:src/ui/include/quickfindpattern.h:QuickFindMatcher.getLastMatch#0","comm_179","MEMBER_OF",1,"leiden-algorithm",0
"Method:src/ui/include/quickfindpattern.h:QuickFindPattern.changeSearchPattern#2","comm_176","MEMBER_OF",1,"leiden-algorithm",0
"Method:src/ui/include/quickfindpattern.h:QuickFindPattern.getPattern#0","comm_173","MEMBER_OF",1,"leiden-algorithm",0
"Method:src/ui/include/quickfindpattern.h:QuickFindPattern.getMatcher#0","comm_314","MEMBER_OF",1,"leiden-algorithm",0
"Method:src/ui/include/quickfindmux.h:SearchableWidgetInterface.incrementallySearchForward#0","comm_178","MEMBER_OF",1,"leiden-algorithm",0
"Method:src/ui/include/quickfindmux.h:SearchableWidgetInterface.incrementallySearchBackward#0","comm_178","MEMBER_OF",1,"leiden-algorithm",0
"Method:src/ui/include/quickfindmux.h:SearchableWidgetInterface.incrementalSearchStop#0","comm_178","MEMBER_OF",1,"leiden-algorithm",0
"Method:src/ui/include/quickfindmux.h:SearchableWidgetInterface.incrementalSearchAbort#0","comm_178","MEMBER_OF",1,"leiden-algorithm",0
"Method:src/ui/include/quickfindmux.h:QuickFindMuxSelectorInterface.getActiveSearchable#0","comm_178","MEMBER_OF",1,"leiden-algorithm",0
"Method:src/ui/include/quickfindmux.h:QuickFindMuxSelectorInterface.getAllSearchables#0","comm_175","MEMBER_OF",1,"leiden-algorithm",0
"Method:src/ui/include/quickfindmux.h:QuickFindMuxSelectorInterface.doGetActiveSearchable#0","comm_178","MEMBER_OF",1,"leiden-algorithm",0
"Method:src/ui/include/quickfindmux.h:QuickFindMuxSelectorInterface.doGetAllSearchables#0","comm_175","MEMBER_OF",1,"leiden-algorithm",0
"Method:src/ui/include/quickfindmux.h:QuickFindMux.patternChanged#1","comm_230","MEMBER_OF",1,"leiden-algorithm",0
"Method:src/ui/include/quickfindmux.h:QuickFindMux.clearNotification#0","comm_177","MEMBER_OF",1,"leiden-algorithm",0
"Method:src/ui/include/quickfind.h:SearchingNotifier.ping#3","comm_179","MEMBER_OF",1,"leiden-algorithm",0
"Method:src/ui/include/quickfind.h:SearchingNotifier.sendNotification#3","comm_179","MEMBER_OF",1,"leiden-algorithm",0
"Method:src/ui/include/quickfind.h:QuickFind.resetLimits#0","comm_309","MEMBER_OF",1,"leiden-algorithm",0
"Method:src/ui/include/quickfind.h:QuickFind.stopSearch#0","comm_310","MEMBER_OF",1,"leiden-algorithm",0
"Method:src/ui/include/quickfind.h:QuickFind.clearNotification#0","comm_106","MEMBER_OF",1,"leiden-algorithm",0
"Method:src/ui/include/quickfind.h:LastMatchPosition.set#2","comm_344","MEMBER_OF",1,"leiden-algorithm",0
"Method:src/ui/include/quickfind.h:LastMatchPosition.set#1","comm_183","MEMBER_OF",1,"leiden-algorithm",0
"Method:src/ui/include/quickfind.h:LastMatchPosition.isLater#2","comm_345","MEMBER_OF",1,"leiden-algorithm",0
"Method:src/ui/include/quickfind.h:LastMatchPosition.isLater#1","comm_183","MEMBER_OF",1,"leiden-algorithm",0
"Method:src/ui/include/quickfind.h:LastMatchPosition.isSooner#2","comm_346","MEMBER_OF",1,"leiden-algorithm",0
"Method:src/ui/include/quickfind.h:LastMatchPosition.isSooner#1","comm_179","MEMBER_OF",1,"leiden-algorithm",0
"Method:src/ui/include/quickfind.h:IncrementalSearchStatus.IncrementalSearchStatus","comm_180","MEMBER_OF",1,"leiden-algorithm",0
"Method:src/ui/include/quickfind.h:IncrementalSearchStatus.isOngoing#0","comm_180","MEMBER_OF",1,"leiden-algorithm",0
"Method:src/ui/include/quickfind.h:IncrementalSearchStatus.direction#0","comm_182","MEMBER_OF",1,"leiden-algorithm",0
"Method:src/ui/include/quickfind.h:IncrementalSearchStatus.position#0","comm_181","MEMBER_OF",1,"leiden-algorithm",0
"Method:src/ui/include/quickfind.h:IncrementalSearchStatus.initialSelection#0","comm_180","MEMBER_OF",1,"leiden-algorithm",0
"Method:src/ui/include/qfnotifications.h:QFNotification.message#0","comm_89","MEMBER_OF",1,"leiden-algorithm",0
"Method:src/ui/include/qfnotifications.h:QFNotification.maxWidth#1","comm_171","MEMBER_OF",1,"leiden-algorithm",0
"Method:src/ui/include/qfnotifications.h:QFNotificationReachedEndOfFile.QFNotificationReachedEndOfFile#0","comm_183","MEMBER_OF",1,"leiden-algorithm",0
"Method:src/ui/include/qfnotifications.h:QFNotificationReachedBegininningOfFile.QFNotificationReachedBegininningOfFile#0","comm_179","MEMBER_OF",1,"leiden-algorithm",0
"Method:src/ui/include/previewstablemodel.h:PreviewsTableModel.columnCount#1","comm_81","MEMBER_OF",1,"leiden-algorithm",0
"Method:src/ui/include/previewstablemodel.h:PreviewsTableModel.refresh#0","comm_250","MEMBER_OF",1,"leiden-algorithm",0
"Method:src/ui/include/previewmessagetab.h:PreviewMessageTab.refreshPreviewList#0","comm_186","MEMBER_OF",1,"leiden-algorithm",0
"Method:src/ui/include/previewmanager.h:PreviewManager.importFromFile#1","comm_11","MEMBER_OF",1,"leiden-algorithm",0
"Method:src/ui/include/previewmanager.h:PreviewManager.removeByName#1","comm_194","MEMBER_OF",1,"leiden-algorithm",0
"Method:src/ui/include/previewmanager.h:PreviewManager.clearAll#0","comm_11","MEMBER_OF",1,"leiden-algorithm",0
"Method:src/ui/include/previewmanager.h:PreviewManager.all#0","comm_194","MEMBER_OF",1,"leiden-algorithm",0
"Method:src/ui/include/previewmanager.h:PreviewManager.enabled#0","comm_86","MEMBER_OF",1,"leiden-algorithm",0
"Method:src/ui/include/previewmanager.h:PreviewManager.findByName#1","comm_189","MEMBER_OF",1,"leiden-algorithm",0
"Method:src/ui/include/previewmanager.h:PreviewManager.findFirstMatchingEnabledPreview#1","comm_194","MEMBER_OF",1,"leiden-algorithm",0
"Method:src/ui/include/previewconfigparser.h:PreviewConfigParser.parseFile#1","comm_188","MEMBER_OF",1,"leiden-algorithm",0
"Method:src/ui/include/predefinedfilters.h:PredefinedFiltersCollection.getFilters#0","comm_203","MEMBER_OF",1,"leiden-algorithm",0
"Method:src/ui/include/predefinedfilters.h:PredefinedFiltersCollection.setFilters#1","comm_202","MEMBER_OF",1,"leiden-algorithm",0
"Method:src/ui/include/predefinedfilters.h:PredefinedFiltersCollection.retrieveFromStorage#1","comm_203","MEMBER_OF",1,"leiden-algorithm",0
"Method:src/ui/include/predefinedfilters.h:PredefinedFiltersCollection.saveToStorage#1~QSettings$const","comm_202","MEMBER_OF",1,"leiden-algorithm",0
"Method:src/ui/include/overview.h:WeightedLine.weight#0","comm_207","MEMBER_OF",1,"leiden-algorithm",0
"Method:src/ui/include/overview.h:WeightedLine.load#0","comm_210","MEMBER_OF",1,"leiden-algorithm",0
"Method:src/ui/include/overview.h:Overview.setFilteredData#1","comm_246","MEMBER_OF",1,"leiden-algorithm",0
"Method:src/ui/include/overview.h:Overview.setVisible#1","comm_212","MEMBER_OF",1,"leiden-algorithm",0
"Method:src/ui/include/overview.h:Overview.updateCurrentPosition#2","comm_86","MEMBER_OF",1,"leiden-algorithm",0
"Method:src/ui/include/overview.h:Overview.isVisible#0","comm_81","MEMBER_OF",1,"leiden-algorithm",0
"Method:src/ui/include/overview.h:Overview.updateView#1","comm_207","MEMBER_OF",1,"leiden-algorithm",0
"Method:src/ui/include/overview.h:Overview.getMatchLines#0","comm_207","MEMBER_OF",1,"leiden-algorithm",0
"Method:src/ui/include/overview.h:Overview.getMarkLines#0","comm_207","MEMBER_OF",1,"leiden-algorithm",0
"Method:src/ui/include/overview.h:Overview.getViewLines#0","comm_207","MEMBER_OF",1,"leiden-algorithm",0
"Method:src/ui/include/overview.h:Overview.fileLineFromY#1","comm_208","MEMBER_OF",1,"leiden-algorithm",0
"Method:src/ui/include/overview.h:Overview.yFromFileLine#1","comm_207","MEMBER_OF",1,"leiden-algorithm",0
"Method:src/ui/include/opencomportdialog.h:OpenComPortDialog.settings#0","comm_139","MEMBER_OF",1,"leiden-algorithm",0
"Method:src/ui/include/menu.h:HoverMenu.mouseInMenu#1","comm_356","MEMBER_OF",1,"leiden-algorithm",0
"Method:src/ui/include/mainwindow.h:MainWindow.reloadGeometry#0","comm_70","MEMBER_OF",1,"leiden-algorithm",0
"Method:src/ui/include/mainwindow.h:MainWindow.reloadSession#0","comm_70","MEMBER_OF",1,"leiden-algorithm",0
"Method:src/ui/include/mainwindow.h:MainWindow.loadInitialFile#2","comm_44","MEMBER_OF",1,"leiden-algorithm",0
"Method:src/ui/include/mainwindow.h:MainWindow.isStartupReadyForDisplay#0","comm_70","MEMBER_OF",1,"leiden-algorithm",0
"Method:src/ui/include/mainwindow.h:MainWindow.executeCommanderRequest#1","comm_73","MEMBER_OF",1,"leiden-algorithm",0
"Method:src/ui/include/mainwindow.h:MainWindow.commanderWindowInfo#0","comm_47","MEMBER_OF",1,"leiden-algorithm",0
"Method:src/ui/include/mainwindow.h:MainWindow.automationSnapshot#0","comm_44","MEMBER_OF",1,"leiden-algorithm",0
"Method:src/ui/include/mainwindow.h:MainWindow.automationUiTree#0","comm_44","MEMBER_OF",1,"leiden-algorithm",0
"Method:src/ui/include/mainwindow.h:MainWindow.refreshScriptStatusIndicators#0","comm_357","MEMBER_OF",1,"leiden-algorithm",0
"Method:src/ui/include/mainwindow.h:MainWindow.installLanguage#1","comm_44","MEMBER_OF",1,"leiden-algorithm",0
"Method:src/ui/include/mainwindow.h:MainWindow.event#1","comm_358","MEMBER_OF",1,"leiden-algorithm",0
"Method:src/ui/include/mainwindow.h:MainWindow.open#0","comm_359","MEMBER_OF",1,"leiden-algorithm",0
"Method:src/ui/include/mainwindow.h:MainWindow.windowActivated#0","comm_360","MEMBER_OF",1,"leiden-algorithm",0
"Method:src/ui/include/mainwindow.h:ComCaptureStartOptions.interactive#0","comm_139","MEMBER_OF",1,"leiden-algorithm",0
"Method:src/ui/include/mainwindow.h:ComCaptureStartOptions.restore#0","comm_139","MEMBER_OF",1,"leiden-algorithm",0
"Method:src/ui/include/mainwindow.h:MainWindow.startComCaptureSession#3","comm_361","MEMBER_OF",1,"leiden-algorithm",0
"Method:src/ui/include/mainwindow.h:MainWindow.startComCaptureSession#1","comm_361","MEMBER_OF",1,"leiden-algorithm",0
"Method:src/ui/include/infoline.h:InfoLine.displayGauge#1","comm_201","MEMBER_OF",1,"leiden-algorithm",0
"Method:src/ui/include/infoline.h:InfoLine.hideGauge#0","comm_201","MEMBER_OF",1,"leiden-algorithm",0
"Method:src/ui/include/iconloader.h:IconLoader.load#1","comm_96","MEMBER_OF",1,"leiden-algorithm",0
"Method:src/ui/include/highlightersmenu.h:HighlightersMenu.addAction#2","comm_245","MEMBER_OF",1,"leiden-algorithm",0
"Method:src/ui/include/highlightersmenu.h:HighlightersMenu.clearHighlightersMenu#0","comm_245","MEMBER_OF",1,"leiden-algorithm",0
"Method:src/ui/include/highlightersmenu.h:HighlightersMenu.createHighlightersMenu#0","comm_245","MEMBER_OF",1,"leiden-algorithm",0
"Method:src/ui/include/highlightersmenu.h:HighlightersMenu.populateHighlightersMenu#0","comm_245","MEMBER_OF",1,"leiden-algorithm",0
"Method:src/ui/include/highlightersmenu.h:HighlightersMenu.setApplyChange#1","comm_214","MEMBER_OF",1,"leiden-algorithm",0
"Method:src/ui/include/highlightersetedit.h:HighlighterSetEdit.reset#0","comm_259","MEMBER_OF",1,"leiden-algorithm",0
"Method:src/ui/include/highlighterset.h:Highlighter.Highlighter","comm_96","MEMBER_OF",1,"leiden-algorithm",0
"Method:src/ui/include/highlighterset.h:Highlighter.pattern#0","comm_254","MEMBER_OF",1,"leiden-algorithm",0
"Method:src/ui/include/highlighterset.h:Highlighter.setPattern#1","comm_101","MEMBER_OF",1,"leiden-algorithm",0
"Method:src/ui/include/highlighterset.h:Highlighter.setIgnoreCase#1","comm_101","MEMBER_OF",1,"leiden-algorithm",0
"Method:src/ui/include/highlighterset.h:Highlighter.setHighlightOnlyMatch#1","comm_101","MEMBER_OF",1,"leiden-algorithm",0
"Method:src/ui/include/highlighterset.h:Highlighter.useRegex#0","comm_13","MEMBER_OF",1,"leiden-algorithm",0
"Method:src/ui/include/highlighterset.h:Highlighter.setUseRegex#1","comm_101","MEMBER_OF",1,"leiden-algorithm",0
"Method:src/ui/include/highlighterset.h:Highlighter.setVariateColors#1","comm_101","MEMBER_OF",1,"leiden-algorithm",0
"Method:src/ui/include/highlighterset.h:Highlighter.foreColor#0","comm_254","MEMBER_OF",1,"leiden-algorithm",0
"Method:src/ui/include/highlighterset.h:Highlighter.setForeColor#1","comm_101","MEMBER_OF",1,"leiden-algorithm",0
"Method:src/ui/include/highlighterset.h:Highlighter.backColor#0","comm_254","MEMBER_OF",1,"leiden-algorithm",0
"Method:src/ui/include/highlighterset.h:Highlighter.setBackColor#1","comm_101","MEMBER_OF",1,"leiden-algorithm",0
"Method:src/ui/include/highlighterset.h:HighlighterSet.createNewSet#1","comm_96","MEMBER_OF",1,"leiden-algorithm",0
"Method:src/ui/include/highlighterset.h:HighlighterSet.name#0","comm_102","MEMBER_OF",1,"leiden-algorithm",0
"Method:src/ui/include/highlighterset.h:HighlighterSet.id#0","comm_96","MEMBER_OF",1,"leiden-algorithm",0
"Method:src/ui/include/highlighterset.h:HighlighterSet.matchLine#2","comm_101","MEMBER_OF",1,"leiden-algorithm",0
"Method:src/ui/include/highlighterset.h:HighlighterSet.isEmpty#0","comm_96","MEMBER_OF",1,"leiden-algorithm",0
"Method:src/ui/include/highlighterset.h:HighlighterSetCollection.currentActiveSet#0","comm_101","MEMBER_OF",1,"leiden-algorithm",0
"Method:src/ui/include/highlighterset.h:HighlighterSetCollection.hasSet#1","comm_260","MEMBER_OF",1,"leiden-algorithm",0
"Method:src/ui/include/highlighterset.h:HighlighterSetCollection.hasSetByName#1","comm_260","MEMBER_OF",1,"leiden-algorithm",0
"Method:src/ui/include/highlighterset.h:HighlighterSetCollection.deactivateSet#1","comm_96","MEMBER_OF",1,"leiden-algorithm",0
"Method:src/ui/include/highlighterset.h:HighlighterSetCollection.quickHighlighters#0","comm_292","MEMBER_OF",1,"leiden-algorithm",0
"Method:src/ui/include/highlighterset.h:HighlighterSetCollection.setQuickHighlighters#1","comm_96","MEMBER_OF",1,"leiden-algorithm",0
"Method:src/ui/include/highlighterset.h:HighlighterSetCollection.retrieveFromStorage#1","comm_260","MEMBER_OF",1,"leiden-algorithm",0
"Method:src/ui/include/highlighteredit.h:HighlighterEdit.showColorPicker#2","comm_218","MEMBER_OF",1,"leiden-algorithm",0
"Method:src/ui/include/highlighteredit.h:HighlighterEdit.updateIcon#2","comm_218","MEMBER_OF",1,"leiden-algorithm",0
"Method:src/ui/include/highlightedmatch.h:HighlightedMatch.startColumn#0","comm_366","MEMBER_OF",1,"leiden-algorithm",0
"Method:src/ui/include/highlightedmatch.h:HighlightedMatch.endColumn#0","comm_366","MEMBER_OF",1,"leiden-algorithm",0
"Method:src/ui/include/highlightedmatch.h:HighlightedMatch.size#0","comm_366","MEMBER_OF",1,"leiden-algorithm",0
"Method:src/ui/include/highlightedmatch.h:HighlightedMatch.foreColor#0","comm_366","MEMBER_OF",1,"leiden-algorithm",0
"Method:src/ui/include/highlightedmatch.h:HighlightedMatch.backColor#0","comm_366","MEMBER_OF",1,"leiden-algorithm",0
"Method:src/ui/include/highlightedmatch.h:HighlightedMatchRanges.matches#0","comm_101","MEMBER_OF",1,"leiden-algorithm",0
"Method:src/ui/include/highlightedmatch.h:HighlightedMatchRanges.clear#0","comm_86","MEMBER_OF",1,"leiden-algorithm",0
"Method:src/ui/include/highlightedmatch.h:HighlightedMatchRanges.empty#0","comm_101","MEMBER_OF",1,"leiden-algorithm",0
"Method:src/ui/include/highlightedmatch.h:HighlightedMatchRanges.front#0","comm_367","MEMBER_OF",1,"leiden-algorithm",0
"Method:src/ui/include/highlightedmatch.h:HighlightedMatchRanges.back#0","comm_86","MEMBER_OF",1,"leiden-algorithm",0
"Method:src/ui/include/highlightedmatch.h:HighlightedMatchRanges.clamp#2","comm_366","MEMBER_OF",1,"leiden-algorithm",0
"Method:src/ui/include/highlightedmatch.h:HighlightedMatchRanges.addMatches#1","comm_258","MEMBER_OF",1,"leiden-algorithm",0
"Method:src/ui/include/highlightedmatch.h:HighlightedMatchRanges.addMatch#1","comm_366","MEMBER_OF",1,"leiden-algorithm",0
"Method:src/ui/include/fontutils.h:FontUtils.availableFonts#0","comm_211","MEMBER_OF",1,"leiden-algorithm",0
"Method:src/ui/include/fontutils.h:FontUtils.availableFontSizes#1","comm_217","MEMBER_OF",1,"leiden-algorithm",0
"Method:src/ui/include/favoritefiles.h:FavoriteFiles.favorites#0","comm_206","MEMBER_OF",1,"leiden-algorithm",0
"Method:src/ui/include/encodings.h:EncodingMenu.supportedEncodings#0","comm_214","MEMBER_OF",1,"leiden-algorithm",0
"Method:src/ui/include/encodings.h:EncodingMenu.generate#1","comm_214","MEMBER_OF",1,"leiden-algorithm",0
"Method:src/ui/include/downloader.h:Downloader.download#2","comm_235","MEMBER_OF",1,"leiden-algorithm",0
"Method:src/ui/include/downloader.h:Downloader.lastError#0","comm_235","MEMBER_OF",1,"leiden-algorithm",0
"Method:src/ui/include/displayfilepath.h:DisplayFilePath.fullPath#0","comm_139","MEMBER_OF",1,"leiden-algorithm",0
"Method:src/ui/include/displayfilepath.h:DisplayFilePath.nativeFullPath#0","comm_227","MEMBER_OF",1,"leiden-algorithm",0
"Method:src/ui/include/displayfilepath.h:DisplayFilePath.displayName#0","comm_206","MEMBER_OF",1,"leiden-algorithm",0
"Method:src/ui/include/decompressor.h:Decompressor.decompress#3","comm_244","MEMBER_OF",1,"leiden-algorithm",0
"Method:src/ui/include/decompressor.h:Decompressor.extract#3","comm_244","MEMBER_OF",1,"leiden-algorithm",0
"Method:src/ui/include/decompressor.h:Decompressor.waitForResult#0","comm_244","MEMBER_OF",1,"leiden-algorithm",0
"Method:src/ui/include/crawlerwidget.h:CrawlerWidget.getSelectedText#0","comm_31","MEMBER_OF",1,"leiden-algorithm",0
"Method:src/ui/include/crawlerwidget.h:CrawlerWidget.isPartialSelection#0","comm_31","MEMBER_OF",1,"leiden-algorithm",0
"Method:src/ui/include/crawlerwidget.h:CrawlerWidget.selectAll#0","comm_30","MEMBER_OF",1,"leiden-algorithm",0
"Method:src/ui/include/crawlerwidget.h:CrawlerWidget.encodingMib#0","comm_38","MEMBER_OF",1,"leiden-algorithm",0
"Method:src/ui/include/crawlerwidget.h:CrawlerWidget.encodingText#0","comm_240","MEMBER_OF",1,"leiden-algorithm",0
"Method:src/ui/include/crawlerwidget.h:CrawlerWidget.isFollowEnabled#0","comm_38","MEMBER_OF",1,"leiden-algorithm",0
"Method:src/ui/include/crawlerwidget.h:CrawlerWidget.isTextWrapEnabled#0","comm_38","MEMBER_OF",1,"leiden-algorithm",0
"Method:src/ui/include/crawlerwidget.h:CrawlerWidget.isStartupPreparationPending#0","comm_228","MEMBER_OF",1,"leiden-algorithm",0
"Method:src/ui/include/crawlerwidget.h:CrawlerWidget.isLoadingInProgress#0","comm_228","MEMBER_OF",1,"leiden-algorithm",0
"Method:src/ui/include/crawlerwidget.h:CrawlerWidget.isSearchInProgress#0","comm_228","MEMBER_OF",1,"leiden-algorithm",0
"Method:src/ui/include/crawlerwidget.h:CrawlerWidget.searchText#0","comm_228","MEMBER_OF",1,"leiden-algorithm",0
"Method:src/ui/include/crawlerwidget.h:CrawlerWidget.matchCount#0","comm_228","MEMBER_OF",1,"leiden-algorithm",0
"Method:src/ui/include/crawlerwidget.h:CrawlerWidget.currentLineNumber#0","comm_228","MEMBER_OF",1,"leiden-algorithm",0
"Method:src/ui/include/crawlerwidget.h:CrawlerWidget.currentColumnNumber#0","comm_228","MEMBER_OF",1,"leiden-algorithm",0
"Method:src/ui/include/crawlerwidget.h:CrawlerWidget.visibleLineRange#0","comm_228","MEMBER_OF",1,"leiden-algorithm",0
"Method:src/ui/include/crawlerwidget.h:CrawlerWidget.mainVisibleLineRange#0","comm_228","MEMBER_OF",1,"leiden-algorithm",0
"Method:src/ui/include/crawlerwidget.h:CrawlerWidget.filteredVisibleLineRange#0","comm_228","MEMBER_OF",1,"leiden-algorithm",0
"Method:src/ui/include/crawlerwidget.h:CrawlerWidget.focusedViewObjectName#0","comm_228","MEMBER_OF",1,"leiden-algorithm",0
"Method:src/ui/include/crawlerwidget.h:CrawlerWidget.lastErrorText#0","comm_228","MEMBER_OF",1,"leiden-algorithm",0
"Method:src/ui/include/crawlerwidget.h:CrawlerWidget.setViewContextLazy#1","comm_139","MEMBER_OF",1,"leiden-algorithm",0
"Method:src/ui/include/crawlerwidget.h:CrawlerWidget.stopLoading#0","comm_95","MEMBER_OF",1,"leiden-algorithm",0
"Method:src/ui/include/crawlerwidget.h:CrawlerWidget.reload#0","comm_95","MEMBER_OF",1,"leiden-algorithm",0
"Method:src/ui/include/crawlerwidget.h:CrawlerWidget.setEncoding#1","comm_240","MEMBER_OF",1,"leiden-algorithm",0
"Method:src/ui/include/crawlerwidget.h:CrawlerWidget.focusSearchEdit#0","comm_233","MEMBER_OF",1,"leiden-algorithm",0
"Method:src/ui/include/crawlerwidget.h:CrawlerWidget.goToLine#0","comm_95","MEMBER_OF",1,"leiden-algorithm",0
"Method:src/ui/include/crawlerwidget.h:CrawlerWidget.applyConfiguration#0","comm_237","MEMBER_OF",1,"leiden-algorithm",0
"Method:src/ui/include/crawlerwidget.h:CrawlerWidget.commanderFilters#0","comm_139","MEMBER_OF",1,"leiden-algorithm",0
"Method:src/ui/include/crawlerwidget.h:CrawlerWidget.commanderPredefinedFilters#0","comm_139","MEMBER_OF",1,"leiden-algorithm",0
"Method:src/ui/include/crawlerwidget.h:CrawlerWidget.commanderFilterById#1","comm_242","MEMBER_OF",1,"leiden-algorithm",0
"Method:src/ui/include/crawlerwidget.h:CrawlerWidget.commanderFilterByIndex#1","comm_242","MEMBER_OF",1,"leiden-algorithm",0
"Method:src/ui/include/crawlerwidget.h:CrawlerWidget.commanderPredefinedFilterById#1","comm_242","MEMBER_OF",1,"leiden-algorithm",0
"Method:src/ui/include/crawlerwidget.h:CrawlerWidget.commanderPredefinedFilterByIndex#1","comm_242","MEMBER_OF",1,"leiden-algorithm",0
"Method:src/ui/include/crawlerwidget.h:CrawlerWidget.applyCommanderSearchPattern#3","comm_242","MEMBER_OF",1,"leiden-algorithm",0
"Method:src/ui/include/crawlerwidget.h:CrawlerWidget.applyCommanderPredefinedFilter#3","comm_242","MEMBER_OF",1,"leiden-algorithm",0
"Method:src/ui/include/crawlerwidget.h:CrawlerWidget.applyCommanderAutomationSearch#1","comm_139","MEMBER_OF",1,"leiden-algorithm",0
"Method:src/ui/include/crawlerwidget.h:CrawlerWidget.loadingFinished#1","comm_230","MEMBER_OF",1,"leiden-algorithm",0
"Method:src/ui/include/crawlerwidget.h:CrawlerWidget.textWrapSet#1","comm_38","MEMBER_OF",1,"leiden-algorithm",0
"Method:src/ui/include/crawlerwidget.h:CrawlerWidget.followModeChanged#1","comm_230","MEMBER_OF",1,"leiden-algorithm",0
"Method:src/ui/include/crawlerwidget.h:CrawlerWidget.newSelection#4","comm_230","MEMBER_OF",1,"leiden-algorithm",0
"Method:src/ui/include/crawlerwidget.h:CrawlerWidget.saveCurrentSearchAsPredefinedFilter#1","comm_230","MEMBER_OF",1,"leiden-algorithm",0
"Method:src/ui/include/crawlerwidget.h:CrawlerWidget.filteredViewChanged#0","comm_230","MEMBER_OF",1,"leiden-algorithm",0
"Method:src/ui/include/crawlerwidget.h:CrawlerWidget.searchForward#0","comm_230","MEMBER_OF",1,"leiden-algorithm",0
"Method:src/ui/include/crawlerwidget.h:CrawlerWidget.searchBackward#0","comm_230","MEMBER_OF",1,"leiden-algorithm",0
"Method:src/ui/include/crawlerwidget.h:SearchState.resetState#0","comm_201","MEMBER_OF",1,"leiden-algorithm",0
"Method:src/ui/include/crawlerwidget.h:SearchState.setAutorefresh#1","comm_273","MEMBER_OF",1,"leiden-algorithm",0
"Method:src/ui/include/crawlerwidget.h:SearchState.truncateFile#0","comm_201","MEMBER_OF",1,"leiden-algorithm",0
"Method:src/ui/include/crawlerwidget.h:SearchState.changeExpression#0","comm_184","MEMBER_OF",1,"leiden-algorithm",0
"Method:src/ui/include/crawlerwidget.h:SearchState.startSearch#0","comm_201","MEMBER_OF",1,"leiden-algorithm",0
"Method:src/ui/include/crawlerwidget.h:SearchState.getState#0","comm_201","MEMBER_OF",1,"leiden-algorithm",0
"Method:src/ui/include/crawlerwidget.h:SearchState.isAutorefreshAllowed#0","comm_201","MEMBER_OF",1,"leiden-algorithm",0
"Method:src/ui/include/crawlerwidget.h:SearchState.isFileTruncated#0","comm_201","MEMBER_OF",1,"leiden-algorithm",0
"Method:src/ui/include/commander.h:CommanderResult.ok#0","comm_142","MEMBER_OF",1,"leiden-algorithm",0
"Method:src/ui/include/commander.h:CommanderResult.hasPayload#0","comm_368","MEMBER_OF",1,"leiden-algorithm",0
"Method:src/ui/include/actionstablemodel.h:ActionsTableModel.actionAt#1","comm_298","MEMBER_OF",1,"leiden-algorithm",0
"Method:src/ui/include/actionsmanager.h:ActionsManager.importFromDefinitions#2","comm_251","MEMBER_OF",1,"leiden-algorithm",0
"Method:src/ui/include/actionsmanager.h:ActionsManager.actions#0","comm_294","MEMBER_OF",1,"leiden-algorithm",0
"Method:src/ui/include/actionsmanager.h:ActionsManager.responses#0","comm_119","MEMBER_OF",1,"leiden-algorithm",0
"Method:src/ui/include/actionsmanager.h:ActionsManager.findActionById#1","comm_239","MEMBER_OF",1,"leiden-algorithm",0
"Method:src/ui/include/actionsmanager.h:ActionsManager.findResponseById#1","comm_139","MEMBER_OF",1,"leiden-algorithm",0
"Method:src/ui/include/actionsmanager.h:ActionsManager.findResponseByName#1","comm_139","MEMBER_OF",1,"leiden-algorithm",0
"Method:src/ui/include/actionsmanager.h:ActionsManager.nextActionId#0","comm_300","MEMBER_OF",1,"leiden-algorithm",0
"Method:src/ui/include/actionsmanager.h:ActionsManager.nextResponseId#0","comm_294","MEMBER_OF",1,"leiden-algorithm",0
"Method:src/ui/include/actionsmanager.h:ActionsManager.createAction#2","comm_300","MEMBER_OF",1,"leiden-algorithm",0
"Method:src/ui/include/actionsmanager.h:ActionsManager.updateAction#3","comm_300","MEMBER_OF",1,"leiden-algorithm",0
"Method:src/ui/include/actionsmanager.h:ActionsManager.deleteAction#2","comm_298","MEMBER_OF",1,"leiden-algorithm",0
"Method:src/ui/include/actionsmanager.h:ActionsManager.moveAction#3","comm_298","MEMBER_OF",1,"leiden-algorithm",0
"Method:src/ui/include/actionsmanager.h:ActionsManager.createResponse#2","comm_294","MEMBER_OF",1,"leiden-algorithm",0
"Method:src/ui/include/actionsmanager.h:ActionsManager.updateResponse#3","comm_294","MEMBER_OF",1,"leiden-algorithm",0
"Method:src/ui/include/actionsmanager.h:ActionsManager.deleteResponse#2","comm_299","MEMBER_OF",1,"leiden-algorithm",0
"Method:src/ui/include/actionsmanager.h:ActionsManager.moveResponse#3","comm_299","MEMBER_OF",1,"leiden-algorithm",0
"Method:src/ui/include/actionsmanager.h:ActionsManager.setResponseEnabled#2","comm_161","MEMBER_OF",1,"leiden-algorithm",0
"Method:src/ui/include/actionsmanager.h:ActionsManager.autoResponsesEnabled#0","comm_118","MEMBER_OF",1,"leiden-algorithm",0
"Method:src/ui/include/actionsmanager.h:ActionsManager.setAutoResponsesEnabled#1","comm_295","MEMBER_OF",1,"leiden-algorithm",0
"Method:src/ui/include/actionsconfigparser.h:ActionsConfigParser.parseFile#1","comm_251","MEMBER_OF",1,"leiden-algorithm",0
"Method:src/ui/include/actioneditdialog.h:ActionEditDialog.setAction#1","comm_300","MEMBER_OF",1,"leiden-algorithm",0
"Method:src/ui/include/actioneditdialog.h:ActionEditDialog.action#0","comm_300","MEMBER_OF",1,"leiden-algorithm",0
"Method:src/ui/include/abstractlogview.h:DigitsBuffer.isEmpty#0","comm_201","MEMBER_OF",1,"leiden-algorithm",0
"Method:src/ui/include/abstractlogview.h:AbstractLogView.updateFont#1","comm_217","MEMBER_OF",1,"leiden-algorithm",0
"Method:src/ui/include/abstractlogview.h:AbstractLogView.updateData#0","comm_201","MEMBER_OF",1,"leiden-algorithm",0
"Method:src/ui/include/abstractlogview.h:AbstractLogView.visibleLineStart#0","comm_279","MEMBER_OF",1,"leiden-algorithm",0
"Method:src/ui/include/abstractlogview.h:AbstractLogView.visibleLineEnd#0","comm_279","MEMBER_OF",1,"leiden-algorithm",0
"Method:src/ui/include/abstractlogview.h:AbstractLogView.getSelectedText#0","comm_372","MEMBER_OF",1,"leiden-algorithm",0
"Method:src/ui/include/abstractlogview.h:AbstractLogView.allowFollowMode#1","comm_280","MEMBER_OF",1,"leiden-algorithm",0
"Method:src/ui/include/abstractlogview.h:AbstractLogView.setQuickHighlighters#1","comm_275","MEMBER_OF",1,"leiden-algorithm",0
"Method:src/ui/include/abstractlogview.h:AbstractLogView.lineType#1","comm_101","MEMBER_OF",1,"leiden-algorithm",0
"Method:src/ui/include/abstractlogview.h:AbstractLogView.getOverview#0","comm_246","MEMBER_OF",1,"leiden-algorithm",0
"Method:src/ui/include/abstractlogview.h:AbstractLogView.clearQuickFindNotification#0","comm_177","MEMBER_OF",1,"leiden-algorithm",0
"Method:src/ui/include/abstractlogview.h:AbstractLogView.clearSearchLimits#0","comm_317","MEMBER_OF",1,"leiden-algorithm",0
"Method:src/ui/include/abstractlogview.h:AbstractLogView.trySelectLine#1","comm_283","MEMBER_OF",1,"leiden-algorithm",0
"Method:src/ui/include/abstractlogview.h:AbstractLogView.selectAndDisplayLine#1","comm_201","MEMBER_OF",1,"leiden-algorithm",0
"Method:src/ui/include/abstractlogview.h:AbstractLogView.selectPortionAndDisplayLine#4","comm_285","MEMBER_OF",1,"leiden-algorithm",0
"Method:src/ui/include/abstractlogview.h:AbstractLogView.refreshOverview#0","comm_280","MEMBER_OF",1,"leiden-algorithm",0
"Method:src/ui/include/abstractlogview.h:AbstractLogView.setLineNumbersVisible#1","comm_280","MEMBER_OF",1,"leiden-algorithm",0
"Method:src/ui/include/abstractlogview.h:AbstractLogView.forceRefresh#0","comm_201","MEMBER_OF",1,"leiden-algorithm",0
"Method:src/settings/src/styles.cpp:availableStyles#0","comm_60","MEMBER_OF",1,"leiden-algorithm",0
"Method:src/settings/src/styles.cpp:applyStyle#1","comm_216","MEMBER_OF",1,"leiden-algorithm",0
"Method:src/settings/src/shortcuts.cpp:defaultShortcutKeys#1","comm_374","MEMBER_OF",1,"leiden-algorithm",0
"Method:src/settings/src/shortcuts.cpp:registerShortcut#5","comm_375","MEMBER_OF",1,"leiden-algorithm",0
"Method:src/settings/src/shortcuts.cpp:defaultShortcutList#0","comm_376","MEMBER_OF",1,"leiden-algorithm",0
"Method:src/settings/src/persistentinfo.cpp:PersistentInfo#0","comm_88","MEMBER_OF",1,"leiden-algorithm",0
"Method:src/settings/src/persistentinfo.cpp:PreparePortableSettings#1","comm_88","MEMBER_OF",1,"leiden-algorithm",0
"Method:src/settings/src/persistentinfo.cpp:PrepareOsSettings#0","comm_88","MEMBER_OF",1,"leiden-algorithm",0
"Method:src/settings/src/persistentinfo.cpp:UpdateSettings#0","comm_88","MEMBER_OF",1,"leiden-algorithm",0
"Method:src/settings/src/persistentinfo.cpp:getInstance#0","comm_377","MEMBER_OF",1,"leiden-algorithm",0
"Method:src/settings/src/persistentinfo.cpp:getSettings#1","comm_377","MEMBER_OF",1,"leiden-algorithm",0
"Method:src/settings/src/configuration.cpp:retrieveFromStorage#1","comm_213","MEMBER_OF",1,"leiden-algorithm",0
"Method:src/settings/include/styles.h:StyleManager.availableStyles#0","comm_213","MEMBER_OF",1,"leiden-algorithm",0
"Method:src/settings/include/styles.h:StyleManager.defaultPlatformStyle#0","comm_213","MEMBER_OF",1,"leiden-algorithm",0
"Method:src/settings/include/styles.h:StyleManager.applyStyle#1","comm_44","MEMBER_OF",1,"leiden-algorithm",0
"Method:src/settings/include/shortcuts.h:ShortcutAction.defaultShortcutList#0","comm_219","MEMBER_OF",1,"leiden-algorithm",0
"Method:src/settings/include/shortcuts.h:ShortcutAction.registerShortcut#6","comm_233","MEMBER_OF",1,"leiden-algorithm",0
"Method:src/settings/include/shortcuts.h:ShortcutAction.registerShortcut#5","comm_275","MEMBER_OF",1,"leiden-algorithm",0
"Method:src/settings/include/shortcuts.h:ShortcutAction.shortcutKeys#2","comm_233","MEMBER_OF",1,"leiden-algorithm",0
"Method:src/settings/include/persistable.h:Persistable.get#0","comm_79","MEMBER_OF",1,"leiden-algorithm",0
"Method:src/settings/include/persistable.h:Persistable.getSynced#0","comm_79","MEMBER_OF",1,"leiden-algorithm",0
"Method:src/settings/include/persistable.h:Persistable.save#0","comm_206","MEMBER_OF",1,"leiden-algorithm",0
"Method:src/settings/include/persistable.h:Persistable.getPersistable#1","comm_79","MEMBER_OF",1,"leiden-algorithm",0
"Method:src/settings/include/persistable.h:Persistable.retrieve#0","comm_79","MEMBER_OF",1,"leiden-algorithm",0
"Method:src/settings/include/configuration.h:Configuration.mainFont#0","comm_217","MEMBER_OF",1,"leiden-algorithm",0
"Method:src/settings/include/configuration.h:Configuration.setMainFont#1","comm_217","MEMBER_OF",1,"leiden-algorithm",0
"Method:src/settings/include/configuration.h:Configuration.language#0","comm_44","MEMBER_OF",1,"leiden-algorithm",0
"Method:src/settings/include/configuration.h:Configuration.setLanguage#1","comm_216","MEMBER_OF",1,"leiden-algorithm",0
"Method:src/settings/include/configuration.h:Configuration.mainRegexpType#0","comm_184","MEMBER_OF",1,"leiden-algorithm",0
"Method:src/settings/include/configuration.h:Configuration.quickfindRegexpType#0","comm_172","MEMBER_OF",1,"leiden-algorithm",0
"Method:src/settings/include/configuration.h:Configuration.isQuickfindIncremental#0","comm_178","MEMBER_OF",1,"leiden-algorithm",0
"Method:src/settings/include/configuration.h:Configuration.setMainRegexpType#1","comm_216","MEMBER_OF",1,"leiden-algorithm",0
"Method:src/settings/include/configuration.h:Configuration.setQuickfindRegexpType#1","comm_216","MEMBER_OF",1,"leiden-algorithm",0
"Method:src/settings/include/configuration.h:Configuration.setQuickfindIncremental#1","comm_216","MEMBER_OF",1,"leiden-algorithm",0
"Method:src/settings/include/configuration.h:Configuration.anyFileWatchEnabled#0","comm_241","MEMBER_OF",1,"leiden-algorithm",0
"Method:src/settings/include/configuration.h:Configuration.nativeFileWatchEnabled#0","comm_241","MEMBER_OF",1,"leiden-algorithm",0
"Method:src/settings/include/configuration.h:Configuration.setNativeFileWatchEnabled#1","comm_12","MEMBER_OF",1,"leiden-algorithm",0
"Method:src/settings/include/configuration.h:Configuration.pollingEnabled#0","comm_241","MEMBER_OF",1,"leiden-algorithm",0
"Method:src/settings/include/configuration.h:Configuration.setPollingEnabled#1","comm_12","MEMBER_OF",1,"leiden-algorithm",0
"Method:src/settings/include/configuration.h:Configuration.pollIntervalMs#0","comm_379","MEMBER_OF",1,"leiden-algorithm",0
"Method:src/settings/include/configuration.h:Configuration.setPollIntervalMs#1","comm_12","MEMBER_OF",1,"leiden-algorithm",0
"Method:src/settings/include/configuration.h:Configuration.fastModificationDetection#0","comm_380","MEMBER_OF",1,"leiden-algorithm",0
"Method:src/settings/include/configuration.h:Configuration.setFastModificationDetection#1","comm_216","MEMBER_OF",1,"leiden-algorithm",0
"Method:src/settings/include/configuration.h:Configuration.loadLastSession#0","comm_44","MEMBER_OF",1,"leiden-algorithm",0
"Method:src/settings/include/configuration.h:Configuration.setLoadLastSession#1","comm_216","MEMBER_OF",1,"leiden-algorithm",0
"Method:src/settings/include/configuration.h:Configuration.followFileOnLoad#0","comm_174","MEMBER_OF",1,"leiden-algorithm",0
"Method:src/settings/include/configuration.h:Configuration.setFollowFileOnLoad#1","comm_216","MEMBER_OF",1,"leiden-algorithm",0
"Method:src/settings/include/configuration.h:Configuration.allowMultipleWindows#0","comm_238","MEMBER_OF",1,"leiden-algorithm",0
"Method:src/settings/include/configuration.h:Configuration.setAllowMultipleWindows#1","comm_216","MEMBER_OF",1,"leiden-algorithm",0
"Method:src/settings/include/configuration.h:Configuration.useParallelSearch#0","comm_381","MEMBER_OF",1,"leiden-algorithm",0
"Method:src/settings/include/configuration.h:Configuration.setUseParallelSearch#1","comm_216","MEMBER_OF",1,"leiden-algorithm",0
"Method:src/settings/include/configuration.h:Configuration.useSearchResultsCache#0","comm_174","MEMBER_OF",1,"leiden-algorithm",0
"Method:src/settings/include/configuration.h:Configuration.setUseSearchResultsCache#1","comm_12","MEMBER_OF",1,"leiden-algorithm",0
"Method:src/settings/include/configuration.h:Configuration.searchResultsCacheLines#0","comm_174","MEMBER_OF",1,"leiden-algorithm",0
"Method:src/settings/include/configuration.h:Configuration.setSearchResultsCacheLines#1","comm_216","MEMBER_OF",1,"leiden-algorithm",0
"Method:src/settings/include/configuration.h:Configuration.indexReadBufferSizeMb#0","comm_382","MEMBER_OF",1,"leiden-algorithm",0
"Method:src/settings/include/configuration.h:Configuration.setIndexReadBufferSizeMb#1","comm_12","MEMBER_OF",1,"leiden-algorithm",0
"Method:src/settings/include/configuration.h:Configuration.searchReadBufferSizeLines#0","comm_381","MEMBER_OF",1,"leiden-algorithm",0
"Method:src/settings/include/configuration.h:Configuration.setSearchReadBufferSizeLines#1","comm_12","MEMBER_OF",1,"leiden-algorithm",0
"Method:src/settings/include/configuration.h:Configuration.searchThreadPoolSize#0","comm_381","MEMBER_OF",1,"leiden-algorithm",0
"Method:src/settings/include/configuration.h:Configuration.setSearchThreadPoolSize#1","comm_383","MEMBER_OF",1,"leiden-algorithm",0
"Method:src/settings/include/configuration.h:Configuration.keepFileClosed#0","comm_174","MEMBER_OF",1,"leiden-algorithm",0
"Method:src/settings/include/configuration.h:Configuration.setKeepFileClosed#1","comm_216","MEMBER_OF",1,"leiden-algorithm",0
"Method:src/settings/include/configuration.h:Configuration.useCompressedIndex#0","comm_89","MEMBER_OF",1,"leiden-algorithm",0
"Method:src/settings/include/configuration.h:Configuration.setUseCompressedIndex#1","comm_216","MEMBER_OF",1,"leiden-algorithm",0
"Method:src/settings/include/configuration.h:Configuration.regexpEngine#0","comm_384","MEMBER_OF",1,"leiden-algorithm",0
"Method:src/settings/include/configuration.h:Configuration.useHsCombinationBit#0","comm_174","MEMBER_OF",1,"leiden-algorithm",0
"Method:src/settings/include/configuration.h:Configuration.setUseHsCombinationBit#1","comm_216","MEMBER_OF",1,"leiden-algorithm",0
"Method:src/settings/include/configuration.h:Configuration.setRegexpEnging#1","comm_216","MEMBER_OF",1,"leiden-algorithm",0
"Method:src/settings/include/configuration.h:Configuration.versionCheckingEnabled#0","comm_79","MEMBER_OF",1,"leiden-algorithm",0
"Method:src/settings/include/configuration.h:Configuration.setVersionCheckingEnabled#1","comm_216","MEMBER_OF",1,"leiden-algorithm",0
"Method:src/settings/include/configuration.h:Configuration.isOverviewVisible#0","comm_280","MEMBER_OF",1,"leiden-algorithm",0
"Method:src/settings/include/configuration.h:Configuration.setOverviewVisible#1","comm_206","MEMBER_OF",1,"leiden-algorithm",0
"Method:src/settings/include/configuration.h:Configuration.mainLineNumbersVisible#0","comm_280","MEMBER_OF",1,"leiden-algorithm",0
"Method:src/settings/include/configuration.h:Configuration.filteredLineNumbersVisible#0","comm_280","MEMBER_OF",1,"leiden-algorithm",0
"Method:src/settings/include/configuration.h:Configuration.minimizeToTray#0","comm_14","MEMBER_OF",1,"leiden-algorithm",0
"Method:src/settings/include/configuration.h:Configuration.showTabsBarByDefault#0","comm_95","MEMBER_OF",1,"leiden-algorithm",0
"Method:src/settings/include/configuration.h:Configuration.style#0","comm_111","MEMBER_OF",1,"leiden-algorithm",0
"Method:src/settings/include/configuration.h:Configuration.setMainLineNumbersVisible#1","comm_206","MEMBER_OF",1,"leiden-algorithm",0
"Method:src/settings/include/configuration.h:Configuration.setFilteredLineNumbersVisible#1","comm_206","MEMBER_OF",1,"leiden-algorithm",0
"Method:src/settings/include/configuration.h:Configuration.setMinimizeToTray#1","comm_14","MEMBER_OF",1,"leiden-algorithm",0
"Method:src/settings/include/configuration.h:Configuration.setShowTabsBarByDefault#1","comm_216","MEMBER_OF",1,"leiden-algorithm",0
"Method:src/settings/include/configuration.h:Configuration.setStyle#1","comm_216","MEMBER_OF",1,"leiden-algorithm",0
"Method:src/settings/include/configuration.h:Configuration.loggingLevel#0","comm_238","MEMBER_OF",1,"leiden-algorithm",0
"Method:src/settings/include/configuration.h:Configuration.setEnableLogging#1","comm_216","MEMBER_OF",1,"leiden-algorithm",0
"Method:src/settings/include/configuration.h:Configuration.setLoggingLevel#1","comm_216","MEMBER_OF",1,"leiden-algorithm",0
"Method:src/settings/include/configuration.h:Configuration.isSearchAutoRefreshDefault#0","comm_184","MEMBER_OF",1,"leiden-algorithm",0
"Method:src/settings/include/configuration.h:Configuration.setSearchAutoRefreshDefault#1","comm_216","MEMBER_OF",1,"leiden-algorithm",0
"Method:src/settings/include/configuration.h:Configuration.isSearchIgnoreCaseDefault#0","comm_184","MEMBER_OF",1,"leiden-algorithm",0
"Method:src/settings/include/configuration.h:Configuration.setSearchIgnoreCaseDefault#1","comm_216","MEMBER_OF",1,"leiden-algorithm",0
"Method:src/settings/include/configuration.h:Configuration.isSearchLogicalCombiningDefault#0","comm_184","MEMBER_OF",1,"leiden-algorithm",0
"Method:src/settings/include/configuration.h:Configuration.setSearchLogicalCombiningDefault#1","comm_216","MEMBER_OF",1,"leiden-algorithm",0
"Method:src/settings/include/configuration.h:Configuration.splitterSizes#0","comm_184","MEMBER_OF",1,"leiden-algorithm",0
"Method:src/settings/include/configuration.h:Configuration.setSplitterSizes#1","comm_272","MEMBER_OF",1,"leiden-algorithm",0
"Method:src/settings/include/configuration.h:Configuration.extractArchives#0","comm_244","MEMBER_OF",1,"leiden-algorithm",0
"Method:src/settings/include/configuration.h:Configuration.setExtractArchives#1","comm_216","MEMBER_OF",1,"leiden-algorithm",0
"Method:src/settings/include/configuration.h:Configuration.extractArchivesAlways#0","comm_244","MEMBER_OF",1,"leiden-algorithm",0
"Method:src/settings/include/configuration.h:Configuration.setExtractArchivesAlways#1","comm_216","MEMBER_OF",1,"leiden-algorithm",0
"Method:src/settings/include/configuration.h:Configuration.verifySslPeers#0","comm_174","MEMBER_OF",1,"leiden-algorithm",0
"Method:src/settings/include/configuration.h:Configuration.setVerifySslPeers#1","comm_216","MEMBER_OF",1,"leiden-algorithm",0
"Method:src/settings/include/configuration.h:Configuration.forceFontAntialiasing#0","comm_280","MEMBER_OF",1,"leiden-algorithm",0
"Method:src/settings/include/configuration.h:Configuration.setForceFontAntialiasing#1","comm_216","MEMBER_OF",1,"leiden-algorithm",0
"Method:src/settings/include/configuration.h:Configuration.useBoldFont#0","comm_280","MEMBER_OF",1,"leiden-algorithm",0
"Method:src/settings/include/configuration.h:Configuration.setUseBoldFont#1","comm_216","MEMBER_OF",1,"leiden-algorithm",0
"Method:src/settings/include/configuration.h:Configuration.enableQtHighDpi#0","comm_44","MEMBER_OF",1,"leiden-algorithm",0
"Method:src/settings/include/configuration.h:Configuration.setEnableQtHighDpi#1","comm_216","MEMBER_OF",1,"leiden-algorithm",0
"Method:src/settings/include/configuration.h:Configuration.scaleFactorRounding#0","comm_44","MEMBER_OF",1,"leiden-algorithm",0
"Method:src/settings/include/configuration.h:Configuration.setScaleFactorRounding#1","comm_216","MEMBER_OF",1,"leiden-algorithm",0
"Method:src/settings/include/configuration.h:Configuration.mainSearchHighlight#0","comm_174","MEMBER_OF",1,"leiden-algorithm",0
"Method:src/settings/include/configuration.h:Configuration.setEnableMainSearchHighlight#1","comm_216","MEMBER_OF",1,"leiden-algorithm",0
"Method:src/settings/include/configuration.h:Configuration.variateMainSearchHighlight#0","comm_174","MEMBER_OF",1,"leiden-algorithm",0
"Method:src/settings/include/configuration.h:Configuration.setVariateMainSearchHighlight#1","comm_216","MEMBER_OF",1,"leiden-algorithm",0
"Method:src/settings/include/configuration.h:Configuration.mainSearchBackColor#0","comm_174","MEMBER_OF",1,"leiden-algorithm",0
"Method:src/settings/include/configuration.h:Configuration.setMainSearchBackColor#1","comm_216","MEMBER_OF",1,"leiden-algorithm",0
"Method:src/settings/include/configuration.h:Configuration.qfBackColor#0","comm_174","MEMBER_OF",1,"leiden-algorithm",0
"Method:src/settings/include/configuration.h:Configuration.setQfBackColor#1","comm_216","MEMBER_OF",1,"leiden-algorithm",0
"Method:src/settings/include/configuration.h:Configuration.qfIgnoreCase#0","comm_171","MEMBER_OF",1,"leiden-algorithm",0
"Method:src/settings/include/configuration.h:Configuration.setQfIgnoreCase#1","comm_171","MEMBER_OF",1,"leiden-algorithm",0
"Method:src/settings/include/configuration.h:Configuration.shortcuts#0","comm_275","MEMBER_OF",1,"leiden-algorithm",0
"Method:src/settings/include/configuration.h:Configuration.setShortcuts#1","comm_216","MEMBER_OF",1,"leiden-algorithm",0
"Method:src/settings/include/configuration.h:Configuration.allowFollowOnScroll#0","comm_174","MEMBER_OF",1,"leiden-algorithm",0
"Method:src/settings/include/configuration.h:Configuration.setAllowFollowOnScroll#1","comm_216","MEMBER_OF",1,"leiden-algorithm",0
"Method:src/settings/include/configuration.h:Configuration.useTextWrap#0","comm_106","MEMBER_OF",1,"leiden-algorithm",0
"Method:src/settings/include/configuration.h:Configuration.setUseTextWrap#1","comm_216","MEMBER_OF",1,"leiden-algorithm",0
"Method:src/settings/include/configuration.h:Configuration.autoRunSearchOnPatternChange#0","comm_174","MEMBER_OF",1,"leiden-algorithm",0
"Method:src/settings/include/configuration.h:Configuration.setAutoRunSearchOnPatternChange#1","comm_216","MEMBER_OF",1,"leiden-algorithm",0
"Method:src/settings/include/configuration.h:Configuration.optimizeForNotLatinEncodings#0","comm_174","MEMBER_OF",1,"leiden-algorithm",0
"Method:src/settings/include/configuration.h:Configuration.setOptimizeForNotLatinEncodings#1","comm_216","MEMBER_OF",1,"leiden-algorithm",0
"Method:src/settings/include/configuration.h:Configuration.hideAnsiColorSequences#0","comm_280","MEMBER_OF",1,"leiden-algorithm",0
"Method:src/settings/include/configuration.h:Configuration.setHideAnsiColorSequences#1","comm_216","MEMBER_OF",1,"leiden-algorithm",0
"Method:src/settings/include/configuration.h:Configuration.setDefaultEncodingMib#1","comm_216","MEMBER_OF",1,"leiden-algorithm",0
"Method:src/settings/include/configuration.h:Configuration.defaultComBaudRate#0","comm_134","MEMBER_OF",1,"leiden-algorithm",0
"Method:src/settings/include/configuration.h:Configuration.setDefaultComBaudRate#1","comm_216","MEMBER_OF",1,"leiden-algorithm",0
"Method:src/settings/include/configuration.h:Configuration.defaultComDataBits#0","comm_288","MEMBER_OF",1,"leiden-algorithm",0
"Method:src/settings/include/configuration.h:Configuration.setDefaultComDataBits#1","comm_216","MEMBER_OF",1,"leiden-algorithm",0
"Method:src/settings/include/configuration.h:Configuration.defaultComParity#0","comm_134","MEMBER_OF",1,"leiden-algorithm",0
"Method:src/settings/include/configuration.h:Configuration.setDefaultComParity#1","comm_216","MEMBER_OF",1,"leiden-algorithm",0
"Method:src/settings/include/configuration.h:Configuration.defaultComStopBits#0","comm_288","MEMBER_OF",1,"leiden-algorithm",0
"Method:src/settings/include/configuration.h:Configuration.setDefaultComStopBits#1","comm_216","MEMBER_OF",1,"leiden-algorithm",0
"Method:src/settings/include/configuration.h:Configuration.defaultComFlowControl#0","comm_134","MEMBER_OF",1,"leiden-algorithm",0
"Method:src/settings/include/configuration.h:Configuration.setDefaultComFlowControl#1","comm_216","MEMBER_OF",1,"leiden-algorithm",0
"Method:src/settings/include/configuration.h:Configuration.defaultComLogPath#0","comm_129","MEMBER_OF",1,"leiden-algorithm",0
"Method:src/settings/include/configuration.h:Configuration.setDefaultComLogPath#1","comm_216","MEMBER_OF",1,"leiden-algorithm",0
"Method:src/settings/include/configuration.h:Configuration.defaultComTimestampEnabled#0","comm_288","MEMBER_OF",1,"leiden-algorithm",0
"Method:src/settings/include/configuration.h:Configuration.setDefaultComTimestampEnabled#1","comm_216","MEMBER_OF",1,"leiden-algorithm",0
"Method:src/settings/include/configuration.h:Configuration.defaultComTimestampFormat#0","comm_134","MEMBER_OF",1,"leiden-algorithm",0
"Method:src/settings/include/configuration.h:Configuration.setDefaultComTimestampFormat#1","comm_216","MEMBER_OF",1,"leiden-algorithm",0
"Method:src/settings/include/configuration.h:Configuration.defaultComLogTransmits#0","comm_288","MEMBER_OF",1,"leiden-algorithm",0
"Method:src/settings/include/configuration.h:Configuration.setDefaultComLogTransmits#1","comm_216","MEMBER_OF",1,"leiden-algorithm",0
"Method:src/settings/include/configuration.h:Configuration.defaultActionEditorLineEnding#0","comm_308","MEMBER_OF",1,"leiden-algorithm",0
"Method:src/settings/include/configuration.h:Configuration.setDefaultActionEditorLineEnding#1","comm_216","MEMBER_OF",1,"leiden-algorithm",0
"Method:src/settings/include/configuration.h:Configuration.darkPalette#0","comm_216","MEMBER_OF",1,"leiden-algorithm",0
"Method:src/regex/src/regularexpression.cpp:RegularExpression#1","comm_385","MEMBER_OF",1,"leiden-algorithm",0
"Method:src/regex/src/regularexpression.cpp:isValid#0","comm_385","MEMBER_OF",1,"leiden-algorithm",0
"Method:src/regex/src/regularexpression.cpp:errorString#0","comm_385","MEMBER_OF",1,"leiden-algorithm",0
"Method:src/regex/src/regularexpression.cpp:createMatcher#0","comm_386","MEMBER_OF",1,"leiden-algorithm",0
"Method:src/regex/src/regularexpression.cpp:PatternMatcher#1","comm_384","MEMBER_OF",1,"leiden-algorithm",0
"Method:src/regex/src/regularexpression.cpp:MultiRegularExpression#1","comm_385","MEMBER_OF",1,"leiden-algorithm",0
"Method:src/regex/src/regularexpression.cpp:match#1","comm_384","MEMBER_OF",1,"leiden-algorithm",0
"Method:src/regex/src/hsregularexpression.cpp:reset#0","comm_101","MEMBER_OF",1,"leiden-algorithm",0
"Method:src/regex/src/hsregularexpression.cpp:match#1","comm_101","MEMBER_OF",1,"leiden-algorithm",0
"Method:src/regex/src/hsregularexpression.cpp:HsPrefilterMatcher#2","comm_90","MEMBER_OF",1,"leiden-algorithm",0
"Method:src/regex/src/hsregularexpression.cpp:HsRegularExpression#1","comm_387","MEMBER_OF",1,"leiden-algorithm",0
"Method:src/regex/src/hsregularexpression.cpp:isValid#0","comm_387","MEMBER_OF",1,"leiden-algorithm",0
"Method:src/regex/src/hsregularexpression.cpp:isHsValid#0","comm_90","MEMBER_OF",1,"leiden-algorithm",0
"Method:src/regex/src/hsregularexpression.cpp:errorString#0","comm_387","MEMBER_OF",1,"leiden-algorithm",0
"Method:src/regex/src/hsregularexpression.cpp:createMatcher#0","comm_90","MEMBER_OF",1,"leiden-algorithm",0
"Method:src/regex/src/booleanevaluator.cpp:BooleanExpressionEvaluator#2","comm_385","MEMBER_OF",1,"leiden-algorithm",0
"Method:src/regex/src/booleanevaluator.cpp:evaluate#1","comm_385","MEMBER_OF",1,"leiden-algorithm",0
"Method:src/regex/include/regularexpressionpattern.h:RegularExpressionPattern.RegularExpressionPattern","comm_388","MEMBER_OF",1,"leiden-algorithm",0
"Method:src/regex/include/regularexpressionpattern.h:RegularExpressionPattern.id#0","comm_385","MEMBER_OF",1,"leiden-algorithm",0
"Method:src/regex/include/regularexpressionpattern.h:RegularExpressionPattern.nextId#0","comm_389","MEMBER_OF",1,"leiden-algorithm",0
"Method:src/regex/include/regularexpression.h:RegularExpression.createMatcher#0","comm_390","MEMBER_OF",1,"leiden-algorithm",0
"Method:src/regex/include/regularexpression.h:RegularExpression.isValid#0","comm_391","MEMBER_OF",1,"leiden-algorithm",0
"Method:src/regex/include/regularexpression.h:PatternMatcher.hasMatch#1","comm_392","MEMBER_OF",1,"leiden-algorithm",0
"Method:src/regex/include/hsregularexpression.h:DefaultRegularExpressionMatcher.DefaultRegularExpressionMatcher#1","comm_90","MEMBER_OF",1,"leiden-algorithm",0
"Method:src/regex/include/hsregularexpression.h:DefaultRegularExpressionMatcher.match#1","comm_101","MEMBER_OF",1,"leiden-algorithm",0
"Method:src/regex/include/hsregularexpression.h:HsRegularExpression.createMatcher#0","comm_90","MEMBER_OF",1,"leiden-algorithm",0
"Method:src/regex/include/booleanevaluator.h:BooleanExpressionEvaluator.isValid#0","comm_385","MEMBER_OF",1,"leiden-algorithm",0
"Method:src/regex/include/booleanevaluator.h:BooleanExpressionEvaluator.errorString#0","comm_385","MEMBER_OF",1,"leiden-algorithm",0
"Method:src/regex/include/booleanevaluator.h:BooleanExpressionEvaluator.variableCount#0","comm_384","MEMBER_OF",1,"leiden-algorithm",0
"Method:src/regex/include/booleanevaluator.h:BooleanExpressionEvaluator.evaluate#1","comm_384","MEMBER_OF",1,"leiden-algorithm",0
"Method:src/logdata/src/logfiltereddataworker.cpp:takeCurrentResults#0","comm_394","MEMBER_OF",1,"leiden-algorithm",0
"Method:src/logdata/src/logfiltereddataworker.cpp:clear#0","comm_89","MEMBER_OF",1,"leiden-algorithm",0
"Method:src/logdata/src/logfiltereddataworker.cpp:~LogFilteredDataWorker#0","comm_104","MEMBER_OF",1,"leiden-algorithm",0
"Method:src/logdata/src/logfiltereddataworker.cpp:connectSignalsAndRun#1","comm_89","MEMBER_OF",1,"leiden-algorithm",0
"Method:src/logdata/src/logfiltereddataworker.cpp:search#5","comm_89","MEMBER_OF",1,"leiden-algorithm",0
"Method:src/logdata/src/logfiltereddataworker.cpp:updateSearch#6","comm_89","MEMBER_OF",1,"leiden-algorithm",0
"Method:src/logdata/src/logfiltereddataworker.cpp:interrupt#0","comm_104","MEMBER_OF",1,"leiden-algorithm",0
"Method:src/logdata/src/logfiltereddataworker.cpp:getSearchResults#0","comm_394","MEMBER_OF",1,"leiden-algorithm",0
"Method:src/logdata/src/logfiltereddataworker.cpp:doSearch#2","comm_381","MEMBER_OF",1,"leiden-algorithm",0
"Method:src/logdata/src/logfiltereddataworker.cpp:run#1","comm_395","MEMBER_OF",1,"leiden-algorithm",0
"Method:src/logdata/src/logfiltereddata.cpp:runSearch#1","comm_396","MEMBER_OF",1,"leiden-algorithm",0
"Method:src/logdata/src/logfiltereddata.cpp:runSearch#4","comm_396","MEMBER_OF",1,"leiden-algorithm",0
"Method:src/logdata/src/logfiltereddata.cpp:updateSearch#2","comm_397","MEMBER_OF",1,"leiden-algorithm",0
"Method:src/logdata/src/logfiltereddata.cpp:interruptSearch#0","comm_398","MEMBER_OF",1,"leiden-algorithm",0
"Method:src/logdata/src/logfiltereddata.cpp:clearSearch#1","comm_398","MEMBER_OF",1,"leiden-algorithm",0
"Method:src/logdata/src/logfiltereddata.cpp:getMatchingLineNumber#1","comm_399","MEMBER_OF",1,"leiden-algorithm",0
"Method:src/logdata/src/logfiltereddata.cpp:getLineIndexNumber#1","comm_400","MEMBER_OF",1,"leiden-algorithm",0
"Method:src/logdata/src/logfiltereddata.cpp:isLineMatched#1","comm_401","MEMBER_OF",1,"leiden-algorithm",0
"Method:src/logdata/src/logfiltereddata.cpp:getNbTotalLines#0","comm_396","MEMBER_OF",1,"leiden-algorithm",0
"Method:src/logdata/src/logfiltereddata.cpp:getNbMatches#0","comm_402","MEMBER_OF",1,"leiden-algorithm",0
"Method:src/logdata/src/logfiltereddata.cpp:getNbMarks#0","comm_403","MEMBER_OF",1,"leiden-algorithm",0
"Method:src/logdata/src/logfiltereddata.cpp:lineTypeByIndex#1","comm_401","MEMBER_OF",1,"leiden-algorithm",0
"Method:src/logdata/src/logfiltereddata.cpp:lineTypeByLine#1","comm_401","MEMBER_OF",1,"leiden-algorithm",0
"Method:src/logdata/src/logfiltereddata.cpp:iterateOverLines#1","comm_400","MEMBER_OF",1,"leiden-algorithm",0
"Method:src/logdata/src/logfiltereddata.cpp:toggleMark#1","comm_404","MEMBER_OF",1,"leiden-algorithm",0
"Method:src/logdata/src/logfiltereddata.cpp:addMark#1","comm_404","MEMBER_OF",1,"leiden-algorithm",0
"Method:src/logdata/src/logfiltereddata.cpp:isLineMarked#1","comm_401","MEMBER_OF",1,"leiden-algorithm",0
"Method:src/logdata/src/logfiltereddata.cpp:getMarkAfter#1","comm_405","MEMBER_OF",1,"leiden-algorithm",0
"Method:src/logdata/src/logfiltereddata.cpp:getMarkBefore#1","comm_406","MEMBER_OF",1,"leiden-algorithm",0
"Method:src/logdata/src/logfiltereddata.cpp:deleteMark#1","comm_404","MEMBER_OF",1,"leiden-algorithm",0
"Method:src/logdata/src/logfiltereddata.cpp:updateMaxLengthMarks#2","comm_404","MEMBER_OF",1,"leiden-algorithm",0
"Method:src/logdata/src/logfiltereddata.cpp:getMarks#0","comm_407","MEMBER_OF",1,"leiden-algorithm",0
"Method:src/logdata/src/logfiltereddata.cpp:updateSearchResultsCache#0","comm_174","MEMBER_OF",1,"leiden-algorithm",0
"Method:src/logdata/src/logfiltereddata.cpp:handleSearchProgressed#4","comm_240","MEMBER_OF",1,"leiden-algorithm",0
"Method:src/logdata/src/logfiltereddata.cpp:findLogDataLine#1","comm_399","MEMBER_OF",1,"leiden-algorithm",0
"Method:src/logdata/src/logfiltereddata.cpp:currentResultArray#0","comm_400","MEMBER_OF",1,"leiden-algorithm",0
"Method:src/logdata/src/logfiltereddata.cpp:findFilteredLine#1","comm_400","MEMBER_OF",1,"leiden-algorithm",0
"Method:src/logdata/src/logfiltereddata.cpp:doGetLineString#1","comm_399","MEMBER_OF",1,"leiden-algorithm",0
"Method:src/logdata/src/logfiltereddata.cpp:doGetExpandedLineString#1","comm_399","MEMBER_OF",1,"leiden-algorithm",0
"Method:src/logdata/src/logfiltereddata.cpp:doGetLines#2","comm_399","MEMBER_OF",1,"leiden-algorithm",0
"Method:src/logdata/src/logfiltereddata.cpp:doGetExpandedLines#2","comm_399","MEMBER_OF",1,"leiden-algorithm",0
"Method:src/logdata/src/logfiltereddata.cpp:doGetLines#3","comm_399","MEMBER_OF",1,"leiden-algorithm",0
"Method:src/logdata/src/logfiltereddata.cpp:doGetLineNumber#1","comm_399","MEMBER_OF",1,"leiden-algorithm",0
"Method:src/logdata/src/logfiltereddata.cpp:doGetNbLine#0","comm_400","MEMBER_OF",1,"leiden-algorithm",0
"Method:src/logdata/src/logfiltereddata.cpp:doGetLineLength#1","comm_399","MEMBER_OF",1,"leiden-algorithm",0
"Method:src/logdata/src/logdataworker.cpp:getIndexedSize#0","comm_408","MEMBER_OF",1,"leiden-algorithm",0
"Method:src/logdata/src/logdataworker.cpp:getHash#0","comm_380","MEMBER_OF",1,"leiden-algorithm",0
"Method:src/logdata/src/logdataworker.cpp:getMaxLength#0","comm_382","MEMBER_OF",1,"leiden-algorithm",0
"Method:src/logdata/src/logdataworker.cpp:getNbLines#0","comm_382","MEMBER_OF",1,"leiden-algorithm",0
"Method:src/logdata/src/logdataworker.cpp:getEncodingGuess#0","comm_409","MEMBER_OF",1,"leiden-algorithm",0
"Method:src/logdata/src/logdataworker.cpp:setEncodingGuess#1","comm_91","MEMBER_OF",1,"leiden-algorithm",0
"Method:src/logdata/src/logdataworker.cpp:forceEncoding#1","comm_408","MEMBER_OF",1,"leiden-algorithm",0
"Method:src/logdata/src/logdataworker.cpp:getForcedEncoding#0","comm_409","MEMBER_OF",1,"leiden-algorithm",0
"Method:src/logdata/src/logdataworker.cpp:addAll#4","comm_100","MEMBER_OF",1,"leiden-algorithm",0
"Method:src/logdata/src/logdataworker.cpp:getProgress#0","comm_91","MEMBER_OF",1,"leiden-algorithm",0
"Method:src/logdata/src/logdataworker.cpp:setProgress#1","comm_91","MEMBER_OF",1,"leiden-algorithm",0
"Method:src/logdata/src/logdataworker.cpp:clear#0","comm_89","MEMBER_OF",1,"leiden-algorithm",0
"Method:src/logdata/src/logdataworker.cpp:allocatedSize#0","comm_382","MEMBER_OF",1,"leiden-algorithm",0
"Method:src/logdata/src/logdataworker.cpp:~LogDataWorker#0","comm_104","MEMBER_OF",1,"leiden-algorithm",0
"Method:src/logdata/src/logdataworker.cpp:attachFile#1","comm_89","MEMBER_OF",1,"leiden-algorithm",0
"Method:src/logdata/src/logdataworker.cpp:indexAll#1","comm_89","MEMBER_OF",1,"leiden-algorithm",0
"Method:src/logdata/src/logdataworker.cpp:indexAdditionalLines#0","comm_89","MEMBER_OF",1,"leiden-algorithm",0
"Method:src/logdata/src/logdataworker.cpp:checkFileChanges#0","comm_89","MEMBER_OF",1,"leiden-algorithm",0
"Method:src/logdata/src/logdataworker.cpp:connectSignalsAndRun#1","comm_89","MEMBER_OF",1,"leiden-algorithm",0
"Method:src/logdata/src/logdataworker.cpp:interrupt#0","comm_104","MEMBER_OF",1,"leiden-algorithm",0
"Method:src/logdata/src/logdataworker.cpp:parseDataBlock#3","comm_100","MEMBER_OF",1,"leiden-algorithm",0
"Method:src/logdata/src/logdataworker.cpp:guessEncoding#3","comm_409","MEMBER_OF",1,"leiden-algorithm",0
"Method:src/logdata/src/logdataworker.cpp:readFileInBlocks#2","comm_100","MEMBER_OF",1,"leiden-algorithm",0
"Method:src/logdata/src/logdataworker.cpp:indexNextBlock#2","comm_91","MEMBER_OF",1,"leiden-algorithm",0
"Method:src/logdata/src/logdataworker.cpp:doIndex#1","comm_382","MEMBER_OF",1,"leiden-algorithm",0
"Method:src/logdata/src/logdataworker.cpp:run#0","comm_408","MEMBER_OF",1,"leiden-algorithm",0
"Method:src/logdata/src/logdataworker.cpp:doCheckFileChanges#0","comm_380","MEMBER_OF",1,"leiden-algorithm",0
"Method:src/logdata/src/logdataoperation.cpp:doStart#1","comm_411","MEMBER_OF",1,"leiden-algorithm",0
"Method:src/logdata/src/logdataoperation.cpp:interrupt#0","comm_412","MEMBER_OF",1,"leiden-algorithm",0
"Method:src/logdata/src/logdataoperation.cpp:shutdown#0","comm_412","MEMBER_OF",1,"leiden-algorithm",0
"Method:src/logdata/src/logdataoperation.cpp:tryStartPendingOperation#0","comm_93","MEMBER_OF",1,"leiden-algorithm",0
"Method:src/logdata/src/logdataoperation.cpp:enqueueOperation#1","comm_93","MEMBER_OF",1,"leiden-algorithm",0
"Method:src/logdata/src/logdataoperation.cpp:finishOperationAndStartNext#0","comm_93","MEMBER_OF",1,"leiden-algorithm",0
"Method:src/logdata/src/logdata.cpp:LogData#0","comm_174","MEMBER_OF",1,"leiden-algorithm",0
"Method:src/logdata/src/logdata.cpp:attachFile#1","comm_413","MEMBER_OF",1,"leiden-algorithm",0
"Method:src/logdata/src/logdata.cpp:reload#1","comm_414","MEMBER_OF",1,"leiden-algorithm",0
"Method:src/logdata/src/logdata.cpp:fileChangedOnDisk#1","comm_414","MEMBER_OF",1,"leiden-algorithm",0
"Method:src/logdata/src/logdata.cpp:doGetLineLength#1","comm_415","MEMBER_OF",1,"leiden-algorithm",0
"Method:src/logdata/src/logdata.cpp:doSetDisplayEncoding#1","comm_414","MEMBER_OF",1,"leiden-algorithm",0
"Method:src/logdata/src/logdata.cpp:doGetLineString#1","comm_415","MEMBER_OF",1,"leiden-algorithm",0
"Method:src/logdata/src/logdata.cpp:doGetExpandedLineString#1","comm_415","MEMBER_OF",1,"leiden-algorithm",0
"Method:src/logdata/src/logdata.cpp:doGetLines#2","comm_415","MEMBER_OF",1,"leiden-algorithm",0
"Method:src/logdata/src/logdata.cpp:doGetExpandedLines#2","comm_415","MEMBER_OF",1,"leiden-algorithm",0
"Method:src/logdata/src/logdata.cpp:getLinesRaw#2","comm_415","MEMBER_OF",1,"leiden-algorithm",0
"Method:src/logdata/src/logdata.cpp:getLinesFromFile#3","comm_415","MEMBER_OF",1,"leiden-algorithm",0
"Method:src/logdata/src/fileholder.cpp:~FileHolder#0","comm_417","MEMBER_OF",1,"leiden-algorithm",0
"Method:src/logdata/src/fileholder.cpp:size#0","comm_418","MEMBER_OF",1,"leiden-algorithm",0
"Method:src/logdata/src/fileholder.cpp:open#1","comm_416","MEMBER_OF",1,"leiden-algorithm",0
"Method:src/logdata/src/fileholder.cpp:lock#0","comm_419","MEMBER_OF",1,"leiden-algorithm",0
"Method:src/logdata/src/fileholder.cpp:unlock#0","comm_420","MEMBER_OF",1,"leiden-algorithm",0
"Method:src/logdata/src/fileholder.cpp:attachReader#0","comm_416","MEMBER_OF",1,"leiden-algorithm",0
"Method:src/logdata/src/fileholder.cpp:reOpenFile#0","comm_416","MEMBER_OF",1,"leiden-algorithm",0
"Method:src/logdata/src/fileholder.cpp:getFileId#1","comm_416","MEMBER_OF",1,"leiden-algorithm",0
"Method:src/logdata/src/encodingdetector.cpp:UchardetHolder.handle_data#2","comm_421","MEMBER_OF",1,"leiden-algorithm",0
"Method:src/logdata/src/encodingdetector.cpp:UchardetHolder.data_end#0","comm_421","MEMBER_OF",1,"leiden-algorithm",0
"Method:src/logdata/src/encodingdetector.cpp:UchardetHolder.get_charset#0","comm_421","MEMBER_OF",1,"leiden-algorithm",0
"Method:src/logdata/src/encodingdetector.cpp:EncodingParameters#1","comm_214","MEMBER_OF",1,"leiden-algorithm",0
"Method:src/logdata/src/encodingdetector.cpp:detectEncoding#1","comm_421","MEMBER_OF",1,"leiden-algorithm",0
"Method:src/logdata/src/encodingdetector.cpp:mibEnum#0","comm_422","MEMBER_OF",1,"leiden-algorithm",0
"Method:src/logdata/src/compressedlinestorage.cpp:move_from#1","comm_99","MEMBER_OF",1,"leiden-algorithm",0
"Method:src/logdata/src/compressedlinestorage.cpp:CompressedLinePositionStorage#0","comm_99","MEMBER_OF",1,"leiden-algorithm",0
"Method:src/logdata/src/compressedlinestorage.cpp:append#1","comm_367","MEMBER_OF",1,"leiden-algorithm",0
"Method:src/logdata/src/compressedlinestorage.cpp:compress_current_block#0","comm_367","MEMBER_OF",1,"leiden-algorithm",0
"Method:src/logdata/src/compressedlinestorage.cpp:at#1","comm_423","MEMBER_OF",1,"leiden-algorithm",0
"Method:src/logdata/src/compressedlinestorage.cpp:append_list#1","comm_367","MEMBER_OF",1,"leiden-algorithm",0
"Method:src/logdata/src/compressedlinestorage.cpp:uncompress_last_block#0","comm_423","MEMBER_OF",1,"leiden-algorithm",0
"Method:src/logdata/src/compressedlinestorage.cpp:pop_back#0","comm_423","MEMBER_OF",1,"leiden-algorithm",0
"Method:src/logdata/src/compressedlinestorage.cpp:allocatedSize#0","comm_423","MEMBER_OF",1,"leiden-algorithm",0
"Method:src/logdata/src/compressedlinestorage.cpp:range#2","comm_423","MEMBER_OF",1,"leiden-algorithm",0
"Method:src/logdata/src/abstractlogdata.cpp:getLineString#1","comm_399","MEMBER_OF",1,"leiden-algorithm",0
"Method:src/logdata/src/abstractlogdata.cpp:getExpandedLineString#1","comm_424","MEMBER_OF",1,"leiden-algorithm",0
"Method:src/logdata/src/abstractlogdata.cpp:getLines#2","comm_425","MEMBER_OF",1,"leiden-algorithm",0
"Method:src/logdata/src/abstractlogdata.cpp:getExpandedLines#2","comm_426","MEMBER_OF",1,"leiden-algorithm",0
"Method:src/logdata/src/abstractlogdata.cpp:getLineNumber#1","comm_427","MEMBER_OF",1,"leiden-algorithm",0
"Method:src/logdata/src/abstractlogdata.cpp:getNbLine#0","comm_428","MEMBER_OF",1,"leiden-algorithm",0
"Method:src/logdata/src/abstractlogdata.cpp:getMaxLength#0","comm_429","MEMBER_OF",1,"leiden-algorithm",0
"Method:src/logdata/src/abstractlogdata.cpp:getLineLength#1","comm_430","MEMBER_OF",1,"leiden-algorithm",0
"Method:src/logdata/src/abstractlogdata.cpp:setDisplayEncoding#1","comm_431","MEMBER_OF",1,"leiden-algorithm",0
"Method:src/logdata/src/abstractlogdata.cpp:getDisplayEncoding#0","comm_432","MEMBER_OF",1,"leiden-algorithm",0
"Method:src/logdata/src/abstractlogdata.cpp:attachReader#0","comm_433","MEMBER_OF",1,"leiden-algorithm",0
"Method:src/logdata/src/abstractlogdata.cpp:detachReader#0","comm_434","MEMBER_OF",1,"leiden-algorithm",0
"Method:src/logdata/include/logfiltereddataworker.h:SearchData.addAll#4","comm_381","MEMBER_OF",1,"leiden-algorithm",0
"Method:src/logdata/include/logfiltereddataworker.h:SearchData.getNbMatches#0","comm_381","MEMBER_OF",1,"leiden-algorithm",0
"Method:src/logdata/include/logfiltereddataworker.h:SearchData.getLastProcessedLine#0","comm_395","MEMBER_OF",1,"leiden-algorithm",0
"Method:src/logdata/include/logfiltereddataworker.h:SearchData.deleteMatch#1","comm_395","MEMBER_OF",1,"leiden-algorithm",0
"Method:src/logdata/include/logfiltereddataworker.h:SearchData.clear#0","comm_395","MEMBER_OF",1,"leiden-algorithm",0
"Method:src/logdata/include/logfiltereddataworker.h:SearchOperation.searchProgressed#4","comm_435","MEMBER_OF",1,"leiden-algorithm",0
"Method:src/logdata/include/logfiltereddata.h:LogFilteredData.runSearch#1","comm_7","MEMBER_OF",1,"leiden-algorithm",0
"Method:src/logdata/include/logfiltereddata.h:LogFilteredData.clearSearch#1","comm_201","MEMBER_OF",1,"leiden-algorithm",0
"Method:src/logdata/include/logfiltereddata.h:LogFilteredData.getMatchingLineNumber#1","comm_436","MEMBER_OF",1,"leiden-algorithm",0
"Method:src/logdata/include/logfiltereddata.h:LogFilteredData.getLineIndexNumber#1","comm_437","MEMBER_OF",1,"leiden-algorithm",0
"Method:src/logdata/include/logfiltereddata.h:LogFilteredData.getNbMatches#0","comm_438","MEMBER_OF",1,"leiden-algorithm",0
"Method:src/logdata/include/logfiltereddata.h:LogFilteredData.getNbMarks#0","comm_439","MEMBER_OF",1,"leiden-algorithm",0
"Method:src/logdata/include/logfiltereddata.h:LogFilteredData.hasCurrentRegexp#0","comm_201","MEMBER_OF",1,"leiden-algorithm",0
"Method:src/logdata/include/logfiltereddata.h:LogFilteredData.currentRegexp#0","comm_201","MEMBER_OF",1,"leiden-algorithm",0
"Method:src/logdata/include/logfiltereddata.h:LogFilteredData.lastProcessedLine#0","comm_440","MEMBER_OF",1,"leiden-algorithm",0
"Method:src/logdata/include/logfiltereddata.h:LogFilteredData.lastSearchStart#0","comm_441","MEMBER_OF",1,"leiden-algorithm",0
"Method:src/logdata/include/logfiltereddata.h:LogFilteredData.searchGeneration#0","comm_442","MEMBER_OF",1,"leiden-algorithm",0
"Method:src/logdata/include/logfiltereddata.h:LogFilteredData.lastSearchWasIncremental#0","comm_443","MEMBER_OF",1,"leiden-algorithm",0
"Method:src/logdata/include/logfiltereddata.h:LogFilteredData.fullScanCompleted#0","comm_201","MEMBER_OF",1,"leiden-algorithm",0
"Method:src/logdata/include/logfiltereddata.h:LogFilteredData.lineTypeByIndex#1","comm_444","MEMBER_OF",1,"leiden-algorithm",0
"Method:src/logdata/include/logfiltereddata.h:LogFilteredData.lineTypeByLine#1","comm_210","MEMBER_OF",1,"leiden-algorithm",0
"Method:src/logdata/include/logfiltereddata.h:LogFilteredData.addMark#1","comm_445","MEMBER_OF",1,"leiden-algorithm",0
"Method:src/logdata/include/logfiltereddata.h:LogFilteredData.getMarkAfter#1","comm_247","MEMBER_OF",1,"leiden-algorithm",0
"Method:src/logdata/include/logfiltereddata.h:LogFilteredData.getMarkBefore#1","comm_247","MEMBER_OF",1,"leiden-algorithm",0
"Method:src/logdata/include/logfiltereddata.h:LogFilteredData.deleteMark#1","comm_446","MEMBER_OF",1,"leiden-algorithm",0
"Method:src/logdata/include/logfiltereddata.h:LogFilteredData.clearMarks#0","comm_447","MEMBER_OF",1,"leiden-algorithm",0
"Method:src/logdata/include/logfiltereddata.h:LogFilteredData.getMarks#0","comm_448","MEMBER_OF",1,"leiden-algorithm",0
"Method:src/logdata/include/logfiltereddata.h:LogFilteredData.setVisibility#1","comm_449","MEMBER_OF",1,"leiden-algorithm",0
"Method:src/logdata/include/logfiltereddata.h:LogFilteredData.iterateOverLines#1","comm_210","MEMBER_OF",1,"leiden-algorithm",0
"Method:src/logdata/include/logfiltereddata.h:LogFilteredData.makeCacheKey#3","comm_396","MEMBER_OF",1,"leiden-algorithm",0
"Method:src/logdata/include/logfiltereddata.h:LogFilteredData.getExpectedSearchEnd#1","comm_240","MEMBER_OF",1,"leiden-algorithm",0
"Method:src/logdata/include/logdataworker.h:IndexingDataAccessor.setHeaderHash#2","comm_382","MEMBER_OF",1,"leiden-algorithm",0
"Method:src/logdata/include/logdataworker.h:IndexingDataAccessor.setTailHash#3","comm_382","MEMBER_OF",1,"leiden-algorithm",0
"Method:src/logdata/include/logdataworker.h:IndexOperation.run#0","comm_89","MEMBER_OF",1,"leiden-algorithm",0
"Method:src/logdata/include/logdataworker.h:LogDataWorker.attachFile#1","comm_411","MEMBER_OF",1,"leiden-algorithm",0
"Method:src/logdata/include/logdataworker.h:LogDataWorker.indexAll#1","comm_411","MEMBER_OF",1,"leiden-algorithm",0
"Method:src/logdata/include/logdataworker.h:LogDataWorker.indexAdditionalLines#0","comm_411","MEMBER_OF",1,"leiden-algorithm",0
"Method:src/logdata/include/logdataworker.h:LogDataWorker.checkFileChanges#0","comm_411","MEMBER_OF",1,"leiden-algorithm",0
"Method:src/logdata/include/logdataoperation.h:LogDataOperation.start#1","comm_89","MEMBER_OF",1,"leiden-algorithm",0
"Method:src/logdata/include/logdataoperation.h:OperationQueue.enqueueOperation#1","comm_452","MEMBER_OF",1,"leiden-algorithm",0
"Method:src/logdata/include/logdata.h:LogData.attachFile#1","comm_22","MEMBER_OF",1,"leiden-algorithm",0
"Method:src/logdata/include/logdata.h:LogData.interruptLoading#0","comm_453","MEMBER_OF",1,"leiden-algorithm",0
"Method:src/logdata/include/logdata.h:LogData.getNewFilteredData#0","comm_7","MEMBER_OF",1,"leiden-algorithm",0
"Method:src/logdata/include/logdata.h:LogData.getFileSize#0","comm_131","MEMBER_OF",1,"leiden-algorithm",0
"Method:src/logdata/include/logdata.h:LogData.getLastModifiedDate#0","comm_131","MEMBER_OF",1,"leiden-algorithm",0
"Method:src/logdata/include/logdata.h:LogData.reload#1","comm_454","MEMBER_OF",1,"leiden-algorithm",0
"Method:src/logdata/include/logdata.h:RawLines.decodeLines#0","comm_415","MEMBER_OF",1,"leiden-algorithm",0
"Method:src/logdata/include/logdata.h:RawLines.buildUtf8View#0","comm_392","MEMBER_OF",1,"leiden-algorithm",0
"Method:src/logdata/include/logdata.h:LogData.getLinesRaw#2","comm_381","MEMBER_OF",1,"leiden-algorithm",0
"Method:src/logdata/include/logdata.h:LogData.loadingFinished#1","comm_22","MEMBER_OF",1,"leiden-algorithm",0
"Method:src/logdata/include/logdata.h:LogData.fileChanged#1","comm_455","MEMBER_OF",1,"leiden-algorithm",0
"Method:src/logdata/include/logdata.h:LogData.reOpenFile#0","comm_414","MEMBER_OF",1,"leiden-algorithm",0
"Method:src/logdata/include/linetypes.h:FilePosition.FilePosition#2","comm_86","MEMBER_OF",1,"leiden-algorithm",0
"Method:src/logdata/include/linetypes.h:FilePosition.line#0","comm_86","MEMBER_OF",1,"leiden-algorithm",0
"Method:src/logdata/include/linetypes.h:FilePosition.column#0","comm_161","MEMBER_OF",1,"leiden-algorithm",0
"Method:src/logdata/include/linepositionarray.h:SimpleLinePositionStorage.append#1","comm_457","MEMBER_OF",1,"leiden-algorithm",0
"Method:src/logdata/include/linepositionarray.h:SimpleLinePositionStorage.push_back#1","comm_457","MEMBER_OF",1,"leiden-algorithm",0
"Method:src/logdata/include/linepositionarray.h:SimpleLinePositionStorage.size#0","comm_458","MEMBER_OF",1,"leiden-algorithm",0
"Method:src/logdata/include/linepositionarray.h:SimpleLinePositionStorage.append_list#1","comm_60","MEMBER_OF",1,"leiden-algorithm",0
"Method:src/logdata/include/linepositionarray.h:SimpleLinePositionStorage.pop_back#0","comm_457","MEMBER_OF",1,"leiden-algorithm",0
"Method:src/logdata/include/linepositionarray.h:LinePosition.append#1","comm_457","MEMBER_OF",1,"leiden-algorithm",0
"Method:src/logdata/include/linepositionarray.h:LinePosition.setFakeFinalLF#1","comm_382","MEMBER_OF",1,"leiden-algorithm",0
"Method:src/logdata/include/linepositionarray.h:LinePosition.append_list#1","comm_457","MEMBER_OF",1,"leiden-algorithm",0
"Method:src/logdata/include/fileholder.h:ScopedFileHolder.getFile#0","comm_415","MEMBER_OF",1,"leiden-algorithm",0
"Method:src/logdata/include/fileholder.h:FileHolder.lock#0","comm_459","MEMBER_OF",1,"leiden-algorithm",0
"Method:src/logdata/include/fileholder.h:FileHolder.unlock#0","comm_460","MEMBER_OF",1,"leiden-algorithm",0
"Method:src/logdata/include/fileholder.h:FileHolder.attachReader#0","comm_461","MEMBER_OF",1,"leiden-algorithm",0
"Method:src/logdata/include/fileholder.h:FileHolder.detachReader#0","comm_462","MEMBER_OF",1,"leiden-algorithm",0
"Method:src/logdata/include/filedigest.h:FileDigest.addData#2","comm_380","MEMBER_OF",1,"leiden-algorithm",0
"Method:src/logdata/include/filedigest.h:FileDigest.digest#0","comm_380","MEMBER_OF",1,"leiden-algorithm",0
"Method:src/logdata/include/filedigest.h:FileDigest.reset#0","comm_382","MEMBER_OF",1,"leiden-algorithm",0
"Method:src/logdata/include/encodingdetector.h:EncodingParameters.EncodingParameters","comm_414","MEMBER_OF",1,"leiden-algorithm",0
"Method:src/logdata/include/encodingdetector.h:EncodingParameters.getBeforeCrOffset#0","comm_410","MEMBER_OF",1,"leiden-algorithm",0
"Method:src/logdata/include/encodingdetector.h:EncodingDetector.getInstance#0","comm_409","MEMBER_OF",1,"leiden-algorithm",0
"Method:src/logdata/include/encodingdetector.h:EncodingDetector.detectEncoding#1","comm_409","MEMBER_OF",1,"leiden-algorithm",0
"Method:src/logdata/include/encodingdetector.h:TextCodecHolder.mibEnum#0","comm_214","MEMBER_OF",1,"leiden-algorithm",0
"Method:src/logdata/include/compressedlinestorage.h:CompressedLinePositionStorage.append#1","comm_367","MEMBER_OF",1,"leiden-algorithm",0
"Method:src/logdata/include/compressedlinestorage.h:CompressedLinePositionStorage.push_back#1","comm_367","MEMBER_OF",1,"leiden-algorithm",0
"Method:src/logdata/include/compressedlinestorage.h:CompressedLinePositionStorage.size#0","comm_423","MEMBER_OF",1,"leiden-algorithm",0
"Method:src/logdata/include/compressedlinestorage.h:CompressedLinePositionStorage.at#1~size_t","comm_463","MEMBER_OF",1,"leiden-algorithm",0
"Method:src/logdata/include/abstractlogdata.h:AbstractLogData.getExpandedLineString#1","comm_137","MEMBER_OF",1,"leiden-algorithm",0
"Method:src/logdata/include/abstractlogdata.h:AbstractLogData.getLines#2","comm_137","MEMBER_OF",1,"leiden-algorithm",0
"Method:src/logdata/include/abstractlogdata.h:AbstractLogData.getLineNumber#1","comm_137","MEMBER_OF",1,"leiden-algorithm",0
"Method:src/logdata/include/abstractlogdata.h:AbstractLogData.getNbLine#0","comm_183","MEMBER_OF",1,"leiden-algorithm",0
"Method:src/logdata/include/abstractlogdata.h:AbstractLogData.getMaxLength#0","comm_464","MEMBER_OF",1,"leiden-algorithm",0
"Method:src/logdata/include/abstractlogdata.h:AbstractLogData.doGetLineString#1","comm_399","MEMBER_OF",1,"leiden-algorithm",0
"Method:src/logdata/include/abstractlogdata.h:AbstractLogData.doGetExpandedLineString#1","comm_424","MEMBER_OF",1,"leiden-algorithm",0
"Method:src/logdata/include/abstractlogdata.h:AbstractLogData.doGetLines#2","comm_425","MEMBER_OF",1,"leiden-algorithm",0
"Method:src/logdata/include/abstractlogdata.h:AbstractLogData.doGetExpandedLines#2","comm_426","MEMBER_OF",1,"leiden-algorithm",0
"Method:src/logdata/include/abstractlogdata.h:AbstractLogData.doGetLineNumber#1","comm_427","MEMBER_OF",1,"leiden-algorithm",0
"Method:src/logdata/include/abstractlogdata.h:AbstractLogData.doGetNbLine#0","comm_428","MEMBER_OF",1,"leiden-algorithm",0
"Method:src/logdata/include/abstractlogdata.h:AbstractLogData.doGetMaxLength#0","comm_429","MEMBER_OF",1,"leiden-algorithm",0
"Method:src/logdata/include/abstractlogdata.h:AbstractLogData.doGetLineLength#1","comm_430","MEMBER_OF",1,"leiden-algorithm",0
"Method:src/logdata/include/abstractlogdata.h:AbstractLogData.doSetDisplayEncoding#1","comm_431","MEMBER_OF",1,"leiden-algorithm",0
"Method:src/logdata/include/abstractlogdata.h:AbstractLogData.doGetDisplayEncoding#0","comm_432","MEMBER_OF",1,"leiden-algorithm",0
"Method:src/logdata/include/abstractlogdata.h:AbstractLogData.doAttachReader#0","comm_433","MEMBER_OF",1,"leiden-algorithm",0
"Method:src/logdata/include/abstractlogdata.h:AbstractLogData.doDetachReader#0","comm_434","MEMBER_OF",1,"leiden-algorithm",0
"Method:src/filewatch/src/filewatcher.cpp:EfswFileWatcher.enableWatch#1","comm_379","MEMBER_OF",1,"leiden-algorithm",0
"Method:src/filewatch/src/filewatcher.cpp:EfswFileWatcher.addFile#1","comm_379","MEMBER_OF",1,"leiden-algorithm",0
"Method:src/filewatch/src/filewatcher.cpp:EfswFileWatcher.removeFile#1","comm_379","MEMBER_OF",1,"leiden-algorithm",0
"Method:src/filewatch/src/filewatcher.cpp:EfswFileWatcher.checkWatches#0","comm_97","MEMBER_OF",1,"leiden-algorithm",0
"Method:src/filewatch/src/filewatcher.cpp:EfswFileWatcher.hasPollingOnlyWatches#0","comm_379","MEMBER_OF",1,"leiden-algorithm",0
"Method:src/filewatch/src/filewatcher.cpp:EfswFileWatcher.handleFileAction#5","comm_97","MEMBER_OF",1,"leiden-algorithm",0
"Method:src/filewatch/src/filewatcher.cpp:EfswFileWatcher.notifyOnFileAction#3","comm_97","MEMBER_OF",1,"leiden-algorithm",0
"Method:src/filewatch/src/filewatcher.cpp:EfswFileWatcher.findChangedFilename#3","comm_97","MEMBER_OF",1,"leiden-algorithm",0
"Method:src/filewatch/src/filewatcher.cpp:FileWatcher#0","comm_465","MEMBER_OF",1,"leiden-algorithm",0
"Method:src/filewatch/src/filewatcher.cpp:getFileWatcher#0","comm_465","MEMBER_OF",1,"leiden-algorithm",0
"Method:src/filewatch/src/filewatcher.cpp:fileChangedOnDisk#1","comm_97","MEMBER_OF",1,"leiden-algorithm",0
"Method:src/filewatch/src/filewatcher.cpp:updateConfiguration#0","comm_379","MEMBER_OF",1,"leiden-algorithm",0
"Method:src/filewatch/include/filewatcher.h:FileWatcher.FileWatcher","comm_466","MEMBER_OF",1,"leiden-algorithm",0
"Method:src/filewatch/include/filewatcher.h:FileWatcher.getFileWatcher#0","comm_417","MEMBER_OF",1,"leiden-algorithm",0
"Method:src/filewatch/include/filewatcher.h:FileWatcher.removeFile#1","comm_417","MEMBER_OF",1,"leiden-algorithm",0
"Method:src/logging/src/logger.cpp:Logger.instance#0","comm_467","MEMBER_OF",1,"leiden-algorithm",0
"Method:src/logging/src/logger.cpp:Logger.fileMessageHandler#3","comm_467","MEMBER_OF",1,"leiden-algorithm",0
"Method:src/logging/src/logger.cpp:Logger.consoleMessageHandler#3","comm_467","MEMBER_OF",1,"leiden-algorithm",0
"Method:src/logging/src/logger.cpp:Logger.enableLogging#2","comm_467","MEMBER_OF",1,"leiden-algorithm",0
"Method:src/logging/src/logger.cpp:Logger.enableFileLogging#2","comm_467","MEMBER_OF",1,"leiden-algorithm",0
"Method:src/logging/src/logger.cpp:Logger.isAnyEnabled#0","comm_467","MEMBER_OF",1,"leiden-algorithm",0
"Method:src/logging/src/logger.cpp:Logger.needLogging#1","comm_467","MEMBER_OF",1,"leiden-algorithm",0
"Method:src/logging/src/logger.cpp:Logger.setMessageHandler#0","comm_467","MEMBER_OF",1,"leiden-algorithm",0
"Method:src/logging/src/logger.cpp:Logger.logLevel#1","comm_467","MEMBER_OF",1,"leiden-algorithm",0
"Method:src/crash_handler/src/issuereporter.cpp:askUserAndReportIssue#3","comm_87","MEMBER_OF",1,"leiden-algorithm",0
"Method:src/crash_handler/src/issuereporter.cpp:reportIssue#3","comm_87","MEMBER_OF",1,"leiden-algorithm",0
"Method:src/crash_handler/src/crashhandler.cpp:CrashHandler#0","comm_468","MEMBER_OF",1,"leiden-algorithm",0
"Method:src/crash_handler/include/issuereporter.h:IssueReporter.askUserAndReportIssue#3","comm_408","MEMBER_OF",1,"leiden-algorithm",0
"Method:src/crash_handler/include/issuereporter.h:IssueReporter.reportIssue#3","comm_469","MEMBER_OF",1,"leiden-algorithm",0
