id,name,filePath,startLine,endLine,content,description
"Variable:tools/run-clang-tidy.py:is_py2","is_py2","tools/run-clang-tidy.py",52,52,"import yaml

is_py2 = sys.version[0] == '2'

if is_py2:
",""
"Variable:tools/run-clang-tidy.py:result","result","tools/run-clang-tidy.py",61,61,"def find_compilation_database(path):
  """"""Adjusts the directory until a compilation database is found.""""""
  result = './'
  while not os.path.isfile(os.path.join(result, path)):
    if os.path.realpath(result) == '/':
",""
"Variable:tools/run-clang-tidy.py:start","start","tools/run-clang-tidy.py",79,79,"                        header_filter, extra_arg, extra_arg_before, quiet):
  """"""Gets a command line for clang-tidy.""""""
  start = [clang_tidy_binary]
  if header_filter is not None:
    start.append('-header-filter=' + header_filter)
",""
"Variable:tools/run-clang-tidy.py:mergekey","mergekey","tools/run-clang-tidy.py",109,109,"  # The fixes suggested by clang-tidy >= 4.0.0 are given under
  # the top level key 'Diagnostics' in the output yaml files
  mergekey=""Diagnostics""
  merged=[]
  for replacefile in glob.iglob(os.path.join(tmpdir, '*.yaml')):
",""
"Variable:tools/run-clang-tidy.py:merged","merged","tools/run-clang-tidy.py",110,110,"  # the top level key 'Diagnostics' in the output yaml files
  mergekey=""Diagnostics""
  merged=[]
  for replacefile in glob.iglob(os.path.join(tmpdir, '*.yaml')):
    content = yaml.safe_load(open(replacefile, 'r'))
",""
"Variable:tools/run-clang-tidy.py:content","content","tools/run-clang-tidy.py",112,112,"  merged=[]
  for replacefile in glob.iglob(os.path.join(tmpdir, '*.yaml')):
    content = yaml.safe_load(open(replacefile, 'r'))
    if not content:
      continue # Skip empty files.
",""
"Variable:tools/run-clang-tidy.py:output","output","tools/run-clang-tidy.py",122,122,"    # is actually never used inside clang-apply-replacements,
    # so we set it to '' here.
    output = { 'MainSourceFile': '', mergekey: merged }
    with open(mergefile, 'w') as out:
      yaml.safe_dump(output, out)
",""
"Variable:tools/run-clang-tidy.py:invocation","invocation","tools/run-clang-tidy.py",143,143,"def apply_fixes(args, tmpdir):
  """"""Calls clang-apply-fixes on a given directory.""""""
  invocation = [args.clang_apply_replacements_binary]
  if args.format:
    invocation.append('-format')
",""
"Variable:tools/run-clang-tidy.py:name","name","tools/run-clang-tidy.py",155,155,"  """"""Takes filenames out of queue and runs clang-tidy on them.""""""
  while True:
    name = queue.get()
    invocation = get_tidy_invocation(name, args.clang_tidy_binary, args.checks,
                                     tmpdir, build_path, args.header_filter,
",""
"Variable:tools/run-clang-tidy.py:parser","parser","tools/run-clang-tidy.py",166,169,"
def main():
  parser = argparse.ArgumentParser(description='Runs clang-tidy over all files '
                                   'in a compilation database. Requires '
                                   'clang-tidy and clang-apply-replacements in '
                                   '$PATH.')
  parser.add_argument('-clang-tidy-binary', metavar='PATH',
                      default='clang-tidy',
",""
"Variable:tools/run-clang-tidy.py:args","args","tools/run-clang-tidy.py",208,208,"  parser.add_argument('-quiet', action='store_true',
                      help='Run clang-tidy in quiet mode')
  args = parser.parse_args()

  db_path = 'compile_commands.json'
",""
"Variable:tools/run-clang-tidy.py:db_path","db_path","tools/run-clang-tidy.py",210,210,"  args = parser.parse_args()

  db_path = 'compile_commands.json'

  if args.build_path is not None:
",""
"Variable:tools/run-clang-tidy.py:build_path","build_path","tools/run-clang-tidy.py",213,213,"
  if args.build_path is not None:
    build_path = args.build_path
  else:
    # Find our database
",""
"Variable:tools/run-clang-tidy.py:database","database","tools/run-clang-tidy.py",230,230,"
  # Load the database and extract all files.
  database = json.load(open(os.path.join(build_path, db_path)))
  files = [make_absolute(entry['file'], entry['directory'])
           for entry in database]
",""
"Variable:tools/run-clang-tidy.py:files","files","tools/run-clang-tidy.py",231,232,"  # Load the database and extract all files.
  database = json.load(open(os.path.join(build_path, db_path)))
  files = [make_absolute(entry['file'], entry['directory'])
           for entry in database]

  max_task = args.j
",""
"Variable:tools/run-clang-tidy.py:max_task","max_task","tools/run-clang-tidy.py",234,234,"           for entry in database]

  max_task = args.j
  if max_task == 0:
    max_task = multiprocessing.cpu_count()
",""
"Variable:tools/run-clang-tidy.py:tmpdir","tmpdir","tools/run-clang-tidy.py",238,238,"    max_task = multiprocessing.cpu_count()

  tmpdir = None
  if args.fix or args.export_fixes:
    check_clang_apply_replacements_binary(args)
",""
"Variable:tools/run-clang-tidy.py:file_name_re","file_name_re","tools/run-clang-tidy.py",244,244,"
  # Build up a big regexy filter from all command line arguments.
  file_name_re = re.compile('|'.join(args.files))

  try:
",""
"Variable:tools/run-clang-tidy.py:task_queue","task_queue","tools/run-clang-tidy.py",248,248,"  try:
    # Spin up a bunch of tidy-launching threads.
    task_queue = queue.Queue(max_task)
    for _ in range(max_task):
      t = threading.Thread(target=run_tidy,
",""
"Variable:tools/run-clang-tidy.py:t","t","tools/run-clang-tidy.py",250,251,"    task_queue = queue.Queue(max_task)
    for _ in range(max_task):
      t = threading.Thread(target=run_tidy,
                           args=(args, tmpdir, build_path, task_queue))
      t.daemon = True
      t.start()
",""
"Variable:tools/run-clang-tidy.py:return_code","return_code","tools/run-clang-tidy.py",271,271,"    os.kill(0, 9)

  return_code = 0
  if args.export_fixes:
    print('Writing fixes to ' + args.export_fixes + ' ...')
",""
"Variable:scripts/release_stats.py:parser","parser","scripts/release_stats.py",7,7,"from collections import defaultdict

parser = argparse.ArgumentParser()
parser.add_argument(""--summary"", default='', help=""calculate summary from file"")
parser.add_argument(""--graph"", default='', help=""calculate graph from file"")
",""
"Variable:scripts/release_stats.py:args","args","scripts/release_stats.py",11,11,"parser.add_argument(""--graph"", default='', help=""calculate graph from file"")

args = parser.parse_args()

if args.summary:
",""
"Variable:scripts/release_stats.py:raw_data","raw_data","scripts/release_stats.py",14,14,"
if args.summary:
    raw_data = open(args.summary, 'r').read()
    d = json.JSONDecoder()
    idx = 0
",""
"Variable:scripts/release_stats.py:d","d","scripts/release_stats.py",15,15,"if args.summary:
    raw_data = open(args.summary, 'r').read()
    d = json.JSONDecoder()
    idx = 0
    download_stats = defaultdict(lambda: 0)
",""
"Variable:scripts/release_stats.py:idx","idx","scripts/release_stats.py",16,16,"    raw_data = open(args.summary, 'r').read()
    d = json.JSONDecoder()
    idx = 0
    download_stats = defaultdict(lambda: 0)
    while idx < len(raw_data):
",""
"Variable:scripts/release_stats.py:download_stats","download_stats","scripts/release_stats.py",17,17,"    d = json.JSONDecoder()
    idx = 0
    download_stats = defaultdict(lambda: 0)
    while idx < len(raw_data):
        data, i = d.raw_decode(raw_data[idx:])
",""
"Variable:scripts/release_stats.py:release_name","release_name","scripts/release_stats.py",22,22,"        idx += i + 1

        release_name = data['name']

        download_stats[release_name] = {'total' : data['total'], 'assets':{}} 
",""
"Variable:scripts/release_stats.py:assets","assets","scripts/release_stats.py",26,26,"        download_stats[release_name] = {'total' : data['total'], 'assets':{}} 

        assets = data['assets']
        for name, count in assets.items():
            download_stats[release_name]['assets'][name] = count
",""
"Variable:scripts/release_stats.py:stats_date","stats_date","scripts/release_stats.py",44,44,"
        release_name = data['name']
        stats_date = data['date']        
        download_stats[release_name][stats_date] = data['total']
    
",""
"Variable:scripts/release_stats.py:url","url","scripts/release_stats.py",53,53,"
else:
    url = 'https://api.github.com/repos/dm17ryk/klogg/releases'
    f = urllib.request.urlopen(url)
    release_data = json.loads(f.read())
",""
"Variable:scripts/release_stats.py:f","f","scripts/release_stats.py",54,54,"else:
    url = 'https://api.github.com/repos/dm17ryk/klogg/releases'
    f = urllib.request.urlopen(url)
    release_data = json.loads(f.read())

",""
"Variable:scripts/release_stats.py:release_data","release_data","scripts/release_stats.py",55,55,"    url = 'https://api.github.com/repos/dm17ryk/klogg/releases'
    f = urllib.request.urlopen(url)
    release_data = json.loads(f.read())

    for release in release_data:
",""
"Variable:scripts/release_stats.py:release_stats","release_stats","scripts/release_stats.py",58,58,"
    for release in release_data:
        release_stats = {}
        release_stats['date'] = str(datetime.now())
        release_stats['name'] = release['name']
",""
"Variable:scripts/release_stats.py:downloads","downloads","scripts/release_stats.py",64,64,"        assets = release['assets']
        release_stats['assets'] = { a['name']: a['download_count'] for a in assets }
        downloads = [a['download_count'] for a in assets]
        release_stats['total'] = sum(downloads)

",""
"Variable:scripts/gen_changelog.py:git_log_proc","git_log_proc","scripts/gen_changelog.py",9,9,"from collections import defaultdict

git_log_proc = subprocess.run(['git', '--no-pager', 'log', '--format=%as %h: %s (%an)', 'v20.12..'], capture_output=True)
log = git_log_proc.stdout.decode(""utf-8"").splitlines()

",""
"Variable:scripts/gen_changelog.py:log","log","scripts/gen_changelog.py",10,10,"
git_log_proc = subprocess.run(['git', '--no-pager', 'log', '--format=%as %h: %s (%an)', 'v20.12..'], capture_output=True)
log = git_log_proc.stdout.decode(""utf-8"").splitlines()

log_regex = re.compile(""([0-9\-]{10}) ([a-z0-9]+){8}: ([a-z]+):(.*)"")
",""
"Variable:scripts/gen_changelog.py:log_regex","log_regex","scripts/gen_changelog.py",12,12,"log = git_log_proc.stdout.decode(""utf-8"").splitlines()

log_regex = re.compile(""([0-9\-]{10}) ([a-z0-9]+){8}: ([a-z]+):(.*)"")
simple_log_regex = re.compile(""([0-9\-]{10}) ([a-z0-9]{8}):(.*)"")

",""
"Variable:scripts/gen_changelog.py:simple_log_regex","simple_log_regex","scripts/gen_changelog.py",13,13,"
log_regex = re.compile(""([0-9\-]{10}) ([a-z0-9]+){8}: ([a-z]+):(.*)"")
simple_log_regex = re.compile(""([0-9\-]{10}) ([a-z0-9]{8}):(.*)"")

@dataclass
",""
"Variable:scripts/gen_changelog.py:date","date","scripts/gen_changelog.py",17,17,"@dataclass
class CommitMessage:
    date: date
    sha: str
    group: str
",""
"Variable:scripts/gen_changelog.py:sha","sha","scripts/gen_changelog.py",18,18,"class CommitMessage:
    date: date
    sha: str
    group: str
    message: str
",""
"Variable:scripts/gen_changelog.py:group","group","scripts/gen_changelog.py",19,19,"    date: date
    sha: str
    group: str
    message: str

",""
"Variable:scripts/gen_changelog.py:message","message","scripts/gen_changelog.py",20,20,"    sha: str
    group: str
    message: str

YearMonthKey = Tuple[int,int]
",""
"Variable:scripts/gen_changelog.py:YearMonthKey","YearMonthKey","scripts/gen_changelog.py",22,22,"    message: str

YearMonthKey = Tuple[int,int]
CommitsList = List[CommitMessage]
CommitsGroup = Dict[str, CommitsList]
",""
"Variable:scripts/gen_changelog.py:CommitsList","CommitsList","scripts/gen_changelog.py",23,23,"
YearMonthKey = Tuple[int,int]
CommitsList = List[CommitMessage]
CommitsGroup = Dict[str, CommitsList]
commits: Dict[YearMonthKey, CommitsGroup] = defaultdict(lambda: defaultdict(lambda: []))
",""
"Variable:scripts/gen_changelog.py:CommitsGroup","CommitsGroup","scripts/gen_changelog.py",24,24,"YearMonthKey = Tuple[int,int]
CommitsList = List[CommitMessage]
CommitsGroup = Dict[str, CommitsList]
commits: Dict[YearMonthKey, CommitsGroup] = defaultdict(lambda: defaultdict(lambda: []))

",""
"Variable:scripts/gen_changelog.py:commits","commits","scripts/gen_changelog.py",25,25,"CommitsList = List[CommitMessage]
CommitsGroup = Dict[str, CommitsList]
commits: Dict[YearMonthKey, CommitsGroup] = defaultdict(lambda: defaultdict(lambda: []))

for log_line in log:
",""
"Variable:scripts/gen_changelog.py:simple_match","simple_match","scripts/gen_changelog.py",31,31,"        continue

    simple_match = simple_log_regex.match(log_line)
    if not simple_match:
        continue
",""
"Variable:scripts/gen_changelog.py:commit_date","commit_date","scripts/gen_changelog.py",35,35,"        continue

    commit_date = datetime.strptime(simple_match.group(1), '%Y-%m-%d').date()
    commit_sha = simple_match.group(2).strip()
    commit_message = simple_match.group(3).strip()
",""
"Variable:scripts/gen_changelog.py:commit_sha","commit_sha","scripts/gen_changelog.py",36,36,"
    commit_date = datetime.strptime(simple_match.group(1), '%Y-%m-%d').date()
    commit_sha = simple_match.group(2).strip()
    commit_message = simple_match.group(3).strip()
    commit_group = 'other'
",""
"Variable:scripts/gen_changelog.py:commit_message","commit_message","scripts/gen_changelog.py",37,37,"    commit_date = datetime.strptime(simple_match.group(1), '%Y-%m-%d').date()
    commit_sha = simple_match.group(2).strip()
    commit_message = simple_match.group(3).strip()
    commit_group = 'other'

",""
"Variable:scripts/gen_changelog.py:commit_group","commit_group","scripts/gen_changelog.py",38,38,"    commit_sha = simple_match.group(2).strip()
    commit_message = simple_match.group(3).strip()
    commit_group = 'other'

    match = log_regex.match(log_line)
",""
"Variable:scripts/gen_changelog.py:match","match","scripts/gen_changelog.py",40,40,"    commit_group = 'other'

    match = log_regex.match(log_line)
    if match and len(match.groups()) == 4:
        commit_group = match.group(3).strip()
",""
"Variable:scripts/gen_changelog.py:key","key","scripts/gen_changelog.py",62,62,"        commit_group = 'tests'

    key: YearMonthKey = (commit_date.year, commit_date.month)
    commits_this_month = commits[key]
    commits_this_month[commit_group].append(CommitMessage(commit_date, commit_sha, commit_group, commit_message))
",""
"Variable:scripts/gen_changelog.py:commits_this_month","commits_this_month","scripts/gen_changelog.py",63,63,"
    key: YearMonthKey = (commit_date.year, commit_date.month)
    commits_this_month = commits[key]
    commits_this_month[commit_group].append(CommitMessage(commit_date, commit_sha, commit_group, commit_message))

",""
"Variable:scripts/gen_changelog.py:groups_mapping","groups_mapping","scripts/gen_changelog.py",66,76,"    commits_this_month[commit_group].append(CommitMessage(commit_date, commit_sha, commit_group, commit_message))

groups_mapping = [ 
    ('feature', 'New features'), 
    ('fixes', 'Bug fixes'), 
    ('docs', 'Documentation'),
    ('perf', 'Performance'),
    ('refactor', 'Code refactoring'), 
    ('tests', 'Tests'), 
    ('build', 'Build system'), 
    ('ci', 'Continuous integration workflow'),
    ('other', 'Other commits')
]

months_keys = sorted(commits.keys())
",""
"Variable:scripts/gen_changelog.py:months_keys","months_keys","scripts/gen_changelog.py",78,78,"]

months_keys = sorted(commits.keys())
months_keys.reverse()

",""
"Variable:scripts/gen_changelog.py:commits_in_g","commits_in_g","scripts/gen_changelog.py",84,84,"    print(f'# {key[0]}-{key[1]:02}:')
    for g, header in groups_mapping:
        commits_in_g = commits[key][g]
        if not commits_in_g:
            continue
",""
"Variable:codex_tasks/fix_preview_ehcp_v3.py:RANGE_KEY_RE","RANGE_KEY_RE","codex_tasks/fix_preview_ehcp_v3.py",17,17,"from copy import deepcopy

RANGE_KEY_RE = re.compile(r'^\s*(\d{1,2})\s*[-–]\s*(\d{1,2})\s*$')   # key == ""4-9""
RANGE_IN_VALUE_RE = re.compile(r'^\s*(\d{1,2})\s*[-–]\s*(\d{1,2})\s*(?:[–\-]\s*)?(.*)$')  # value starts with ""5-20 – text""
TIME_MAX = 96
",""
"Variable:codex_tasks/fix_preview_ehcp_v3.py:RANGE_IN_VALUE_RE","RANGE_IN_VALUE_RE","codex_tasks/fix_preview_ehcp_v3.py",18,18,"
RANGE_KEY_RE = re.compile(r'^\s*(\d{1,2})\s*[-–]\s*(\d{1,2})\s*$')   # key == ""4-9""
RANGE_IN_VALUE_RE = re.compile(r'^\s*(\d{1,2})\s*[-–]\s*(\d{1,2})\s*(?:[–\-]\s*)?(.*)$')  # value starts with ""5-20 – text""
TIME_MAX = 96

",""
"Variable:codex_tasks/fix_preview_ehcp_v3.py:TIME_MAX","TIME_MAX","codex_tasks/fix_preview_ehcp_v3.py",19,19,"RANGE_KEY_RE = re.compile(r'^\s*(\d{1,2})\s*[-–]\s*(\d{1,2})\s*$')   # key == ""4-9""
RANGE_IN_VALUE_RE = re.compile(r'^\s*(\d{1,2})\s*[-–]\s*(\d{1,2})\s*(?:[–\-]\s*)?(.*)$')  # value starts with ""5-20 – text""
TIME_MAX = 96

MULTIBYTE_TOKENS = [
",""
"Variable:codex_tasks/fix_preview_ehcp_v3.py:MULTIBYTE_TOKENS","MULTIBYTE_TOKENS","codex_tasks/fix_preview_ehcp_v3.py",21,25,"TIME_MAX = 96

MULTIBYTE_TOKENS = [
    ""batch_id"", ""r0_register"", ""r1_register"", ""r2_register"", ""r3_register"",
    ""link_register"", ""program_counter"", ""task_id"", ""tamper_sequence"",
    ""register_value"", ""test_id"", ""call_id"", ""imei"", ""sim_icc_id""
]

def zero_pad(n):
",""
"Variable:codex_tasks/fix_preview_ehcp_v3.py:ks","ks","codex_tasks/fix_preview_ehcp_v3.py",31,31,"
def normalize_numeric_key(k, width):
    ks = str(k).strip()
    if re.fullmatch(r'\d{1,2}', ks):
        n = int(ks)
",""
"Variable:codex_tasks/fix_preview_ehcp_v3.py:n","n","codex_tasks/fix_preview_ehcp_v3.py",33,33,"    ks = str(k).strip()
    if re.fullmatch(r'\d{1,2}', ks):
        n = int(ks)
        if width == 1:
            return str(n)
",""
"Variable:codex_tasks/fix_preview_ehcp_v3.py:out","out","codex_tasks/fix_preview_ehcp_v3.py",43,43,"
def expand_range(a, b, width):
    out = []
    a, b = int(a), int(b)
    if a <= b:
",""
"Variable:codex_tasks/fix_preview_ehcp_v3.py:rng","rng","codex_tasks/fix_preview_ehcp_v3.py",46,46,"    a, b = int(a), int(b)
    if a <= b:
        rng = range(a, b+1)
    else:
        rng = range(a, b-1, -1)
",""
"Variable:codex_tasks/fix_preview_ehcp_v3.py:new","new","codex_tasks/fix_preview_ehcp_v3.py",64,64,"     - Preserves explicit keys if present (do not override)
    """"""
    new = {}

    # First: handle explicit keys that themselves are ranges
",""
"Variable:codex_tasks/fix_preview_ehcp_v3.py:k","k","codex_tasks/fix_preview_ehcp_v3.py",68,68,"    # First: handle explicit keys that themselves are ranges
    for raw_k, raw_v in list(enumMap.items()):
        k = str(raw_k).strip()
        if RANGE_KEY_RE.match(k):
            m = RANGE_KEY_RE.match(k)
",""
"Variable:codex_tasks/fix_preview_ehcp_v3.py:m","m","codex_tasks/fix_preview_ehcp_v3.py",70,70,"        k = str(raw_k).strip()
        if RANGE_KEY_RE.match(k):
            m = RANGE_KEY_RE.match(k)
            a, b = m.group(1), m.group(2)
            for ek in expand_range(a, b, width if width else 0):
",""
"Variable:codex_tasks/fix_preview_ehcp_v3.py:v","v","codex_tasks/fix_preview_ehcp_v3.py",78,78,"            continue
        # Next: if key is normal, but value *starts with* a range directive, expand
        v = raw_v
        if isinstance(v, str):
            vm = RANGE_IN_VALUE_RE.match(v)
",""
"Variable:codex_tasks/fix_preview_ehcp_v3.py:vm","vm","codex_tasks/fix_preview_ehcp_v3.py",80,80,"        v = raw_v
        if isinstance(v, str):
            vm = RANGE_IN_VALUE_RE.match(v)
            if vm:
                a, b, remainder = vm.group(1), vm.group(2), vm.group(3).strip()
",""
"Variable:codex_tasks/fix_preview_ehcp_v3.py:label","label","codex_tasks/fix_preview_ehcp_v3.py",83,83,"            if vm:
                a, b, remainder = vm.group(1), vm.group(2), vm.group(3).strip()
                label = remainder if remainder else v  # prefer remainder text as label
                for ek in expand_range(a, b, width if width else 0):
                    if ek not in new:
",""
"Variable:codex_tasks/fix_preview_ehcp_v3.py:nk","nk","codex_tasks/fix_preview_ehcp_v3.py",89,89,"                continue
        # Otherwise keep the explicit key (normalized)
        nk = normalize_numeric_key(k, width if width else 0)
        if nk not in new:
            new[nk] = v
",""
"Variable:codex_tasks/fix_preview_ehcp_v3.py:cleaned","cleaned","codex_tasks/fix_preview_ehcp_v3.py",94,94,"
    # Second pass: ensure keys are normalized numeric or left as-is (no duplicates)
    cleaned = {}
    for k, v in new.items():
        ks = str(k)
",""
"Variable:codex_tasks/fix_preview_ehcp_v3.py:name","name","codex_tasks/fix_preview_ehcp_v3.py",116,116,"    if ""endianness"" in field:
        return False
    name = field.get(""name"", """").lower()
    for tok in MULTIBYTE_TOKENS:
        if tok in name:
",""
"Variable:codex_tasks/fix_preview_ehcp_v3.py:width_val","width_val","codex_tasks/fix_preview_ehcp_v3.py",125,125,"    if not isinstance(field, dict):
        return
    width_val = None
    if ""width"" in field:
        try:
",""
"Variable:codex_tasks/fix_preview_ehcp_v3.py:inp","inp","codex_tasks/fix_preview_ehcp_v3.py",170,170,"        print(""Usage: fix_preview_ehcp_v3.py <input.json> <output.json>"")
        sys.exit(2)
    inp = sys.argv[1]
    out = sys.argv[2]
    with open(inp, 'r', encoding='utf-8') as fh:
",""
"Variable:codex_tasks/fix_preview_ehcp_v3.py:data","data","codex_tasks/fix_preview_ehcp_v3.py",173,173,"    out = sys.argv[2]
    with open(inp, 'r', encoding='utf-8') as fh:
        data = json.load(fh)
    data2 = deepcopy(data)
    walk(data2)
",""
"Variable:codex_tasks/fix_preview_ehcp_v3.py:data2","data2","codex_tasks/fix_preview_ehcp_v3.py",174,174,"    with open(inp, 'r', encoding='utf-8') as fh:
        data = json.load(fh)
    data2 = deepcopy(data)
    walk(data2)
    with open(out, 'w', encoding='utf-8') as fh:
",""
"Variable:codex_tasks/fix_preview_ehcp_v2.py:RANGE_RE","RANGE_RE","codex_tasks/fix_preview_ehcp_v2.py",15,15,"from copy import deepcopy

RANGE_RE = re.compile(r'^\s*(\d{1,2})\s*[-–]\s*(\d{1,2})\s*$')  # ""4-9"" or ""4–9""
TIME_MAX = 96

",""
"Variable:codex_tasks/fix_preview_ehcp_v2.py:TIME_MAX","TIME_MAX","codex_tasks/fix_preview_ehcp_v2.py",16,16,"
RANGE_RE = re.compile(r'^\s*(\d{1,2})\s*[-–]\s*(\d{1,2})\s*$')  # ""4-9"" or ""4–9""
TIME_MAX = 96

MULTIBYTE_TOKENS = [
",""
"Variable:codex_tasks/fix_preview_ehcp_v2.py:MULTIBYTE_TOKENS","MULTIBYTE_TOKENS","codex_tasks/fix_preview_ehcp_v2.py",18,22,"TIME_MAX = 96

MULTIBYTE_TOKENS = [
    ""batch_id"", ""r0_register"", ""r1_register"", ""r2_register"", ""r3_register"",
    ""link_register"", ""program_counter"", ""task_id"", ""tamper_sequence"",
    ""register_value"", ""test_id"", ""call_id"", ""imei"", ""sim_icc_id"", ""tamper_sequence""
]

def zero_pad(n):
",""
"Variable:codex_tasks/fix_preview_ehcp_v2.py:ks","ks","codex_tasks/fix_preview_ehcp_v2.py",28,28,"
def normalize_key_by_width(k, width):
    ks = str(k)
    if re.fullmatch(r'\d{1,2}', ks):
        n = int(ks)
",""
"Variable:codex_tasks/fix_preview_ehcp_v2.py:n","n","codex_tasks/fix_preview_ehcp_v2.py",30,30,"    ks = str(k)
    if re.fullmatch(r'\d{1,2}', ks):
        n = int(ks)
        if width == 1:
            return str(n)
",""
"Variable:codex_tasks/fix_preview_ehcp_v2.py:m","m","codex_tasks/fix_preview_ehcp_v2.py",40,40,"
def expand_range_key(key, value, width):
    m = RANGE_RE.match(str(key))
    if not m:
        return None
",""
"Variable:codex_tasks/fix_preview_ehcp_v2.py:a","a","codex_tasks/fix_preview_ehcp_v2.py",43,43,"    if not m:
        return None
    a = int(m.group(1))
    b = int(m.group(2))
    out = {}
",""
"Variable:codex_tasks/fix_preview_ehcp_v2.py:b","b","codex_tasks/fix_preview_ehcp_v2.py",44,44,"        return None
    a = int(m.group(1))
    b = int(m.group(2))
    out = {}
    step = 1 if a <= b else -1
",""
"Variable:codex_tasks/fix_preview_ehcp_v2.py:out","out","codex_tasks/fix_preview_ehcp_v2.py",45,45,"    a = int(m.group(1))
    b = int(m.group(2))
    out = {}
    step = 1 if a <= b else -1
    for i in range(a, b + step, step):
",""
"Variable:codex_tasks/fix_preview_ehcp_v2.py:step","step","codex_tasks/fix_preview_ehcp_v2.py",46,46,"    b = int(m.group(2))
    out = {}
    step = 1 if a <= b else -1
    for i in range(a, b + step, step):
        if 0 <= i <= TIME_MAX:
",""
"Variable:codex_tasks/fix_preview_ehcp_v2.py:k","k","codex_tasks/fix_preview_ehcp_v2.py",49,49,"    for i in range(a, b + step, step):
        if 0 <= i <= TIME_MAX:
            k = zero_pad(i) if width == 2 else str(i)
            out[k] = value
    return out
",""
"Variable:codex_tasks/fix_preview_ehcp_v2.py:new","new","codex_tasks/fix_preview_ehcp_v2.py",54,54,"
def process_enum_map(enumMap, width):
    new = {}
    # First pass: expand any range-like keys
    for k_raw, v in list(enumMap.items()):
",""
"Variable:codex_tasks/fix_preview_ehcp_v2.py:expanded","expanded","codex_tasks/fix_preview_ehcp_v2.py",59,59,"        k = str(k_raw)
        if RANGE_RE.match(k):
            expanded = expand_range_key(k, v, width)
            if expanded:
                for ek, ev in expanded.items():
",""
"Variable:codex_tasks/fix_preview_ehcp_v2.py:nk","nk","codex_tasks/fix_preview_ehcp_v2.py",67,67,"        # If the key contains a textual range like ""4-9 – FFU"" as a value, we can't auto-expand;
        # expansion only for keys that are ranges.
        nk = normalize_key_by_width(k, width)
        if nk in new:
            # do not override explicit keys
",""
"Variable:codex_tasks/fix_preview_ehcp_v2.py:cleaned","cleaned","codex_tasks/fix_preview_ehcp_v2.py",73,73,"        new[nk] = v
    # Second pass: ensure no duplicates where both ""0"" and ""00"" exist (prefer explicit form)
    cleaned = {}
    for k, v in new.items():
        # If width == 2, ensure keys are two-digit zero-padded for numeric tokens
",""
"Variable:codex_tasks/fix_preview_ehcp_v2.py:name","name","codex_tasks/fix_preview_ehcp_v2.py",91,91,"    if ""endianness"" in field:
        return False
    name = field.get(""name"", """").lower()
    for tok in MULTIBYTE_TOKENS:
        if tok in name:
",""
"Variable:codex_tasks/fix_preview_ehcp_v2.py:width_val","width_val","codex_tasks/fix_preview_ehcp_v2.py",102,102,"        return
    # If this field has enumMap and format enum, process
    width_val = None
    if ""width"" in field:
        try:
",""
"Variable:codex_tasks/fix_preview_ehcp_v2.py:inp","inp","codex_tasks/fix_preview_ehcp_v2.py",149,149,"        print(""Usage: fix_preview_ehcp_v2.py <input.json> <output.json>"")
        sys.exit(2)
    inp = sys.argv[1]
    out = sys.argv[2]
    with open(inp, 'r', encoding='utf-8') as fh:
",""
"Variable:codex_tasks/fix_preview_ehcp_v2.py:data","data","codex_tasks/fix_preview_ehcp_v2.py",152,152,"    out = sys.argv[2]
    with open(inp, 'r', encoding='utf-8') as fh:
        data = json.load(fh)
    data2 = deepcopy(data)
    walk(data2)
",""
"Variable:codex_tasks/fix_preview_ehcp_v2.py:data2","data2","codex_tasks/fix_preview_ehcp_v2.py",153,153,"    with open(inp, 'r', encoding='utf-8') as fh:
        data = json.load(fh)
    data2 = deepcopy(data)
    walk(data2)
    with open(out, 'w', encoding='utf-8') as fh:
",""
"Variable:codex_tasks/fix_preview_ehcp.py:TIME_ENUM_NAMES","TIME_ENUM_NAMES","codex_tasks/fix_preview_ehcp.py",22,26,"from copy import deepcopy

TIME_ENUM_NAMES = {
    ""activity_period_start_time"",
    ""activity_period_end_time"",
    # also other fields might be named similarly (we match substring)
}

MULTIBYTE_HEX_NAME_TOKENS = [
",""
"Variable:codex_tasks/fix_preview_ehcp.py:MULTIBYTE_HEX_NAME_TOKENS","MULTIBYTE_HEX_NAME_TOKENS","codex_tasks/fix_preview_ehcp.py",28,32,"}

MULTIBYTE_HEX_NAME_TOKENS = [
    ""batch_id"", ""r0_register"", ""r1_register"", ""r2_register"", ""r3_register"",
    ""link_register"", ""program_counter"", ""task_id"", ""tamper_sequence"",
    ""register_value"", ""test_id"", ""call_id"", ""tamper_sequence"", ""imei"", ""sim_icc_id""
]

def normalize_time_enummap(enum_map):
",""
"Variable:codex_tasks/fix_preview_ehcp.py:new_map","new_map","codex_tasks/fix_preview_ehcp.py",40,40,"    removing duplicates. Non-time keys are preserved.
    """"""
    new_map = {}
    # Make a working map of transformed keys to values.
    for k, v in enum_map.items():
",""
"Variable:codex_tasks/fix_preview_ehcp.py:n","n","codex_tasks/fix_preview_ehcp.py",45,45,"        # If key is numeric-like (e.g., ""0"", ""00"", ""10"", 0), normalize to two-digit string
        if isinstance(k, str) and re.fullmatch(r'\d{1,2}', k):
            n = int(k, 10)
            if 0 <= n <= 96:
                nk = f""{n:02d}""
",""
"Variable:codex_tasks/fix_preview_ehcp.py:nk","nk","codex_tasks/fix_preview_ehcp.py",47,47,"            n = int(k, 10)
            if 0 <= n <= 96:
                nk = f""{n:02d}""
                # prefer explicit existing nk over non-padded duplicates
                if nk in new_map and new_map[nk] != v:
",""
"Variable:codex_tasks/fix_preview_ehcp.py:name","name","codex_tasks/fix_preview_ehcp.py",75,75,"    if ""endianness"" in field:
        return False
    name = field.get(""name"", """").lower()
    for tok in MULTIBYTE_HEX_NAME_TOKENS:
        if tok in name:
",""
"Variable:codex_tasks/fix_preview_ehcp.py:width","width","codex_tasks/fix_preview_ehcp.py",80,80,"            return True
    # also if width >=4 likely multi-byte numeric
    width = field.get(""width"")
    if isinstance(width, int) and width >= 4:
        # be conservative: only add if name suggests numeric register/batch id
",""
"Variable:codex_tasks/fix_preview_ehcp.py:seen_numeric","seen_numeric","codex_tasks/fix_preview_ehcp.py",100,100,"                # but don't aggressive-modify non-time enums except dedup numeric keys:
                new_map = {}
                seen_numeric = {}
                for k, v in obj[""enumMap""].items():
                    ks = str(k)
",""
"Variable:codex_tasks/fix_preview_ehcp.py:ks","ks","codex_tasks/fix_preview_ehcp.py",102,102,"                seen_numeric = {}
                for k, v in obj[""enumMap""].items():
                    ks = str(k)
                    if re.fullmatch(r'\d{1,2}', ks):
                        nk = f""{int(ks):02d}""
",""
"Variable:codex_tasks/fix_preview_ehcp.py:inpath","inpath","codex_tasks/fix_preview_ehcp.py",138,138,"        sys.exit(2)

    inpath = sys.argv[1]
    outpath = sys.argv[2]
    with open(inpath, ""r"", encoding=""utf-8"") as f:
",""
"Variable:codex_tasks/fix_preview_ehcp.py:outpath","outpath","codex_tasks/fix_preview_ehcp.py",139,139,"
    inpath = sys.argv[1]
    outpath = sys.argv[2]
    with open(inpath, ""r"", encoding=""utf-8"") as f:
        data = json.load(f)
",""
"Variable:codex_tasks/fix_preview_ehcp.py:data","data","codex_tasks/fix_preview_ehcp.py",141,141,"    outpath = sys.argv[2]
    with open(inpath, ""r"", encoding=""utf-8"") as f:
        data = json.load(f)

    data_fixed = deepcopy(data)
",""
"Variable:codex_tasks/fix_preview_ehcp.py:data_fixed","data_fixed","codex_tasks/fix_preview_ehcp.py",143,143,"        data = json.load(f)

    data_fixed = deepcopy(data)

    # Top-level blocks
",""
"Variable:tools/gen_big_file.cpp:line","line","tools/gen_big_file.cpp",6,6,"{
    std::cout << std::numeric_limits<unsigned int>::max() << std::endl;
    for (auto line = 0ull; line < std::numeric_limits<unsigned int>::max(); ++line)
    {
        std::cout << (line % 10) << ""\n"";
",""
"Variable:tests/unit/sessioninfo_test.cpp:SessionVersion","SessionVersion","tests/unit/sessioninfo_test.cpp",27,27,"
namespace {
constexpr int SessionVersion = 1;
constexpr int OpenFilesVersion = 1;
constexpr int ExpectedMaxWindowsInSession = 64;
",""
"Variable:tests/unit/sessioninfo_test.cpp:OpenFilesVersion","OpenFilesVersion","tests/unit/sessioninfo_test.cpp",28,28,"namespace {
constexpr int SessionVersion = 1;
constexpr int OpenFilesVersion = 1;
constexpr int ExpectedMaxWindowsInSession = 64;
constexpr int ExpectedMaxFilesPerWindow = 4096;
",""
"Variable:tests/unit/sessioninfo_test.cpp:ExpectedMaxWindowsInSession","ExpectedMaxWindowsInSession","tests/unit/sessioninfo_test.cpp",29,29,"constexpr int SessionVersion = 1;
constexpr int OpenFilesVersion = 1;
constexpr int ExpectedMaxWindowsInSession = 64;
constexpr int ExpectedMaxFilesPerWindow = 4096;

",""
"Variable:tests/unit/sessioninfo_test.cpp:ExpectedMaxFilesPerWindow","ExpectedMaxFilesPerWindow","tests/unit/sessioninfo_test.cpp",30,30,"constexpr int OpenFilesVersion = 1;
constexpr int ExpectedMaxWindowsInSession = 64;
constexpr int ExpectedMaxFilesPerWindow = 4096;

void writeBaseSession( QSettings& settings )
",""
"Variable:tests/unit/sessioninfo_test.cpp:settingsPath","settingsPath","tests/unit/sessioninfo_test.cpp",45,45,"    QTemporaryDir tempDir;
    REQUIRE( tempDir.isValid() );
    const auto settingsPath = tempDir.filePath( ""session_windows.ini"" );

    constexpr int overLimitWindows = ExpectedMaxWindowsInSession + 5;
",""
"Variable:tests/unit/sessioninfo_test.cpp:overLimitWindows","overLimitWindows","tests/unit/sessioninfo_test.cpp",47,47,"    const auto settingsPath = tempDir.filePath( ""session_windows.ini"" );

    constexpr int overLimitWindows = ExpectedMaxWindowsInSession + 5;
    {
        QSettings settings( settingsPath, QSettings::IniFormat );
",""
"Variable:tests/unit/sessioninfo_test.cpp:windowIndex","windowIndex","tests/unit/sessioninfo_test.cpp",53,53,"
        settings.beginWriteArray( ""windows"", overLimitWindows );
        for ( int windowIndex = 0; windowIndex < overLimitWindows; ++windowIndex ) {
            settings.setArrayIndex( windowIndex );
            settings.setValue( ""id"", QString( ""window_%1"" ).arg( windowIndex ) );
",""
"Variable:tests/unit/sessioninfo_test.cpp:windows","windows","tests/unit/sessioninfo_test.cpp",74,74,"    }

    const auto windows = sessionInfo.windows();
    REQUIRE( windows.size() == ExpectedMaxWindowsInSession );
    REQUIRE( windows.front() == ""window_0"" );
",""
"Variable:tests/unit/sessioninfo_test.cpp:overLimitFiles","overLimitFiles","tests/unit/sessioninfo_test.cpp",88,88,"    const auto settingsPath = tempDir.filePath( ""session_files.ini"" );

    constexpr int overLimitFiles = ExpectedMaxFilesPerWindow + 5;
    {
        QSettings settings( settingsPath, QSettings::IniFormat );
",""
"Variable:tests/unit/sessioninfo_test.cpp:fileIndex","fileIndex","tests/unit/sessioninfo_test.cpp",101,101,"        settings.setValue( ""version"", OpenFilesVersion );
        settings.beginWriteArray( ""openFiles"", overLimitFiles );
        for ( int fileIndex = 0; fileIndex < overLimitFiles; ++fileIndex ) {
            settings.setArrayIndex( fileIndex );
            settings.setValue( ""fileName"", QString( ""/tmp/file_%1.log"" ).arg( fileIndex ) );
",""
"Variable:tests/unit/sessioninfo_test.cpp:openFiles","openFiles","tests/unit/sessioninfo_test.cpp",121,121,"    }

    const auto openFiles = sessionInfo.openFiles( ""Main"" );
    REQUIRE( openFiles.size() == ExpectedMaxFilesPerWindow );
    REQUIRE( openFiles.front().fileName == ""/tmp/file_0.log"" );
",""
"Variable:tests/unit/serialcapturesettings_test.cpp:serialized","serialized","tests/unit/serialcapturesettings_test.cpp",42,42,"    original.useForActions = true;

    const auto serialized = serializeSerialCaptureSettings( original );
    const auto restored = deserializeSerialCaptureSettings( serialized );

",""
"Variable:tests/unit/serialcapturesettings_test.cpp:restored","restored","tests/unit/serialcapturesettings_test.cpp",43,43,"
    const auto serialized = serializeSerialCaptureSettings( original );
    const auto restored = deserializeSerialCaptureSettings( serialized );

    REQUIRE( restored.has_value() );
",""
"Variable:tests/unit/serialcapturesettings_test.cpp:timestamp","timestamp","tests/unit/serialcapturesettings_test.cpp",77,77,"    settings.filePath = tempDir.filePath( ""existing.log"" );

    const auto timestamp = QDateTime::fromString( ""2026-05-06T14:15:16"", Qt::ISODate );
    const auto nextPath = suggestedNextComCapturePath( settings, timestamp );
",""
"Variable:tests/unit/serialcapturesettings_test.cpp:nextPath","nextPath","tests/unit/serialcapturesettings_test.cpp",78,78,"
    const auto timestamp = QDateTime::fromString( ""2026-05-06T14:15:16"", Qt::ISODate );
    const auto nextPath = suggestedNextComCapturePath( settings, timestamp );

    REQUIRE( QFileInfo( nextPath ).absolutePath() == QFileInfo( settings.filePath ).absolutePath() );",""
"Variable:tests/unit/serialcapturesettings_test.cpp:currentFile","currentFile","tests/unit/serialcapturesettings_test.cpp",96,96,"    settings.filePath = tempDir.filePath( ""com9_115200_2026-05-06_14-15-16.log"" );

    QFile currentFile( settings.filePath );
    REQUIRE( currentFile.open( QIODevice::WriteOnly ) );
    currentFile.close();",""
"Variable:tests/unit/serialcapturesettings_test.cpp:collisionFile","collisionFile","tests/unit/serialcapturesettings_test.cpp",100,100,"    currentFile.close();

    QFile collisionFile( tempDir.filePath( ""com9_115200_2026-05-06_14-15-16_2.log"" ) );
    REQUIRE( collisionFile.open( QIODevice::WriteOnly ) );
    collisionFile.close();",""
"Variable:tests/unit/previewmatchstage_test.cpp:kPreviewConfig","kPreviewConfig","tests/unit/previewmatchstage_test.cpp",28,75,"
namespace {
constexpr auto kPreviewConfig = R""json(
{
  ""$schema"": ""../schemas/klogg-previews.schema.json"",
  ""version"": 1,
  ""previews"": [
    {
      ""name"": ""SRING->EHCP"",
      ""regex"": ""^SRING: 1,48,(?<payload>[0-9A-F]+)$"",
      ""format"": ""fields"",
      ""fields"": [
        {
          ""name"": ""ehcp"",
          ""source"": ""capture"",
          ""capture"": ""payload"",
          ""type"": ""hexString"",
          ""format"": ""match"",
          ""regex"": ""^(?<header>EHCP)(?<size>[0-9A-F]{3})(?<body>.*)(?<checksum>[0-9A-F]{4})$"",
          ""fields"": [
            { ""name"": ""header"", ""source"": ""capture"", ""capture"": ""header"", ""type"": ""string"", ""format"": ""string"" },
            { ""name"": ""size"", ""source"": ""capture"", ""capture"": ""size"", ""type"": ""hexString"", ""format"": ""dig"" },
            { ""name"": ""checksum"", ""source"": ""capture"", ""capture"": ""checksum"", ""type"": ""hexString"", ""format"": ""hex"" }
          ]
        }
      ]
    },
    {
      ""name"": ""EHCP direct"",
      ""regex"": ""^.*\\\""(?<payload>EHCP[^\\\""]*)\\\"".*$"",
      ""format"": ""fields"",
      ""fields"": [
        {
          ""name"": ""ehcp"",
          ""source"": ""capture"",
          ""capture"": ""payload"",
          ""type"": ""string"",
          ""format"": ""match"",
          ""regex"": ""^(?<header>EHCP)(?<size>[0-9A-F]{3})(?<body>.*)(?<checksum>[0-9A-F]{4})$"",
          ""fields"": [
            { ""name"": ""header"", ""source"": ""capture"", ""capture"": ""header"", ""type"": ""string"", ""format"": ""string"" },
            { ""name"": ""size"", ""source"": ""capture"", ""capture"": ""size"", ""type"": ""hexString"", ""format"": ""dig"" },
            { ""name"": ""checksum"", ""source"": ""capture"", ""capture"": ""checksum"", ""type"": ""hexString"", ""format"": ""hex"" }
          ]
        }
      ]
    }
  ]
}
)json"";

constexpr auto kBlockConfig = R""json(
",""
"Variable:tests/unit/previewmatchstage_test.cpp:kBlockConfig","kBlockConfig","tests/unit/previewmatchstage_test.cpp",77,128,")json"";

constexpr auto kBlockConfig = R""json(
{
  ""$schema"": ""../schemas/klogg-previews.schema.json"",
  ""version"": 1,
  ""blocks"": [
    {
      ""name"": ""payload_P_CM"",
      ""format"": ""fields"",
      ""fields"": [
        { ""name"": ""payload"", ""width"": 3, ""type"": ""string"", ""format"": ""string"" }
      ]
    },
    {
      ""name"": ""cycle_block"",
      ""format"": ""block"",
      ""block"": ""cycle_block""
    }
  ],
  ""previews"": [
    {
      ""name"": ""Block dynamic"",
      ""regex"": ""^(?<payload>.*)$"",
      ""bufferCapture"": ""payload"",
      ""format"": ""fields"",
      ""fields"": [
        { ""name"": ""protocol_type"", ""width"": 1, ""type"": ""string"", ""format"": ""string"" },
        { ""name"": ""command_id"", ""width"": 2, ""type"": ""string"", ""format"": ""string"" },
        { ""name"": ""payload_block"", ""format"": ""block"", ""block"": ""payload_{protocol_type}_{command_id}"" }
      ]
    },
    {
      ""name"": ""Block missing"",
      ""regex"": ""^(?<payload>.*)$"",
      ""bufferCapture"": ""payload"",
      ""format"": ""fields"",
      ""fields"": [
        { ""name"": ""protocol_type"", ""width"": 1, ""type"": ""string"", ""format"": ""string"" },
        { ""name"": ""payload_block"", ""format"": ""block"", ""block"": ""missing_{unknown}"" }
      ]
    },
    {
      ""name"": ""Block cycle"",
      ""regex"": ""^(?<payload>.*)$"",
      ""bufferCapture"": ""payload"",
      ""format"": ""fields"",
      ""fields"": [
        { ""name"": ""payload_block"", ""format"": ""block"", ""block"": ""cycle_block"" }
      ]
    }
  ]
}
)json"";

constexpr auto kEnumConfig = R""json(
",""
"Variable:tests/unit/previewmatchstage_test.cpp:kEnumConfig","kEnumConfig","tests/unit/previewmatchstage_test.cpp",130,162,")json"";

constexpr auto kEnumConfig = R""json(
{
  ""$schema"": ""../schemas/klogg-previews.schema.json"",
  ""version"": 1,
  ""previews"": [
    {
      ""name"": ""Enum raw"",
      ""regex"": ""^(?<payload>.*)$"",
      ""bufferCapture"": ""payload"",
      ""format"": ""fields"",
      ""fields"": [
        {
          ""name"": ""device_type"",
          ""width"": 2,
          ""format"": ""enum"",
          ""enumMap"": {
            ""01"": ""CP"",
            ""02"": ""C7000""
          }
        },
        {
          ""name"": ""protocol_type"",
          ""width"": 1,
          ""format"": ""enum"",
          ""enumMap"": {
            ""E"": ""Event""
          }
        }
      ]
    }
  ]
}
)json"";

QTreeWidgetItem* findFieldItem( QTreeWidgetItem* root, const QString& name )
",""
"Variable:tests/unit/previewmatchstage_test.cpp:i","i","tests/unit/previewmatchstage_test.cpp",169,169,"        return nullptr;
    }
    for ( int i = 0; i < root->childCount(); ++i ) {
        auto* child = root->child( i );
        if ( child->text( 0 ) == name ) {
",""
"Variable:tests/unit/previewmatchstage_test.cpp:bytes","bytes","tests/unit/previewmatchstage_test.cpp",202,202,"    QTemporaryFile file;
    REQUIRE( file.open() );
    const auto bytes = QByteArray::fromRawData( kPreviewConfig, static_cast<int>( strlen( kPreviewConfig ) ) );
    REQUIRE( file.write( bytes ) == bytes.size() );
    REQUIRE( file.flush() );
",""
"Variable:tests/unit/previewmatchstage_test.cpp:result","result","tests/unit/previewmatchstage_test.cpp",206,206,"    REQUIRE( file.flush() );

    const auto result = manager.importFromFile( file.fileName() );
    REQUIRE( result.ok );
}
",""
"Variable:tests/unit/previewmatchstage_test.cpp:line","line","tests/unit/previewmatchstage_test.cpp",253,255,"    loadMatchConfig();

    const QString line = QString::fromLatin1(
        ""SRING: 1,48,4548435030323930303030303030303431303431303830303130303235313210""
        ""3130353734365A23302143343044"" );

    PreviewMessageTab tab( line, ""SRING->EHCP"", 1 );
",""
"Variable:tests/unit/previewmatchstage_test.cpp:tab","tab","tests/unit/previewmatchstage_test.cpp",257,257,"        ""3130353734365A23302143343044"" );

    PreviewMessageTab tab( line, ""SRING->EHCP"", 1 );
    auto* tree = tab.findChild<QTreeWidget*>();

",""
"Variable:tests/unit/previewdecodeutils_test.cpp:result","result","tests/unit/previewdecodeutils_test.cpp",25,25,"TEST_CASE( ""Hex parsing allows odd digits"", ""[previewdecode]"" )
{
    const auto result = parseHexToU64AllowOddDigits( ""042"" );
    REQUIRE( result.ok );
    CHECK( result.value == 0x42 );
",""
"Variable:tests/unit/patternmatcher_test.cpp:matchLine","matchLine","tests/unit/patternmatcher_test.cpp",25,25,"SCENARIO( ""Pattern matcher in boolean mode"", ""[patternmatcher]"" )
{
    std::string_view matchLine = ""\""This\"" is matching pattern"";

    WHEN( ""Using single pattern"" )
",""
"Variable:tests/unit/patternmatcher_test.cpp:expression","expression","tests/unit/patternmatcher_test.cpp",29,30,"    WHEN( ""Using single pattern"" )
    {
        RegularExpression expression(
            RegularExpressionPattern( ""\""matching\"""", false, false, true, true ) );
        const auto matcher = expression.createMatcher();
        REQUIRE( matcher->hasMatch( matchLine ) );
",""
"Variable:tests/unit/patternmatcher_test.cpp:matcher","matcher","tests/unit/patternmatcher_test.cpp",31,31,"        RegularExpression expression(
            RegularExpressionPattern( ""\""matching\"""", false, false, true, true ) );
        const auto matcher = expression.createMatcher();
        REQUIRE( matcher->hasMatch( matchLine ) );
    }
",""
"Variable:tests/unit/patternmatcher_test.cpp:lineMatchAnd","lineMatchAnd","tests/unit/patternmatcher_test.cpp",70,70,"SCENARIO( ""Boolean combinations still work with multi-pattern matching"", ""[patternmatcher]"" )
{
    std::string_view lineMatchAnd = ""foo ... bar"";
    std::string_view lineNoAnd = ""foo only"";
    std::string_view lineNot = ""keep this line"";
",""
"Variable:tests/unit/patternmatcher_test.cpp:lineNoAnd","lineNoAnd","tests/unit/patternmatcher_test.cpp",71,71,"{
    std::string_view lineMatchAnd = ""foo ... bar"";
    std::string_view lineNoAnd = ""foo only"";
    std::string_view lineNot = ""keep this line"";

",""
"Variable:tests/unit/patternmatcher_test.cpp:lineNot","lineNot","tests/unit/patternmatcher_test.cpp",72,72,"    std::string_view lineMatchAnd = ""foo ... bar"";
    std::string_view lineNoAnd = ""foo only"";
    std::string_view lineNot = ""keep this line"";

    GIVEN( ""A boolean AND expression with two subpatterns"" )
",""
"Variable:tests/unit/patternmatcher_test.cpp:noMatchLine","noMatchLine","tests/unit/patternmatcher_test.cpp",122,122,"{
    std::string_view matchLine = ""this line contains baz token"";
    std::string_view noMatchLine = ""nothing interesting here"";

    RegularExpression expression(
",""
"Variable:tests/unit/linepositionarray_test.cpp:offsets","offsets","tests/unit/linepositionarray_test.cpp",37,40,"{

    std::array<OffsetInFile, 6> offsets = { 4_offset,     8_offset, 10_offset,
                                            345_offset,   // A longer (>128) line
                                            20000_offset, // An even longer (>16384) line
                                            20020_offset };

    GIVEN( ""LinePositionArray with small number of lines"" )
",""
"Variable:tests/unit/linepositionarray_test.cpp:i","i","tests/unit/linepositionarray_test.cpp",57,57,"            THEN( ""Corrent offsets returned"" )
            {
                for ( auto i = 0u; i < offsets.size(); ++i ) {
                    REQUIRE( line_array.at( i ) == offsets[ i ] );
                }
",""
"Variable:tests/unit/linepositionarray_test.cpp:index","index","tests/unit/linepositionarray_test.cpp",68,68,"            std::mt19937 g( rd() );

            auto index = std::vector<uint32_t>( offsets.size() );
            std::generate( index.begin(), index.end(), [ n = 0u ]() mutable { return n++; } );

",""
"Variable:tests/unit/linepositionarray_test.cpp:lines","lines","tests/unit/linepositionarray_test.cpp",165,165,"
        // Add 255 lines (of various sizes)
        const int lines = 255;
        for ( int i = 0; i < lines; ++i )
            line_array.append( OffsetInFile( i * 4 ) );
",""
"Variable:tests/unit/linepositionarray_test.cpp:pos","pos","tests/unit/linepositionarray_test.cpp",186,186,"            THEN( ""Correct offset is returned"" )
            for ( uint32_t i = 0; i < 1000; ++i ) {
                int64_t pos = ( 257LL * 4 ) + i * 35LL;
                line_array.append( OffsetInFile( pos ) );
                line_array.setFakeFinalLF();
",""
"Variable:tests/unit/commander_test.cpp:parameters","parameters","tests/unit/commander_test.cpp",46,47,"TEST_CASE( ""Commander CLI parses open_file requests"", ""[commander][cli]"" )
{
    CliParameters parameters(
        { ""cilogg"", ""command"", ""--action"", ""open_file"", ""--file"", ""relative.log"", ""--follow"" } );

    REQUIRE_FALSE( parameters.parse_error );
",""
"Variable:tests/unit/commander_test.cpp:runSuite","runSuite","tests/unit/commander_test.cpp",95,96,"TEST_CASE( ""Scenario batch CLI parses run and utility requests"", ""[scenario][cli]"" )
{
    CliParameters runSuite( { ""cilogg"", ""scenario"", ""run"", ""--suite-file"", ""suite.json"",
                              ""--device-map-file"", ""devices.json"", ""--report-dir"", ""reports"" } );
    REQUIRE_FALSE( runSuite.parse_error );
    REQUIRE( runSuite.scenario_batch_request.has_value() );
",""
"Variable:tests/unit/commander_test.cpp:runScenario","runScenario","tests/unit/commander_test.cpp",104,105,"    REQUIRE( runSuite.scenario_batch_request->reportDirPath.endsWith( ""reports"" ) );

    CliParameters runScenario( { ""cilogg"", ""scenario"", ""run"", ""--scenario-file"", ""scenario.py"",
                                 ""--args-json-file"", ""args.json"" } );
    REQUIRE_FALSE( runScenario.parse_error );
    REQUIRE( runScenario.scenario_batch_request.has_value() );
",""
"Variable:tests/unit/commander_test.cpp:validateSuite","validateSuite","tests/unit/commander_test.cpp",112,114,"    REQUIRE( runScenario.scenario_batch_request->argsJsonFilePath.endsWith( ""args.json"" ) );

    CliParameters validateSuite(
        { ""cilogg"", ""scenario"", ""validate"", ""--suite-file"", ""suite.json"", ""--device-map-file"",
          ""devices.json"" } );
    REQUIRE_FALSE( validateSuite.parse_error );
    REQUIRE( validateSuite.scenario_batch_request.has_value() );
",""
"Variable:tests/unit/commander_test.cpp:listDevices","listDevices","tests/unit/commander_test.cpp",119,120,"    REQUIRE( validateSuite.scenario_batch_request->action == ScenarioBatchAction::Validate );

    CliParameters listDevices(
        { ""cilogg"", ""scenario"", ""list-devices"", ""--suite-file"", ""suite.json"" } );
    REQUIRE_FALSE( listDevices.parse_error );
    REQUIRE( listDevices.scenario_batch_request.has_value() );
",""
"Variable:tests/unit/commander_test.cpp:missingTarget","missingTarget","tests/unit/commander_test.cpp",128,128,"TEST_CASE( ""Scenario batch CLI rejects invalid combinations"", ""[scenario][cli]"" )
{
    CliParameters missingTarget( { ""cilogg"", ""scenario"", ""run"" } );
    REQUIRE( missingTarget.parse_error );
    REQUIRE( missingTarget.parse_error_message.contains( ""exactly one"" ) );
",""
"Variable:tests/unit/commander_test.cpp:conflictingTargets","conflictingTargets","tests/unit/commander_test.cpp",132,134,"    REQUIRE( missingTarget.parse_error_message.contains( ""exactly one"" ) );

    CliParameters conflictingTargets(
        { ""cilogg"", ""scenario"", ""run"", ""--suite-file"", ""suite.json"", ""--scenario-file"",
          ""scenario.py"" } );
    REQUIRE( conflictingTargets.parse_error );
    REQUIRE( conflictingTargets.parse_error_message.contains( ""exactly one"" ) );
",""
"Variable:tests/unit/commander_test.cpp:suiteWithArgs","suiteWithArgs","tests/unit/commander_test.cpp",138,140,"    REQUIRE( conflictingTargets.parse_error_message.contains( ""exactly one"" ) );

    CliParameters suiteWithArgs(
        { ""cilogg"", ""scenario"", ""run"", ""--suite-file"", ""suite.json"", ""--args-json-file"",
          ""args.json"" } );
    REQUIRE( suiteWithArgs.parse_error );
    REQUIRE( suiteWithArgs.parse_error_message.contains( ""--args-json-file"" ) );
",""
"Variable:tests/unit/commander_test.cpp:validateInvalid","validateInvalid","tests/unit/commander_test.cpp",144,146,"    REQUIRE( suiteWithArgs.parse_error_message.contains( ""--args-json-file"" ) );

    CliParameters validateInvalid(
        { ""cilogg"", ""scenario"", ""validate"", ""--suite-file"", ""suite.json"", ""--report-dir"",
          ""reports"" } );
    REQUIRE( validateInvalid.parse_error );
    REQUIRE( validateInvalid.parse_error_message.contains( ""only accepts"" ) );
",""
"Variable:tests/unit/commander_test.cpp:listInvalid","listInvalid","tests/unit/commander_test.cpp",150,152,"    REQUIRE( validateInvalid.parse_error_message.contains( ""only accepts"" ) );

    CliParameters listInvalid(
        { ""cilogg"", ""scenario"", ""list-devices"", ""--suite-file"", ""suite.json"", ""--device-map-file"",
          ""devices.json"" } );
    REQUIRE( listInvalid.parse_error );
    REQUIRE( listInvalid.parse_error_message.contains( ""only accepts"" ) );
",""
"Variable:tests/unit/commander_test.cpp:controller","controller","tests/unit/commander_test.cpp",171,172,"TEST_CASE( ""Lab CLI parses controller and agent requests"", ""[lab][cli]"" )
{
    CliParameters controller( { ""cilogg"", ""lab-controller"", ""serve"", ""--listen"", ""127.0.0.1:5091"",
                                ""--state-dir"", ""lab-state"", ""--token-file"", ""token.txt"" } );
    REQUIRE_FALSE( controller.parse_error );
    REQUIRE( controller.lab_request.has_value() );
",""
"Variable:tests/unit/commander_test.cpp:agent","agent","tests/unit/commander_test.cpp",181,182,"    REQUIRE( controller.lab_request->tokenFilePath.endsWith( ""token.txt"" ) );

    CliParameters agent( { ""cilogg"", ""lab-agent"", ""run"", ""--controller-url"", ""http://127.0.0.1:5091"",
                           ""--agent-config"", ""agent.json"", ""--token-file"", ""token.txt"" } );
    REQUIRE_FALSE( agent.parse_error );
    REQUIRE( agent.lab_request.has_value() );
",""
"Variable:tests/unit/commander_test.cpp:submitSuite","submitSuite","tests/unit/commander_test.cpp",193,195,"TEST_CASE( ""Lab operator CLI parses requests"", ""[lab][cli]"" )
{
    CliParameters submitSuite( { ""cilogg"", ""lab"", ""submit"", ""--controller-url"", ""http://127.0.0.1:5091"",
                                 ""--token-file"", ""token.txt"", ""--suite-file"", ""suite.json"",
                                 ""--agent-label"", ""rack-a"", ""--report-dir"", ""reports"" } );
    REQUIRE_FALSE( submitSuite.parse_error );
    REQUIRE( submitSuite.lab_request.has_value() );
",""
"Variable:tests/unit/commander_test.cpp:queue","queue","tests/unit/commander_test.cpp",203,204,"    REQUIRE( submitSuite.lab_request->reportDirPath.endsWith( ""reports"" ) );

    CliParameters queue( { ""cilogg"", ""lab"", ""queue"", ""--controller-url"", ""http://127.0.0.1:5091"",
                           ""--token-file"", ""token.txt"" } );
    REQUIRE_FALSE( queue.parse_error );
    REQUIRE( queue.lab_request.has_value() );
",""
"Variable:tests/unit/commander_test.cpp:status","status","tests/unit/commander_test.cpp",209,210,"    REQUIRE( queue.lab_request->mode == LabCliMode::Queue );

    CliParameters status( { ""cilogg"", ""lab"", ""status"", ""--controller-url"", ""http://127.0.0.1:5091"",
                            ""--token-file"", ""token.txt"", ""--job-id"", ""job-1"" } );
    REQUIRE_FALSE( status.parse_error );
    REQUIRE( status.lab_request.has_value() );
",""
"Variable:tests/unit/commander_test.cpp:cancel","cancel","tests/unit/commander_test.cpp",216,217,"    REQUIRE( status.lab_request->jobId == ""job-1"" );

    CliParameters cancel( { ""cilogg"", ""lab"", ""cancel"", ""--controller-url"", ""http://127.0.0.1:5091"",
                            ""--token-file"", ""token.txt"", ""--job-id"", ""job-2"" } );
    REQUIRE_FALSE( cancel.parse_error );
    REQUIRE( cancel.lab_request.has_value() );
",""
"Variable:tests/unit/commander_test.cpp:agents","agents","tests/unit/commander_test.cpp",223,224,"    REQUIRE( cancel.lab_request->jobId == ""job-2"" );

    CliParameters agents( { ""cilogg"", ""lab"", ""agents"", ""--controller-url"", ""http://127.0.0.1:5091"",
                            ""--token-file"", ""token.txt"" } );
    REQUIRE_FALSE( agents.parse_error );
    REQUIRE( agents.lab_request.has_value() );
",""
"Variable:tests/unit/commander_test.cpp:artifacts","artifacts","tests/unit/commander_test.cpp",229,231,"    REQUIRE( agents.lab_request->mode == LabCliMode::Agents );

    CliParameters artifacts( { ""cilogg"", ""lab"", ""artifacts"", ""--controller-url"", ""http://127.0.0.1:5091"",
                               ""--token-file"", ""token.txt"", ""--job-id"", ""job-3"", ""--output-dir"",
                               ""downloads"" } );
    REQUIRE_FALSE( artifacts.parse_error );
    REQUIRE( artifacts.lab_request.has_value() );
",""
"Variable:tests/unit/commander_test.cpp:missingToken","missingToken","tests/unit/commander_test.cpp",240,240,"TEST_CASE( ""Lab operator CLI rejects invalid combinations"", ""[lab][cli]"" )
{
    CliParameters missingToken( { ""cilogg"", ""lab"", ""queue"", ""--controller-url"", ""http://127.0.0.1:5091"" } );
    REQUIRE( missingToken.parse_error );
    REQUIRE( missingToken.parse_error_message.contains( ""--token-file"" ) );
",""
"Variable:tests/unit/commander_test.cpp:invalidSubmit","invalidSubmit","tests/unit/commander_test.cpp",244,246,"    REQUIRE( missingToken.parse_error_message.contains( ""--token-file"" ) );

    CliParameters invalidSubmit(
        { ""cilogg"", ""lab"", ""submit"", ""--controller-url"", ""http://127.0.0.1:5091"", ""--token-file"",
          ""token.txt"", ""--suite-file"", ""suite.json"", ""--scenario-file"", ""scenario.py"" } );
    REQUIRE( invalidSubmit.parse_error );
    REQUIRE( invalidSubmit.parse_error_message.contains( ""exactly one"" ) );
",""
"Variable:tests/unit/commander_test.cpp:missingArtifactOutput","missingArtifactOutput","tests/unit/commander_test.cpp",250,252,"    REQUIRE( invalidSubmit.parse_error_message.contains( ""exactly one"" ) );

    CliParameters missingArtifactOutput(
        { ""cilogg"", ""lab"", ""artifacts"", ""--controller-url"", ""http://127.0.0.1:5091"",
          ""--token-file"", ""token.txt"", ""--job-id"", ""job-9"" } );
    REQUIRE( missingArtifactOutput.parse_error );
    REQUIRE( missingArtifactOutput.parse_error_message.contains( ""--output-dir"" ) );
",""
"Variable:tests/unit/commander_test.cpp:missingAgentConfig","missingAgentConfig","tests/unit/commander_test.cpp",256,258,"    REQUIRE( missingArtifactOutput.parse_error_message.contains( ""--output-dir"" ) );

    CliParameters missingAgentConfig(
        { ""cilogg"", ""lab-agent"", ""run"", ""--controller-url"", ""http://127.0.0.1:5091"",
          ""--token-file"", ""token.txt"" } );
    REQUIRE( missingAgentConfig.parse_error );
    REQUIRE( missingAgentConfig.parse_error_message.contains( ""--agent-config"" ) );
",""
"Variable:tests/unit/commander_test.cpp:payloadPath","payloadPath","tests/unit/commander_test.cpp",353,353,"    REQUIRE( dir.isValid() );

    const auto payloadPath = dir.filePath( ""action.json"" );
    QFile payloadFile( payloadPath );
    REQUIRE( payloadFile.open( QIODevice::WriteOnly ) );
",""
"Variable:tests/unit/commander_test.cpp:createParameters","createParameters","tests/unit/commander_test.cpp",364,365,"    payloadFile.close();

    CliParameters createParameters(
        { ""cilogg"", ""command"", ""--action"", ""create_action"", ""--json-file"", payloadPath } );
    REQUIRE_FALSE( createParameters.parse_error );
    REQUIRE( createParameters.commander_request.has_value() );
",""
"Variable:tests/unit/commander_test.cpp:updateParameters","updateParameters","tests/unit/commander_test.cpp",371,373,"    REQUIRE( createParameters.commander_request->definitionPayload.value( ""name"" ).toString() == ""Ping"" );

    CliParameters updateParameters(
        { ""cilogg"", ""command"", ""--action"", ""update_action"", ""--id"", ""17"", ""--json-file"",
          payloadPath } );
    REQUIRE_FALSE( updateParameters.parse_error );
    REQUIRE( updateParameters.commander_request.has_value() );
",""
"Variable:tests/unit/commander_test.cpp:deleteParameters","deleteParameters","tests/unit/commander_test.cpp",378,379,"    REQUIRE( updateParameters.commander_request->entityId == 17 );

    CliParameters deleteParameters(
        { ""cilogg"", ""command"", ""--action"", ""delete_response"", ""--id"", ""9"" } );
    REQUIRE_FALSE( deleteParameters.parse_error );
    REQUIRE( deleteParameters.commander_request.has_value() );
",""
"Variable:tests/unit/commander_test.cpp:sendParameters","sendParameters","tests/unit/commander_test.cpp",388,389,"TEST_CASE( ""Commander CLI parses send and wait response requests"", ""[commander][cli]"" )
{
    CliParameters sendParameters(
        { ""cilogg"", ""command"", ""--action"", ""send_action"", ""--id"", ""12"", ""--tab-id"", ""tab-1"" } );
    REQUIRE_FALSE( sendParameters.parse_error );
    REQUIRE( sendParameters.commander_request.has_value() );
",""
"Variable:tests/unit/commander_test.cpp:waitParameters","waitParameters","tests/unit/commander_test.cpp",396,398,"    REQUIRE( sendParameters.commander_request->tabId == ""tab-1"" );

    CliParameters waitParameters(
        { ""cilogg"", ""command"", ""--action"", ""wait_response"", ""--name"", ""Ready"", ""--timeout-ms"",
          ""1500"", ""--window-index"", ""0"", ""--tab-index"", ""1"" } );
    REQUIRE_FALSE( waitParameters.parse_error );
    REQUIRE( waitParameters.commander_request.has_value() );
",""
"Variable:tests/unit/commander_test.cpp:startComm","startComm","tests/unit/commander_test.cpp",410,411,"TEST_CASE( ""Commander CLI parses communication automation requests"", ""[commander][cli]"" )
{
    CliParameters startComm(
        { ""cilogg"", ""command"", ""--action"", ""start_comm"", ""--tab-id"", ""tab-1"" } );
    REQUIRE_FALSE( startComm.parse_error );
    REQUIRE( startComm.commander_request.has_value() );
",""
"Variable:tests/unit/commander_test.cpp:addComment","addComment","tests/unit/commander_test.cpp",417,418,"    REQUIRE( startComm.commander_request->tabId == ""tab-1"" );

    CliParameters addComment(
        { ""cilogg"", ""command"", ""--action"", ""add_comment"", ""--text"", ""hello"", ""--timestamp"" } );
    REQUIRE_FALSE( addComment.parse_error );
    REQUIRE( addComment.commander_request.has_value() );
",""
"Variable:tests/unit/commander_test.cpp:getCounter","getCounter","tests/unit/commander_test.cpp",425,426,"    REQUIRE( addComment.commander_request->timestampComment );

    CliParameters getCounter(
        { ""cilogg"", ""command"", ""--action"", ""get_response_counter"", ""--all"", ""--pretty"" } );
    REQUIRE_FALSE( getCounter.parse_error );
    REQUIRE( getCounter.commander_request.has_value() );
",""
"Variable:tests/unit/commander_test.cpp:runScript","runScript","tests/unit/commander_test.cpp",436,438,"TEST_CASE( ""Commander CLI parses script runner requests"", ""[commander][cli]"" )
{
    CliParameters runScript(
        { ""cilogg"", ""command"", ""--action"", ""run_script"", ""--script-file"", ""test.py"",
          ""--args-json-file"", ""args.json"", ""--tab-id"", ""tab-1"" } );
    REQUIRE_FALSE( runScript.parse_error );
    REQUIRE( runScript.commander_request.has_value() );
",""
"Variable:tests/unit/commander_test.cpp:getStatus","getStatus","tests/unit/commander_test.cpp",446,447,"    REQUIRE( runScript.commander_request->tabId == ""tab-1"" );

    CliParameters getStatus(
        { ""cilogg"", ""command"", ""--action"", ""get_script_status"", ""--all"", ""--pretty"" } );
    REQUIRE_FALSE( getStatus.parse_error );
    REQUIRE( getStatus.commander_request.has_value() );
",""
"Variable:tests/unit/commander_test.cpp:getSubscriptions","getSubscriptions","tests/unit/commander_test.cpp",454,456,"    REQUIRE( getStatus.commander_request->prettyOutput );

    CliParameters getSubscriptions(
        { ""cilogg"", ""command"", ""--action"", ""get_script_subscriptions"", ""--tab-id"", ""tab-1"",
          ""--pretty"" } );
    REQUIRE_FALSE( getSubscriptions.parse_error );
    REQUIRE( getSubscriptions.commander_request.has_value() );
",""
"Variable:tests/unit/commander_test.cpp:clearSubscriptions","clearSubscriptions","tests/unit/commander_test.cpp",464,465,"    REQUIRE( getSubscriptions.commander_request->prettyOutput );

    CliParameters clearSubscriptions(
        { ""cilogg"", ""command"", ""--action"", ""clear_script_subscriptions"", ""--all"" } );
    REQUIRE_FALSE( clearSubscriptions.parse_error );
    REQUIRE( clearSubscriptions.commander_request.has_value() );
",""
"Variable:tests/unit/commander_test.cpp:runGlobal","runGlobal","tests/unit/commander_test.cpp",475,477,"TEST_CASE( ""Commander CLI parses global script runner requests"", ""[commander][cli]"" )
{
    CliParameters runGlobal(
        { ""cilogg"", ""command"", ""--action"", ""run_global_script"", ""--script-file"", ""global.py"",
          ""--args-json-file"", ""args.json"" } );
    REQUIRE_FALSE( runGlobal.parse_error );
    REQUIRE( runGlobal.commander_request.has_value() );
",""
"Variable:tests/unit/commander_test.cpp:getGlobalStatus","getGlobalStatus","tests/unit/commander_test.cpp",484,485,"    REQUIRE( runGlobal.commander_request->argsJsonFilePath.endsWith( ""args.json"" ) );

    CliParameters getGlobalStatus(
        { ""cilogg"", ""command"", ""--action"", ""get_global_script_status"", ""--pretty"" } );
    REQUIRE_FALSE( getGlobalStatus.parse_error );
    REQUIRE( getGlobalStatus.commander_request.has_value() );
",""
"Variable:tests/unit/commander_test.cpp:getGlobalSubscriptions","getGlobalSubscriptions","tests/unit/commander_test.cpp",491,492,"    REQUIRE( getGlobalStatus.commander_request->prettyOutput );

    CliParameters getGlobalSubscriptions(
        { ""cilogg"", ""command"", ""--action"", ""get_global_script_subscriptions"", ""--pretty"" } );
    REQUIRE_FALSE( getGlobalSubscriptions.parse_error );
    REQUIRE( getGlobalSubscriptions.commander_request.has_value() );
",""
"Variable:tests/unit/commander_test.cpp:clearGlobalSubscriptions","clearGlobalSubscriptions","tests/unit/commander_test.cpp",499,500,"    REQUIRE( getGlobalSubscriptions.commander_request->prettyOutput );

    CliParameters clearGlobalSubscriptions(
        { ""cilogg"", ""command"", ""--action"", ""clear_global_script_subscriptions"" } );
    REQUIRE_FALSE( clearGlobalSubscriptions.parse_error );
    REQUIRE( clearGlobalSubscriptions.commander_request.has_value() );
",""
"Variable:tests/unit/commander_test.cpp:getReport","getReport","tests/unit/commander_test.cpp",532,533,"    REQUIRE( getStatus.commander_request->prettyOutput );

    CliParameters getReport(
        { ""cilogg"", ""command"", ""--action"", ""get_scenario_report"", ""--pretty"" } );
    REQUIRE_FALSE( getReport.parse_error );
    REQUIRE( getReport.commander_request.has_value() );
",""
"Variable:tests/unit/commander_test.cpp:missingScenarioFile","missingScenarioFile","tests/unit/commander_test.cpp",542,543,"TEST_CASE( ""Commander CLI rejects invalid scenario selectors"", ""[commander][cli]"" )
{
    CliParameters missingScenarioFile(
        { ""cilogg"", ""command"", ""--action"", ""run_scenario"" } );
    REQUIRE( missingScenarioFile.parse_error );
    REQUIRE( missingScenarioFile.parse_error_message.contains( ""--scenario-file"" ) );
",""
"Variable:tests/unit/commander_test.cpp:missingSuiteFile","missingSuiteFile","tests/unit/commander_test.cpp",547,548,"    REQUIRE( missingScenarioFile.parse_error_message.contains( ""--scenario-file"" ) );

    CliParameters missingSuiteFile(
        { ""cilogg"", ""command"", ""--action"", ""run_suite"" } );
    REQUIRE( missingSuiteFile.parse_error );
    REQUIRE( missingSuiteFile.parse_error_message.contains( ""--suite-file"" ) );
",""
"Variable:tests/unit/commander_test.cpp:scenarioWithTab","scenarioWithTab","tests/unit/commander_test.cpp",552,554,"    REQUIRE( missingSuiteFile.parse_error_message.contains( ""--suite-file"" ) );

    CliParameters scenarioWithTab(
        { ""cilogg"", ""command"", ""--action"", ""run_scenario"", ""--scenario-file"", ""scenario.py"",
          ""--tab-id"", ""tab-1"" } );
    REQUIRE( scenarioWithTab.parse_error );
    REQUIRE( scenarioWithTab.parse_error_message.contains( ""does not accept tab selectors or --all"" ) );
",""
"Variable:tests/unit/commander_test.cpp:scenarioStatusWithAll","scenarioStatusWithAll","tests/unit/commander_test.cpp",558,559,"    REQUIRE( scenarioWithTab.parse_error_message.contains( ""does not accept tab selectors or --all"" ) );

    CliParameters scenarioStatusWithAll(
        { ""cilogg"", ""command"", ""--action"", ""get_scenario_status"", ""--all"" } );
    REQUIRE( scenarioStatusWithAll.parse_error );
    REQUIRE( scenarioStatusWithAll.parse_error_message.contains( ""does not accept tab selectors or --all"" ) );
",""
"Variable:tests/unit/commander_test.cpp:missingScript","missingScript","tests/unit/commander_test.cpp",566,567,"TEST_CASE( ""Commander CLI rejects invalid global script selectors"", ""[commander][cli]"" )
{
    CliParameters missingScript(
        { ""cilogg"", ""command"", ""--action"", ""run_global_script"" } );
    REQUIRE( missingScript.parse_error );
    REQUIRE( missingScript.parse_error_message.contains( ""--script-file"" ) );
",""
"Variable:tests/unit/commander_test.cpp:globalWithTab","globalWithTab","tests/unit/commander_test.cpp",571,573,"    REQUIRE( missingScript.parse_error_message.contains( ""--script-file"" ) );

    CliParameters globalWithTab(
        { ""cilogg"", ""command"", ""--action"", ""run_global_script"", ""--script-file"", ""global.py"",
          ""--tab-id"", ""tab-1"" } );
    REQUIRE( globalWithTab.parse_error );
    REQUIRE( globalWithTab.parse_error_message.contains( ""does not accept tab selectors or --all"" ) );
",""
"Variable:tests/unit/commander_test.cpp:globalStatusWithAll","globalStatusWithAll","tests/unit/commander_test.cpp",577,578,"    REQUIRE( globalWithTab.parse_error_message.contains( ""does not accept tab selectors or --all"" ) );

    CliParameters globalStatusWithAll(
        { ""cilogg"", ""command"", ""--action"", ""get_global_script_status"", ""--all"" } );
    REQUIRE( globalStatusWithAll.parse_error );
    REQUIRE( globalStatusWithAll.parse_error_message.contains( ""does not accept tab selectors or --all"" ) );
",""
"Variable:tests/unit/commander_test.cpp:missingSelector","missingSelector","tests/unit/commander_test.cpp",585,586,"TEST_CASE( ""Commander CLI rejects invalid response counter selectors"", ""[commander][cli]"" )
{
    CliParameters missingSelector(
        { ""cilogg"", ""command"", ""--action"", ""get_response_counter"" } );
    REQUIRE( missingSelector.parse_error );
    REQUIRE( missingSelector.parse_error_message.contains( ""exactly one of --id, --name, or --all"" ) );
",""
"Variable:tests/unit/commander_test.cpp:mixedSelectors","mixedSelectors","tests/unit/commander_test.cpp",590,591,"    REQUIRE( missingSelector.parse_error_message.contains( ""exactly one of --id, --name, or --all"" ) );

    CliParameters mixedSelectors(
        { ""cilogg"", ""command"", ""--action"", ""reset_response_counter"", ""--id"", ""1"", ""--all"" } );
    REQUIRE( mixedSelectors.parse_error );
    REQUIRE( mixedSelectors.parse_error_message.contains( ""exactly one of --id, --name, or --all"" ) );
",""
"Variable:tests/unit/commander_test.cpp:missingTimeout","missingTimeout","tests/unit/commander_test.cpp",603,604,"    REQUIRE( missingSelector.parse_error_message.contains( ""exactly one of --id or --name"" ) );

    CliParameters missingTimeout(
        { ""cilogg"", ""command"", ""--action"", ""wait_response"", ""--id"", ""7"" } );
    REQUIRE( missingTimeout.parse_error );
    REQUIRE( missingTimeout.parse_error_message.contains( ""--timeout-ms"" ) );
",""
"Variable:tests/unit/commander_test.cpp:getInfoPretty","getInfoPretty","tests/unit/commander_test.cpp",611,612,"TEST_CASE( ""Commander CLI parses pretty JSON options"", ""[commander][cli]"" )
{
    CliParameters getInfoPretty(
        { ""cilogg"", ""command"", ""--action"", ""get_info"", ""--pretty"" } );

    REQUIRE_FALSE( getInfoPretty.parse_error );
",""
"Variable:tests/unit/commander_test.cpp:getFiltersPretty","getFiltersPretty","tests/unit/commander_test.cpp",618,619,"    REQUIRE( getInfoPretty.commander_request->prettyOutput );

    CliParameters getFiltersPretty(
        { ""cilogg"", ""command"", ""--action"", ""get_filters"", ""--preatty"" } );

    REQUIRE_FALSE( getFiltersPretty.parse_error );
",""
"Variable:tests/unit/commander_test.cpp:byId","byId","tests/unit/commander_test.cpp",629,630,"TEST_CASE( ""Commander CLI parses close_tab selectors"", ""[commander][cli]"" )
{
    CliParameters byId( { ""cilogg"", ""command"", ""--action"", ""close_tab"", ""--tab-id"",
                          ""abc123"" } );
    REQUIRE_FALSE( byId.parse_error );
    REQUIRE( byId.commander_request.has_value() );
",""
"Variable:tests/unit/commander_test.cpp:byIndex","byIndex","tests/unit/commander_test.cpp",638,639,"    REQUIRE_FALSE( byId.commander_request->tabIndex.has_value() );

    CliParameters byIndex( { ""cilogg"", ""command"", ""--action"", ""close_tab"", ""--window-index"",
                             ""2"", ""--tab-index"", ""4"" } );
    REQUIRE_FALSE( byIndex.parse_error );
    REQUIRE( byIndex.commander_request.has_value() );
",""
"Variable:tests/unit/commander_test.cpp:missingTabIndex","missingTabIndex","tests/unit/commander_test.cpp",660,661,"    REQUIRE( mixedSelectors.parse_error_message.contains( ""Use either --tab-id"" ) );

    CliParameters missingTabIndex(
        { ""cilogg"", ""command"", ""--action"", ""close_tab"", ""--window-index"", ""1"" } );
    REQUIRE( missingTabIndex.parse_error );
    REQUIRE( missingTabIndex.parse_error_message.contains( ""--window-index and --tab-index"" ) );
",""
"Variable:tests/unit/commander_test.cpp:negativeTabIndex","negativeTabIndex","tests/unit/commander_test.cpp",665,666,"    REQUIRE( missingTabIndex.parse_error_message.contains( ""--window-index and --tab-index"" ) );

    CliParameters negativeTabIndex( { ""cilogg"", ""command"", ""--action"", ""close_tab"",
                                      ""--window-index"", ""1"", ""--tab-index"", ""-1"" } );
    REQUIRE( negativeTabIndex.parse_error );
    REQUIRE( negativeTabIndex.parse_error_message.contains( ""--tab-index"" ) );
",""
"Variable:tests/unit/commander_test.cpp:getFilters","getFilters","tests/unit/commander_test.cpp",690,692,"TEST_CASE( ""Commander CLI parses filter actions"", ""[commander][cli]"" )
{
    CliParameters getFilters(
        { ""cilogg"", ""command"", ""--action"", ""get_filters"", ""--tab-id"", ""tab-7"",
          ""--filter-index"", ""3"", ""--pretty"" } );
    REQUIRE_FALSE( getFilters.parse_error );
    REQUIRE( getFilters.commander_request.has_value() );
",""
"Variable:tests/unit/commander_test.cpp:setFilter","setFilter","tests/unit/commander_test.cpp",701,703,"    REQUIRE_FALSE( getFilters.commander_request->predefinedFilters );

    CliParameters setFilter(
        { ""cilogg"", ""command"", ""--action"", ""set_filter"", ""--window-index"", ""0"", ""--tab-index"",
          ""1"", ""--filter-id"", ""flt-1"", ""--predefined"", ""--search"", ""--auto-refresh"" } );
    REQUIRE_FALSE( setFilter.parse_error );
    REQUIRE( setFilter.commander_request.has_value() );
",""
"Variable:tests/unit/commander_test.cpp:search","search","tests/unit/commander_test.cpp",717,719,"TEST_CASE( ""Commander CLI parses automation actions"", ""[commander][cli]"" )
{
    CliParameters search(
        { ""cilogg"", ""command"", ""--action"", ""search"", ""--text"", ""ERROR"", ""--regex"",
          ""--case-sensitive"", ""--inverse"", ""--boolean"", ""--auto-refresh"", ""--keep-results"" } );
    REQUIRE_FALSE( search.parse_error );
    REQUIRE( search.commander_request.has_value() );
",""
"Variable:tests/unit/commander_test.cpp:follow","follow","tests/unit/commander_test.cpp",731,732,"    REQUIRE( search.commander_request->searchKeepResults );

    CliParameters follow(
        { ""cilogg"", ""command"", ""--action"", ""set_follow_mode"", ""--enabled"" } );
    REQUIRE_FALSE( follow.parse_error );
    REQUIRE( follow.commander_request.has_value() );
",""
"Variable:tests/unit/commander_test.cpp:invoke","invoke","tests/unit/commander_test.cpp",739,740,"    REQUIRE( *follow.commander_request->enabled );

    CliParameters invoke(
        { ""cilogg"", ""command"", ""--action"", ""invoke_action"", ""--object-name"", ""followAction"" } );
    REQUIRE_FALSE( invoke.parse_error );
    REQUIRE( invoke.commander_request.has_value() );
",""
"Variable:tests/unit/commander_test.cpp:missingFilter","missingFilter","tests/unit/commander_test.cpp",749,749,"TEST_CASE( ""Commander CLI rejects invalid set_filter selectors"", ""[commander][cli]"" )
{
    CliParameters missingFilter( { ""cilogg"", ""command"", ""--action"", ""set_filter"" } );
    REQUIRE( missingFilter.parse_error );
    REQUIRE( missingFilter.parse_error_message.contains( ""exactly one"" ) );
",""
"Variable:tests/unit/commander_test.cpp:multipleFilters","multipleFilters","tests/unit/commander_test.cpp",753,755,"    REQUIRE( missingFilter.parse_error_message.contains( ""exactly one"" ) );

    CliParameters multipleFilters(
        { ""cilogg"", ""command"", ""--action"", ""set_filter"", ""--filter-id"", ""flt-1"",
          ""--filter-index"", ""0"" } );
    REQUIRE( multipleFilters.parse_error );
    REQUIRE( multipleFilters.parse_error_message.contains( ""exactly one"" ) );
",""
"Variable:tests/unit/commander_test.cpp:missingFocusSelector","missingFocusSelector","tests/unit/commander_test.cpp",759,759,"    REQUIRE( multipleFilters.parse_error_message.contains( ""exactly one"" ) );

    CliParameters missingFocusSelector( { ""cilogg"", ""command"", ""--action"", ""focus_tab"" } );
    REQUIRE( missingFocusSelector.parse_error );
    REQUIRE( missingFocusSelector.parse_error_message.contains( ""focus_tab requires"" ) );
",""
"Variable:tests/unit/commander_test.cpp:restored","restored","tests/unit/commander_test.cpp",812,813,"
    QString errorMessage;
    const auto restored
        = commanderRequestFromVariantMap( commanderRequestToVariantMap( request ), &errorMessage );

    REQUIRE( restored.has_value() );
",""
"Variable:tests/unit/commander_test.cpp:resultPath","resultPath","tests/unit/commander_test.cpp",867,867,"    REQUIRE( dir.isValid() );

    const auto resultPath = dir.filePath( ""commander_result.json"" );
    const auto expected = commanderFailure( CommanderResultCode::NotFound, ""no such target"" );

",""
"Variable:tests/unit/commander_test.cpp:expected","expected","tests/unit/commander_test.cpp",868,868,"
    const auto resultPath = dir.filePath( ""commander_result.json"" );
    const auto expected = commanderFailure( CommanderResultCode::NotFound, ""no such target"" );

    REQUIRE( writeCommanderResult( resultPath, expected ) );
",""
"Variable:tests/unit/commander_test.cpp:resolvedDefaults","resolvedDefaults","tests/unit/commander_test.cpp",922,922,"    defaultsOnly.portName = ""COM5"";

    const auto resolvedDefaults = resolveCommanderComSettings( defaultsOnly );
    REQUIRE( resolvedDefaults.portName == ""COM5"" );
    REQUIRE( resolvedDefaults.baudRate == QSerialPort::Baud57600 );
",""
"Variable:tests/unit/commander_test.cpp:overrides","overrides","tests/unit/commander_test.cpp",935,935,"    REQUIRE( QFileInfo{ resolvedDefaults.filePath }.fileName().contains( ""com5_57600_"" ) );

    CommanderComSettings overrides = defaultsOnly;
    overrides.filePath = dir.filePath( ""manual_capture.log"" );
    overrides.baudRate = 230400;
",""
"Variable:tests/unit/commander_test.cpp:resolvedOverrides","resolvedOverrides","tests/unit/commander_test.cpp",941,941,"    overrides.logTransmits = false;

    const auto resolvedOverrides = resolveCommanderComSettings( overrides );
    REQUIRE( resolvedOverrides.filePath == QFileInfo{ dir.filePath( ""manual_capture.log"" ) }.absoluteFilePath() );
    REQUIRE( resolvedOverrides.baudRate == 230400 );
",""
"Variable:tests/unit/commander_test.cpp:settingsPath","settingsPath","tests/unit/commander_test.cpp",953,953,"    REQUIRE( dir.isValid() );

    const auto settingsPath = dir.filePath( ""filters.ini"" );
    {
        QSettings settings( settingsPath, QSettings::IniFormat );
",""
"Variable:tests/unit/commander_test.cpp:loadedFilters","loadedFilters","tests/unit/commander_test.cpp",973,973,"    }

    const auto loadedFilters = collection.getFilters();
    REQUIRE( loadedFilters.size() == 1 );
    REQUIRE_FALSE( loadedFilters.front().id.isEmpty() );
",""
"Variable:tests/unit/commander_test.cpp:size","size","tests/unit/commander_test.cpp",986,986,"    reloadedSettings.beginGroup( ""PredefinedFiltersCollection"" );
    REQUIRE( reloadedSettings.value( ""version"" ).toInt() == 3 );
    const auto size = reloadedSettings.beginReadArray( ""filters"" );
    REQUIRE( size == 1 );
    reloadedSettings.setArrayIndex( 0 );
",""
"Variable:tests/unit/commander_test.cpp:match","match","tests/unit/commander_test.cpp",1036,1036,"        QRegularExpression::CaseInsensitiveOption );

    const auto match = matchResponseDefinition( response, QByteArray( ""ready 123 ok"" ) );
    REQUIRE( match.matched );
    REQUIRE( match.lineText == ""ready 123 ok"" );
",""
"Variable:tests/unit/actionsconfig_test.cpp:map","map","tests/unit/actionsconfig_test.cpp",16,16,"    response.response.comment = QStringLiteral( ""done"" );

    const auto map = responseDefinitionToVariantMap( response );
    QString errorMessage;
    const auto roundTripped = responseDefinitionFromVariantMap( map, &errorMessage );
",""
"Variable:tests/unit/actionsconfig_test.cpp:roundTripped","roundTripped","tests/unit/actionsconfig_test.cpp",18,18,"    const auto map = responseDefinitionToVariantMap( response );
    QString errorMessage;
    const auto roundTripped = responseDefinitionFromVariantMap( map, &errorMessage );

    REQUIRE( errorMessage.isEmpty() );
",""
"Variable:tests/unit/actionsconfig_test.cpp:response","response","tests/unit/actionsconfig_test.cpp",46,46,"
    QString errorMessage;
    const auto response = responseDefinitionFromVariantMap( map, &errorMessage );

    REQUIRE( errorMessage.isEmpty() );
",""
"Variable:tests/ui/qtests_main.cpp:higthlighters","higthlighters","tests/ui/qtests_main.cpp",84,84,"    config.setUseSearchResultsCache( false );

    auto higthlighters = HighlighterSetCollection::getSynced();

#if defined( Q_OS_WIN ) || defined( Q_OS_MAC )
",""
"Variable:tests/ui/mainwindow_test.cpp:it","it","tests/ui/mainwindow_test.cpp",123,125,"int firstProgressStatusIndex( const std::vector<StartupProgressState>& states, const QString& text )
{
    const auto it = std::find_if( states.cbegin(), states.cend(), [ &text ]( const auto& state ) {
        return state.status.contains( text, Qt::CaseInsensitive );
    } );
    if ( it == states.cend() ) {
        return -1;
",""
"Variable:tests/ui/mainwindow_test.cpp:widgets","widgets","tests/ui/mainwindow_test.cpp",134,134,"bool hasVisibleTopLevelWindowWithTitle( const QString& titlePart )
{
    const auto widgets = QApplication::topLevelWidgets();
    return std::any_of( widgets.cbegin(), widgets.cend(), [ &titlePart ]( const QWidget* widget ) {
        return widget != nullptr && widget->isVisible()
",""
"Variable:tests/ui/mainwindow_test.cpp:children","children","tests/ui/mainwindow_test.cpp",147,147,"    }

    const auto children = node.value( ""children"" ).toList();
    return std::any_of( children.cbegin(), children.cend(), [ &objectName ]( const auto& child ) {
        return automationTreeContainsObjectName( child.toMap(), objectName );
",""
"Variable:tests/ui/mainwindow_test.cpp:appSession","appSession","tests/ui/mainwindow_test.cpp",156,156,"SCENARIO( ""Main window tests"", ""[ui]"" )
{
    auto appSession = std::make_shared<Session>();
    WindowSession windowSession{ appSession, ""Main"", 0 };

",""
"Variable:tests/ui/mainwindow_test.cpp:windowSession","windowSession","tests/ui/mainwindow_test.cpp",157,157,"{
    auto appSession = std::make_shared<Session>();
    WindowSession windowSession{ appSession, ""Main"", 0 };

    std::unique_ptr<MainWindow> mainWindow;
",""
"Variable:tests/ui/mainwindow_test.cpp:runInUiThread","runInUiThread","tests/ui/mainwindow_test.cpp",174,178,"    REQUIRE( activateSpy->safeWait() );

    auto runInUiThread = [uiObject = mainWindow.get()]( auto&& func ) {
        QTimer::singleShot( 0, Qt::VeryCoarseTimer, uiObject,
                            std::forward<decltype( func )>( func ) );
        QTest::qWait( 100 );
    };

    GIVEN( ""Opened main window"" )
",""
"Variable:tests/ui/mainwindow_test.cpp:toolBar","toolBar","tests/ui/mainwindow_test.cpp",182,182,"    GIVEN( ""Opened main window"" )
    {
        auto toolBar = mainWindow->findChild<QToolBar*>();
        REQUIRE( toolBar != nullptr );

",""
"Variable:tests/ui/mainwindow_test.cpp:filePathLabel","filePathLabel","tests/ui/mainwindow_test.cpp",185,185,"        REQUIRE( toolBar != nullptr );

        auto filePathLabel = toolBar->findChild<PathLine*>();
        REQUIRE( filePathLabel != nullptr );

",""
"Variable:tests/ui/mainwindow_test.cpp:tabArea","tabArea","tests/ui/mainwindow_test.cpp",188,188,"        REQUIRE( filePathLabel != nullptr );

        auto tabArea = mainWindow->findChild<TabbedCrawlerWidget*>();
        REQUIRE( tabArea != nullptr );

",""
"Variable:tests/ui/mainwindow_test.cpp:minimizeToTrayGuard","minimizeToTrayGuard","tests/ui/mainwindow_test.cpp",254,254,"SCENARIO( ""Closing main window closes auxiliary windows"", ""[ui]"" )
{
    MinimizeToTrayRestoreGuard minimizeToTrayGuard{ false };

    auto appSession = std::make_shared<Session>();
",""
"Variable:tests/ui/mainwindow_test.cpp:mainWindow","mainWindow","tests/ui/mainwindow_test.cpp",259,259,"    WindowSession windowSession{ appSession, ""Main"", 0 };

    std::unique_ptr<MainWindow> mainWindow{ new MainWindow( windowSession ) };
    mainWindow->show();

",""
"Variable:tests/ui/mainwindow_test.cpp:file","file","tests/ui/mainwindow_test.cpp",291,291,"    REQUIRE( tabArea != nullptr );

    QTemporaryFile file{ ""mainwindow_commander_XXXXXX.log"" };
    REQUIRE( file.open() );
    REQUIRE( file.write( ""line one\nline two\n"" ) > 0 );
",""
"Variable:tests/ui/mainwindow_test.cpp:openResult","openResult","tests/ui/mainwindow_test.cpp",299,299,"    openRequest.action = CommanderAction::OpenFile;
    openRequest.filePath = file.fileName();
    CommanderResult openResult{ CommanderResultCode::ExecutionFailed, {}, {} };

    REQUIRE( QMetaObject::invokeMethod(
",""
"Variable:tests/ui/mainwindow_test.cpp:getInfoResult","getInfoResult","tests/ui/mainwindow_test.cpp",310,310,"    CommanderRequest getInfoRequest;
    getInfoRequest.action = CommanderAction::GetInfo;
    CommanderResult getInfoResult{ CommanderResultCode::ExecutionFailed, {}, {} };

    REQUIRE( QMetaObject::invokeMethod(
",""
"Variable:tests/ui/mainwindow_test.cpp:windowInfo","windowInfo","tests/ui/mainwindow_test.cpp",318,318,"    REQUIRE( waitUiState( [&] { return getInfoResult.ok() && getInfoResult.hasPayload(); } ) );

    const auto windowInfo = getInfoResult.payload;
    REQUIRE( windowInfo.value( ""windowIndex"" ).toInt() == 0 );
    REQUIRE_FALSE( windowInfo.value( ""windowId"" ).toString().isEmpty() );
",""
"Variable:tests/ui/mainwindow_test.cpp:tabs","tabs","tests/ui/mainwindow_test.cpp",322,322,"    REQUIRE_FALSE( windowInfo.value( ""windowId"" ).toString().isEmpty() );

    const auto tabs = windowInfo.value( ""tabs"" ).toList();
    REQUIRE( tabs.size() == 1 );
    const auto tabInfo = tabs.front().toMap();
",""
"Variable:tests/ui/mainwindow_test.cpp:tabInfo","tabInfo","tests/ui/mainwindow_test.cpp",324,324,"    const auto tabs = windowInfo.value( ""tabs"" ).toList();
    REQUIRE( tabs.size() == 1 );
    const auto tabInfo = tabs.front().toMap();
    REQUIRE( tabInfo.value( ""tabIndex"" ).toInt() == 0 );
    REQUIRE_FALSE( tabInfo.value( ""tabId"" ).toString().isEmpty() );
",""
"Variable:tests/ui/mainwindow_test.cpp:closeByIdResult","closeByIdResult","tests/ui/mainwindow_test.cpp",333,333,"    closeByIdRequest.action = CommanderAction::CloseTab;
    closeByIdRequest.tabId = tabInfo.value( ""tabId"" ).toString();
    CommanderResult closeByIdResult{ CommanderResultCode::ExecutionFailed, {}, {} };

    REQUIRE( QMetaObject::invokeMethod(
",""
"Variable:tests/ui/mainwindow_test.cpp:reopenResult","reopenResult","tests/ui/mainwindow_test.cpp",342,342,"    REQUIRE( waitUiState( [&] { return tabArea->count() == 0; } ) );

    CommanderResult reopenResult{ CommanderResultCode::ExecutionFailed, {}, {} };
    REQUIRE( QMetaObject::invokeMethod(
        mainWindow.get(),
",""
"Variable:tests/ui/mainwindow_test.cpp:closeByIndexResult","closeByIndexResult","tests/ui/mainwindow_test.cpp",353,353,"    closeByIndexRequest.action = CommanderAction::CloseTab;
    closeByIndexRequest.tabIndex = 0;
    CommanderResult closeByIndexResult{ CommanderResultCode::ExecutionFailed, {}, {} };

    REQUIRE( QMetaObject::invokeMethod(
",""
"Variable:tests/ui/mainwindow_test.cpp:reopenForCloseResult","reopenForCloseResult","tests/ui/mainwindow_test.cpp",362,362,"    REQUIRE( waitUiState( [&] { return tabArea->count() == 0; } ) );

    CommanderResult reopenForCloseResult{ CommanderResultCode::ExecutionFailed, {}, {} };
    REQUIRE( QMetaObject::invokeMethod(
        mainWindow.get(),
",""
"Variable:tests/ui/mainwindow_test.cpp:closeResult","closeResult","tests/ui/mainwindow_test.cpp",373,373,"    closeRequest.action = CommanderAction::CloseFile;
    closeRequest.filePath = file.fileName();
    CommanderResult closeResult{ CommanderResultCode::ExecutionFailed, {}, {} };

    REQUIRE( QMetaObject::invokeMethod(
",""
"Variable:tests/ui/mainwindow_test.cpp:errorFilterId","errorFilterId","tests/ui/mainwindow_test.cpp",386,386,"{
    PredefinedFiltersRestoreGuard restoreFilters;
    const auto errorFilterId = createPredefinedFilterId();
    const auto warnFilterId = createPredefinedFilterId();
    PredefinedFiltersCollection::getSynced().saveToStorage(
",""
"Variable:tests/ui/mainwindow_test.cpp:warnFilterId","warnFilterId","tests/ui/mainwindow_test.cpp",387,387,"    PredefinedFiltersRestoreGuard restoreFilters;
    const auto errorFilterId = createPredefinedFilterId();
    const auto warnFilterId = createPredefinedFilterId();
    PredefinedFiltersCollection::getSynced().saveToStorage(
        { { errorFilterId, ""Errors"", ""ERROR"", false },
",""
"Variable:tests/ui/mainwindow_test.cpp:firstFile","firstFile","tests/ui/mainwindow_test.cpp",400,400,"    REQUIRE( tabArea != nullptr );

    QTemporaryFile firstFile{ ""mainwindow_filters_first_XXXXXX.log"" };
    QTemporaryFile secondFile{ ""mainwindow_filters_second_XXXXXX.log"" };
    REQUIRE( firstFile.open() );
",""
"Variable:tests/ui/mainwindow_test.cpp:secondFile","secondFile","tests/ui/mainwindow_test.cpp",401,401,"
    QTemporaryFile firstFile{ ""mainwindow_filters_first_XXXXXX.log"" };
    QTemporaryFile secondFile{ ""mainwindow_filters_second_XXXXXX.log"" };
    REQUIRE( firstFile.open() );
    REQUIRE( secondFile.open() );
",""
"Variable:tests/ui/mainwindow_test.cpp:openSecond","openSecond","tests/ui/mainwindow_test.cpp",412,412,"    openFirst.action = CommanderAction::OpenFile;
    openFirst.filePath = firstFile.fileName();
    CommanderRequest openSecond = openFirst;
    openSecond.filePath = secondFile.fileName();

",""
"Variable:tests/ui/mainwindow_test.cpp:firstTabId","firstTabId","tests/ui/mainwindow_test.cpp",438,438,"    const auto tabs = getInfoResult.payload.value( ""tabs"" ).toList();
    REQUIRE( tabs.size() == 2 );
    const auto firstTabId = tabs.at( 0 ).toMap().value( ""tabId"" ).toString();
    const auto secondTabId = tabs.at( 1 ).toMap().value( ""tabId"" ).toString();
    REQUIRE_FALSE( firstTabId.isEmpty() );
",""
"Variable:tests/ui/mainwindow_test.cpp:secondTabId","secondTabId","tests/ui/mainwindow_test.cpp",439,439,"    REQUIRE( tabs.size() == 2 );
    const auto firstTabId = tabs.at( 0 ).toMap().value( ""tabId"" ).toString();
    const auto secondTabId = tabs.at( 1 ).toMap().value( ""tabId"" ).toString();
    REQUIRE_FALSE( firstTabId.isEmpty() );
    REQUIRE_FALSE( secondTabId.isEmpty() );
",""
"Variable:tests/ui/mainwindow_test.cpp:focusResult","focusResult","tests/ui/mainwindow_test.cpp",446,446,"    focusRequest.action = CommanderAction::FocusTab;
    focusRequest.tabId = firstTabId;
    CommanderResult focusResult{ CommanderResultCode::ExecutionFailed, {}, {} };
    REQUIRE( QMetaObject::invokeMethod(
        mainWindow.get(),
",""
"Variable:tests/ui/mainwindow_test.cpp:setFilterResult","setFilterResult","tests/ui/mainwindow_test.cpp",460,460,"    setFilterRequest.predefinedFilters = true;
    setFilterRequest.runSearch = true;
    CommanderResult setFilterResult{ CommanderResultCode::ExecutionFailed, {}, {} };
    REQUIRE( QMetaObject::invokeMethod(
        mainWindow.get(),
",""
"Variable:tests/ui/mainwindow_test.cpp:getFiltersResult","getFiltersResult","tests/ui/mainwindow_test.cpp",470,470,"    getFiltersRequest.action = CommanderAction::GetFilters;
    getFiltersRequest.tabId = firstTabId;
    CommanderResult getFiltersResult{ CommanderResultCode::ExecutionFailed, {}, {} };
    REQUIRE( QMetaObject::invokeMethod(
        mainWindow.get(),
",""
"Variable:tests/ui/mainwindow_test.cpp:filters","filters","tests/ui/mainwindow_test.cpp",477,477,"    REQUIRE( waitUiState( [&] { return getFiltersResult.ok() && getFiltersResult.hasPayload(); } ) );

    const auto filters = getFiltersResult.payload.value( ""filters"" ).toList();
    REQUIRE( getFiltersResult.payload.value( ""source"" ).toString() == ""history"" );
    REQUIRE_FALSE( filters.isEmpty() );
",""
"Variable:tests/ui/mainwindow_test.cpp:selectedHistoryFilter","selectedHistoryFilter","tests/ui/mainwindow_test.cpp",480,483,"    REQUIRE( getFiltersResult.payload.value( ""source"" ).toString() == ""history"" );
    REQUIRE_FALSE( filters.isEmpty() );
    const auto selectedHistoryFilter
        = std::find_if( filters.cbegin(), filters.cend(), []( const auto& value ) {
              return value.toMap().value( ""selected"" ).toBool();
          } );
    REQUIRE( selectedHistoryFilter != filters.cend() );
    const auto selectedHistoryFilterString
",""
"Variable:tests/ui/mainwindow_test.cpp:selectedHistoryFilterString","selectedHistoryFilterString","tests/ui/mainwindow_test.cpp",485,486,"          } );
    REQUIRE( selectedHistoryFilter != filters.cend() );
    const auto selectedHistoryFilterString
        = selectedHistoryFilter->toMap().value( ""filterString"" ).toString();
    REQUIRE( selectedHistoryFilterString.contains( ""ERROR"" ) );

",""
"Variable:tests/ui/mainwindow_test.cpp:getPredefinedFiltersResult","getPredefinedFiltersResult","tests/ui/mainwindow_test.cpp",493,493,"    getPredefinedFiltersRequest.tabId = firstTabId;
    getPredefinedFiltersRequest.predefinedFilters = true;
    CommanderResult getPredefinedFiltersResult{ CommanderResultCode::ExecutionFailed, {}, {} };
    REQUIRE( QMetaObject::invokeMethod(
        mainWindow.get(),
",""
"Variable:tests/ui/mainwindow_test.cpp:closeAllResult","closeAllResult","tests/ui/mainwindow_test.cpp",508,508,"    CommanderRequest closeAllRequest;
    closeAllRequest.action = CommanderAction::CloseAll;
    CommanderResult closeAllResult{ CommanderResultCode::ExecutionFailed, {}, {} };
    REQUIRE( QMetaObject::invokeMethod(
        mainWindow.get(),
",""
"Variable:tests/ui/mainwindow_test.cpp:restoreGuard","restoreGuard","tests/ui/mainwindow_test.cpp",527,527,"    sessionInfo.add( ""Main"" );

    SessionFilesRestoreGuard restoreGuard{ sessionInfo, ""Main"", sessionInfo.openFiles( ""Main"" ) };

    sessionInfo.setOpenFiles(
",""
"Variable:tests/ui/mainwindow_test.cpp:startupStates","startupStates","tests/ui/mainwindow_test.cpp",550,550,"
    REQUIRE( waitUiState( [ & ] { return tabArea->count() == 1; } ) );
    const auto startupStates = startupRecorder.snapshot();

    auto* crawler = qobject_cast<CrawlerWidget*>( tabArea->widget( 0 ) );
",""
"Variable:tests/ui/mainwindow_test.cpp:i","i","tests/ui/mainwindow_test.cpp",568,568,"    QTemporaryFile file{ ""mainwindow_restore_search_XXXXXX.log"" };
    REQUIRE( file.open() );
    for ( int i = 0; i < 1000; ++i ) {
        REQUIRE( file.write( ""alpha beta gamma\n"" ) > 0 );
    }
",""
"Variable:tests/ui/mainwindow_test.cpp:compileIndex","compileIndex","tests/ui/mainwindow_test.cpp",608,608,"    REQUIRE( hasProgressStatus( startupStates, ""Tab ready"" ) );

    const auto compileIndex = firstProgressStatusIndex( startupStates, ""Compiling filter expression"" );
    const auto readyIndex = firstProgressStatusIndex( startupStates, ""Filter ready"" );
    const auto tabReadyIndex = firstProgressStatusIndex( startupStates, ""Tab ready"" );
",""
"Variable:tests/ui/mainwindow_test.cpp:readyIndex","readyIndex","tests/ui/mainwindow_test.cpp",609,609,"
    const auto compileIndex = firstProgressStatusIndex( startupStates, ""Compiling filter expression"" );
    const auto readyIndex = firstProgressStatusIndex( startupStates, ""Filter ready"" );
    const auto tabReadyIndex = firstProgressStatusIndex( startupStates, ""Tab ready"" );

",""
"Variable:tests/ui/mainwindow_test.cpp:tabReadyIndex","tabReadyIndex","tests/ui/mainwindow_test.cpp",610,610,"    const auto compileIndex = firstProgressStatusIndex( startupStates, ""Compiling filter expression"" );
    const auto readyIndex = firstProgressStatusIndex( startupStates, ""Filter ready"" );
    const auto tabReadyIndex = firstProgressStatusIndex( startupStates, ""Tab ready"" );

    REQUIRE( compileIndex >= 0 );
",""
"Variable:tests/ui/mainwindow_test.cpp:responsivenessTicks","responsivenessTicks","tests/ui/mainwindow_test.cpp",651,651,"    REQUIRE( waitUiState( [ & ] { return mainWindow->isStartupReadyForDisplay(); } ) );

    int responsivenessTicks = 0;
    QTimer responsivenessTimer;
    responsivenessTimer.setInterval( 50 );
",""
"Variable:tests/ui/mainwindow_test.cpp:validFile","validFile","tests/ui/mainwindow_test.cpp",685,685,"SCENARIO( ""Main window restores session with missing and empty files safely"", ""[ui][startup]"" )
{
    QTemporaryFile validFile{ ""mainwindow_restore_valid_XXXXXX.log"" };
    REQUIRE( validFile.open() );
    REQUIRE( validFile.write( ""line one\nline two\n"" ) > 0 );
",""
"Variable:tests/ui/mainwindow_test.cpp:missingFilePath","missingFilePath","tests/ui/mainwindow_test.cpp",690,690,"    validFile.flush();

    const QString missingFilePath = validFile.fileName() + "".does_not_exist"";
    QFile::remove( missingFilePath );

",""
"Variable:tests/ui/mainwindow_test.cpp:uiTree","uiTree","tests/ui/mainwindow_test.cpp",770,770,"    REQUIRE( mainWindow->findChild<QAction*>( ""textWrapAction"" ) != nullptr );

    const auto uiTree = mainWindow->automationUiTree();
    const auto actions = uiTree.value( ""actions"" ).toList();
    const auto ciloggState = uiTree.value( ""ciloggState"" ).toMap();
",""
"Variable:tests/ui/mainwindow_test.cpp:actions","actions","tests/ui/mainwindow_test.cpp",771,771,"
    const auto uiTree = mainWindow->automationUiTree();
    const auto actions = uiTree.value( ""actions"" ).toList();
    const auto ciloggState = uiTree.value( ""ciloggState"" ).toMap();
    const auto windowInfo = uiTree.value( ""windowInfo"" ).toMap();
",""
"Variable:tests/ui/mainwindow_test.cpp:ciloggState","ciloggState","tests/ui/mainwindow_test.cpp",772,772,"    const auto uiTree = mainWindow->automationUiTree();
    const auto actions = uiTree.value( ""actions"" ).toList();
    const auto ciloggState = uiTree.value( ""ciloggState"" ).toMap();
    const auto windowInfo = uiTree.value( ""windowInfo"" ).toMap();
    REQUIRE( uiTree.value( ""objectName"" ).toString() == ""mainWindow"" );
",""
"Variable:tests/ui/mainwindow_test.cpp:followAction","followAction","tests/ui/mainwindow_test.cpp",796,798,"    REQUIRE( automationTreeContainsObjectName( uiTree, ""textWrapAction"" ) );

    const auto followAction = std::find_if( actions.cbegin(), actions.cend(), []( const auto& actionValue ) {
        return actionValue.toMap().value( ""objectName"" ).toString() == ""followAction"";
    } );
    REQUIRE( followAction != actions.cend() );
    REQUIRE( followAction->toMap().value( ""role"" ).toString() == ""action"" );
",""
"Variable:tests/ui/logfiltereddata_test.cpp:SL_NB_LINES","SL_NB_LINES","tests/ui/logfiltereddata_test.cpp",34,34,"#include ""logfiltereddata.h""

static const qint64 SL_NB_LINES = 500LL;

namespace {
",""
"Variable:tests/ui/logfiltereddata_test.cpp:i","i","tests/ui/logfiltereddata_test.cpp",43,43,"
    if ( file.open() ) {
        for ( int i = 0; i < SL_NB_LINES; i++ ) {
            snprintf( newLine, 89,
                      ""LOGDATA \t is a part of glogg, we are going to test it thoroughly, this is ""
",""
"Variable:tests/ui/logfiltereddata_test.cpp:progress","progress","tests/ui/logfiltereddata_test.cpp",62,62,"    filtered_data->runSearch( RegularExpressionPattern( regexp ) );

    int progress = 0;
    do {
        REQUIRE( searchProgressSpy.safeWait( 10000 ) );
",""
"Variable:tests/ui/logfiltereddata_test.cpp:progressArgs","progressArgs","tests/ui/logfiltereddata_test.cpp",65,65,"    do {
        REQUIRE( searchProgressSpy.safeWait( 10000 ) );
        QList<QVariant> progressArgs = searchProgressSpy.last();
        progress = progressArgs.at( 1 ).toInt();
    } while ( progress < 100 );
",""
"Variable:tests/ui/logfiltereddata_test.cpp:lastCount","lastCount","tests/ui/logfiltereddata_test.cpp",76,76,"
    int progress = 0;
    const qsizetype lastCount = searchProgressSpy.count();
    while ( true ) {
        if ( !searchProgressSpy.safeWait( 500 ) ) {
",""
"Variable:tests/ui/logfiltereddata_test.cpp:counter","counter","tests/ui/logfiltereddata_test.cpp",118,118,"    LogDataLoader()
    {
        static int counter = 0;
        counter++;
        LOG_INFO << ""Test run "" << counter;
",""
"Variable:tests/ui/logfiltereddata_test.cpp:loadEndSpy","loadEndSpy","tests/ui/logfiltereddata_test.cpp",123,123,"
        REQUIRE( generateDataFiles( file ) );
        SafeQSignalSpy loadEndSpy( &log_data, SIGNAL( loadingFinished( LoadingStatus ) ) );

        log_data.attachFile( file.fileName() );
",""
"Variable:tests/ui/logfiltereddata_test.cpp:filtered_data","filtered_data","tests/ui/logfiltereddata_test.cpp",137,137,"{
    LogDataLoader logDataLoader;
    auto filtered_data = logDataLoader.log_data.getNewFilteredData();

    SafeQSignalSpy failedSpy{ filtered_data.get(), &LogFilteredData::searchFailed };",""
"Variable:tests/ui/logfiltereddata_test.cpp:failedSpy","failedSpy","tests/ui/logfiltereddata_test.cpp",139,139,"    auto filtered_data = logDataLoader.log_data.getNewFilteredData();

    SafeQSignalSpy failedSpy{ filtered_data.get(), &LogFilteredData::searchFailed };
    filtered_data->runSearch( RegularExpressionPattern( ""((VOICE COMMAND)|(VOICE CMD)"" ) );
",""
"Variable:tests/ui/logfiltereddata_test.cpp:marks","marks","tests/ui/logfiltereddata_test.cpp",193,193,"                AND_WHEN( ""Get marks"" )
                {
                    auto marks = filtered_data->getMarks();
                    THEN( ""Provide all marks"" )
                    {
",""
"Variable:tests/ui/logfiltereddata_test.cpp:markBefore","markBefore","tests/ui/logfiltereddata_test.cpp",203,203,"            AND_WHEN( ""Get mark before has mark"" )
            {
                const auto markBefore = filtered_data->getMarkBefore( 25_lnum );
                THEN( ""Return previous mark"" )
                {
",""
"Variable:tests/ui/logfiltereddata_test.cpp:markAfter","markAfter","tests/ui/logfiltereddata_test.cpp",222,222,"            AND_WHEN( ""Get mark after has mark"" )
            {
                const auto markAfter = filtered_data->getMarkAfter( 10_lnum );
                THEN( ""Return next mark"" )
                {
",""
"Variable:tests/ui/logfiltereddata_test.cpp:firstSearchSpy","firstSearchSpy","tests/ui/logfiltereddata_test.cpp",270,270,"        auto filtered_data = logDataLoader.log_data.getNewFilteredData();

        SafeQSignalSpy firstSearchSpy{ filtered_data.get(), &LogFilteredData::searchProgressed };
        runSearch( filtered_data.get(), ""line 000000"", firstSearchSpy );

",""
"Variable:tests/ui/logfiltereddata_test.cpp:firstGeneration","firstGeneration","tests/ui/logfiltereddata_test.cpp",274,274,"
        REQUIRE( filtered_data->fullScanCompleted() );
        const auto firstGeneration = filtered_data->searchGeneration();

        WHEN( ""running search with a different pattern"" )
",""
"Variable:tests/ui/logfiltereddata_test.cpp:secondSearchSpy","secondSearchSpy","tests/ui/logfiltereddata_test.cpp",278,278,"        WHEN( ""running search with a different pattern"" )
        {
            SafeQSignalSpy secondSearchSpy{ filtered_data.get(), &LogFilteredData::searchProgressed };
            runSearch( filtered_data.get(), ""line 000001"", secondSearchSpy );

",""
"Variable:tests/ui/logfiltereddata_test.cpp:initialSearchSpy","initialSearchSpy","tests/ui/logfiltereddata_test.cpp",300,300,"        auto filtered_data = logDataLoader.log_data.getNewFilteredData();

        SafeQSignalSpy initialSearchSpy{ filtered_data.get(), &LogFilteredData::searchProgressed };
        runSearch( filtered_data.get(), ""line 000000"", initialSearchSpy );

",""
"Variable:tests/ui/logfiltereddata_test.cpp:initialMatches","initialMatches","tests/ui/logfiltereddata_test.cpp",303,303,"        runSearch( filtered_data.get(), ""line 000000"", initialSearchSpy );

        const auto initialMatches = filtered_data->getNbMatches();
        const auto initialProcessed = filtered_data->lastProcessedLine();
        REQUIRE( initialMatches == 1_lcount );
",""
"Variable:tests/ui/logfiltereddata_test.cpp:initialProcessed","initialProcessed","tests/ui/logfiltereddata_test.cpp",304,304,"
        const auto initialMatches = filtered_data->getNbMatches();
        const auto initialProcessed = filtered_data->lastProcessedLine();
        REQUIRE( initialMatches == 1_lcount );
        REQUIRE_FALSE( filtered_data->lastSearchWasIncremental() );
",""
"Variable:tests/ui/logfiltereddata_test.cpp:nonMatching","nonMatching","tests/ui/logfiltereddata_test.cpp",310,310,"        // Append two lines, only one matches the current filter.
        logDataLoader.file.seek( logDataLoader.file.size() );
        const auto nonMatching = formattedLine( 600 );
        logDataLoader.file.write( nonMatching.toLatin1() );
        const auto matching = formattedLine( 0 );
",""
"Variable:tests/ui/logfiltereddata_test.cpp:matching","matching","tests/ui/logfiltereddata_test.cpp",312,312,"        const auto nonMatching = formattedLine( 600 );
        logDataLoader.file.write( nonMatching.toLatin1() );
        const auto matching = formattedLine( 0 );
        logDataLoader.file.write( matching.toLatin1() );
        logDataLoader.file.flush();
",""
"Variable:tests/ui/logfiltereddata_test.cpp:reloadSpy","reloadSpy","tests/ui/logfiltereddata_test.cpp",316,316,"        logDataLoader.file.flush();

        SafeQSignalSpy reloadSpy( &logDataLoader.log_data, SIGNAL( loadingFinished( LoadingStatus ) ) );
        logDataLoader.log_data.reload();
        REQUIRE( reloadSpy.safeWait() );
",""
"Variable:tests/ui/logfiltereddata_test.cpp:updateSearchSpy","updateSearchSpy","tests/ui/logfiltereddata_test.cpp",320,320,"        REQUIRE( reloadSpy.safeWait() );

        SafeQSignalSpy updateSearchSpy{ filtered_data.get(), &LogFilteredData::searchProgressed };
        REQUIRE( runUpdateSearch( filtered_data.get(), 0_lnum,
                                  LineNumber( logDataLoader.log_data.getNbLine().get() ),
",""
"Variable:tests/ui/logfiltereddata_test.cpp:generationAfterFull","generationAfterFull","tests/ui/logfiltereddata_test.cpp",348,348,"        runSearch( filtered_data.get(), ""line 000123"", initialSearchSpy );

        const auto generationAfterFull = filtered_data->searchGeneration();
        const auto processedAfterFull = filtered_data->lastProcessedLine();
        REQUIRE( filtered_data->fullScanCompleted() );
",""
"Variable:tests/ui/logfiltereddata_test.cpp:processedAfterFull","processedAfterFull","tests/ui/logfiltereddata_test.cpp",349,349,"
        const auto generationAfterFull = filtered_data->searchGeneration();
        const auto processedAfterFull = filtered_data->lastProcessedLine();
        REQUIRE( filtered_data->fullScanCompleted() );

",""
"Variable:tests/ui/logfiltereddata_test.cpp:updateSpy","updateSpy","tests/ui/logfiltereddata_test.cpp",353,353,"
        // Trigger update without appending anything.
        SafeQSignalSpy updateSpy{ filtered_data.get(), &LogFilteredData::searchProgressed };
        const auto hadSignals = runUpdateSearch(
            filtered_data.get(), 0_lnum, LineNumber( logDataLoader.log_data.getNbLine().get() ), updateSpy );
",""
"Variable:tests/ui/logfiltereddata_test.cpp:hadSignals","hadSignals","tests/ui/logfiltereddata_test.cpp",354,355,"        // Trigger update without appending anything.
        SafeQSignalSpy updateSpy{ filtered_data.get(), &LogFilteredData::searchProgressed };
        const auto hadSignals = runUpdateSearch(
            filtered_data.get(), 0_lnum, LineNumber( logDataLoader.log_data.getNbLine().get() ), updateSpy );

        THEN( ""no incremental scan is launched and state is unchanged"" )
",""
"Variable:tests/ui/logfiltereddata_test.cpp:baseMatches","baseMatches","tests/ui/logfiltereddata_test.cpp",377,377,"        runSearch( filtered_data.get(), ""line 000010"", initialSearchSpy );

        const auto baseMatches = filtered_data->getNbMatches();

        // Append a matching line and a non-matching line.
",""
"Variable:tests/ui/logfiltereddata_test.cpp:afterFirstRefreshMatches","afterFirstRefreshMatches","tests/ui/logfiltereddata_test.cpp",393,393,"                                  LineNumber( logDataLoader.log_data.getNbLine().get() ), updateSpy ) );

        const auto afterFirstRefreshMatches = filtered_data->getNbMatches();
        REQUIRE( afterFirstRefreshMatches == baseMatches + 1_lcount );
        REQUIRE( filtered_data->lastSearchWasIncremental() );
",""
"Variable:tests/ui/logfiltereddata_test.cpp:secondUpdateSpy","secondUpdateSpy","tests/ui/logfiltereddata_test.cpp",398,398,"
        // Second refresh without new data should not add duplicates.
        SafeQSignalSpy secondUpdateSpy{ filtered_data.get(), &LogFilteredData::searchProgressed };
        const auto hadSecondRun = runUpdateSearch( filtered_data.get(), 0_lnum,
                                                   LineNumber( logDataLoader.log_data.getNbLine().get() ),
",""
"Variable:tests/ui/logfiltereddata_test.cpp:hadSecondRun","hadSecondRun","tests/ui/logfiltereddata_test.cpp",399,401,"        // Second refresh without new data should not add duplicates.
        SafeQSignalSpy secondUpdateSpy{ filtered_data.get(), &LogFilteredData::searchProgressed };
        const auto hadSecondRun = runUpdateSearch( filtered_data.get(), 0_lnum,
                                                   LineNumber( logDataLoader.log_data.getNbLine().get() ),
                                                   secondUpdateSpy );

        THEN( ""matches remain stable and no duplicate insertions occur"" )
",""
"Variable:tests/ui/logfiltereddata_test.cpp:threadPoolSize","threadPoolSize","tests/ui/logfiltereddata_test.cpp",421,421,"        WHEN( ""Searched for regex"" )
        {
            const auto threadPoolSize = GENERATE( 0, 1, 2 );

            auto& config = Configuration::getSynced();
",""
"Variable:tests/ui/logfiltereddata_test.cpp:filtered_lines","filtered_lines","tests/ui/logfiltereddata_test.cpp",428,428,"            config.setUseParallelSearch( threadPoolSize > 0 );

            auto filtered_lines = filtered_data->getNbLine();
            REQUIRE( filtered_lines.get() == 0 );

",""
"Variable:tests/ui/logfiltereddata_test.cpp:searchProgressSpy","searchProgressSpy","tests/ui/logfiltereddata_test.cpp",431,432,"            REQUIRE( filtered_lines.get() == 0 );

            SafeQSignalSpy searchProgressSpy{ filtered_data.get(),
                                              &LogFilteredData::searchProgressed };

            runSearch( filtered_data.get(), ""this is line [0-9]{5}9"", searchProgressSpy );
",""
"Variable:tests/ui/logfiltereddata_test.cpp:matches_count","matches_count","tests/ui/logfiltereddata_test.cpp",441,441,"                REQUIRE( qvariant_cast<LinesCount>( progressArgs.at( 0 ) ) == 50_lcount );

                const auto matches_count = filtered_data->getNbMatches();
                REQUIRE( matches_count == 50_lcount );

",""
"Variable:tests/ui/logfiltereddata_test.cpp:lines","lines","tests/ui/logfiltereddata_test.cpp",444,444,"                REQUIRE( matches_count == 50_lcount );

                const auto lines = filtered_data->getExpandedLines( 0_lnum, matches_count );
                for ( const auto& l : lines ) {
                    REQUIRE( l.endsWith( '9' ) );
",""
"Variable:tests/ui/logfiltereddata_test.cpp:type","type","tests/ui/logfiltereddata_test.cpp",516,516,"                        THEN( ""Return mark"" )
                        {
                            auto type = filtered_data->lineTypeByLine( 5_lnum );
                            REQUIRE( toFlags( type ) == LineTypeFlags::Mark );
                        }
",""
"Variable:tests/ui/logfiltereddata_test.cpp:original_line","original_line","tests/ui/logfiltereddata_test.cpp",643,643,"                AND_WHEN( ""For marked line"" )
                {
                    auto original_line = filtered_data->getMatchingLineNumber( 0_lnum );
                    THEN( ""Original line is on mark"" )
                    {
",""
"Variable:tests/ui/logfiltereddata_test.cpp:max_filtered_line","max_filtered_line","tests/ui/logfiltereddata_test.cpp",665,665,"                AND_WHEN( ""For last line"" )
                {
                    auto max_filtered_line = LineNumber( filtered_data->getNbLine().get() - 1 );
                    auto original_line = filtered_data->getMatchingLineNumber( max_filtered_line );
                    THEN( ""Original line is last"" )
",""
"Variable:tests/ui/logfiltereddata_test.cpp:filtered_line","filtered_line","tests/ui/logfiltereddata_test.cpp",691,691,"                AND_WHEN( ""For marked line"" )
                {
                    auto filtered_line = filtered_data->getLineIndexNumber( 1_lnum );
                    THEN( ""Marked line returned"" )
                    {
",""
"Variable:tests/ui/logdata_test.cpp:SL_NB_LINES","SL_NB_LINES","tests/ui/logdata_test.cpp",37,37,"#include ""logdata.h""

static const qint64 SL_NB_LINES = 500LL;
static const qint64 VBL_NB_LINES = 50000LL;

",""
"Variable:tests/ui/logdata_test.cpp:VBL_NB_LINES","VBL_NB_LINES","tests/ui/logdata_test.cpp",38,38,"
static const qint64 SL_NB_LINES = 500LL;
static const qint64 VBL_NB_LINES = 50000LL;

namespace {
",""
"Variable:tests/ui/logdata_test.cpp:writeHelper","writeHelper","tests/ui/logdata_test.cpp",61,62,"    void run() override
    {
        QString writeHelper = QCoreApplication::applicationDirPath() + QDir::separator()
                              + QLatin1String( ""file_write_helper"" );
        QStringList arguments;
        arguments << file_->fileName() << QString::number( numberOfLines_ )
",""
"Variable:tests/ui/logdata_test.cpp:thread","thread","tests/ui/logdata_test.cpp",92,92,"                                WriteFileModification flag = WriteFileModification::None )
{
    auto thread = new WriteFileThread( &file, numberOfLines, flag );
    thread->start();
    QObject::connect( thread, &WriteFileThread::finished, thread, &WriteFileThread::deleteLater );
",""
"Variable:tests/ui/logdata_test.cpp:file","file","tests/ui/logdata_test.cpp",110,110,"TEST_CASE( ""Logdata decoding lines"", ""[logdata]"" )
{
    QTemporaryFile file{ ""testdecode_XXXXXX"" };
    if ( file.open() ) {
        writeDataToFile( file );
",""
"Variable:tests/ui/logdata_test.cpp:finishedSpy","finishedSpy","tests/ui/logdata_test.cpp",119,120,"    LogData logData;

    auto finishedSpy
        = std::make_unique<SafeQSignalSpy>( &logData, SIGNAL( loadingFinished( LoadingStatus ) ) );

    logData.attachFile( QFileInfo{ file }.absoluteFilePath() );
",""
"Variable:tests/ui/logdata_test.cpp:rawLines","rawLines","tests/ui/logdata_test.cpp",128,128,"    REQUIRE( logData.getNbLine() == 400_lcount );

    const auto rawLines = logData.getLinesRaw( 200_lnum, 200_lcount );
    REQUIRE( rawLines.startLine == 200_lnum );
    REQUIRE( rawLines.endOfLines.size() == 200 );
",""
"Variable:tests/ui/logdata_test.cpp:utf8View","utf8View","tests/ui/logdata_test.cpp",132,132,"    REQUIRE( rawLines.endOfLines.size() == 200 );

    const auto utf8View = rawLines.buildUtf8View();

    REQUIRE( rawLines.endOfLines.size() == utf8View.size() );
",""
"Variable:tests/ui/logdata_test.cpp:changedSpy","changedSpy","tests/ui/logdata_test.cpp",142,142,"    LogData logData;

    SafeQSignalSpy changedSpy( &logData, SIGNAL( fileChanged( MonitoredFileStatus ) ) );

    // Generate a small file
",""
"Variable:tests/ui/logdata_test.cpp:smallFile","smallFile","tests/ui/logdata_test.cpp",222,222,"    {

        QTemporaryFile smallFile{ ""logdata_test_small_XXXXXX"" };
        QTemporaryFile bigFile{ ""logdata_test_big_XXXXXX"" };

",""
"Variable:tests/ui/logdata_test.cpp:bigFile","bigFile","tests/ui/logdata_test.cpp",223,223,"
        QTemporaryFile smallFile{ ""logdata_test_small_XXXXXX"" };
        QTemporaryFile bigFile{ ""logdata_test_big_XXXXXX"" };

        if ( smallFile.open() ) {
",""
"Variable:tests/ui/logdata_test.cpp:endSpy","endSpy","tests/ui/logdata_test.cpp",236,236,"        {
            LogData log_data;
            SafeQSignalSpy endSpy( &log_data, SIGNAL( loadingFinished( LoadingStatus ) ) );

            // Start loading the VBL
",""
"Variable:tests/ui/logdata_test.cpp:arguments","arguments","tests/ui/logdata_test.cpp",250,250,"                // Check we have an empty file
                REQUIRE( endSpy.count() == 1 );
                QList<QVariant> arguments = endSpy.takeFirst();
                REQUIRE( arguments.at( 0 ).toInt()
                         == static_cast<int>( LoadingStatus::Interrupted ) );
",""
"Variable:tests/ui/crawlerwidget_test.cpp:SL_NB_LINES","SL_NB_LINES","tests/ui/crawlerwidget_test.cpp",44,44,"#include ""crawlerwidget.h""

static const qint64 SL_NB_LINES = 100LL;

namespace {
",""
"Variable:tests/ui/crawlerwidget_test.cpp:i","i","tests/ui/crawlerwidget_test.cpp",52,52,"
    if ( file.open() ) {
        for ( int i = 0; i < SL_NB_LINES; i++ ) {
            snprintf( newLine, 89,
                      ""LOGDATA \t is a part of glogg, we are going to test it thoroughly, this is ""
",""
"Variable:tests/ui/crawlerwidget_test.cpp:file","file","tests/ui/crawlerwidget_test.cpp",281,281,"SCENARIO( ""Crawler widget search"", ""[ui]"" )
{
    QTemporaryFile file{ ""crawler_test_XXXXXX"" };
    REQUIRE( generateDataFiles( file ) );

",""
"Variable:tests/ui/crawlerwidget_test.cpp:text","text","tests/ui/crawlerwidget_test.cpp",325,325,"            {
                crawlerVisitor.selectAllInMainView();
                auto text = crawlerVisitor.mainViewSelectedText();
                THEN( ""text has same number of lines"" )
                {
",""
"Variable:tests/ui/crawlerwidget_test.cpp:it","it","tests/ui/crawlerwidget_test.cpp",457,457,"            searches.clear();
            searches.setHistorySize( historySize );
            for ( auto it = history.crbegin(); it != history.crend(); ++it ) {
                searches.addRecent( *it );
            }
",""
"Variable:tests/ui/crawlerwidget_test.cpp:restoreGuard","restoreGuard","tests/ui/crawlerwidget_test.cpp",463,464,"    };

    SavedSearchesRestoreGuard restoreGuard{ savedSearches, savedSearches.recentSearches(),
                                            savedSearches.historySize() };

    savedSearches.clear();
",""
"Variable:tests/ui/crawlerwidget_test.cpp:sourceFile","sourceFile","tests/ui/crawlerwidget_test.cpp",522,522,"TEST_CASE( ""Crawler widget full view context can be copied to another stream tab"", ""[ui][context]"" )
{
    QTemporaryFile sourceFile{ ""crawler_context_source_XXXXXX"" };
    QTemporaryFile targetFile{ ""crawler_context_target_XXXXXX"" };
    REQUIRE( generateDataFiles( sourceFile ) );",""
"Variable:tests/ui/crawlerwidget_test.cpp:targetFile","targetFile","tests/ui/crawlerwidget_test.cpp",523,523,"{
    QTemporaryFile sourceFile{ ""crawler_context_source_XXXXXX"" };
    QTemporaryFile targetFile{ ""crawler_context_target_XXXXXX"" };
    REQUIRE( generateDataFiles( sourceFile ) );
    REQUIRE( generateDataFiles( targetFile ) );",""
"Variable:tests/ui/crawlerwidget_test.cpp:sourceContext","sourceContext","tests/ui/crawlerwidget_test.cpp",541,541,"    sourceVisitor.setAutoRefresh( true );

    const auto sourceContext = sourceVisitor.crawler->context();
    REQUIRE( sourceContext != nullptr );
    const auto serializedContext = sourceContext->toString();",""
"Variable:tests/ui/crawlerwidget_test.cpp:serializedContext","serializedContext","tests/ui/crawlerwidget_test.cpp",543,543,"    const auto sourceContext = sourceVisitor.crawler->context();
    REQUIRE( sourceContext != nullptr );
    const auto serializedContext = sourceContext->toString();

    CrawlerWidgetVisitor targetVisitor;",""
"Variable:tests/ui/crawlerwidget_test.cpp:copiedContext","copiedContext","tests/ui/crawlerwidget_test.cpp",553,553,"    REQUIRE( waitUiState( [ &targetVisitor ]() { return targetVisitor.isSearchStopped(); } ) );

    const auto copiedContext = targetVisitor.crawler->context();
    REQUIRE( copiedContext != nullptr );
",""
"Variable:tests/ui/crawlerwidget_test.cpp:sourceProperties","sourceProperties","tests/ui/crawlerwidget_test.cpp",556,556,"    REQUIRE( copiedContext != nullptr );

    const auto sourceProperties = QJsonDocument::fromJson( serializedContext.toUtf8() ).toVariant().toMap();
    const auto copiedProperties
        = QJsonDocument::fromJson( copiedContext->toString().toUtf8() ).toVariant().toMap();",""
"Variable:tests/ui/crawlerwidget_test.cpp:copiedProperties","copiedProperties","tests/ui/crawlerwidget_test.cpp",557,558,"
    const auto sourceProperties = QJsonDocument::fromJson( serializedContext.toUtf8() ).toVariant().toMap();
    const auto copiedProperties
        = QJsonDocument::fromJson( copiedContext->toString().toUtf8() ).toVariant().toMap();

    REQUIRE( copiedProperties.value( ""S"" ).toList().size()",""
"Variable:tests/ui/crawlerwidget_test.cpp:visibleRange","visibleRange","tests/ui/crawlerwidget_test.cpp",700,700,"    REQUIRE( crawler != nullptr );

    const auto visibleRange = crawler->visibleLineRange();
    const auto mainVisibleRange = crawler->mainVisibleLineRange();
    const auto filteredVisibleRange = crawler->filteredVisibleLineRange();
",""
"Variable:tests/ui/crawlerwidget_test.cpp:mainVisibleRange","mainVisibleRange","tests/ui/crawlerwidget_test.cpp",701,701,"
    const auto visibleRange = crawler->visibleLineRange();
    const auto mainVisibleRange = crawler->mainVisibleLineRange();
    const auto filteredVisibleRange = crawler->filteredVisibleLineRange();
    REQUIRE( crawler->searchText() == ""this is line"" );
",""
"Variable:tests/ui/crawlerwidget_test.cpp:filteredVisibleRange","filteredVisibleRange","tests/ui/crawlerwidget_test.cpp",702,702,"    const auto visibleRange = crawler->visibleLineRange();
    const auto mainVisibleRange = crawler->mainVisibleLineRange();
    const auto filteredVisibleRange = crawler->filteredVisibleLineRange();
    REQUIRE( crawler->searchText() == ""this is line"" );
    REQUIRE( crawler->matchCount() == SL_NB_LINES );
",""
"Variable:tests/ui/crawlerwidget_test.cpp:longPayload","longPayload","tests/ui/crawlerwidget_test.cpp",726,731,"    REQUIRE( file.open() );

    const QString longPayload
        = ""MATCH ""
          ""AAAAAAAAAAAAAAAAAAAAAAAAAAAAAAAAAAAAAAAAAAAAAAAAAAAAAAAAAAAAAAAAAAAAAAAAAAAA ""
          ""BBBBBBBBBBBBBBBBBBBBBBBBBBBBBBBBBBBBBBBBBBBBBBBBBBBBBBBBBBBBBBBBBBBBBBBBBBBB ""
          ""CCCCCCCCCCCCCCCCCCCCCCCCCCCCCCCCCCCCCCCCCCCCCCCCCCCCCCCCCCCCCCCCCCCCCCCCCCCC ""
          ""DDDDDDDDDDDDDDDDDDDDDDDDDDDDDDDDDDDDDDDDDDDDDDDDDDDDDDDDDDDDDDDDDDDDDDDDDDDD"";
    const QString fileContents
        = ""MATCH short one\n""
",""
"Variable:tests/ui/crawlerwidget_test.cpp:fileContents","fileContents","tests/ui/crawlerwidget_test.cpp",732,736,"          ""CCCCCCCCCCCCCCCCCCCCCCCCCCCCCCCCCCCCCCCCCCCCCCCCCCCCCCCCCCCCCCCCCCCCCCCCCCCC ""
          ""DDDDDDDDDDDDDDDDDDDDDDDDDDDDDDDDDDDDDDDDDDDDDDDDDDDDDDDDDDDDDDDDDDDDDDDDDDDD"";
    const QString fileContents
        = ""MATCH short one\n""
          + longPayload + ""\n""
          + ""MATCH short two\n""
          + ""MATCH short three\n"";

    REQUIRE( file.write( fileContents.toUtf8() ) == fileContents.toUtf8().size() );
",""
"Variable:tests/helpers/test_utils.h:result","result","tests/helpers/test_utils.h",39,39,"    bool safeWait( int timeout = 10000 ) {
        // If it has already been received
        bool result = count() > 0;
        if ( ! result ) {
            result = wait( timeout );
",""
"Variable:tests/helpers/test_utils.h:time","time","tests/helpers/test_utils.h",49,49,"template<typename F>
bool waitUiState(F&& checkFunc ) {
    for ( auto time = 0; time < 10000; time += 100 ) {
        if ( checkFunc() ) {
            return true;
",""
"Variable:tests/helpers/file_write_helper.h:SL_LINE_LENGTH","SL_LINE_LENGTH","tests/helpers/file_write_helper.h",23,23,"static const char* partial_line_begin = ""123... beginning of line."";
static const char* partial_line_end = "" end of line 123.\n"";
static const int SL_LINE_LENGTH = 83; // Without the final '\n' !


",""
"Variable:tests/helpers/file_write_helper.cpp:file","file","tests/helpers/file_write_helper.cpp",43,43,"    LOG_INFO << ""Will write to "" << argv[ 1 ] << "" lines "" << argv[ 2 ] << "", flag "" << argv[ 3 ];

    QFile file{ argv[ 1 ] };

    if ( !file.open( QIODevice::Unbuffered | QIODevice::WriteOnly | QIODevice::Append ) ) {
",""
"Variable:tests/helpers/file_write_helper.cpp:numberOfLines","numberOfLines","tests/helpers/file_write_helper.cpp",53,53,"    }

    const int numberOfLines = atoi( argv[ 2 ] );
    const auto flag = static_cast<WriteFileModification>( atoi( argv[ 3 ] ) );

",""
"Variable:tests/helpers/file_write_helper.cpp:flag","flag","tests/helpers/file_write_helper.cpp",54,54,"
    const int numberOfLines = atoi( argv[ 2 ] );
    const auto flag = static_cast<WriteFileModification>( atoi( argv[ 3 ] ) );

    if ( flag == WriteFileModification::Truncate ) {
",""
"Variable:tests/helpers/file_write_helper.cpp:i","i","tests/helpers/file_write_helper.cpp",66,66,"
    char newLine[ 90 ];
    for ( int i = 0; i < numberOfLines; i++ ) {
        snprintf( newLine, 89,
                    ""LOGDATA is a part of glogg, we are going to test it thoroughly, this is ""
",""
"Variable:src/app/scenarioheadlessrunner.cpp:DeviceOpenRetryCount","DeviceOpenRetryCount","src/app/scenarioheadlessrunner.cpp",29,29,"
namespace {
constexpr int DeviceOpenRetryCount = 3;
constexpr int DeviceOpenRetryDelayMs = 1000;

",""
"Variable:src/app/scenarioheadlessrunner.cpp:DeviceOpenRetryDelayMs","DeviceOpenRetryDelayMs","src/app/scenarioheadlessrunner.cpp",30,30,"namespace {
constexpr int DeviceOpenRetryCount = 3;
constexpr int DeviceOpenRetryDelayMs = 1000;

struct LogicalDeviceDefinition {
",""
"Variable:src/app/scenarioheadlessrunner.cpp:sanitized","sanitized","src/app/scenarioheadlessrunner.cpp",82,82,"QString sanitizePathPart( const QString& value )
{
    auto sanitized = value;
    sanitized.replace( QRegularExpression( QStringLiteral( ""[^A-Za-z0-9._-]+"" ) ),
                       QStringLiteral( ""_"" ) );
",""
"Variable:src/app/scenarioheadlessrunner.cpp:value","value","src/app/scenarioheadlessrunner.cpp",93,93,"QString optionalString( const QJsonObject& object, const QString& key )
{
    const auto value = object.value( key );
    return value.isString() ? value.toString().trimmed() : QString{};
}
",""
"Variable:src/app/scenarioheadlessrunner.cpp:raw","raw","src/app/scenarioheadlessrunner.cpp",139,139,"                                                     const QString& context )
{
    const auto raw = optionalString( object, key ).toLower();
    if ( raw.isEmpty() ) {
        return std::nullopt;
",""
"Variable:src/app/scenarioheadlessrunner.cpp:portName","portName","src/app/scenarioheadlessrunner.cpp",211,211,"    CommanderComSettings settings;
    if ( allowPortName ) {
        const auto portName = optionalString( object, QStringLiteral( ""portName"" ) );
        const auto portAlias = optionalString( object, QStringLiteral( ""port"" ) );
        settings.portName = !portName.isEmpty() ? portName : portAlias;
",""
"Variable:src/app/scenarioheadlessrunner.cpp:portAlias","portAlias","src/app/scenarioheadlessrunner.cpp",212,212,"    if ( allowPortName ) {
        const auto portName = optionalString( object, QStringLiteral( ""portName"" ) );
        const auto portAlias = optionalString( object, QStringLiteral( ""port"" ) );
        settings.portName = !portName.isEmpty() ? portName : portAlias;
    }
",""
"Variable:src/app/scenarioheadlessrunner.cpp:filePath","filePath","src/app/scenarioheadlessrunner.cpp",216,216,"    }

    const auto filePath = optionalString( object, QStringLiteral( ""filePath"" ) );
    if ( !filePath.isEmpty() ) {
        settings.filePath = filePath;
",""
"Variable:src/app/scenarioheadlessrunner.cpp:timestampFormat","timestampFormat","src/app/scenarioheadlessrunner.cpp",236,236,"    }

    const auto timestampFormat = optionalString( object, QStringLiteral( ""timestampFormat"" ) );
    if ( !timestampFormat.isEmpty() ) {
        settings.timestampFormat = timestampFormat;
",""
"Variable:src/app/scenarioheadlessrunner.cpp:merged","merged","src/app/scenarioheadlessrunner.cpp",253,253,"                                    const CommanderComSettings& overrides )
{
    CommanderComSettings merged = base;
    if ( !overrides.portName.isEmpty() ) {
        merged.portName = overrides.portName;
",""
"Variable:src/app/scenarioheadlessrunner.cpp:document","document","src/app/scenarioheadlessrunner.cpp",393,393,"
    QJsonParseError parseError;
    const auto document = QJsonDocument::fromJson( file.readAll(), &parseError );
    if ( parseError.error != QJsonParseError::NoError || !document.isObject() ) {
        return { {}, QObject::tr( ""Invalid JSON object in %1."" ).arg( path ) };
",""
"Variable:src/app/scenarioheadlessrunner.cpp:loadResult","loadResult","src/app/scenarioheadlessrunner.cpp",403,403,"std::optional<SuiteDefinition> loadSuiteDefinition( const QString& suiteFilePath, QStringList* errors )
{
    const auto loadResult = loadJsonObject( suiteFilePath );
    if ( !loadResult.error.isEmpty() ) {
        errors->push_back( loadResult.error );
",""
"Variable:src/app/scenarioheadlessrunner.cpp:suiteObject","suiteObject","src/app/scenarioheadlessrunner.cpp",410,410,"
    const QFileInfo suiteInfo( suiteFilePath );
    const auto suiteObject = loadResult.object;

    SuiteDefinition suite;
",""
"Variable:src/app/scenarioheadlessrunner.cpp:devicesValue","devicesValue","src/app/scenarioheadlessrunner.cpp",423,423,"    }

    const auto devicesValue = suiteObject.value( QStringLiteral( ""devices"" ) );
    if ( devicesValue.isObject() ) {
        const auto devicesObject = devicesValue.toObject();
",""
"Variable:src/app/scenarioheadlessrunner.cpp:devicesObject","devicesObject","src/app/scenarioheadlessrunner.cpp",425,425,"    const auto devicesValue = suiteObject.value( QStringLiteral( ""devices"" ) );
    if ( devicesValue.isObject() ) {
        const auto devicesObject = devicesValue.toObject();
        for ( auto it = devicesObject.begin(); it != devicesObject.end(); ++it ) {
            if ( !it.value().isObject() ) {
",""
"Variable:src/app/scenarioheadlessrunner.cpp:it","it","src/app/scenarioheadlessrunner.cpp",426,426,"    if ( devicesValue.isObject() ) {
        const auto devicesObject = devicesValue.toObject();
        for ( auto it = devicesObject.begin(); it != devicesObject.end(); ++it ) {
            if ( !it.value().isObject() ) {
                errors->push_back(
",""
"Variable:src/app/scenarioheadlessrunner.cpp:scenariosValue","scenariosValue","src/app/scenarioheadlessrunner.cpp",442,442,"    }

    const auto scenariosValue = suiteObject.value( QStringLiteral( ""scenarios"" ) );
    if ( !scenariosValue.isArray() ) {
        errors->push_back( QObject::tr( ""Suite %1 must contain a scenarios array."" ).arg( suiteFilePath ) );
",""
"Variable:src/app/scenarioheadlessrunner.cpp:suiteBaseDir","suiteBaseDir","src/app/scenarioheadlessrunner.cpp",448,448,"    }

    const auto suiteBaseDir = suiteInfo.absolutePath();
    for ( const auto& scenarioValue : scenariosValue.toArray() ) {
        if ( !scenarioValue.isObject() ) {
",""
"Variable:src/app/scenarioheadlessrunner.cpp:object","object","src/app/scenarioheadlessrunner.cpp",456,456,"        }

        const auto object = scenarioValue.toObject();
        SuiteScenarioEntry entry;
        entry.scenarioFilePath = absolutePath(
",""
"Variable:src/app/scenarioheadlessrunner.cpp:requiredDevicesValue","requiredDevicesValue","src/app/scenarioheadlessrunner.cpp",479,479,"        }

        const auto requiredDevicesValue = object.value( QStringLiteral( ""requiredDevices"" ) );
        if ( requiredDevicesValue.isArray() ) {
            for ( const auto& value : requiredDevicesValue.toArray() ) {
",""
"Variable:src/app/scenarioheadlessrunner.cpp:declared","declared","src/app/scenarioheadlessrunner.cpp",493,495,"        for ( const auto& deviceName : entry.requiredDevices ) {
            suite.requiredDevices.push_back( deviceName );
            const auto declared = std::any_of(
                suite.devices.cbegin(), suite.devices.cend(),
                [ &deviceName ]( const LogicalDeviceDefinition& device ) { return device.name == deviceName; } );
            if ( !declared ) {
                errors->push_back(
",""
"Variable:src/app/scenarioheadlessrunner.cpp:nested","nested","src/app/scenarioheadlessrunner.cpp",527,527,"
    QJsonObject devicesObject = loadResult.object;
    if ( const auto nested = loadResult.object.value( QStringLiteral( ""devices"" ) ); nested.isObject() ) {
        devicesObject = nested.toObject();
    }
",""
"Variable:src/app/scenarioheadlessrunner.cpp:xml","xml","src/app/scenarioheadlessrunner.cpp",631,631,"    }

    QXmlStreamWriter xml( &file );
    xml.setAutoFormatting( true );
    xml.writeStartDocument();
",""
"Variable:src/app/scenarioheadlessrunner.cpp:deviceMap","deviceMap","src/app/scenarioheadlessrunner.cpp",693,693,"    }

    const auto deviceMap = loadDeviceMap( request.deviceMapFilePath, &validationErrors );
    if ( !deviceMap ) {
        result.exitCode = 2;
",""
"Variable:src/app/scenarioheadlessrunner.cpp:reportRoot","reportRoot","src/app/scenarioheadlessrunner.cpp",763,765,"    }

    const auto reportRoot = request.reportDirPath.isEmpty()
                                ? QCoreApplication::applicationDirPath()
                                : QFileInfo( request.reportDirPath ).absoluteFilePath();
    QDir reportDir( reportRoot );
    reportDir.mkpath( QStringLiteral( ""."" ) );
",""
"Variable:src/app/scenarioheadlessrunner.cpp:reportJsonPath","reportJsonPath","src/app/scenarioheadlessrunner.cpp",769,769,"    reportDir.mkpath( QStringLiteral( ""."" ) );
    reportDir.mkpath( QStringLiteral( ""captures"" ) );
    const auto reportJsonPath = reportDir.filePath( QStringLiteral( ""scenario-report.json"" ) );
    const auto reportJunitPath
        = reportDir.filePath( QStringLiteral( ""scenario-report.junit.xml"" ) );
",""
"Variable:src/app/scenarioheadlessrunner.cpp:reportJunitPath","reportJunitPath","src/app/scenarioheadlessrunner.cpp",770,771,"    reportDir.mkpath( QStringLiteral( ""captures"" ) );
    const auto reportJsonPath = reportDir.filePath( QStringLiteral( ""scenario-report.json"" ) );
    const auto reportJunitPath
        = reportDir.filePath( QStringLiteral( ""scenario-report.junit.xml"" ) );

    QList<ResolvedDeviceBinding> resolvedBindings;
",""
"Variable:src/app/scenarioheadlessrunner.cpp:failInfrastructure","failInfrastructure","src/app/scenarioheadlessrunner.cpp",801,823,"    }

    const auto failInfrastructure = [ & ]( const QString& errorText ) -> Result {
        QVariantList bindingsPayload;
        for ( const auto& binding : resolvedBindings ) {
            bindingsPayload.push_back( buildDeviceBindingPayload( binding ) );
        }

        const auto suiteId
            = suite ? suite->suiteId : QStringLiteral( ""single-scenario"" );
        const auto suiteName
            = suite ? suite->suiteName : QFileInfo( request.scenarioFilePath ).completeBaseName();
        const auto payload = buildHeadlessFailureReport( suiteId, suiteName, reportJsonPath,
                                                         reportJunitPath, errorText, bindingsPayload );
        QString writeError;
        writeJsonReport( reportJsonPath, payload, &writeError );
        writeJunitFailureReport( reportJunitPath, suiteName, errorText, &writeError );

        Result failure;
        failure.exitCode = 2;
        failure.outputToStderr = true;
        failure.message = errorText;
        failure.payload = payload;
        return failure;
    };

    std::vector<std::unique_ptr<QLockFile>> locks;
",""
"Variable:src/app/scenarioheadlessrunner.cpp:suiteId","suiteId","src/app/scenarioheadlessrunner.cpp",807,808,"        }

        const auto suiteId
            = suite ? suite->suiteId : QStringLiteral( ""single-scenario"" );
        const auto suiteName
            = suite ? suite->suiteName : QFileInfo( request.scenarioFilePath ).completeBaseName();
",""
"Variable:src/app/scenarioheadlessrunner.cpp:suiteName","suiteName","src/app/scenarioheadlessrunner.cpp",809,810,"        const auto suiteId
            = suite ? suite->suiteId : QStringLiteral( ""single-scenario"" );
        const auto suiteName
            = suite ? suite->suiteName : QFileInfo( request.scenarioFilePath ).completeBaseName();
        const auto payload = buildHeadlessFailureReport( suiteId, suiteName, reportJsonPath,
                                                         reportJunitPath, errorText, bindingsPayload );
",""
"Variable:src/app/scenarioheadlessrunner.cpp:payload","payload","src/app/scenarioheadlessrunner.cpp",811,812,"        const auto suiteName
            = suite ? suite->suiteName : QFileInfo( request.scenarioFilePath ).completeBaseName();
        const auto payload = buildHeadlessFailureReport( suiteId, suiteName, reportJsonPath,
                                                         reportJunitPath, errorText, bindingsPayload );
        QString writeError;
        writeJsonReport( reportJsonPath, payload, &writeError );
",""
"Variable:src/app/scenarioheadlessrunner.cpp:lockRoot","lockRoot","src/app/scenarioheadlessrunner.cpp",826,827,"
    std::vector<std::unique_ptr<QLockFile>> locks;
    const auto lockRoot = QDir( QStandardPaths::writableLocation( QStandardPaths::TempLocation ) )
                              .filePath( QStringLiteral( ""cilogg-scenario-locks"" ) );
    QDir().mkpath( lockRoot );
    for ( const auto& binding : resolvedBindings ) {
",""
"Variable:src/app/scenarioheadlessrunner.cpp:lock","lock","src/app/scenarioheadlessrunner.cpp",830,833,"    QDir().mkpath( lockRoot );
    for ( const auto& binding : resolvedBindings ) {
        auto lock = std::make_unique<QLockFile>(
            QDir( lockRoot ).filePath(
                QStringLiteral( ""%1.lock"" )
                    .arg( sanitizePathPart( binding.settings.portName.toLower() ) ) ) );
        lock->setStaleLockTime( 0 );
        if ( !lock->tryLock( 0 ) ) {
",""
"Variable:src/app/scenarioheadlessrunner.cpp:attempt","attempt","src/app/scenarioheadlessrunner.cpp",851,851,"
        CommanderResult openResult;
        for ( int attempt = 0; attempt < DeviceOpenRetryCount; ++attempt ) {
            openResult = headlessWindow->executeCommanderRequest( openRequest );
            if ( openResult.ok() ) {
",""
"Variable:src/app/scenarioheadlessrunner.cpp:windowInfo","windowInfo","src/app/scenarioheadlessrunner.cpp",870,870,"
        QCoreApplication::processEvents( QEventLoop::ExcludeUserInputEvents );
        const auto windowInfo = headlessWindow->commanderWindowInfo();
        const auto tabs = windowInfo.value( QStringLiteral( ""tabs"" ) ).toList();
        for ( const auto& tabValue : tabs ) {
",""
"Variable:src/app/scenarioheadlessrunner.cpp:tabs","tabs","src/app/scenarioheadlessrunner.cpp",871,871,"        QCoreApplication::processEvents( QEventLoop::ExcludeUserInputEvents );
        const auto windowInfo = headlessWindow->commanderWindowInfo();
        const auto tabs = windowInfo.value( QStringLiteral( ""tabs"" ) ).toList();
        for ( const auto& tabValue : tabs ) {
            const auto tab = tabValue.toMap();
",""
"Variable:src/app/scenarioheadlessrunner.cpp:tab","tab","src/app/scenarioheadlessrunner.cpp",873,873,"        const auto tabs = windowInfo.value( QStringLiteral( ""tabs"" ) ).toList();
        for ( const auto& tabValue : tabs ) {
            const auto tab = tabValue.toMap();
            if ( tab.value( QStringLiteral( ""filePath"" ) ).toString() != binding.captureFilePath ) {
                continue;
",""
"Variable:src/app/scenarioheadlessrunner.cpp:previousReportJson","previousReportJson","src/app/scenarioheadlessrunner.cpp",908,908,"    }

    const auto previousReportJson = qgetenv( ""CILOGG_SCENARIO_REPORT_JSON"" );
    const auto previousReportJunit = qgetenv( ""CILOGG_SCENARIO_REPORT_JUNIT"" );
    const auto previousBindings = qgetenv( ""CILOGG_SCENARIO_DEVICE_BINDINGS_JSON"" );
",""
"Variable:src/app/scenarioheadlessrunner.cpp:previousReportJunit","previousReportJunit","src/app/scenarioheadlessrunner.cpp",909,909,"
    const auto previousReportJson = qgetenv( ""CILOGG_SCENARIO_REPORT_JSON"" );
    const auto previousReportJunit = qgetenv( ""CILOGG_SCENARIO_REPORT_JUNIT"" );
    const auto previousBindings = qgetenv( ""CILOGG_SCENARIO_DEVICE_BINDINGS_JSON"" );
    qputenv( ""CILOGG_SCENARIO_REPORT_JSON"", reportJsonPath.toUtf8() );
",""
"Variable:src/app/scenarioheadlessrunner.cpp:previousBindings","previousBindings","src/app/scenarioheadlessrunner.cpp",910,910,"    const auto previousReportJson = qgetenv( ""CILOGG_SCENARIO_REPORT_JSON"" );
    const auto previousReportJunit = qgetenv( ""CILOGG_SCENARIO_REPORT_JUNIT"" );
    const auto previousBindings = qgetenv( ""CILOGG_SCENARIO_DEVICE_BINDINGS_JSON"" );
    qputenv( ""CILOGG_SCENARIO_REPORT_JSON"", reportJsonPath.toUtf8() );
    qputenv( ""CILOGG_SCENARIO_REPORT_JUNIT"", reportJunitPath.toUtf8() );
",""
"Variable:src/app/scenarioheadlessrunner.cpp:runResult","runResult","src/app/scenarioheadlessrunner.cpp",923,923,"    runRequest.argsJsonFilePath = request.argsJsonFilePath;

    const auto runResult = app_.executeCommanderRequest( runRequest );
    if ( !runResult.ok() ) {
        headlessWindow->close();
",""
"Variable:src/app/scenarioheadlessrunner.cpp:statusResult","statusResult","src/app/scenarioheadlessrunner.cpp",950,950,"        CommanderRequest statusRequest;
        statusRequest.action = CommanderAction::GetScenarioStatus;
        const auto statusResult = app_.executeCommanderRequest( statusRequest );
        if ( !statusResult.ok() ) {
            headlessWindow->close();
",""
"Variable:src/app/scenarioheadlessrunner.cpp:reportResult","reportResult","src/app/scenarioheadlessrunner.cpp",986,986,"    CommanderRequest reportRequest;
    reportRequest.action = CommanderAction::GetScenarioReport;
    const auto reportResult = app_.executeCommanderRequest( reportRequest );

    QVariantMap reportPayload;
",""
"Variable:src/app/scenarioheadlessrunner.cpp:infrastructure","infrastructure","src/app/scenarioheadlessrunner.cpp",1002,1002,"
    reportPayload.insert( QStringLiteral( ""deviceBindings"" ), deviceBindingsList );
    QVariantMap infrastructure = reportPayload.value( QStringLiteral( ""infrastructure"" ) ).toMap();
    if ( infrastructure.isEmpty() ) {
        infrastructure.insert( QStringLiteral( ""status"" ), QStringLiteral( ""ok"" ) );
",""
"Variable:src/app/messagereceiver.h:data","data","src/app/messagereceiver.h",58,58,"    void receiveMessage( const QByteArray& message )
    {
        const auto data = QCborValue::fromCbor( message ).toVariant().toMap();

        LOG_INFO << ""Message "" << QJsonDocument::fromVariant(data).toJson();
",""
"Variable:src/app/messagereceiver.h:ackPath","ackPath","src/app/messagereceiver.h",66,66,"        }

        const auto ackPath = data.value( ""ackPath"" ).toString();
        const auto resultPath = data.value( ""resultPath"" ).toString();

",""
"Variable:src/app/messagereceiver.h:resultPath","resultPath","src/app/messagereceiver.h",67,67,"
        const auto ackPath = data.value( ""ackPath"" ).toString();
        const auto resultPath = data.value( ""resultPath"" ).toString();

        if ( data.value( ""type"" ).toString() == QLatin1String( ""command"" ) ) {
",""
"Variable:src/app/messagereceiver.h:filesValue","filesValue","src/app/messagereceiver.h",79,79,"        }

        const auto filesValue = data.value( ""files"" );
        if ( !filesValue.canConvert<QStringList>() ) {
            LOG_WARNING << ""Invalid message payload: files must be a string list"";
",""
"Variable:src/app/messagereceiver.h:filenames","filenames","src/app/messagereceiver.h",85,85,"        }

        const QStringList filenames = filesValue.toStringList();

        bool didSomething = false;
",""
"Variable:src/app/messagereceiver.h:didSomething","didSomething","src/app/messagereceiver.h",87,87,"        const QStringList filenames = filesValue.toStringList();

        bool didSomething = false;

        if ( data.value( ""activate"" ).toBool() || filenames.isEmpty() ) {
",""
"Variable:src/app/messagereceiver.h:commandValue","commandValue","src/app/messagereceiver.h",130,130,"        }

        const auto commandValue = data.value( QStringLiteral( ""command"" ) );
        if ( !commandValue.canConvert<QVariantMap>() ) {
            writeFailureResult( resultPath, QStringLiteral( ""Invalid commander payload."" ) );
",""
"Variable:src/app/messagereceiver.h:request","request","src/app/messagereceiver.h",137,137,"
        QString errorMessage;
        const auto request = commanderRequestFromVariantMap( commandValue.toMap(), &errorMessage );
        if ( !request ) {
            writeFailureResult( resultPath, errorMessage.isEmpty()
",""
"Variable:src/app/messagereceiver.h:executeCommand","executeCommand","src/app/messagereceiver.h",145,145,"        }

        Q_EMIT executeCommand( *request, resultPath );
    }

",""
"Variable:src/app/messagereceiver.h:info","info","src/app/messagereceiver.h",159,159,"    static bool isValidTempPath( const QString& path, const QString& prefix, const QString& suffix )
    {
        const QFileInfo info{ path };
        if ( !info.isAbsolute() ) {
            return false;
",""
"Variable:src/app/messagereceiver.h:expectedDir","expectedDir","src/app/messagereceiver.h",164,164,"        }

        const auto expectedDir = QDir::cleanPath( QDir::tempPath() );
        const auto actualDir = QDir::cleanPath( info.absolutePath() );
        if ( !isPathEqual( actualDir, expectedDir ) ) {
",""
"Variable:src/app/messagereceiver.h:actualDir","actualDir","src/app/messagereceiver.h",165,165,"
        const auto expectedDir = QDir::cleanPath( QDir::tempPath() );
        const auto actualDir = QDir::cleanPath( info.absolutePath() );
        if ( !isPathEqual( actualDir, expectedDir ) ) {
            return false;
",""
"Variable:src/app/messagereceiver.h:fileName","fileName","src/app/messagereceiver.h",170,170,"        }

        const auto fileName = info.fileName();
        if ( !fileName.startsWith( prefix ) || !fileName.endsWith( suffix ) ) {
            return false;
",""
"Variable:src/app/messagereceiver.h:result","result","src/app/messagereceiver.h",190,190,"    static void writeFailureResult( const QString& resultPath, const QString& message )
    {
        const auto result = commanderFailure( CommanderResultCode::InvalidRequest, message );
        if ( !writeCommanderResult( resultPath, result ) ) {
            LOG_WARNING << ""Failed to write commander result to "" << resultPath;
",""
"Variable:src/app/main.cpp:rect","rect","src/app/main.cpp",168,168,"    void drawContents( QPainter* painter ) override
    {
        const auto rect = this->rect();
        const int panelHeight = 82;
        const QRect panelRect( rect.left(), rect.bottom() - panelHeight + 1, rect.width(),
",""
"Variable:src/app/main.cpp:panelHeight","panelHeight","src/app/main.cpp",169,169,"    {
        const auto rect = this->rect();
        const int panelHeight = 82;
        const QRect panelRect( rect.left(), rect.bottom() - panelHeight + 1, rect.width(),
                               panelHeight );
",""
"Variable:src/app/main.cpp:panelRect","panelRect","src/app/main.cpp",170,171,"        const auto rect = this->rect();
        const int panelHeight = 82;
        const QRect panelRect( rect.left(), rect.bottom() - panelHeight + 1, rect.width(),
                               panelHeight );
        painter->fillRect( panelRect, QColor( 0, 0, 0, 150 ) );

",""
"Variable:src/app/main.cpp:statusFont","statusFont","src/app/main.cpp",174,174,"        painter->fillRect( panelRect, QColor( 0, 0, 0, 150 ) );

        QFont statusFont = painter->font();
        statusFont.setPixelSize( 14 );
        statusFont.setBold( true );
",""
"Variable:src/app/main.cpp:detailFont","detailFont","src/app/main.cpp",183,183,"                           state_.status.isEmpty() ? QObject::tr( ""Loading..."" ) : state_.status );

        QFont detailFont = painter->font();
        detailFont.setPixelSize( 12 );
        detailFont.setBold( false );
",""
"Variable:src/app/main.cpp:progressRect","progressRect","src/app/main.cpp",192,193,"                           state_.detail );

        const QRect progressRect( panelRect.left() + 12, panelRect.bottom() - 20,
                                  panelRect.width() - 24, 10 );
        painter->setPen( QColor( 80, 80, 80 ) );
        painter->setBrush( QColor( 35, 35, 35 ) );
",""
"Variable:src/app/main.cpp:range","range","src/app/main.cpp",198,198,"        painter->drawRect( progressRect );

        const int range = std::max( 1, state_.maximum - state_.minimum );
        const double ratio = static_cast<double>( state_.value - state_.minimum ) / range;
        const int width = std::max( 0, static_cast<int>( ( progressRect.width() - 2 ) * ratio ) );
",""
"Variable:src/app/main.cpp:ratio","ratio","src/app/main.cpp",199,199,"
        const int range = std::max( 1, state_.maximum - state_.minimum );
        const double ratio = static_cast<double>( state_.value - state_.minimum ) / range;
        const int width = std::max( 0, static_cast<int>( ( progressRect.width() - 2 ) * ratio ) );
        const QRect valueRect( progressRect.left() + 1, progressRect.top() + 1, width,
",""
"Variable:src/app/main.cpp:width","width","src/app/main.cpp",200,200,"        const int range = std::max( 1, state_.maximum - state_.minimum );
        const double ratio = static_cast<double>( state_.value - state_.minimum ) / range;
        const int width = std::max( 0, static_cast<int>( ( progressRect.width() - 2 ) * ratio ) );
        const QRect valueRect( progressRect.left() + 1, progressRect.top() + 1, width,
                               progressRect.height() - 2 );
",""
"Variable:src/app/main.cpp:valueRect","valueRect","src/app/main.cpp",201,202,"        const double ratio = static_cast<double>( state_.value - state_.minimum ) / range;
        const int width = std::max( 0, static_cast<int>( ( progressRect.width() - 2 ) * ratio ) );
        const QRect valueRect( progressRect.left() + 1, progressRect.top() + 1, width,
                               progressRect.height() - 2 );
        painter->fillRect( valueRect, QColor( 38, 140, 255 ) );
    }
",""
"Variable:src/app/main.cpp:hasUsableStdHandle","hasUsableStdHandle","src/app/main.cpp",215,222,"{
#ifdef Q_OS_WIN
    const auto hasUsableStdHandle = []( DWORD handleId ) {
        const HANDLE handle = GetStdHandle( handleId );
        if ( handle == nullptr || handle == INVALID_HANDLE_VALUE ) {
            return false;
        }

        return GetFileType( handle ) != FILE_TYPE_UNKNOWN;
    };

    static bool consoleInitialized = false;
",""
"Variable:src/app/main.cpp:handle","handle","src/app/main.cpp",216,216,"#ifdef Q_OS_WIN
    const auto hasUsableStdHandle = []( DWORD handleId ) {
        const HANDLE handle = GetStdHandle( handleId );
        if ( handle == nullptr || handle == INVALID_HANDLE_VALUE ) {
            return false;
",""
"Variable:src/app/main.cpp:consoleInitialized","consoleInitialized","src/app/main.cpp",224,224,"    };

    static bool consoleInitialized = false;
    if ( !consoleInitialized ) {
        consoleInitialized = true;
",""
"Variable:src/app/main.cpp:output","output","src/app/main.cpp",249,249,"    ensureCliConsoleAttached();

    auto output = message;
    if ( !output.endsWith( '\n' ) ) {
        output += '\n';
",""
"Variable:src/app/main.cpp:bytes","bytes","src/app/main.cpp",254,254,"    }

    const auto bytes = output.toLocal8Bit();
    auto* stream = toStderr ? stderr : stdout;
    std::fwrite( bytes.constData(), 1, static_cast<size_t>( bytes.size() ), stream );
",""
"Variable:src/app/main.cpp:writeToHandle","writeToHandle","src/app/main.cpp",277,287,"
#ifdef Q_OS_WIN
    const auto writeToHandle = [ &bytes ]( DWORD stdHandleId ) {
        const HANDLE handle = GetStdHandle( stdHandleId );
        if ( handle == nullptr || handle == INVALID_HANDLE_VALUE ) {
            return false;
        }

        DWORD bytesWritten = 0;
        return WriteFile( handle, bytes.constData(), static_cast<DWORD>( bytes.size() ), &bytesWritten,
                          nullptr )
               != FALSE;
    };

    const bool wroteToPrimaryHandle = writeToHandle( toStderr ? STD_ERROR_HANDLE : STD_OUTPUT_HANDLE );
",""
"Variable:src/app/main.cpp:bytesWritten","bytesWritten","src/app/main.cpp",283,283,"        }

        DWORD bytesWritten = 0;
        return WriteFile( handle, bytes.constData(), static_cast<DWORD>( bytes.size() ), &bytesWritten,
                          nullptr )
",""
"Variable:src/app/main.cpp:wroteToPrimaryHandle","wroteToPrimaryHandle","src/app/main.cpp",289,289,"    };

    const bool wroteToPrimaryHandle = writeToHandle( toStderr ? STD_ERROR_HANDLE : STD_OUTPUT_HANDLE );
    if ( mirrorStdoutToStderr && !toStderr ) {
        writeToHandle( STD_ERROR_HANDLE );
",""
"Variable:src/app/main.cpp:first","first","src/app/main.cpp",371,371,"    }

    bool first = true;
    for ( auto it = object.cbegin(); it != object.cend(); ++it ) {
        if ( first ) {
",""
"Variable:src/app/main.cpp:it","it","src/app/main.cpp",372,372,"
    bool first = true;
    for ( auto it = object.cbegin(); it != object.cend(); ++it ) {
        if ( first ) {
            first = false;
",""
"Variable:src/app/main.cpp:i","i","src/app/main.cpp",405,405,"    }

    for ( qsizetype i = 0; i < array.size(); ++i ) {
        if ( i > 0 ) {
            output.append( ',' );
",""
"Variable:src/app/main.cpp:outputFile","outputFile","src/app/main.cpp",483,483,"    bytes.append( '\n' );

    QSaveFile outputFile{ path };
    if ( !outputFile.open( QIODevice::WriteOnly ) ) {
        return false;
",""
"Variable:src/app/main.cpp:written","written","src/app/main.cpp",488,488,"    }

    const auto written = outputFile.write( bytes );
    if ( written != bytes.size() ) {
        outputFile.cancelWriting();
",""
"Variable:src/app/main.cpp:artifact","artifact","src/app/main.cpp",501,501,"    QDir().mkpath( outputDirPath );
    for ( const auto& artifactValue : payload.value( QStringLiteral( ""artifacts"" ) ).toList() ) {
        const auto artifact = artifactValue.toMap();
        const auto name = artifact.value( QStringLiteral( ""name"" ) ).toString();
        if ( name.isEmpty() ) {
",""
"Variable:src/app/main.cpp:name","name","src/app/main.cpp",502,502,"    for ( const auto& artifactValue : payload.value( QStringLiteral( ""artifacts"" ) ).toList() ) {
        const auto artifact = artifactValue.toMap();
        const auto name = artifact.value( QStringLiteral( ""name"" ) ).toString();
        if ( name.isEmpty() ) {
            continue;
",""
"Variable:src/app/main.cpp:file","file","src/app/main.cpp",507,507,"        }

        QFile file( QDir( outputDirPath ).filePath( name ) );
        if ( !file.open( QIODevice::WriteOnly | QIODevice::Truncate ) ) {
            if ( errorMessage != nullptr ) {
",""
"Variable:src/app/main.cpp:bundle","bundle","src/app/main.cpp",587,587,"        switch ( parameters.lab_request->mode ) {
        case LabCliMode::Submit: {
            const auto bundle = loadLabJobBundle( *parameters.lab_request, &errorMessage );
            if ( !bundle ) {
                writeCliMessage( errorMessage, true );
",""
"Variable:src/app/main.cpp:automationDumpRequested","automationDumpRequested","src/app/main.cpp",636,637,"    }

    const bool automationDumpRequested
        = parameters.dump_ui_tree || !parameters.dump_state_json_path.isEmpty();
    const bool automationMode
        = automationDumpRequested || qEnvironmentVariableIntValue( ""CILOGG_AUTOMATION"" ) > 0;
",""
"Variable:src/app/main.cpp:automationMode","automationMode","src/app/main.cpp",638,639,"    const bool automationDumpRequested
        = parameters.dump_ui_tree || !parameters.dump_state_json_path.isEmpty();
    const bool automationMode
        = automationDumpRequested || qEnvironmentVariableIntValue( ""CILOGG_AUTOMATION"" ) > 0;
    const QSize automationWindowSize
        = ( parameters.window_width > 0 && parameters.window_height > 0 )
",""
"Variable:src/app/main.cpp:automationWindowSize","automationWindowSize","src/app/main.cpp",640,643,"    const bool automationMode
        = automationDumpRequested || qEnvironmentVariableIntValue( ""CILOGG_AUTOMATION"" ) > 0;
    const QSize automationWindowSize
        = ( parameters.window_width > 0 && parameters.window_height > 0 )
              ? QSize( parameters.window_width, parameters.window_height )
              : QSize( 1600, 1000 );
    app.setAutomationMode( automationMode, QPoint( 40, 40 ), automationWindowSize );

",""
"Variable:src/app/main.cpp:logLevel","logLevel","src/app/main.cpp",646,647,"    app.setAutomationMode( automationMode, QPoint( 40, 40 ), automationWindowSize );

    const auto logLevel
        = static_cast<logging::LogLevel>( std::max( parameters.log_level, config.loggingLevel() ) );
    logging::enableLogging( parameters.enable_logging || config.enableLogging(), logLevel );
    logging::enableFileLogging( parameters.log_to_file || config.enableLogging(), logLevel );
",""
"Variable:src/app/main.cpp:batchResult","batchResult","src/app/main.cpp",657,657,"
        ScenarioHeadlessRunner runner( app );
        const auto batchResult = runner.run( *parameters.scenario_batch_request );
        if ( batchResult.hasPayload() ) {
            writeCliPayload( batchResult.payload, true );
",""
"Variable:src/app/main.cpp:maxConcurrency","maxConcurrency","src/app/main.cpp",667,668,"    }

    auto maxConcurrency
        = tbb::global_control::active_value( tbb::global_control::max_allowed_parallelism );

    LOG_INFO << ""Klogg instance""
",""
"Variable:src/app/main.cpp:result","result","src/app/main.cpp",699,699,"        LOG_INFO << ""Found another klogg, pid "" << app.primaryPid();
        if ( parameters.commander_request ) {
            const auto result = app.sendCommandToPrimaryInstance( *parameters.commander_request );
            if ( result.ok() ) {
                writeCliPayload( result.payload, parameters.commander_request->prettyOutput );
",""
"Variable:src/app/main.cpp:splashPixmap","splashPixmap","src/app/main.cpp",740,740,"    StyleManager::applyStyle( config.style() );

    QPixmap splashPixmap( QStringLiteral( "":/images/splash.png"" ) );
    if ( splashPixmap.isNull() ) {
        splashPixmap = QPixmap( 850, 320 );
",""
"Variable:src/app/main.cpp:startNewSession","startNewSession","src/app/main.cpp",768,768,"    }

    auto startNewSession = true;
    MainWindow* mw = nullptr;
    if ( parameters.commander_request ) {
",""
"Variable:src/app/main.cpp:attempt","attempt","src/app/main.cpp",821,821,"
    if ( parameters.dump_ui_tree ) {
        for ( auto attempt = 0; attempt < 5; ++attempt ) {
            QCoreApplication::processEvents( QEventLoop::ExcludeUserInputEvents );
        }
",""
"Variable:src/app/labtypes.cpp:text","text","src/app/labtypes.cpp",20,20,"    QStringList result;
    for ( const auto& item : value.toList() ) {
        const auto text = item.toString().trimmed();
        if ( !text.isEmpty() ) {
            result.push_back( text );
",""
"Variable:src/app/labtypes.cpp:value","value","src/app/labtypes.cpp",81,81,"    }
    if ( map.contains( QStringLiteral( ""parity"" ) ) ) {
        const auto value = map.value( QStringLiteral( ""parity"" ) );
        if ( value.typeId() == QMetaType::QString ) {
            const auto parity = value.toString().trimmed().toLower();
",""
"Variable:src/app/labtypes.cpp:parity","parity","src/app/labtypes.cpp",83,83,"        const auto value = map.value( QStringLiteral( ""parity"" ) );
        if ( value.typeId() == QMetaType::QString ) {
            const auto parity = value.toString().trimmed().toLower();
            if ( parity == QStringLiteral( ""none"" ) ) {
                settings.parity = QSerialPort::NoParity;
",""
"Variable:src/app/labtypes.cpp:stopBits","stopBits","src/app/labtypes.cpp",107,107,"        const auto value = map.value( QStringLiteral( ""stopBits"" ) );
        if ( value.typeId() == QMetaType::QString ) {
            const auto stopBits = value.toString().trimmed();
            if ( stopBits == QStringLiteral( ""1"" ) ) {
                settings.stopBits = QSerialPort::OneStop;
",""
"Variable:src/app/labtypes.cpp:flowControl","flowControl","src/app/labtypes.cpp",125,125,"        const auto value = map.value( QStringLiteral( ""flowControl"" ) );
        if ( value.typeId() == QMetaType::QString ) {
            const auto flowControl = value.toString().trimmed().toLower();
            if ( flowControl == QStringLiteral( ""none"" ) ) {
                settings.flowControl = QSerialPort::NoFlowControl;
",""
"Variable:src/app/labcontrollerservice.cpp:document","document","src/app/labcontrollerservice.cpp",55,55,"QVariantMap jsonToVariantMap( const QString& value )
{
    const auto document = QJsonDocument::fromJson( value.toUtf8() );
    return document.isObject() ? document.object().toVariantMap() : QVariantMap{};
}
",""
"Variable:src/app/labcontrollerservice.cpp:record","record","src/app/labcontrollerservice.cpp",73,73,"{
    QVariantMap result;
    const auto record = query.record();
    for ( int index = 0; index < record.count(); ++index ) {
        result.insert( record.fieldName( index ), query.value( index ) );
",""
"Variable:src/app/labcontrollerservice.cpp:index","index","src/app/labcontrollerservice.cpp",74,74,"    QVariantMap result;
    const auto record = query.record();
    for ( int index = 0; index < record.count(); ++index ) {
        result.insert( record.fieldName( index ), query.value( index ) );
    }
",""
"Variable:src/app/labcontrollerservice.cpp:anyAddress","anyAddress","src/app/labcontrollerservice.cpp",114,116,"    }

    const auto anyAddress = request.listenAddress == QStringLiteral( ""0.0.0.0"" )
                                ? QHostAddress::Any
                                : QHostAddress( request.listenAddress );
    if ( !httpServer_->listen( anyAddress, request.listenPort ) ) {
        if ( errorMessage != nullptr ) {
",""
"Variable:src/app/labcontrollerservice.cpp:it","it","src/app/labcontrollerservice.cpp",146,146,"    }

    for ( auto it = agentConnections_.begin(); it != agentConnections_.end(); ++it ) {
        if ( it.key() != nullptr ) {
            it.key()->disconnectFromHost();
",""
"Variable:src/app/labcontrollerservice.cpp:database","database","src/app/labcontrollerservice.cpp",155,155,"
    if ( !databaseConnectionName_.isEmpty() ) {
        auto database = controllerDatabase( databaseConnectionName_ );
        database.close();
        QSqlDatabase::removeDatabase( databaseConnectionName_ );
",""
"Variable:src/app/labcontrollerservice.cpp:bundleRoot","bundleRoot","src/app/labcontrollerservice.cpp",397,397,"                                              QString* errorMessage ) const
{
    const auto bundleRoot = QDir( jobDirectoryPath( jobId ) ).filePath( QStringLiteral( ""bundle"" ) );
    QDir().mkpath( bundleRoot );
    for ( const auto& file : bundle.files ) {
",""
"Variable:src/app/labcontrollerservice.cpp:targetPath","targetPath","src/app/labcontrollerservice.cpp",400,401,"    QDir().mkpath( bundleRoot );
    for ( const auto& file : bundle.files ) {
        const auto targetPath
            = QFileInfo( QDir( bundleRoot ).filePath( file.relativePath ) ).absoluteFilePath();
        QDir().mkpath( QFileInfo( targetPath ).absolutePath() );
        QFile outputFile( targetPath );
",""
"Variable:src/app/labcontrollerservice.cpp:jobId","jobId","src/app/labcontrollerservice.cpp",420,420,"                                                        QString* errorMessage )
{
    const auto jobId = nextJobId();
    const auto createdAt = nowUtcString();
    auto database = controllerDatabase( databaseConnectionName_ );
",""
"Variable:src/app/labcontrollerservice.cpp:createdAt","createdAt","src/app/labcontrollerservice.cpp",421,421,"{
    const auto jobId = nextJobId();
    const auto createdAt = nowUtcString();
    auto database = controllerDatabase( databaseConnectionName_ );
    QDir().mkpath( artifactDirectoryPath( jobId ) );
",""
"Variable:src/app/labcontrollerservice.cpp:deviceIt","deviceIt","src/app/labcontrollerservice.cpp",467,470,"
    for ( const auto& requiredDeviceName : bundle.requiredDevices ) {
        auto deviceIt = std::find_if( bundle.logicalDevices.cbegin(), bundle.logicalDevices.cend(),
                                      [ &requiredDeviceName ]( const LabLogicalDeviceDefinition& device ) {
                                          return device.name == requiredDeviceName;
                                      } );
        const auto requiredTags
            = deviceIt != bundle.logicalDevices.cend() ? deviceIt->capabilityTags : QStringList{};
",""
"Variable:src/app/labcontrollerservice.cpp:requiredTags","requiredTags","src/app/labcontrollerservice.cpp",471,472,"                                          return device.name == requiredDeviceName;
                                      } );
        const auto requiredTags
            = deviceIt != bundle.logicalDevices.cend() ? deviceIt->capabilityTags : QStringList{};

        const auto portIt = std::find_if(
",""
"Variable:src/app/labcontrollerservice.cpp:portIt","portIt","src/app/labcontrollerservice.cpp",474,486,"            = deviceIt != bundle.logicalDevices.cend() ? deviceIt->capabilityTags : QStringList{};

        const auto portIt = std::find_if(
            config.ports.cbegin(), config.ports.cend(),
            [ &requiredTags, &usedPorts ]( const LabAgentPortDefinition& port ) {
                if ( usedPorts.contains( port.portName ) ) {
                    return false;
                }
                for ( const auto& tag : requiredTags ) {
                    if ( !port.capabilityTags.contains( tag, Qt::CaseInsensitive ) ) {
                        return false;
                    }
                }
                return true;
            } );

        if ( portIt == config.ports.cend() ) {
",""
"Variable:src/app/labcontrollerservice.cpp:bundle","bundle","src/app/labcontrollerservice.cpp",512,513,"                                             QString* errorMessage )
{
    const auto bundle = labJobBundleFromVariantMap(
        jsonToVariantMap( jobRecord.value( QStringLiteral( ""bundle_json"" ) ).toString() ) );
    const auto bindings = eligibleBindings( bundle, config );
    if ( bindings.isEmpty() && !bundle.requiredDevices.isEmpty() ) {
",""
"Variable:src/app/labcontrollerservice.cpp:bindings","bindings","src/app/labcontrollerservice.cpp",514,514,"    const auto bundle = labJobBundleFromVariantMap(
        jsonToVariantMap( jobRecord.value( QStringLiteral( ""bundle_json"" ) ).toString() ) );
    const auto bindings = eligibleBindings( bundle, config );
    if ( bindings.isEmpty() && !bundle.requiredDevices.isEmpty() ) {
        if ( errorMessage != nullptr ) {
",""
"Variable:src/app/labcontrollerservice.cpp:job","job","src/app/labcontrollerservice.cpp",571,571,"
    while ( query.next() ) {
        const auto job = queryRowToMap( query );
        const auto jobId = job.value( QStringLiteral( ""job_id"" ) ).toString();
        const auto bundle = labJobBundleFromVariantMap(
",""
"Variable:src/app/labcontrollerservice.cpp:waitReason","waitReason","src/app/labcontrollerservice.cpp",576,576,"            jsonToVariantMap( job.value( QStringLiteral( ""bundle_json"" ) ).toString() ) );
        QString errorMessage;
        QString waitReason = QStringLiteral( ""waiting for devices"" );
        bool assigned = false;

",""
"Variable:src/app/labcontrollerservice.cpp:assigned","assigned","src/app/labcontrollerservice.cpp",577,577,"        QString errorMessage;
        QString waitReason = QStringLiteral( ""waiting for devices"" );
        bool assigned = false;

        for ( auto* connection : agentConnections_ ) {
",""
"Variable:src/app/labcontrollerservice.cpp:artifactDir","artifactDir","src/app/labcontrollerservice.cpp",706,706,"    payload.insert( QStringLiteral( ""artifactDir"" ), job.value( QStringLiteral( ""artifact_dir"" ) ) );
    QVariantList artifacts;
    const QDir artifactDir( job.value( QStringLiteral( ""artifact_dir"" ) ).toString() );
    for ( const auto& fileInfo :
          artifactDir.entryInfoList( QDir::Files | QDir::NoDotAndDotDot, QDir::Name ) ) {
",""
"Variable:src/app/labcontrollerservice.cpp:file","file","src/app/labcontrollerservice.cpp",709,709,"    for ( const auto& fileInfo :
          artifactDir.entryInfoList( QDir::Files | QDir::NoDotAndDotDot, QDir::Name ) ) {
        QFile file( fileInfo.absoluteFilePath() );
        if ( !file.open( QIODevice::ReadOnly ) ) {
            continue;
",""
"Variable:src/app/labcontrollerservice.cpp:headerEnd","headerEnd","src/app/labcontrollerservice.cpp",755,755,"bool requestIsComplete( const QByteArray& request )
{
    const auto headerEnd = request.indexOf( ""\r\n\r\n"" );
    if ( headerEnd < 0 ) {
        return false;
",""
"Variable:src/app/labcontrollerservice.cpp:headers","headers","src/app/labcontrollerservice.cpp",760,760,"    }

    const auto headers = request.left( headerEnd );
    const auto contentLengthIndex = headers.toLower().indexOf( ""content-length:"" );
    if ( contentLengthIndex < 0 ) {
",""
"Variable:src/app/labcontrollerservice.cpp:contentLengthIndex","contentLengthIndex","src/app/labcontrollerservice.cpp",761,761,"
    const auto headers = request.left( headerEnd );
    const auto contentLengthIndex = headers.toLower().indexOf( ""content-length:"" );
    if ( contentLengthIndex < 0 ) {
        return true;
",""
"Variable:src/app/labcontrollerservice.cpp:lineEnd","lineEnd","src/app/labcontrollerservice.cpp",766,766,"    }

    const auto lineEnd = headers.indexOf( ""\r\n"", contentLengthIndex );
    const auto line
        = headers.mid( contentLengthIndex, lineEnd < 0 ? -1 : lineEnd - contentLengthIndex );
",""
"Variable:src/app/labcontrollerservice.cpp:line","line","src/app/labcontrollerservice.cpp",767,768,"
    const auto lineEnd = headers.indexOf( ""\r\n"", contentLengthIndex );
    const auto line
        = headers.mid( contentLengthIndex, lineEnd < 0 ? -1 : lineEnd - contentLengthIndex );
    bool ok = false;
    const auto contentLength
",""
"Variable:src/app/labcontrollerservice.cpp:ok","ok","src/app/labcontrollerservice.cpp",769,769,"    const auto line
        = headers.mid( contentLengthIndex, lineEnd < 0 ? -1 : lineEnd - contentLengthIndex );
    bool ok = false;
    const auto contentLength
        = line.mid( QByteArray( ""content-length:"" ).size() ).trimmed().toInt( &ok );
",""
"Variable:src/app/labcontrollerservice.cpp:contentLength","contentLength","src/app/labcontrollerservice.cpp",770,771,"        = headers.mid( contentLengthIndex, lineEnd < 0 ? -1 : lineEnd - contentLengthIndex );
    bool ok = false;
    const auto contentLength
        = line.mid( QByteArray( ""content-length:"" ).size() ).trimmed().toInt( &ok );
    if ( !ok ) {
        return true;
",""
"Variable:src/app/labcontrollerservice.cpp:body","body","src/app/labcontrollerservice.cpp",786,786,"    }

    const auto body = request.mid( headerEnd + 4 );
    const auto document = QJsonDocument::fromJson( body );
    return document.isObject() ? document.object().toVariantMap() : QVariantMap{};
",""
"Variable:src/app/labcontrollerservice.cpp:lines","lines","src/app/labcontrollerservice.cpp",815,815,"                                                 QString* errorMessage ) const
{
    const auto lines = headers.split( '\n' );
    for ( const auto& rawLine : lines ) {
        const auto line = rawLine.trimmed();
",""
"Variable:src/app/labcontrollerservice.cpp:lowerLine","lowerLine","src/app/labcontrollerservice.cpp",818,818,"    for ( const auto& rawLine : lines ) {
        const auto line = rawLine.trimmed();
        const auto lowerLine = line.toLower();
        if ( lowerLine.startsWith( ""x-klogg-token:"" )
             && line.mid( QByteArray( ""X-Klogg-Token:"" ).size() ).trimmed() == sharedToken_ ) {
",""
"Variable:src/app/labcontrollerservice.cpp:value","value","src/app/labcontrollerservice.cpp",824,824,"        }
        if ( lowerLine.startsWith( ""authorization:"" ) ) {
            const auto value = line.mid( QByteArray( ""Authorization:"" ).size() ).trimmed();
            if ( value.toLower().startsWith( ""bearer "" )
                 && value.mid( QByteArray( ""Bearer "" ).size() ) == sharedToken_ ) {
",""
"Variable:src/app/labcontrollerservice.cpp:buffer","buffer","src/app/labcontrollerservice.cpp",843,843,"        auto* socket = httpServer_->nextPendingConnection();
        connect( socket, &QTcpSocket::readyRead, this, [ this, socket ]() {
            auto buffer = socket->property( ""labHttpBuffer"" ).toByteArray();
            buffer.append( socket->readAll() );
            socket->setProperty( ""labHttpBuffer"", buffer );
",""
"Variable:src/app/labcontrollerservice.cpp:headerBytes","headerBytes","src/app/labcontrollerservice.cpp",857,857,"{
    const auto headerEnd = rawRequest.indexOf( ""\r\n\r\n"" );
    const auto headerBytes = headerEnd < 0 ? rawRequest : rawRequest.left( headerEnd );
    QString authError;
    if ( !authorizeHttpRequest( headerBytes, &authError ) ) {
",""
"Variable:src/app/labcontrollerservice.cpp:requestLineEnd","requestLineEnd","src/app/labcontrollerservice.cpp",865,865,"    }

    const auto requestLineEnd = headerBytes.indexOf( ""\r\n"" );
    const auto requestLine = headerBytes.left( requestLineEnd );
    const auto parts = requestLine.split( ' ' );
",""
"Variable:src/app/labcontrollerservice.cpp:requestLine","requestLine","src/app/labcontrollerservice.cpp",866,866,"
    const auto requestLineEnd = headerBytes.indexOf( ""\r\n"" );
    const auto requestLine = headerBytes.left( requestLineEnd );
    const auto parts = requestLine.split( ' ' );
    if ( parts.size() < 2 ) {
",""
"Variable:src/app/labcontrollerservice.cpp:parts","parts","src/app/labcontrollerservice.cpp",867,867,"    const auto requestLineEnd = headerBytes.indexOf( ""\r\n"" );
    const auto requestLine = headerBytes.left( requestLineEnd );
    const auto parts = requestLine.split( ' ' );
    if ( parts.size() < 2 ) {
        sendJsonResponse( socket, 400,
",""
"Variable:src/app/labcontrollerservice.cpp:method","method","src/app/labcontrollerservice.cpp",875,875,"    }

    const auto method = QString::fromLatin1( parts.at( 0 ) ).trimmed().toUpper();
    const auto url = QUrl( QString::fromLatin1( parts.at( 1 ) ) );
    const auto path = url.path();
",""
"Variable:src/app/labcontrollerservice.cpp:url","url","src/app/labcontrollerservice.cpp",876,876,"
    const auto method = QString::fromLatin1( parts.at( 0 ) ).trimmed().toUpper();
    const auto url = QUrl( QString::fromLatin1( parts.at( 1 ) ) );
    const auto path = url.path();
    const auto query = QUrlQuery( url );
",""
"Variable:src/app/labcontrollerservice.cpp:path","path","src/app/labcontrollerservice.cpp",877,877,"    const auto method = QString::fromLatin1( parts.at( 0 ) ).trimmed().toUpper();
    const auto url = QUrl( QString::fromLatin1( parts.at( 1 ) ) );
    const auto path = url.path();
    const auto query = QUrlQuery( url );
    QString errorMessage;
",""
"Variable:src/app/labcontrollerservice.cpp:query","query","src/app/labcontrollerservice.cpp",878,878,"    const auto url = QUrl( QString::fromLatin1( parts.at( 1 ) ) );
    const auto path = url.path();
    const auto query = QUrlQuery( url );
    QString errorMessage;

",""
"Variable:src/app/labcontrollerservice.cpp:payload","payload","src/app/labcontrollerservice.cpp",884,886,"        const auto body = parseJsonBody( rawRequest );
        const auto bundle = labJobBundleFromVariantMap( body.value( QStringLiteral( ""bundle"" ) ).toMap() );
        const auto payload
            = submitBundleUnlocked( bundle, body.value( QStringLiteral( ""requestedAgentLabel"" ) ).toString(),
                                    &errorMessage );
        if ( payload.isEmpty() ) {
            sendJsonResponse( socket, 400, QVariantMap{ { QStringLiteral( ""error"" ), errorMessage } } );
",""
"Variable:src/app/labcontrollerservice.cpp:newlineIndex","newlineIndex","src/app/labcontrollerservice.cpp",1005,1005,"    state->buffer.append( socket->readAll() );
    while ( true ) {
        const auto newlineIndex = state->buffer.indexOf( '\n' );
        if ( newlineIndex < 0 ) {
            break;
",""
"Variable:src/app/labcontrollerservice.cpp:now","now","src/app/labcontrollerservice.cpp",1026,1026,"void LabControllerService::pruneStaleAgents()
{
    const auto now = QDateTime::currentDateTimeUtc();
    for ( auto* state : agentConnections_ ) {
        if ( state == nullptr || state->agentId.isEmpty() || !state->lastHeartbeat.isValid() ) {
",""
"Variable:src/app/labcontrollerservice.cpp:type","type","src/app/labcontrollerservice.cpp",1054,1054,"    }

    const auto type = message.value( QStringLiteral( ""type"" ) ).toString();
    QString errorMessage;

",""
"Variable:src/app/labcontrollerservice.cpp:artifact","artifact","src/app/labcontrollerservice.cpp",1094,1094,"        QDir().mkpath( artifactDir );
        for ( const auto& artifactValue : message.value( QStringLiteral( ""artifacts"" ) ).toList() ) {
            const auto artifact = artifactValue.toMap();
            QFile file( QDir( artifactDir ).filePath( artifact.value( QStringLiteral( ""name"" ) ).toString() ) );
            if ( file.open( QIODevice::WriteOnly | QIODevice::Truncate ) ) {
",""
"Variable:src/app/labclient.cpp:responseBytes","responseBytes","src/app/labclient.cpp",124,124,"    loop.exec();

    const auto responseBytes = reply->readAll();
    const auto document = QJsonDocument::fromJson( responseBytes );
    const auto payload = document.isObject() ? document.object().toVariantMap() : QVariantMap{};
",""
"Variable:src/app/labclient.cpp:document","document","src/app/labclient.cpp",125,125,"
    const auto responseBytes = reply->readAll();
    const auto document = QJsonDocument::fromJson( responseBytes );
    const auto payload = document.isObject() ? document.object().toVariantMap() : QVariantMap{};
    if ( reply->error() != QNetworkReply::NoError ) {
",""
"Variable:src/app/labclient.cpp:payload","payload","src/app/labclient.cpp",126,126,"    const auto responseBytes = reply->readAll();
    const auto document = QJsonDocument::fromJson( responseBytes );
    const auto payload = document.isObject() ? document.object().toVariantMap() : QVariantMap{};
    if ( reply->error() != QNetworkReply::NoError ) {
        if ( errorMessage != nullptr ) {
",""
"Variable:src/app/labbundleutils.cpp:document","document","src/app/labbundleutils.cpp",21,21,"
    QJsonParseError parseError;
    const auto document = QJsonDocument::fromJson( file.readAll(), &parseError );
    if ( parseError.error != QJsonParseError::NoError || !document.isObject() ) {
        if ( errorMessage != nullptr ) {
",""
"Variable:src/app/labbundleutils.cpp:text","text","src/app/labbundleutils.cpp",63,63,"    QStringList result;
    for ( const auto& item : value.toList() ) {
        const auto text = item.toString().trimmed();
        if ( !text.isEmpty() ) {
            result.push_back( text );
",""
"Variable:src/app/labbundleutils.cpp:scenarioInfo","scenarioInfo","src/app/labbundleutils.cpp",79,79,"
    if ( !request.scenarioFilePath.isEmpty() ) {
        const QFileInfo scenarioInfo( request.scenarioFilePath );
        if ( !scenarioInfo.exists() || !scenarioInfo.isFile() ) {
            if ( errorMessage != nullptr ) {
",""
"Variable:src/app/labbundleutils.cpp:argsInfo","argsInfo","src/app/labbundleutils.cpp",98,98,"
        if ( !request.argsJsonFilePath.isEmpty() ) {
            const QFileInfo argsInfo( request.argsJsonFilePath );
            if ( !argsInfo.exists() || !argsInfo.isFile() ) {
                if ( errorMessage != nullptr ) {
",""
"Variable:src/app/labbundleutils.cpp:suiteInfo","suiteInfo","src/app/labbundleutils.cpp",116,116,"    }

    const QFileInfo suiteInfo( request.suiteFilePath );
    if ( !suiteInfo.exists() || !suiteInfo.isFile() ) {
        if ( errorMessage != nullptr ) {
",""
"Variable:src/app/labbundleutils.cpp:suiteObject","suiteObject","src/app/labbundleutils.cpp",124,124,"    }

    const auto suiteObject = loadJsonObject( suiteInfo.absoluteFilePath(), errorMessage );
    if ( suiteObject.isEmpty() ) {
        return std::nullopt;
",""
"Variable:src/app/labbundleutils.cpp:suiteBaseDir","suiteBaseDir","src/app/labbundleutils.cpp",143,143,"    }

    const auto suiteBaseDir = suiteInfo.absolutePath();
    const auto devicesObject = suiteObject.value( QStringLiteral( ""devices"" ) ).toMap();
    for ( auto it = devicesObject.begin(); it != devicesObject.end(); ++it ) {
",""
"Variable:src/app/labbundleutils.cpp:devicesObject","devicesObject","src/app/labbundleutils.cpp",144,144,"
    const auto suiteBaseDir = suiteInfo.absolutePath();
    const auto devicesObject = suiteObject.value( QStringLiteral( ""devices"" ) ).toMap();
    for ( auto it = devicesObject.begin(); it != devicesObject.end(); ++it ) {
        LabLogicalDeviceDefinition device;
",""
"Variable:src/app/labbundleutils.cpp:it","it","src/app/labbundleutils.cpp",145,145,"    const auto suiteBaseDir = suiteInfo.absolutePath();
    const auto devicesObject = suiteObject.value( QStringLiteral( ""devices"" ) ).toMap();
    for ( auto it = devicesObject.begin(); it != devicesObject.end(); ++it ) {
        LabLogicalDeviceDefinition device;
        device.name = it.key();
",""
"Variable:src/app/labbundleutils.cpp:object","object","src/app/labbundleutils.cpp",148,148,"        LabLogicalDeviceDefinition device;
        device.name = it.key();
        const auto object = it.value().toMap();
        device.capabilityTags = stringList( object.value( QStringLiteral( ""capabilityTags"" ) ) );
        device.settings = commanderComSettingsFromVariantMap( object );
",""
"Variable:src/app/labbundleutils.cpp:scenario","scenario","src/app/labbundleutils.cpp",155,155,"
    for ( const auto& scenarioValue : suiteObject.value( QStringLiteral( ""scenarios"" ) ).toList() ) {
        const auto scenario = scenarioValue.toMap();
        const auto scenarioFile = absolutePath( suiteBaseDir, scenario.value( QStringLiteral( ""scenarioFile"" ) ).toString() );
        if ( scenarioFile.isEmpty() ) {
",""
"Variable:src/app/labbundleutils.cpp:scenarioFile","scenarioFile","src/app/labbundleutils.cpp",156,156,"    for ( const auto& scenarioValue : suiteObject.value( QStringLiteral( ""scenarios"" ) ).toList() ) {
        const auto scenario = scenarioValue.toMap();
        const auto scenarioFile = absolutePath( suiteBaseDir, scenario.value( QStringLiteral( ""scenarioFile"" ) ).toString() );
        if ( scenarioFile.isEmpty() ) {
            continue;
",""
"Variable:src/app/labbundleutils.cpp:argsFileValue","argsFileValue","src/app/labbundleutils.cpp",166,166,"        }

        const auto argsFileValue = scenario.value( QStringLiteral( ""argsJsonFile"" ) ).toString();
        if ( !argsFileValue.trimmed().isEmpty() ) {
            const auto argsFile = absolutePath( suiteBaseDir, argsFileValue );
",""
"Variable:src/app/labbundleutils.cpp:argsFile","argsFile","src/app/labbundleutils.cpp",168,168,"        const auto argsFileValue = scenario.value( QStringLiteral( ""argsJsonFile"" ) ).toString();
        if ( !argsFileValue.trimmed().isEmpty() ) {
            const auto argsFile = absolutePath( suiteBaseDir, argsFileValue );
            if ( !appendFile( argsFile, argsFileValue, &bundle.files, errorMessage ) ) {
                return std::nullopt;
",""
"Variable:src/app/labbundleutils.cpp:config","config","src/app/labbundleutils.cpp",197,197,"    }

    auto config = labAgentConfigFromVariantMap( object );
    if ( config.agentId.trimmed().isEmpty() ) {
        if ( errorMessage != nullptr ) {
",""
"Variable:src/app/labagentrunner.cpp:root","root","src/app/labagentrunner.cpp",21,21,"                              QString* errorMessage )
{
    const auto root = QDir( QDir::tempPath() ).filePath( QStringLiteral( ""klogg-lab-agent/%1"" ).arg( jobId ) );
    QDir().mkpath( root );
    for ( const auto& file : bundle.files ) {
",""
"Variable:src/app/labagentrunner.cpp:targetPath","targetPath","src/app/labagentrunner.cpp",24,24,"    QDir().mkpath( root );
    for ( const auto& file : bundle.files ) {
        const auto targetPath = QFileInfo( QDir( root ).filePath( file.relativePath ) ).absoluteFilePath();
        QDir().mkpath( QFileInfo( targetPath ).absolutePath() );
        QFile outputFile( targetPath );
",""
"Variable:src/app/labagentrunner.cpp:config","config","src/app/labagentrunner.cpp",71,71,"    }

    const auto config = loadLabAgentConfig( request.agentConfigPath, errorMessage );
    if ( !config ) {
        return false;
",""
"Variable:src/app/labagentrunner.cpp:controllerUrl","controllerUrl","src/app/labagentrunner.cpp",77,77,"    config_ = *config;

    const QUrl controllerUrl( request.controllerUrl );
    const auto host = controllerUrl.host().trimmed();
    const auto port = controllerUrl.port( 0 );
",""
"Variable:src/app/labagentrunner.cpp:host","host","src/app/labagentrunner.cpp",78,78,"
    const QUrl controllerUrl( request.controllerUrl );
    const auto host = controllerUrl.host().trimmed();
    const auto port = controllerUrl.port( 0 );
    if ( host.isEmpty() || port <= 0 ) {
",""
"Variable:src/app/labagentrunner.cpp:port","port","src/app/labagentrunner.cpp",79,79,"    const QUrl controllerUrl( request.controllerUrl );
    const auto host = controllerUrl.host().trimmed();
    const auto port = controllerUrl.port( 0 );
    if ( host.isEmpty() || port <= 0 ) {
        if ( errorMessage != nullptr ) {
",""
"Variable:src/app/labagentrunner.cpp:newlineIndex","newlineIndex","src/app/labagentrunner.cpp",118,118,"    buffer_.append( socket_->readAll() );
    while ( true ) {
        const auto newlineIndex = buffer_.indexOf( '\n' );
        if ( newlineIndex < 0 ) {
            break;
",""
"Variable:src/app/labagentrunner.cpp:line","line","src/app/labagentrunner.cpp",123,123,"        }

        const auto line = buffer_.left( newlineIndex ).trimmed();
        buffer_.remove( 0, newlineIndex + 1 );
        if ( line.isEmpty() ) {
",""
"Variable:src/app/labagentrunner.cpp:document","document","src/app/labagentrunner.cpp",129,129,"        }

        const auto document = QJsonDocument::fromJson( line );
        if ( document.isObject() ) {
            processMessage( document.object().toVariantMap() );
",""
"Variable:src/app/labagentrunner.cpp:type","type","src/app/labagentrunner.cpp",145,145,"void LabAgentRunner::processMessage( const QVariantMap& message )
{
    const auto type = message.value( QStringLiteral( ""type"" ) ).toString();
    if ( type == QStringLiteral( ""assign_job"" ) ) {
        runAssignedJob( message );
",""
"Variable:src/app/labagentrunner.cpp:jobId","jobId","src/app/labagentrunner.cpp",165,165,"void LabAgentRunner::runAssignedJob( const QVariantMap& message )
{
    const auto jobId = message.value( QStringLiteral( ""jobId"" ) ).toString();
    const auto bundle = labJobBundleFromVariantMap( message.value( QStringLiteral( ""bundle"" ) ).toMap() );
    const auto bindings = message.value( QStringLiteral( ""bindings"" ) ).toList();
",""
"Variable:src/app/labagentrunner.cpp:bundle","bundle","src/app/labagentrunner.cpp",166,166,"{
    const auto jobId = message.value( QStringLiteral( ""jobId"" ) ).toString();
    const auto bundle = labJobBundleFromVariantMap( message.value( QStringLiteral( ""bundle"" ) ).toMap() );
    const auto bindings = message.value( QStringLiteral( ""bindings"" ) ).toList();

",""
"Variable:src/app/labagentrunner.cpp:bindings","bindings","src/app/labagentrunner.cpp",167,167,"    const auto jobId = message.value( QStringLiteral( ""jobId"" ) ).toString();
    const auto bundle = labJobBundleFromVariantMap( message.value( QStringLiteral( ""bundle"" ) ).toMap() );
    const auto bindings = message.value( QStringLiteral( ""bindings"" ) ).toList();

    QString errorMessage;
",""
"Variable:src/app/labagentrunner.cpp:binding","binding","src/app/labagentrunner.cpp",182,182,"    QVariantMap deviceMapRoot;
    for ( const auto& bindingValue : bindings ) {
        const auto binding = bindingValue.toMap();
        deviceMapRoot.insert( binding.value( QStringLiteral( ""logicalName"" ) ).toString(), binding );
    }
",""
"Variable:src/app/labagentrunner.cpp:deviceMapPath","deviceMapPath","src/app/labagentrunner.cpp",185,185,"        deviceMapRoot.insert( binding.value( QStringLiteral( ""logicalName"" ) ).toString(), binding );
    }
    const auto deviceMapPath = QDir( root ).filePath( QStringLiteral( ""device-map.json"" ) );
    QFile deviceMapFile( deviceMapPath );
    if ( deviceMapFile.open( QIODevice::WriteOnly | QIODevice::Truncate ) ) {
",""
"Variable:src/app/labagentrunner.cpp:result","result","src/app/labagentrunner.cpp",214,214,"
    ScenarioHeadlessRunner runner( app_ );
    const auto result = runner.run( batchRequest );

    QVariantList artifacts;
",""
"Variable:src/app/labagentrunner.cpp:reportJsonFile","reportJsonFile","src/app/labagentrunner.cpp",217,217,"
    QVariantList artifacts;
    const auto reportJsonFile = result.payload.value( QStringLiteral( ""reportJsonFile"" ) ).toString();
    const auto reportJunitFile = result.payload.value( QStringLiteral( ""reportJunitFile"" ) ).toString();
    for ( const auto& artifactPath : { reportJsonFile, reportJunitFile } ) {
",""
"Variable:src/app/labagentrunner.cpp:reportJunitFile","reportJunitFile","src/app/labagentrunner.cpp",218,218,"    QVariantList artifacts;
    const auto reportJsonFile = result.payload.value( QStringLiteral( ""reportJsonFile"" ) ).toString();
    const auto reportJunitFile = result.payload.value( QStringLiteral( ""reportJunitFile"" ) ).toString();
    for ( const auto& artifactPath : { reportJsonFile, reportJunitFile } ) {
        if ( artifactPath.isEmpty() ) {
",""
"Variable:src/app/klogg_grep.cpp:configuration","configuration","src/app/klogg_grep.cpp",59,59,"    logging::enableLogging( true, static_cast<logging::LogLevel>( parameters.log_level ) );

    auto configuration = Configuration::getSynced();

    LogData logData;
",""
"Variable:src/app/klogg_grep.cpp:filteredData","filteredData","src/app/klogg_grep.cpp",62,62,"
    LogData logData;
    auto filteredData = logData.getNewFilteredData();

    filteredData->connect(
",""
"Variable:src/app/klogg_grep.cpp:defaultChunkSize","defaultChunkSize","src/app/klogg_grep.cpp",71,71,"                LOG_INFO << ""Searched finished, got "" << nbMatches.get() << "" matches"";

                const auto defaultChunkSize = 1000_lcount;
                for ( auto chunkStart = 0_lnum; chunkStart < nbMatches;
                      chunkStart = chunkStart + defaultChunkSize ) {
",""
"Variable:src/app/klogg_grep.cpp:chunkStart","chunkStart","src/app/klogg_grep.cpp",72,72,"
                const auto defaultChunkSize = 1000_lcount;
                for ( auto chunkStart = 0_lnum; chunkStart < nbMatches;
                      chunkStart = chunkStart + defaultChunkSize ) {
                    auto chunkSize
",""
"Variable:src/app/klogg_grep.cpp:chunkSize","chunkSize","src/app/klogg_grep.cpp",74,75,"                for ( auto chunkStart = 0_lnum; chunkStart < nbMatches;
                      chunkStart = chunkStart + defaultChunkSize ) {
                    auto chunkSize
                        = std::min( defaultChunkSize.get(), nbMatches.get() - chunkStart.get() );
                    auto lines = filteredData->getLines( chunkStart, LinesCount( chunkSize ) );
                    for ( const auto& l : lines ) {
",""
"Variable:src/app/klogg_grep.cpp:lines","lines","src/app/klogg_grep.cpp",76,76,"                    auto chunkSize
                        = std::min( defaultChunkSize.get(), nbMatches.get() - chunkStart.get() );
                    auto lines = filteredData->getLines( chunkStart, LinesCount( chunkSize ) );
                    for ( const auto& l : lines ) {
                        std::cout << l.toStdString() << ""\n"";
",""
"Variable:src/app/kloggapp.h:AckTimeoutMs","AckTimeoutMs","src/app/kloggapp.h",191,191,"        }

        constexpr int AckTimeoutMs = 1200;
        constexpr int AckPollMs = 20;

",""
"Variable:src/app/kloggapp.h:AckPollMs","AckPollMs","src/app/kloggapp.h",192,192,"
        constexpr int AckTimeoutMs = 1200;
        constexpr int AckPollMs = 20;

        QElapsedTimer ackWaitTimer;
",""
"Variable:src/app/kloggapp.h:ackReceived","ackReceived","src/app/kloggapp.h",197,197,"        ackWaitTimer.start();

        bool ackReceived = false;
        QEventLoop ackWaitLoop;
        QTimer ackPollTimer;
",""
"Variable:src/app/kloggapp.h:resultPath","resultPath","src/app/kloggapp.h",231,232,"#endif

        const auto resultPath = createUniqueTempPath( QStringLiteral( ""klogg_command_result_"" ),
                                                      QStringLiteral( "".tmp"" ) );
        if ( resultPath.isEmpty() ) {
            return commanderFailure( CommanderResultCode::TransportError,
",""
"Variable:src/app/kloggapp.h:CommanderConnectTimeoutMs","CommanderConnectTimeoutMs","src/app/kloggapp.h",244,244,"        data.insert( QLatin1String( ""command"" ), QCborValue::fromVariant( commanderRequestToVariantMap( request ) ) );

        constexpr int CommanderConnectTimeoutMs = 5000;
        constexpr int CommanderResponseTimeoutMs = 30000;

",""
"Variable:src/app/kloggapp.h:CommanderResponseTimeoutMs","CommanderResponseTimeoutMs","src/app/kloggapp.h",245,245,"
        constexpr int CommanderConnectTimeoutMs = 5000;
        constexpr int CommanderResponseTimeoutMs = 30000;

        const QCborValue cbor( data );
",""
"Variable:src/app/kloggapp.h:result","result","src/app/kloggapp.h",261,261,"
        QString readError;
        const auto result = readCommanderResult( resultPath, &readError );
        QFile::remove( resultPath );
        if ( !result ) {
",""
"Variable:src/app/kloggapp.h:StartupUiReadyTimeoutMs","StartupUiReadyTimeoutMs","src/app/kloggapp.h",315,315,"        StartupProgress::advance( QObject::tr( ""Preparing windows"" ),
                                  QObject::tr( ""Waiting for restored tabs to become ready"" ) );
        constexpr int StartupUiReadyTimeoutMs = 120000;
        constexpr int StartupProbeTimeoutMs = 5000;
        constexpr int StartupUiIdleStableMs = 1500;
",""
"Variable:src/app/kloggapp.h:StartupProbeTimeoutMs","StartupProbeTimeoutMs","src/app/kloggapp.h",316,316,"                                  QObject::tr( ""Waiting for restored tabs to become ready"" ) );
        constexpr int StartupUiReadyTimeoutMs = 120000;
        constexpr int StartupProbeTimeoutMs = 5000;
        constexpr int StartupUiIdleStableMs = 1500;
        QElapsedTimer startupReadyTimer;
",""
"Variable:src/app/kloggapp.h:StartupUiIdleStableMs","StartupUiIdleStableMs","src/app/kloggapp.h",317,317,"        constexpr int StartupUiReadyTimeoutMs = 120000;
        constexpr int StartupProbeTimeoutMs = 5000;
        constexpr int StartupUiIdleStableMs = 1500;
        QElapsedTimer startupReadyTimer;
        startupReadyTimer.start();
",""
"Variable:src/app/kloggapp.h:lastReportedSecond","lastReportedSecond","src/app/kloggapp.h",320,320,"        QElapsedTimer startupReadyTimer;
        startupReadyTimer.start();
        int lastReportedSecond = -1;
        bool windowsShown = false;

",""
"Variable:src/app/kloggapp.h:windowsShown","windowsShown","src/app/kloggapp.h",321,321,"        startupReadyTimer.start();
        int lastReportedSecond = -1;
        bool windowsShown = false;

        const auto showRestoredWindows = [ & ]() {
",""
"Variable:src/app/kloggapp.h:showRestoredWindows","showRestoredWindows","src/app/kloggapp.h",323,340,"        bool windowsShown = false;

        const auto showRestoredWindows = [ & ]() {
            if ( windowsShown ) {
                return;
            }

            for ( auto* window : restoredWindows ) {
                StartupProgress::advance( QObject::tr( ""Showing window"" ) );
                if ( automationModeEnabled_ ) {
                    applyAutomationGeometry( window );
                }
                else if ( startupBootstrapEnabled_ ) {
                    applyStartupBootstrapGeometry( window );
                }
                window->show();
            }

            windowsShown = true;
        };

        const auto areWindowsReadyAndVisible = [ & ]() {
",""
"Variable:src/app/kloggapp.h:areWindowsReadyAndVisible","areWindowsReadyAndVisible","src/app/kloggapp.h",342,348,"        };

        const auto areWindowsReadyAndVisible = [ & ]() {
            return std::all_of( restoredWindows.cbegin(), restoredWindows.cend(),
                                []( const MainWindow* window ) {
                                    return window != nullptr && window->isVisible()
                                           && window->isStartupReadyForDisplay();
                                } );
        };

        const auto runUiProbe = [ & ]() {
",""
"Variable:src/app/kloggapp.h:runUiProbe","runUiProbe","src/app/kloggapp.h",350,376,"        };

        const auto runUiProbe = [ & ]() {
            const auto targetCount = static_cast<int>( std::count_if(
                restoredWindows.cbegin(), restoredWindows.cend(),
                []( const MainWindow* window ) { return window != nullptr; } ) );
            if ( targetCount == 0 ) {
                return true;
            }

            auto processedCount = std::make_shared<int>( 0 );
            for ( auto* window : restoredWindows ) {
                if ( window == nullptr ) {
                    continue;
                }

                QTimer::singleShot( 0, window, [ processedCount ]() { ++( *processedCount ); } );
            }

            QElapsedTimer probeTimer;
            probeTimer.start();
            while ( *processedCount < targetCount
                    && probeTimer.elapsed() < StartupProbeTimeoutMs
                    && startupReadyTimer.elapsed() < StartupUiReadyTimeoutMs ) {
                QCoreApplication::processEvents( QEventLoop::ExcludeUserInputEvents );
            }

            return *processedCount == targetCount;
        };

        showRestoredWindows();
",""
"Variable:src/app/kloggapp.h:targetCount","targetCount","src/app/kloggapp.h",351,353,"
        const auto runUiProbe = [ & ]() {
            const auto targetCount = static_cast<int>( std::count_if(
                restoredWindows.cbegin(), restoredWindows.cend(),
                []( const MainWindow* window ) { return window != nullptr; } ) );
            if ( targetCount == 0 ) {
                return true;
",""
"Variable:src/app/kloggapp.h:processedCount","processedCount","src/app/kloggapp.h",358,358,"            }

            auto processedCount = std::make_shared<int>( 0 );
            for ( auto* window : restoredWindows ) {
                if ( window == nullptr ) {
",""
"Variable:src/app/kloggapp.h:windowsReady","windowsReady","src/app/kloggapp.h",389,389,"
                while ( startupReadyTimer.elapsed() < StartupUiReadyTimeoutMs ) {
                    const bool windowsReady = areWindowsReadyAndVisible();
                    const bool probeReady = windowsReady && runUiProbe();

",""
"Variable:src/app/kloggapp.h:probeReady","probeReady","src/app/kloggapp.h",390,390,"                while ( startupReadyTimer.elapsed() < StartupUiReadyTimeoutMs ) {
                    const bool windowsReady = areWindowsReadyAndVisible();
                    const bool probeReady = windowsReady && runUiProbe();

                    if ( probeReady ) {
",""
"Variable:src/app/kloggapp.h:elapsedSeconds","elapsedSeconds","src/app/kloggapp.h",408,408,"            }

            const int elapsedSeconds = static_cast<int>( startupReadyTimer.elapsed() / 1000 );
            if ( elapsedSeconds != lastReportedSecond ) {
                lastReportedSecond = elapsedSeconds;
",""
"Variable:src/app/kloggapp.h:existingSessions","existingSessions","src/app/kloggapp.h",431,431,"        LOG_INFO << ""Clear inactive sessions"";

        auto existingSessions = session_->windowSessions();
        existingSessions.erase( std::remove_if( existingSessions.begin(), existingSessions.end(),
                                                [ this ]( const auto& session ) {
",""
"Variable:src/app/kloggapp.h:previousSessions","previousSessions","src/app/kloggapp.h",454,454,"        }

        const auto previousSessions = session_->windowSessions();

        QByteArray geometry;
",""
"Variable:src/app/kloggapp.h:window","window","src/app/kloggapp.h",461,461,"        }

        auto window = newWindow( { session_, generateIdFromUuid(), nextWindowIndex() } );
        if ( automationModeEnabled_ ) {
            applyAutomationGeometry( window );
",""
"Variable:src/app/kloggapp.h:windowInfo","windowInfo","src/app/kloggapp.h",538,538,"                }

                auto windowInfo = window->commanderWindowInfo();
                windowInfo.insert( QStringLiteral( ""isActiveWindow"" ), window == activeWindow );
                windows.push_back( windowInfo );
",""
"Variable:src/app/kloggapp.h:action","action","src/app/kloggapp.h",626,626,"        if ( request.action == CommanderAction::CreateAction ) {
            QString errorMessage;
            const auto action = actionDefinitionFromVariantMap( request.definitionPayload, &errorMessage );
            if ( !errorMessage.isEmpty() ) {
                return commanderFailure( CommanderResultCode::InvalidRequest, errorMessage );
",""
"Variable:src/app/kloggapp.h:response","response","src/app/kloggapp.h",666,666,"        if ( request.action == CommanderAction::CreateResponse ) {
            QString errorMessage;
            const auto response = responseDefinitionFromVariantMap( request.definitionPayload, &errorMessage );
            if ( !errorMessage.isEmpty() ) {
                return commanderFailure( CommanderResultCode::InvalidRequest, errorMessage );
",""
"Variable:src/app/kloggapp.h:targetSpecificWindow","targetSpecificWindow","src/app/kloggapp.h",733,751,"        }

        const auto targetSpecificWindow
            = request.action == CommanderAction::CloseTab
              || request.action == CommanderAction::FocusTab
              || request.action == CommanderAction::GetFilters
              || request.action == CommanderAction::SetFilter
              || request.action == CommanderAction::Search
              || request.action == CommanderAction::SetFollowMode
              || request.action == CommanderAction::DumpState
              || request.action == CommanderAction::SendAction
              || request.action == CommanderAction::WaitResponse
              || request.action == CommanderAction::StartComm
              || request.action == CommanderAction::StopComm
              || request.action == CommanderAction::GetCommStatus
              || request.action == CommanderAction::StartLogging
              || request.action == CommanderAction::StopLogging
              || request.action == CommanderAction::AddComment
              || request.action == CommanderAction::GetResponseCounter
              || request.action == CommanderAction::ResetResponseCounter
              || request.action == CommanderAction::ClearComm;

        if ( targetSpecificWindow && request.windowIndex ) {
",""
"Variable:src/app/kloggapp.h:preferActiveWindow","preferActiveWindow","src/app/kloggapp.h",763,780,"        }

        const auto preferActiveWindow
            = ( request.action == CommanderAction::GetFilters
                || request.action == CommanderAction::SetFilter
                || request.action == CommanderAction::Search
                || request.action == CommanderAction::SetFollowMode
                || request.action == CommanderAction::DumpState
                || request.action == CommanderAction::SendAction
                || request.action == CommanderAction::WaitResponse
                || request.action == CommanderAction::StartComm
                || request.action == CommanderAction::StopComm
                || request.action == CommanderAction::GetCommStatus
                || request.action == CommanderAction::StartLogging
                || request.action == CommanderAction::StopLogging
                || request.action == CommanderAction::AddComment
                || request.action == CommanderAction::GetResponseCounter
                || request.action == CommanderAction::ResetResponseCounter
                || request.action == CommanderAction::ClearComm )
              && request.tabId.isEmpty() && !request.tabIndex;

        if ( preferActiveWindow ) {
",""
"Variable:src/app/kloggapp.h:lastNotFound","lastNotFound","src/app/kloggapp.h",794,795,"        }

        CommanderResult lastNotFound = commanderFailure(
            CommanderResultCode::NotFound, QStringLiteral( ""Requested target was not found."" ) );

        for ( const auto& [ windowSession, window ] : mainWindows_ ) {
",""
"Variable:src/app/kloggapp.h:StartupCommandRetryDelayMs","StartupCommandRetryDelayMs","src/app/kloggapp.h",845,845,"    {
        if ( !startupCommanderReady_ ) {
            constexpr int StartupCommandRetryDelayMs = 50;
            QTimer::singleShot( StartupCommandRetryDelayMs, this,
                                [ this, request, resultPath ]() {
",""
"Variable:src/app/kloggapp.h:binding","binding","src/app/kloggapp.h",921,921,"
        globalScriptRestoreAttempted_ = true;
        const auto binding = SessionInfo::getSynced().globalScriptContext();
        if ( binding.trimmed().isEmpty() ) {
            return;
",""
"Variable:src/app/kloggapp.h:document","document","src/app/kloggapp.h",926,926,"        }

        const auto document = QJsonDocument::fromJson( binding.toUtf8() );
        if ( !document.isObject() ) {
            return;
",""
"Variable:src/app/kloggapp.h:state","state","src/app/kloggapp.h",939,939,"            scriptRunnerWindow_.setScriptPath( scriptPath );
        }
        auto state = scriptRunnerWindow_.windowState();
        state.setFlag( Qt::WindowMinimized, false );
        scriptRunnerWindow_.setWindowState( state );
",""
"Variable:src/app/kloggapp.h:w","w","src/app/kloggapp.h",1066,1067,"    {
        LOG_INFO << ""Window "" << &window << "" closed"";
        auto w = std::find_if( mainWindows_.begin(), mainWindows_.end(),
                               [ &window ]( const auto& p ) { return p.second == &window; } );

        if ( w != mainWindows_.end() ) {
",""
"Variable:src/app/kloggapp.h:mainWindows","mainWindows","src/app/kloggapp.h",1078,1078,"        LOG_INFO << ""exit application"";
        session_->setExitRequested( true );
        auto mainWindows = mainWindows_;
        mainWindows.reverse();
        for ( const auto& [ session, window ] : mainWindows ) {
",""
"Variable:src/app/kloggapp.h:message","message","src/app/kloggapp.h",1093,1095,"        LOG_DEBUG << ""newVersionNotification( "" << new_version << "" from "" << url << "" )"";

        QString message = QString( ""<p> A new version of CILogg (%1) is available for download </p>""
                                   ""<a href=\""%2\"">%2</a>"" )
                              .arg( new_version, url );

        if ( !changes.empty() ) {
",""
"Variable:src/app/kloggapp.h:windowWithMaxIndex","windowWithMaxIndex","src/app/kloggapp.h",1116,1119,"        }
        else {
            const auto windowWithMaxIndex = std::max_element(
                mainWindows_.begin(), mainWindows_.end(), []( const auto& lhs, const auto& rhs ) {
                    return lhs.first.windowIndex() < rhs.first.windowIndex();
                } );
            return windowWithMaxIndex->first.windowIndex() + 1;
        }
",""
"Variable:src/app/kloggapp.h:bootstrapSize","bootstrapSize","src/app/kloggapp.h",1130,1130,"        }

        auto bootstrapSize = window->minimumSizeHint().expandedTo( QSize( 320, 200 ) );
        if ( !bootstrapSize.isValid() ) {
            bootstrapSize = QSize( 320, 200 );
",""
"Variable:src/app/kloggapp.h:titleBarHeight","titleBarHeight","src/app/kloggapp.h",1135,1135,"        }

        const auto titleBarHeight = window->style()->pixelMetric( QStyle::PM_TitleBarHeight, nullptr, window );
        const auto bootstrapTopLeft
            = startupBootstrapTopLeft_ + QPoint( 0, std::max( titleBarHeight, 24 ) );
",""
"Variable:src/app/kloggapp.h:bootstrapTopLeft","bootstrapTopLeft","src/app/kloggapp.h",1136,1137,"
        const auto titleBarHeight = window->style()->pixelMetric( QStyle::PM_TitleBarHeight, nullptr, window );
        const auto bootstrapTopLeft
            = startupBootstrapTopLeft_ + QPoint( 0, std::max( titleBarHeight, 24 ) );

        window->setGeometry( QRect( bootstrapTopLeft, bootstrapSize ) );
",""
"Variable:src/app/kloggapp.h:automationSize","automationSize","src/app/kloggapp.h",1148,1149,"        }

        const auto automationSize = automationWindowSize_.isValid() ? automationWindowSize_
                                                                    : QSize( 1600, 1000 );
        window->setGeometry( QRect( automationTopLeft_, automationSize ) );
    }
",""
"Variable:src/app/kloggapp.h:tempDirPath","tempDirPath","src/app/kloggapp.h",1191,1191,"    static QString createUniqueTempPath( const QString& prefix, const QString& suffix )
    {
        const auto tempDirPath = QDir::tempPath();
        for ( auto attempt = 0; attempt < 16; ++attempt ) {
            const auto candidate = QDir{ tempDirPath }.filePath(
",""
"Variable:src/app/kloggapp.h:attempt","attempt","src/app/kloggapp.h",1192,1192,"    {
        const auto tempDirPath = QDir::tempPath();
        for ( auto attempt = 0; attempt < 16; ++attempt ) {
            const auto candidate = QDir{ tempDirPath }.filePath(
                prefix + QUuid::createUuid().toString( QUuid::WithoutBraces ) + suffix );
",""
"Variable:src/app/kloggapp.h:candidate","candidate","src/app/kloggapp.h",1193,1194,"        const auto tempDirPath = QDir::tempPath();
        for ( auto attempt = 0; attempt < 16; ++attempt ) {
            const auto candidate = QDir{ tempDirPath }.filePath(
                prefix + QUuid::createUuid().toString( QUuid::WithoutBraces ) + suffix );
            if ( !QFileInfo::exists( candidate ) ) {
                return candidate;
",""
"Variable:src/app/kloggapp.h:PollIntervalMs","PollIntervalMs","src/app/kloggapp.h",1204,1204,"    static bool waitForResponseFile( const QString& resultPath, int timeoutMs )
    {
        constexpr int PollIntervalMs = 20;

        bool received = false;
",""
"Variable:src/app/kloggapp.h:received","received","src/app/kloggapp.h",1206,1206,"        constexpr int PollIntervalMs = 20;

        bool received = false;
        QEventLoop waitLoop;
        QTimer pollTimer;
",""
"Variable:src/app/cli.h:output","output","src/app/cli.h",319,319,"    static QString formatParserError( const QCommandLineParser& parser, const QString& errorMessage )
    {
        auto output = errorMessage.trimmed();
        const auto helpText = parser.helpText().trimmed();
        if ( !helpText.isEmpty() ) {
",""
"Variable:src/app/cli.h:helpText","helpText","src/app/cli.h",320,320,"    {
        auto output = errorMessage.trimmed();
        const auto helpText = parser.helpText().trimmed();
        if ( !helpText.isEmpty() ) {
            output += QStringLiteral( ""\n\n"" ) + helpText;
",""
"Variable:src/app/cli.h:commanderResult","commanderResult","src/app/cli.h",331,331,"        if ( !console && arguments.size() > 1
             && arguments.at( 1 ).compare( QStringLiteral( ""command"" ), Qt::CaseInsensitive ) == 0 ) {
            const auto commanderResult = parseCommanderArguments( arguments );
            commander_request = commanderResult.request;
            exit_requested = commanderResult.exit_requested;
",""
"Variable:src/app/cli.h:scenarioResult","scenarioResult","src/app/cli.h",345,345,"        if ( !console && arguments.size() > 1
             && arguments.at( 1 ).compare( QStringLiteral( ""scenario"" ), Qt::CaseInsensitive ) == 0 ) {
            const auto scenarioResult = parseScenarioArguments( arguments );
            scenario_batch_request = scenarioResult.request;
            exit_requested = scenarioResult.exit_requested;
",""
"Variable:src/app/cli.h:labResult","labResult","src/app/cli.h",361,361,"                                           Qt::CaseInsensitive )
                    == 0 ) {
            const auto labResult = parseLabControllerArguments( arguments );
            lab_request = labResult.request;
            exit_requested = labResult.exit_requested;
",""
"Variable:src/app/cli.h:helpOption","helpOption","src/app/cli.h",404,404,"        QCommandLineParser parser;
        parser.setApplicationDescription( mainHelpDescription() );
        const auto helpOption = parser.addHelpOption();
        const auto versionOption = parser.addVersionOption();

",""
"Variable:src/app/cli.h:versionOption","versionOption","src/app/cli.h",405,405,"        parser.setApplicationDescription( mainHelpDescription() );
        const auto helpOption = parser.addHelpOption();
        const auto versionOption = parser.addVersionOption();

        const QCommandLineOption multiInstanceOption(
",""
"Variable:src/app/cli.h:multiInstanceOption","multiInstanceOption","src/app/cli.h",407,410,"        const auto versionOption = parser.addVersionOption();

        const QCommandLineOption multiInstanceOption(
            QStringList() << ""m""
                          << ""multi"",
            ""allow multiple instance of cilogg to run simultaneously (use together with -s)"" );

        const QCommandLineOption loadSessionOption(
",""
"Variable:src/app/cli.h:loadSessionOption","loadSessionOption","src/app/cli.h",412,415,"            ""allow multiple instance of cilogg to run simultaneously (use together with -s)"" );

        const QCommandLineOption loadSessionOption(
            QStringList() << ""s""
                          << ""load-session"",
            ""load the previous session (default when no file is passed)"" );

        const QCommandLineOption newSessionOption(
",""
"Variable:src/app/cli.h:newSessionOption","newSessionOption","src/app/cli.h",417,420,"            ""load the previous session (default when no file is passed)"" );

        const QCommandLineOption newSessionOption(
            QStringList() << ""n""
                          << ""new-session"",
            ""do not load the previous session (default when a file is passed)"" );

        const QCommandLineOption logToFileOption( QStringList() << ""l""
",""
"Variable:src/app/cli.h:logToFileOption","logToFileOption","src/app/cli.h",422,424,"            ""do not load the previous session (default when a file is passed)"" );

        const QCommandLineOption logToFileOption( QStringList() << ""l""
                                                                << ""log"",
                                                  ""save the log to a file"" );

        const QCommandLineOption followOption( QStringList() << ""f""
",""
"Variable:src/app/cli.h:followOption","followOption","src/app/cli.h",426,428,"                                                  ""save the log to a file"" );

        const QCommandLineOption followOption( QStringList() << ""f""
                                                             << ""follow"",
                                               ""follow initial opened files"" );

        const QCommandLineOption patternOption( QStringList() << ""e""
",""
"Variable:src/app/cli.h:patternOption","patternOption","src/app/cli.h",430,432,"                                               ""follow initial opened files"" );

        const QCommandLineOption patternOption( QStringList() << ""e""
                                                              << ""pattern"",
                                                ""pattern to search for"", ""pattern"" );

        const QCommandLineOption debugOption(
",""
"Variable:src/app/cli.h:debugOption","debugOption","src/app/cli.h",434,437,"                                                ""pattern to search for"", ""pattern"" );

        const QCommandLineOption debugOption(
            QStringList() << ""d""
                          << ""debug"",
            ""output more debug (increase number for more verbosity)"", ""debug_level"", ""0"" );

        parser.addOption( debugOption );
",""
"Variable:src/app/cli.h:windowWidthOption","windowWidthOption","src/app/cli.h",442,443,"
        if ( !console ) {
            const QCommandLineOption windowWidthOption( ""window-width"", ""new window width"",
                                                        ""1024"" );
            const QCommandLineOption windowHeightOption( ""window-height"", ""new window height"",
                                                         ""768"" );
",""
"Variable:src/app/cli.h:windowHeightOption","windowHeightOption","src/app/cli.h",444,445,"            const QCommandLineOption windowWidthOption( ""window-width"", ""new window width"",
                                                        ""1024"" );
            const QCommandLineOption windowHeightOption( ""window-height"", ""new window height"",
                                                         ""768"" );
            const QCommandLineOption dumpUiTreeOption(
                ""dump-ui-tree"", ""dump the automation UI tree as JSON and exit"" );
",""
"Variable:src/app/cli.h:dumpUiTreeOption","dumpUiTreeOption","src/app/cli.h",446,447,"            const QCommandLineOption windowHeightOption( ""window-height"", ""new window height"",
                                                         ""768"" );
            const QCommandLineOption dumpUiTreeOption(
                ""dump-ui-tree"", ""dump the automation UI tree as JSON and exit"" );
            const QCommandLineOption dumpStateJsonOption(
                ""dump-state-json"", ""dump the automation state snapshot as JSON to the given path and exit"",
",""
"Variable:src/app/cli.h:dumpStateJsonOption","dumpStateJsonOption","src/app/cli.h",448,450,"            const QCommandLineOption dumpUiTreeOption(
                ""dump-ui-tree"", ""dump the automation UI tree as JSON and exit"" );
            const QCommandLineOption dumpStateJsonOption(
                ""dump-state-json"", ""dump the automation state snapshot as JSON to the given path and exit"",
                ""path"" );
            parser.addOption( multiInstanceOption );
            parser.addOption( loadSessionOption );
",""
"Variable:src/app/cli.h:fileInfo","fileInfo","src/app/cli.h",525,525,"
        for ( const auto& file : parser.positionalArguments() ) {
            const auto fileInfo = QFileInfo( file );
            filenames.emplace_back( fileInfo.absoluteFilePath() );
        }
",""
"Variable:src/app/cli.h:ok","ok","src/app/cli.h",532,532,"    static std::optional<QSerialPort::DataBits> parseDataBits( const QString& rawValue )
    {
        bool ok = false;
        const auto value = rawValue.toInt( &ok );
        if ( !ok ) {
",""
"Variable:src/app/cli.h:value","value","src/app/cli.h",533,533,"    {
        bool ok = false;
        const auto value = rawValue.toInt( &ok );
        if ( !ok ) {
            return std::nullopt;
",""
"Variable:src/app/cli.h:document","document","src/app/cli.h",647,647,"
        QJsonParseError parseError;
        const auto document = QJsonDocument::fromJson( file.readAll(), &parseError );
        if ( parseError.error != QJsonParseError::NoError || !document.isObject() ) {
            if ( errorMessage != nullptr ) {
",""
"Variable:src/app/cli.h:subcommand","subcommand","src/app/cli.h",668,668,"        }

        const auto subcommand = arguments.at( 2 ).trimmed().toLower();
        if ( subcommand == QStringLiteral( ""--help"" ) || subcommand == QStringLiteral( ""-h"" ) ) {
            result.exit_requested = true;
",""
"Variable:src/app/cli.h:i","i","src/app/cli.h",686,686,"        scenarioArguments.push_back( arguments.value( 0 ) + QStringLiteral( "" scenario "" )
                                     + arguments.at( 2 ) );
        for ( int i = 3; i < arguments.size(); ++i ) {
            scenarioArguments.push_back( arguments.at( i ) );
        }
",""
"Variable:src/app/cli.h:suiteFileOption","suiteFileOption","src/app/cli.h",695,697,"        const auto versionOption = parser.addVersionOption();

        const QCommandLineOption suiteFileOption( QStringLiteral( ""suite-file"" ),
                                                  QStringLiteral( ""Scenario suite JSON file."" ),
                                                  QStringLiteral( ""path"" ) );
        const QCommandLineOption scenarioFileOption( QStringLiteral( ""scenario-file"" ),
                                                     QStringLiteral( ""Python scenario file."" ),
",""
"Variable:src/app/cli.h:scenarioFileOption","scenarioFileOption","src/app/cli.h",698,700,"                                                  QStringLiteral( ""Scenario suite JSON file."" ),
                                                  QStringLiteral( ""path"" ) );
        const QCommandLineOption scenarioFileOption( QStringLiteral( ""scenario-file"" ),
                                                     QStringLiteral( ""Python scenario file."" ),
                                                     QStringLiteral( ""path"" ) );
        const QCommandLineOption argsJsonFileOption( QStringLiteral( ""args-json-file"" ),
                                                     QStringLiteral( ""Optional JSON args file."" ),
",""
"Variable:src/app/cli.h:argsJsonFileOption","argsJsonFileOption","src/app/cli.h",701,703,"                                                     QStringLiteral( ""Python scenario file."" ),
                                                     QStringLiteral( ""path"" ) );
        const QCommandLineOption argsJsonFileOption( QStringLiteral( ""args-json-file"" ),
                                                     QStringLiteral( ""Optional JSON args file."" ),
                                                     QStringLiteral( ""path"" ) );
        const QCommandLineOption deviceMapFileOption(
            QStringLiteral( ""device-map-file"" ),
",""
"Variable:src/app/cli.h:deviceMapFileOption","deviceMapFileOption","src/app/cli.h",704,707,"                                                     QStringLiteral( ""Optional JSON args file."" ),
                                                     QStringLiteral( ""path"" ) );
        const QCommandLineOption deviceMapFileOption(
            QStringLiteral( ""device-map-file"" ),
            QStringLiteral( ""JSON file mapping logical devices to real COM ports."" ),
            QStringLiteral( ""path"" ) );
        const QCommandLineOption reportDirOption( QStringLiteral( ""report-dir"" ),
                                                  QStringLiteral( ""Directory for scenario report artifacts."" ),
",""
"Variable:src/app/cli.h:reportDirOption","reportDirOption","src/app/cli.h",708,710,"            QStringLiteral( ""JSON file mapping logical devices to real COM ports."" ),
            QStringLiteral( ""path"" ) );
        const QCommandLineOption reportDirOption( QStringLiteral( ""report-dir"" ),
                                                  QStringLiteral( ""Directory for scenario report artifacts."" ),
                                                  QStringLiteral( ""path"" ) );

        parser.addOption( suiteFileOption );
",""
"Variable:src/app/cli.h:hasSuite","hasSuite","src/app/cli.h",759,759,"        request.reportDirPath = normalizeCommanderFilePath( parser.value( reportDirOption ) );

        const auto hasSuite = !request.suiteFilePath.isEmpty();
        const auto hasScenario = !request.scenarioFilePath.isEmpty();
        const auto hasArgs = !request.argsJsonFilePath.isEmpty();
",""
"Variable:src/app/cli.h:hasScenario","hasScenario","src/app/cli.h",760,760,"
        const auto hasSuite = !request.suiteFilePath.isEmpty();
        const auto hasScenario = !request.scenarioFilePath.isEmpty();
        const auto hasArgs = !request.argsJsonFilePath.isEmpty();
        const auto hasReportDir = !request.reportDirPath.isEmpty();
",""
"Variable:src/app/cli.h:hasArgs","hasArgs","src/app/cli.h",761,761,"        const auto hasSuite = !request.suiteFilePath.isEmpty();
        const auto hasScenario = !request.scenarioFilePath.isEmpty();
        const auto hasArgs = !request.argsJsonFilePath.isEmpty();
        const auto hasReportDir = !request.reportDirPath.isEmpty();

",""
"Variable:src/app/cli.h:hasReportDir","hasReportDir","src/app/cli.h",762,762,"        const auto hasScenario = !request.scenarioFilePath.isEmpty();
        const auto hasArgs = !request.argsJsonFilePath.isEmpty();
        const auto hasReportDir = !request.reportDirPath.isEmpty();

        switch ( request.action ) {
",""
"Variable:src/app/cli.h:trimmed","trimmed","src/app/cli.h",810,810,"                                  QString* errorMessage )
    {
        const auto trimmed = value.trimmed();
        const auto separator = trimmed.lastIndexOf( ':' );
        if ( separator <= 0 || separator + 1 >= trimmed.size() ) {
",""
"Variable:src/app/cli.h:separator","separator","src/app/cli.h",811,811,"    {
        const auto trimmed = value.trimmed();
        const auto separator = trimmed.lastIndexOf( ':' );
        if ( separator <= 0 || separator + 1 >= trimmed.size() ) {
            *errorMessage = QStringLiteral( ""Expected --listen in host:port format."" );
",""
"Variable:src/app/cli.h:parsedPort","parsedPort","src/app/cli.h",818,818,"
        bool ok = false;
        const auto parsedPort = trimmed.mid( separator + 1 ).toUShort( &ok );
        if ( !ok || parsedPort == 0 ) {
            *errorMessage = QStringLiteral( ""Invalid listen port."" );
",""
"Variable:src/app/cli.h:listenOption","listenOption","src/app/cli.h",870,872,"        const auto helpOption = parser.addHelpOption();
        const auto versionOption = parser.addVersionOption();
        const QCommandLineOption listenOption( QStringLiteral( ""listen"" ),
                                               QStringLiteral( ""HTTP listen address in host:port format."" ),
                                               QStringLiteral( ""host:port"" ) );
        const QCommandLineOption stateDirOption( QStringLiteral( ""state-dir"" ),
                                                 QStringLiteral( ""Controller state directory."" ),
",""
"Variable:src/app/cli.h:stateDirOption","stateDirOption","src/app/cli.h",873,875,"                                               QStringLiteral( ""HTTP listen address in host:port format."" ),
                                               QStringLiteral( ""host:port"" ) );
        const QCommandLineOption stateDirOption( QStringLiteral( ""state-dir"" ),
                                                 QStringLiteral( ""Controller state directory."" ),
                                                 QStringLiteral( ""path"" ) );
        const QCommandLineOption tokenFileOption( QStringLiteral( ""token-file"" ),
                                                  QStringLiteral( ""Shared token file."" ),
",""
"Variable:src/app/cli.h:tokenFileOption","tokenFileOption","src/app/cli.h",876,878,"                                                 QStringLiteral( ""Controller state directory."" ),
                                                 QStringLiteral( ""path"" ) );
        const QCommandLineOption tokenFileOption( QStringLiteral( ""token-file"" ),
                                                  QStringLiteral( ""Shared token file."" ),
                                                  QStringLiteral( ""path"" ) );
        parser.addOption( listenOption );
        parser.addOption( stateDirOption );
",""
"Variable:src/app/cli.h:controllerUrlOption","controllerUrlOption","src/app/cli.h",964,966,"        const auto helpOption = parser.addHelpOption();
        const auto versionOption = parser.addVersionOption();
        const QCommandLineOption controllerUrlOption( QStringLiteral( ""controller-url"" ),
                                                      QStringLiteral( ""Controller base URL."" ),
                                                      QStringLiteral( ""url"" ) );
        const QCommandLineOption agentConfigOption( QStringLiteral( ""agent-config"" ),
                                                    QStringLiteral( ""Agent inventory JSON file."" ),
",""
"Variable:src/app/cli.h:agentConfigOption","agentConfigOption","src/app/cli.h",967,969,"                                                      QStringLiteral( ""Controller base URL."" ),
                                                      QStringLiteral( ""url"" ) );
        const QCommandLineOption agentConfigOption( QStringLiteral( ""agent-config"" ),
                                                    QStringLiteral( ""Agent inventory JSON file."" ),
                                                    QStringLiteral( ""path"" ) );
        const QCommandLineOption tokenFileOption( QStringLiteral( ""token-file"" ),
                                                  QStringLiteral( ""Shared token file."" ),
",""
"Variable:src/app/cli.h:outputDirOption","outputDirOption","src/app/cli.h",1078,1080,"                                                  QStringLiteral( ""Downloaded report directory."" ),
                                                  QStringLiteral( ""path"" ) );
        const QCommandLineOption outputDirOption( QStringLiteral( ""output-dir"" ),
                                                  QStringLiteral( ""Artifact output directory."" ),
                                                  QStringLiteral( ""path"" ) );
        const QCommandLineOption agentLabelOption( QStringLiteral( ""agent-label"" ),
                                                   QStringLiteral( ""Required agent label."" ),
",""
"Variable:src/app/cli.h:agentLabelOption","agentLabelOption","src/app/cli.h",1081,1083,"                                                  QStringLiteral( ""Artifact output directory."" ),
                                                  QStringLiteral( ""path"" ) );
        const QCommandLineOption agentLabelOption( QStringLiteral( ""agent-label"" ),
                                                   QStringLiteral( ""Required agent label."" ),
                                                   QStringLiteral( ""label"" ) );
        const QCommandLineOption jobIdOption( QStringLiteral( ""job-id"" ),
                                              QStringLiteral( ""Lab job identifier."" ),
",""
"Variable:src/app/cli.h:jobIdOption","jobIdOption","src/app/cli.h",1084,1086,"                                                   QStringLiteral( ""Required agent label."" ),
                                                   QStringLiteral( ""label"" ) );
        const QCommandLineOption jobIdOption( QStringLiteral( ""job-id"" ),
                                              QStringLiteral( ""Lab job identifier."" ),
                                              QStringLiteral( ""id"" ) );
        const QCommandLineOption prettyOption(
            QStringList() << QStringLiteral( ""pretty"" ) << QStringLiteral( ""preatty"" ),
",""
"Variable:src/app/cli.h:prettyOption","prettyOption","src/app/cli.h",1087,1089,"                                              QStringLiteral( ""Lab job identifier."" ),
                                              QStringLiteral( ""id"" ) );
        const QCommandLineOption prettyOption(
            QStringList() << QStringLiteral( ""pretty"" ) << QStringLiteral( ""preatty"" ),
            QStringLiteral( ""Pretty print JSON output."" ) );
        parser.addOption( controllerUrlOption );
        parser.addOption( tokenFileOption );
",""
"Variable:src/app/cli.h:actionOption","actionOption","src/app/cli.h",1220,1222,"        const auto versionOption = parser.addVersionOption();

        const QCommandLineOption actionOption( QStringLiteral( ""action"" ),
                                               QStringLiteral( ""Commander action to execute."" ),
                                               QStringLiteral( ""action"" ) );
        const QCommandLineOption fileOption( QStringLiteral( ""file"" ),
                                             QStringLiteral( ""Target file path."" ),
",""
"Variable:src/app/cli.h:fileOption","fileOption","src/app/cli.h",1223,1225,"                                               QStringLiteral( ""Commander action to execute."" ),
                                               QStringLiteral( ""action"" ) );
        const QCommandLineOption fileOption( QStringLiteral( ""file"" ),
                                             QStringLiteral( ""Target file path."" ),
                                             QStringLiteral( ""path"" ) );
        const QCommandLineOption urlOption( QStringLiteral( ""url"" ),
                                            QStringLiteral( ""Target URL."" ),
",""
"Variable:src/app/cli.h:urlOption","urlOption","src/app/cli.h",1226,1228,"                                             QStringLiteral( ""Target file path."" ),
                                             QStringLiteral( ""path"" ) );
        const QCommandLineOption urlOption( QStringLiteral( ""url"" ),
                                            QStringLiteral( ""Target URL."" ),
                                            QStringLiteral( ""url"" ) );
        const QCommandLineOption portOption( QStringLiteral( ""port"" ),
                                             QStringLiteral( ""Target COM port name."" ),
",""
"Variable:src/app/cli.h:portOption","portOption","src/app/cli.h",1229,1231,"                                            QStringLiteral( ""Target URL."" ),
                                            QStringLiteral( ""url"" ) );
        const QCommandLineOption portOption( QStringLiteral( ""port"" ),
                                             QStringLiteral( ""Target COM port name."" ),
                                             QStringLiteral( ""port"" ) );
        const QCommandLineOption tabIdOption( QStringLiteral( ""tab-id"" ),
                                              QStringLiteral( ""Target tab id."" ),
",""
"Variable:src/app/cli.h:tabIdOption","tabIdOption","src/app/cli.h",1232,1234,"                                             QStringLiteral( ""Target COM port name."" ),
                                             QStringLiteral( ""port"" ) );
        const QCommandLineOption tabIdOption( QStringLiteral( ""tab-id"" ),
                                              QStringLiteral( ""Target tab id."" ),
                                              QStringLiteral( ""id"" ) );
        const QCommandLineOption filterIdOption( QStringLiteral( ""filter-id"" ),
                                                 QStringLiteral( ""Target filter id."" ),
",""
"Variable:src/app/cli.h:filterIdOption","filterIdOption","src/app/cli.h",1235,1237,"                                              QStringLiteral( ""Target tab id."" ),
                                              QStringLiteral( ""id"" ) );
        const QCommandLineOption filterIdOption( QStringLiteral( ""filter-id"" ),
                                                 QStringLiteral( ""Target filter id."" ),
                                                 QStringLiteral( ""id"" ) );
        const QCommandLineOption filterIndexOption( QStringLiteral( ""filter-index"" ),
                                                    QStringLiteral( ""Target filter index."" ),
",""
"Variable:src/app/cli.h:filterIndexOption","filterIndexOption","src/app/cli.h",1238,1240,"                                                 QStringLiteral( ""Target filter id."" ),
                                                 QStringLiteral( ""id"" ) );
        const QCommandLineOption filterIndexOption( QStringLiteral( ""filter-index"" ),
                                                    QStringLiteral( ""Target filter index."" ),
                                                    QStringLiteral( ""index"" ) );
        const QCommandLineOption filterStringOption(
            QStringLiteral( ""filter-string"" ),
",""
"Variable:src/app/cli.h:filterStringOption","filterStringOption","src/app/cli.h",1241,1244,"                                                    QStringLiteral( ""Target filter index."" ),
                                                    QStringLiteral( ""index"" ) );
        const QCommandLineOption filterStringOption(
            QStringLiteral( ""filter-string"" ),
            QStringLiteral( ""Literal filter/search expression to apply."" ),
            QStringLiteral( ""expr"" ) );
        const QCommandLineOption textOption( QStringLiteral( ""text"" ),
                                             QStringLiteral( ""Search text expression or comment text."" ),
",""
"Variable:src/app/cli.h:textOption","textOption","src/app/cli.h",1245,1247,"            QStringLiteral( ""Literal filter/search expression to apply."" ),
            QStringLiteral( ""expr"" ) );
        const QCommandLineOption textOption( QStringLiteral( ""text"" ),
                                             QStringLiteral( ""Search text expression or comment text."" ),
                                             QStringLiteral( ""text"" ) );
        const QCommandLineOption objectNameOption( QStringLiteral( ""object-name"" ),
                                                   QStringLiteral( ""Target automation object name."" ),
",""
"Variable:src/app/cli.h:objectNameOption","objectNameOption","src/app/cli.h",1248,1250,"                                             QStringLiteral( ""Search text expression or comment text."" ),
                                             QStringLiteral( ""text"" ) );
        const QCommandLineOption objectNameOption( QStringLiteral( ""object-name"" ),
                                                   QStringLiteral( ""Target automation object name."" ),
                                                   QStringLiteral( ""name"" ) );
        const QCommandLineOption scriptFileOption( QStringLiteral( ""script-file"" ),
                                                   QStringLiteral( ""Python script file to run."" ),
",""
"Variable:src/app/cli.h:scriptFileOption","scriptFileOption","src/app/cli.h",1251,1253,"                                                   QStringLiteral( ""Target automation object name."" ),
                                                   QStringLiteral( ""name"" ) );
        const QCommandLineOption scriptFileOption( QStringLiteral( ""script-file"" ),
                                                   QStringLiteral( ""Python script file to run."" ),
                                                   QStringLiteral( ""path"" ) );
        const QCommandLineOption argsJsonFileOption(
            QStringLiteral( ""args-json-file"" ),
",""
"Variable:src/app/cli.h:timestampOption","timestampOption","src/app/cli.h",1264,1266,"                                                  QStringLiteral( ""Scenario suite JSON file to run."" ),
                                                  QStringLiteral( ""path"" ) );
        const QCommandLineOption timestampOption(
            QStringLiteral( ""timestamp"" ),
            QStringLiteral( ""Prefix add_comment output with a timestamp."" ) );
        const QCommandLineOption allOption(
            QStringLiteral( ""all"" ),
",""
"Variable:src/app/cli.h:allOption","allOption","src/app/cli.h",1267,1269,"            QStringLiteral( ""timestamp"" ),
            QStringLiteral( ""Prefix add_comment output with a timestamp."" ) );
        const QCommandLineOption allOption(
            QStringLiteral( ""all"" ),
            QStringLiteral( ""Target all matching response counters."" ) );
        const QCommandLineOption idOption( QStringLiteral( ""id"" ),
                                           QStringLiteral( ""Action/response id."" ),
",""
"Variable:src/app/cli.h:idOption","idOption","src/app/cli.h",1270,1272,"            QStringLiteral( ""all"" ),
            QStringLiteral( ""Target all matching response counters."" ) );
        const QCommandLineOption idOption( QStringLiteral( ""id"" ),
                                           QStringLiteral( ""Action/response id."" ),
                                           QStringLiteral( ""id"" ) );
        const QCommandLineOption nameOption( QStringLiteral( ""name"" ),
                                             QStringLiteral( ""Action/response name."" ),
",""
"Variable:src/app/cli.h:nameOption","nameOption","src/app/cli.h",1273,1275,"                                           QStringLiteral( ""Action/response id."" ),
                                           QStringLiteral( ""id"" ) );
        const QCommandLineOption nameOption( QStringLiteral( ""name"" ),
                                             QStringLiteral( ""Action/response name."" ),
                                             QStringLiteral( ""name"" ) );
        const QCommandLineOption jsonFileOption( QStringLiteral( ""json-file"" ),
                                                 QStringLiteral( ""Path to a JSON object payload."" ),
",""
"Variable:src/app/cli.h:jsonFileOption","jsonFileOption","src/app/cli.h",1276,1278,"                                             QStringLiteral( ""Action/response name."" ),
                                             QStringLiteral( ""name"" ) );
        const QCommandLineOption jsonFileOption( QStringLiteral( ""json-file"" ),
                                                 QStringLiteral( ""Path to a JSON object payload."" ),
                                                 QStringLiteral( ""path"" ) );
        const QCommandLineOption timeoutMsOption( QStringLiteral( ""timeout-ms"" ),
                                                  QStringLiteral( ""Timeout in milliseconds."" ),
",""
"Variable:src/app/cli.h:timeoutMsOption","timeoutMsOption","src/app/cli.h",1279,1281,"                                                 QStringLiteral( ""Path to a JSON object payload."" ),
                                                 QStringLiteral( ""path"" ) );
        const QCommandLineOption timeoutMsOption( QStringLiteral( ""timeout-ms"" ),
                                                  QStringLiteral( ""Timeout in milliseconds."" ),
                                                  QStringLiteral( ""ms"" ) );
        const QCommandLineOption predefinedOption(
            QStringLiteral( ""predefined"" ),
",""
"Variable:src/app/cli.h:predefinedOption","predefinedOption","src/app/cli.h",1282,1284,"                                                  QStringLiteral( ""Timeout in milliseconds."" ),
                                                  QStringLiteral( ""ms"" ) );
        const QCommandLineOption predefinedOption(
            QStringLiteral( ""predefined"" ),
            QStringLiteral( ""Use predefined filters instead of search-history filters."" ) );
        const QCommandLineOption windowIndexOption(
            QStringLiteral( ""window-index"" ),
",""
"Variable:src/app/cli.h:windowIndexOption","windowIndexOption","src/app/cli.h",1285,1288,"            QStringLiteral( ""predefined"" ),
            QStringLiteral( ""Use predefined filters instead of search-history filters."" ) );
        const QCommandLineOption windowIndexOption(
            QStringLiteral( ""window-index"" ),
            QStringLiteral( ""Target window index for tab-focused actions."" ),
            QStringLiteral( ""index"" ) );
        const QCommandLineOption tabIndexOption( QStringLiteral( ""tab-index"" ),
                                                 QStringLiteral( ""Target tab index for tab-focused actions."" ),
",""
"Variable:src/app/cli.h:tabIndexOption","tabIndexOption","src/app/cli.h",1289,1291,"            QStringLiteral( ""Target window index for tab-focused actions."" ),
            QStringLiteral( ""index"" ) );
        const QCommandLineOption tabIndexOption( QStringLiteral( ""tab-index"" ),
                                                 QStringLiteral( ""Target tab index for tab-focused actions."" ),
                                                 QStringLiteral( ""index"" ) );
        const QCommandLineOption followOption( QStringLiteral( ""follow"" ),
                                               QStringLiteral( ""Follow the opened file."" ) );
",""
"Variable:src/app/cli.h:searchOption","searchOption","src/app/cli.h",1297,1298,"            QStringList{ QStringLiteral( ""pretty"" ), QStringLiteral( ""preatty"" ) },
            QStringLiteral( ""Print formatted JSON output."" ) );
        const QCommandLineOption searchOption( QStringLiteral( ""search"" ),
                                               QStringLiteral( ""Run search after setting the filter."" ) );
        const QCommandLineOption autoRefreshOption(
            QStringLiteral( ""auto-refresh"" ),
",""
"Variable:src/app/cli.h:autoRefreshOption","autoRefreshOption","src/app/cli.h",1299,1301,"        const QCommandLineOption searchOption( QStringLiteral( ""search"" ),
                                               QStringLiteral( ""Run search after setting the filter."" ) );
        const QCommandLineOption autoRefreshOption(
            QStringLiteral( ""auto-refresh"" ),
            QStringLiteral( ""Rearm auto-refresh after applying the filter."" ) );
        const QCommandLineOption regexOption( QStringLiteral( ""regex"" ),
                                              QStringLiteral( ""Use regex search semantics."" ) );
",""
"Variable:src/app/cli.h:regexOption","regexOption","src/app/cli.h",1302,1303,"            QStringLiteral( ""auto-refresh"" ),
            QStringLiteral( ""Rearm auto-refresh after applying the filter."" ) );
        const QCommandLineOption regexOption( QStringLiteral( ""regex"" ),
                                              QStringLiteral( ""Use regex search semantics."" ) );
        const QCommandLineOption caseSensitiveOption(
            QStringLiteral( ""case-sensitive"" ),
",""
"Variable:src/app/cli.h:caseSensitiveOption","caseSensitiveOption","src/app/cli.h",1304,1306,"        const QCommandLineOption regexOption( QStringLiteral( ""regex"" ),
                                              QStringLiteral( ""Use regex search semantics."" ) );
        const QCommandLineOption caseSensitiveOption(
            QStringLiteral( ""case-sensitive"" ),
            QStringLiteral( ""Use case-sensitive search semantics."" ) );
        const QCommandLineOption inverseOption( QStringLiteral( ""inverse"" ),
                                                QStringLiteral( ""Invert the search match."" ) );
",""
"Variable:src/app/cli.h:inverseOption","inverseOption","src/app/cli.h",1307,1308,"            QStringLiteral( ""case-sensitive"" ),
            QStringLiteral( ""Use case-sensitive search semantics."" ) );
        const QCommandLineOption inverseOption( QStringLiteral( ""inverse"" ),
                                                QStringLiteral( ""Invert the search match."" ) );
        const QCommandLineOption booleanOption( QStringLiteral( ""boolean"" ),
                                                QStringLiteral( ""Use boolean search semantics."" ) );
",""
"Variable:src/app/cli.h:booleanOption","booleanOption","src/app/cli.h",1309,1310,"        const QCommandLineOption inverseOption( QStringLiteral( ""inverse"" ),
                                                QStringLiteral( ""Invert the search match."" ) );
        const QCommandLineOption booleanOption( QStringLiteral( ""boolean"" ),
                                                QStringLiteral( ""Use boolean search semantics."" ) );
        const QCommandLineOption keepResultsOption(
            QStringLiteral( ""keep-results"" ),
",""
"Variable:src/app/cli.h:keepResultsOption","keepResultsOption","src/app/cli.h",1311,1313,"        const QCommandLineOption booleanOption( QStringLiteral( ""boolean"" ),
                                                QStringLiteral( ""Use boolean search semantics."" ) );
        const QCommandLineOption keepResultsOption(
            QStringLiteral( ""keep-results"" ),
            QStringLiteral( ""Keep the current search results in a separate filtered view."" ) );
        const QCommandLineOption enabledOption( QStringLiteral( ""enabled"" ),
                                                QStringLiteral( ""Enable the requested toggle action."" ) );
",""
"Variable:src/app/cli.h:enabledOption","enabledOption","src/app/cli.h",1314,1315,"            QStringLiteral( ""keep-results"" ),
            QStringLiteral( ""Keep the current search results in a separate filtered view."" ) );
        const QCommandLineOption enabledOption( QStringLiteral( ""enabled"" ),
                                                QStringLiteral( ""Enable the requested toggle action."" ) );
        const QCommandLineOption disabledOption( QStringLiteral( ""disabled"" ),
                                                 QStringLiteral( ""Disable the requested toggle action."" ) );
",""
"Variable:src/app/cli.h:disabledOption","disabledOption","src/app/cli.h",1316,1317,"        const QCommandLineOption enabledOption( QStringLiteral( ""enabled"" ),
                                                QStringLiteral( ""Enable the requested toggle action."" ) );
        const QCommandLineOption disabledOption( QStringLiteral( ""disabled"" ),
                                                 QStringLiteral( ""Disable the requested toggle action."" ) );
        const QCommandLineOption baudOption( QStringLiteral( ""baud"" ),
                                             QStringLiteral( ""COM baud rate."" ),
",""
"Variable:src/app/cli.h:baudOption","baudOption","src/app/cli.h",1318,1320,"        const QCommandLineOption disabledOption( QStringLiteral( ""disabled"" ),
                                                 QStringLiteral( ""Disable the requested toggle action."" ) );
        const QCommandLineOption baudOption( QStringLiteral( ""baud"" ),
                                             QStringLiteral( ""COM baud rate."" ),
                                             QStringLiteral( ""baud"" ) );
        const QCommandLineOption dataBitsOption( QStringLiteral( ""data-bits"" ),
                                                 QStringLiteral( ""COM data bits (5, 6, 7, 8)."" ),
",""
"Variable:src/app/cli.h:dataBitsOption","dataBitsOption","src/app/cli.h",1321,1323,"                                             QStringLiteral( ""COM baud rate."" ),
                                             QStringLiteral( ""baud"" ) );
        const QCommandLineOption dataBitsOption( QStringLiteral( ""data-bits"" ),
                                                 QStringLiteral( ""COM data bits (5, 6, 7, 8)."" ),
                                                 QStringLiteral( ""bits"" ) );
        const QCommandLineOption parityOption( QStringLiteral( ""parity"" ),
                                               QStringLiteral( ""COM parity (none, even, odd, mark, space)."" ),
",""
"Variable:src/app/cli.h:parityOption","parityOption","src/app/cli.h",1324,1326,"                                                 QStringLiteral( ""COM data bits (5, 6, 7, 8)."" ),
                                                 QStringLiteral( ""bits"" ) );
        const QCommandLineOption parityOption( QStringLiteral( ""parity"" ),
                                               QStringLiteral( ""COM parity (none, even, odd, mark, space)."" ),
                                               QStringLiteral( ""parity"" ) );
        const QCommandLineOption stopBitsOption( QStringLiteral( ""stop-bits"" ),
                                                 QStringLiteral( ""COM stop bits (1, 1.5, 2)."" ),
",""
"Variable:src/app/cli.h:stopBitsOption","stopBitsOption","src/app/cli.h",1327,1329,"                                               QStringLiteral( ""COM parity (none, even, odd, mark, space)."" ),
                                               QStringLiteral( ""parity"" ) );
        const QCommandLineOption stopBitsOption( QStringLiteral( ""stop-bits"" ),
                                                 QStringLiteral( ""COM stop bits (1, 1.5, 2)."" ),
                                                 QStringLiteral( ""stop_bits"" ) );
        const QCommandLineOption flowControlOption(
            QStringLiteral( ""flow-control"" ),
",""
"Variable:src/app/cli.h:flowControlOption","flowControlOption","src/app/cli.h",1330,1333,"                                                 QStringLiteral( ""COM stop bits (1, 1.5, 2)."" ),
                                                 QStringLiteral( ""stop_bits"" ) );
        const QCommandLineOption flowControlOption(
            QStringLiteral( ""flow-control"" ),
            QStringLiteral( ""COM flow control (none, hardware, software)."" ),
            QStringLiteral( ""flow_control"" ) );
        const QCommandLineOption timestampsOption( QStringLiteral( ""timestamps"" ),
                                                   QStringLiteral( ""Enable timestamps in COM capture."" ) );
",""
"Variable:src/app/cli.h:timestampsOption","timestampsOption","src/app/cli.h",1334,1335,"            QStringLiteral( ""COM flow control (none, hardware, software)."" ),
            QStringLiteral( ""flow_control"" ) );
        const QCommandLineOption timestampsOption( QStringLiteral( ""timestamps"" ),
                                                   QStringLiteral( ""Enable timestamps in COM capture."" ) );
        const QCommandLineOption noTimestampsOption(
            QStringLiteral( ""no-timestamps"" ),
",""
"Variable:src/app/cli.h:noTimestampsOption","noTimestampsOption","src/app/cli.h",1336,1338,"        const QCommandLineOption timestampsOption( QStringLiteral( ""timestamps"" ),
                                                   QStringLiteral( ""Enable timestamps in COM capture."" ) );
        const QCommandLineOption noTimestampsOption(
            QStringLiteral( ""no-timestamps"" ),
            QStringLiteral( ""Disable timestamps in COM capture."" ) );
        const QCommandLineOption timestampFormatOption(
            QStringLiteral( ""timestamp-format"" ),
",""
"Variable:src/app/cli.h:timestampFormatOption","timestampFormatOption","src/app/cli.h",1339,1342,"            QStringLiteral( ""no-timestamps"" ),
            QStringLiteral( ""Disable timestamps in COM capture."" ) );
        const QCommandLineOption timestampFormatOption(
            QStringLiteral( ""timestamp-format"" ),
            QStringLiteral( ""Timestamp format for COM capture."" ),
            QStringLiteral( ""format"" ) );
        const QCommandLineOption logTransmitsOption(
            QStringLiteral( ""log-transmits"" ),
",""
"Variable:src/app/cli.h:logTransmitsOption","logTransmitsOption","src/app/cli.h",1343,1345,"            QStringLiteral( ""Timestamp format for COM capture."" ),
            QStringLiteral( ""format"" ) );
        const QCommandLineOption logTransmitsOption(
            QStringLiteral( ""log-transmits"" ),
            QStringLiteral( ""Enable COM transmit logging."" ) );
        const QCommandLineOption noLogTransmitsOption(
            QStringLiteral( ""no-log-transmits"" ),
",""
"Variable:src/app/cli.h:noLogTransmitsOption","noLogTransmitsOption","src/app/cli.h",1346,1348,"            QStringLiteral( ""log-transmits"" ),
            QStringLiteral( ""Enable COM transmit logging."" ) );
        const QCommandLineOption noLogTransmitsOption(
            QStringLiteral( ""no-log-transmits"" ),
            QStringLiteral( ""Disable COM transmit logging."" ) );
        const QCommandLineOption useForActionsOption(
            QStringLiteral( ""use-for-actions"" ),
",""
"Variable:src/app/cli.h:useForActionsOption","useForActionsOption","src/app/cli.h",1349,1351,"            QStringLiteral( ""no-log-transmits"" ),
            QStringLiteral( ""Disable COM transmit logging."" ) );
        const QCommandLineOption useForActionsOption(
            QStringLiteral( ""use-for-actions"" ),
            QStringLiteral( ""Use the COM capture as the actions port."" ) );
        const QCommandLineOption noUseForActionsOption(
            QStringLiteral( ""no-use-for-actions"" ),
",""
"Variable:src/app/cli.h:noUseForActionsOption","noUseForActionsOption","src/app/cli.h",1352,1354,"            QStringLiteral( ""use-for-actions"" ),
            QStringLiteral( ""Use the COM capture as the actions port."" ) );
        const QCommandLineOption noUseForActionsOption(
            QStringLiteral( ""no-use-for-actions"" ),
            QStringLiteral( ""Do not use the COM capture as the actions port."" ) );

        parser.addOption( actionOption );
",""
"Variable:src/app/cli.h:action","action","src/app/cli.h",1433,1433,"        }

        const auto action = commanderActionFromString( parser.value( actionOption ) );
        if ( !action ) {
            result.output_message
",""
"Variable:src/app/cli.h:parsedId","parsedId","src/app/cli.h",1463,1463,"        if ( parser.isSet( idOption ) ) {
            bool ok = false;
            const auto parsedId = parser.value( idOption ).toInt( &ok );
            if ( !ok || parsedId < 0 ) {
                result.output_message
",""
"Variable:src/app/cli.h:parsedTimeout","parsedTimeout","src/app/cli.h",1474,1474,"        if ( parser.isSet( timeoutMsOption ) ) {
            bool ok = false;
            const auto parsedTimeout = parser.value( timeoutMsOption ).toInt( &ok );
            if ( !ok || parsedTimeout <= 0 ) {
                result.output_message = formatParserError(
",""
"Variable:src/app/cli.h:tabId","tabId","src/app/cli.h",1483,1483,"        }

        const auto tabId = parser.value( tabIdOption ).trimmed();
        const bool hasTabId = !tabId.isEmpty();
        const bool hasWindowIndex = parser.isSet( windowIndexOption );
",""
"Variable:src/app/cli.h:hasTabId","hasTabId","src/app/cli.h",1484,1484,"
        const auto tabId = parser.value( tabIdOption ).trimmed();
        const bool hasTabId = !tabId.isEmpty();
        const bool hasWindowIndex = parser.isSet( windowIndexOption );
        const bool hasTabIndex = parser.isSet( tabIndexOption );
",""
"Variable:src/app/cli.h:hasWindowIndex","hasWindowIndex","src/app/cli.h",1485,1485,"        const auto tabId = parser.value( tabIdOption ).trimmed();
        const bool hasTabId = !tabId.isEmpty();
        const bool hasWindowIndex = parser.isSet( windowIndexOption );
        const bool hasTabIndex = parser.isSet( tabIndexOption );
        const auto validateTabSelector = [ & ]( const QString& actionName,
",""
"Variable:src/app/cli.h:hasTabIndex","hasTabIndex","src/app/cli.h",1486,1486,"        const bool hasTabId = !tabId.isEmpty();
        const bool hasWindowIndex = parser.isSet( windowIndexOption );
        const bool hasTabIndex = parser.isSet( tabIndexOption );
        const auto validateTabSelector = [ & ]( const QString& actionName,
                                                bool selectorRequired ) -> bool {
",""
"Variable:src/app/cli.h:validateTabSelector","validateTabSelector","src/app/cli.h",1487,1537,"        const bool hasWindowIndex = parser.isSet( windowIndexOption );
        const bool hasTabIndex = parser.isSet( tabIndexOption );
        const auto validateTabSelector = [ & ]( const QString& actionName,
                                                bool selectorRequired ) -> bool {
            if ( hasTabId && ( hasWindowIndex || hasTabIndex ) ) {
                result.output_message = formatParserError(
                    parser,
                    QStringLiteral( ""Use either --tab-id or --window-index with --tab-index for %1."" )
                        .arg( actionName ) );
                return false;
            }
            if ( hasWindowIndex != hasTabIndex ) {
                result.output_message = formatParserError(
                    parser,
                    QStringLiteral( ""--window-index and --tab-index must be used together for %1."" )
                        .arg( actionName ) );
                return false;
            }
            if ( selectorRequired && !hasTabId && !hasWindowIndex ) {
                result.output_message = formatParserError(
                    parser,
                    QStringLiteral( ""%1 requires --tab-id or --window-index with --tab-index."" )
                        .arg( actionName ) );
                return false;
            }

            if ( hasTabId ) {
                request.tabId = tabId;
                return true;
            }

            if ( hasWindowIndex ) {
                bool windowOk = false;
                const auto parsedWindowIndex = parser.value( windowIndexOption ).toInt( &windowOk );
                bool tabOk = false;
                const auto parsedTabIndex = parser.value( tabIndexOption ).toInt( &tabOk );
                if ( !windowOk || parsedWindowIndex < 0 ) {
                    result.output_message = formatParserError(
                        parser, QStringLiteral( ""Invalid --window-index value."" ) );
                    return false;
                }
                if ( !tabOk || parsedTabIndex < 0 ) {
                    result.output_message = formatParserError(
                        parser, QStringLiteral( ""Invalid --tab-index value."" ) );
                    return false;
                }

                request.windowIndex = parsedWindowIndex;
                request.tabIndex = parsedTabIndex;
            }

            return true;
        };

        switch ( *action ) {
",""
"Variable:src/app/cli.h:windowOk","windowOk","src/app/cli.h",1517,1517,"
            if ( hasWindowIndex ) {
                bool windowOk = false;
                const auto parsedWindowIndex = parser.value( windowIndexOption ).toInt( &windowOk );
                bool tabOk = false;
",""
"Variable:src/app/cli.h:parsedWindowIndex","parsedWindowIndex","src/app/cli.h",1518,1518,"            if ( hasWindowIndex ) {
                bool windowOk = false;
                const auto parsedWindowIndex = parser.value( windowIndexOption ).toInt( &windowOk );
                bool tabOk = false;
                const auto parsedTabIndex = parser.value( tabIndexOption ).toInt( &tabOk );
",""
"Variable:src/app/cli.h:tabOk","tabOk","src/app/cli.h",1519,1519,"                bool windowOk = false;
                const auto parsedWindowIndex = parser.value( windowIndexOption ).toInt( &windowOk );
                bool tabOk = false;
                const auto parsedTabIndex = parser.value( tabIndexOption ).toInt( &tabOk );
                if ( !windowOk || parsedWindowIndex < 0 ) {
",""
"Variable:src/app/cli.h:parsedTabIndex","parsedTabIndex","src/app/cli.h",1520,1520,"                const auto parsedWindowIndex = parser.value( windowIndexOption ).toInt( &windowOk );
                bool tabOk = false;
                const auto parsedTabIndex = parser.value( tabIndexOption ).toInt( &tabOk );
                if ( !windowOk || parsedWindowIndex < 0 ) {
                    result.output_message = formatParserError(
",""
"Variable:src/app/cli.h:parsedFilterIndex","parsedFilterIndex","src/app/cli.h",1586,1586,"            if ( parser.isSet( filterIndexOption ) ) {
                bool ok = false;
                const auto parsedFilterIndex = parser.value( filterIndexOption ).toInt( &ok );
                if ( !ok || parsedFilterIndex < 0 ) {
                    result.output_message = formatParserError(
",""
"Variable:src/app/cli.h:selectors","selectors","src/app/cli.h",1597,1597,"
            {
                int selectors = 0;
                selectors += request.filterId.isEmpty() ? 0 : 1;
                selectors += request.filterIndex ? 1 : 0;
",""
"Variable:src/app/cli.h:filePath","filePath","src/app/cli.h",1844,1844,"
            if ( parser.isSet( fileOption ) ) {
                const auto filePath = parser.value( fileOption ).trimmed();
                request.comSettings.filePath = filePath.isEmpty()
                                                   ? QString{}
",""
"Variable:src/app/cli.h:baudRate","baudRate","src/app/cli.h",1852,1852,"            if ( parser.isSet( baudOption ) ) {
                bool ok = false;
                const auto baudRate = parser.value( baudOption ).toInt( &ok );
                if ( !ok || baudRate <= 0 ) {
                    result.output_message
",""
"Variable:src/app/cli.h:payload","payload","src/app/cli.h",1920,1920,"             || *action == CommanderAction::UpdateResponse ) {
            QString errorMessage;
            const auto payload = loadJsonObjectFile( parser.value( jsonFileOption ), &errorMessage );
            if ( !payload ) {
                result.output_message = formatParserError( parser, errorMessage );
",""
"Variable:src/versioncheck/src/versionchecker.cpp:OsSuffix","OsSuffix","src/versioncheck/src/versionchecker.cpp",47,47,"
#if defined( Q_OS_WIN )
static constexpr QLatin1String OsSuffix = QLatin1String( ""-win"", 4 );
#elif defined( Q_OS_MACOS )
static constexpr QLatin1String OsSuffix = QLatin1String( ""-osx"", 4 );
",""
"Variable:src/versioncheck/src/versionchecker.cpp:VERSION_URL","VERSION_URL","src/versioncheck/src/versionchecker.cpp",54,55,"#endif

static constexpr QLatin1String VERSION_URL
    = QLatin1String( ""https://raw.githubusercontent.com/dm17ryk/klogg/master/latest.json"", 65 );
static constexpr std::time_t CHECK_INTERVAL_S = 3600 * 24 * 7; /* 7 days */

",""
"Variable:src/versioncheck/src/versionchecker.cpp:CHECK_INTERVAL_S","CHECK_INTERVAL_S","src/versioncheck/src/versionchecker.cpp",56,56,"static constexpr QLatin1String VERSION_URL
    = QLatin1String( ""https://raw.githubusercontent.com/dm17ryk/klogg/master/latest.json"", 65 );
static constexpr std::time_t CHECK_INTERVAL_S = 3600 * 24 * 7; /* 7 days */

bool isVersionNewer( const QString& current_version, const QString& new_version )
",""
"Variable:src/versioncheck/src/versionchecker.cpp:parseVersion","parseVersion","src/versioncheck/src/versionchecker.cpp",61,65,"{
#if ( QT_VERSION >= QT_VERSION_CHECK( 6, 4, 0 ) )
    const auto parseVersion = []( const QString& version_string ) {
        qsizetype tweak_index = 0;
        auto version = QVersionNumber::fromString( QAnyStringView(version_string), &tweak_index );
        return std::make_pair( version, version_string.right( tweak_index + 1 ).toUInt() );
    };
#else
    const auto parseVersion = []( const QString& version_string ) {
",""
"Variable:src/versioncheck/src/versionchecker.cpp:tweak_index","tweak_index","src/versioncheck/src/versionchecker.cpp",62,62,"#if ( QT_VERSION >= QT_VERSION_CHECK( 6, 4, 0 ) )
    const auto parseVersion = []( const QString& version_string ) {
        qsizetype tweak_index = 0;
        auto version = QVersionNumber::fromString( QAnyStringView(version_string), &tweak_index );
        return std::make_pair( version, version_string.right( tweak_index + 1 ).toUInt() );
",""
"Variable:src/versioncheck/src/versionchecker.cpp:version","version","src/versioncheck/src/versionchecker.cpp",63,63,"    const auto parseVersion = []( const QString& version_string ) {
        qsizetype tweak_index = 0;
        auto version = QVersionNumber::fromString( QAnyStringView(version_string), &tweak_index );
        return std::make_pair( version, version_string.right( tweak_index + 1 ).toUInt() );
    };
",""
"Variable:src/versioncheck/src/versionchecker.cpp:old","old","src/versioncheck/src/versionchecker.cpp",74,74,"#endif

    const auto old = parseVersion( current_version );
    const auto next = parseVersion( new_version );

",""
"Variable:src/versioncheck/src/versionchecker.cpp:next","next","src/versioncheck/src/versionchecker.cpp",75,75,"
    const auto old = parseVersion( current_version );
    const auto next = parseVersion( new_version );

    return next > old;
",""
"Variable:src/versioncheck/src/versionchecker.cpp:rawReply","rawReply","src/versioncheck/src/versionchecker.cpp",135,135,"
    if ( reply->error() == QNetworkReply::NoError ) {
        const auto rawReply = reply->readAll();
        checkVersionData( rawReply );
    }
",""
"Variable:src/versioncheck/src/versionchecker.cpp:latestJson","latestJson","src/versioncheck/src/versionchecker.cpp",156,156,"    LOG_DEBUG << ""Version reply: "" << QString::fromUtf8( versionData );

    const auto latestJson = QJsonDocument::fromJson( versionData );
    const auto latestVersionMap = latestJson.toVariant().toMap();

",""
"Variable:src/versioncheck/src/versionchecker.cpp:latestVersionMap","latestVersionMap","src/versioncheck/src/versionchecker.cpp",157,157,"
    const auto latestJson = QJsonDocument::fromJson( versionData );
    const auto latestVersionMap = latestJson.toVariant().toMap();

    QString latestVersion;
",""
"Variable:src/versioncheck/src/versionchecker.cpp:stableVersions","stableVersions","src/versioncheck/src/versionchecker.cpp",161,161,"    QString latestVersion;
    QString url;
    const auto stableVersions = latestVersionMap.value( ""releases"" ).toList();

    const auto currentVersion = kloggVersion();
",""
"Variable:src/versioncheck/src/versionchecker.cpp:currentVersion","currentVersion","src/versioncheck/src/versionchecker.cpp",163,163,"    const auto stableVersions = latestVersionMap.value( ""releases"" ).toList();

    const auto currentVersion = kloggVersion();
    if ( std::any_of( stableVersions.begin(), stableVersions.end(),
                      [ &currentVersion ]( const auto& version ) {
",""
"Variable:src/versioncheck/src/versionchecker.cpp:changeLog","changeLog","src/versioncheck/src/versionchecker.cpp",176,176,"    }

    const auto changeLog = latestVersionMap.value( ""changelog"" ).toList();

    QStringList changes;
",""
"Variable:src/versioncheck/src/versionchecker.cpp:entryData","entryData","src/versioncheck/src/versionchecker.cpp",180,180,"    QStringList changes;
    for ( const auto& entry :  changeLog ) {
        const auto entryData = entry.toMap();
        const auto version = entryData.value( ""version"" ).toString();

",""
"Variable:src/utils/src/cpu_info.cpp:cpuInstructions","cpuInstructions","src/utils/src/cpu_info.cpp",35,35,"CpuInstructions supportedCpuInstructions()
{
    CpuInstructions cpuInstructions = CpuInstructions::NONE;

    std::array<int, 4> cpui;
",""
"Variable:src/utils/src/cpu_info.cpp:nIds","nIds","src/utils/src/cpu_info.cpp",43,43,"    __cpuid( cpui.data(), 0 );

    const auto nIds = cpui[ 0 ];
    std::vector<std::array<int, 4>> data;
    data.reserve( nIds + 1 );
",""
"Variable:src/utils/src/cpu_info.cpp:i","i","src/utils/src/cpu_info.cpp",47,47,"    data.reserve( nIds + 1 );

    for ( int i = 0; i <= nIds; ++i ) {
        __cpuidex( cpui.data(), i, 0 );
        data.push_back( cpui );
",""
"Variable:src/utils/src/cpu_info.cpp:f_1_ECX","f_1_ECX","src/utils/src/cpu_info.cpp",54,54,"    // load bitset with flags for function 0x00000001
    if ( nIds >= 1 ) {
        std::bitset<32> f_1_ECX = data[ 1 ][ 2 ];
        std::bitset<32> f_1_EDX = data[ 1 ][ 3 ];

",""
"Variable:src/utils/src/cpu_info.cpp:f_1_EDX","f_1_EDX","src/utils/src/cpu_info.cpp",55,55,"    if ( nIds >= 1 ) {
        std::bitset<32> f_1_ECX = data[ 1 ][ 2 ];
        std::bitset<32> f_1_EDX = data[ 1 ][ 3 ];

        if ( f_1_EDX[ 26 ] ) {
",""
"Variable:src/utils/src/cpu_info.cpp:f_7_EBX","f_7_EBX","src/utils/src/cpu_info.cpp",81,81,"    // load bitset with flags for function 0x00000007
    if ( nIds >= 7 ) {
        std::bitset<32> f_7_EBX = data[ 7 ][ 1 ];

        if ( f_7_EBX[ 5 ] ) {
",""
"Variable:src/utils/include/perfcounter.h:value","value","src/utils/include/perfcounter.h",54,54,"    uint32_t readAndReset()
    {
        uint32_t value = counter_;
        counter_ = 0;
        return value;
",""
"Variable:src/utils/include/openfilehelper.h:explorerArgs","explorerArgs","src/utils/include/openfilehelper.h",65,67,"
#if defined( Q_OS_WIN )
    const auto explorerArgs
        = QStringList() << QString( ""/select,%1"" )
                               .arg( QDir::toNativeSeparators( fileInfo.canonicalFilePath() ) );
    QProcess::startDetached( ""explorer.exe"", explorerArgs );
#elif defined( Q_OS_MAC )
",""
"Variable:src/utils/include/crc32.h:crc32","crc32","src/utils/include/crc32.h",28,28,"    static quint32 calculate( QByteArray text )
    {
        quint32 crc32 = 0xffffffff;
        for ( auto i = 0; i < text.size(); ++i ) {
            crc32 = ( crc32 >> 8 )
",""
"Variable:src/utils/include/crc32.h:i","i","src/utils/include/crc32.h",29,29,"    {
        quint32 crc32 = 0xffffffff;
        for ( auto i = 0; i < text.size(); ++i ) {
            crc32 = ( crc32 >> 8 )
                    ^ Crc32Tab[ ( crc32 ^ static_cast<quint32>( text[ i ] ) ) & 0xffu ];
",""
"Variable:src/utils/include/clipboard.h:clipboard","clipboard","src/utils/include/clipboard.h",29,29,"
static inline void sendTextToClipboard(QString text, bool updateSelection = false) {
    auto clipboard = QApplication::clipboard();
    if (!clipboard) {
        LOG_WARNING << ""Unable to access the clipboard."";
",""
"Variable:src/ui/src/viewtools.cpp:MAX_POSITION","MAX_POSITION","src/ui/src/viewtools.cpp",27,27,"void ElasticHook::move( int value )
{
    static constexpr int MAX_POSITION = 2000;

    if ( timer_id_ == 0 )
",""
"Variable:src/ui/src/viewtools.cpp:resistance","resistance","src/ui/src/viewtools.cpp",32,32,"        timer_id_ = startTimer( TIMER_PERIOD_MS );

    int resistance = 0;
    if ( !held_ && ( position_ * value > 0 ) ) // value and resistance have the same sign
        resistance = position_ / 8;
",""
"Variable:src/ui/src/viewtools.cpp:hooked","hooked","src/ui/src/viewtools.cpp",48,48,"        position_ -= hook_threshold_;
        hooked_ = true;
        Q_EMIT hooked( true );
    }
    else if ( hooked_ && position_ <= -hook_threshold_ ) {
",""
"Variable:src/ui/src/viewtools.cpp:PROP_RATIO","PROP_RATIO","src/ui/src/viewtools.cpp",80,80,"void ElasticHook::decreasePosition()
{
    static constexpr int PROP_RATIO = 10;

    // position_ -= DECREASE_RATE + ( ( position_/SQUARE_RATIO ) * ( position_/SQUARE_RATIO ) );
",""
"Variable:src/ui/src/tabnamemapping.cpp:TABNAMEMAPPING_VERSION","TABNAMEMAPPING_VERSION","src/ui/src/tabnamemapping.cpp",22,22,"
namespace {
constexpr const int TABNAMEMAPPING_VERSION = 1;
}

",""
"Variable:src/ui/src/tabnamemapping.cpp:nameMapping","nameMapping","src/ui/src/tabnamemapping.cpp",27,29,"QString TabNameMapping::tabName( const QString& path ) const
{
    auto nameMapping
        = std::find_if( tabNames_.cbegin(), tabNames_.cend(),
                        [&path]( const auto& mapping ) { return mapping.path == path; } );

    if ( nameMapping != tabNames_.cend() ) {
",""
"Variable:src/ui/src/tabnamemapping.cpp:i","i","src/ui/src/tabnamemapping.cpp",68,68,"    settings.remove( ""tabNames"" );
    settings.beginWriteArray( ""tabNames"" );
    for ( auto i = 0u; i < tabNames_.size(); ++i ) {
        settings.setArrayIndex( static_cast<int>( i ) );
        settings.setValue( ""path"", tabNames_.at( i ).path );
",""
"Variable:src/ui/src/tabnamemapping.cpp:size","size","src/ui/src/tabnamemapping.cpp",86,86,"        settings.beginGroup( ""TabNameMapping"" );
        if ( settings.value( ""version"" ).toInt() == TABNAMEMAPPING_VERSION ) {
            int size = settings.beginReadArray( ""tabNames"" );
            for ( auto i = 0; i < size; ++i ) {
                settings.setArrayIndex( static_cast<int>( i ) );
",""
"Variable:src/ui/src/tabnamemapping.cpp:path","path","src/ui/src/tabnamemapping.cpp",89,89,"            for ( auto i = 0; i < size; ++i ) {
                settings.setArrayIndex( static_cast<int>( i ) );
                QString path = settings.value( ""path"" ).toString();
                QString name = settings.value( ""name"" ).toString();

",""
"Variable:src/ui/src/tabnamemapping.cpp:name","name","src/ui/src/tabnamemapping.cpp",90,90,"                settings.setArrayIndex( static_cast<int>( i ) );
                QString path = settings.value( ""path"" ).toString();
                QString name = settings.value( ""name"" ).toString();

                tabNames_.emplace_back( TabName{ path, name } );
",""
"Variable:src/ui/src/tabbedscratchpad.cpp:tabWidget","tabWidget","src/ui/src/tabbedscratchpad.cpp",34,34,"    this->hide();

    auto tabWidget = std::make_unique<QTabWidget>();
    tabWidget_ = tabWidget.get();

",""
"Variable:src/ui/src/tabbedscratchpad.cpp:addTabButton","addTabButton","src/ui/src/tabbedscratchpad.cpp",43,43,"             [ this ]( const auto index ) { tabWidget_->removeTab( index ); } );

    auto addTabButton = std::make_unique<QToolButton>();
    addTabButton->setText( ""+"" );
    addTabButton->setAutoRaise( true );
",""
"Variable:src/ui/src/tabbedscratchpad.cpp:deleteTabButton","deleteTabButton","src/ui/src/tabbedscratchpad.cpp",53,59,"    tabWidget_->setTabEnabled( 0, false );

    auto deleteTabButton = [ this ]( QTabBar::ButtonPosition position ) {
        auto button = tabWidget_->tabBar()->tabButton( 0, position );
        if ( button ) {
            button->deleteLater();
        }
        tabWidget_->tabBar()->setTabButton( 0, position, nullptr );
    };

    deleteTabButton( QTabBar::LeftSide );
",""
"Variable:src/ui/src/tabbedscratchpad.cpp:button","button","src/ui/src/tabbedscratchpad.cpp",54,54,"
    auto deleteTabButton = [ this ]( QTabBar::ButtonPosition position ) {
        auto button = tabWidget_->tabBar()->tabButton( 0, position );
        if ( button ) {
            button->deleteLater();
",""
"Variable:src/ui/src/tabbedscratchpad.cpp:layout","layout","src/ui/src/tabbedscratchpad.cpp",68,68,"    addTab();

    auto layout = std::make_unique<QVBoxLayout>();
    layout->addWidget( tabWidget.release() );
    this->setLayout( layout.release() );
",""
"Variable:src/ui/src/tabbedscratchpad.cpp:mod","mod","src/ui/src/tabbedscratchpad.cpp",81,81,"void TabbedScratchPad::keyPressEvent( QKeyEvent* event )
{
    const auto mod = event->modifiers();
    const auto key = event->key();

",""
"Variable:src/ui/src/tabbedscratchpad.cpp:key","key","src/ui/src/tabbedscratchpad.cpp",82,82,"{
    const auto mod = event->modifiers();
    const auto key = event->key();

    event->accept();
",""
"Variable:src/ui/src/tabbedscratchpad.cpp:newIndex","newIndex","src/ui/src/tabbedscratchpad.cpp",115,116,"void TabbedScratchPad::addTab()
{
    const auto newIndex
        = tabWidget_->addTab( new ScratchPad(), QString( ""Scratchpad %1"" ).arg( ++tabCounter_ ) );
    tabWidget_->setCurrentIndex( newIndex );
}
",""
"Variable:src/ui/src/tabbedscratchpad.cpp:currentScratchPad","currentScratchPad","src/ui/src/tabbedscratchpad.cpp",122,122,"void TabbedScratchPad::addData( QString newData )
{
    auto currentScratchPad = qobject_cast<ScratchPad*>( tabWidget_->currentWidget() );
    if ( currentScratchPad ) {
        currentScratchPad->addData( std::move(newData) );
",""
"Variable:src/ui/src/tabbedcrawlerwidget.cpp:PathKey","PathKey","src/ui/src/tabbedcrawlerwidget.cpp",47,47,"
namespace {
constexpr QLatin1String PathKey = QLatin1String( ""path"", 4 );
constexpr QLatin1String StatusKey = QLatin1String( ""status"", 6 );
constexpr QLatin1String TabIdKey = QLatin1String( ""tabId"", 5 );
",""
"Variable:src/ui/src/tabbedcrawlerwidget.cpp:StatusKey","StatusKey","src/ui/src/tabbedcrawlerwidget.cpp",48,48,"namespace {
constexpr QLatin1String PathKey = QLatin1String( ""path"", 4 );
constexpr QLatin1String StatusKey = QLatin1String( ""status"", 6 );
constexpr QLatin1String TabIdKey = QLatin1String( ""tabId"", 5 );
constexpr QLatin1String ConnectedKey = QLatin1String( ""connected"", 9 );
",""
"Variable:src/ui/src/tabbedcrawlerwidget.cpp:TabIdKey","TabIdKey","src/ui/src/tabbedcrawlerwidget.cpp",49,49,"constexpr QLatin1String PathKey = QLatin1String( ""path"", 4 );
constexpr QLatin1String StatusKey = QLatin1String( ""status"", 6 );
constexpr QLatin1String TabIdKey = QLatin1String( ""tabId"", 5 );
constexpr QLatin1String ConnectedKey = QLatin1String( ""connected"", 9 );
constexpr QLatin1String ActionsPortKey = QLatin1String( ""actionsPort"", 11 );
",""
"Variable:src/ui/src/tabbedcrawlerwidget.cpp:ConnectedKey","ConnectedKey","src/ui/src/tabbedcrawlerwidget.cpp",50,50,"constexpr QLatin1String StatusKey = QLatin1String( ""status"", 6 );
constexpr QLatin1String TabIdKey = QLatin1String( ""tabId"", 5 );
constexpr QLatin1String ConnectedKey = QLatin1String( ""connected"", 9 );
constexpr QLatin1String ActionsPortKey = QLatin1String( ""actionsPort"", 11 );
constexpr QLatin1String ScriptActiveKey = QLatin1String( ""scriptActive"", 12 );
",""
"Variable:src/ui/src/tabbedcrawlerwidget.cpp:ActionsPortKey","ActionsPortKey","src/ui/src/tabbedcrawlerwidget.cpp",51,51,"constexpr QLatin1String TabIdKey = QLatin1String( ""tabId"", 5 );
constexpr QLatin1String ConnectedKey = QLatin1String( ""connected"", 9 );
constexpr QLatin1String ActionsPortKey = QLatin1String( ""actionsPort"", 11 );
constexpr QLatin1String ScriptActiveKey = QLatin1String( ""scriptActive"", 12 );
} // namespace
",""
"Variable:src/ui/src/tabbedcrawlerwidget.cpp:ScriptActiveKey","ScriptActiveKey","src/ui/src/tabbedcrawlerwidget.cpp",52,52,"constexpr QLatin1String ConnectedKey = QLatin1String( ""connected"", 9 );
constexpr QLatin1String ActionsPortKey = QLatin1String( ""actionsPort"", 11 );
constexpr QLatin1String ScriptActiveKey = QLatin1String( ""scriptActive"", 12 );
} // namespace

",""
"Variable:src/ui/src/tabbedcrawlerwidget.cpp:tabStyle","tabStyle","src/ui/src/tabbedcrawlerwidget.cpp",63,63,"    myTabBar_.setObjectName( QStringLiteral( ""mainTabBar"" ) );

    QString tabStyle = ""QTabBar::tab { height: 24px; }"";
    QString tabCloseButtonStyle = "" QTabBar::close-button {\
              height: 12px; width: 12px;\
",""
"Variable:src/ui/src/tabbedcrawlerwidget.cpp:tabCloseButtonStyle","tabCloseButtonStyle","src/ui/src/tabbedcrawlerwidget.cpp",64,65,"
    QString tabStyle = ""QTabBar::tab { height: 24px; }"";
    QString tabCloseButtonStyle = "" QTabBar::close-button {\
              height: 12px; width: 12px;\
              subcontrol-origin: padding;\
              subcontrol-position: right;\
",""
"Variable:src/ui/src/tabbedcrawlerwidget.cpp:backgroundImageTemplate","backgroundImageTemplate","src/ui/src/tabbedcrawlerwidget.cpp",97,97,"
    if ( !backgroundImage.isEmpty() ) {
        const QString backgroundImageTemplate = "" image: url(%1);"";
        QString tabCloseButtonHoverStyle = "" QTabBar::close-button:hover { %1 }"";
        backgroundImage = backgroundImageTemplate.arg( backgroundImage );
",""
"Variable:src/ui/src/tabbedcrawlerwidget.cpp:tabCloseButtonHoverStyle","tabCloseButtonHoverStyle","src/ui/src/tabbedcrawlerwidget.cpp",98,98,"    if ( !backgroundImage.isEmpty() ) {
        const QString backgroundImageTemplate = "" image: url(%1);"";
        QString tabCloseButtonHoverStyle = "" QTabBar::close-button:hover { %1 }"";
        backgroundImage = backgroundImageTemplate.arg( backgroundImage );
        backgroundHoverImage = backgroundImageTemplate.arg( backgroundHoverImage );
",""
"Variable:src/ui/src/tabbedcrawlerwidget.cpp:iconLoader","iconLoader","src/ui/src/tabbedcrawlerwidget.cpp",124,124,"void TabbedCrawlerWidget::loadIcons()
{
    IconLoader iconLoader{ this };
    olddata_icon_ = iconLoader.load( ""olddata_icon"" );
    if ( connectionIcon_.isNull() ) {
",""
"Variable:src/ui/src/tabbedcrawlerwidget.cpp:tab","tab","src/ui/src/tabbedcrawlerwidget.cpp",129,129,"        connectionIcon_ = iconLoader.load( ""icons8-lock"" );
    }
    for ( int tab = 0; tab < count(); ++tab ) {
        updateIcon( tab );
    }
",""
"Variable:src/ui/src/tabbedcrawlerwidget.cpp:i","i","src/ui/src/tabbedcrawlerwidget.cpp",138,138,"    if ( event->type() == QEvent::StyleChange ) {
        defaultTabTextColor_ = myTabBar_.palette().color( QPalette::WindowText );
        for ( int i = 0; i < count(); ++i ) {
            const auto path = tabPathAt( i );
            const auto it = streamSessions_.find( path );
",""
"Variable:src/ui/src/tabbedcrawlerwidget.cpp:path","path","src/ui/src/tabbedcrawlerwidget.cpp",139,139,"        defaultTabTextColor_ = myTabBar_.palette().color( QPalette::WindowText );
        for ( int i = 0; i < count(); ++i ) {
            const auto path = tabPathAt( i );
            const auto it = streamSessions_.find( path );
            const bool connected = it != streamSessions_.end() && it->second
",""
"Variable:src/ui/src/tabbedcrawlerwidget.cpp:it","it","src/ui/src/tabbedcrawlerwidget.cpp",140,140,"        for ( int i = 0; i < count(); ++i ) {
            const auto path = tabPathAt( i );
            const auto it = streamSessions_.find( path );
            const bool connected = it != streamSessions_.end() && it->second
                                   && it->second->isConnectionOpen();
",""
"Variable:src/ui/src/tabbedcrawlerwidget.cpp:connected","connected","src/ui/src/tabbedcrawlerwidget.cpp",141,142,"            const auto path = tabPathAt( i );
            const auto it = streamSessions_.find( path );
            const bool connected = it != streamSessions_.end() && it->second
                                   && it->second->isConnectionOpen();
            const SerialCaptureSettings* settings
                = ( it != streamSessions_.end() && it->second ) ? &it->second->captureSettings()
",""
"Variable:src/ui/src/tabbedcrawlerwidget.cpp:sessionIt","sessionIt","src/ui/src/tabbedcrawlerwidget.cpp",171,171,"    updateTabBarVisibility();

    const auto sessionIt = streamSessions_.find( fileName );
    if ( sessionIt != streamSessions_.end() && sessionIt->second ) {
        const bool connected = sessionIt->second->isConnectionOpen();
",""
"Variable:src/ui/src/tabbedcrawlerwidget.cpp:session","session","src/ui/src/tabbedcrawlerwidget.cpp",224,224,"    }

    auto session = sessionIt->second;
    streamSessions_.erase( sessionIt );
    setTabConnectionState( oldFileName, false );",""
"Variable:src/ui/src/tabbedcrawlerwidget.cpp:fileName","fileName","src/ui/src/tabbedcrawlerwidget.cpp",275,275,"    }

    const auto fileName = tabPathAt( tab );
    const auto it = streamSessions_.find( fileName );
    if ( it == streamSessions_.end() ) {
",""
"Variable:src/ui/src/tabbedcrawlerwidget.cpp:index","index","src/ui/src/tabbedcrawlerwidget.cpp",300,300,"    }

    for ( int index = 0; index < count(); ++index ) {
        if ( tabIdAt( index ) == tabId ) {
            return index;
",""
"Variable:src/ui/src/tabbedcrawlerwidget.cpp:showTabContextMenu","showTabContextMenu","src/ui/src/tabbedcrawlerwidget.cpp",356,356,"        int tab = tabAt( mouseEvent->pos() );
        if ( tab != -1 ) {
            Q_EMIT showTabContextMenu( tab, mapToGlobal( mouseEvent->pos() ) );
            mouseEvent->accept();
        }
",""
"Variable:src/ui/src/tabbedcrawlerwidget.cpp:menu","menu","src/ui/src/tabbedcrawlerwidget.cpp",366,366,"void TabbedCrawlerWidget::showContextMenu( int tab, QPoint globalPoint )        
{
    QMenu menu( this );
    auto closeThis = menu.addAction( tr( ""Close this"" ) );
    auto closeOthers = menu.addAction( tr( ""Close others"" ) );
",""
"Variable:src/ui/src/tabbedcrawlerwidget.cpp:closeThis","closeThis","src/ui/src/tabbedcrawlerwidget.cpp",367,367,"{
    QMenu menu( this );
    auto closeThis = menu.addAction( tr( ""Close this"" ) );
    auto closeOthers = menu.addAction( tr( ""Close others"" ) );
    auto closeLeft = menu.addAction( tr( ""Close to the left"" ) );
",""
"Variable:src/ui/src/tabbedcrawlerwidget.cpp:closeOthers","closeOthers","src/ui/src/tabbedcrawlerwidget.cpp",368,368,"    QMenu menu( this );
    auto closeThis = menu.addAction( tr( ""Close this"" ) );
    auto closeOthers = menu.addAction( tr( ""Close others"" ) );
    auto closeLeft = menu.addAction( tr( ""Close to the left"" ) );
    auto closeRight = menu.addAction( tr( ""Close to the right"" ) );
",""
"Variable:src/ui/src/tabbedcrawlerwidget.cpp:closeLeft","closeLeft","src/ui/src/tabbedcrawlerwidget.cpp",369,369,"    auto closeThis = menu.addAction( tr( ""Close this"" ) );
    auto closeOthers = menu.addAction( tr( ""Close others"" ) );
    auto closeLeft = menu.addAction( tr( ""Close to the left"" ) );
    auto closeRight = menu.addAction( tr( ""Close to the right"" ) );
    auto closeAll = menu.addAction( tr( ""Close all"" ) );
",""
"Variable:src/ui/src/tabbedcrawlerwidget.cpp:closeRight","closeRight","src/ui/src/tabbedcrawlerwidget.cpp",370,370,"    auto closeOthers = menu.addAction( tr( ""Close others"" ) );
    auto closeLeft = menu.addAction( tr( ""Close to the left"" ) );
    auto closeRight = menu.addAction( tr( ""Close to the right"" ) );
    auto closeAll = menu.addAction( tr( ""Close all"" ) );
    menu.addSeparator();
",""
"Variable:src/ui/src/tabbedcrawlerwidget.cpp:closeAll","closeAll","src/ui/src/tabbedcrawlerwidget.cpp",371,371,"    auto closeLeft = menu.addAction( tr( ""Close to the left"" ) );
    auto closeRight = menu.addAction( tr( ""Close to the right"" ) );
    auto closeAll = menu.addAction( tr( ""Close all"" ) );
    menu.addSeparator();
    auto copyFullPath = menu.addAction( tr( ""Copy full path"" ) );
",""
"Variable:src/ui/src/tabbedcrawlerwidget.cpp:copyFullPath","copyFullPath","src/ui/src/tabbedcrawlerwidget.cpp",373,373,"    auto closeAll = menu.addAction( tr( ""Close all"" ) );
    menu.addSeparator();
    auto copyFullPath = menu.addAction( tr( ""Copy full path"" ) );
    auto openContainingFolder = menu.addAction( tr( ""Open containing folder"" ) );
    if ( auto session = streamSessionForTab( tab ) ) {
",""
"Variable:src/ui/src/tabbedcrawlerwidget.cpp:openContainingFolder","openContainingFolder","src/ui/src/tabbedcrawlerwidget.cpp",374,374,"    menu.addSeparator();
    auto copyFullPath = menu.addAction( tr( ""Copy full path"" ) );
    auto openContainingFolder = menu.addAction( tr( ""Open containing folder"" ) );
    if ( auto session = streamSessionForTab( tab ) ) {
        menu.addSeparator();
",""
"Variable:src/ui/src/tabbedcrawlerwidget.cpp:closeText","closeText","src/ui/src/tabbedcrawlerwidget.cpp",378,379,"        menu.addSeparator();
        const auto& settings = session->captureSettings();
        const auto closeText = tr( ""Close %1 @ %2"" ).arg( settings.portName,
                                                          QString::number( settings.baudRate ) );
        auto closeConnection = menu.addAction( closeText );
        auto startNewFile = menu.addAction( tr( ""Start new file"" ) );",""
"Variable:src/ui/src/tabbedcrawlerwidget.cpp:closeConnection","closeConnection","src/ui/src/tabbedcrawlerwidget.cpp",380,380,"        const auto closeText = tr( ""Close %1 @ %2"" ).arg( settings.portName,
                                                          QString::number( settings.baudRate ) );
        auto closeConnection = menu.addAction( closeText );
        auto startNewFile = menu.addAction( tr( ""Start new file"" ) );
        QPointer<StreamSession> safeSession = session;",""
"Variable:src/ui/src/tabbedcrawlerwidget.cpp:startNewFile","startNewFile","src/ui/src/tabbedcrawlerwidget.cpp",381,381,"                                                          QString::number( settings.baudRate ) );
        auto closeConnection = menu.addAction( closeText );
        auto startNewFile = menu.addAction( tr( ""Start new file"" ) );
        QPointer<StreamSession> safeSession = session;
        closeConnection->setEnabled( safeSession && safeSession->isConnectionOpen() );",""
"Variable:src/ui/src/tabbedcrawlerwidget.cpp:safeSession","safeSession","src/ui/src/tabbedcrawlerwidget.cpp",382,382,"        auto closeConnection = menu.addAction( closeText );
        auto startNewFile = menu.addAction( tr( ""Start new file"" ) );
        QPointer<StreamSession> safeSession = session;
        closeConnection->setEnabled( safeSession && safeSession->isConnectionOpen() );
        startNewFile->setEnabled( safeSession && safeSession->isConnectionOpen() );",""
"Variable:src/ui/src/tabbedcrawlerwidget.cpp:renameTab","renameTab","src/ui/src/tabbedcrawlerwidget.cpp",394,394,"    }
    menu.addSeparator();
    auto renameTab = menu.addAction( tr( ""Rename tab"" ) );
    auto resetTabName = menu.addAction( tr( ""Reset tab name"" ) );

",""
"Variable:src/ui/src/tabbedcrawlerwidget.cpp:resetTabName","resetTabName","src/ui/src/tabbedcrawlerwidget.cpp",395,395,"    menu.addSeparator();
    auto renameTab = menu.addAction( tr( ""Rename tab"" ) );
    auto resetTabName = menu.addAction( tr( ""Reset tab name"" ) );

    connect( closeThis, &QAction::triggered, [ tab, this ] { Q_EMIT tabCloseRequested( tab ); } );
",""
"Variable:src/ui/src/tabbedcrawlerwidget.cpp:tabCloseRequested","tabCloseRequested","src/ui/src/tabbedcrawlerwidget.cpp",412,412,"    connect( closeLeft, &QAction::triggered, [ tabWidget = widget( tab ), this ] {
        while ( indexOf( tabWidget ) != 0 ) {
            Q_EMIT tabCloseRequested( 0 );
        }
    } );
",""
"Variable:src/ui/src/tabbedcrawlerwidget.cpp:isNameEntered","isNameEntered","src/ui/src/tabbedcrawlerwidget.cpp",442,442,"
    connect( renameTab, &QAction::triggered, this, [ this, tab ] {
        bool isNameEntered = false;
        const auto tabPath = tabPathAt( tab );
        const auto currentName = TabNameMapping::getSynced().tabName( tabPath );
",""
"Variable:src/ui/src/tabbedcrawlerwidget.cpp:tabPath","tabPath","src/ui/src/tabbedcrawlerwidget.cpp",443,443,"    connect( renameTab, &QAction::triggered, this, [ this, tab ] {
        bool isNameEntered = false;
        const auto tabPath = tabPathAt( tab );
        const auto currentName = TabNameMapping::getSynced().tabName( tabPath );
        auto newName = QInputDialog::getText(
",""
"Variable:src/ui/src/tabbedcrawlerwidget.cpp:currentName","currentName","src/ui/src/tabbedcrawlerwidget.cpp",444,444,"        bool isNameEntered = false;
        const auto tabPath = tabPathAt( tab );
        const auto currentName = TabNameMapping::getSynced().tabName( tabPath );
        auto newName = QInputDialog::getText(
            this, ""Rename tab"", ""Tab name"", QLineEdit::Normal,
",""
"Variable:src/ui/src/tabbedcrawlerwidget.cpp:newName","newName","src/ui/src/tabbedcrawlerwidget.cpp",445,447,"        const auto tabPath = tabPathAt( tab );
        const auto currentName = TabNameMapping::getSynced().tabName( tabPath );
        auto newName = QInputDialog::getText(
            this, ""Rename tab"", ""Tab name"", QLineEdit::Normal,
            currentName.isEmpty() ? QFileInfo( tabPath ).fileName() : currentName, &isNameEntered );
        if ( isNameEntered ) {
            TabNameMapping::getSynced().setTabName( tabPath, newName ).save();
",""
"Variable:src/ui/src/tabbedcrawlerwidget.cpp:mod","mod","src/ui/src/tabbedcrawlerwidget.cpp",465,465,"void TabbedCrawlerWidget::keyPressEvent( QKeyEvent* event )
{
    const auto mod = event->modifiers();
    const auto key = event->key();

",""
"Variable:src/ui/src/tabbedcrawlerwidget.cpp:key","key","src/ui/src/tabbedcrawlerwidget.cpp",466,466,"{
    const auto mod = event->modifiers();
    const auto key = event->key();

    LOG_DEBUG << ""TabbedCrawlerWidget::keyPressEvent"";
",""
"Variable:src/ui/src/tabbedcrawlerwidget.cpp:newIndex","newIndex","src/ui/src/tabbedcrawlerwidget.cpp",486,486,"    // Ctrl + numbers
    else if ( mod == Qt::ControlModifier && ( key >= Qt::Key_1 && key <= Qt::Key_8 ) ) {
        int newIndex = key - Qt::Key_0;
        if ( newIndex <= count() )
            setCurrentIndex( newIndex - 1 );
",""
"Variable:src/ui/src/tabbedcrawlerwidget.cpp:tabData","tabData","src/ui/src/tabbedcrawlerwidget.cpp",504,504,"void TabbedCrawlerWidget::updateIcon( int index )
{
    auto tabData = myTabBar_.tabData( index ).toMap();

    const QIcon* icon;
",""
"Variable:src/ui/src/tabbedcrawlerwidget.cpp:tabLabel","tabLabel","src/ui/src/tabbedcrawlerwidget.cpp",589,589,"
    const auto fileName = tabPathAt( index );
    const auto tabLabel = QFileInfo( fileName ).fileName();
    const auto tabName = TabNameMapping::getSynced().tabName( fileName );
    const auto connected = tabMetadataValue( index, QStringLiteral( ""connected"" ) ).toBool();
",""
"Variable:src/ui/src/tabbedcrawlerwidget.cpp:tabName","tabName","src/ui/src/tabbedcrawlerwidget.cpp",590,590,"    const auto fileName = tabPathAt( index );
    const auto tabLabel = QFileInfo( fileName ).fileName();
    const auto tabName = TabNameMapping::getSynced().tabName( fileName );
    const auto connected = tabMetadataValue( index, QStringLiteral( ""connected"" ) ).toBool();
    const auto portName = tabMetadataValue( index, QStringLiteral( ""portName"" ) ).toString();
",""
"Variable:src/ui/src/tabbedcrawlerwidget.cpp:portName","portName","src/ui/src/tabbedcrawlerwidget.cpp",592,592,"    const auto tabName = TabNameMapping::getSynced().tabName( fileName );
    const auto connected = tabMetadataValue( index, QStringLiteral( ""connected"" ) ).toBool();
    const auto portName = tabMetadataValue( index, QStringLiteral( ""portName"" ) ).toString();
    const auto baudRate = tabMetadataValue( index, QStringLiteral( ""baudRate"" ) ).toInt();
    const auto isActionsPort = tabMetadataValue( index, QStringLiteral( ""actionsPort"" ) ).toBool();
",""
"Variable:src/ui/src/tabbedcrawlerwidget.cpp:baudRate","baudRate","src/ui/src/tabbedcrawlerwidget.cpp",593,593,"    const auto connected = tabMetadataValue( index, QStringLiteral( ""connected"" ) ).toBool();
    const auto portName = tabMetadataValue( index, QStringLiteral( ""portName"" ) ).toString();
    const auto baudRate = tabMetadataValue( index, QStringLiteral( ""baudRate"" ) ).toInt();
    const auto isActionsPort = tabMetadataValue( index, QStringLiteral( ""actionsPort"" ) ).toBool();
    const auto hasActiveScript = tabMetadataValue( index, QStringLiteral( ""scriptActive"" ) ).toBool();
",""
"Variable:src/ui/src/tabbedcrawlerwidget.cpp:isActionsPort","isActionsPort","src/ui/src/tabbedcrawlerwidget.cpp",594,594,"    const auto portName = tabMetadataValue( index, QStringLiteral( ""portName"" ) ).toString();
    const auto baudRate = tabMetadataValue( index, QStringLiteral( ""baudRate"" ) ).toInt();
    const auto isActionsPort = tabMetadataValue( index, QStringLiteral( ""actionsPort"" ) ).toBool();
    const auto hasActiveScript = tabMetadataValue( index, QStringLiteral( ""scriptActive"" ) ).toBool();
    QString suffix;
",""
"Variable:src/ui/src/tabbedcrawlerwidget.cpp:hasActiveScript","hasActiveScript","src/ui/src/tabbedcrawlerwidget.cpp",595,595,"    const auto baudRate = tabMetadataValue( index, QStringLiteral( ""baudRate"" ) ).toInt();
    const auto isActionsPort = tabMetadataValue( index, QStringLiteral( ""actionsPort"" ) ).toBool();
    const auto hasActiveScript = tabMetadataValue( index, QStringLiteral( ""scriptActive"" ) ).toBool();
    QString suffix;
    if ( isActionsPort ) {
",""
"Variable:src/ui/src/tabbedcrawlerwidget.cpp:toolTip","toolTip","src/ui/src/tabbedcrawlerwidget.cpp",606,606,"    myTabBar_.setTabText( index, ( tabName.isEmpty() ? tabLabel : tabName ) + suffix );

    auto toolTip = QDir::toNativeSeparators( fileName );
    if ( !portName.isEmpty() ) {
        toolTip += QStringLiteral( "" (%1 @ %2)"" ).arg( portName ).arg( baudRate );
",""
"Variable:src/ui/src/streamsourceregistry.cpp:normalized","normalized","src/ui/src/streamsourceregistry.cpp",12,12,"bool StreamSourceRegistry::isSerialPortActive( const QString& portName ) const
{
    const auto normalized = normalizedPortName( portName );
    if ( normalized.isEmpty() ) {
        return false;
",""
"Variable:src/ui/src/streamsourceregistry.cpp:locker","locker","src/ui/src/streamsourceregistry.cpp",17,17,"    }

    QMutexLocker locker( &mutex_ );
    return activeSerialPorts_.contains( normalized );
}
",""
"Variable:src/ui/src/streamsession.cpp:invoked","invoked","src/ui/src/streamsession.cpp",45,47,"    thread_.start();
    if ( worker_ ) {
        const auto invoked = QMetaObject::invokeMethod( worker_, ""setLoggingEnabled"",
                                                        Qt::QueuedConnection,
                                                        Q_ARG( bool, loggingEnabled_ ) );
        if ( !invoked ) {
            LOG_ERROR << ""Failed to apply logging state for "" << settings_.portName.toStdString();
",""
"Variable:src/ui/src/streamsession.cpp:connectionType","connectionType","src/ui/src/streamsession.cpp",69,70,"    if ( thread_.isRunning() ) {
        if ( worker_ ) {
            const auto connectionType
                = waitForCompletion ? Qt::BlockingQueuedConnection : Qt::QueuedConnection;
            const auto invoked = QMetaObject::invokeMethod( worker_, ""stop"", connectionType );
            if ( !invoked ) {
",""
"Variable:src/ui/src/streamsession.cpp:oldFilePath","oldFilePath","src/ui/src/streamsession.cpp",127,127,"    }

    const auto oldFilePath = settings_.filePath;
    QString switchError;
    bool switched = false;",""
"Variable:src/ui/src/streamsession.cpp:switched","switched","src/ui/src/streamsession.cpp",129,129,"    const auto oldFilePath = settings_.filePath;
    QString switchError;
    bool switched = false;
    const auto invoked = QMetaObject::invokeMethod(
        worker_,",""
"Variable:src/ui/src/streamsession.cpp:newlineIndex","newlineIndex","src/ui/src/streamsession.cpp",215,215,"
    lineBuffer_.append( data );
    qsizetype newlineIndex = lineBuffer_.indexOf( '\n' );
    while ( newlineIndex >= 0 ) {
        QByteArray lineBytes = lineBuffer_.left( newlineIndex );
",""
"Variable:src/ui/src/streamsession.cpp:lineBytes","lineBytes","src/ui/src/streamsession.cpp",217,217,"    qsizetype newlineIndex = lineBuffer_.indexOf( '\n' );
    while ( newlineIndex >= 0 ) {
        QByteArray lineBytes = lineBuffer_.left( newlineIndex );
        lineBuffer_.remove( 0, newlineIndex + 1 );
        if ( lineBytes.endsWith( '\r' ) ) {
",""
"Variable:src/ui/src/streamsession.cpp:lineText","lineText","src/ui/src/streamsession.cpp",305,305,"    }

    const QString lineText = QString::fromLatin1( lineBytes );
    for ( const auto& response : responses ) {
        if ( !response.enabled ) {
",""
"Variable:src/ui/src/streamsession.cpp:match","match","src/ui/src/streamsession.cpp",311,311,"        }

        const auto match = matchResponseDefinition( response, lineBytes, lineText );
        if ( !match.matched ) {
            continue;
",""
"Variable:src/ui/src/streamsession.cpp:responseMatched","responseMatched","src/ui/src/streamsession.cpp",317,318,"
        responseCounters_[ response.id ] = responseCounters_.value( response.id, 0 ) + 1;
        Q_EMIT responseMatched( response.id, response.name, responseCounters_.value( response.id ),
                                lineBytes, lineText );

        QString errorMessage;
",""
"Variable:src/ui/src/startupprogress.cpp:kAdvanceNotifyInterval","kAdvanceNotifyInterval","src/ui/src/startupprogress.cpp",10,10,"
namespace {
constexpr auto kAdvanceNotifyInterval = std::chrono::milliseconds( 40 );

struct StartupProgressData {
",""
"Variable:src/ui/src/startupprogress.cpp:callbackHolder","callbackHolder","src/ui/src/startupprogress.cpp",80,80,"
        if ( callback ) {
            auto callbackHolder = std::make_shared<StartupProgressData::CallbackHolder>();
            callbackHolder->callback = std::move( callback );
            data.callbackHolder = std::move( callbackHolder );
",""
"Variable:src/ui/src/startupprogress.cpp:shouldNotify","shouldNotify","src/ui/src/startupprogress.cpp",151,151,"    StartupProgressState state;
    std::shared_ptr<StartupProgressData::CallbackHolder> callbackHolder;
    bool shouldNotify = false;

    {
",""
"Variable:src/ui/src/startupprogress.cpp:previousStatus","previousStatus","src/ui/src/startupprogress.cpp",156,156,"        std::lock_guard<std::mutex> lock( startupProgressMutex() );
        auto& data = startupProgressData();
        const auto previousStatus = data.state.status;
        const auto previousDetail = data.state.detail;
        const int increment = std::max( 1, step );
",""
"Variable:src/ui/src/startupprogress.cpp:previousDetail","previousDetail","src/ui/src/startupprogress.cpp",157,157,"        auto& data = startupProgressData();
        const auto previousStatus = data.state.status;
        const auto previousDetail = data.state.detail;
        const int increment = std::max( 1, step );
        const int nextValue = data.state.value + increment;
",""
"Variable:src/ui/src/startupprogress.cpp:increment","increment","src/ui/src/startupprogress.cpp",158,158,"        const auto previousStatus = data.state.status;
        const auto previousDetail = data.state.detail;
        const int increment = std::max( 1, step );
        const int nextValue = data.state.value + increment;
        const bool closeToTop = ( nextValue * 100 ) >= ( data.state.maximum * 85 );
",""
"Variable:src/ui/src/startupprogress.cpp:nextValue","nextValue","src/ui/src/startupprogress.cpp",159,159,"        const auto previousDetail = data.state.detail;
        const int increment = std::max( 1, step );
        const int nextValue = data.state.value + increment;
        const bool closeToTop = ( nextValue * 100 ) >= ( data.state.maximum * 85 );
        if ( nextValue >= data.state.maximum || closeToTop ) {
",""
"Variable:src/ui/src/startupprogress.cpp:closeToTop","closeToTop","src/ui/src/startupprogress.cpp",160,160,"        const int increment = std::max( 1, step );
        const int nextValue = data.state.value + increment;
        const bool closeToTop = ( nextValue * 100 ) >= ( data.state.maximum * 85 );
        if ( nextValue >= data.state.maximum || closeToTop ) {
            const int currentRange = std::max( 1, data.state.maximum - data.state.minimum );
",""
"Variable:src/ui/src/startupprogress.cpp:currentRange","currentRange","src/ui/src/startupprogress.cpp",162,162,"        const bool closeToTop = ( nextValue * 100 ) >= ( data.state.maximum * 85 );
        if ( nextValue >= data.state.maximum || closeToTop ) {
            const int currentRange = std::max( 1, data.state.maximum - data.state.minimum );
            const int headroom = std::max( increment * 6, std::max( 20, currentRange / 2 ) );
            data.state.maximum = nextValue + headroom;
",""
"Variable:src/ui/src/startupprogress.cpp:headroom","headroom","src/ui/src/startupprogress.cpp",163,163,"        if ( nextValue >= data.state.maximum || closeToTop ) {
            const int currentRange = std::max( 1, data.state.maximum - data.state.minimum );
            const int headroom = std::max( increment * 6, std::max( 20, currentRange / 2 ) );
            data.state.maximum = nextValue + headroom;
        }
",""
"Variable:src/ui/src/startupprogress.cpp:now","now","src/ui/src/startupprogress.cpp",177,177,"        state = data.state;

        const auto now = std::chrono::steady_clock::now();
        const bool isComplete = data.state.value >= data.state.maximum;
        const bool intervalElapsed
",""
"Variable:src/ui/src/startupprogress.cpp:isComplete","isComplete","src/ui/src/startupprogress.cpp",178,178,"
        const auto now = std::chrono::steady_clock::now();
        const bool isComplete = data.state.value >= data.state.maximum;
        const bool intervalElapsed
            = !data.hasAdvanceNotification
",""
"Variable:src/ui/src/startupprogress.cpp:intervalElapsed","intervalElapsed","src/ui/src/startupprogress.cpp",179,181,"        const auto now = std::chrono::steady_clock::now();
        const bool isComplete = data.state.value >= data.state.maximum;
        const bool intervalElapsed
            = !data.hasAdvanceNotification
              || ( now - data.lastAdvanceNotification ) >= kAdvanceNotifyInterval;
        const bool stageTextChanged
            = ( data.state.status != previousStatus ) || ( data.state.detail != previousDetail );
",""
"Variable:src/ui/src/startupprogress.cpp:stageTextChanged","stageTextChanged","src/ui/src/startupprogress.cpp",182,183,"            = !data.hasAdvanceNotification
              || ( now - data.lastAdvanceNotification ) >= kAdvanceNotifyInterval;
        const bool stageTextChanged
            = ( data.state.status != previousStatus ) || ( data.state.detail != previousDetail );

        shouldNotify = isComplete || intervalElapsed || stageTextChanged;
",""
"Variable:src/ui/src/signalmux.cpp:new_connection","new_connection","src/ui/src/signalmux.cpp",35,39,"        const char *signal, const char *slot )
{
    Connection new_connection = {
            sender,
            nullptr,
            signal,
            slot };

    connectionList_.push_back( new_connection );
",""
"Variable:src/ui/src/signalmux.cpp:connection","connection","src/ui/src/signalmux.cpp",50,54,"{
    // Find any signal that match our description
    auto connection = std::find_if(
            connectionList_.begin(), connectionList_.end(),
            [sender, signal, slot]( const Connection& c ) -> bool
            { return (c.source.data() == sender) && (c.sink == nullptr) &&
                (qstrcmp( c.signal, signal) == 0) && (qstrcmp( c.slot, slot) == 0); } );

    if ( connection != connectionList_.end() )
",""
"Variable:3rdparty/dump_syms/package_syms.py:proc","proc","3rdparty/dump_syms/package_syms.py",18,20,"
def check_output(command):
    proc = subprocess.Popen(command,
                            stdout=subprocess.PIPE,
                            stderr=subprocess.PIPE)
    stdout, stderr = proc.communicate()
    if proc.returncode != 0:
",""
"Variable:3rdparty/dump_syms/package_syms.py:stdout","stdout","3rdparty/dump_syms/package_syms.py",28,28,"def process_file(dump_syms, path):
    try:
        stdout = check_output([dump_syms, path])
    except ProcError as e:
        print('Error: running ""%s %s"": %s' % (dump_syms, path, e.stderr))
",""
"Variable:3rdparty/dump_syms/package_syms.py:header","header","3rdparty/dump_syms/package_syms.py",32,32,"        print('Error: running ""%s %s"": %s' % (dump_syms, path, e.stderr))
        return None, None, None
    header = stdout.splitlines()[0].decode(""utf-8"")
    bits = header.split(' ', 4)
    if len(bits) != 5:
",""
"Variable:3rdparty/dump_syms/package_syms.py:bits","bits","3rdparty/dump_syms/package_syms.py",33,33,"        return None, None, None
    header = stdout.splitlines()[0].decode(""utf-8"")
    bits = header.split(' ', 4)
    if len(bits) != 5:
        return None, None, None
",""
"Variable:3rdparty/dump_syms/package_syms.py:sym_file","sym_file","3rdparty/dump_syms/package_syms.py",40,40,"
    if debug_file.lower().endswith('.pdb'):
        sym_file = debug_file[:-4] + '.sym'
    else:
        sym_file = debug_file + '.sym'
",""
"Variable:3rdparty/dump_syms/package_syms.py:filename","filename","3rdparty/dump_syms/package_syms.py",43,43,"    else:
        sym_file = debug_file + '.sym'
    filename = os.path.join(debug_file, debug_id, sym_file)
    debug_filename = os.path.join(debug_file, debug_id, debug_file)
    return filename, stdout, debug_filename
",""
"Variable:3rdparty/dump_syms/package_syms.py:debug_filename","debug_filename","3rdparty/dump_syms/package_syms.py",44,44,"        sym_file = debug_file + '.sym'
    filename = os.path.join(debug_file, debug_id, sym_file)
    debug_filename = os.path.join(debug_file, debug_id, debug_file)
    return filename, stdout, debug_filename

",""
"Variable:3rdparty/dump_syms/package_syms.py:parser","parser","3rdparty/dump_syms/package_syms.py",48,48,"
def main():
    parser = argparse.ArgumentParser()
    parser.add_argument('dump_syms', help='Path to dump_syms binary')
    parser.add_argument('files', nargs='+',
",""
"Variable:3rdparty/dump_syms/package_syms.py:args","args","3rdparty/dump_syms/package_syms.py",58,58,"                        default=False,
                        help='Don\'t store binaries in zip file')
    args = parser.parse_args()
    count = 0
    with zipfile.ZipFile(args.symbol_zip, 'w', zipfile.ZIP_DEFLATED) as zf:
",""
"Variable:3rdparty/dump_syms/package_syms.py:count","count","3rdparty/dump_syms/package_syms.py",59,59,"                        help='Don\'t store binaries in zip file')
    args = parser.parse_args()
    count = 0
    with zipfile.ZipFile(args.symbol_zip, 'w', zipfile.ZIP_DEFLATED) as zf:
        for f in args.files:
",""
"Variable:website/static/js/ug-theme-tilesgrid.js:t","t","website/static/js/ug-theme-tilesgrid.js",12,12,"function UGTheme_tilesgrid(){

	var t = this;
	var g_gallery = new UniteGalleryMain(), g_objGallery, g_objects, g_objWrapper; 
	var g_objThumbsGrid = new UGThumbsGrid(), g_lightbox = new UGLightbox();
",""
"Variable:website/static/js/ug-theme-tilesgrid.js:g_gallery","g_gallery","website/static/js/ug-theme-tilesgrid.js",13,13,"
	var t = this;
	var g_gallery = new UniteGalleryMain(), g_objGallery, g_objects, g_objWrapper; 
	var g_objThumbsGrid = new UGThumbsGrid(), g_lightbox = new UGLightbox();
	var g_functions = new UGFunctions(), g_objTileDesign = new UGTileDesign();
",""
"Variable:website/static/js/ug-theme-tilesgrid.js:g_objThumbsGrid","g_objThumbsGrid","website/static/js/ug-theme-tilesgrid.js",14,14,"	var t = this;
	var g_gallery = new UniteGalleryMain(), g_objGallery, g_objects, g_objWrapper; 
	var g_objThumbsGrid = new UGThumbsGrid(), g_lightbox = new UGLightbox();
	var g_functions = new UGFunctions(), g_objTileDesign = new UGTileDesign();
	var g_objBullets, g_objNavWrapper, g_objButtonLeft, g_objButtonRight, g_objPreloader;
",""
"Variable:website/static/js/ug-theme-tilesgrid.js:g_functions","g_functions","website/static/js/ug-theme-tilesgrid.js",15,15,"	var g_gallery = new UniteGalleryMain(), g_objGallery, g_objects, g_objWrapper; 
	var g_objThumbsGrid = new UGThumbsGrid(), g_lightbox = new UGLightbox();
	var g_functions = new UGFunctions(), g_objTileDesign = new UGTileDesign();
	var g_objBullets, g_objNavWrapper, g_objButtonLeft, g_objButtonRight, g_objPreloader;
	
",""
"Variable:website/static/js/ug-theme-tilesgrid.js:g_objBullets","g_objBullets","website/static/js/ug-theme-tilesgrid.js",16,16,"	var g_objThumbsGrid = new UGThumbsGrid(), g_lightbox = new UGLightbox();
	var g_functions = new UGFunctions(), g_objTileDesign = new UGTileDesign();
	var g_objBullets, g_objNavWrapper, g_objButtonLeft, g_objButtonRight, g_objPreloader;
	

",""
"Variable:website/static/js/ug-theme-tilesgrid.js:g_options","g_options","website/static/js/ug-theme-tilesgrid.js",19,30,"	

	var g_options = {
			theme_gallery_padding: 0,				//padding from sides of the gallery
			theme_grid_align: ""center"",				//grid align
			theme_navigation_type: ""bullets"",		//bullets, arrows
			theme_arrows_margin_top: 20,			//the space between arrows and grid
			theme_space_between_arrows: 5,			//horizontal space between arrows
			theme_bullets_margin_top: 40,			//the space 
			theme_navigation_align: ""center"",		//center, left, right - horizontal align of the navigation
			theme_navigation_offset_hor: 0,			//horizontal offset of the navigation, according the align
			theme_bullets_color: ""gray"",			//gray, blue, brown, green, red - color of the bullets
			theme_auto_open:null					//auto open lightbox at start
	};
	
	var g_defaults = {
",""
"Variable:website/static/js/ug-theme-tilesgrid.js:g_defaults","g_defaults","website/static/js/ug-theme-tilesgrid.js",32,52,"	};
	
	var g_defaults = {
			gallery_width: ""100%"",
			
			tile_width: 180,
			tile_height: 150,
			
			grid_num_rows: 3,
			grid_padding: 10,
			
			tile_enable_border: true,
			tile_enable_shadow: true,
			
			tile_border_radius: 2,
			
			grid_space_between_cols: 20,
			grid_space_between_rows: 20,
			grid_space_between_mobile: 15,
			
			bullets_space_between: 12,
			grid_vertical_scroll_ondrag: true
	};
	
	
",""
"Variable:website/static/js/ug-theme-tilesgrid.js:g_temp","g_temp","website/static/js/ug-theme-tilesgrid.js",56,58,"	
	//temp variables
	var g_temp = {
			handle: null		//interval handle
	};
	
	
",""
"Variable:website/static/js/ug-theme-tilesgrid.js:galleryWidth","galleryWidth","website/static/js/ug-theme-tilesgrid.js",113,113,"	 */
	function getGalleryWidth(){
		var galleryWidth = g_gallery.getSize().width;
		galleryWidth -= g_options.theme_gallery_padding * 2;
		
",""
"Variable:website/static/js/ug-theme-tilesgrid.js:numPanes","numPanes","website/static/js/ug-theme-tilesgrid.js",132,132,"			var galleryWidth = getGalleryWidth();
			
			var numPanes = g_objThumbsGrid.getNumPanesEstimationByWidth(galleryWidth);
			
			var objOptions = g_gallery.getOptions();
",""
"Variable:website/static/js/ug-theme-tilesgrid.js:objOptions","objOptions","website/static/js/ug-theme-tilesgrid.js",134,134,"			var numPanes = g_objThumbsGrid.getNumPanesEstimationByWidth(galleryWidth);
			
			var objOptions = g_gallery.getOptions();
			g_objBullets.init(g_gallery, objOptions, numPanes);			
			
",""
"Variable:website/static/js/ug-theme-tilesgrid.js:htmlAdd","htmlAdd","website/static/js/ug-theme-tilesgrid.js",148,148,"		
		if(g_options.theme_navigation_type == ""arrows""){
			var htmlAdd = ""<div class='ug-tile-navigation-wrapper' style='position:absolute'>"";
			htmlAdd += ""<div class='ug-button-tile-navigation ug-button-tile-left'></div>"";
			htmlAdd += ""<div class='ug-button-tile-navigation ug-button-tile-right'></div>"";
",""
"Variable:website/static/js/ug-theme-tilesgrid.js:gridHeight","gridHeight","website/static/js/ug-theme-tilesgrid.js",178,178,"		
		//put the placeholder before run. check the width
		var gridHeight = g_objThumbsGrid.getHeightEstimationByWidth(galleryWidth);
		var numPanes = g_objThumbsGrid.getNumPanesEstimationByWidth(galleryWidth);
		
",""
"Variable:website/static/js/ug-theme-tilesgrid.js:totalHeight","totalHeight","website/static/js/ug-theme-tilesgrid.js",205,205,"		//get gallery width, set estimation height and get width again.
		var galleryWidth = getGalleryWidth();
		var totalHeight = getHeightEstimation(galleryWidth);
		g_objWrapper.height(totalHeight);
		var galleryWidth = getGalleryWidth();
",""
"Variable:website/static/js/ug-theme-tilesgrid.js:objGallerySize","objGallerySize","website/static/js/ug-theme-tilesgrid.js",244,244,"	function positionElements(){
		
		var objGallerySize = g_gallery.getSize();
		var g_objGridSize = g_objThumbsGrid.getSize();
		
",""
"Variable:website/static/js/ug-theme-tilesgrid.js:g_objGridSize","g_objGridSize","website/static/js/ug-theme-tilesgrid.js",245,245,"		
		var objGallerySize = g_gallery.getSize();
		var g_objGridSize = g_objThumbsGrid.getSize();
		
		var gridElement = g_objThumbsGrid.getElement();
",""
"Variable:website/static/js/ug-theme-tilesgrid.js:gridElement","gridElement","website/static/js/ug-theme-tilesgrid.js",247,247,"		var g_objGridSize = g_objThumbsGrid.getSize();
		
		var gridElement = g_objThumbsGrid.getElement();
		g_functions.placeElement(gridElement, g_options.theme_grid_align, 0);
		
",""
"Variable:website/static/js/ug-theme-tilesgrid.js:galleryHeight","galleryHeight","website/static/js/ug-theme-tilesgrid.js",252,252,"		g_objGridSize = g_objThumbsGrid.getSize();
		
		var galleryHeight = g_objGridSize.height;
		
		var numPanes = g_objThumbsGrid.getNumPanes();
",""
"Variable:website/static/js/ug-theme-tilesgrid.js:bulletsElement","bulletsElement","website/static/js/ug-theme-tilesgrid.js",263,263,"				g_objBullets.getElement().show();
				
				var bulletsElement = g_objBullets.getElement();
				var bulletsWidth = g_objBullets.getBulletsWidth();
				
",""
"Variable:website/static/js/ug-theme-tilesgrid.js:bulletsWidth","bulletsWidth","website/static/js/ug-theme-tilesgrid.js",264,264,"				
				var bulletsElement = g_objBullets.getElement();
				var bulletsWidth = g_objBullets.getBulletsWidth();
				
				//get bullets offset x (relative to the grid)
",""
"Variable:website/static/js/ug-theme-tilesgrid.js:bulletsX","bulletsX","website/static/js/ug-theme-tilesgrid.js",267,267,"				
				//get bullets offset x (relative to the grid)
				var bulletsX = g_objGridSize.left + g_functions.getElementRelativePos(bulletsWidth, g_options.theme_navigation_align, g_options.theme_navigation_offset_hor, gridElement);
				
				g_functions.placeElement(bulletsElement, bulletsX, galleryHeight + g_options.theme_bullets_margin_top);
",""
"Variable:website/static/js/ug-theme-tilesgrid.js:sizeBullets","sizeBullets","website/static/js/ug-theme-tilesgrid.js",271,271,"				g_functions.placeElement(bulletsElement, bulletsX, galleryHeight + g_options.theme_bullets_margin_top);
				
				var sizeBullets = g_functions.getElementSize(bulletsElement);
				galleryHeight = sizeBullets.bottom;
				
",""
"Variable:website/static/js/ug-theme-tilesgrid.js:navX","navX","website/static/js/ug-theme-tilesgrid.js",281,281,"				g_objNavWrapper.show();
				
				var navX = g_objGridSize.left + g_functions.getElementRelativePos(g_objNavWrapper, g_options.theme_navigation_align, g_options.theme_navigation_offset_hor, gridElement);
								
				g_functions.placeElement(g_objNavWrapper, navX, galleryHeight + g_options.theme_arrows_margin_top);
",""
"Variable:website/static/js/ug-theme-tilesgrid.js:sizeNav","sizeNav","website/static/js/ug-theme-tilesgrid.js",285,285,"				g_functions.placeElement(g_objNavWrapper, navX, galleryHeight + g_options.theme_arrows_margin_top);
				
				var sizeNav = g_functions.getElementSize(g_objNavWrapper);
				
				galleryHeight = sizeNav.bottom;
",""
"Variable:website/static/js/ug-theme-tilesgrid.js:index","index","website/static/js/ug-theme-tilesgrid.js",309,309,"		
		objTile = jQuery(objTile);		
		var index = objTile.index();
		
		g_lightbox.open(index);
",""
"Variable:website/static/js/ug-theme-tilesgrid.js:objItem","objItem","website/static/js/ug-theme-tilesgrid.js",354,354,"		objTile = jQuery(objTile);		
		
		var objItem = g_objTileDesign.getItemByTile(objTile);
		var index = objItem.index;		
			
",""
"Variable:website/static/js/ug-theme-carousel.js:t","t","website/static/js/ug-theme-carousel.js",12,12,"function UGTheme_carousel(){

	var t = this;
	var g_gallery = new UniteGalleryMain(), g_objGallery, g_objects, g_objWrapper;
	var g_lightbox = new UGLightbox(), g_carousel = new UGCarousel();
",""
"Variable:website/static/js/ug-theme-carousel.js:g_gallery","g_gallery","website/static/js/ug-theme-carousel.js",13,13,"
	var t = this;
	var g_gallery = new UniteGalleryMain(), g_objGallery, g_objects, g_objWrapper;
	var g_lightbox = new UGLightbox(), g_carousel = new UGCarousel();
	var g_functions = new UGFunctions(), g_objTileDesign = new UGTileDesign();;
",""
"Variable:website/static/js/ug-theme-carousel.js:g_lightbox","g_lightbox","website/static/js/ug-theme-carousel.js",14,14,"	var t = this;
	var g_gallery = new UniteGalleryMain(), g_objGallery, g_objects, g_objWrapper;
	var g_lightbox = new UGLightbox(), g_carousel = new UGCarousel();
	var g_functions = new UGFunctions(), g_objTileDesign = new UGTileDesign();;
	var g_objNavWrapper, g_objButtonLeft, g_objButtonRight, g_objButtonPlay, g_objPreloader;
",""
"Variable:website/static/js/ug-theme-carousel.js:g_functions","g_functions","website/static/js/ug-theme-carousel.js",15,15,"	var g_gallery = new UniteGalleryMain(), g_objGallery, g_objects, g_objWrapper;
	var g_lightbox = new UGLightbox(), g_carousel = new UGCarousel();
	var g_functions = new UGFunctions(), g_objTileDesign = new UGTileDesign();;
	var g_objNavWrapper, g_objButtonLeft, g_objButtonRight, g_objButtonPlay, g_objPreloader;
	var g_apiDefine = new UG_API();
",""
"Variable:website/static/js/ug-theme-carousel.js:g_objNavWrapper","g_objNavWrapper","website/static/js/ug-theme-carousel.js",16,16,"	var g_lightbox = new UGLightbox(), g_carousel = new UGCarousel();
	var g_functions = new UGFunctions(), g_objTileDesign = new UGTileDesign();;
	var g_objNavWrapper, g_objButtonLeft, g_objButtonRight, g_objButtonPlay, g_objPreloader;
	var g_apiDefine = new UG_API();
	
",""
"Variable:website/static/js/ug-theme-carousel.js:g_apiDefine","g_apiDefine","website/static/js/ug-theme-carousel.js",17,17,"	var g_functions = new UGFunctions(), g_objTileDesign = new UGTileDesign();;
	var g_objNavWrapper, g_objButtonLeft, g_objButtonRight, g_objButtonPlay, g_objPreloader;
	var g_apiDefine = new UG_API();
	
	var g_options = {
",""
"Variable:website/static/js/ug-theme-carousel.js:g_options","g_options","website/static/js/ug-theme-carousel.js",19,32,"	var g_apiDefine = new UG_API();
	
	var g_options = {
			theme_gallery_padding: 0,				//the padding of the gallery wrapper
			
			theme_carousel_align: ""center"",			//the align of the carousel
			theme_carousel_offset: 0,				//the offset of the carousel from the align sides

			theme_enable_navigation: true,
			theme_navigation_position: ""bottom"",	//top,bottom: the vertical position of the navigation reative to the carousel
			theme_navigation_enable_play: true,		//enable / disable the play button of the navigation
			theme_navigation_align: ""center"",		//the align of the navigation
			theme_navigation_offset_hor: 0,			//horizontal offset of the navigation
			theme_navigation_margin: 20,			//the space between the carousel and the navigation
			theme_space_between_arrows: 5			//the space between arrows in the navigation
	};
	
	var g_defaults = {
",""
"Variable:website/static/js/ug-theme-carousel.js:g_defaults","g_defaults","website/static/js/ug-theme-carousel.js",34,41,"	};
	
	var g_defaults = {
			gallery_width: ""100%"",
			tile_width: 160,
			tile_height: 160,
			tile_enable_border: true,
			tile_enable_outline: true,
			carousel_vertical_scroll_ondrag: true
	};
	
	
",""
"Variable:website/static/js/ug-theme-carousel.js:g_temp","g_temp","website/static/js/ug-theme-carousel.js",45,46,"	
	//temp variables
	var g_temp = {
	};
	
	
",""
"Variable:website/static/js/ug-theme-carousel.js:htmlAdd","htmlAdd","website/static/js/ug-theme-carousel.js",95,95,"		
		if(g_options.theme_enable_navigation == true){
			var htmlAdd = ""<div class='ug-tile-navigation-wrapper' style='position:absolute'>"";
			htmlAdd += ""<div class='ug-button-tile-navigation ug-button-tile-left'></div>"";
			
",""
"Variable:website/static/js/ug-theme-carousel.js:galleryWidth","galleryWidth","website/static/js/ug-theme-carousel.js",133,133,"	 */
	function getGalleryWidth(){
		var galleryWidth = g_gallery.getSize().width;
		galleryWidth -= g_options.theme_gallery_padding * 2;
		
",""
"Variable:website/static/js/ug-theme-carousel.js:height","height","website/static/js/ug-theme-carousel.js",143,143,"	 */
	function getEstimatedHeight(){
		var height = g_carousel.getEstimatedHeight();
		
		if(g_objNavWrapper){
",""
"Variable:website/static/js/ug-theme-carousel.js:navHeight","navHeight","website/static/js/ug-theme-carousel.js",146,146,"		
		if(g_objNavWrapper){
			var navHeight = g_objNavWrapper.height();
			height += navHeight + g_options.theme_navigation_margin;
		}
",""
"Variable:website/static/js/ug-theme-carousel.js:galleryHeight","galleryHeight","website/static/js/ug-theme-carousel.js",159,159,"		
		//first set the height, maybe scrollbars will appear
		var galleryHeight = getEstimatedHeight();
		g_objWrapper.height(galleryHeight);
		
",""
"Variable:website/static/js/ug-theme-carousel.js:carouselElement","carouselElement","website/static/js/ug-theme-carousel.js",193,193,"	function positionElements(){
		
		var carouselElement = g_carousel.getElement();
		var sizeCar = g_functions.getElementSize(carouselElement);

",""
"Variable:website/static/js/ug-theme-carousel.js:sizeCar","sizeCar","website/static/js/ug-theme-carousel.js",194,194,"		
		var carouselElement = g_carousel.getElement();
		var sizeCar = g_functions.getElementSize(carouselElement);

		var navHeight = 0;
",""
"Variable:website/static/js/ug-theme-carousel.js:sizeNav","sizeNav","website/static/js/ug-theme-carousel.js",199,199,"		
		if(g_objNavWrapper){
			var sizeNav = g_functions.getElementSize(g_objNavWrapper);
			navHeight = sizeNav.height;
		}
",""
"Variable:website/static/js/ug-theme-carousel.js:carouselTop","carouselTop","website/static/js/ug-theme-carousel.js",209,209,"		
		//vars for bottom nav position
		var carouselTop = 0;
		
		if(g_objNavWrapper){
",""
"Variable:website/static/js/ug-theme-carousel.js:navTop","navTop","website/static/js/ug-theme-carousel.js",213,213,"		if(g_objNavWrapper){
			
			var navTop = sizeCar.height + g_options.theme_navigation_margin;
			
			//change vars for top nav position
",""
"Variable:website/static/js/ug-theme-carousel.js:navX","navX","website/static/js/ug-theme-carousel.js",229,229,"		//position buttons
		if(g_objNavWrapper){
			var navX = sizeCar.left + g_functions.getElementRelativePos(g_objNavWrapper, g_options.theme_navigation_align, g_options.theme_navigation_offset_hor, carouselElement);
			g_functions.placeElement(g_objNavWrapper, navX, navTop);
			
",""
"Variable:website/static/js/ug-theme-carousel.js:objItem","objItem","website/static/js/ug-theme-carousel.js",249,249,"		objTile = jQuery(objTile);		
		
		var objItem = g_objTileDesign.getItemByTile(objTile);
		var index = objItem.index;		
		
",""
"Variable:website/static/js/ug-theme-carousel.js:index","index","website/static/js/ug-theme-carousel.js",250,250,"		
		var objItem = g_objTileDesign.getItemByTile(objTile);
		var index = objItem.index;		
		
		g_lightbox.open(index);
",""
"Variable:src/ui/src/sessioninfo.cpp:OPENFILES_VERSION","OPENFILES_VERSION","src/ui/src/sessioninfo.cpp",27,27,"#include ""log.h""

constexpr int OPENFILES_VERSION = 2;
constexpr int SESSION_VERSION = 2;
constexpr int MAX_WINDOWS_IN_SESSION = 64;
",""
"Variable:src/ui/src/sessioninfo.cpp:SESSION_VERSION","SESSION_VERSION","src/ui/src/sessioninfo.cpp",28,28,"
constexpr int OPENFILES_VERSION = 2;
constexpr int SESSION_VERSION = 2;
constexpr int MAX_WINDOWS_IN_SESSION = 64;
constexpr int MAX_FILES_PER_WINDOW = 4096;
",""
"Variable:src/ui/src/sessioninfo.cpp:MAX_WINDOWS_IN_SESSION","MAX_WINDOWS_IN_SESSION","src/ui/src/sessioninfo.cpp",29,29,"constexpr int OPENFILES_VERSION = 2;
constexpr int SESSION_VERSION = 2;
constexpr int MAX_WINDOWS_IN_SESSION = 64;
constexpr int MAX_FILES_PER_WINDOW = 4096;

",""
"Variable:src/ui/src/sessioninfo.cpp:MAX_FILES_PER_WINDOW","MAX_FILES_PER_WINDOW","src/ui/src/sessioninfo.cpp",30,30,"constexpr int SESSION_VERSION = 2;
constexpr int MAX_WINDOWS_IN_SESSION = 64;
constexpr int MAX_FILES_PER_WINDOW = 4096;

void SessionInfo::retrieveFromStorage( QSettings& settings )
",""
"Variable:src/ui/src/sessioninfo.cpp:sessionVersion","sessionVersion","src/ui/src/sessioninfo.cpp",38,38,"    settings.beginGroup( ""Window"" );

    const auto sessionVersion = settings.value( ""version"", 0 ).toInt();
    if ( sessionVersion == 1 || sessionVersion == SESSION_VERSION ) {
        windows_.clear();
",""
"Variable:src/ui/src/sessioninfo.cpp:windowsCount","windowsCount","src/ui/src/sessioninfo.cpp",47,47,"            globalScriptContext_.clear();
        }
        const auto windowsCount = settings.beginReadArray( ""windows"" );
        if ( windowsCount > MAX_WINDOWS_IN_SESSION ) {
            LOG_WARNING << ""Session contains too many windows ("" << windowsCount
",""
"Variable:src/ui/src/sessioninfo.cpp:safeWindowsCount","safeWindowsCount","src/ui/src/sessioninfo.cpp",53,53,"        }

        const auto safeWindowsCount = std::min( windowsCount, MAX_WINDOWS_IN_SESSION );
        for ( auto windowIndex = 0; windowIndex < safeWindowsCount; ++windowIndex ) {
            settings.setArrayIndex( static_cast<int>( windowIndex ) );
",""
"Variable:src/ui/src/sessioninfo.cpp:windowIndex","windowIndex","src/ui/src/sessioninfo.cpp",54,54,"
        const auto safeWindowsCount = std::min( windowsCount, MAX_WINDOWS_IN_SESSION );
        for ( auto windowIndex = 0; windowIndex < safeWindowsCount; ++windowIndex ) {
            settings.setArrayIndex( static_cast<int>( windowIndex ) );
            QString windowId = settings.value( ""id"" ).toString();
",""
"Variable:src/ui/src/sessioninfo.cpp:windowId","windowId","src/ui/src/sessioninfo.cpp",56,56,"        for ( auto windowIndex = 0; windowIndex < safeWindowsCount; ++windowIndex ) {
            settings.setArrayIndex( static_cast<int>( windowIndex ) );
            QString windowId = settings.value( ""id"" ).toString();
            if ( windowId.trimmed().isEmpty() ) {
                LOG_WARNING << ""Skipping window session with empty id at index "" << windowIndex;
",""
"Variable:src/ui/src/sessioninfo.cpp:window","window","src/ui/src/sessioninfo.cpp",62,62,"            }

            auto window = Window{ windowId };
            window.geometry = settings.value( ""geometry"" ).toByteArray();

",""
"Variable:src/ui/src/sessioninfo.cpp:openFilesVersion","openFilesVersion","src/ui/src/sessioninfo.cpp",67,67,"            if ( settings.contains( ""OpenFiles/version"" ) ) {
                settings.beginGroup( ""OpenFiles"" );
                const auto openFilesVersion = settings.value( ""version"" ).toInt();
                if ( openFilesVersion == 1 || openFilesVersion == OPENFILES_VERSION ) {
                    int size = settings.beginReadArray( ""openFiles"" );
",""
"Variable:src/ui/src/sessioninfo.cpp:size","size","src/ui/src/sessioninfo.cpp",69,69,"                const auto openFilesVersion = settings.value( ""version"" ).toInt();
                if ( openFilesVersion == 1 || openFilesVersion == OPENFILES_VERSION ) {
                    int size = settings.beginReadArray( ""openFiles"" );
                    if ( size > MAX_FILES_PER_WINDOW ) {
                        LOG_WARNING << ""Window session "" << windowId << "" has too many files (""
",""
"Variable:src/ui/src/sessioninfo.cpp:safeSize","safeSize","src/ui/src/sessioninfo.cpp",75,75,"                    }
                    LOG_DEBUG << ""SessionInfo: "" << size << "" files."";
                    const auto safeSize = std::min( size, MAX_FILES_PER_WINDOW );
                    for ( int i = 0; i < safeSize; ++i ) {
                        settings.setArrayIndex( i );
",""
"Variable:src/ui/src/sessioninfo.cpp:i","i","src/ui/src/sessioninfo.cpp",76,76,"                    LOG_DEBUG << ""SessionInfo: "" << size << "" files."";
                    const auto safeSize = std::min( size, MAX_FILES_PER_WINDOW );
                    for ( int i = 0; i < safeSize; ++i ) {
                        settings.setArrayIndex( i );
                        QString file_name = settings.value( ""fileName"" ).toString();
",""
"Variable:src/ui/src/sessioninfo.cpp:file_name","file_name","src/ui/src/sessioninfo.cpp",78,78,"                    for ( int i = 0; i < safeSize; ++i ) {
                        settings.setArrayIndex( i );
                        QString file_name = settings.value( ""fileName"" ).toString();
                        if ( file_name.trimmed().isEmpty() ) {
                            LOG_WARNING << ""Skipping empty file entry in window "" << windowId;
",""
"Variable:src/ui/src/sessioninfo.cpp:top_line","top_line","src/ui/src/sessioninfo.cpp",83,83,"                            continue;
                        }
                        uint64_t top_line = settings.value( ""topLine"" ).toULongLong();
                        QString view_context = settings.value( ""viewContext"" ).toString();
                        QString stream_context = settings.value( ""streamContext"" ).toString();
",""
"Variable:src/ui/src/sessioninfo.cpp:view_context","view_context","src/ui/src/sessioninfo.cpp",84,84,"                        }
                        uint64_t top_line = settings.value( ""topLine"" ).toULongLong();
                        QString view_context = settings.value( ""viewContext"" ).toString();
                        QString stream_context = settings.value( ""streamContext"" ).toString();
                        QString script_context;
",""
"Variable:src/ui/src/sessioninfo.cpp:stream_context","stream_context","src/ui/src/sessioninfo.cpp",85,85,"                        uint64_t top_line = settings.value( ""topLine"" ).toULongLong();
                        QString view_context = settings.value( ""viewContext"" ).toString();
                        QString stream_context = settings.value( ""streamContext"" ).toString();
                        QString script_context;
                        if ( openFilesVersion >= 2 ) {
",""
"Variable:src/ui/src/session.cpp:configuredPath","configuredPath","src/ui/src/session.cpp",45,45,"{
    QString baseDir;
    const QFileInfo configuredPath{ settings.filePath };
    if ( configuredPath.exists() && configuredPath.isDir() ) {
        baseDir = configuredPath.absoluteFilePath();
",""
"Variable:src/ui/src/session.cpp:defaultPath","defaultPath","src/ui/src/session.cpp",54,54,"
    if ( baseDir.isEmpty() ) {
        const QFileInfo defaultPath{ Configuration::get().defaultComLogPath() };
        if ( defaultPath.exists() && defaultPath.isDir() ) {
            baseDir = defaultPath.absoluteFilePath();
",""
"Variable:src/ui/src/session.cpp:portName","portName","src/ui/src/session.cpp",73,74,"    }

    const auto portName
        = settings.portName.isEmpty() ? QStringLiteral( ""port"" ) : settings.portName.toLower();
    const auto baudRate = QString::number( settings.baudRate );
    const auto timestamp
",""
"Variable:src/ui/src/session.cpp:baudRate","baudRate","src/ui/src/session.cpp",75,75,"    const auto portName
        = settings.portName.isEmpty() ? QStringLiteral( ""port"" ) : settings.portName.toLower();
    const auto baudRate = QString::number( settings.baudRate );
    const auto timestamp
        = QDateTime::currentDateTime().toString( QStringLiteral( ""yyyy-MM-dd_HH-mm-ss"" ) );
",""
"Variable:src/ui/src/session.cpp:timestamp","timestamp","src/ui/src/session.cpp",76,77,"        = settings.portName.isEmpty() ? QStringLiteral( ""port"" ) : settings.portName.toLower();
    const auto baudRate = QString::number( settings.baudRate );
    const auto timestamp
        = QDateTime::currentDateTime().toString( QStringLiteral( ""yyyy-MM-dd_HH-mm-ss"" ) );
    const auto fileName = QString( ""%1_%2_%3.log"" ).arg( portName, baudRate, timestamp );
    return dir.filePath( fileName );
",""
"Variable:src/ui/src/session.cpp:fileName","fileName","src/ui/src/session.cpp",78,78,"    const auto timestamp
        = QDateTime::currentDateTime().toString( QStringLiteral( ""yyyy-MM-dd_HH-mm-ss"" ) );
    const auto fileName = QString( ""%1_%2_%3.log"" ).arg( portName, baudRate, timestamp );
    return dir.filePath( fileName );
}
",""
"Variable:src/ui/src/session.cpp:result","result","src/ui/src/session.cpp",101,104,"ViewInterface* Session::getViewIfOpen( const QString& file_name ) const
{
    auto result = std::find_if( openFiles_.begin(), openFiles_.end(),
                                [ & ]( const std::pair<const ViewInterface*, OpenFile>& o ) {
                                    return ( o.second.fileName == file_name );
                                } );

    if ( result != openFiles_.end() )
",""
"Variable:src/ui/src/session.cpp:log_data","log_data","src/ui/src/session.cpp",149,149,"{
    // Create the data objects
    auto log_data = std::make_shared<LogData>();
    auto log_filtered_data = std::shared_ptr<LogFilteredData>( log_data->getNewFilteredData() );

",""
"Variable:src/ui/src/session.cpp:log_filtered_data","log_filtered_data","src/ui/src/session.cpp",150,150,"    // Create the data objects
    auto log_data = std::make_shared<LogData>();
    auto log_filtered_data = std::shared_ptr<LogFilteredData>( log_data->getNewFilteredData() );

    ViewInterface* view = view_factory();
",""
"Variable:src/ui/src/session.cpp:i","i","src/ui/src/session.cpp",199,199,"
    std::vector<WindowSession> windows;
    for ( auto i = 0; i < sessionWindows.size(); ++i ) {
        windows.emplace_back( shared_from_this(), sessionWindows.at( i ), i );
    }
",""
"Variable:src/ui/src/session.cpp:session_files","session_files","src/ui/src/session.cpp",252,252,"    const auto& session = SessionInfo::getSynced();

    std::vector<SessionInfo::OpenFile> session_files = session.openFiles( windowId_ );
    LOG_DEBUG << ""Session returned "" << session_files.size();
    OpenedFilesList result;
",""
"Variable:src/ui/src/session.cpp:streamContext","streamContext","src/ui/src/session.cpp",258,258,"    for ( const auto& file : session_files ) {
        QString fileName = file.fileName;
        QString streamContext = file.streamContext;
        bool hasStreamContext = !streamContext.trimmed().isEmpty();

",""
"Variable:src/ui/src/session.cpp:hasStreamContext","hasStreamContext","src/ui/src/session.cpp",259,259,"        QString fileName = file.fileName;
        QString streamContext = file.streamContext;
        bool hasStreamContext = !streamContext.trimmed().isEmpty();

        StartupProgress::advance( QObject::tr( ""Restoring session entry"" ),
",""
"Variable:src/ui/src/session.cpp:streamSettings","streamSettings","src/ui/src/session.cpp",270,270,"
        if ( hasStreamContext ) {
            auto streamSettings = deserializeSerialCaptureSettings( streamContext );
            if ( !streamSettings ) {
                LOG_WARNING << ""Skipping invalid stream session context for "" << fileName;
",""
"Variable:src/ui/src/session.cpp:fileInfo","fileInfo","src/ui/src/session.cpp",289,289,"
        if ( !hasStreamContext ) {
            const QFileInfo fileInfo{ fileName };
            if ( !fileInfo.exists() || !fileInfo.isFile() ) {
                LOG_WARNING << ""Skipping missing session file "" << fileName;
",""
"Variable:src/ui/src/session.cpp:sessionInfo","sessionInfo","src/ui/src/session.cpp",326,326,"{
    LOG_INFO << ""created session for "" << id;
    auto sessionInfo = SessionInfo::getSynced();
    sessionInfo.add( id );
    sessionInfo.save();
",""
"Variable:src/ui/src/session.cpp:isRemoved","isRemoved","src/ui/src/session.cpp",346,346,"
    auto& session = SessionInfo::getSynced();
    auto isRemoved = session.remove( windowId_ );
    session.save();

",""
"Variable:src/ui/src/serialcaptureworker.cpp:slice","slice","src/ui/src/serialcaptureworker.cpp",14,14,"QString previewHex( const QByteArray& data, int maxBytes = 128 )
{
    const auto slice = data.left( maxBytes );
    auto hex = QString::fromLatin1( slice.toHex( ' ' ) );
    if ( data.size() > maxBytes ) {
",""
"Variable:src/ui/src/serialcaptureworker.cpp:hex","hex","src/ui/src/serialcaptureworker.cpp",15,15,"{
    const auto slice = data.left( maxBytes );
    auto hex = QString::fromLatin1( slice.toHex( ' ' ) );
    if ( data.size() > maxBytes ) {
        hex.append( QStringLiteral( "" ... (%1 bytes total)"" ).arg( data.size() ) );
",""
"Variable:src/ui/src/serialcaptureworker.cpp:ts","ts","src/ui/src/serialcaptureworker.cpp",24,24,"QByteArray timestampPrefix( const SerialCaptureSettings& settings, QStringView direction )
{
    const auto ts = QDateTime::currentDateTime().toString( settings.timestampFormat );
    QString prefix = ts;
    prefix.append( ' ' );
",""
"Variable:src/ui/src/serialcaptureworker.cpp:prefix","prefix","src/ui/src/serialcaptureworker.cpp",25,25,"{
    const auto ts = QDateTime::currentDateTime().toString( settings.timestampFormat );
    QString prefix = ts;
    prefix.append( ' ' );
    prefix.append( direction );
",""
"Variable:src/ui/src/serialcaptureworker.cpp:parseError","parseError","src/ui/src/serialcaptureworker.cpp",58,58,"    }

    QJsonParseError parseError{};
    const auto document = QJsonDocument::fromJson( serialized.toUtf8(), &parseError );
    if ( parseError.error != QJsonParseError::NoError || !document.isObject() ) {
",""
"Variable:src/ui/src/serialcaptureworker.cpp:document","document","src/ui/src/serialcaptureworker.cpp",59,59,"
    QJsonParseError parseError{};
    const auto document = QJsonDocument::fromJson( serialized.toUtf8(), &parseError );
    if ( parseError.error != QJsonParseError::NoError || !document.isObject() ) {
        return std::nullopt;
",""
"Variable:src/ui/src/serialcaptureworker.cpp:object","object","src/ui/src/serialcaptureworker.cpp",64,64,"    }

    const auto object = document.object();
    SerialCaptureSettings settings;
    const auto& config = Configuration::get();
",""
"Variable:src/ui/src/serialcaptureworker.cpp:errorOccurred","errorOccurred","src/ui/src/serialcaptureworker.cpp",156,156,"    if ( settings_.portName.isEmpty() ) {
        stopping_ = true;
        Q_EMIT errorOccurred( tr( ""No COM port selected."" ) );
        Q_EMIT finished();
        return;
",""
"Variable:src/ui/src/serialcaptureworker.cpp:written","written","src/ui/src/serialcaptureworker.cpp",226,226,"             << data.size() << "", hex: "" << previewHex( data ).toStdString();

    const auto written = port_->write( data );
    if ( written < 0 ) {
        Q_EMIT errorOccurred(
",""
"Variable:src/ui/src/serialcaptureworker.cpp:dataTransmitted","dataTransmitted","src/ui/src/serialcaptureworker.cpp",242,242,"    }
    else {
        Q_EMIT dataTransmitted( data.left( qMax<qint64>( 0, written ) ) );
    }

",""
"Variable:src/ui/src/serialcaptureworker.cpp:logged","logged","src/ui/src/serialcaptureworker.cpp",259,259,"            toWrite.append( '\n' );
        }
        const auto logged = file_.write( toWrite );
        if ( logged != toWrite.size() ) {
            Q_EMIT errorOccurred( tr( ""Failed to log TX to file."" ) );
",""
"Variable:src/ui/src/serialcaptureworker.cpp:data","data","src/ui/src/serialcaptureworker.cpp",298,298,"    }

    const auto data = port_->readAll();
    if ( data.isEmpty() ) {
        return;
",""
"Variable:src/ui/src/serialcaptureworker.cpp:hasNewline","hasNewline","src/ui/src/serialcaptureworker.cpp",323,323,"    }

    const bool hasNewline = data.contains( '\n' );
    if ( loggingEnabled_ ) {
        const auto written = file_.write( toWrite );
",""
"Variable:src/ui/src/selection.cpp:portion","portion","src/ui/src/selection.cpp",122,122,"    }

    const auto portion = getPortionForLine( line );
    if ( !portion.isValid() ) {
        return false;
",""
"Variable:src/ui/src/selection.cpp:selectionData","selectionData","src/ui/src/selection.cpp",162,162,"QString Selection::getSelectedText( const AbstractLogData* logData, bool lineNumbers ) const
{
    const auto selectionData = getSelectionWithLineNumbers( logData );

    QString text;
",""
"Variable:src/ui/src/selection.cpp:selectionSizeEstimate","selectionSizeEstimate","src/ui/src/selection.cpp",166,168,"    QString text;

    const auto selectionSizeEstimate = std::accumulate(
        selectionData.begin(), selectionData.end(), klogg::isize( selectionData ),
        []( const auto& acc, const auto& next ) { return acc + next.second.size(); } );

    text.reserve( selectionSizeEstimate );
",""
"Variable:src/ui/src/selection.cpp:list","list","src/ui/src/selection.cpp",208,208,"    }
    else if ( selectedRange_.startLine.has_value() ) {
        const auto list = logData->getLines( *selectedRange_.startLine, selectedRange_.size() );
        LineNumber ln = *selectedRange_.startLine;

",""
"Variable:src/ui/src/selection.cpp:ln","ln","src/ui/src/selection.cpp",209,209,"    else if ( selectedRange_.startLine.has_value() ) {
        const auto list = logData->getLines( *selectedRange_.startLine, selectedRange_.size() );
        LineNumber ln = *selectedRange_.startLine;

        for ( const auto& line : list ) {
",""
"Variable:src/ui/src/selection.cpp:column","column","src/ui/src/selection.cpp",223,223,"{
    LineNumber line;
    LineColumn column = 0_lcol;

    if ( selectedLine_.has_value() ) {
",""
"Variable:src/ui/src/selection.cpp:line","line","src/ui/src/selection.cpp",241,241,"FilePosition Selection::getPreviousPosition() const
{
    LineNumber line = 0_lnum;
    LineColumn column = 0_lcol;

",""
"Variable:src/ui/src/scriptsupervisor.cpp:OutputTailLimit","OutputTailLimit","src/ui/src/scriptsupervisor.cpp",21,21,"namespace {

constexpr int OutputTailLimit = 200;
constexpr auto ReceiveEventType = ""receive"";
constexpr auto ResponseEventType = ""response"";
",""
"Variable:src/ui/src/scriptsupervisor.cpp:ReceiveEventType","ReceiveEventType","src/ui/src/scriptsupervisor.cpp",22,22,"
constexpr int OutputTailLimit = 200;
constexpr auto ReceiveEventType = ""receive"";
constexpr auto ResponseEventType = ""response"";
constexpr auto TxEventType = ""tx"";
",""
"Variable:src/ui/src/scriptsupervisor.cpp:ResponseEventType","ResponseEventType","src/ui/src/scriptsupervisor.cpp",23,23,"constexpr int OutputTailLimit = 200;
constexpr auto ReceiveEventType = ""receive"";
constexpr auto ResponseEventType = ""response"";
constexpr auto TxEventType = ""tx"";
constexpr auto ActionSendEventType = ""action_send"";
",""
"Variable:src/ui/src/scriptsupervisor.cpp:TxEventType","TxEventType","src/ui/src/scriptsupervisor.cpp",24,24,"constexpr auto ReceiveEventType = ""receive"";
constexpr auto ResponseEventType = ""response"";
constexpr auto TxEventType = ""tx"";
constexpr auto ActionSendEventType = ""action_send"";
constexpr auto TabOpenEventType = ""tab_open"";
",""
"Variable:src/ui/src/scriptsupervisor.cpp:ActionSendEventType","ActionSendEventType","src/ui/src/scriptsupervisor.cpp",25,25,"constexpr auto ResponseEventType = ""response"";
constexpr auto TxEventType = ""tx"";
constexpr auto ActionSendEventType = ""action_send"";
constexpr auto TabOpenEventType = ""tab_open"";
constexpr auto TabCloseEventType = ""tab_close"";
",""
"Variable:src/ui/src/scriptsupervisor.cpp:TabOpenEventType","TabOpenEventType","src/ui/src/scriptsupervisor.cpp",26,26,"constexpr auto TxEventType = ""tx"";
constexpr auto ActionSendEventType = ""action_send"";
constexpr auto TabOpenEventType = ""tab_open"";
constexpr auto TabCloseEventType = ""tab_close"";
constexpr auto CommStartEventType = ""comm_start"";
",""
"Variable:src/ui/src/scriptsupervisor.cpp:TabCloseEventType","TabCloseEventType","src/ui/src/scriptsupervisor.cpp",27,27,"constexpr auto ActionSendEventType = ""action_send"";
constexpr auto TabOpenEventType = ""tab_open"";
constexpr auto TabCloseEventType = ""tab_close"";
constexpr auto CommStartEventType = ""comm_start"";
constexpr auto CommStopEventType = ""comm_stop"";
",""
"Variable:src/ui/src/scriptsupervisor.cpp:CommStartEventType","CommStartEventType","src/ui/src/scriptsupervisor.cpp",28,28,"constexpr auto TabOpenEventType = ""tab_open"";
constexpr auto TabCloseEventType = ""tab_close"";
constexpr auto CommStartEventType = ""comm_start"";
constexpr auto CommStopEventType = ""comm_stop"";

",""
"Variable:src/ui/src/scriptsupervisor.cpp:CommStopEventType","CommStopEventType","src/ui/src/scriptsupervisor.cpp",29,29,"constexpr auto TabCloseEventType = ""tab_close"";
constexpr auto CommStartEventType = ""comm_start"";
constexpr auto CommStopEventType = ""comm_stop"";

QString randomToken()
",""
"Variable:src/ui/src/scriptsupervisor.cpp:trimmed","trimmed","src/ui/src/scriptsupervisor.cpp",60,60,"QString trimTrailingNewline( const QString& line )
{
    QString trimmed = line;
    while ( trimmed.endsWith( '\n' ) || trimmed.endsWith( '\r' ) ) {
        trimmed.chop( 1 );
",""
"Variable:src/ui/src/scriptsupervisor.cpp:scriptInfo","scriptInfo","src/ui/src/scriptsupervisor.cpp",153,153,"CommanderResult ScriptSupervisor::runScript( const CommanderRequest& request )
{
    const QFileInfo scriptInfo( request.scriptFilePath );
    if ( !scriptInfo.exists() || !scriptInfo.isFile() ) {
        return commanderFailure( CommanderResultCode::NotFound,
",""
"Variable:src/ui/src/scriptsupervisor.cpp:argsInfo","argsInfo","src/ui/src/scriptsupervisor.cpp",160,160,"
    if ( !request.argsJsonFilePath.isEmpty() ) {
        const QFileInfo argsInfo( request.argsJsonFilePath );
        if ( !argsInfo.exists() || !argsInfo.isFile() ) {
            return commanderFailure( CommanderResultCode::NotFound,
",""
"Variable:src/ui/src/scriptsupervisor.cpp:target","target","src/ui/src/scriptsupervisor.cpp",169,169,"
    QString errorMessage;
    const auto target = resolveTargetInfo( request, false, &errorMessage );
    if ( target.isEmpty() ) {
        return commanderFailure( CommanderResultCode::NotFound,
",""
"Variable:src/ui/src/scriptsupervisor.cpp:run","run","src/ui/src/scriptsupervisor.cpp",179,179,"    removeRun( target.value( QStringLiteral( ""tabId"" ) ).toString() );

    auto run = std::make_unique<ScriptRun>();
    run->ownerTabId = target.value( QStringLiteral( ""tabId"" ) ).toString();
    run->ownerWindowIndex = target.value( QStringLiteral( ""windowIndex"" ) ).toInt();
",""
"Variable:src/ui/src/scriptsupervisor.cpp:tabId","tabId","src/ui/src/scriptsupervisor.cpp",192,192,"                                : QFileInfo( request.argsJsonFilePath ).absoluteFilePath();

    const auto tabId = run->ownerTabId;
    runs_.push_back( std::move( run ) );
    auto* createdRun = findRun( tabId );
",""
"Variable:src/ui/src/scriptsupervisor.cpp:stoppedAny","stoppedAny","src/ui/src/scriptsupervisor.cpp",238,238,"{
    if ( request.allEntities ) {
        bool stoppedAny = false;
        for ( const auto& run : runs_ ) {
            if ( run && isActiveState( run->state ) ) {
",""
"Variable:src/ui/src/scriptsupervisor.cpp:eventType","eventType","src/ui/src/scriptsupervisor.cpp",384,384,"void ScriptSupervisor::publishEvent( const QVariantMap& event )
{
    const auto eventType = event.value( QStringLiteral( ""eventType"" ) ).toString();
    if ( eventType.isEmpty() ) {
        return;
",""
"Variable:src/ui/src/scriptsupervisor.cpp:shouldSend","shouldSend","src/ui/src/scriptsupervisor.cpp",394,398,"        }

        const auto shouldSend = std::any_of(
            run->subscriptions.cbegin(), run->subscriptions.cend(),
            [ this, &event ]( const ScriptSubscription& subscription ) {
                return eventMatchesSubscription( event, subscription );
            } );
        if ( !shouldSend ) {
            continue;
",""
"Variable:src/ui/src/scriptsupervisor.cpp:candidates","candidates","src/ui/src/scriptsupervisor.cpp",564,564,"QString ScriptSupervisor::resolvePythonExecutable() const
{
    const auto candidates = pythonExecutableCandidates( runtimeRoot() );
    for ( const auto& candidate : candidates ) {
        if ( candidate.isEmpty() ) {
",""
"Variable:src/ui/src/scriptsupervisor.cpp:resolved","resolved","src/ui/src/scriptsupervisor.cpp",572,572,"            return candidate;
        }
        const auto resolved = QStandardPaths::findExecutable( candidate );
        if ( !resolved.isEmpty() ) {
            return resolved;
",""
"Variable:src/ui/src/scriptsupervisor.cpp:root","root","src/ui/src/scriptsupervisor.cpp",582,583,"QString ScriptSupervisor::runtimeRoot() const
{
    const auto root = QDir( QCoreApplication::applicationDirPath() )
                          .filePath( QStringLiteral( ""python_runtime"" ) );
    return QFileInfo::exists( root ) ? root : QString{};
}
",""
"Variable:src/ui/src/scriptsupervisor.cpp:runtime","runtime","src/ui/src/scriptsupervisor.cpp",589,589,"QString ScriptSupervisor::workerBootstrapPath() const
{
    const auto runtime = runtimeRoot();
    if ( runtime.isEmpty() ) {
        return {};
",""
"Variable:src/ui/src/scriptsupervisor.cpp:it","it","src/ui/src/scriptsupervisor.cpp",598,601,"ScriptSupervisor::ScriptRun* ScriptSupervisor::findRun( const QString& tabId ) const
{
    const auto it = std::find_if( runs_.begin(), runs_.end(),
                                  [ &tabId ]( const auto& run ) {
                                      return run && run->ownerTabId == tabId;
                                  } );
    return it != runs_.end() ? it->get() : nullptr;
}
",""
"Variable:src/ui/src/scriptsupervisor.cpp:newlineIndex","newlineIndex","src/ui/src/scriptsupervisor.cpp",712,712,"    pending->append( chunk );

    qsizetype newlineIndex = -1;
    while ( ( newlineIndex = pending->indexOf( '\n' ) ) >= 0 ) {
        const auto line = pending->left( newlineIndex + 1 );
",""
"Variable:src/ui/src/scriptsupervisor.cpp:line","line","src/ui/src/scriptsupervisor.cpp",714,714,"    qsizetype newlineIndex = -1;
    while ( ( newlineIndex = pending->indexOf( '\n' ) ) >= 0 ) {
        const auto line = pending->left( newlineIndex + 1 );
        pending->remove( 0, newlineIndex + 1 );
        appendOutputLine( run, trimTrailingNewline( stderrStream ? QStringLiteral( ""stderr: %1"" ).arg( line )
",""
"Variable:src/ui/src/scriptsupervisor.cpp:infoResult","infoResult","src/ui/src/scriptsupervisor.cpp",885,885,"    CommanderRequest request;
    request.action = CommanderAction::GetInfo;
    const auto infoResult = commanderExecutor_( request );
    if ( !infoResult.ok() ) {
        if ( errorMessage != nullptr ) {
",""
"Variable:src/ui/src/scriptsupervisor.cpp:windows","windows","src/ui/src/scriptsupervisor.cpp",893,893,"    }

    const auto windows = infoResult.payload.value( QStringLiteral( ""windows"" ) ).toList();
    const auto requestedTabId = selector.value( QStringLiteral( ""tabId"" ) ).toString().trimmed();
    const auto requestedWindowIndex = selector.value( QStringLiteral( ""windowIndex"" ) );
",""
"Variable:src/ui/src/scriptsupervisor.cpp:requestedTabId","requestedTabId","src/ui/src/scriptsupervisor.cpp",894,894,"
    const auto windows = infoResult.payload.value( QStringLiteral( ""windows"" ) ).toList();
    const auto requestedTabId = selector.value( QStringLiteral( ""tabId"" ) ).toString().trimmed();
    const auto requestedWindowIndex = selector.value( QStringLiteral( ""windowIndex"" ) );
    const auto requestedTabIndex = selector.value( QStringLiteral( ""tabIndex"" ) );
",""
"Variable:src/ui/src/scriptsupervisor.cpp:requestedWindowIndex","requestedWindowIndex","src/ui/src/scriptsupervisor.cpp",895,895,"    const auto windows = infoResult.payload.value( QStringLiteral( ""windows"" ) ).toList();
    const auto requestedTabId = selector.value( QStringLiteral( ""tabId"" ) ).toString().trimmed();
    const auto requestedWindowIndex = selector.value( QStringLiteral( ""windowIndex"" ) );
    const auto requestedTabIndex = selector.value( QStringLiteral( ""tabIndex"" ) );

",""
"Variable:src/ui/src/scriptsupervisor.cpp:requestedTabIndex","requestedTabIndex","src/ui/src/scriptsupervisor.cpp",896,896,"    const auto requestedTabId = selector.value( QStringLiteral( ""tabId"" ) ).toString().trimmed();
    const auto requestedWindowIndex = selector.value( QStringLiteral( ""windowIndex"" ) );
    const auto requestedTabIndex = selector.value( QStringLiteral( ""tabIndex"" ) );

    auto matchTab = [ & ]( const QVariantMap& window, const QVariantMap& tab ) -> bool {
",""
"Variable:src/ui/src/scriptsupervisor.cpp:matchTab","matchTab","src/ui/src/scriptsupervisor.cpp",898,910,"    const auto requestedTabIndex = selector.value( QStringLiteral( ""tabIndex"" ) );

    auto matchTab = [ & ]( const QVariantMap& window, const QVariantMap& tab ) -> bool {
        if ( !requestedTabId.isEmpty() ) {
            return tab.value( QStringLiteral( ""tabId"" ) ).toString() == requestedTabId;
        }
        if ( requestedWindowIndex.isValid() || requestedTabIndex.isValid() ) {
            return requestedWindowIndex.isValid() && requestedTabIndex.isValid()
                   && window.value( QStringLiteral( ""windowIndex"" ) ).toInt() == requestedWindowIndex.toInt()
                   && tab.value( QStringLiteral( ""tabIndex"" ) ).toInt() == requestedTabIndex.toInt();
        }
        return window.value( QStringLiteral( ""isActiveWindow"" ) ).toBool()
               && window.value( QStringLiteral( ""currentTabId"" ) ).toString()
                      == tab.value( QStringLiteral( ""tabId"" ) ).toString();
    };

    for ( const auto& windowValue : windows ) {
",""
"Variable:src/ui/src/scriptsupervisor.cpp:window","window","src/ui/src/scriptsupervisor.cpp",913,913,"
    for ( const auto& windowValue : windows ) {
        const auto window = windowValue.toMap();
        const auto tabs = window.value( QStringLiteral( ""tabs"" ) ).toList();
        for ( const auto& tabValue : tabs ) {
",""
"Variable:src/ui/src/scriptsupervisor.cpp:tabs","tabs","src/ui/src/scriptsupervisor.cpp",914,914,"    for ( const auto& windowValue : windows ) {
        const auto window = windowValue.toMap();
        const auto tabs = window.value( QStringLiteral( ""tabs"" ) ).toList();
        for ( const auto& tabValue : tabs ) {
            const auto tab = tabValue.toMap();
",""
"Variable:src/ui/src/scriptsupervisor.cpp:tab","tab","src/ui/src/scriptsupervisor.cpp",916,916,"        const auto tabs = window.value( QStringLiteral( ""tabs"" ) ).toList();
        for ( const auto& tabValue : tabs ) {
            const auto tab = tabValue.toMap();
            if ( !matchTab( window, tab ) ) {
                continue;
",""
"Variable:src/ui/src/scriptsupervisor.cpp:pythonExecutable","pythonExecutable","src/ui/src/scriptsupervisor.cpp",1025,1025,"    }

    const auto pythonExecutable = resolvePythonExecutable();
    if ( pythonExecutable.isEmpty() ) {
        resetSocketState( run );
",""
"Variable:src/ui/src/scriptsupervisor.cpp:bootstrapPath","bootstrapPath","src/ui/src/scriptsupervisor.cpp",1034,1034,"    }

    const auto bootstrapPath = workerBootstrapPath();
    if ( !QFileInfo::exists( bootstrapPath ) ) {
        resetSocketState( run );
",""
"Variable:src/ui/src/scriptsupervisor.cpp:environment","environment","src/ui/src/scriptsupervisor.cpp",1082,1082,"             [ this, tabId = run->ownerTabId ]() { readProcessStderr( tabId ); } );

    QProcessEnvironment environment = QProcessEnvironment::systemEnvironment();
    const auto runtime = runtimeRoot();
    environment.insert( QStringLiteral( ""CILOGG_SCRIPT_PORT"" ),
",""
"Variable:src/ui/src/scriptsupervisor.cpp:pythonPath","pythonPath","src/ui/src/scriptsupervisor.cpp",1095,1095,"    }

    QString pythonPath = QFileInfo( bootstrapPath ).absolutePath();
    const auto existingPythonPath = environment.value( QStringLiteral( ""PYTHONPATH"" ) );
    if ( !existingPythonPath.isEmpty() ) {
",""
"Variable:src/ui/src/scriptsupervisor.cpp:existingPythonPath","existingPythonPath","src/ui/src/scriptsupervisor.cpp",1096,1096,"
    QString pythonPath = QFileInfo( bootstrapPath ).absolutePath();
    const auto existingPythonPath = environment.value( QStringLiteral( ""PYTHONPATH"" ) );
    if ( !existingPythonPath.isEmpty() ) {
        pythonPath += QDir::listSeparator() + existingPythonPath;
",""
"Variable:src/ui/src/scriptsupervisor.cpp:document","document","src/ui/src/scriptsupervisor.cpp",1241,1241,"
        QJsonParseError parseError;
        const auto document = QJsonDocument::fromJson( line, &parseError );
        if ( parseError.error != QJsonParseError::NoError || !document.isObject() ) {
            appendOutputLine( run, tr( ""[script-rpc] invalid message: %1"" ).arg( QString::fromUtf8( line ) ) );
",""
"Variable:src/ui/src/scriptsupervisor.cpp:requestId","requestId","src/ui/src/scriptsupervisor.cpp",1253,1253,"void ScriptSupervisor::handleRpcMessage( ScriptRun* run, const QVariantMap& message )
{
    const auto requestId = message.value( QStringLiteral( ""id"" ) ).toInt();
    const auto token = message.value( QStringLiteral( ""token"" ) ).toString();
    const auto isNotification = message.value( QStringLiteral( ""notification"" ) ).toBool();
",""
"Variable:src/ui/src/scriptsupervisor.cpp:token","token","src/ui/src/scriptsupervisor.cpp",1254,1254,"{
    const auto requestId = message.value( QStringLiteral( ""id"" ) ).toInt();
    const auto token = message.value( QStringLiteral( ""token"" ) ).toString();
    const auto isNotification = message.value( QStringLiteral( ""notification"" ) ).toBool();
    if ( token != run->authToken ) {
",""
"Variable:src/ui/src/scriptsupervisor.cpp:isNotification","isNotification","src/ui/src/scriptsupervisor.cpp",1255,1255,"    const auto requestId = message.value( QStringLiteral( ""id"" ) ).toInt();
    const auto token = message.value( QStringLiteral( ""token"" ) ).toString();
    const auto isNotification = message.value( QStringLiteral( ""notification"" ) ).toBool();
    if ( token != run->authToken ) {
        if ( !isNotification ) {
",""
"Variable:src/ui/src/scriptsupervisor.cpp:method","method","src/ui/src/scriptsupervisor.cpp",1263,1263,"    }

    const auto method = message.value( QStringLiteral( ""method"" ) ).toString();
    if ( method == QStringLiteral( ""is_stop_requested"" ) ) {
        QVariantMap response;
",""
"Variable:src/ui/src/scriptsupervisor.cpp:params","params","src/ui/src/scriptsupervisor.cpp",1274,1274,"    }

    const auto params = message.value( QStringLiteral( ""params"" ) ).toMap();

    if ( method == QStringLiteral( ""subscribe_event"" ) ) {
",""
"Variable:src/ui/src/scriptsupervisor.cpp:lifecycleEvent","lifecycleEvent","src/ui/src/scriptsupervisor.cpp",1292,1293,"        }

        const bool lifecycleEvent = eventType == QLatin1String( TabOpenEventType )
                                    || eventType == QLatin1String( TabCloseEventType );
        QString errorMessage;
        QVariantMap target;
",""
"Variable:src/ui/src/scriptsupervisor.cpp:hasTabSelector","hasTabSelector","src/ui/src/scriptsupervisor.cpp",1296,1298,"        QString errorMessage;
        QVariantMap target;
        const bool hasTabSelector = params.contains( QStringLiteral( ""tabId"" ) )
                                    || params.contains( QStringLiteral( ""windowIndex"" ) )
                                    || params.contains( QStringLiteral( ""tabIndex"" ) );
        if ( hasTabSelector ) {
            target = lifecycleEvent ? lifecycleTargetInfo( params, &errorMessage )
",""
"Variable:src/ui/src/scriptsupervisor.cpp:payload","payload","src/ui/src/scriptsupervisor.cpp",1364,1364,"
        if ( !isNotification ) {
            QVariantMap payload = target;
            payload.insert( QStringLiteral( ""eventType"" ), eventType );
            if ( !subscription.portName.isEmpty() ) {
",""
"Variable:src/ui/src/scriptsupervisor.cpp:request","request","src/ui/src/scriptsupervisor.cpp",1441,1441,"
    QString errorMessage;
    const auto request = commanderRequestFromVariantMap( params, &errorMessage );
    if ( !request ) {
        sendRpcMessage( run, rpcErrorEnvelope( requestId, errorMessage ) );
",""
"Variable:src/ui/src/scriptsupervisor.cpp:result","result","src/ui/src/scriptsupervisor.cpp",1447,1447,"    }

    const auto result = commanderExecutor_( *request );
    sendRpcMessage( run, rpcResultEnvelope( requestId, result ) );
}
",""
"Variable:src/ui/src/scriptsupervisor.cpp:bytes","bytes","src/ui/src/scriptsupervisor.cpp",1457,1457,"    }

    const auto bytes = QJsonDocument::fromVariant( response ).toJson( QJsonDocument::Compact );
    run->socket->write( bytes );
    run->socket->write( ""\n"" );
",""
"Variable:src/ui/src/scriptrunnerwindow.cpp:fileName","fileName","src/ui/src/scriptrunnerwindow.cpp",130,132,"void ScriptRunnerWindow::browseScriptFile()
{
    const auto fileName = QFileDialog::getOpenFileName( this, tr( ""Select Python script"" ),
                                                        scriptPathEdit_->text(),
                                                        tr( ""Python files (*.py);;All files (*)"" ) );
    if ( !fileName.isEmpty() ) {
        scriptPathEdit_->setText( fileName );
",""
"Variable:src/ui/src/scriptrunnerwindow.cpp:info","info","src/ui/src/scriptrunnerwindow.cpp",232,232,"void ScriptRunnerWindow::openScriptFolder()
{
    const QFileInfo info( scriptPathEdit_->text().trimmed() );
    if ( !info.exists() ) {
        return;
",""
"Variable:src/ui/src/scriptrunnerwindow.cpp:payload","payload","src/ui/src/scriptrunnerwindow.cpp",244,244,"    QVariantMap globalRun;
    if ( supervisor_ != nullptr ) {
        const auto payload = supervisor_->scriptStatus( allScriptsRequest( CommanderAction::GetScriptStatus ) ).payload;
        runs = payload.value( QStringLiteral( ""runs"" ) ).toList();
        globalRun = supervisor_->globalScriptStatusPayload();
",""
"Variable:src/ui/src/scriptrunnerwindow.cpp:previousSelection","previousSelection","src/ui/src/scriptrunnerwindow.cpp",249,249,"    }

    const auto previousSelection = selectedTabId_;
    runsList_->blockSignals( true );
    runsList_->clear();
",""
"Variable:src/ui/src/scriptrunnerwindow.cpp:selectedRow","selectedRow","src/ui/src/scriptrunnerwindow.cpp",252,252,"    runsList_->blockSignals( true );
    runsList_->clear();
    int selectedRow = -1;
    int visibleIndex = 0;
    for ( int index = 0; index < runs.size(); ++index ) {
",""
"Variable:src/ui/src/scriptrunnerwindow.cpp:visibleIndex","visibleIndex","src/ui/src/scriptrunnerwindow.cpp",253,253,"    runsList_->clear();
    int selectedRow = -1;
    int visibleIndex = 0;
    for ( int index = 0; index < runs.size(); ++index ) {
        const auto run = runs.at( index ).toMap();
",""
"Variable:src/ui/src/scriptrunnerwindow.cpp:index","index","src/ui/src/scriptrunnerwindow.cpp",254,254,"    int selectedRow = -1;
    int visibleIndex = 0;
    for ( int index = 0; index < runs.size(); ++index ) {
        const auto run = runs.at( index ).toMap();
        if ( run.value( QStringLiteral( ""scope"" ) ).toString() == QStringLiteral( ""global"" ) ) {
",""
"Variable:src/ui/src/scriptrunnerwindow.cpp:run","run","src/ui/src/scriptrunnerwindow.cpp",255,255,"    int visibleIndex = 0;
    for ( int index = 0; index < runs.size(); ++index ) {
        const auto run = runs.at( index ).toMap();
        if ( run.value( QStringLiteral( ""scope"" ) ).toString() == QStringLiteral( ""global"" ) ) {
            continue;
",""
"Variable:src/ui/src/scriptrunnerwindow.cpp:label","label","src/ui/src/scriptrunnerwindow.cpp",259,263,"            continue;
        }
        const auto label
            = tr( ""%1 | %2 | %3"" )
                  .arg( run.value( QStringLiteral( ""displayName"" ) ).toString(),
                        run.value( QStringLiteral( ""portName"" ) ).toString(),
                        run.value( QStringLiteral( ""state"" ) ).toString() );
        auto* item = new QListWidgetItem( label, runsList_ );
        item->setData( Qt::UserRole, run );
",""
"Variable:src/ui/src/scriptrunnerwindow.cpp:subscription","subscription","src/ui/src/scriptrunnerwindow.cpp",310,310,"    QStringList globalSubscriptions;
    for ( const auto& entry : globalRun.value( QStringLiteral( ""subscriptions"" ) ).toList() ) {
        const auto subscription = entry.toMap();
        auto line = subscription.value( QStringLiteral( ""eventType"" ) ).toString();
        if ( !subscription.value( QStringLiteral( ""portName"" ) ).toString().isEmpty() ) {
",""
"Variable:src/ui/src/scriptrunnerwindow.cpp:line","line","src/ui/src/scriptrunnerwindow.cpp",311,311,"    for ( const auto& entry : globalRun.value( QStringLiteral( ""subscriptions"" ) ).toList() ) {
        const auto subscription = entry.toMap();
        auto line = subscription.value( QStringLiteral( ""eventType"" ) ).toString();
        if ( !subscription.value( QStringLiteral( ""portName"" ) ).toString().isEmpty() ) {
            line += tr( "" port:%1"" ).arg( subscription.value( QStringLiteral( ""portName"" ) ).toString() );
",""
"Variable:src/ui/src/scriptrunnerwindow.cpp:globalState","globalState","src/ui/src/scriptrunnerwindow.cpp",325,325,"    }
    globalOutputEdit_->setPlainText( globalLines.join( '\n' ) );
    const auto globalState = globalRun.value( QStringLiteral( ""state"" ) ).toString();
    rerunGlobalButton_->setEnabled( !globalRun.value( QStringLiteral( ""scriptFile"" ) ).toString().isEmpty()
                                    || !scriptPathEdit_->text().trimmed().isEmpty() );
",""
"Variable:src/ui/src/scriptrunnerwindow.cpp:state","state","src/ui/src/scriptrunnerwindow.cpp",392,392,"    outputEdit_->setPlainText( lines.join( '\n' ) );

    const auto state = run.value( QStringLiteral( ""state"" ) ).toString();
    rerunButton_->setEnabled( !scriptPathEdit_->text().trimmed().isEmpty() );
    stopButton_->setEnabled( state == QStringLiteral( ""starting"" )
",""
"Variable:src/ui/src/scratchpad.cpp:StatusTimeout","StatusTimeout","src/ui/src/scratchpad.cpp",77,77,"}

constexpr int StatusTimeout = 2000;

constexpr qint64 FileTimeTicks = 10000000;
",""
"Variable:src/ui/src/scratchpad.cpp:FileTimeTicks","FileTimeTicks","src/ui/src/scratchpad.cpp",79,79,"constexpr int StatusTimeout = 2000;

constexpr qint64 FileTimeTicks = 10000000;
constexpr qint64 SecondsToEpoch = 11644473600LL;

",""
"Variable:src/ui/src/scratchpad.cpp:SecondsToEpoch","SecondsToEpoch","src/ui/src/scratchpad.cpp",80,80,"
constexpr qint64 FileTimeTicks = 10000000;
constexpr qint64 SecondsToEpoch = 11644473600LL;

qint64 windowsTickToUnixSeconds( qint64 windowsTicks )
",""
"Variable:src/ui/src/scratchpad.cpp:textEdit","textEdit","src/ui/src/scratchpad.cpp",94,94,"    setObjectName( QStringLiteral( ""scratchPadWindow"" ) );
    this->hide();
    auto textEdit = std::make_unique<QPlainTextEdit>();
    textEdit->setObjectName( QStringLiteral( ""scratchPadTextEdit"" ) );
    textEdit->setSizePolicy( QSizePolicy::Expanding, QSizePolicy::Expanding );
",""
"Variable:src/ui/src/scratchpad.cpp:toolBar","toolBar","src/ui/src/scratchpad.cpp",100,100,"    textEdit->setUndoRedoEnabled( true );

    auto toolBar = std::make_unique<QToolBar>();

    auto decodeBase64Action = std::make_unique<QAction>( ""From base64"" );
",""
"Variable:src/ui/src/scratchpad.cpp:decodeBase64Action","decodeBase64Action","src/ui/src/scratchpad.cpp",102,102,"    auto toolBar = std::make_unique<QToolBar>();

    auto decodeBase64Action = std::make_unique<QAction>( ""From base64"" );
    connect( decodeBase64Action.get(), &QAction::triggered, [ this ]( auto ) { decodeBase64(); } );
    toolBar->addAction( decodeBase64Action.release() );
",""
"Variable:src/ui/src/scratchpad.cpp:encodeBase64Action","encodeBase64Action","src/ui/src/scratchpad.cpp",106,106,"    toolBar->addAction( decodeBase64Action.release() );

    auto encodeBase64Action = std::make_unique<QAction>( ""To base64"" );
    connect( encodeBase64Action.get(), &QAction::triggered, [ this ]( auto ) { encodeBase64(); } );
    toolBar->addAction( encodeBase64Action.release() );
",""
"Variable:src/ui/src/scratchpad.cpp:decodeHexAction","decodeHexAction","src/ui/src/scratchpad.cpp",110,110,"    toolBar->addAction( encodeBase64Action.release() );

    auto decodeHexAction = std::make_unique<QAction>( ""From hex"" );
    connect( decodeHexAction.get(), &QAction::triggered, [ this ]( auto ) { decodeHex(); } );
    toolBar->addAction( decodeHexAction.release() );
",""
"Variable:src/ui/src/scratchpad.cpp:encodeHexAction","encodeHexAction","src/ui/src/scratchpad.cpp",114,114,"    toolBar->addAction( decodeHexAction.release() );

    auto encodeHexAction = std::make_unique<QAction>( ""To hex"" );
    connect( encodeHexAction.get(), &QAction::triggered, [ this ]( auto ) { encodeHex(); } );
    toolBar->addAction( encodeHexAction.release() );
",""
"Variable:src/ui/src/scratchpad.cpp:decodeUrlAction","decodeUrlAction","src/ui/src/scratchpad.cpp",118,118,"    toolBar->addAction( encodeHexAction.release() );

    auto decodeUrlAction = std::make_unique<QAction>( ""Decode url"" );
    connect( decodeUrlAction.get(), &QAction::triggered, [ this ]( auto ) { decodeUrl(); } );
    toolBar->addAction( decodeUrlAction.release() );
",""
"Variable:src/ui/src/scratchpad.cpp:formatJsonAction","formatJsonAction","src/ui/src/scratchpad.cpp",124,124,"    toolBar->addSeparator();

    auto formatJsonAction = std::make_unique<QAction>( ""Format json"" );
    connect( formatJsonAction.get(), &QAction::triggered, [ this ]( auto ) { formatJson(); } );
    toolBar->addAction( formatJsonAction.release() );
",""
"Variable:src/ui/src/scratchpad.cpp:formatXmlAction","formatXmlAction","src/ui/src/scratchpad.cpp",128,128,"    toolBar->addAction( formatJsonAction.release() );

    auto formatXmlAction = std::make_unique<QAction>( ""Format xml"" );
    connect( formatXmlAction.get(), &QAction::triggered, [ this ]( auto ) { formatXml(); } );
    toolBar->addAction( formatXmlAction.release() );
",""
"Variable:src/ui/src/scratchpad.cpp:statusBar","statusBar","src/ui/src/scratchpad.cpp",134,134,"    toolBar->setSizePolicy( QSizePolicy::Expanding, QSizePolicy::Minimum );

    auto statusBar = std::make_unique<QStatusBar>();

    auto transLayout = std::make_unique<QFormLayout>();
",""
"Variable:src/ui/src/scratchpad.cpp:transLayout","transLayout","src/ui/src/scratchpad.cpp",136,136,"    auto statusBar = std::make_unique<QStatusBar>();

    auto transLayout = std::make_unique<QFormLayout>();

    auto addBoxToLayout
",""
"Variable:src/ui/src/scratchpad.cpp:addBoxToLayout","addBoxToLayout","src/ui/src/scratchpad.cpp",138,146,"    auto transLayout = std::make_unique<QFormLayout>();

    auto addBoxToLayout
        = [ &transLayout, this ]( const QString& label, QLineEdit** widget, auto changeFunction ) {
              auto box = std::make_unique<QLineEdit>();
              box->setReadOnly( true );
              *widget = box.get();
              transLayout->addRow( label, box.release() );

              connect( this, &ScratchPad::updateTransformation, this, changeFunction );
          };

    addBoxToLayout( ""CRC32 hex"", &crc32HexBox_, &ScratchPad::crc32Hex );
",""
"Variable:src/ui/src/scratchpad.cpp:box","box","src/ui/src/scratchpad.cpp",140,140,"    auto addBoxToLayout
        = [ &transLayout, this ]( const QString& label, QLineEdit** widget, auto changeFunction ) {
              auto box = std::make_unique<QLineEdit>();
              box->setReadOnly( true );
              *widget = box.get();
",""
"Variable:src/ui/src/scratchpad.cpp:hLayout","hLayout","src/ui/src/scratchpad.cpp",159,159,"    } );

    auto hLayout = std::make_unique<QHBoxLayout>();
    hLayout->addWidget( textEdit.get(), 3 );
    hLayout->addLayout( transLayout.release(), 2 );
",""
"Variable:src/ui/src/scratchpad.cpp:vLayout","vLayout","src/ui/src/scratchpad.cpp",163,163,"    hLayout->addLayout( transLayout.release(), 2 );

    auto vLayout = std::make_unique<QVBoxLayout>();
    vLayout->addWidget( toolBar.release() );
    vLayout->addLayout( hLayout.release() );
",""
"Variable:src/ui/src/scratchpad.cpp:cursor","cursor","src/ui/src/scratchpad.cpp",203,203,"QString ScratchPad::transformText( const std::function<QString( QString )>& transform )
{
    auto cursor = textEdit_->textCursor();
    auto text = cursor.selectedText();
    if ( text.isEmpty() ) {
",""
"Variable:src/ui/src/scratchpad.cpp:text","text","src/ui/src/scratchpad.cpp",204,204,"{
    auto cursor = textEdit_->textCursor();
    auto text = cursor.selectedText();
    if ( text.isEmpty() ) {
        cursor.select( QTextCursor::Document );
",""
"Variable:src/ui/src/scratchpad.cpp:transformedText","transformedText","src/ui/src/scratchpad.cpp",222,222,"    }

    auto transformedText = transform( text );

    if ( !transformedText.isEmpty() ) {
",""
"Variable:src/ui/src/scratchpad.cpp:decoded","decoded","src/ui/src/scratchpad.cpp",246,246,"{
    transformTextInPlace( []( QString text ) {
        auto decoded = QByteArray::fromBase64( text.toUtf8() );
        return QString::fromStdString( { decoded.begin(), decoded.end() } );
    } );
",""
"Variable:src/ui/src/scratchpad.cpp:encoded","encoded","src/ui/src/scratchpad.cpp",254,254,"{
    transformTextInPlace( []( QString text ) {
        auto encoded = text.toUtf8().toBase64();
        return QString::fromLatin1( encoded );
    } );
",""
"Variable:src/ui/src/scratchpad.cpp:isOk","isOk","src/ui/src/scratchpad.cpp",294,294,"{
    fileTimeBox_->setText( transformText( []( QString text ) {
        bool isOk = false;
        const auto time = text.toUtf8().toLongLong( &isOk );
        if ( isOk ) {
",""
"Variable:src/ui/src/scratchpad.cpp:time","time","src/ui/src/scratchpad.cpp",295,295,"    fileTimeBox_->setText( transformText( []( QString text ) {
        bool isOk = false;
        const auto time = text.toUtf8().toLongLong( &isOk );
        if ( isOk ) {
            QDateTime dateTime;
",""
"Variable:src/ui/src/scratchpad.cpp:value","value","src/ui/src/scratchpad.cpp",316,316,"    decToHexBox_->setText( transformText( []( QString text ) {
        bool isOk = false;
        const auto value = text.toUtf8().toLongLong( &isOk );
        if ( isOk ) {
            return formatHex( value );
",""
"Variable:src/ui/src/scratchpad.cpp:start","start","src/ui/src/scratchpad.cpp",343,343,"{
    transformTextInPlace( []( QString text ) {
        const auto start = std::min( text.indexOf( '{' ), text.indexOf( '[' ) );

        QJsonParseError parseError;
",""
"Variable:src/ui/src/scratchpad.cpp:json","json","src/ui/src/scratchpad.cpp",346,346,"
        QJsonParseError parseError;
        auto json = QJsonDocument::fromJson( text.mid( start ).toUtf8(), &parseError );
        if ( json.isNull() ) {
            json = QJsonDocument::fromJson( text.mid( start, parseError.offset ).toUtf8(),
",""
"Variable:src/ui/src/scratchpad.cpp:ids","ids","src/ui/src/scratchpad.cpp",379,379,"    addRow( tr( ""TimeZone"" ), tzComboBox_ );
    connect( tzComboBox_, &QComboBox::currentTextChanged, [ this ] { displayTime(); } );
    auto ids = QTimeZone::availableTimeZoneIds();
    std::for_each( ids.begin(), ids.end(), [ & ]( const auto& item ) {
        if ( item.contains( ""UTC"" ) ) {
",""
"Variable:src/ui/src/scratchpad.cpp:unixTime","unixTime","src/ui/src/scratchpad.cpp",390,390,"{
    bool isOk = false;
    const auto unixTime = text.toUtf8().toLongLong( &isOk );
    if ( !isOk ) {
        timestamp_.reset();
",""
"Variable:src/ui/src/scratchpad.cpp:tz","tz","src/ui/src/scratchpad.cpp",407,407,"
    // Convert to a date string for the selected time zone
    auto tz = QTimeZone( tzComboBox_->currentData( Qt::DisplayRole ).toByteArray() );
    auto dateTime = QDateTime::fromSecsSinceEpoch( timestamp_.value() ).toTimeZone( tz );
    timeLine_->setText( dateTime.toString( Qt::ISODate ) );
",""
"Variable:src/ui/src/scratchpad.cpp:dateTime","dateTime","src/ui/src/scratchpad.cpp",408,408,"    // Convert to a date string for the selected time zone
    auto tz = QTimeZone( tzComboBox_->currentData( Qt::DisplayRole ).toByteArray() );
    auto dateTime = QDateTime::fromSecsSinceEpoch( timestamp_.value() ).toTimeZone( tz );
    timeLine_->setText( dateTime.toString( Qt::ISODate ) );
    timeLine_->setCursorPosition( 0 );
",""
"Variable:src/ui/src/scenariorunnerwindow.cpp:ScenarioRunnerSettingsGroup","ScenarioRunnerSettingsGroup","src/ui/src/scenariorunnerwindow.cpp",28,28,"}

constexpr auto ScenarioRunnerSettingsGroup = ""scenarioRunner"";
constexpr auto LastSuiteKey = ""lastSuiteFile"";
constexpr auto RecentScenariosKey = ""recentScenarioFiles"";
",""
"Variable:src/ui/src/scenariorunnerwindow.cpp:LastSuiteKey","LastSuiteKey","src/ui/src/scenariorunnerwindow.cpp",29,29,"
constexpr auto ScenarioRunnerSettingsGroup = ""scenarioRunner"";
constexpr auto LastSuiteKey = ""lastSuiteFile"";
constexpr auto RecentScenariosKey = ""recentScenarioFiles"";

",""
"Variable:src/ui/src/scenariorunnerwindow.cpp:RecentScenariosKey","RecentScenariosKey","src/ui/src/scenariorunnerwindow.cpp",30,30,"constexpr auto ScenarioRunnerSettingsGroup = ""scenarioRunner"";
constexpr auto LastSuiteKey = ""lastSuiteFile"";
constexpr auto RecentScenariosKey = ""recentScenarioFiles"";

} // namespace
",""
"Variable:src/ui/src/scenariorunnerwindow.cpp:fileName","fileName","src/ui/src/scenariorunnerwindow.cpp",173,175,"void ScenarioRunnerWindow::browseScenarioFile()
{
    const auto fileName = QFileDialog::getOpenFileName( this, tr( ""Select scenario file"" ),
                                                        scenarioFileEdit_->text(),
                                                        tr( ""Python files (*.py);;All files (*)"" ) );
    if ( !fileName.isEmpty() ) {
        scenarioFileEdit_->setText( fileName );
",""
"Variable:src/ui/src/scenariorunnerwindow.cpp:suitePath","suitePath","src/ui/src/scenariorunnerwindow.cpp",238,238,"    }

    const auto suitePath = suiteFileEdit_->text().trimmed();
    if ( !suitePath.isEmpty() ) {
        saveSuiteFile( suitePath );
",""
"Variable:src/ui/src/scenariorunnerwindow.cpp:path","path","src/ui/src/scenariorunnerwindow.cpp",267,267,"    }

    const auto path = runner_->statusPayload().value( QStringLiteral( ""reportJsonFile"" ) ).toString();
    if ( QFileInfo::exists( path ) ) {
        QDesktopServices::openUrl( QUrl::fromLocalFile( path ) );
",""
"Variable:src/ui/src/scenariorunnerwindow.cpp:currentRow","currentRow","src/ui/src/scenariorunnerwindow.cpp",315,315,"void ScenarioRunnerWindow::moveSuiteScenarioUp()
{
    const auto currentRow = suiteScenariosList_->currentRow();
    if ( currentRow <= 0 ) {
        return;
",""
"Variable:src/ui/src/scenariorunnerwindow.cpp:entry","entry","src/ui/src/scenariorunnerwindow.cpp",351,351,"    }

    auto entry = item->data( Qt::UserRole ).toMap();
    entry.insert( QStringLiteral( ""argsJsonFile"" ), fileName );
    item->setData( Qt::UserRole, entry );
",""
"Variable:src/ui/src/scenariorunnerwindow.cpp:scenarioFile","scenarioFile","src/ui/src/scenariorunnerwindow.cpp",405,405,"
    const auto entry = item->data( Qt::UserRole ).toMap();
    const auto scenarioFile = entry.value( QStringLiteral( ""scenarioFile"" ) ).toString();
    const auto argsJsonFile = entry.value( QStringLiteral( ""argsJsonFile"" ) ).toString();
    selectedScenarioLabel_->setText(
",""
"Variable:src/ui/src/scenariorunnerwindow.cpp:argsJsonFile","argsJsonFile","src/ui/src/scenariorunnerwindow.cpp",406,406,"    const auto entry = item->data( Qt::UserRole ).toMap();
    const auto scenarioFile = entry.value( QStringLiteral( ""scenarioFile"" ) ).toString();
    const auto argsJsonFile = entry.value( QStringLiteral( ""argsJsonFile"" ) ).toString();
    selectedScenarioLabel_->setText(
        tr( ""Selected scenario: %1 | Args: %2"" )
",""
"Variable:src/ui/src/scenariorunnerwindow.cpp:payload","payload","src/ui/src/scenariorunnerwindow.cpp",427,427,"void ScenarioRunnerWindow::refreshFromRunner()
{
    const auto payload = runner_ == nullptr ? QVariantMap{} : runner_->statusPayload();
    if ( payload.isEmpty() ) {
        statusLabel_->setText( tr( ""Status: -"" ) );
",""
"Variable:src/ui/src/scenariorunnerwindow.cpp:state","state","src/ui/src/scenariorunnerwindow.cpp",478,478,"    outputEdit_->setPlainText( lines.join( '\n' ) );

    const auto state = payload.value( QStringLiteral( ""state"" ) ).toString();
    stopButton_->setEnabled( state == QStringLiteral( ""starting"" )
                             || state == QStringLiteral( ""running"" )
",""
"Variable:src/ui/src/scenariorunnerwindow.cpp:recent","recent","src/ui/src/scenariorunnerwindow.cpp",512,512,"    QSettings settings;
    settings.beginGroup( QLatin1StringView( ScenarioRunnerSettingsGroup ) );
    auto recent = settings.value( QLatin1StringView( RecentScenariosKey ) ).toStringList();
    recent.removeAll( path );
    recent.prepend( path );
",""
"Variable:src/ui/src/scenariorunnerwindow.cpp:text","text","src/ui/src/scenariorunnerwindow.cpp",546,546,"    const auto argsJsonFile = entry.value( QStringLiteral( ""argsJsonFile"" ) ).toString();

    QString text = QFileInfo( scenarioFile ).fileName();
    if ( text.isEmpty() ) {
        text = scenarioFile;
",""
"Variable:src/ui/src/scenariorunnerwindow.cpp:document","document","src/ui/src/scenariorunnerwindow.cpp",568,568,"    }

    const auto document = QJsonDocument::fromJson( file.readAll() );
    if ( !document.isObject() ) {
        return;
",""
"Variable:src/ui/src/scenariorunnerwindow.cpp:root","root","src/ui/src/scenariorunnerwindow.cpp",576,576,"    suiteScenariosList_->clear();

    const auto root = document.object();
    const auto scenarios = root.value( QStringLiteral( ""scenarios"" ) ).toArray();
    for ( const auto& scenarioValue : scenarios ) {
",""
"Variable:src/ui/src/scenariorunnerwindow.cpp:scenarios","scenarios","src/ui/src/scenariorunnerwindow.cpp",577,577,"
    const auto root = document.object();
    const auto scenarios = root.value( QStringLiteral( ""scenarios"" ) ).toArray();
    for ( const auto& scenarioValue : scenarios ) {
        const auto scenarioObject = scenarioValue.toObject();
",""
"Variable:src/ui/src/scenariorunnerwindow.cpp:scenarioObject","scenarioObject","src/ui/src/scenariorunnerwindow.cpp",579,579,"    const auto scenarios = root.value( QStringLiteral( ""scenarios"" ) ).toArray();
    for ( const auto& scenarioValue : scenarios ) {
        const auto scenarioObject = scenarioValue.toObject();
        auto entry = scenarioObject.toVariantMap();
        if ( !entry.contains( QStringLiteral( ""enabled"" ) ) ) {
",""
"Variable:src/ui/src/scenariorunnerwindow.cpp:index","index","src/ui/src/scenariorunnerwindow.cpp",608,608,"
    QJsonArray scenarios;
    for ( int index = 0; index < suiteScenariosList_->count(); ++index ) {
        const auto* item = suiteScenariosList_->item( index );
        const auto entry = suiteEntryFromItem( item );
",""
"Variable:src/ui/src/scenariorunner.cpp:OutputTailLimit","OutputTailLimit","src/ui/src/scenariorunner.cpp",15,15,"namespace {

constexpr int OutputTailLimit = 200;

QString randomToken()
",""
"Variable:src/ui/src/scenariorunner.cpp:trimmed","trimmed","src/ui/src/scenariorunner.cpp",25,25,"QString trimTrailingNewline( const QString& line )
{
    QString trimmed = line;
    while ( trimmed.endsWith( '\n' ) || trimmed.endsWith( '\r' ) ) {
        trimmed.chop( 1 );
",""
"Variable:src/ui/src/scenariorunner.cpp:overrideValue","overrideValue","src/ui/src/scenariorunner.cpp",34,34,"QString scenarioReportPath( const QString& environmentName, const QString& defaultFileName )
{
    const auto overrideValue = qEnvironmentVariable( environmentName.toLatin1().constData() ).trimmed();
    if ( !overrideValue.isEmpty() ) {
        return QFileInfo( overrideValue ).absoluteFilePath();
",""
"Variable:src/ui/src/scenariorunner.cpp:scenarioInfo","scenarioInfo","src/ui/src/scenariorunner.cpp",119,119,"    }

    const QFileInfo scenarioInfo( request.scenarioFilePath );
    if ( !scenarioInfo.exists() || !scenarioInfo.isFile() ) {
        return commanderFailure( CommanderResultCode::NotFound,
",""
"Variable:src/ui/src/scenariorunner.cpp:argsInfo","argsInfo","src/ui/src/scenariorunner.cpp",126,126,"
    if ( !request.argsJsonFilePath.isEmpty() ) {
        const QFileInfo argsInfo( request.argsJsonFilePath );
        if ( !argsInfo.exists() || !argsInfo.isFile() ) {
            return commanderFailure( CommanderResultCode::NotFound,
",""
"Variable:src/ui/src/scenariorunner.cpp:suiteInfo","suiteInfo","src/ui/src/scenariorunner.cpp",164,164,"    }

    const QFileInfo suiteInfo( request.suiteFilePath );
    if ( !suiteInfo.exists() || !suiteInfo.isFile() ) {
        return commanderFailure( CommanderResultCode::NotFound,
",""
"Variable:src/ui/src/scenariorunner.cpp:payload","payload","src/ui/src/scenariorunner.cpp",304,304,"QVariantMap ScenarioRunner::reportPayload() const
{
    auto payload = lastReportPayload_;
    if ( !reportJsonPath_.isEmpty() ) {
        payload.insert( QStringLiteral( ""reportJsonFile"" ), reportJsonPath_ );
",""
"Variable:src/ui/src/scenariorunner.cpp:eventType","eventType","src/ui/src/scenariorunner.cpp",316,316,"void ScenarioRunner::publishEvent( const QVariantMap& event )
{
    const auto eventType = event.value( QStringLiteral( ""eventType"" ) ).toString();
    if ( eventType.isEmpty() || socket_ == nullptr ) {
        return;
",""
"Variable:src/ui/src/scenariorunner.cpp:shouldSend","shouldSend","src/ui/src/scenariorunner.cpp",321,325,"    }

    const auto shouldSend = std::any_of(
        subscriptions_.cbegin(), subscriptions_.cend(),
        [ this, &event ]( const Subscription& subscription ) {
            return eventMatchesSubscription( event, subscription );
        } );
    if ( !shouldSend ) {
        return;
",""
"Variable:src/ui/src/scenariorunner.cpp:candidates","candidates","src/ui/src/scenariorunner.cpp",338,338,"QString ScenarioRunner::resolvePythonExecutable() const
{
    const auto candidates = pythonExecutableCandidates( runtimeRoot() );
    for ( const auto& candidate : candidates ) {
        if ( candidate.isEmpty() ) {
",""
"Variable:src/ui/src/scenariorunner.cpp:resolved","resolved","src/ui/src/scenariorunner.cpp",346,346,"            return candidate;
        }
        const auto resolved = QStandardPaths::findExecutable( candidate );
        if ( !resolved.isEmpty() ) {
            return resolved;
",""
"Variable:src/ui/src/scenariorunner.cpp:root","root","src/ui/src/scenariorunner.cpp",356,357,"QString ScenarioRunner::runtimeRoot() const
{
    const auto root = QDir( QCoreApplication::applicationDirPath() )
                          .filePath( QStringLiteral( ""python_runtime"" ) );
    return QFileInfo::exists( root ) ? root : QString{};
}
",""
"Variable:src/ui/src/scenariorunner.cpp:runtime","runtime","src/ui/src/scenariorunner.cpp",363,363,"QString ScenarioRunner::scenarioBootstrapPath() const
{
    const auto runtime = runtimeRoot();
    if ( runtime.isEmpty() ) {
        return {};
",""
"Variable:src/ui/src/scenariorunner.cpp:pythonExecutable","pythonExecutable","src/ui/src/scenariorunner.cpp",408,408,"    }

    const auto pythonExecutable = resolvePythonExecutable();
    if ( pythonExecutable.isEmpty() ) {
        resetSocketState();
",""
"Variable:src/ui/src/scenariorunner.cpp:environment","environment","src/ui/src/scenariorunner.cpp",453,453,"             &ScenarioRunner::readProcessStderr );

    QProcessEnvironment environment = QProcessEnvironment::systemEnvironment();
    const auto runtime = runtimeRoot();
    environment.insert( QStringLiteral( ""CILOGG_SCRIPT_PORT"" ),
",""
"Variable:src/ui/src/scenariorunner.cpp:pythonPath","pythonPath","src/ui/src/scenariorunner.cpp",474,474,"    }

    QString pythonPath = QFileInfo( bootstrapPath ).absolutePath();
    const auto existingPythonPath = environment.value( QStringLiteral( ""PYTHONPATH"" ) );
    if ( !existingPythonPath.isEmpty() ) {
",""
"Variable:src/ui/src/scenariorunner.cpp:existingPythonPath","existingPythonPath","src/ui/src/scenariorunner.cpp",475,475,"
    QString pythonPath = QFileInfo( bootstrapPath ).absolutePath();
    const auto existingPythonPath = environment.value( QStringLiteral( ""PYTHONPATH"" ) );
    if ( !existingPythonPath.isEmpty() ) {
        pythonPath += QDir::listSeparator() + existingPythonPath;
",""
"Variable:src/ui/src/scenariorunner.cpp:newlineIndex","newlineIndex","src/ui/src/scenariorunner.cpp",594,594,"    socketBuffer_.append( socket_->readAll() );
    while ( true ) {
        const auto newlineIndex = socketBuffer_.indexOf( '\n' );
        if ( newlineIndex < 0 ) {
            break;
",""
"Variable:src/ui/src/scenariorunner.cpp:line","line","src/ui/src/scenariorunner.cpp",599,599,"        }

        const auto line = socketBuffer_.left( newlineIndex );
        socketBuffer_.remove( 0, newlineIndex + 1 );
        if ( line.trimmed().isEmpty() ) {
",""
"Variable:src/ui/src/scenariorunner.cpp:document","document","src/ui/src/scenariorunner.cpp",606,606,"
        QJsonParseError parseError;
        const auto document = QJsonDocument::fromJson( line, &parseError );
        if ( parseError.error != QJsonParseError::NoError || !document.isObject() ) {
            appendOutputLine( tr( ""[scenario-rpc] invalid message: %1"" ).arg( QString::fromUtf8( line ) ) );
",""
"Variable:src/ui/src/scenariorunner.cpp:requestId","requestId","src/ui/src/scenariorunner.cpp",618,618,"void ScenarioRunner::handleRpcMessage( const QVariantMap& message )
{
    const auto requestId = message.value( QStringLiteral( ""id"" ) ).toInt();
    const auto token = message.value( QStringLiteral( ""token"" ) ).toString();
    const auto isNotification = message.value( QStringLiteral( ""notification"" ) ).toBool();
",""
"Variable:src/ui/src/scenariorunner.cpp:token","token","src/ui/src/scenariorunner.cpp",619,619,"{
    const auto requestId = message.value( QStringLiteral( ""id"" ) ).toInt();
    const auto token = message.value( QStringLiteral( ""token"" ) ).toString();
    const auto isNotification = message.value( QStringLiteral( ""notification"" ) ).toBool();
    if ( token != authToken_ ) {
",""
"Variable:src/ui/src/scenariorunner.cpp:isNotification","isNotification","src/ui/src/scenariorunner.cpp",620,620,"    const auto requestId = message.value( QStringLiteral( ""id"" ) ).toInt();
    const auto token = message.value( QStringLiteral( ""token"" ) ).toString();
    const auto isNotification = message.value( QStringLiteral( ""notification"" ) ).toBool();
    if ( token != authToken_ ) {
        if ( !isNotification ) {
",""
"Variable:src/ui/src/scenariorunner.cpp:method","method","src/ui/src/scenariorunner.cpp",628,628,"    }

    const auto method = message.value( QStringLiteral( ""method"" ) ).toString();
    if ( method == QStringLiteral( ""is_stop_requested"" ) ) {
        QVariantMap response;
",""
"Variable:src/ui/src/scenariorunner.cpp:params","params","src/ui/src/scenariorunner.cpp",639,639,"    }

    const auto params = message.value( QStringLiteral( ""params"" ) ).toMap();

    if ( method == QStringLiteral( ""set_dispatch_state"" ) ) {
",""
"Variable:src/ui/src/scenariorunner.cpp:request","request","src/ui/src/scenariorunner.cpp",757,757,"
    QString errorMessage;
    const auto request = commanderRequestFromVariantMap( params, &errorMessage );
    if ( !request ) {
        sendRpcMessage( rpcErrorEnvelope( requestId, errorMessage ) );
",""
"Variable:src/ui/src/scenariorunner.cpp:result","result","src/ui/src/scenariorunner.cpp",763,763,"    }

    const auto result = commanderExecutor_( *request );
    sendRpcMessage( rpcResultEnvelope( requestId, result ) );
}
",""
"Variable:src/ui/src/scenariorunner.cpp:bytes","bytes","src/ui/src/scenariorunner.cpp",773,773,"    }

    const auto bytes = QJsonDocument::fromVariant( response ).toJson( QJsonDocument::Compact );
    socket_->write( bytes );
    socket_->write( ""\n"" );
",""
"Variable:src/ui/src/savedsearches.cpp:i","i","src/ui/src/savedsearches.cpp",78,78,"    settings.remove( ""searchHistory"" );
    settings.beginWriteArray( ""searchHistory"" );
    for ( int i = 0; i < savedSearches_.size(); ++i ) {
        settings.setArrayIndex( i );
        settings.setValue( ""string"", savedSearches_.at( i ) );
",""
"Variable:src/ui/src/savedsearches.cpp:size","size","src/ui/src/savedsearches.cpp",96,96,"        settings.beginGroup( ""SavedSearches"" );
        if ( settings.value( ""version"" ).toInt() == SAVEDSEARCHES_VERSION ) {
            int size = settings.beginReadArray( ""searchHistory"" );
            for ( int i = 0; i < size; ++i ) {
                settings.setArrayIndex( i );
",""
"Variable:src/ui/src/savedsearches.cpp:search","search","src/ui/src/savedsearches.cpp",99,99,"            for ( int i = 0; i < size; ++i ) {
                settings.setArrayIndex( i );
                QString search = settings.value( ""string"" ).toString();
                savedSearches_.append( search );
            }
",""
"Variable:src/ui/src/responsestablemodel.cpp:row","row","src/ui/src/responsestablemodel.cpp",37,37,"QVariant ResponsesTableModel::data( const QModelIndex& index, int role ) const
{
    const int row = index.row();
    const int rowCount = static_cast<int>( responses_.size() );
    if ( !index.isValid() || row < 0 || row >= rowCount ) {
",""
"Variable:src/ui/src/responsestablemodel.cpp:rowCount","rowCount","src/ui/src/responsestablemodel.cpp",38,38,"{
    const int row = index.row();
    const int rowCount = static_cast<int>( responses_.size() );
    if ( !index.isValid() || row < 0 || row >= rowCount ) {
        return {};
",""
"Variable:src/ui/src/responsestablemodel.cpp:enabled","enabled","src/ui/src/responsestablemodel.cpp",134,134,"    }

    const bool enabled = value.toInt() == Qt::Checked;
    auto& response = responses_[ row ];
    if ( response.enabled == enabled ) {
",""
"Variable:src/ui/src/responsestablemodel.cpp:dataChanged","dataChanged","src/ui/src/responsestablemodel.cpp",143,143,"    }
    response.enabled = enabled;
    Q_EMIT dataChanged( index, index, { Qt::CheckStateRole } );
    return true;
}
",""
"Variable:src/ui/src/responsestablemodel.cpp:tooltip","tooltip","src/ui/src/responsestablemodel.cpp",176,176,"QString ResponsesTableModel::tooltipForResponse( const ResponseDefinition& response ) const
{
    QString tooltip = tr( ""Id: %1"" ).arg( response.id );
    if ( !response.description.isEmpty() ) {
        tooltip.append( '\n' );
",""
"Variable:src/ui/src/responseeditdialog.cpp:index","index","src/ui/src/responseeditdialog.cpp",33,33,"    bytes.reserve( text.size() );

    for ( int index = 0; index < text.size(); ++index ) {
        const auto ch = text.at( index );
        if ( ch != QLatin1Char( '\\' ) ) {
",""
"Variable:src/ui/src/responseeditdialog.cpp:ch","ch","src/ui/src/responseeditdialog.cpp",34,34,"
    for ( int index = 0; index < text.size(); ++index ) {
        const auto ch = text.at( index );
        if ( ch != QLatin1Char( '\\' ) ) {
            bytes.push_back( static_cast<char>( ch.toLatin1() ) );
",""
"Variable:src/ui/src/responseeditdialog.cpp:next","next","src/ui/src/responseeditdialog.cpp",45,45,"        }

        const auto next = text.at( index + 1 );
        switch ( next.toLatin1() ) {
        case '\\':
",""
"Variable:src/ui/src/responseeditdialog.cpp:ok","ok","src/ui/src/responseeditdialog.cpp",69,69,"        case 'x':
            if ( index + 3 < text.size() ) {
                bool ok = false;
                const auto hexByte = text.mid( index + 2, 2 ).toUInt( &ok, 16 );
                if ( ok ) {
",""
"Variable:src/ui/src/responseeditdialog.cpp:hexByte","hexByte","src/ui/src/responseeditdialog.cpp",70,70,"            if ( index + 3 < text.size() ) {
                bool ok = false;
                const auto hexByte = text.mid( index + 2, 2 ).toUInt( &ok, 16 );
                if ( ok ) {
                    bytes.push_back( static_cast<char>( hexByte ) );
",""
"Variable:src/ui/src/responseeditdialog.cpp:byte","byte","src/ui/src/responseeditdialog.cpp",93,93,"    text.reserve( bytes.size() );
    for ( const auto rawByte : bytes ) {
        const auto byte = static_cast<quint8>( rawByte );
        switch ( byte ) {
        case '\\':
",""
"Variable:src/ui/src/responseeditdialog.cpp:filter","filter","src/ui/src/responseeditdialog.cpp",212,212,"    void reloadActionCombo( int preferredActionId = -1 )
    {
        const auto filter = filterEdit_->text().trimmed();
        actionCombo_->clear();

",""
"Variable:src/ui/src/responseeditdialog.cpp:label","label","src/ui/src/responseeditdialog.cpp",216,216,"
        for ( const auto& action : actions_ ) {
            const auto label = QStringLiteral( ""%1 (%2)"" ).arg( action.name ).arg( action.id );
            if ( !filter.isEmpty()
                 && !label.contains( filter, Qt::CaseInsensitive )
",""
"Variable:src/ui/src/responseeditdialog.cpp:hasActions","hasActions","src/ui/src/responseeditdialog.cpp",238,238,"    void updateState()
    {
        const bool hasActions = actionCombo_->count() > 0 && currentActionId() >= 0;
        actionCombo_->setEnabled( hasActions );
        if ( auto* okButton = buttons_->button( QDialogButtonBox::Ok ) ) {
",""
"Variable:src/ui/src/responseeditdialog.cpp:lineEndingIndex","lineEndingIndex","src/ui/src/responseeditdialog.cpp",273,274,"    lineEndingCombo_->addItem( tr( ""LF (\\n)"" ), QStringLiteral( ""lf"" ) );
    lineEndingCombo_->addItem( tr( ""CR (\\r)"" ), QStringLiteral( ""cr"" ) );
    const auto lineEndingIndex
        = lineEndingCombo_->findData( Configuration::get().defaultActionEditorLineEnding() );
    lineEndingCombo_->setCurrentIndex( lineEndingIndex >= 0 ? lineEndingIndex : 0 );

",""
"Variable:src/ui/src/responseeditdialog.cpp:row","row","src/ui/src/responseeditdialog.cpp",390,390,"    connect( stepsTable_, &QTableWidget::itemDoubleClicked, this, [this]() { editSelectedStep(); } );
    connect( stepsTable_, &QTableWidget::itemSelectionChanged, this, [this]() {
        const auto row = selectedStepRow();
        const bool hasSelection = row >= 0;
        editStepButton_->setEnabled( hasSelection );
",""
"Variable:src/ui/src/responseeditdialog.cpp:hasSelection","hasSelection","src/ui/src/responseeditdialog.cpp",391,391,"    connect( stepsTable_, &QTableWidget::itemSelectionChanged, this, [this]() {
        const auto row = selectedStepRow();
        const bool hasSelection = row >= 0;
        editStepButton_->setEnabled( hasSelection );
        deleteStepButton_->setEnabled( hasSelection );
",""
"Variable:src/ui/src/responseeditdialog.cpp:cursor","cursor","src/ui/src/responseeditdialog.cpp",420,420,"        if ( ( keyEvent->key() == Qt::Key_Return || keyEvent->key() == Qt::Key_Enter )
             && keyEvent->modifiers() == Qt::NoModifier ) {
            auto cursor = stringValueEdit_->textCursor();
            cursor.insertText(
                lineEndingEscapeText( lineEndingCombo_->currentData().toString() ) );
",""
"Variable:src/ui/src/responseeditdialog.cpp:stringBytes","stringBytes","src/ui/src/responseeditdialog.cpp",443,443,"
    if ( response_.match.type == ResponseMatchType::String ) {
        const auto stringBytes = displayedStringToBytes( stringValueEdit_->toPlainText() );
        response_.match.value = QString::fromLatin1( stringBytes.constData(), stringBytes.size() );
        response_.match.compiled = QRegularExpression();
",""
"Variable:src/ui/src/responseeditdialog.cpp:inlineOk","inlineOk","src/ui/src/responseeditdialog.cpp",467,467,"    response_.response.actionId = response_.response.hasActionId ? steps_.front().actionId : -1;
    response_.response.hasInlineAction = inlineActionCheck_->isChecked();
    bool inlineOk = false;
    response_.response.inlineAction.type = actionSequenceTypeFromString(
        inlineTypeCombo_->currentData().toString(), &inlineOk );
",""
"Variable:src/ui/src/responseeditdialog.cpp:matchIndex","matchIndex","src/ui/src/responseeditdialog.cpp",497,498,"    nameEdit_->setText( response.name );
    descriptionEdit_->setPlainText( response.description );
    const auto matchIndex
        = matchTypeCombo_->findData( responseMatchTypeToString( response.match.type ) );
    matchTypeCombo_->setCurrentIndex( matchIndex >= 0 ? matchIndex : 0 );
    setLiteralEditors( response.match );
",""
"Variable:src/ui/src/responseeditdialog.cpp:inlineIndex","inlineIndex","src/ui/src/responseeditdialog.cpp",507,508,"
    inlineActionCheck_->setChecked( response.response.hasInlineAction );
    const auto inlineIndex = inlineTypeCombo_->findData(
        actionSequenceTypeToString( response.response.inlineAction.type ) );
    inlineTypeCombo_->setCurrentIndex( inlineIndex >= 0 ? inlineIndex : 0 );
    inlineValueEdit_->setPlainText( response.response.inlineAction.value );
",""
"Variable:src/ui/src/responseeditdialog.cpp:decoded","decoded","src/ui/src/responseeditdialog.cpp",526,526,"
    if ( match.type == ResponseMatchType::HexString ) {
        const auto decoded = decodeHexStringToBytes( match.value );
        stringValueEdit_->setPlainText( decoded.ok ? bytesToDisplayedString( decoded.bytes )
                                                   : QString() );
",""
"Variable:src/ui/src/responseeditdialog.cpp:bytes","bytes","src/ui/src/responseeditdialog.cpp",532,532,"    }
    else {
        const auto bytes = match.value.toLatin1();
        stringValueEdit_->setPlainText( bytesToDisplayedString( bytes ) );
        hexValueEdit_->setPlainText( bytesToHexString( bytes ) );
",""
"Variable:src/ui/src/responseeditdialog.cpp:type","type","src/ui/src/responseeditdialog.cpp",572,572,"{
    bool ok = false;
    const auto type = responseMatchTypeFromString( matchTypeCombo_->currentData().toString(), &ok );
    if ( !ok ) {
        matchEditorStack_->setCurrentIndex( 0 );
",""
"Variable:src/ui/src/responseeditdialog.cpp:literalMode","literalMode","src/ui/src/responseeditdialog.cpp",578,578,"    }

    const bool literalMode = type == ResponseMatchType::String || type == ResponseMatchType::HexString;
    if ( literalMode ) {
        ResponseMatchDefinition match;
",""
"Variable:src/ui/src/responseeditdialog.cpp:stepCount","stepCount","src/ui/src/responseeditdialog.cpp",606,606,"void ResponseEditDialog::refreshStepTable()
{
    const auto stepCount = static_cast<int>( steps_.size() );
    stepsTable_->setRowCount( stepCount );
    for ( int row = 0; row < stepCount; ++row ) {
",""
"Variable:src/ui/src/responseeditdialog.cpp:ranges","ranges","src/ui/src/responseeditdialog.cpp",628,628,"int ResponseEditDialog::selectedStepRow() const
{
    const auto ranges = stepsTable_->selectedRanges();
    if ( ranges.isEmpty() ) {
        return -1;
",""
"Variable:src/ui/src/responseeditdialog.cpp:targetRow","targetRow","src/ui/src/responseeditdialog.cpp",695,695,"    }

    const auto targetRow = qBound( 0, row + offset, static_cast<int>( steps_.size() ) - 1 );
    if ( targetRow == row ) {
        return;
",""
"Variable:src/ui/src/recentfiles.cpp:i","i","src/ui/src/recentfiles.cpp",93,93,"    settings.remove( ""filesHistory"" );
    settings.beginWriteArray( ""filesHistory"" );
    for ( int i = 0; i < recentFiles_.size(); ++i ) {
        settings.setArrayIndex( i );
        settings.setValue( ""name"", recentFiles_.at( i ) );
",""
"Variable:src/ui/src/recentfiles.cpp:size","size","src/ui/src/recentfiles.cpp",111,111,"        settings.beginGroup( ""RecentFiles"" );
        if ( settings.value( ""version"" ).toInt() == RECENTFILES_VERSION ) {
            int size = settings.beginReadArray( ""filesHistory"" );
            size = std::min( size, MAX_RECENT_FILES );
            for ( int i = 0; i < size; ++i ) {
",""
"Variable:src/ui/src/recentfiles.cpp:file","file","src/ui/src/recentfiles.cpp",115,115,"            for ( int i = 0; i < size; ++i ) {
                settings.setArrayIndex( i );
                QString file = settings.value( ""name"" ).toString();
                recentFiles_.append( file );
            }
",""
"Variable:src/ui/src/quickfindwidget.cpp:NotificationTimeout","NotificationTimeout","src/ui/src/quickfindwidget.cpp",53,53,"#include ""quickfindwidget.h""

static constexpr int NotificationTimeout = 5000;

const QString QFNotification::REACHED_EOF = ""Reached end of file, no occurrence found."";
",""
"Variable:src/ui/src/quickfindwidget.cpp:width","width","src/ui/src/quickfindwidget.cpp",95,95,"    notificationText_ = new QLabel( """" );
    // FIXME: set MinimumSize might be too constraining
    int width = QFNotification::maxWidth( notificationText_ );
    notificationText_->setMinimumSize( width, 0 );
    layout->addWidget( notificationText_ );
",""
"Variable:src/ui/src/quickfindwidget.cpp:pattern","pattern","src/ui/src/quickfindwidget.cpp",144,145,"void QuickFindWidget::changeDisplayedPattern( const QString& newPattern, bool isRegex )
{
    auto pattern
        = ( !isRegex && isRegexSearch() ) ? QRegularExpression::escape( newPattern ) : newPattern;
    editQuickFind_->setText( pattern );
    editQuickFind_->setCursorPosition( patternCursorPosition_ );
",""
"Variable:src/ui/src/quickfindwidget.cpp:patternConfirmed","patternConfirmed","src/ui/src/quickfindwidget.cpp",175,175,"    userRequested_ = true;

    Q_EMIT patternConfirmed( editQuickFind_->text(), isIgnoreCase(), isRegexSearch() );
    Q_EMIT searchForward();
}
",""
"Variable:src/ui/src/quickfindwidget.cpp:patternUpdated","patternUpdated","src/ui/src/quickfindwidget.cpp",217,217,"{
    patternCursorPosition_ = editQuickFind_->cursorPosition();
    Q_EMIT patternUpdated( editQuickFind_->text(), isIgnoreCase(), isRegexSearch() );
}

",""
"Variable:src/ui/src/quickfindpattern.cpp:QfForeColor","QfForeColor","src/ui/src/quickfindpattern.cpp",52,52,"#include ""quickfind.h""

constexpr Qt::GlobalColor QfForeColor = Qt::black;

bool QuickFindMatcher::isLineMatching( const QString& line, LineColumn column ) const
",""
"Variable:src/ui/src/quickfindpattern.cpp:match","match","src/ui/src/quickfindpattern.cpp",59,59,"        return false;

    QRegularExpressionMatch match = regexp_.match( line, column.get() );
    if ( match.hasMatch() ) {
        lastMatchStart_ = LineColumn{ match.capturedStart() };
",""
"Variable:src/ui/src/quickfindpattern.cpp:matches","matches","src/ui/src/quickfindpattern.cpp",75,75,"        return false;

    QRegularExpressionMatchIterator matches = regexp_.globalMatch( line );
    QRegularExpressionMatch lastMatch;
    while ( matches.hasNext() ) {
",""
"Variable:src/ui/src/quickfindpattern.cpp:nextMatch","nextMatch","src/ui/src/quickfindpattern.cpp",78,78,"    QRegularExpressionMatch lastMatch;
    while ( matches.hasNext() ) {
        QRegularExpressionMatch nextMatch = matches.peekNext();
        if ( column.get() >= 0 && column.get() < nextMatch.capturedEnd() ) {
            break;
",""
"Variable:src/ui/src/quickfindpattern.cpp:searchType","searchType","src/ui/src/quickfindpattern.cpp",104,104,"{
    // Determine the type of regexp depending on the config
    const auto searchType = Configuration::get().quickfindRegexpType();
    switch ( searchType ) {
    case SearchRegexpType::ExtendedRegexp:
",""
"Variable:src/ui/src/quickfindpattern.cpp:options","options","src/ui/src/quickfindpattern.cpp",128,128,"void QuickFindPattern::changeSearchPattern( const QString& pattern, bool ignoreCase, bool isRegex )
{
    QRegularExpression::PatternOptions options = QRegularExpression::UseUnicodePropertiesOption;

    if ( ignoreCase )
",""
"Variable:src/ui/src/quickfindpattern.cpp:matchIterator","matchIterator","src/ui/src/quickfindpattern.cpp",143,143,"
    if ( active_ ) {
        QRegularExpressionMatchIterator matchIterator = regexp_.globalMatch( line );
        const auto& config = Configuration::get();
        const auto backColor = config.qfBackColor();
",""
"Variable:src/ui/src/quickfindpattern.cpp:backColor","backColor","src/ui/src/quickfindpattern.cpp",145,145,"        QRegularExpressionMatchIterator matchIterator = regexp_.globalMatch( line );
        const auto& config = Configuration::get();
        const auto backColor = config.qfBackColor();
        while ( matchIterator.hasNext() ) {
            QRegularExpressionMatch match = matchIterator.next();
",""
"Variable:src/ui/src/quickfindmux.cpp:patternChanged","patternChanged","src/ui/src/quickfindmux.cpp",148,148,"void QuickFindMux::notifyPatternChanged()
{
    Q_EMIT patternChanged( pattern_->getPattern() );
}

",""
"Variable:src/ui/src/quickfind.cpp:progress","progress","src/ui/src/quickfind.cpp",65,67,"{
    LOG_DEBUG << ""Emitting Searching...."";
    const auto progress = static_cast<int>(
        backward ? ( ( nb_lines.get() - current_line.get() ) / nb_lines.get() * 100 )
                 : ( current_line.get() / nb_lines.get() ) * 100 );

    Q_EMIT notify( QFNotificationProgress( progress ) );
",""
"Variable:src/ui/src/quickfind.cpp:s","s","src/ui/src/quickfind.cpp",135,135,"{
    if ( incrementalSearchStatus_.isOngoing() ) {
        Selection s = incrementalSearchStatus_.initialSelection();
        incrementalSearchStatus_ = IncrementalSearchStatus();
        interruptRequested_.set();
",""
"Variable:src/ui/src/quickfind.cpp:selection","selection","src/ui/src/quickfind.cpp",168,168,"void QuickFind::onSearchFutureReady()
{
    const auto selection = operationFuture_.result();

    if ( selection.isValid() ) {
",""
"Variable:src/ui/src/quickfind.cpp:searchDone","searchDone","src/ui/src/quickfind.cpp",171,171,"
    if ( selection.isValid() ) {
        Q_EMIT searchDone( true, selection );
    }
    else if ( incrementalSearchStatus_.direction() != None ) {
",""
"Variable:src/ui/src/quickfind.cpp:start_position","start_position","src/ui/src/quickfind.cpp",189,189,"
    // Position where we start the search from
    FilePosition start_position = selection.getNextPosition();

    if ( incrementalSearchStatus_.direction() == Forward ) {
",""
"Variable:src/ui/src/quickfind.cpp:found","found","src/ui/src/quickfind.cpp",271,271,"    interruptRequested_.clear();

    bool found = false;
    LineColumn found_start_col{};
    LineColumn found_end_col{};
",""
"Variable:src/ui/src/quickfind.cpp:found_start_col","found_start_col","src/ui/src/quickfind.cpp",272,272,"
    bool found = false;
    LineColumn found_start_col{};
    LineColumn found_end_col{};

",""
"Variable:src/ui/src/quickfind.cpp:found_end_col","found_end_col","src/ui/src/quickfind.cpp",273,273,"    bool found = false;
    LineColumn found_start_col{};
    LineColumn found_end_col{};

    if ( !matcher.isActive() )
",""
"Variable:src/ui/src/quickfind.cpp:line","line","src/ui/src/quickfind.cpp",287,287,"    }

    auto line = start_position.line();
    LOG_DEBUG << ""Start searching at line "" << line;
    // We look at the rest of the first line
",""
"Variable:src/ui/src/quickfind.cpp:nb_lines","nb_lines","src/ui/src/quickfind.cpp",298,298,"        searchingNotifier_.reset();
        // And then the rest of the file
        const auto nb_lines = logData_.getNbLine();
        ++line;
        while ( line < nb_lines ) {
",""
"Variable:src/ui/src/quickfind.cpp:last_match_position","last_match_position","src/ui/src/quickfind.cpp",326,326,"        if ( !interruptRequested_ ) {
            // Update the position of the last match
            FilePosition last_match_position = selection.getPreviousPosition();
            lastMatch_.set( last_match_position );

",""
"Variable:src/ui/src/quickfind.cpp:start_col","start_col","src/ui/src/quickfind.cpp",355,355,"
    bool found = false;
    LineColumn start_col{};
    LineColumn end_col{};

",""
"Variable:src/ui/src/quickfind.cpp:end_col","end_col","src/ui/src/quickfind.cpp",356,356,"    bool found = false;
    LineColumn start_col{};
    LineColumn end_col{};

    if ( !matcher.isActive() )
",""
"Variable:src/ui/src/quickfind.cpp:first_match_position","first_match_position","src/ui/src/quickfind.cpp",416,416,"        if ( !interruptRequested_ ) {
            // Update the position of the first match
            FilePosition first_match_position = selection.getNextPosition();
            firstMatch_.set( first_match_position );

",""
"Variable:src/ui/src/previewwindow.cpp:index","index","src/ui/src/previewwindow.cpp",33,33,"{
    auto* tab = new PreviewMessageTab( rawLine, initialPreviewNameOrAuto, ++tabCounter_, this );
    const auto index = tabWidget_->addTab( tab, tab->title() );
    tabWidget_->setCurrentIndex( index );

",""
"Variable:src/ui/src/previewwindow.cpp:tabIndex","tabIndex","src/ui/src/previewwindow.cpp",37,37,"
    connect( tab, &PreviewMessageTab::titleChanged, this, [ this, tab ]( const QString& title ) {
        const auto tabIndex = tabWidget_->indexOf( tab );
        if ( tabIndex >= 0 ) {
            tabWidget_->setTabText( tabIndex, title );
",""
"Variable:src/ui/src/previewwindow.cpp:i","i","src/ui/src/previewwindow.cpp",55,55,"void PreviewWindow::refreshTabs()
{
    for ( int i = 0; i < tabWidget_->count(); ++i ) {
        if ( auto* tab = qobject_cast<PreviewMessageTab*>( tabWidget_->widget( i ) ) ) {
            tab->refreshPreviewList();
",""
"Variable:src/ui/src/previewstablemodel.cpp:NameColumn","NameColumn","src/ui/src/previewstablemodel.cpp",3,3,"
namespace {
constexpr int NameColumn = 0;
constexpr int PatternColumn = 1;
constexpr int EnabledColumn = 2;
",""
"Variable:src/ui/src/previewstablemodel.cpp:PatternColumn","PatternColumn","src/ui/src/previewstablemodel.cpp",4,4,"namespace {
constexpr int NameColumn = 0;
constexpr int PatternColumn = 1;
constexpr int EnabledColumn = 2;
} // namespace
",""
"Variable:src/ui/src/previewstablemodel.cpp:EnabledColumn","EnabledColumn","src/ui/src/previewstablemodel.cpp",5,5,"constexpr int NameColumn = 0;
constexpr int PatternColumn = 1;
constexpr int EnabledColumn = 2;
} // namespace

",""
"Variable:src/ui/src/previewstablemodel.cpp:enabled","enabled","src/ui/src/previewstablemodel.cpp",102,102,"    }

    const auto enabled = value.toInt() == Qt::Checked;
    PreviewManager::instance().setEnabled( previews.at( index.row() ).name, enabled );
    Q_EMIT dataChanged( index, index, { Qt::CheckStateRole } );
",""
"Variable:src/ui/src/previewstablemodel.cpp:dataChanged","dataChanged","src/ui/src/previewstablemodel.cpp",104,104,"    const auto enabled = value.toInt() == Qt::Checked;
    PreviewManager::instance().setEnabled( previews.at( index.row() ).name, enabled );
    Q_EMIT dataChanged( index, index, { Qt::CheckStateRole } );
    return true;
}
",""
"Variable:src/ui/src/previewrepository.cpp:captureValue","captureValue","src/ui/src/previewrepository.cpp",43,43,"    }

    const auto captureValue = toJsonValue( field.capture );
    if ( !captureValue.isUndefined() ) {
        obj.insert( ""capture"", captureValue );
",""
"Variable:src/ui/src/previewrepository.cpp:offsetValue","offsetValue","src/ui/src/previewrepository.cpp",48,48,"    }

    const auto offsetValue = toJsonValue( field.offset );
    if ( !offsetValue.isUndefined() ) {
        obj.insert( ""offset"", offsetValue );
",""
"Variable:src/ui/src/previewrepository.cpp:widthValue","widthValue","src/ui/src/previewrepository.cpp",53,53,"    }

    const auto widthValue = toJsonValue( field.width );
    if ( !widthValue.isUndefined() ) {
        obj.insert( ""width"", widthValue );
",""
"Variable:src/ui/src/previewrepository.cpp:bufferCaptureValue","bufferCaptureValue","src/ui/src/previewrepository.cpp",74,74,"    }

    const auto bufferCaptureValue = toJsonValue( field.bufferCapture );
    if ( !bufferCaptureValue.isUndefined() ) {
        obj.insert( ""bufferCapture"", bufferCaptureValue );
",""
"Variable:src/ui/src/previewrepository.cpp:it","it","src/ui/src/previewrepository.cpp",85,85,"    if ( !field.enumMap.isEmpty() ) {
        QJsonObject enumObj;
        for ( auto it = field.enumMap.begin(); it != field.enumMap.end(); ++it ) {
            enumObj.insert( it.key(), it.value() );
        }
",""
"Variable:src/ui/src/previewrepository.cpp:path","path","src/ui/src/previewrepository.cpp",153,153,"{
    PreviewConfigParser parser;
    const auto path = storagePath();
    if ( !QFileInfo::exists( path ) ) {
        return {};
",""
"Variable:src/ui/src/previewrepository.cpp:settingsInfo","settingsInfo","src/ui/src/previewrepository.cpp",191,191,"{
    const auto& settings = PersistentInfo::getSettings( app_settings{} );
    const QFileInfo settingsInfo( settings.fileName() );
    QDir dir = settingsInfo.absoluteDir();
    if ( !dir.exists() ) {
",""
"Variable:src/ui/src/previewrepository.cpp:dir","dir","src/ui/src/previewrepository.cpp",192,192,"    const auto& settings = PersistentInfo::getSettings( app_settings{} );
    const QFileInfo settingsInfo( settings.fileName() );
    QDir dir = settingsInfo.absoluteDir();
    if ( !dir.exists() ) {
        dir.mkpath( ""."" );
",""
"Variable:src/ui/src/previewmessagetab.cpp:SnippetLimit","SnippetLimit","src/ui/src/previewmessagetab.cpp",24,24,"
namespace {
constexpr int SnippetLimit = 60;
constexpr int ColumnField = 0;
constexpr int ColumnValue = 1;
",""
"Variable:src/ui/src/previewmessagetab.cpp:ColumnField","ColumnField","src/ui/src/previewmessagetab.cpp",25,25,"namespace {
constexpr int SnippetLimit = 60;
constexpr int ColumnField = 0;
constexpr int ColumnValue = 1;
constexpr int ColumnRaw = 2;
",""
"Variable:src/ui/src/previewmessagetab.cpp:ColumnValue","ColumnValue","src/ui/src/previewmessagetab.cpp",26,26,"constexpr int SnippetLimit = 60;
constexpr int ColumnField = 0;
constexpr int ColumnValue = 1;
constexpr int ColumnRaw = 2;
constexpr int ColumnOffset = 3;
",""
"Variable:src/ui/src/previewmessagetab.cpp:ColumnRaw","ColumnRaw","src/ui/src/previewmessagetab.cpp",27,27,"constexpr int ColumnField = 0;
constexpr int ColumnValue = 1;
constexpr int ColumnRaw = 2;
constexpr int ColumnOffset = 3;
constexpr int ColumnWidth = 4;
",""
"Variable:src/ui/src/previewmessagetab.cpp:ColumnOffset","ColumnOffset","src/ui/src/previewmessagetab.cpp",28,28,"constexpr int ColumnValue = 1;
constexpr int ColumnRaw = 2;
constexpr int ColumnOffset = 3;
constexpr int ColumnWidth = 4;

",""
"Variable:src/ui/src/previewmessagetab.cpp:ColumnWidth","ColumnWidth","src/ui/src/previewmessagetab.cpp",29,29,"constexpr int ColumnRaw = 2;
constexpr int ColumnOffset = 3;
constexpr int ColumnWidth = 4;

QString captureValue( const PreviewCaptureRef& capture, const QRegularExpressionMatch& match )",""
"Variable:src/ui/src/previewmessagetab.cpp:value","value","src/ui/src/previewmessagetab.cpp",58,59,"        return -1;
    }
    const auto value = capture.isIndex ? match.capturedStart( capture.index )
                                       : match.capturedStart( capture.name );
    return clampToInt( value );
}",""
"Variable:src/ui/src/previewmessagetab.cpp:printable","printable","src/ui/src/previewmessagetab.cpp",110,110,"        return {};
    }
    bool printable = true;
    for ( const auto ch : slice ) {
        const unsigned char byte = static_cast<unsigned char>( ch );
",""
"Variable:src/ui/src/previewmessagetab.cpp:byte","byte","src/ui/src/previewmessagetab.cpp",112,112,"    bool printable = true;
    for ( const auto ch : slice ) {
        const unsigned char byte = static_cast<unsigned char>( ch );
        if ( byte < 0x20 || byte > 0x7e ) {
            printable = false;
",""
"Variable:src/ui/src/previewmessagetab.cpp:text","text","src/ui/src/previewmessagetab.cpp",118,119,"        }
    }
    const QString text = printable ? QString::fromLatin1( slice )
                                   : QString::fromLatin1( slice.toHex() );
    return truncateText( text, 64 );
}
",""
"Variable:src/ui/src/previewmessagetab.cpp:shortText","shortText","src/ui/src/previewmessagetab.cpp",185,185,"void setItemDecodeError( QTreeWidgetItem* item, const DecodeErrorInfo& info )
{
    const auto shortText = QObject::tr( ""Decode error: %1"" ).arg( info.reason );
    setItemStatus( item, shortText, decodeTooltip( info ) );
    logDecodeError( info );
",""
"Variable:src/ui/src/previewmessagetab.cpp:trimmed","trimmed","src/ui/src/previewmessagetab.cpp",215,215,"        return false;
    }
    const auto trimmed = value.trimmed();
    if ( trimmed.startsWith( ""0b"" ) ) {
        bool ok = false;
",""
"Variable:src/ui/src/previewmessagetab.cpp:ok","ok","src/ui/src/previewmessagetab.cpp",217,217,"    const auto trimmed = value.trimmed();
    if ( trimmed.startsWith( ""0b"" ) ) {
        bool ok = false;
        *out = trimmed.mid( 2 ).toULongLong( &ok, 2 );
        return ok;
",""
"Variable:src/ui/src/previewmessagetab.cpp:little","little","src/ui/src/previewmessagetab.cpp",240,240,"    }

    const bool little = endianness.compare( ""little"", Qt::CaseInsensitive ) == 0;
    const int size = static_cast<int>( std::min<qsizetype>( data.size(), 8 ) );
    quint64 value = 0;
",""
"Variable:src/ui/src/previewmessagetab.cpp:size","size","src/ui/src/previewmessagetab.cpp",241,241,"
    const bool little = endianness.compare( ""little"", Qt::CaseInsensitive ) == 0;
    const int size = static_cast<int>( std::min<qsizetype>( data.size(), 8 ) );
    quint64 value = 0;
    if ( little ) {
",""
"Variable:src/ui/src/previewmessagetab.cpp:i","i","src/ui/src/previewmessagetab.cpp",244,244,"    quint64 value = 0;
    if ( little ) {
        for ( int i = 0; i < size; ++i ) {
            value |= ( static_cast<quint64>( static_cast<unsigned char>( data.at( i ) ) )
                       << ( 8 * i ) );
",""
"Variable:src/ui/src/previewmessagetab.cpp:it","it","src/ui/src/previewmessagetab.cpp",269,269,"QString formatEnum( quint64 value, const QMap<QString, QString>& enumMap )
{
    for ( auto it = enumMap.begin(); it != enumMap.end(); ++it ) {
        quint64 key = 0;
        if ( parseNumericString( it.key(), &key ) && key == value ) {
",""
"Variable:src/ui/src/previewmessagetab.cpp:key","key","src/ui/src/previewmessagetab.cpp",270,270,"{
    for ( auto it = enumMap.begin(); it != enumMap.end(); ++it ) {
        quint64 key = 0;
        if ( parseNumericString( it.key(), &key ) && key == value ) {
            return it.value();
",""
"Variable:src/ui/src/previewmessagetab.cpp:displayRaw","displayRaw","src/ui/src/previewmessagetab.cpp",328,328,"    }

    QString displayRaw = trimmed;
    if ( displayRaw.isEmpty() ) {
        displayRaw = sliceToLogText( rawBytes );
",""
"Variable:src/ui/src/previewmessagetab.cpp:eval","eval","src/ui/src/previewmessagetab.cpp",406,406,"        return result;
    }
    auto eval = evaluatePreviewExpression( expr, values );
    if ( !eval.ok ) {
        result.error = eval.error;
",""
"Variable:src/ui/src/previewmessagetab.cpp:decoded","decoded","src/ui/src/previewmessagetab.cpp",433,433,"    DecodeBytesResult result;
    if ( type == PreviewBufferType::HexString ) {
        const auto decoded = decodeHexStringToBytes( text );
        result.ok = decoded.ok;
        result.bytes = decoded.bytes;
",""
"Variable:src/ui/src/previewmessagetab.cpp:parsed","parsed","src/ui/src/previewmessagetab.cpp",493,493,"
    if ( field.type == PreviewBufferType::HexString ) {
        const auto parsed = parseHexToU64AllowOddDigits( rawText );
        if ( !parsed.ok ) {
            if ( error ) {
",""
"Variable:src/ui/src/previewmessagetab.cpp:templateName","templateName","src/ui/src/previewmessagetab.cpp",641,641,"    }

    const QString templateName = field.blockTemplate.trimmed();
    if ( templateName.isEmpty() ) {
        result.error = QObject::tr( ""Missing block reference."" );
",""
"Variable:src/ui/src/previewmessagetab.cpp:chain","chain","src/ui/src/previewmessagetab.cpp",670,670,"
    if ( context.blockStack && context.blockStack->contains( result.resolvedName ) ) {
        const auto chain = context.blockStack->join( "" -> "" );
        result.error = QObject::tr( ""Block cycle detected: %1 -> %2"" )
                           .arg( chain, result.resolvedName );
",""
"Variable:src/ui/src/previewmessagetab.cpp:resolution","resolution","src/ui/src/previewmessagetab.cpp",686,686,"                          const QString& displayName )
{
    auto resolution = resolveBlockReference( field, context );
    if ( !resolution.error.isEmpty() ) {
        addBlockErrorItem( item, resolution.error );
",""
"Variable:src/ui/src/previewmessagetab.cpp:decodedText","decodedText","src/ui/src/previewmessagetab.cpp",713,713,"    setItemRaw( item, rawText, rawBytes );
    QString decodeError;
    const auto decodedText = decodeStringValue( rawText, rawBytes, field.type, &decodeError );
    if ( !decodeError.isEmpty() ) {
        DecodeErrorInfo errorInfo{ context.previewName,
",""
"Variable:src/ui/src/previewmessagetab.cpp:errorInfo","errorInfo","src/ui/src/previewmessagetab.cpp",715,721,"    const auto decodedText = decodeStringValue( rawText, rawBytes, field.type, &decodeError );
    if ( !decodeError.isEmpty() ) {
        DecodeErrorInfo errorInfo{ context.previewName,
                                   fullName,
                                   source,
                                   inputOffset,
                                   inputWidth,
                                   truncateText( rawText, 64 ),
                                   QObject::tr( ""Match decode failed: %1"" ).arg( decodeError ) };
        setItemMatchError( item, errorInfo );
        return true;
",""
"Variable:src/ui/src/previewmessagetab.cpp:match","match","src/ui/src/previewmessagetab.cpp",738,738,"    }

    const auto match = field.compiledRegex.match( decodedText );
    if ( !match.hasMatch() ) {
        DecodeErrorInfo errorInfo{
",""
"Variable:src/ui/src/previewmessagetab.cpp:matchOffset","matchOffset","src/ui/src/previewmessagetab.cpp",752,752,"    }

    const int matchOffset = clampToInt( match.capturedStart( 0 ) );
    const int matchWidth = clampToInt( match.capturedLength( 0 ) );
    const int adjustedOffset
",""
"Variable:src/ui/src/previewmessagetab.cpp:matchWidth","matchWidth","src/ui/src/previewmessagetab.cpp",753,753,"
    const int matchOffset = clampToInt( match.capturedStart( 0 ) );
    const int matchWidth = clampToInt( match.capturedLength( 0 ) );
    const int adjustedOffset
        = ( inputOffset >= 0 && matchOffset >= 0 ) ? ( inputOffset + matchOffset ) : -1;
",""
"Variable:src/ui/src/previewmessagetab.cpp:adjustedOffset","adjustedOffset","src/ui/src/previewmessagetab.cpp",754,755,"    const int matchOffset = clampToInt( match.capturedStart( 0 ) );
    const int matchWidth = clampToInt( match.capturedLength( 0 ) );
    const int adjustedOffset
        = ( inputOffset >= 0 && matchOffset >= 0 ) ? ( inputOffset + matchOffset ) : -1;
    setItemOffsetWidth( item, adjustedOffset, matchWidth );
    if ( matchWidth >= 0 ) {
",""
"Variable:src/ui/src/previewmessagetab.cpp:bufferText","bufferText","src/ui/src/previewmessagetab.cpp",764,766,"    }

    const QString bufferText
        = field.bufferCapture.isSet ? captureValue( field.bufferCapture, match )
                                    : match.captured( 0 );
    const auto bufferSource = field.bufferCapture.isSet
                                  ? describeCaptureRef( field.bufferCapture, ""bufferCapture"" )
",""
"Variable:src/ui/src/previewmessagetab.cpp:bufferSource","bufferSource","src/ui/src/previewmessagetab.cpp",767,769,"        = field.bufferCapture.isSet ? captureValue( field.bufferCapture, match )
                                    : match.captured( 0 );
    const auto bufferSource = field.bufferCapture.isSet
                                  ? describeCaptureRef( field.bufferCapture, ""bufferCapture"" )
                                  : QObject::tr( ""match"" );

    int bufferBaseOffset = 0;
",""
"Variable:src/ui/src/previewmessagetab.cpp:bufferBaseOffset","bufferBaseOffset","src/ui/src/previewmessagetab.cpp",771,771,"                                  : QObject::tr( ""match"" );

    int bufferBaseOffset = 0;
    if ( field.bufferCapture.isSet ) {
        const auto captureStartOffset = captureStart( field.bufferCapture, match );
",""
"Variable:src/ui/src/previewmessagetab.cpp:captureStartOffset","captureStartOffset","src/ui/src/previewmessagetab.cpp",773,773,"    int bufferBaseOffset = 0;
    if ( field.bufferCapture.isSet ) {
        const auto captureStartOffset = captureStart( field.bufferCapture, match );
        if ( captureStartOffset >= 0 && matchOffset >= 0 ) {
            bufferBaseOffset = captureStartOffset - matchOffset;
",""
"Variable:src/ui/src/previewmessagetab.cpp:childContext","childContext","src/ui/src/previewmessagetab.cpp",782,794,"    }

    ParseContext childContext{
        bufferText.toUtf8(),
        0,
        context.values,
        context.rawValues,
        &match,
        context.blocks,
        context.blockStack,
        context.previewName,
        bufferSource,
        bufferBaseOffset,
        matchOffset >= 0 ? matchOffset : 0,
        true };

    for ( const auto& child : field.fields ) {
",""
"Variable:src/ui/src/previewmessagetab.cpp:remaining","remaining","src/ui/src/previewmessagetab.cpp",809,809,"                       const QString& prefix )
{
    int remaining = totalBits;
    for ( const auto& bitField : field.bitfieldMap ) {
        const auto widthExpr = resolveExprValue( bitField.width, *context.values );
",""
"Variable:src/ui/src/previewmessagetab.cpp:widthExpr","widthExpr","src/ui/src/previewmessagetab.cpp",811,811,"    int remaining = totalBits;
    for ( const auto& bitField : field.bitfieldMap ) {
        const auto widthExpr = resolveExprValue( bitField.width, *context.values );
        int width = widthExpr.ok ? widthExpr.value : 1;
        if ( width <= 0 ) {
",""
"Variable:src/ui/src/previewmessagetab.cpp:width","width","src/ui/src/previewmessagetab.cpp",812,812,"    for ( const auto& bitField : field.bitfieldMap ) {
        const auto widthExpr = resolveExprValue( bitField.width, *context.values );
        int width = widthExpr.ok ? widthExpr.value : 1;
        if ( width <= 0 ) {
            width = 1;
",""
"Variable:src/ui/src/previewmessagetab.cpp:mask","mask","src/ui/src/previewmessagetab.cpp",817,817,"        }
        remaining -= width;
        const quint64 mask = width >= 64 ? ~0ULL : ( ( 1ULL << width ) - 1ULL );
        const quint64 bitValue = ( remaining >= 0 ) ? ( ( value >> remaining ) & mask ) : 0;

",""
"Variable:src/ui/src/previewmessagetab.cpp:bitValue","bitValue","src/ui/src/previewmessagetab.cpp",818,818,"        remaining -= width;
        const quint64 mask = width >= 64 ? ~0ULL : ( ( 1ULL << width ) - 1ULL );
        const quint64 bitValue = ( remaining >= 0 ) ? ( ( value >> remaining ) & mask ) : 0;

        auto* item = new QTreeWidgetItem( parent );
",""
"Variable:src/ui/src/previewmessagetab.cpp:fullName","fullName","src/ui/src/previewmessagetab.cpp",821,821,"
        auto* item = new QTreeWidgetItem( parent );
        const auto fullName = prefix.isEmpty() ? bitField.name : prefix + ""."" + bitField.name;
        item->setText( ColumnField, bitField.name );
        item->setText( ColumnValue, formatNumber( bitValue, bitField.format, bitField ) );
",""
"Variable:src/ui/src/previewmessagetab.cpp:totalExpr","totalExpr","src/ui/src/previewmessagetab.cpp",834,834,"int resolveBitfieldWidth( const PreviewFieldSpec& field, ParseContext& context )
{
    const auto totalExpr = resolveExprValue( field.width, *context.values );
    int totalBits = totalExpr.ok ? totalExpr.value : 0;
    if ( totalBits > 0 ) {
",""
"Variable:src/ui/src/previewmessagetab.cpp:totalBits","totalBits","src/ui/src/previewmessagetab.cpp",835,835,"{
    const auto totalExpr = resolveExprValue( field.width, *context.values );
    int totalBits = totalExpr.ok ? totalExpr.value : 0;
    if ( totalBits > 0 ) {
        return totalBits;
",""
"Variable:src/ui/src/previewmessagetab.cpp:captured","captured","src/ui/src/previewmessagetab.cpp",867,868,"
    if ( field.source == PreviewFieldSource::Capture ) {
        const auto captured = context.match ? captureValue( field.capture, *context.match )
                                            : QString();
        const auto source = describeCaptureRef( field.capture, ""capture"" );
        int captureOffset = -1;
",""
"Variable:src/ui/src/previewmessagetab.cpp:source","source","src/ui/src/previewmessagetab.cpp",869,869,"        const auto captured = context.match ? captureValue( field.capture, *context.match )
                                            : QString();
        const auto source = describeCaptureRef( field.capture, ""capture"" );
        int captureOffset = -1;
        if ( context.match ) {
",""
"Variable:src/ui/src/previewmessagetab.cpp:captureOffset","captureOffset","src/ui/src/previewmessagetab.cpp",870,870,"                                            : QString();
        const auto source = describeCaptureRef( field.capture, ""capture"" );
        int captureOffset = -1;
        if ( context.match ) {
            const auto absoluteStart = captureStart( field.capture, *context.match );
",""
"Variable:src/ui/src/previewmessagetab.cpp:absoluteStart","absoluteStart","src/ui/src/previewmessagetab.cpp",872,872,"        int captureOffset = -1;
        if ( context.match ) {
            const auto absoluteStart = captureStart( field.capture, *context.match );
            if ( absoluteStart >= 0 ) {
                captureOffset = absoluteStart - context.matchStart;
",""
"Variable:src/ui/src/previewmessagetab.cpp:captureWidth","captureWidth","src/ui/src/previewmessagetab.cpp",877,878,"            }
        }
        const int captureWidth
            = context.match ? captureLength( field.capture, *context.match ) : -1;
        setItemOffsetWidth( item, captureOffset, captureWidth );
        if ( !field.capture.isSet ) {
",""
"Variable:src/ui/src/previewmessagetab.cpp:rawText","rawText","src/ui/src/previewmessagetab.cpp",891,891,"            return;
        }
        const auto rawText = captured;
        const auto rawBytes = captured.toUtf8();
        setItemRaw( item, rawText, rawBytes );
",""
"Variable:src/ui/src/previewmessagetab.cpp:rawBytes","rawBytes","src/ui/src/previewmessagetab.cpp",892,892,"        }
        const auto rawText = captured;
        const auto rawBytes = captured.toUtf8();
        setItemRaw( item, rawText, rawBytes );

",""
"Variable:src/ui/src/previewmessagetab.cpp:decodedSize","decodedSize","src/ui/src/previewmessagetab.cpp",914,914,"                return;
            }
            const int decodedSize = clampToInt( decoded.bytes.size() );
            item->setText( ColumnValue,
                           QObject::tr( ""%1 bytes"" ).arg( decodedSize ) );",""
"Variable:src/ui/src/previewmessagetab.cpp:enumResult","enumResult","src/ui/src/previewmessagetab.cpp",986,986,"        else {
            if ( field.format == PreviewFormat::Enum ) {
                const auto enumResult = resolveEnumValue( rawText, rawBytes, field );
                if ( !enumResult.ok ) {
                    DecodeErrorInfo errorInfo{ context.previewName,
",""
"Variable:src/ui/src/previewmessagetab.cpp:numeric","numeric","src/ui/src/previewmessagetab.cpp",1012,1012,"            }

            quint64 numeric = 0;
            QString error;
            if ( !parseNumericValue( rawText, rawBytes, field, &numeric, &error ) ) {
",""
"Variable:src/ui/src/previewmessagetab.cpp:reportExpressionIssue","reportExpressionIssue","src/ui/src/previewmessagetab.cpp",1044,1065,"    }

    auto reportExpressionIssue = [ &context, &fullName, &item ]( const ExprResult& expr,
                                                                const QString& source,
                                                                int offset,
                                                                int width ) {
        DecodeErrorInfo errorInfo{ context.previewName,
                                   fullName,
                                   source,
                                   offset,
                                   width,
                                   QString(),
                                   expr.error.isEmpty() ? QObject::tr( ""Expression error."" )
                                                        : expr.error };
        if ( !expr.missingVariable.isEmpty() ) {
            const auto shortText
                = QObject::tr( ""Skipped: missing %1"" ).arg( expr.missingVariable );
            setItemStatus( item, shortText, decodeTooltip( errorInfo ) );
            logDecodeError( errorInfo );
            return false;
        }
        setItemDecodeError( item, errorInfo );
        return false;
    };

    const auto source = context.bufferSource.isEmpty() ? QObject::tr( ""buffer"" )
",""
"Variable:src/ui/src/previewmessagetab.cpp:offset","offset","src/ui/src/previewmessagetab.cpp",1070,1070,"                                                       : context.bufferSource;

    int offset = 0;
    if ( field.offset.isSet ) {
        const auto offsetExpr = resolveExprValue( field.offset, *context.values );
",""
"Variable:src/ui/src/previewmessagetab.cpp:offsetExpr","offsetExpr","src/ui/src/previewmessagetab.cpp",1072,1072,"    int offset = 0;
    if ( field.offset.isSet ) {
        const auto offsetExpr = resolveExprValue( field.offset, *context.values );
        if ( !offsetExpr.ok ) {
            reportExpressionIssue( offsetExpr, source, context.baseOffset + context.cursor, -1 );
",""
"Variable:src/ui/src/previewmessagetab.cpp:sliceOffset","sliceOffset","src/ui/src/previewmessagetab.cpp",1138,1138,"    }

    const int sliceOffset = context.cursor;
    const auto slice = context.buffer.mid( sliceOffset, width );
    context.cursor += width;
",""
"Variable:src/ui/src/previewmessagetab.cpp:slice","slice","src/ui/src/previewmessagetab.cpp",1139,1139,"
    const int sliceOffset = context.cursor;
    const auto slice = context.buffer.mid( sliceOffset, width );
    context.cursor += width;
    const auto rawText = QString::fromUtf8( slice );
",""
"Variable:src/ui/src/previewmessagetab.cpp:inputOffset","inputOffset","src/ui/src/previewmessagetab.cpp",1142,1142,"    context.cursor += width;
    const auto rawText = QString::fromUtf8( slice );
    const int inputOffset = context.baseOffset + sliceOffset;
    setItemRaw( item, rawText, slice );

",""
"Variable:src/ui/src/previewmessagetab.cpp:lineCount","lineCount","src/ui/src/previewmessagetab.cpp",1377,1377,"        return;
    }
    const int lineCount = qMax( 1, rawLineEdit_->document()->blockCount() );
    const QFontMetrics metrics( rawLineEdit_->font() );
    const int lineHeight = metrics.lineSpacing();
",""
"Variable:src/ui/src/previewmessagetab.cpp:metrics","metrics","src/ui/src/previewmessagetab.cpp",1378,1378,"    }
    const int lineCount = qMax( 1, rawLineEdit_->document()->blockCount() );
    const QFontMetrics metrics( rawLineEdit_->font() );
    const int lineHeight = metrics.lineSpacing();
    const qreal margin = rawLineEdit_->document()->documentMargin();
",""
"Variable:src/ui/src/previewmessagetab.cpp:lineHeight","lineHeight","src/ui/src/previewmessagetab.cpp",1379,1379,"    const int lineCount = qMax( 1, rawLineEdit_->document()->blockCount() );
    const QFontMetrics metrics( rawLineEdit_->font() );
    const int lineHeight = metrics.lineSpacing();
    const qreal margin = rawLineEdit_->document()->documentMargin();
    const int frame = rawLineEdit_->frameWidth();
",""
"Variable:src/ui/src/previewmessagetab.cpp:margin","margin","src/ui/src/previewmessagetab.cpp",1380,1380,"    const QFontMetrics metrics( rawLineEdit_->font() );
    const int lineHeight = metrics.lineSpacing();
    const qreal margin = rawLineEdit_->document()->documentMargin();
    const int frame = rawLineEdit_->frameWidth();
    int scrollHeight = 0;
",""
"Variable:src/ui/src/previewmessagetab.cpp:frame","frame","src/ui/src/previewmessagetab.cpp",1381,1381,"    const int lineHeight = metrics.lineSpacing();
    const qreal margin = rawLineEdit_->document()->documentMargin();
    const int frame = rawLineEdit_->frameWidth();
    int scrollHeight = 0;
    if ( auto* bar = rawLineEdit_->horizontalScrollBar() ) {
",""
"Variable:src/ui/src/previewmessagetab.cpp:scrollHeight","scrollHeight","src/ui/src/previewmessagetab.cpp",1382,1382,"    const qreal margin = rawLineEdit_->document()->documentMargin();
    const int frame = rawLineEdit_->frameWidth();
    int scrollHeight = 0;
    if ( auto* bar = rawLineEdit_->horizontalScrollBar() ) {
        if ( bar->isVisible() || bar->maximum() > 0 ) {
",""
"Variable:src/ui/src/previewmessagetab.cpp:height","height","src/ui/src/previewmessagetab.cpp",1388,1389,"        }
    }
    const int height
        = static_cast<int>( lineCount * lineHeight + margin * 2 ) + frame * 2 + scrollHeight;
    rawLineEdit_->setFixedHeight( height );
}
",""
"Variable:src/ui/src/previewmessagetab.cpp:currentSelection","currentSelection","src/ui/src/previewmessagetab.cpp",1395,1395,"void PreviewMessageTab::refreshPreviewList()
{
    const auto currentSelection = previewTypeCombo_->currentData().toString();
    QSignalBlocker blocker( previewTypeCombo_ );

",""
"Variable:src/ui/src/previewmessagetab.cpp:desiredSelection","desiredSelection","src/ui/src/previewmessagetab.cpp",1414,1414,"    }

    QString desiredSelection = currentSelection;
    if ( !initialApplied_ ) {
        if ( !initialPreviewName_.isEmpty()
",""
"Variable:src/ui/src/previewmessagetab.cpp:desiredIndex","desiredIndex","src/ui/src/previewmessagetab.cpp",1426,1426,"    }

    const int desiredIndex = previewTypeCombo_->findData( desiredSelection );
    previewTypeCombo_->setCurrentIndex( desiredIndex >= 0 ? desiredIndex : 0 );

",""
"Variable:src/ui/src/previewmessagetab.cpp:selection","selection","src/ui/src/previewmessagetab.cpp",1440,1440,"void PreviewMessageTab::handlePreviewSelectionChanged( int )
{
    const auto selection = previewTypeCombo_->currentData().toString();
    if ( selection.isEmpty() ) {
        applyAutoDetection();
",""
"Variable:src/ui/src/previewmessagetab.cpp:matchName","matchName","src/ui/src/previewmessagetab.cpp",1456,1456,"    }

    const auto matchName = PreviewManager::instance().findFirstMatchingEnabledPreview( rawLine_ );
    if ( matchName.isEmpty() ) {
        showMessage( tr( ""No preview matched."" ) );
",""
"Variable:src/ui/src/previewmessagetab.cpp:index","index","src/ui/src/previewmessagetab.cpp",1465,1465,"    {
        QSignalBlocker blocker( previewTypeCombo_ );
        const auto index = previewTypeCombo_->findData( matchName );
        if ( index >= 0 ) {
            previewTypeCombo_->setCurrentIndex( index );
",""
"Variable:src/ui/src/previewmessagetab.cpp:matchStart","matchStart","src/ui/src/previewmessagetab.cpp",1511,1511,"                                  : tr( ""raw line"" );
    int bufferBaseOffset = 0;
    const int matchStart = clampToInt( match.capturedStart( 0 ) );
    if ( definition->bufferCapture.isSet ) {
        const auto captureStartOffset = captureStart( definition->bufferCapture, match );
",""
"Variable:src/ui/src/previewmessagetab.cpp:decodedBuffer","decodedBuffer","src/ui/src/previewmessagetab.cpp",1521,1521,"        }
    }
    const auto decodedBuffer = decodeBytesFromText( bufferText, definition->type );
    if ( !decodedBuffer.ok ) {
        DecodeErrorInfo errorInfo{ previewName,
",""
"Variable:src/ui/src/previewmessagetab.cpp:context","context","src/ui/src/previewmessagetab.cpp",1539,1550,"    QMap<QString, QString> rawValues;
    QStringList blockStack;
    ParseContext context{ decodedBuffer.bytes,
                          0,
                          &values,
                          &rawValues,
                          &match,
                          &manager.blocks(),
                          &blockStack,
                          previewName,
                          bufferSource,
                          bufferBaseOffset,
                          matchStart >= 0 ? matchStart : 0,
                          false };

    if ( definition->offset.isSet ) {
",""
"Variable:src/ui/src/previewmessagetab.cpp:column","column","src/ui/src/previewmessagetab.cpp",1604,1604,"
    previewTree_->expandAll();
    for ( int column = 0; column < previewTree_->columnCount(); ++column ) {
        previewTree_->resizeColumnToContents( column );
    }
",""
"Variable:src/ui/src/previewmessagetab.cpp:snippet","snippet","src/ui/src/previewmessagetab.cpp",1619,1619,"void PreviewMessageTab::updateTitle( const QString& typeLabel )
{
    const auto snippet = makeSnippet();
    currentTitle_ = tr( ""Preview #%1 - %2 - %3"" ).arg( tabNumber_ ).arg( typeLabel, snippet );
    Q_EMIT titleChanged( currentTitle_ );
",""
"Variable:src/ui/src/previewmanager.cpp:result","result","src/ui/src/previewmanager.cpp",14,14,"void PreviewManager::loadFromRepository()
{
    auto result = repository_.load();
    if ( !result.errors.isEmpty() ) {
        for ( const auto& error : result.errors ) {
",""
"Variable:src/ui/src/previewmanager.cpp:parsed","parsed","src/ui/src/previewmanager.cpp",37,37,"    PreviewImportResult result;
    PreviewConfigParser parser;
    auto parsed = parser.parseFile( path );
    result.errors = parsed.errors;
    result.warnings = parsed.warnings;
",""
"Variable:src/ui/src/previewmanager.cpp:existing","existing","src/ui/src/previewmanager.cpp",46,49,"
    for ( auto& incoming : parsed.previews ) {
        auto existing = std::find_if( previews_.begin(), previews_.end(),
                                      [ &incoming ]( const auto& preview ) {
                                          return preview.name == incoming.name;
                                      } );
        if ( existing != previews_.end() ) {
            const bool keepEnabled = !incoming.hasEnabled;
",""
"Variable:src/ui/src/previewmanager.cpp:keepEnabled","keepEnabled","src/ui/src/previewmanager.cpp",51,51,"                                      } );
        if ( existing != previews_.end() ) {
            const bool keepEnabled = !incoming.hasEnabled;
            if ( keepEnabled ) {
                incoming.enabled = existing->enabled;
",""
"Variable:src/ui/src/previewmanager.cpp:it","it","src/ui/src/previewmanager.cpp",67,67,"    }

    for ( auto it = parsed.blocks.begin(); it != parsed.blocks.end(); ++it ) {
        blocks_.insert( it.key(), it.value() );
    }
",""
"Variable:src/ui/src/previewmanager.cpp:index","index","src/ui/src/previewmanager.cpp",91,91,"    }

    const auto index = std::distance( previews_.begin(), it );
    const auto removed = *it;
    previews_.erase( it );
",""
"Variable:src/ui/src/previewmanager.cpp:removed","removed","src/ui/src/previewmanager.cpp",92,92,"
    const auto index = std::distance( previews_.begin(), it );
    const auto removed = *it;
    previews_.erase( it );
    if ( !repository_.save( previews_, blocks_ ) ) {
",""
"Variable:src/ui/src/previewmanager.cpp:previous","previous","src/ui/src/previewmanager.cpp",109,109,"    }

    const auto previous = previews_;
    const auto previousBlocks = blocks_;
    previews_.clear();
",""
"Variable:src/ui/src/previewmanager.cpp:previousBlocks","previousBlocks","src/ui/src/previewmanager.cpp",110,110,"
    const auto previous = previews_;
    const auto previousBlocks = blocks_;
    previews_.clear();
    blocks_.clear();
",""
"Variable:src/ui/src/previewdecodeutils.cpp:trimmed","trimmed","src/ui/src/previewdecodeutils.cpp",32,32,"{
    HexNormalized normalized;
    auto trimmed = input.trimmed();
    if ( trimmed.startsWith( ""0x"", Qt::CaseInsensitive ) ) {
        trimmed = trimmed.mid( 2 );
",""
"Variable:src/ui/src/previewdecodeutils.cpp:digitIndex","digitIndex","src/ui/src/previewdecodeutils.cpp",39,39,"    QString digits;
    digits.reserve( trimmed.size() );
    int digitIndex = 0;
    for ( int i = 0; i < trimmed.size(); ++i ) {
        const auto ch = trimmed.at( i );
",""
"Variable:src/ui/src/previewdecodeutils.cpp:i","i","src/ui/src/previewdecodeutils.cpp",40,40,"    digits.reserve( trimmed.size() );
    int digitIndex = 0;
    for ( int i = 0; i < trimmed.size(); ++i ) {
        const auto ch = trimmed.at( i );
        if ( isWhitespaceOrSeparator( ch ) ) {
",""
"Variable:src/ui/src/previewdecodeutils.cpp:ch","ch","src/ui/src/previewdecodeutils.cpp",41,41,"    int digitIndex = 0;
    for ( int i = 0; i < trimmed.size(); ++i ) {
        const auto ch = trimmed.at( i );
        if ( isWhitespaceOrSeparator( ch ) ) {
            continue;
",""
"Variable:src/ui/src/previewdecodeutils.cpp:ok","ok","src/ui/src/previewdecodeutils.cpp",79,79,"        }
    }
    bool ok = false;
    *out = value.toLongLong( &ok, 2 );
    return ok;
",""
"Variable:src/ui/src/previewdecodeutils.cpp:normalized","normalized","src/ui/src/previewdecodeutils.cpp",105,105,"{
    HexParseResult result;
    const auto normalized = normalizeHexInput( input );
    if ( !normalized.ok ) {
        result.error = normalized.error;
",""
"Variable:src/ui/src/previewdecodeutils.cpp:digits","digits","src/ui/src/previewdecodeutils.cpp",138,138,"
    result.digitCount = normalized.digitCount;
    auto digits = normalized.digits;
    if ( digits.size() % 2 != 0 ) {
        digits.prepend( '0' );
",""
"Variable:src/ui/src/previewdecodeutils.cpp:expression","expression","src/ui/src/previewdecodeutils.cpp",168,168,"    }

    const auto expression = expr.expression.trimmed();
    if ( expression.isEmpty() ) {
        result.error = ""Expression is empty."";
",""
"Variable:src/ui/src/previewdecodeutils.cpp:total","total","src/ui/src/previewdecodeutils.cpp",174,174,"    }

    qint64 total = 0;
    bool firstTerm = true;
    bool expectTerm = true;
",""
"Variable:src/ui/src/previewdecodeutils.cpp:firstTerm","firstTerm","src/ui/src/previewdecodeutils.cpp",175,175,"
    qint64 total = 0;
    bool firstTerm = true;
    bool expectTerm = true;
    int sign = 1;
",""
"Variable:src/ui/src/previewdecodeutils.cpp:expectTerm","expectTerm","src/ui/src/previewdecodeutils.cpp",176,176,"    qint64 total = 0;
    bool firstTerm = true;
    bool expectTerm = true;
    int sign = 1;
    int pos = 0;
",""
"Variable:src/ui/src/previewdecodeutils.cpp:sign","sign","src/ui/src/previewdecodeutils.cpp",177,177,"    bool firstTerm = true;
    bool expectTerm = true;
    int sign = 1;
    int pos = 0;

",""
"Variable:src/ui/src/previewdecodeutils.cpp:pos","pos","src/ui/src/previewdecodeutils.cpp",178,178,"    bool expectTerm = true;
    int sign = 1;
    int pos = 0;

    auto skipSpaces = [ &expression, &pos ]() {
",""
"Variable:src/ui/src/previewdecodeutils.cpp:skipSpaces","skipSpaces","src/ui/src/previewdecodeutils.cpp",180,184,"    int pos = 0;

    auto skipSpaces = [ &expression, &pos ]() {
        while ( pos < expression.size() && expression.at( pos ).isSpace() ) {
            ++pos;
        }
    };

    auto parseTerm = [ &expression, &pos, &values, &result ]( qint64* out ) {
",""
"Variable:src/ui/src/previewdecodeutils.cpp:parseTerm","parseTerm","src/ui/src/previewdecodeutils.cpp",186,234,"    };

    auto parseTerm = [ &expression, &pos, &values, &result ]( qint64* out ) {
        if ( !out ) {
            return false;
        }
        if ( pos >= expression.size() ) {
            return false;
        }

        if ( expression.at( pos ) == '{' ) {
            const int start = pos + 1;
            const int end = clampToInt( expression.indexOf( '}', start ) );
            if ( end < 0 ) {
                result.error = ""Missing '}' in expression."";
                return false;
            }
            const auto key = expression.mid( start, end - start ).trimmed();
            if ( key.isEmpty() ) {
                result.error = ""Empty variable name in expression."";
                return false;
            }
            if ( !values.contains( key ) ) {
                result.missingVariable = key;
                result.error = QString( ""Missing variable %1."" ).arg( key );
                return false;
            }
            *out = values.value( key );
            pos = end + 1;
            return true;
        }

        int start = pos;
        while ( pos < expression.size() ) {
            const auto ch = expression.at( pos );
            if ( ch.isSpace() || ch == '+' || ch == '-' ) {
                break;
            }
            ++pos;
        }
        const auto token = expression.mid( start, pos - start );
        if ( token.isEmpty() ) {
            result.error = ""Expected numeric token."";
            return false;
        }
        if ( !parseSignedInteger( token, out ) ) {
            result.error = QString( ""Invalid numeric token '%1'."" ).arg( token );
            return false;
        }
        return true;
    };

    while ( pos < expression.size() ) {
",""
"Variable:src/ui/src/previewdecodeutils.cpp:start","start","src/ui/src/previewdecodeutils.cpp",195,195,"
        if ( expression.at( pos ) == '{' ) {
            const int start = pos + 1;
            const int end = clampToInt( expression.indexOf( '}', start ) );
            if ( end < 0 ) {
",""
"Variable:src/ui/src/previewdecodeutils.cpp:end","end","src/ui/src/previewdecodeutils.cpp",196,196,"        if ( expression.at( pos ) == '{' ) {
            const int start = pos + 1;
            const int end = clampToInt( expression.indexOf( '}', start ) );
            if ( end < 0 ) {
                result.error = ""Missing '}' in expression."";
",""
"Variable:src/ui/src/previewdecodeutils.cpp:key","key","src/ui/src/previewdecodeutils.cpp",201,201,"                return false;
            }
            const auto key = expression.mid( start, end - start ).trimmed();
            if ( key.isEmpty() ) {
                result.error = ""Empty variable name in expression."";
",""
"Variable:src/ui/src/previewdecodeutils.cpp:token","token","src/ui/src/previewdecodeutils.cpp",224,224,"            ++pos;
        }
        const auto token = expression.mid( start, pos - start );
        if ( token.isEmpty() ) {
            result.error = ""Expected numeric token."";
",""
"Variable:src/ui/src/previewdecodeutils.cpp:termValue","termValue","src/ui/src/previewdecodeutils.cpp",248,248,"            }

            qint64 termValue = 0;
            if ( !parseTerm( &termValue ) ) {
                return result;
",""
"Variable:src/ui/src/previewdecodeutils.cpp:it","it","src/ui/src/previewdecodeutils.cpp",317,317,"        }

        const auto it = values.find( key );
        if ( it == values.end() ) {
            resolved.append( templateText.mid( pos, end - pos + 1 ) );
",""
"Variable:src/ui/src/previewconfigparser.cpp:array","array","src/ui/src/previewconfigparser.cpp",103,103,"    }

    const auto array = value.toArray();
    fields.reserve( array.size() );
    int index = 0;
",""
"Variable:src/ui/src/previewconfigparser.cpp:index","index","src/ui/src/previewconfigparser.cpp",105,105,"    const auto array = value.toArray();
    fields.reserve( array.size() );
    int index = 0;
    for ( const auto& item : array ) {
        if ( !item.isObject() ) {
",""
"Variable:src/ui/src/previewconfigparser.cpp:nameValue","nameValue","src/ui/src/previewconfigparser.cpp",183,183,"    }

    const auto nameValue = object.value( ""name"" );
    if ( !nameValue.isString() || nameValue.toString().trimmed().isEmpty() ) {
        if ( errors ) {
",""
"Variable:src/ui/src/previewconfigparser.cpp:knownKeys","knownKeys","src/ui/src/previewconfigparser.cpp",193,207,"    out->name = nameValue.toString();

    const QSet<QString> knownKeys = { ""name"",
                                      ""source"",
                                      ""capture"",
                                      ""offset"",
                                      ""width"",
                                      ""type"",
                                      ""endianness"",
                                      ""format"",
                                      ""enumMap"",
                                      ""flagMap"",
                                      ""fields"",
                                      ""bitfieldMap"",
                                      ""regex"",
                                      ""bufferCapture"",
                                      ""block"" };
    const auto extraKeys = unknownKeys( object, knownKeys );
    for ( const auto& key : extraKeys ) {
",""
"Variable:src/ui/src/previewconfigparser.cpp:extraKeys","extraKeys","src/ui/src/previewconfigparser.cpp",208,208,"                                      ""bufferCapture"",
                                      ""block"" };
    const auto extraKeys = unknownKeys( object, knownKeys );
    for ( const auto& key : extraKeys ) {
        if ( warnings ) {
",""
"Variable:src/ui/src/previewconfigparser.cpp:ok","ok","src/ui/src/previewconfigparser.cpp",217,217,"
    if ( object.contains( ""source"" ) ) {
        bool ok = false;
        out->source = previewFieldSourceFromString( object.value( ""source"" ).toString(),
                                                    &ok );
",""
"Variable:src/ui/src/previewconfigparser.cpp:blockValue","blockValue","src/ui/src/previewconfigparser.cpp",231,231,"                           contextPrefix( context, ""bufferCapture"" ) );
    if ( object.contains( ""block"" ) ) {
        const auto blockValue = object.value( ""block"" );
        if ( blockValue.isString() ) {
            out->blockTemplate = blockValue.toString();
",""
"Variable:src/ui/src/previewconfigparser.cpp:enumObj","enumObj","src/ui/src/previewconfigparser.cpp",270,270,"
    if ( object.contains( ""enumMap"" ) ) {
        const auto enumObj = object.value( ""enumMap"" ).toObject();
        for ( auto it = enumObj.begin(); it != enumObj.end(); ++it ) {
            out->enumMap.insert( it.key(), it.value().toString() );
",""
"Variable:src/ui/src/previewconfigparser.cpp:it","it","src/ui/src/previewconfigparser.cpp",271,271,"    if ( object.contains( ""enumMap"" ) ) {
        const auto enumObj = object.value( ""enumMap"" ).toObject();
        for ( auto it = enumObj.begin(); it != enumObj.end(); ++it ) {
            out->enumMap.insert( it.key(), it.value().toString() );
        }
",""
"Variable:src/ui/src/previewconfigparser.cpp:flagObj","flagObj","src/ui/src/previewconfigparser.cpp",277,277,"
    if ( object.contains( ""flagMap"" ) ) {
        const auto flagObj = object.value( ""flagMap"" ).toObject();
        for ( auto it = flagObj.begin(); it != flagObj.end(); ++it ) {
            out->flagMap.insert( it.key(), it.value().toString() );
",""
"Variable:src/ui/src/previewconfigparser.cpp:regexValue","regexValue","src/ui/src/previewconfigparser.cpp",310,310,"
    if ( out->format == PreviewFormat::Match ) {
        const auto regexValue = object.value( ""regex"" );
        if ( !regexValue.isString() || regexValue.toString().trimmed().isEmpty() ) {
            if ( errors ) {
",""
"Variable:src/ui/src/previewconfigparser.cpp:name","name","src/ui/src/previewconfigparser.cpp",380,380,"
    const auto nameValue = object.value( ""name"" );
    const auto name = nameValue.toString();
    if ( !nameValue.isString() || name.trimmed().isEmpty() ) {
        if ( errors ) {
",""
"Variable:src/ui/src/previewconfigparser.cpp:document","document","src/ui/src/previewconfigparser.cpp",477,477,"    PreviewParseResult result;
    QJsonParseError parseError;
    const auto document = QJsonDocument::fromJson( jsonBytes, &parseError );
    if ( parseError.error != QJsonParseError::NoError ) {
        result.errors.push_back(
",""
"Variable:src/ui/src/previewconfigparser.cpp:rootObj","rootObj","src/ui/src/previewconfigparser.cpp",491,491,"    }
    else if ( document.isObject() ) {
        const auto rootObj = document.object();
        if ( rootObj.contains( ""blocks"" ) ) {
            result.blocks = parseBlockArray( rootObj.value( ""blocks"" ), &result.errors,
",""
"Variable:src/ui/src/previewconfig.cpp:key","key","src/ui/src/previewconfig.cpp",70,70,"PreviewBufferType previewBufferTypeFromString( const QString& value, bool* ok )
{
    const auto key = normalizedKey( value );
    if ( key == ""string"" ) {
        if ( ok ) {
",""
"Variable:src/ui/src/predefinedfiltersdialog.cpp:FilterIdRole","FilterIdRole","src/ui/src/predefinedfiltersdialog.cpp",55,55,"
namespace {
constexpr auto FilterIdRole = Qt::UserRole + 1;
}

",""
"Variable:src/ui/src/predefinedfiltersdialog.cpp:layout","layout","src/ui/src/predefinedfiltersdialog.cpp",63,63,"        : QWidget( parent )
    {
        auto layout = new QHBoxLayout;
        layout->setAlignment( Qt::AlignCenter );
        checkbox_ = new QCheckBox;
",""
"Variable:src/ui/src/predefinedfiltersdialog.cpp:palette","palette","src/ui/src/predefinedfiltersdialog.cpp",69,69,"        this->setLayout( layout );

        QPalette palette = this->palette();
        palette.setColor( QPalette::Base, palette.color( QPalette::Window ) );
        checkbox_->setPalette( palette );
",""
"Variable:src/ui/src/predefinedfiltersdialog.cpp:iconLoader","iconLoader","src/ui/src/predefinedfiltersdialog.cpp",112,112,"
    dispatchToObject( [ this ] {
        IconLoader iconLoader( this );

        addFilterButton->setIcon( iconLoader.load( ""icons8-plus-16"" ) );
",""
"Variable:src/ui/src/predefinedfiltersdialog.cpp:filtersCount","filtersCount","src/ui/src/predefinedfiltersdialog.cpp",131,131,"void PredefinedFiltersDialog::updateButtons()
{
    const auto filtersCount = filtersTableWidget->rowCount();
    removeFilterButton->setEnabled( filtersCount > 0 );

",""
"Variable:src/ui/src/predefinedfiltersdialog.cpp:filterIndex","filterIndex","src/ui/src/predefinedfiltersdialog.cpp",164,164,"                                                                 << tr( ""Regex"" ) );

    int filterIndex = 0;
    for ( const auto& filter : filters ) {
        auto* nameItem = new QTableWidgetItem( filter.name );
",""
"Variable:src/ui/src/predefinedfiltersdialog.cpp:rows","rows","src/ui/src/predefinedfiltersdialog.cpp",192,192,"PredefinedFiltersCollection::Collection PredefinedFiltersDialog::readFiltersTable() const
{
    const auto rows = filtersTableWidget->rowCount();

    PredefinedFiltersCollection::Collection currentFilters;
",""
"Variable:src/ui/src/predefinedfiltersdialog.cpp:i","i","src/ui/src/predefinedfiltersdialog.cpp",196,196,"    PredefinedFiltersCollection::Collection currentFilters;

    for ( auto i = 0; i < rows; ++i ) {
        if ( nullptr == filtersTableWidget->item( i, 0 )
             || nullptr == filtersTableWidget->item( i, 1 ) ) {
",""
"Variable:src/ui/src/predefinedfiltersdialog.cpp:name","name","src/ui/src/predefinedfiltersdialog.cpp",202,202,"        }

        const auto name = filtersTableWidget->item( i, 0 )->text();
        const auto value = filtersTableWidget->item( i, 1 )->text();
        auto filterId = filtersTableWidget->item( i, 0 )->data( FilterIdRole ).toString();
",""
"Variable:src/ui/src/predefinedfiltersdialog.cpp:value","value","src/ui/src/predefinedfiltersdialog.cpp",203,203,"
        const auto name = filtersTableWidget->item( i, 0 )->text();
        const auto value = filtersTableWidget->item( i, 1 )->text();
        auto filterId = filtersTableWidget->item( i, 0 )->data( FilterIdRole ).toString();
        if ( filterId.isEmpty() ) {
",""
"Variable:src/ui/src/predefinedfiltersdialog.cpp:filterId","filterId","src/ui/src/predefinedfiltersdialog.cpp",204,204,"        const auto name = filtersTableWidget->item( i, 0 )->text();
        const auto value = filtersTableWidget->item( i, 1 )->text();
        auto filterId = filtersTableWidget->item( i, 0 )->data( FilterIdRole ).toString();
        if ( filterId.isEmpty() ) {
            filterId = createPredefinedFilterId();
",""
"Variable:src/ui/src/predefinedfiltersdialog.cpp:useRegexCheckbox","useRegexCheckbox","src/ui/src/predefinedfiltersdialog.cpp",209,210,"        }

        const auto useRegexCheckbox
            = static_cast<CenteredCheckbox*>( filtersTableWidget->cellWidget( i, 2 ) );
        const auto useRegex = useRegexCheckbox ? useRegexCheckbox->isChecked() : false;

",""
"Variable:src/ui/src/predefinedfiltersdialog.cpp:useRegex","useRegex","src/ui/src/predefinedfiltersdialog.cpp",211,211,"        const auto useRegexCheckbox
            = static_cast<CenteredCheckbox*>( filtersTableWidget->cellWidget( i, 2 ) );
        const auto useRegex = useRegexCheckbox ? useRegexCheckbox->isChecked() : false;

        if ( !name.isEmpty() && !value.isEmpty() ) {
",""
"Variable:src/ui/src/predefinedfiltersdialog.cpp:newRow","newRow","src/ui/src/predefinedfiltersdialog.cpp",228,228,"void PredefinedFiltersDialog::addFilterRow( const QString& newFilter )
{
    const auto newRow = filtersTableWidget->rowCount();
    filtersTableWidget->setRowCount( newRow + 1 );
    filtersTableWidget->setItem( newRow, 1, new QTableWidgetItem( newFilter ) );
",""
"Variable:src/ui/src/predefinedfiltersdialog.cpp:regexCheckBox","regexCheckBox","src/ui/src/predefinedfiltersdialog.cpp",234,234,"    nameItem->setData( FilterIdRole, createPredefinedFilterId() );
    filtersTableWidget->setItem( newRow, 0, nameItem );
    auto regexCheckBox = new CenteredCheckbox;
    filtersTableWidget->setCellWidget( newRow, 2, regexCheckBox );

",""
"Variable:src/ui/src/predefinedfiltersdialog.cpp:currentRow","currentRow","src/ui/src/predefinedfiltersdialog.cpp",253,253,"void PredefinedFiltersDialog::moveFilterUp()
{
    const auto currentRow = filtersTableWidget->currentRow();
    const auto selectedColumn = filtersTableWidget->currentColumn();

",""
"Variable:src/ui/src/predefinedfiltersdialog.cpp:selectedColumn","selectedColumn","src/ui/src/predefinedfiltersdialog.cpp",254,254,"{
    const auto currentRow = filtersTableWidget->currentRow();
    const auto selectedColumn = filtersTableWidget->currentColumn();

    if ( currentRow >= 0 ) {
",""
"Variable:src/ui/src/predefinedfiltersdialog.cpp:column","column","src/ui/src/predefinedfiltersdialog.cpp",274,274,"{
    dispatchToObject( [ this, currentRow, newRow, selectedColumn ] {
        for ( int column = 0; column < filtersTableWidget->columnCount(); ++column ) {
            auto currentUseRegex = static_cast<CenteredCheckbox*>(
                filtersTableWidget->cellWidget( currentRow, column ) );
",""
"Variable:src/ui/src/predefinedfiltersdialog.cpp:currentUseRegex","currentUseRegex","src/ui/src/predefinedfiltersdialog.cpp",275,276,"    dispatchToObject( [ this, currentRow, newRow, selectedColumn ] {
        for ( int column = 0; column < filtersTableWidget->columnCount(); ++column ) {
            auto currentUseRegex = static_cast<CenteredCheckbox*>(
                filtersTableWidget->cellWidget( currentRow, column ) );
            auto newUseRegex = static_cast<CenteredCheckbox*>(
                filtersTableWidget->cellWidget( newRow, column ) );
",""
"Variable:src/ui/src/predefinedfiltersdialog.cpp:newUseRegex","newUseRegex","src/ui/src/predefinedfiltersdialog.cpp",277,278,"            auto currentUseRegex = static_cast<CenteredCheckbox*>(
                filtersTableWidget->cellWidget( currentRow, column ) );
            auto newUseRegex = static_cast<CenteredCheckbox*>(
                filtersTableWidget->cellWidget( newRow, column ) );

            if ( currentUseRegex && newUseRegex ) {
",""
"Variable:src/ui/src/predefinedfiltersdialog.cpp:currentCheckState","currentCheckState","src/ui/src/predefinedfiltersdialog.cpp",281,281,"
            if ( currentUseRegex && newUseRegex ) {
                const auto currentCheckState = currentUseRegex->isChecked();
                const auto newCheckState = newUseRegex->isChecked();
                currentUseRegex->setChecked( newCheckState );
",""
"Variable:src/ui/src/predefinedfiltersdialog.cpp:newCheckState","newCheckState","src/ui/src/predefinedfiltersdialog.cpp",282,282,"            if ( currentUseRegex && newUseRegex ) {
                const auto currentCheckState = currentUseRegex->isChecked();
                const auto newCheckState = newUseRegex->isChecked();
                currentUseRegex->setChecked( newCheckState );
                newUseRegex->setChecked( currentCheckState );
",""
"Variable:src/ui/src/predefinedfiltersdialog.cpp:currentItem","currentItem","src/ui/src/predefinedfiltersdialog.cpp",287,287,"            }
            else {
                auto currentItem = filtersTableWidget->takeItem( currentRow, column );
                auto newItem = filtersTableWidget->takeItem( newRow, column );

",""
"Variable:src/ui/src/predefinedfiltersdialog.cpp:newItem","newItem","src/ui/src/predefinedfiltersdialog.cpp",288,288,"            else {
                auto currentItem = filtersTableWidget->takeItem( currentRow, column );
                auto newItem = filtersTableWidget->takeItem( newRow, column );

                filtersTableWidget->setItem( newRow, column, currentItem );
",""
"Variable:src/ui/src/predefinedfiltersdialog.cpp:file","file","src/ui/src/predefinedfiltersdialog.cpp",300,302,"void PredefinedFiltersDialog::importFilters()
{
    const auto file
        = QFileDialog::getOpenFileName( this, tr( ""Select file to import"" ), """",
                                        tr( ""Predefined filters (*.conf);;All files (*)"" ) );

    if ( file.isEmpty() ) {
",""
"Variable:src/ui/src/predefinedfiltersdialog.cpp:settings","settings","src/ui/src/predefinedfiltersdialog.cpp",309,309,"
    LOG_DEBUG << ""Loading predefined filters from "" << file;
    QSettings settings{ file, QSettings::IniFormat };

    PredefinedFiltersCollection collection;
",""
"Variable:src/ui/src/predefinedfiltersdialog.cpp:role","role","src/ui/src/predefinedfiltersdialog.cpp",340,340,"    LOG_DEBUG << ""PredefinedFiltersDialog::resolveStandardButton"";

    const auto role = buttonBox->buttonRole( button );

    switch ( role ) {
",""
"Variable:src/ui/src/predefinedfilterscombobox.cpp:PatternRole","PatternRole","src/ui/src/predefinedfilterscombobox.cpp",49,49,"#include ""log.h""

constexpr int PatternRole = Qt::UserRole + 1;
constexpr int RegexRole = PatternRole + 1;
constexpr int FilterIdRole = RegexRole + 1;
",""
"Variable:src/ui/src/predefinedfilterscombobox.cpp:RegexRole","RegexRole","src/ui/src/predefinedfilterscombobox.cpp",50,50,"
constexpr int PatternRole = Qt::UserRole + 1;
constexpr int RegexRole = PatternRole + 1;
constexpr int FilterIdRole = RegexRole + 1;

",""
"Variable:src/ui/src/predefinedfilterscombobox.cpp:FilterIdRole","FilterIdRole","src/ui/src/predefinedfilterscombobox.cpp",51,51,"constexpr int PatternRole = Qt::UserRole + 1;
constexpr int RegexRole = PatternRole + 1;
constexpr int FilterIdRole = RegexRole + 1;

class QCheckListStyledItemDelegate : public QStyledItemDelegate {
",""
"Variable:src/ui/src/predefinedfilterscombobox.cpp:refToNonConstOption","refToNonConstOption","src/ui/src/predefinedfilterscombobox.cpp",63,63,"                const QModelIndex& index ) const
    {
        QStyleOptionViewItem refToNonConstOption = option;
        refToNonConstOption.showDecorationSelected = false;
        QStyledItemDelegate::paint( painter, refToNonConstOption, index );
",""
"Variable:src/ui/src/predefinedfilterscombobox.cpp:changeCheckState","changeCheckState","src/ui/src/predefinedfilterscombobox.cpp",84,95,"             } );

    const auto changeCheckState = [ this ]( const QModelIndex& index ) {
        auto item = model_->itemFromIndex( index );
        if ( !item || !item->isCheckable() ) {
            return;
        }
        if ( item->checkState() == Qt::Checked ) {
            item->setCheckState( Qt::Unchecked );
        }
        else {
            item->setCheckState( Qt::Checked );
        }
    };

    connect( view(), &QAbstractItemView::pressed, this, changeCheckState );
",""
"Variable:src/ui/src/predefinedfilterscombobox.cpp:item","item","src/ui/src/predefinedfilterscombobox.cpp",85,85,"
    const auto changeCheckState = [ this ]( const QModelIndex& index ) {
        auto item = model_->itemFromIndex( index );
        if ( !item || !item->isCheckable() ) {
            return;
",""
"Variable:src/ui/src/predefinedfilterscombobox.cpp:palette","palette","src/ui/src/predefinedfilterscombobox.cpp",100,100,"    connect( view(), &QAbstractItemView::doubleClicked, this, changeCheckState );

    QPalette palette = this->palette();
    palette.setColor( QPalette::Base, palette.color( QPalette::Window ) );
    view()->setPalette( palette );
",""
"Variable:src/ui/src/predefinedfilterscombobox.cpp:filters","filters","src/ui/src/predefinedfilterscombobox.cpp",111,111,"{
    model_->clear();
    const auto filters = filtersCollection_.getSyncedFilters();

    setTitle( tr(""Predefined filters"") );
",""
"Variable:src/ui/src/predefinedfilterscombobox.cpp:searchPattern","searchPattern","src/ui/src/predefinedfilterscombobox.cpp",130,130,"    QList<int> selectedIndexes;

    QString searchPattern = searchPattern_.newOne_;
    QString delimiter( ""\\|"" );

",""
"Variable:src/ui/src/predefinedfilterscombobox.cpp:delimiter","delimiter","src/ui/src/predefinedfilterscombobox.cpp",131,131,"
    QString searchPattern = searchPattern_.newOne_;
    QString delimiter( ""\\|"" );

    if ( searchPattern_.useLogicalCombining_ ) {
",""
"Variable:src/ui/src/predefinedfilterscombobox.cpp:parts","parts","src/ui/src/predefinedfilterscombobox.cpp",140,140,"    }

    const auto parts = searchPattern.split( QRegularExpression( delimiter ), Qt::SkipEmptyParts );
    const auto totalRows = model_->rowCount();
    for ( int filterIndex = 1; filterIndex < totalRows; ++filterIndex ) {
",""
"Variable:src/ui/src/predefinedfilterscombobox.cpp:totalRows","totalRows","src/ui/src/predefinedfilterscombobox.cpp",141,141,"
    const auto parts = searchPattern.split( QRegularExpression( delimiter ), Qt::SkipEmptyParts );
    const auto totalRows = model_->rowCount();
    for ( int filterIndex = 1; filterIndex < totalRows; ++filterIndex ) {
        const auto item = model_->item( filterIndex );
",""
"Variable:src/ui/src/predefinedfilterscombobox.cpp:filterIndex","filterIndex","src/ui/src/predefinedfilterscombobox.cpp",142,142,"    const auto parts = searchPattern.split( QRegularExpression( delimiter ), Qt::SkipEmptyParts );
    const auto totalRows = model_->rowCount();
    for ( int filterIndex = 1; filterIndex < totalRows; ++filterIndex ) {
        const auto item = model_->item( filterIndex );
        if ( item == nullptr || !item->isCheckable() ) {
",""
"Variable:src/ui/src/predefinedfilterscombobox.cpp:pattern","pattern","src/ui/src/predefinedfilterscombobox.cpp",148,148,"        }

        const auto pattern = item->data( PatternRole ).toString();
        if ( parts.contains( pattern ) ) {
            selectedIndexes.push_back( filterIndex - 1 );
",""
"Variable:src/ui/src/predefinedfilterscombobox.cpp:currentFilters","currentFilters","src/ui/src/predefinedfilterscombobox.cpp",160,160,"{
    QVariantList filters;
    const auto currentFilters = filtersCollection_.getFilters();
    const auto selectedIndexes = selectedFilterIndexes();

",""
"Variable:src/ui/src/predefinedfilterscombobox.cpp:selectedIndexes","selectedIndexes","src/ui/src/predefinedfilterscombobox.cpp",161,161,"    QVariantList filters;
    const auto currentFilters = filtersCollection_.getFilters();
    const auto selectedIndexes = selectedFilterIndexes();

    filters.reserve( currentFilters.size() );
",""
"Variable:src/ui/src/predefinedfilterscombobox.cpp:filterIt","filterIt","src/ui/src/predefinedfilterscombobox.cpp",187,190,"
    const auto currentFilters = filtersCollection_.getFilters();
    const auto filterIt = std::find_if( currentFilters.cbegin(), currentFilters.cend(),
                                        [ &filterId ]( const auto& filter ) {
                                            return filter.id == filterId;
                                        } );
    if ( filterIt == currentFilters.cend() ) {
        return std::nullopt;
",""
"Variable:src/ui/src/predefinedfilterscombobox.cpp:delimeter","delimeter","src/ui/src/predefinedfilterscombobox.cpp",219,219,"
    QString searchPattern = searchPattern_.newOne_;
    QString delimeter( ""\\|"" );

    if ( searchPattern_.useLogicalCombining_ ) {
",""
"Variable:src/ui/src/predefinedfilterscombobox.cpp:list","list","src/ui/src/predefinedfilterscombobox.cpp",227,227,"    }

    QStringList list = searchPattern.split( QRegularExpression( delimeter ) );

    const auto totalRows = model_->rowCount();
",""
"Variable:src/ui/src/predefinedfilters.cpp:size","size","src/ui/src/predefinedfilters.cpp",69,69,"            filters_.clear();

            int size = settings.beginReadArray( ""filters"" );

            filters_.reserve( size );
",""
"Variable:src/ui/src/predefinedfilters.cpp:i","i","src/ui/src/predefinedfilters.cpp",72,72,"
            filters_.reserve( size );
            for ( int i = 0; i < size; ++i ) {
                settings.setArrayIndex( i );

",""
"Variable:src/ui/src/predefinedfilters.cpp:arrayIndex","arrayIndex","src/ui/src/predefinedfilters.cpp",100,100,"
    settings.beginWriteArray( ""filters"" );
    int arrayIndex = 0;
    for ( const auto& filter : filters_ ) {
        settings.setArrayIndex( arrayIndex );
",""
"Variable:src/ui/src/pathline.cpp:menu","menu","src/ui/src/pathline.cpp",38,38,"void PathLine::contextMenuEvent( QContextMenuEvent* event )
{
    QMenu menu( this );

    auto copyFullPath = menu.addAction( tr( ""Copy full path"" ) );
",""
"Variable:src/ui/src/pathline.cpp:copyFullPath","copyFullPath","src/ui/src/pathline.cpp",40,40,"    QMenu menu( this );

    auto copyFullPath = menu.addAction( tr( ""Copy full path"" ) );
    auto copyFileName = menu.addAction( tr( ""Copy file name"" ) );
    auto openContainingFolder = menu.addAction( tr( ""Open containing folder"" ) );
",""
"Variable:src/ui/src/pathline.cpp:copyFileName","copyFileName","src/ui/src/pathline.cpp",41,41,"
    auto copyFullPath = menu.addAction( tr( ""Copy full path"" ) );
    auto copyFileName = menu.addAction( tr( ""Copy file name"" ) );
    auto openContainingFolder = menu.addAction( tr( ""Open containing folder"" ) );
    menu.addSeparator();
",""
"Variable:src/ui/src/pathline.cpp:openContainingFolder","openContainingFolder","src/ui/src/pathline.cpp",42,42,"    auto copyFullPath = menu.addAction( tr( ""Copy full path"" ) );
    auto copyFileName = menu.addAction( tr( ""Copy file name"" ) );
    auto openContainingFolder = menu.addAction( tr( ""Open containing folder"" ) );
    menu.addSeparator();
    auto copySelection = menu.addAction( tr( ""Copy"" ) );
",""
"Variable:src/ui/src/pathline.cpp:copySelection","copySelection","src/ui/src/pathline.cpp",44,44,"    auto openContainingFolder = menu.addAction( tr( ""Open containing folder"" ) );
    menu.addSeparator();
    auto copySelection = menu.addAction( tr( ""Copy"" ) );
    menu.addSeparator();
    auto selectAll = menu.addAction( tr( ""Select all"" ) );
",""
"Variable:src/ui/src/pathline.cpp:selectAll","selectAll","src/ui/src/pathline.cpp",46,46,"    auto copySelection = menu.addAction( tr( ""Copy"" ) );
    menu.addSeparator();
    auto selectAll = menu.addAction( tr( ""Select all"" ) );

    connect( copyFullPath, &QAction::triggered, this,
",""
"Variable:src/ui/src/overviewwidget.cpp:match_color","match_color","src/ui/src/overviewwidget.cpp",143,143,"void OverviewWidget::paintEvent( QPaintEvent* /* paintEvent */ )
{
    static const QColor match_color( ""red"" );
    static const QColor mark_color( ""dodgerblue"" );

",""
"Variable:src/ui/src/overviewwidget.cpp:mark_color","mark_color","src/ui/src/overviewwidget.cpp",144,144,"{
    static const QColor match_color( ""red"" );
    static const QColor mark_color( ""dodgerblue"" );

    static const QPixmap highlight_pixmap[] = {
",""
"Variable:src/ui/src/overviewwidget.cpp:painter","painter","src/ui/src/overviewwidget.cpp",157,157,"
    {
        QPainter painter( this );

        painter.fillRect( painter.viewport(), painter.background() );
",""
"Variable:src/ui/src/overviewwidget.cpp:matchLines","matchLines","src/ui/src/overviewwidget.cpp",167,167,"        // The 'match' lines
        painter.setPen( match_color );
        const auto matchLines = *( overview_->getMatchLines() );
        for ( const auto& line : matchLines ) {
            painter.setOpacity( ( 1.0 / Overview::WeightedLine::WEIGHT_STEPS )
",""
"Variable:src/ui/src/overviewwidget.cpp:markLines","markLines","src/ui/src/overviewwidget.cpp",178,178,"        // The 'mark' lines
        painter.setPen( mark_color );
        const auto markLines = *( overview_->getMarkLines() );
        for ( const auto& line : markLines ) {
            painter.setOpacity( ( 1.0 / Overview::WeightedLine::WEIGHT_STEPS )
",""
"Variable:src/ui/src/overviewwidget.cpp:viewLines","viewLines","src/ui/src/overviewwidget.cpp",190,190,"        painter.setOpacity( 1 );
        painter.setPen( palette().color( QPalette::Text ) );
        std::pair<int, int> viewLines = overview_->getViewLines();
        painter.drawLine( 1, viewLines.first, width(), viewLines.first );
        painter.drawLine( 1, viewLines.second, width(), viewLines.second );
",""
"Variable:src/ui/src/overviewwidget.cpp:position","position","src/ui/src/overviewwidget.cpp",203,203,"            painter.drawRect( 2, position - 2, width() - 2 - 2, 4 );
            */
            int position = overview_->yFromFileLine( *highlightedLine_ );
            painter.drawPixmap( ( width() - HIGHLIGHT_XPM_WIDTH ) / 2,
                                position - ( HIGHLIGHT_XPM_HEIGHT / 2 ),
",""
"Variable:src/ui/src/overviewwidget.cpp:line","line","src/ui/src/overviewwidget.cpp",225,225,"void OverviewWidget::handleMousePress( int position )
{
    const auto line = overview_->fileLineFromY( position );
    LOG_DEBUG << ""OverviewWidget::handleMousePress y="" << position << "" line="" << line;
    Q_EMIT lineClicked( line );
",""
"Variable:src/ui/src/overview.cpp:top","top","src/ui/src/overview.cpp",78,78,"std::pair<int, int> Overview::getViewLines() const
{
    int top = 0;
    int bottom = static_cast<int>( height_ ) - 1;

",""
"Variable:src/ui/src/overview.cpp:bottom","bottom","src/ui/src/overview.cpp",79,79,"{
    int top = 0;
    int bottom = static_cast<int>( height_ ) - 1;

    if ( linesInFile_.get() > 0 ) {
",""
"Variable:src/ui/src/overview.cpp:line","line","src/ui/src/overview.cpp",92,93,"LineNumber Overview::fileLineFromY( int position ) const
{
    const auto line = static_cast<LineNumber::UnderlyingType>(
        static_cast<LineNumber::UnderlyingType>( position ) * linesInFile_.get() / static_cast<LineNumber::UnderlyingType>( height_ ) );

    return LineNumber{ line };
",""
"Variable:src/ui/src/overview.cpp:position","position","src/ui/src/overview.cpp",100,100,"int Overview::yFromFileLine( LineNumber fileLine ) const
{
    int position = 0;

    if ( linesInFile_.get() > 0 )
",""
"Variable:src/ui/src/overview.cpp:lineType","lineType","src/ui/src/overview.cpp",119,119,"        if ( linesInFile_.get() > 0 ) {
            logFilteredData_->iterateOverLines( [ this ]( LineNumber line ) {
                const auto lineType = logFilteredData_->lineTypeByLine( line );
                const auto position = yFromFileLine( line );
                if ( lineType.testFlag( LogFilteredData::LineTypeFlags::Match ) ) {
",""
"Variable:src/ui/src/optionsdialog.cpp:PollIntervalMin","PollIntervalMin","src/ui/src/optionsdialog.cpp",61,61,"#include ""optionsdialog.h""

static constexpr int PollIntervalMin = 10;
static constexpr int PollIntervalMax = 3600000;

",""
"Variable:src/ui/src/optionsdialog.cpp:PollIntervalMax","PollIntervalMax","src/ui/src/optionsdialog.cpp",62,62,"
static constexpr int PollIntervalMin = 10;
static constexpr int PollIntervalMax = 3600000;

// Constructor
",""
"Variable:src/ui/src/optionsdialog.cpp:ret","ret","src/ui/src/optionsdialog.cpp",99,101,"
    connect( restoreShortcutsDefaults, &QPushButton::clicked, this, [ this ]() {
        auto ret = QMessageBox::question(
            this, ""Restore Default Shortcuts"", ""Do you want to restore default shortcuts?"",
            QMessageBox::Yes | QMessageBox::Cancel, QMessageBox::Cancel );
        if ( ret == QMessageBox::Yes )
            buildShortcutsTable( true );
",""
"Variable:src/ui/src/optionsdialog.cpp:families","families","src/ui/src/optionsdialog.cpp",138,138,"void OptionsDialog::setupFontList()
{
    const auto families = FontUtils::availableFonts();
    for ( const QString& str : families ) {
        fontFamilyBox->addItem( str );
",""
"Variable:src/ui/src/optionsdialog.cpp:availableEncodings","availableEncodings","src/ui/src/optionsdialog.cpp",166,166,"void OptionsDialog::setupEncodings()
{
    const auto availableEncodings = EncodingMenu::supportedEncodings();
    encodingComboBox->addItem( ""Auto"", -1 );

",""
"Variable:src/ui/src/optionsdialog.cpp:codec","codec","src/ui/src/optionsdialog.cpp",173,173,"    for ( const auto& group : availableEncodings ) {
        for ( const auto& mib : group.second ) {
            auto codec = QTextCodec::codecForMib( mib );
            if ( codec ) {
                allMibs.emplace( codec->name(), mib );
",""
"Variable:src/ui/src/optionsdialog.cpp:resource","resource","src/ui/src/optionsdialog.cpp",187,187,"void OptionsDialog::setupLanguageList()
{
    QResource resource( "":/i18n/Languages.xml"" );
    QByteArray bytes( reinterpret_cast<const char*>( resource.data() ), (int)resource.size() );
    QXmlStreamReader xml( bytes );
",""
"Variable:src/ui/src/optionsdialog.cpp:bytes","bytes","src/ui/src/optionsdialog.cpp",188,188,"{
    QResource resource( "":/i18n/Languages.xml"" );
    QByteArray bytes( reinterpret_cast<const char*>( resource.data() ), (int)resource.size() );
    QXmlStreamReader xml( bytes );

",""
"Variable:src/ui/src/optionsdialog.cpp:token","token","src/ui/src/optionsdialog.cpp",192,192,"
    while ( !xml.atEnd() ) {
        QXmlStreamReader::TokenType token = xml.readNext();
        if ( xml.hasError() ) {
            LOG_ERROR << ""load language error"";
",""
"Variable:src/ui/src/optionsdialog.cpp:attributes","attributes","src/ui/src/optionsdialog.cpp",199,199,"
        if ( xml.name() == QString( ""language"" ) && token == QXmlStreamReader::StartElement ) {
            QXmlStreamAttributes attributes = xml.attributes();
            languageComboBox->addItem( attributes.value( ""name"" ).toString(),
                                       attributes.value( ""ietfCode"" ).toString() );
",""
"Variable:src/ui/src/optionsdialog.cpp:current","current","src/ui/src/optionsdialog.cpp",217,217,"void OptionsDialog::browseComLogPath()
{
    auto current = comLogPathEdit->text().trimmed();
    QString initialDir;
    if ( !current.isEmpty() && QDir( current ).exists() ) {
",""
"Variable:src/ui/src/optionsdialog.cpp:dir","dir","src/ui/src/optionsdialog.cpp",226,226,"    }

    const auto dir = QFileDialog::getExistingDirectory( this, tr( ""Select log folder"" ), initialDir );
    if ( !dir.isEmpty() ) {
        comLogPathEdit->setText( dir );
",""
"Variable:src/ui/src/optionsdialog.cpp:fontInfo","fontInfo","src/ui/src/optionsdialog.cpp",324,324,"
    // Main font
    QFontInfo fontInfo = QFontInfo( config.mainFont() );

    int familyIndex = fontFamilyBox->findText( fontInfo.family() );
",""
"Variable:src/ui/src/optionsdialog.cpp:familyIndex","familyIndex","src/ui/src/optionsdialog.cpp",326,326,"    QFontInfo fontInfo = QFontInfo( config.mainFont() );

    int familyIndex = fontFamilyBox->findText( fontInfo.family() );
    if ( familyIndex != -1 )
        fontFamilyBox->setCurrentIndex( familyIndex );
",""
"Variable:src/ui/src/optionsdialog.cpp:sizeIndex","sizeIndex","src/ui/src/optionsdialog.cpp",332,332,"    updateFontSize( fontInfo.family() );

    int sizeIndex = fontSizeBox->findText( QString::number( fontInfo.pointSize() ) );
    if ( sizeIndex != -1 )
        fontSizeBox->setCurrentIndex( sizeIndex );
",""
"Variable:src/ui/src/optionsdialog.cpp:langIdx","langIdx","src/ui/src/optionsdialog.cpp",343,343,"
    // Language
    auto langIdx = languageComboBox->findData( { config.language() } );
    if ( langIdx == -1 ) {
        langIdx = 0;
",""
"Variable:src/ui/src/optionsdialog.cpp:style","style","src/ui/src/optionsdialog.cpp",349,349,"    languageComboBox->setCurrentIndex( langIdx );

    const auto style = config.style();
    if ( !styleComboBox->findText( style, Qt::MatchExactly ) ) {
        styleComboBox->setCurrentIndex( 0 );
",""
"Variable:src/ui/src/optionsdialog.cpp:encodingIndex","encodingIndex","src/ui/src/optionsdialog.cpp",413,413,"    verifySslCheckBox->setChecked( config.verifySslPeers() );

    const auto encodingIndex = encodingComboBox->findData( config.defaultEncodingMib() );
    encodingComboBox->setCurrentIndex( encodingIndex < 0 ? 0 : encodingIndex );

",""
"Variable:src/ui/src/optionsdialog.cpp:selectByData","selectByData","src/ui/src/optionsdialog.cpp",419,424,"
    // COM defaults
    auto selectByData = []( QComboBox* combo, int value ) {
        const auto idx = combo->findData( value );
        if ( idx >= 0 ) {
            combo->setCurrentIndex( idx );
        }
    };
    selectByData( comBaudComboBox, static_cast<int>( config.defaultComBaudRate() ) );
    selectByData( comDataBitsComboBox, static_cast<int>( config.defaultComDataBits() ) );
",""
"Variable:src/ui/src/optionsdialog.cpp:idx","idx","src/ui/src/optionsdialog.cpp",420,420,"    // COM defaults
    auto selectByData = []( QComboBox* combo, int value ) {
        const auto idx = combo->findData( value );
        if ( idx >= 0 ) {
            combo->setCurrentIndex( idx );
",""
"Variable:src/ui/src/optionsdialog.cpp:lineEndingIndex","lineEndingIndex","src/ui/src/optionsdialog.cpp",435,436,"    comTimestampFormatEdit->setEnabled( config.defaultComTimestampEnabled() );
    comLogTxCheckBox->setChecked( config.defaultComLogTransmits() );
    const auto lineEndingIndex
        = comActionEditorLineEndingComboBox->findData( config.defaultActionEditorLineEnding() );
    if ( lineEndingIndex >= 0 ) {
        comActionEditorLineEndingComboBox->setCurrentIndex( lineEndingIndex );
",""
"Variable:src/ui/src/optionsdialog.cpp:oldFontSize","oldFontSize","src/ui/src/optionsdialog.cpp",456,456,"void OptionsDialog::updateFontSize( const QString& fontFamily )
{
    QString oldFontSize = fontSizeBox->currentText();
    const auto sizes = FontUtils::availableFontSizes( fontFamily );

",""
"Variable:src/ui/src/optionsdialog.cpp:sizes","sizes","src/ui/src/optionsdialog.cpp",457,457,"{
    QString oldFontSize = fontSizeBox->currentText();
    const auto sizes = FontUtils::availableFontSizes( fontFamily );

    fontSizeBox->clear();
",""
"Variable:src/ui/src/optionsdialog.cpp:i","i","src/ui/src/optionsdialog.cpp",464,464,"    }
    // Now restore the size we had before
    int i = fontSizeBox->findText( oldFontSize );
    if ( i != -1 )
        fontSizeBox->setCurrentIndex( i );
",""
"Variable:src/ui/src/optionsdialog.cpp:PRIMARY_COL","PRIMARY_COL","src/ui/src/optionsdialog.cpp",489,489,"void OptionsDialog::checkShortcutsOnDuplicate() const
{
    static constexpr int PRIMARY_COL = 1;
    static constexpr int SECONDARY_COL = 2;

",""
"Variable:src/ui/src/optionsdialog.cpp:SECONDARY_COL","SECONDARY_COL","src/ui/src/optionsdialog.cpp",490,490,"{
    static constexpr int PRIMARY_COL = 1;
    static constexpr int SECONDARY_COL = 2;

    if ( !shortcutsTable->rowCount() ) {
",""
"Variable:src/ui/src/optionsdialog.cpp:DEFAULT_BACKGROUND","DEFAULT_BACKGROUND","src/ui/src/optionsdialog.cpp",496,496,"    }

    const auto DEFAULT_BACKGROUND = shortcutsTable->item( 0, PRIMARY_COL )->background();

    for ( auto shortcutRow = 0; shortcutRow < shortcutsTable->rowCount(); ++shortcutRow ) {
",""
"Variable:src/ui/src/optionsdialog.cpp:shortcutRow","shortcutRow","src/ui/src/optionsdialog.cpp",498,498,"    const auto DEFAULT_BACKGROUND = shortcutsTable->item( 0, PRIMARY_COL )->background();

    for ( auto shortcutRow = 0; shortcutRow < shortcutsTable->rowCount(); ++shortcutRow ) {
        shortcutsTable->item( shortcutRow, PRIMARY_COL )->setBackground( DEFAULT_BACKGROUND );
        shortcutsTable->item( shortcutRow, SECONDARY_COL )->setBackground( DEFAULT_BACKGROUND );
",""
"Variable:src/ui/src/optionsdialog.cpp:hasDuplicateShortcuts","hasDuplicateShortcuts","src/ui/src/optionsdialog.cpp",504,504,"
    std::unordered_map<std::string, std::pair<int, int>> uniqueShortcuts;
    bool hasDuplicateShortcuts = false;
    for ( auto shortcutRow = 0; shortcutRow < shortcutsTable->rowCount(); ++shortcutRow ) {

",""
"Variable:src/ui/src/optionsdialog.cpp:hasDuplicates","hasDuplicates","src/ui/src/optionsdialog.cpp",507,528,"    for ( auto shortcutRow = 0; shortcutRow < shortcutsTable->rowCount(); ++shortcutRow ) {

        auto hasDuplicates = [ &uniqueShortcuts, shortcutRow, this ]( int ncol ) {
            auto keySequence = static_cast<KeySequencePresenter*>(
                                   shortcutsTable->cellWidget( shortcutRow, ncol ) )
                                   ->keySequence();

            if ( !keySequence.isEmpty() ) {
                if ( auto it = uniqueShortcuts.find( keySequence.toStdString() );
                     it != uniqueShortcuts.end() ) {

                    shortcutsTable->item( it->second.first, it->second.second )
                        ->setBackground( Qt::red );
                    shortcutsTable->item( shortcutRow, ncol )->setBackground( Qt::red );

                    return true;
                }

                uniqueShortcuts.try_emplace( keySequence.toStdString(),
                                             std::make_pair( shortcutRow, ncol ) );
            }

            return false;
        };

        if ( hasDuplicates( PRIMARY_COL ) || hasDuplicates( SECONDARY_COL ) ) {
",""
"Variable:src/ui/src/optionsdialog.cpp:keySequence","keySequence","src/ui/src/optionsdialog.cpp",508,510,"
        auto hasDuplicates = [ &uniqueShortcuts, shortcutRow, this ]( int ncol ) {
            auto keySequence = static_cast<KeySequencePresenter*>(
                                   shortcutsTable->cellWidget( shortcutRow, ncol ) )
                                   ->keySequence();

            if ( !keySequence.isEmpty() ) {
",""
"Variable:src/ui/src/optionsdialog.cpp:it","it","src/ui/src/optionsdialog.cpp",513,513,"
            if ( !keySequence.isEmpty() ) {
                if ( auto it = uniqueShortcuts.find( keySequence.toStdString() );
                     it != uniqueShortcuts.end() ) {

",""
"Variable:src/ui/src/optionsdialog.cpp:mw","mw","src/ui/src/optionsdialog.cpp",541,541,"int OptionsDialog::updateTranslate()
{
    auto mw = dynamic_cast<MainWindow*>( parent() );
    return mw->installLanguage( languageComboBox->currentData().toString() );
}
",""
"Variable:src/ui/src/optionsdialog.cpp:restartAppMessage","restartAppMessage","src/ui/src/optionsdialog.cpp",547,547,"void OptionsDialog::updateConfigFromDialog()
{
    bool restartAppMessage = false;
    auto& config = Configuration::get();

",""
"Variable:src/ui/src/optionsdialog.cpp:font","font","src/ui/src/optionsdialog.cpp",550,550,"    auto& config = Configuration::get();

    QFont font = QFont( fontFamilyBox->currentText(), ( fontSizeBox->currentText() ).toInt() );
    config.setMainFont( font );
    config.setForceFontAntialiasing( fontSmoothCheckBox->isChecked() );
",""
"Variable:src/ui/src/optionsdialog.cpp:pollInterval","pollInterval","src/ui/src/optionsdialog.cpp",573,573,"    config.setNativeFileWatchEnabled( nativeFileWatchCheckBox->isChecked() );
    config.setPollingEnabled( pollingCheckBox->isChecked() );
    auto pollInterval = pollIntervalLineEdit->text().toInt();
    if ( pollInterval < PollIntervalMin )
        pollInterval = PollIntervalMin;
",""
"Variable:src/ui/src/optionsdialog.cpp:shortcuts","shortcuts","src/ui/src/optionsdialog.cpp",633,633,"        comActionEditorLineEndingComboBox->currentData().toString() );

    auto shortcuts = config.shortcuts();
    for ( auto shortcutRow = 0; shortcutRow < shortcutsTable->rowCount(); ++shortcutRow ) {
        QStringList actionKeys;
",""
"Variable:src/ui/src/optionsdialog.cpp:primaryKeySequence","primaryKeySequence","src/ui/src/optionsdialog.cpp",637,639,"        QStringList actionKeys;

        auto primaryKeySequence
            = static_cast<KeySequencePresenter*>( shortcutsTable->cellWidget( shortcutRow, 1 ) )
                  ->keySequence();
        auto secondaryKeySequence
            = static_cast<KeySequencePresenter*>( shortcutsTable->cellWidget( shortcutRow, 2 ) )
",""
"Variable:src/ui/src/optionsdialog.cpp:secondaryKeySequence","secondaryKeySequence","src/ui/src/optionsdialog.cpp",640,642,"            = static_cast<KeySequencePresenter*>( shortcutsTable->cellWidget( shortcutRow, 1 ) )
                  ->keySequence();
        auto secondaryKeySequence
            = static_cast<KeySequencePresenter*>( shortcutsTable->cellWidget( shortcutRow, 2 ) )
                  ->keySequence();
        actionKeys << primaryKeySequence << secondaryKeySequence;

",""
"Variable:src/ui/src/optionsdialog.cpp:action","action","src/ui/src/optionsdialog.cpp",645,646,"        actionKeys << primaryKeySequence << secondaryKeySequence;

        auto action
            = shortcutsTable->item( shortcutRow, 0 )->data( Qt::UserRole ).toString().toStdString();
        shortcuts[ action ] = actionKeys;
    }
",""
"Variable:src/ui/src/optionsdialog.cpp:role","role","src/ui/src/optionsdialog.cpp",679,679,"void OptionsDialog::onButtonBoxClicked( QAbstractButton* button )
{
    QDialogButtonBox::ButtonRole role = buttonBox->buttonRole( button );
    if ( ( role == QDialogButtonBox::AcceptRole ) || ( role == QDialogButtonBox::ApplyRole ) ) {
        updateConfigFromDialog();
",""
"Variable:src/ui/src/optionsdialog.cpp:editButton","editButton","src/ui/src/optionsdialog.cpp",695,695,"        = new QLabel( QKeySequence( keySequence ).toString( QKeySequence::NativeText ) );

    auto editButton = new QPushButton();
    editButton->setText( ""..."" );
    editButton->setFixedWidth( 50 );
",""
"Variable:src/ui/src/optionsdialog.cpp:layout","layout","src/ui/src/optionsdialog.cpp",699,699,"    editButton->setFixedWidth( 50 );

    auto layout = new QHBoxLayout();

    connect( editButton, &QPushButton::clicked, this, &KeySequencePresenter::showEditor );
",""
"Variable:src/ui/src/optionsdialog.cpp:label","label","src/ui/src/optionsdialog.cpp",719,719,"    QDialog keyEditDialog;

    auto label = new QLabel( ""Press new key combination"" );
    auto editor = new QKeySequenceEdit( QKeySequence( keySequenceLabel_->text() ) );
    auto clearButton = new QToolButton();
",""
"Variable:src/ui/src/optionsdialog.cpp:editor","editor","src/ui/src/optionsdialog.cpp",720,720,"
    auto label = new QLabel( ""Press new key combination"" );
    auto editor = new QKeySequenceEdit( QKeySequence( keySequenceLabel_->text() ) );
    auto clearButton = new QToolButton();
    clearButton->setText( ""Clear"" );
",""
"Variable:src/ui/src/optionsdialog.cpp:clearButton","clearButton","src/ui/src/optionsdialog.cpp",721,721,"    auto label = new QLabel( ""Press new key combination"" );
    auto editor = new QKeySequenceEdit( QKeySequence( keySequenceLabel_->text() ) );
    auto clearButton = new QToolButton();
    clearButton->setText( ""Clear"" );
    auto dialogButtons = new QDialogButtonBox( QDialogButtonBox::Ok | QDialogButtonBox::Cancel );
",""
"Variable:src/ui/src/optionsdialog.cpp:dialogButtons","dialogButtons","src/ui/src/optionsdialog.cpp",723,723,"    auto clearButton = new QToolButton();
    clearButton->setText( ""Clear"" );
    auto dialogButtons = new QDialogButtonBox( QDialogButtonBox::Ok | QDialogButtonBox::Cancel );

    auto layout = new QVBoxLayout();
",""
"Variable:src/ui/src/optionsdialog.cpp:editorLayout","editorLayout","src/ui/src/optionsdialog.cpp",727,727,"    auto layout = new QVBoxLayout();
    layout->addWidget( label );
    auto editorLayout = new QHBoxLayout();
    editorLayout->addWidget( editor );
    editorLayout->addWidget( clearButton );
",""
"Variable:src/ui/src/optionsdialog.cpp:shortcutList","shortcutList","src/ui/src/optionsdialog.cpp",750,750,"
    const auto& config = Configuration::get();
    auto shortcutList = ShortcutAction::defaultShortcutList();
    if ( !useDefaultsOnly ) {
        for ( const auto& [ action, keys ] : config.shortcuts() ) {
",""
"Variable:src/ui/src/optionsdialog.cpp:currentRow","currentRow","src/ui/src/optionsdialog.cpp",758,758,"
    for ( const auto& [ action, shortCut ] : shortcutList ) {
        auto currentRow = shortcutsTable->rowCount();
        shortcutsTable->insertRow( currentRow );

",""
"Variable:src/ui/src/optionsdialog.cpp:keyItem","keyItem","src/ui/src/optionsdialog.cpp",761,761,"        shortcutsTable->insertRow( currentRow );

        auto keyItem = new QTableWidgetItem( shortCut.name );
        keyItem->setFlags( Qt::ItemIsEnabled | Qt::ItemIsSelectable );
        keyItem->setData( Qt::UserRole, QString::fromStdString( action ) );
",""
"Variable:src/ui/src/opencomportdialog.cpp:row","row","src/ui/src/opencomportdialog.cpp",29,29,"    auto* mainLayout = new QVBoxLayout( this );
    auto* grid = new QGridLayout();
    int row = 0;

    portCombo_ = new QComboBox( this );
",""
"Variable:src/ui/src/opencomportdialog.cpp:selectByValue","selectByValue","src/ui/src/opencomportdialog.cpp",95,100,"
    const auto& config = Configuration::get();
    auto selectByValue = []( QComboBox* combo, int value ) {
        const auto idx = combo->findData( value );
        if ( idx >= 0 ) {
            combo->setCurrentIndex( idx );
        }
    };
    selectByValue( baudCombo_, config.defaultComBaudRate() );
    selectByValue( dataBitsCombo_, config.defaultComDataBits() );
",""
"Variable:src/ui/src/opencomportdialog.cpp:idx","idx","src/ui/src/opencomportdialog.cpp",96,96,"    const auto& config = Configuration::get();
    auto selectByValue = []( QComboBox* combo, int value ) {
        const auto idx = combo->findData( value );
        if ( idx >= 0 ) {
            combo->setCurrentIndex( idx );
",""
"Variable:src/ui/src/opencomportdialog.cpp:info","info","src/ui/src/opencomportdialog.cpp",109,109,"    if ( !config.defaultComLogPath().isEmpty() ) {
        fileEdit_->setText( config.defaultComLogPath() );
        const QFileInfo info( config.defaultComLogPath() );
        userEditedPath_ = !info.isDir();
    }
",""
"Variable:src/ui/src/opencomportdialog.cpp:suggested","suggested","src/ui/src/opencomportdialog.cpp",133,133,"    // Ensure filename is present even if only a directory was loaded from config.
    if ( QFileInfo( fileEdit_->text() ).isDir() ) {
        const auto suggested = suggestedFileName();
        fileEdit_->setText( suggested );
        lastSuggestedPath_ = suggested;
",""
"Variable:src/ui/src/opencomportdialog.cpp:currentPath","currentPath","src/ui/src/opencomportdialog.cpp",163,163,"void OpenComPortDialog::updateSuggestedFileName()
{
    const auto currentPath = fileEdit_->text().trimmed();

    auto makeSuggested = [&]() {
",""
"Variable:src/ui/src/opencomportdialog.cpp:makeSuggested","makeSuggested","src/ui/src/opencomportdialog.cpp",165,171,"    const auto currentPath = fileEdit_->text().trimmed();

    auto makeSuggested = [&]() {
        SerialCaptureSettings settings = defaultSerialCaptureSettings();
        settings.portName = portCombo_->currentData().toString();
        settings.baudRate = baudCombo_->currentData().toInt();
        settings.filePath = currentPath;
        return suggestedComCapturePath( settings );
    };

    const auto suggested = makeSuggested();
",""
"Variable:src/ui/src/opencomportdialog.cpp:settings","settings","src/ui/src/opencomportdialog.cpp",166,166,"
    auto makeSuggested = [&]() {
        SerialCaptureSettings settings = defaultSerialCaptureSettings();
        settings.portName = portCombo_->currentData().toString();
        settings.baudRate = baudCombo_->currentData().toInt();
",""
"Variable:src/ui/src/opencomportdialog.cpp:canUpdate","canUpdate","src/ui/src/opencomportdialog.cpp",174,175,"
    const auto suggested = makeSuggested();
    const bool canUpdate
        = !userEditedPath_ || currentPath.isEmpty() || currentPath == lastSuggestedPath_;

    if ( canUpdate ) {
",""
"Variable:src/ui/src/opencomportdialog.cpp:selected","selected","src/ui/src/opencomportdialog.cpp",188,190,"void OpenComPortDialog::browseForFile()
{
    const auto selected = QFileDialog::getSaveFileName(
        this, tr( ""Capture log file"" ), fileEdit_->text(),
        tr( ""Log files (*.log);;All files (*)"" ) );
    if ( selected.isEmpty() ) {
        return;
",""
"Variable:src/ui/src/opencomportdialog.cpp:path","path","src/ui/src/opencomportdialog.cpp",202,202,"void OpenComPortDialog::validateInputs()
{
    const auto path = fileEdit_->text().trimmed();
    bool validPath = false;
    if ( !path.isEmpty() ) {
",""
"Variable:src/ui/src/opencomportdialog.cpp:validPath","validPath","src/ui/src/opencomportdialog.cpp",203,203,"{
    const auto path = fileEdit_->text().trimmed();
    bool validPath = false;
    if ( !path.isEmpty() ) {
        const QFileInfo info( path );
",""
"Variable:src/ui/src/opencomportdialog.cpp:dir","dir","src/ui/src/opencomportdialog.cpp",206,206,"    if ( !path.isEmpty() ) {
        const QFileInfo info( path );
        const QDir dir( info.absolutePath() );
        validPath = dir.exists();
    }
",""
"Variable:src/ui/src/opencomportdialog.cpp:currentIndex","currentIndex","src/ui/src/opencomportdialog.cpp",210,210,"    }

    const auto currentIndex = portCombo_->currentIndex();
    const bool hasPort = !portCombo_->currentData().toString().isEmpty();
    const bool portEnabled = isPortItemEnabled( currentIndex );
",""
"Variable:src/ui/src/opencomportdialog.cpp:hasPort","hasPort","src/ui/src/opencomportdialog.cpp",211,211,"
    const auto currentIndex = portCombo_->currentIndex();
    const bool hasPort = !portCombo_->currentData().toString().isEmpty();
    const bool portEnabled = isPortItemEnabled( currentIndex );
    const bool validFormat = !timestampCheck_->isChecked()
",""
"Variable:src/ui/src/opencomportdialog.cpp:portEnabled","portEnabled","src/ui/src/opencomportdialog.cpp",212,212,"    const auto currentIndex = portCombo_->currentIndex();
    const bool hasPort = !portCombo_->currentData().toString().isEmpty();
    const bool portEnabled = isPortItemEnabled( currentIndex );
    const bool validFormat = !timestampCheck_->isChecked()
                             || !timestampFormatEdit_->text().trimmed().isEmpty();
",""
"Variable:src/ui/src/opencomportdialog.cpp:validFormat","validFormat","src/ui/src/opencomportdialog.cpp",213,214,"    const bool hasPort = !portCombo_->currentData().toString().isEmpty();
    const bool portEnabled = isPortItemEnabled( currentIndex );
    const bool validFormat = !timestampCheck_->isChecked()
                             || !timestampFormatEdit_->text().trimmed().isEmpty();
    openButton_->setEnabled( validPath && hasPort && portEnabled && validFormat );
}
",""
"Variable:src/ui/src/opencomportdialog.cpp:ports","ports","src/ui/src/opencomportdialog.cpp",228,228,"    portCombo_->setEnabled( true );

    const auto ports = QSerialPortInfo::availablePorts();
    if ( ports.isEmpty() ) {
        portCombo_->addItem( tr( ""none"" ), QString() );
",""
"Variable:src/ui/src/opencomportdialog.cpp:firstEnabled","firstEnabled","src/ui/src/opencomportdialog.cpp",236,236,"
    auto* model = qobject_cast<QStandardItemModel*>( portCombo_->model() );
    int firstEnabled = -1;

    for ( const auto& port : ports ) {
",""
"Variable:src/ui/src/opencomportdialog.cpp:portName","portName","src/ui/src/opencomportdialog.cpp",239,239,"
    for ( const auto& port : ports ) {
        const auto portName = port.portName();
        const bool inUse = StreamSourceRegistry::get().isSerialPortActive( portName );
        auto label = port.description().isEmpty()
",""
"Variable:src/ui/src/opencomportdialog.cpp:inUse","inUse","src/ui/src/opencomportdialog.cpp",240,240,"    for ( const auto& port : ports ) {
        const auto portName = port.portName();
        const bool inUse = StreamSourceRegistry::get().isSerialPortActive( portName );
        auto label = port.description().isEmpty()
                         ? portName
",""
"Variable:src/ui/src/opencomportdialog.cpp:label","label","src/ui/src/opencomportdialog.cpp",241,243,"        const auto portName = port.portName();
        const bool inUse = StreamSourceRegistry::get().isSerialPortActive( portName );
        auto label = port.description().isEmpty()
                         ? portName
                         : QString( ""%1 (%2)"" ).arg( portName, port.description() );
        if ( inUse ) {
            label = QString( ""%1 (%2)"" ).arg( label, tr( ""in use"" ) );
",""
"Variable:src/ui/src/opencomportdialog.cpp:index","index","src/ui/src/opencomportdialog.cpp",249,249,"        portCombo_->addItem( label, portName );

        const auto index = portCombo_->count() - 1;
        if ( model ) {
            if ( auto* item = model->item( index ) ) {
",""
"Variable:src/ui/src/menu.cpp:relativePos","relativePos","src/ui/src/menu.cpp",109,109,"    // move doesn't happen over MainWindow, since the mouse is over
    // the menu even when out of the activeRegion.
    QPoint relativePos = parentMenu->mapFromGlobal( position );
    QRect activeRegion( relativePos.x(), relativePos.y(), 1, 1 );
    QToolTip::showText( position, toolTip, parentMenu, activeRegion );
",""
"Variable:src/ui/src/menu.cpp:activeRegion","activeRegion","src/ui/src/menu.cpp",110,110,"    // the menu even when out of the activeRegion.
    QPoint relativePos = parentMenu->mapFromGlobal( position );
    QRect activeRegion( relativePos.x(), relativePos.y(), 1, 1 );
    QToolTip::showText( position, toolTip, parentMenu, activeRegion );
}
",""
"Variable:src/ui/src/menu.cpp:nowMousePosition","nowMousePosition","src/ui/src/menu.cpp",122,122,"void HoverMenu::mouseMoveEvent( QMouseEvent* ev )
{
    auto nowMousePosition = mouseInMenu( ev->pos() );

    // hide the menu list if the mouse leaves the menu.
",""
"Variable:src/ui/src/mainwindow.cpp:iconSize","iconSize","src/ui/src/mainwindow.cpp",144,144,"
QIcon makePythonScriptRunnerIcon() {
    constexpr auto iconSize = 20;

    QPixmap pixmap( iconSize, iconSize );
",""
"Variable:src/ui/src/mainwindow.cpp:painter","painter","src/ui/src/mainwindow.cpp",149,149,"    pixmap.fill( Qt::transparent );

    QPainter painter( &pixmap );
    painter.setRenderHint( QPainter::Antialiasing, true );

",""
"Variable:src/ui/src/mainwindow.cpp:font","font","src/ui/src/mainwindow.cpp",152,152,"    painter.setRenderHint( QPainter::Antialiasing, true );

    auto font = painter.font();
    font.setBold( true );
    font.setPixelSize( 11 );
",""
"Variable:src/ui/src/mainwindow.cpp:crawler","crawler","src/ui/src/mainwindow.cpp",173,173,"    }

    QPointer<CrawlerWidget> crawler = crawler_widget;
    dispatchToObject(
        [ crawler ]() {
",""
"Variable:src/ui/src/mainwindow.cpp:shortName","shortName","src/ui/src/mainwindow.cpp",208,208,"    }

    const auto shortName = QFileInfo( fileName ).fileName();
    StartupProgress::advance( QObject::tr( ""Preparing tab"" ), shortName );

",""
"Variable:src/ui/src/mainwindow.cpp:StartupPrepareTimeoutMs","StartupPrepareTimeoutMs","src/ui/src/mainwindow.cpp",216,216,"    }

    constexpr int StartupPrepareTimeoutMs = 120000;
    constexpr int StartupPollIntervalMs = 50;

",""
"Variable:src/ui/src/mainwindow.cpp:StartupPollIntervalMs","StartupPollIntervalMs","src/ui/src/mainwindow.cpp",217,217,"
    constexpr int StartupPrepareTimeoutMs = 120000;
    constexpr int StartupPollIntervalMs = 50;

    bool timedOut = false;
",""
"Variable:src/ui/src/mainwindow.cpp:timedOut","timedOut","src/ui/src/mainwindow.cpp",219,219,"    constexpr int StartupPollIntervalMs = 50;

    bool timedOut = false;
    qint64 lastReportedSecond = -1;
    QEventLoop waitLoop;
",""
"Variable:src/ui/src/mainwindow.cpp:lastReportedSecond","lastReportedSecond","src/ui/src/mainwindow.cpp",220,220,"
    bool timedOut = false;
    qint64 lastReportedSecond = -1;
    QEventLoop waitLoop;
    QElapsedTimer elapsed;
",""
"Variable:src/ui/src/mainwindow.cpp:tryFinish","tryFinish","src/ui/src/mainwindow.cpp",228,232,"    pollTimer.setSingleShot( false );

    const auto tryFinish = [ &waitLoop, crawler_widget ]() {
        if ( !crawler_widget->isStartupPreparationPending() ) {
            waitLoop.quit();
        }
    };

    const auto loadingFinishedConnection = QObject::connect(
",""
"Variable:src/ui/src/mainwindow.cpp:loadingFinishedConnection","loadingFinishedConnection","src/ui/src/mainwindow.cpp",234,243,"    };

    const auto loadingFinishedConnection = QObject::connect(
        crawler_widget, &CrawlerWidget::loadingFinished, &waitLoop, [ & ]( LoadingStatus status ) {
            const auto detail = QObject::tr( ""%1 (%2)"" )
                                    .arg( shortName,
                                          status == LoadingStatus::Successful
                                              ? QObject::tr( ""loading completed"" )
                                              : QObject::tr( ""loading failed"" ) );
            StartupProgress::advance( QObject::tr( ""Preparing tab"" ), detail );
            tryFinish();
        } );

    const auto loadingProgressConnection = QObject::connect(
",""
"Variable:src/ui/src/mainwindow.cpp:detail","detail","src/ui/src/mainwindow.cpp",236,240,"    const auto loadingFinishedConnection = QObject::connect(
        crawler_widget, &CrawlerWidget::loadingFinished, &waitLoop, [ & ]( LoadingStatus status ) {
            const auto detail = QObject::tr( ""%1 (%2)"" )
                                    .arg( shortName,
                                          status == LoadingStatus::Successful
                                              ? QObject::tr( ""loading completed"" )
                                              : QObject::tr( ""loading failed"" ) );
            StartupProgress::advance( QObject::tr( ""Preparing tab"" ), detail );
            tryFinish();
",""
"Variable:src/ui/src/mainwindow.cpp:loadingProgressConnection","loadingProgressConnection","src/ui/src/mainwindow.cpp",245,249,"        } );

    const auto loadingProgressConnection = QObject::connect(
        crawler_widget, &CrawlerWidget::loadingProgressed, &waitLoop, [ & ]( int progress ) {
            StartupProgress::advance( QObject::tr( ""Preparing tab"" ),
                                      QObject::tr( ""%1 (%2%)"" ).arg( shortName ).arg( progress ) );
        } );

    const auto pollConnection = QObject::connect( &pollTimer, &QTimer::timeout, &waitLoop, [ & ]() {
",""
"Variable:src/ui/src/mainwindow.cpp:pollConnection","pollConnection","src/ui/src/mainwindow.cpp",251,272,"        } );

    const auto pollConnection = QObject::connect( &pollTimer, &QTimer::timeout, &waitLoop, [ & ]() {
        tryFinish();
        if ( !crawler_widget->isStartupPreparationPending() ) {
            return;
        }

        const auto elapsedMs = elapsed.elapsed();
        if ( elapsedMs >= StartupPrepareTimeoutMs ) {
            timedOut = true;
            waitLoop.quit();
            return;
        }

        const qint64 elapsedSeconds = elapsedMs / 1000;
        if ( elapsedSeconds != lastReportedSecond ) {
            lastReportedSecond = elapsedSeconds;
            StartupProgress::message( QObject::tr( ""Preparing tab"" ),
                                      QObject::tr( ""%1 (waiting %2s)"" )
                                          .arg( shortName )
                                          .arg( elapsedSeconds ) );
        }
    } );

    pollTimer.start();
",""
"Variable:src/ui/src/mainwindow.cpp:elapsedMs","elapsedMs","src/ui/src/mainwindow.cpp",257,257,"        }

        const auto elapsedMs = elapsed.elapsed();
        if ( elapsedMs >= StartupPrepareTimeoutMs ) {
            timedOut = true;
",""
"Variable:src/ui/src/mainwindow.cpp:elapsedSeconds","elapsedSeconds","src/ui/src/mainwindow.cpp",264,264,"        }

        const qint64 elapsedSeconds = elapsedMs / 1000;
        if ( elapsedSeconds != lastReportedSecond ) {
            lastReportedSecond = elapsedSeconds;
",""
"Variable:src/ui/src/mainwindow.cpp:ClipboardMaxTry","ClipboardMaxTry","src/ui/src/mainwindow.cpp",297,297,"}

static constexpr auto ClipboardMaxTry = 5;
static const auto ActionsPortSuffix = QStringLiteral( "" (actions)"" );

",""
"Variable:src/ui/src/mainwindow.cpp:ActionsPortSuffix","ActionsPortSuffix","src/ui/src/mainwindow.cpp",298,298,"
static constexpr auto ClipboardMaxTry = 5;
static const auto ActionsPortSuffix = QStringLiteral( "" (actions)"" );

QString automationDisplayText( const QObject* object )
",""
"Variable:src/ui/src/mainwindow.cpp:text","text","src/ui/src/mainwindow.cpp",307,307,"
    if ( const auto* action = qobject_cast<const QAction*>( object ) ) {
        auto text = action->text();
        text.remove( '&' );
        return text;
",""
"Variable:src/ui/src/mainwindow.cpp:title","title","src/ui/src/mainwindow.cpp",313,313,"
    if ( const auto* menu = qobject_cast<const QMenu*>( object ) ) {
        auto title = menu->title();
        title.remove( '&' );
        return title;
",""
"Variable:src/ui/src/mainwindow.cpp:textPropertyIndex","textPropertyIndex","src/ui/src/mainwindow.cpp",318,318,"    }

    const auto textPropertyIndex = object->metaObject()->indexOfProperty( ""text"" );
    if ( textPropertyIndex >= 0 ) {
        auto text = object->property( ""text"" ).toString();
",""
"Variable:src/ui/src/mainwindow.cpp:windowTitle","windowTitle","src/ui/src/mainwindow.cpp",328,328,"
    if ( const auto* widget = qobject_cast<const QWidget*>( object ) ) {
        auto windowTitle = widget->windowTitle();
        windowTitle.remove( '&' );
        return windowTitle;
",""
"Variable:src/ui/src/mainwindow.cpp:topLeft","topLeft","src/ui/src/mainwindow.cpp",382,382,"    }

    const auto topLeft = ( widget == rootWidget ) ? QPoint{} : widget->mapTo( rootWidget, QPoint{} );
    bounds.insert( QStringLiteral( ""x"" ), topLeft.x() );
    bounds.insert( QStringLiteral( ""y"" ), topLeft.y() );
",""
"Variable:src/ui/src/mainwindow.cpp:objectChildren","objectChildren","src/ui/src/mainwindow.cpp",427,427,"
    QVariantList children;
    const auto objectChildren = object->children();
    children.reserve( objectChildren.size() );
    for ( const auto* child : objectChildren ) {
",""
"Variable:src/ui/src/mainwindow.cpp:geometry","geometry","src/ui/src/mainwindow.cpp",481,481,"
    // Default geometry
    const QRect geometry = QApplication::primaryScreen()->availableGeometry();
    setGeometry( geometry.x() + 20, geometry.y() + 40, geometry.width() - 140,
                 geometry.height() - 140 );
",""
"Variable:src/ui/src/mainwindow.cpp:scratchSize","scratchSize","src/ui/src/mainwindow.cpp",549,549,"    previewWindow_.setWindowIcon( mainIcon_ );
    previewWindow_.setWindowTitle( tr( ""CILogg - previewer"" ) );
    if ( const auto scratchSize = scratchPad_.sizeHint(); scratchSize.isValid() ) {
        previewWindow_.resize( scratchSize.width() * 2, scratchSize.height() * 3 / 2 );
    }
",""
"Variable:src/ui/src/mainwindow.cpp:followFileOnLoad","followFileOnLoad","src/ui/src/mainwindow.cpp",621,621,"    StartupProgress::advance( tr( ""Restoring session"" ), tr( ""Restoring opened tabs"" ) );
    const auto& config = Configuration::get();
    const auto followFileOnLoad = config.followFileOnLoad() && config.anyFileWatchEnabled();

    int current_file_index = -1;
",""
"Variable:src/ui/src/mainwindow.cpp:current_file_index","current_file_index","src/ui/src/mainwindow.cpp",623,623,"    const auto followFileOnLoad = config.followFileOnLoad() && config.anyFileWatchEnabled();

    int current_file_index = -1;
    const auto openedFiles
        = session_.restore( [] { return new CrawlerWidget(); }, &current_file_index );
",""
"Variable:src/ui/src/mainwindow.cpp:openedFiles","openedFiles","src/ui/src/mainwindow.cpp",624,625,"
    int current_file_index = -1;
    const auto openedFiles
        = session_.restore( [] { return new CrawlerWidget(); }, &current_file_index );

    for ( const auto& open_file : openedFiles ) {
",""
"Variable:src/ui/src/mainwindow.cpp:file_name","file_name","src/ui/src/mainwindow.cpp",628,628,"
    for ( const auto& open_file : openedFiles ) {
        QString file_name = open_file.fileName;
        StartupProgress::advance( tr( ""Restoring tab"" ), QFileInfo( file_name ).fileName() );
        auto* crawler_widget = static_cast<CrawlerWidget*>( open_file.view );
",""
"Variable:src/ui/src/mainwindow.cpp:streamSettings","streamSettings","src/ui/src/mainwindow.cpp",637,637,"
            if ( !open_file.streamContext.trimmed().isEmpty() ) {
                auto streamSettings = deserializeSerialCaptureSettings( open_file.streamContext );
                if ( streamSettings ) {
                    streamSettings->filePath = file_name;
",""
"Variable:src/ui/src/mainwindow.cpp:i","i","src/ui/src/mainwindow.cpp",687,687,"    }

    for ( auto i = 0; i < mainTabWidget_.count(); ++i ) {
        auto* crawler = qobject_cast<CrawlerWidget*>( mainTabWidget_.widget( i ) );
        if ( crawler != nullptr && crawler->isStartupPreparationPending() ) {
",""
"Variable:src/ui/src/mainwindow.cpp:url","url","src/ui/src/mainwindow.cpp",716,716,"                                       tr( ""Failed to open file %1."" ).arg( request.filePath ) );
    case CommanderAction::OpenUrl: {
        const auto url = QUrl::fromUserInput( request.url );
        if ( !url.isValid() || url.isEmpty() ) {
            return commanderFailure( CommanderResultCode::InvalidRequest,
",""
"Variable:src/ui/src/mainwindow.cpp:settings","settings","src/ui/src/mainwindow.cpp",724,724,"    }
    case CommanderAction::OpenCom: {
        auto settings = resolveCommanderComSettings( request.comSettings );
        QString errorMessage;
        if ( !startComCaptureSession( settings, { false, false, true }, &errorMessage ) ) {
",""
"Variable:src/ui/src/mainwindow.cpp:index","index","src/ui/src/mainwindow.cpp",825,825,"    QVariantList tabs;

    for ( int index = 0; index < mainTabWidget_.count(); ++index ) {
        auto* widget = qobject_cast<CrawlerWidget*>( mainTabWidget_.widget( index ) );
        if ( widget == nullptr ) {
",""
"Variable:src/ui/src/mainwindow.cpp:filePath","filePath","src/ui/src/mainwindow.cpp",831,831,"        }

        const auto filePath = session_.getFilename( widget );
        if ( filePath.isEmpty() ) {
            continue;
",""
"Variable:src/ui/src/mainwindow.cpp:tabId","tabId","src/ui/src/mainwindow.cpp",837,837,"
        QVariantMap tabInfo;
        const auto tabId = mainTabWidget_.tabIdAt( index );
        tabInfo.insert( QStringLiteral( ""tabId"" ), tabId );
        tabInfo.insert( QStringLiteral( ""tabIndex"" ), index );
",""
"Variable:src/ui/src/mainwindow.cpp:remoteSource","remoteSource","src/ui/src/mainwindow.cpp",858,858,"        }
        else {
            const auto remoteSource = remoteFileSources_.find( filePath );
            if ( remoteSource != remoteFileSources_.cend() ) {
                tabInfo.insert( QStringLiteral( ""sourceType"" ), QStringLiteral( ""url"" ) );
",""
"Variable:src/ui/src/mainwindow.cpp:currentTabIndex","currentTabIndex","src/ui/src/mainwindow.cpp",881,881,"
    QVariantMap windowInfo;
    const auto currentTabIndex = mainTabWidget_.currentIndex();
    windowInfo.insert( QStringLiteral( ""windowId"" ), session_.windowId() );
    windowInfo.insert( QStringLiteral( ""windowIndex"" ),
",""
"Variable:src/ui/src/mainwindow.cpp:payload","payload","src/ui/src/mainwindow.cpp",895,895,"QVariantMap MainWindow::automationSnapshot() const
{
    auto payload = automationTree();
    payload.insert( QStringLiteral( ""schemaVersion"" ), 1 );
    payload.insert( QStringLiteral( ""windowTitle"" ), windowTitle() );
",""
"Variable:src/ui/src/mainwindow.cpp:knownActions","knownActions","src/ui/src/mainwindow.cpp",912,912,"{
    QVariantList actions;
    const auto knownActions = findChildren<QAction*>( QString{}, Qt::FindChildrenRecursively );
    for ( const auto* action : knownActions ) {
        if ( action == nullptr || action->objectName().isEmpty() ) {
",""
"Variable:src/ui/src/mainwindow.cpp:windowInfo","windowInfo","src/ui/src/mainwindow.cpp",924,924,"QVariantMap MainWindow::automationState() const
{
    const auto windowInfo = commanderWindowInfo();
    const auto tabs = windowInfo.value( QStringLiteral( ""tabs"" ) ).toList();
    const auto activeTabIndex = mainTabWidget_.currentIndex();
",""
"Variable:src/ui/src/mainwindow.cpp:tabs","tabs","src/ui/src/mainwindow.cpp",925,925,"{
    const auto windowInfo = commanderWindowInfo();
    const auto tabs = windowInfo.value( QStringLiteral( ""tabs"" ) ).toList();
    const auto activeTabIndex = mainTabWidget_.currentIndex();
    const auto* crawler = currentCrawlerWidget();
",""
"Variable:src/ui/src/mainwindow.cpp:activeTabIndex","activeTabIndex","src/ui/src/mainwindow.cpp",926,926,"    const auto windowInfo = commanderWindowInfo();
    const auto tabs = windowInfo.value( QStringLiteral( ""tabs"" ) ).toList();
    const auto activeTabIndex = mainTabWidget_.currentIndex();
    const auto* crawler = currentCrawlerWidget();

",""
"Variable:src/ui/src/mainwindow.cpp:visibleRange","visibleRange","src/ui/src/mainwindow.cpp",981,981,"
    if ( crawler != nullptr ) {
        const auto visibleRange = crawler->visibleLineRange();
        const auto mainVisibleRange = crawler->mainVisibleLineRange();
        const auto filteredVisibleRange = crawler->filteredVisibleLineRange();
",""
"Variable:src/ui/src/mainwindow.cpp:mainVisibleRange","mainVisibleRange","src/ui/src/mainwindow.cpp",982,982,"    if ( crawler != nullptr ) {
        const auto visibleRange = crawler->visibleLineRange();
        const auto mainVisibleRange = crawler->mainVisibleLineRange();
        const auto filteredVisibleRange = crawler->filteredVisibleLineRange();
        state.insert( QStringLiteral( ""visibleLineStart"" ), visibleRange.value( QStringLiteral( ""start"" ) ) );
",""
"Variable:src/ui/src/mainwindow.cpp:filteredVisibleRange","filteredVisibleRange","src/ui/src/mainwindow.cpp",983,983,"        const auto visibleRange = crawler->visibleLineRange();
        const auto mainVisibleRange = crawler->mainVisibleLineRange();
        const auto filteredVisibleRange = crawler->filteredVisibleLineRange();
        state.insert( QStringLiteral( ""visibleLineStart"" ), visibleRange.value( QStringLiteral( ""start"" ) ) );
        state.insert( QStringLiteral( ""visibleLineEnd"" ), visibleRange.value( QStringLiteral( ""end"" ) ) );
",""
"Variable:src/ui/src/mainwindow.cpp:match","match","src/ui/src/mainwindow.cpp",997,999,"
    if ( activeTabIndex >= 0 ) {
        const auto match = std::find_if( tabs.cbegin(), tabs.cend(), [ activeTabIndex ]( const auto& tabValue ) {
            return tabValue.toMap().value( QStringLiteral( ""tabIndex"" ) ).toInt() == activeTabIndex;
        } );
        if ( match != tabs.cend() ) {
            const auto activeTab = match->toMap();
",""
"Variable:src/ui/src/mainwindow.cpp:activeTab","activeTab","src/ui/src/mainwindow.cpp",1001,1001,"        } );
        if ( match != tabs.cend() ) {
            const auto activeTab = match->toMap();
            state.insert( QStringLiteral( ""sourceType"" ),
                          activeTab.value( QStringLiteral( ""sourceType"" ) ).toString() );
",""
"Variable:src/ui/src/mainwindow.cpp:invoked","invoked","src/ui/src/mainwindow.cpp",1058,1060,"    }

    const auto invoked = QMetaObject::invokeMethod( qApp, ""publishScriptEvent"",
                                                    Qt::DirectConnection,
                                                    Q_ARG( QVariantMap, event ) );
    if ( !invoked ) {
        LOG_WARNING << ""Failed to publish script event"";
",""
"Variable:src/ui/src/mainwindow.cpp:event","event","src/ui/src/mainwindow.cpp",1069,1069,"                                              const QString& eventType ) const
{
    auto event = scriptEventContextForFile( filePath );
    if ( event.isEmpty() ) {
        return;
",""
"Variable:src/ui/src/mainwindow.cpp:active","active","src/ui/src/mainwindow.cpp",1166,1166,"    for ( int index = 0; index < mainTabWidget_.count(); ++index ) {
        const auto tabId = mainTabWidget_.tabIdAt( index );
        bool active = false;
        if ( applicationHasMethod( ""hasActiveScriptForTab(QString)"" ) ) {
            QMetaObject::invokeMethod( qApp, ""hasActiveScriptForTab"", Qt::DirectConnection,
",""
"Variable:src/ui/src/mainwindow.cpp:document","document","src/ui/src/mainwindow.cpp",1217,1217,"
    QJsonParseError parseError;
    const auto document = QJsonDocument::fromJson( scriptContext.toUtf8(), &parseError );
    if ( parseError.error != QJsonParseError::NoError || !document.isObject() ) {
        LOG_WARNING << ""Invalid script context for restored tab"";
",""
"Variable:src/ui/src/mainwindow.cpp:scriptBinding","scriptBinding","src/ui/src/mainwindow.cpp",1223,1223,"    }

    auto scriptBinding = document.object().toVariantMap();
    scriptBinding.insert( QStringLiteral( ""tabId"" ), mainTabWidget_.tabIdAt( index ) );
    scriptBinding.insert( QStringLiteral( ""tabIndex"" ), index );
",""
"Variable:src/ui/src/mainwindow.cpp:transMenu","transMenu","src/ui/src/mainwindow.cpp",1256,1258,"    using namespace klogg::mainwindow;
    // menu
    auto transMenu = []( const char* text ) -> auto {
        return QApplication::translate( ""klogg::mainwindow::menu"", text );
    };
    fileMenu->setTitle( transMenu( menu::fileTitle ) );
    editMenu->setTitle( transMenu( menu::editTitle ) );
",""
"Variable:src/ui/src/mainwindow.cpp:transAction","transAction","src/ui/src/mainwindow.cpp",1273,1275,"
    // action
    auto transAction = []( const char* text ) -> auto {
        return QApplication::translate( ""klogg::mainwindow::action"", text );
    };
    newWindowAction->setText( transAction( action::newWindowText ) );
    newWindowAction->setStatusTip( transAction( action::newWindowStatusTip ) );
",""
"Variable:src/ui/src/mainwindow.cpp:curFavoritesIconText","curFavoritesIconText","src/ui/src/mainwindow.cpp",1380,1382,"    showLabQueueAction->setStatusTip( transAction( action::showLabQueueStatusTip ) );

    auto curFavoritesIconText = addToFavoritesAction->data().toBool()
                                    ? transAction( action::addToFavoritesText )
                                    : transAction( action::removeFromFavoritesText );
    addToFavoritesAction->setText( curFavoritesIconText );
    addToFavoritesMenuAction->setText( transAction( action::addToFavoritesText ) );
",""
"Variable:src/ui/src/mainwindow.cpp:qtPath","qtPath","src/ui/src/mainwindow.cpp",1413,1413,"    QApplication::removeTranslator( &mQtTranslator );

    QString qtPath( "":/i18n/qt_"" + lang + "".qm"" );
    QResource qtTranslations( qtPath );
    if ( !mQtTranslator.load( qtTranslations.data(), (int)qtTranslations.size() ) ) {
",""
"Variable:src/ui/src/mainwindow.cpp:appPath","appPath","src/ui/src/mainwindow.cpp",1424,1424,"    }

    QString appPath( "":/i18n/"" + lang + "".qm"" );
    QResource appTranslations( appPath );
    if ( !mTranslator.load( appTranslations.data(), (int)appTranslations.size() ) ) {
",""
"Variable:src/ui/src/mainwindow.cpp:shortcuts","shortcuts","src/ui/src/mainwindow.cpp",1442,1442,"{
    const auto& config = Configuration::get();
    const auto shortcuts = config.shortcuts();

    using namespace klogg::mainwindow;
",""
"Variable:src/ui/src/mainwindow.cpp:setShortcuts","setShortcuts","src/ui/src/mainwindow.cpp",1741,1743,"                                      [ this ] { this->showMinimized(); } );

    auto setShortcuts = [ &shortcuts ]( auto* action, const auto& actionName ) {
        action->setShortcuts( ShortcutAction::shortcutKeys( actionName, shortcuts ) );
    };

    setShortcuts( newWindowAction, ShortcutAction::MainWindowNewWindow );
",""
"Variable:src/ui/src/mainwindow.cpp:defaultDir","defaultDir","src/ui/src/mainwindow.cpp",2004,2004,"void MainWindow::open()
{
    QString defaultDir = ""."";

    // Default to the path of the current file if there is one
",""
"Variable:src/ui/src/mainwindow.cpp:current_file","current_file","src/ui/src/mainwindow.cpp",2008,2008,"    // Default to the path of the current file if there is one
    if ( auto current = currentCrawlerWidget() ) {
        QString current_file = session_.getFilename( current );
        QFileInfo fileInfo = QFileInfo( current_file );
        defaultDir = fileInfo.path();
",""
"Variable:src/ui/src/mainwindow.cpp:fileInfo","fileInfo","src/ui/src/mainwindow.cpp",2009,2009,"    if ( auto current = currentCrawlerWidget() ) {
        QString current_file = session_.getFilename( current );
        QFileInfo fileInfo = QFileInfo( current_file );
        defaultDir = fileInfo.path();
    }
",""
"Variable:src/ui/src/mainwindow.cpp:selectedFiles","selectedFiles","src/ui/src/mainwindow.cpp",2013,2014,"    }

    const auto selectedFiles = QFileDialog::getOpenFileUrls(
        this, tr( ""Open file"" ), QUrl::fromLocalFile( defaultDir ), tr( ""All files (*)"" ) );

    std::vector<QUrl> localFiles;
",""
"Variable:src/ui/src/mainwindow.cpp:dialog","dialog","src/ui/src/mainwindow.cpp",2034,2034,"void MainWindow::openComPort()
{
    OpenComPortDialog dialog( this );
    if ( dialog.exec() != QDialog::Accepted ) {
        return;
",""
"Variable:src/ui/src/mainwindow.cpp:showWarning","showWarning","src/ui/src/mainwindow.cpp",2064,2073,"                                         QString* errorMessage )
{
    const auto showWarning = [ this, &options, errorMessage ]( const QString& message ) {
        if ( errorMessage != nullptr ) {
            *errorMessage = message;
        }
        if ( !options.showErrors ) {
            return;
        }
        const auto icon = options.restoreMode ? QMessageBox::Information : QMessageBox::Warning;
        showComPortMessage( this, icon, tr( ""Open COM Port"" ), message, options.nonBlockingErrors );
    };

    const auto showInformation = [ this, &options, errorMessage ]( const QString& message ) {
",""
"Variable:src/ui/src/mainwindow.cpp:icon","icon","src/ui/src/mainwindow.cpp",2071,2071,"            return;
        }
        const auto icon = options.restoreMode ? QMessageBox::Information : QMessageBox::Warning;
        showComPortMessage( this, icon, tr( ""Open COM Port"" ), message, options.nonBlockingErrors );
    };
",""
"Variable:src/ui/src/mainwindow.cpp:showInformation","showInformation","src/ui/src/mainwindow.cpp",2075,2084,"    };

    const auto showInformation = [ this, &options, errorMessage ]( const QString& message ) {
        if ( errorMessage != nullptr ) {
            *errorMessage = message;
        }
        if ( !options.showErrors ) {
            return;
        }
        showComPortMessage( this, QMessageBox::Information, tr( ""Open COM Port"" ), message,
                            options.nonBlockingErrors );
    };

    if ( settings.portName.isEmpty() || settings.filePath.isEmpty() ) {
",""
"Variable:src/ui/src/mainwindow.cpp:info","info","src/ui/src/mainwindow.cpp",2090,2090,"    }

    const QFileInfo info( settings.filePath );
    const auto absolutePath = info.absoluteFilePath();
    if ( absolutePath.isEmpty() ) {
",""
"Variable:src/ui/src/mainwindow.cpp:absolutePath","absolutePath","src/ui/src/mainwindow.cpp",2091,2091,"
    const QFileInfo info( settings.filePath );
    const auto absolutePath = info.absoluteFilePath();
    if ( absolutePath.isEmpty() ) {
        showWarning( tr( ""Invalid capture file path."" ) );
",""
"Variable:src/ui/src/mainwindow.cpp:dir","dir","src/ui/src/mainwindow.cpp",2097,2097,"    }

    const QDir dir( info.absolutePath() );
    if ( !dir.exists() ) {
        showWarning( tr( ""Capture directory does not exist."" ) );
",""
"Variable:src/ui/src/mainwindow.cpp:availablePorts","availablePorts","src/ui/src/mainwindow.cpp",2105,2105,"    settings.filePath = absolutePath;

    const auto availablePorts = QSerialPortInfo::availablePorts();
    const bool portExists = std::any_of( availablePorts.cbegin(), availablePorts.cend(),
                                         [ &settings ]( const QSerialPortInfo& portInfo ) {
",""
"Variable:src/ui/src/mainwindow.cpp:portExists","portExists","src/ui/src/mainwindow.cpp",2106,2115,"
    const auto availablePorts = QSerialPortInfo::availablePorts();
    const bool portExists = std::any_of( availablePorts.cbegin(), availablePorts.cend(),
                                         [ &settings ]( const QSerialPortInfo& portInfo ) {
                                             return portInfo.portName().compare( settings.portName,
                                                                                 Qt::CaseInsensitive )
                                                        == 0
                                                    || portInfo.systemLocation().compare(
                                                           settings.portName,
                                                           Qt::CaseInsensitive )
                                                           == 0;
                                         } );
    if ( !portExists ) {
        showWarning( tr( ""COM port %1 was not found. The capture file remains open, but the COM ""
",""
"Variable:src/ui/src/mainwindow.cpp:session","session","src/ui/src/mainwindow.cpp",2142,2142,"    }

    auto session = std::make_shared<StreamSession>( settings );
    QPointer<StreamSession> safeSession = session.get();
    connect( session.get(), &StreamSession::connectionOpened, this,",""
"Variable:src/ui/src/mainwindow.cpp:safeSession","safeSession","src/ui/src/mainwindow.cpp",2143,2143,"
    auto session = std::make_shared<StreamSession>( settings );
    QPointer<StreamSession> safeSession = session.get();
    connect( session.get(), &StreamSession::connectionOpened, this,
             [ this, session ] {",""
"Variable:src/ui/src/mainwindow.cpp:currentFilePath","currentFilePath","src/ui/src/mainwindow.cpp",2146,2146,"    connect( session.get(), &StreamSession::connectionOpened, this,
             [ this, session ] {
                 const auto currentFilePath = session->filePath();
                 mainTabWidget_.setStreamSessionForPath( currentFilePath, session );
                 publishScriptLifecycleEvent( currentFilePath, QStringLiteral( ""comm_start"" ) );",""
"Variable:src/ui/src/mainwindow.cpp:tabStillOpen","tabStillOpen","src/ui/src/mainwindow.cpp",2154,2154,"             [ this, session, safeSession ] {
                 const auto currentFilePath = session->filePath();
                 bool tabStillOpen = false;
                 for ( int index = 0; index < mainTabWidget_.count(); ++index ) {
                     auto* widget = qobject_cast<CrawlerWidget*>( mainTabWidget_.widget( index ) );",""
"Variable:src/ui/src/mainwindow.cpp:startupFailure","startupFailure","src/ui/src/mainwindow.cpp",2177,2177,"    connect( session.get(), &StreamSession::errorOccurred, this,
             [ this, filePath, safeSession, settings, options ]( const QString& message ) {
                 const bool startupFailure = safeSession && !safeSession->isConnectionOpen();
                 const auto currentFilePath = safeSession ? safeSession->filePath() : filePath;
                 if ( options.showErrors ) {",""
"Variable:src/ui/src/mainwindow.cpp:designateForActions","designateForActions","src/ui/src/mainwindow.cpp",2233,2233,"    mainTabWidget_.setStreamSessionForPath( settings.filePath, session );

    bool designateForActions = settings.useForActions;
    if ( designateForActions && actionsStreamSession_ && actionsStreamSession_ != session.get()
         && actionsStreamSession_->isConnectionOpen() ) {
",""
"Variable:src/ui/src/mainwindow.cpp:reply","reply","src/ui/src/mainwindow.cpp",2237,2241,"         && actionsStreamSession_->isConnectionOpen() ) {
        if ( options.allowActionsPrompt ) {
            const auto reply = QMessageBox::question(
                this, tr( ""Actions COM Port"" ),
                tr( ""Are you sure you want to make %1 the actions COM port?"" )
                    .arg( settings.portName ),
                QMessageBox::Yes | QMessageBox::No, QMessageBox::No );
            if ( reply != QMessageBox::Yes ) {
                designateForActions = false;
",""
"Variable:src/ui/src/mainwindow.cpp:progress","progress","src/ui/src/mainwindow.cpp",2266,2266,"    connect( &downloader, &Downloader::downloadProgress,
             [ &progressDialog ]( qint64 bytesReceived, qint64 bytesTotal ) {
                 const auto progress = calculateProgress( bytesReceived, bytesTotal );
                 progressDialog.setRange( 0, 100 );
                 progressDialog.setValue( progress );
",""
"Variable:src/ui/src/mainwindow.cpp:tempFile","tempFile","src/ui/src/mainwindow.cpp",2274,2274,"             [ &progressDialog ]( bool isOk ) { progressDialog.done( isOk ? 0 : 1 ); } );

    auto tempFile = new QTemporaryFile( tempDir_.filePath( url.fileName() ), this );
    if ( tempFile->open() ) {
        downloader.download( url, tempFile );
",""
"Variable:src/ui/src/mainwindow.cpp:message","message","src/ui/src/mainwindow.cpp",2285,2285,"            }

            const auto message = tr( ""Failed to open downloaded file %1."" ).arg( tempFile->fileName() );
            if ( interactiveErrors ) {
                QMessageBox::critical( this, tr( ""CILogg - File download"" ), message );
",""
"Variable:src/ui/src/mainwindow.cpp:filename","filename","src/ui/src/mainwindow.cpp",2319,2319,"    }

    const auto filename = action->data().toString();
    if ( QFileInfo{ filename }.isReadable() ) {
        loadFile( filename );
",""
"Variable:src/ui/src/mainwindow.cpp:userAction","userAction","src/ui/src/mainwindow.cpp",2324,2327,"    }
    else {
        const auto userAction = QMessageBox::question(
            this, tr( ""CILogg - remove from recent"" ),
            tr( ""Could not read file %1. Remove it from recent files?"" ).arg( filename ),
            QMessageBox::Yes | QMessageBox::No, QMessageBox::No );

        if ( userAction == QMessageBox::Yes ) {
",""
"Variable:src/ui/src/mainwindow.cpp:currentIndex","currentIndex","src/ui/src/mainwindow.cpp",2360,2360,"void MainWindow::closeTab( ActionInitiator initiator )
{
    int currentIndex = mainTabWidget_.currentIndex();

    if ( currentIndex >= 0 ) {
",""
"Variable:src/ui/src/mainwindow.cpp:current","current","src/ui/src/mainwindow.cpp",2384,2384,"        infoLine->setSelection( 0, klogg::isize( infoLine->text() ) );
    }
    else if ( auto current = currentCrawlerWidget(); current != nullptr ) {
        current->selectAll();
    }
",""
"Variable:src/ui/src/mainwindow.cpp:clipboard","clipboard","src/ui/src/mainwindow.cpp",2445,2445,"void MainWindow::tryOpenClipboard( int tryTimes )
{
    auto clipboard = QGuiApplication::clipboard();
    auto text = clipboard->text();

",""
"Variable:src/ui/src/mainwindow.cpp:urlInClipboard","urlInClipboard","src/ui/src/mainwindow.cpp",2470,2470,"{
    bool ok;
    const auto urlInClipboard = QUrl::fromUserInput( QApplication::clipboard()->text() );
    const auto selectedUrl = urlInClipboard.isValid() ? urlInClipboard.toString() : QString{};

",""
"Variable:src/ui/src/mainwindow.cpp:selectedUrl","selectedUrl","src/ui/src/mainwindow.cpp",2471,2471,"    bool ok;
    const auto urlInClipboard = QUrl::fromUserInput( QApplication::clipboard()->text() );
    const auto selectedUrl = urlInClipboard.isValid() ? urlInClipboard.toString() : QString{};

    QString url
",""
"Variable:src/ui/src/mainwindow.cpp:doc","doc","src/ui/src/mainwindow.cpp",2563,2563,"void MainWindow::documentation()
{
    QFile doc( "":/documentation.html"" );
    if ( doc.open( QIODevice::ReadOnly | QIODevice::Text ) ) {
        const auto text = QString::fromUtf8( doc.readAll() );
",""
"Variable:src/ui/src/mainwindow.cpp:state","state","src/ui/src/mainwindow.cpp",2582,2582,"void MainWindow::showScratchPad()
{
    auto state = scratchPad_.windowState();
    state.setFlag( Qt::WindowMinimized, false );
    scratchPad_.setWindowState( state );
",""
"Variable:src/ui/src/mainwindow.cpp:mibData","mibData","src/ui/src/mainwindow.cpp",2685,2685,"void MainWindow::encodingChanged( QAction* action )
{
    const auto mibData = action->data();
    std::optional<int> mib;
    if ( mibData.isValid() ) {
",""
"Variable:src/ui/src/mainwindow.cpp:fileSize","fileSize","src/ui/src/mainwindow.cpp",2738,2738,"{
    // The line number received is the internal (starts at 0)
    uint64_t fileSize{};
    uint64_t fileNbLine{};
    QDateTime lastModified;
",""
"Variable:src/ui/src/mainwindow.cpp:fileNbLine","fileNbLine","src/ui/src/mainwindow.cpp",2739,2739,"    // The line number received is the internal (starts at 0)
    uint64_t fileSize{};
    uint64_t fileNbLine{};
    QDateTime lastModified;

",""
"Variable:src/ui/src/mainwindow.cpp:widget","widget","src/ui/src/mainwindow.cpp",2846,2846,"void MainWindow::closeTab( int index, ActionInitiator initiator )
{
    auto widget = qobject_cast<CrawlerWidget*>( mainTabWidget_.widget( index ) );

    assert( widget );
",""
"Variable:src/ui/src/mainwindow.cpp:fileName","fileName","src/ui/src/mainwindow.cpp",2850,2850,"    assert( widget );

    const auto fileName = session_.getFilename( widget );
    publishScriptLifecycleEvent( fileName, QStringLiteral( ""tab_close"" ) );
    const auto tabId = mainTabWidget_.tabIdAt( index );
",""
"Variable:src/ui/src/mainwindow.cpp:oldFilePath","oldFilePath","src/ui/src/mainwindow.cpp",2892,2892,"    }

    const auto oldFilePath = session_.getFilename( crawler );
    auto* streamSession = mainTabWidget_.streamSessionForPath( oldFilePath );
    if ( streamSession == nullptr || !streamSession->isConnectionOpen() ) {",""
"Variable:src/ui/src/mainwindow.cpp:context","context","src/ui/src/mainwindow.cpp",2900,2900,"    }

    const auto context = crawler->context();
    const auto viewContext = context ? context->toString() : QString{};
    auto newSettings = streamSession->captureSettings();",""
"Variable:src/ui/src/mainwindow.cpp:viewContext","viewContext","src/ui/src/mainwindow.cpp",2901,2901,"
    const auto context = crawler->context();
    const auto viewContext = context ? context->toString() : QString{};
    auto newSettings = streamSession->captureSettings();
    const auto newFilePath = suggestedNextComCapturePath( newSettings );",""
"Variable:src/ui/src/mainwindow.cpp:newSettings","newSettings","src/ui/src/mainwindow.cpp",2902,2902,"    const auto context = crawler->context();
    const auto viewContext = context ? context->toString() : QString{};
    auto newSettings = streamSession->captureSettings();
    const auto newFilePath = suggestedNextComCapturePath( newSettings );
",""
"Variable:src/ui/src/mainwindow.cpp:newFilePath","newFilePath","src/ui/src/mainwindow.cpp",2903,2903,"    const auto viewContext = context ? context->toString() : QString{};
    auto newSettings = streamSession->captureSettings();
    const auto newFilePath = suggestedNextComCapturePath( newSettings );

    QString captureFileError;",""
"Variable:src/ui/src/mainwindow.cpp:newTab","newTab","src/ui/src/mainwindow.cpp",2923,2923,"    if ( !streamSession->startNewCaptureFile( newFilePath, &switchError ) ) {
        if ( newCrawler != nullptr ) {
            const auto newTab = mainTabWidget_.indexOf( newCrawler );
            if ( newTab >= 0 ) {
                closeTab( newTab, ActionInitiator::App );",""
"Variable:src/ui/src/mainwindow.cpp:counters","counters","src/ui/src/mainwindow.cpp",3026,3026,"    }

    auto counters = streamSession->responseCounters();
    if ( request == nullptr ) {
        return counters;
",""
"Variable:src/ui/src/mainwindow.cpp:matchesRequestedCounter","matchesRequestedCounter","src/ui/src/mainwindow.cpp",3035,3047,"    }

    const auto matchesRequestedCounter = [ request ]( const QVariant& value ) {
        const auto map = value.toMap();
        if ( request->entityId ) {
            return map.value( QStringLiteral( ""responseId"" ) ).toInt() == *request->entityId;
        }
        if ( !request->entityName.isEmpty() ) {
            return map.value( QStringLiteral( ""responseName"" ) )
                       .toString()
                       .compare( request->entityName, Qt::CaseInsensitive )
                   == 0;
        }
        return true;
    };

    QVariantList filtered;
",""
"Variable:src/ui/src/mainwindow.cpp:map","map","src/ui/src/mainwindow.cpp",3036,3036,"
    const auto matchesRequestedCounter = [ request ]( const QVariant& value ) {
        const auto map = value.toMap();
        if ( request->entityId ) {
            return map.value( QStringLiteral( ""responseId"" ) ).toInt() == *request->entityId;
",""
"Variable:src/ui/src/mainwindow.cpp:result","result","src/ui/src/mainwindow.cpp",3176,3177,"    payload.insert( QStringLiteral( ""responseName"" ), response->name );

    CommanderResult result = commanderFailure( CommanderResultCode::ExecutionFailed,
                                               tr( ""wait_response did not complete."" ) );

    QMetaObject::Connection lineConnection;
",""
"Variable:src/ui/src/mainwindow.cpp:it","it","src/ui/src/mainwindow.cpp",3199,3199,"
                                           QVariantMap captures;
                                           for ( auto it = match.captures.cbegin();
                                                 it != match.captures.cend(); ++it ) {
                                               captures.insert( it.key(), it.value() );
",""
"Variable:src/ui/src/mainwindow.cpp:timestamp","timestamp","src/ui/src/mainwindow.cpp",3302,3302,"    QString text = request.commentText.trimmed();
    if ( request.timestampComment ) {
        const auto timestamp = QDateTime::currentDateTime().toString( Qt::ISODateWithMs );
        text = text.isEmpty() ? timestamp : QStringLiteral( ""%1 %2"" ).arg( timestamp, text );
    }
",""
"Variable:src/ui/src/mainwindow.cpp:output","output","src/ui/src/mainwindow.cpp",3310,3310,"    }

    QByteArray output = text.toUtf8();
    output.append( ""\r\n"" );
    streamSession->appendToFile( output );
",""
"Variable:src/ui/src/mainwindow.cpp:targetTabIndex","targetTabIndex","src/ui/src/mainwindow.cpp",3388,3388,"    }

    const auto targetTabIndex = mainTabWidget_.indexOf( crawler );
    QVariantMap payload;
    payload.insert( QStringLiteral( ""windowIndex"" ), static_cast<int>( session_.windowIndex() ) );
",""
"Variable:src/ui/src/mainwindow.cpp:filters","filters","src/ui/src/mainwindow.cpp",3395,3396,"    payload.insert( QStringLiteral( ""tabId"" ), mainTabWidget_.tabIdAt( targetTabIndex ) );

    auto filters = request.predefinedFilters ? crawler->commanderPredefinedFilters()
                                             : crawler->commanderFilters();
    if ( !request.filterId.isEmpty() ) {
        const auto match = std::find_if( filters.cbegin(), filters.cend(), [ &request ]( const auto& value ) {
",""
"Variable:src/ui/src/mainwindow.cpp:filter","filter","src/ui/src/mainwindow.cpp",3434,3436,"
    if ( !request.filterId.isEmpty() ) {
        const auto filter = request.predefinedFilters
                                ? crawler->commanderPredefinedFilterById( request.filterId )
                                : crawler->commanderFilterById( request.filterId );
        if ( !filter ) {
            return commanderFailure( CommanderResultCode::NotFound,
",""
"Variable:src/ui/src/mainwindow.cpp:target","target","src/ui/src/mainwindow.cpp",3560,3561,"CommanderResult MainWindow::closeUrlBySource( const QString& url )
{
    const auto target = std::find_if( remoteFileSources_.cbegin(), remoteFileSources_.cend(),
                                      [ &url ]( const auto& entry ) { return entry.second == url; } );
    if ( target == remoteFileSources_.cend() ) {
        return commanderFailure( CommanderResultCode::NotFound,
",""
"Variable:src/ui/src/mainwindow.cpp:isMaximized","isMaximized","src/ui/src/mainwindow.cpp",3647,3647,"    // Qt 5.11 / Win10
#ifdef Q_OS_WIN
    const auto isMaximized = isMaximized_;

    if ( isMaximized ) {
",""
"Variable:src/ui/src/mainwindow.cpp:window_flags","window_flags","src/ui/src/mainwindow.cpp",3659,3659,"    raise();
#else
    Qt::WindowFlags window_flags = windowFlags();
    window_flags |= Qt::WindowStaysOnTopHint;
    setWindowFlags( window_flags );
",""
"Variable:src/ui/src/mainwindow.cpp:saveSettings","saveSettings","src/ui/src/mainwindow.cpp",3704,3704,"        actionsResponsesWindow_.close();

        const auto saveSettings = session_.close();
        if ( saveSettings ) {
            writeSettings();
",""
"Variable:src/ui/src/mainwindow.cpp:urls","urls","src/ui/src/mainwindow.cpp",3757,3757,"void MainWindow::dropEvent( QDropEvent* event )
{
    const QList<QUrl> urls = event->mimeData()->urls();

    for ( const auto& url : urls ) {
",""
"Variable:src/ui/src/mainwindow.cpp:userChoice","userChoice","src/ui/src/mainwindow.cpp",3799,3800,"
    if ( !config.extractArchivesAlways() ) {
        const auto userChoice
            = QMessageBox::question( this, tr( ""CILogg"" ), tr( ""Extract archive to temp folder?"" ) );
        if ( userChoice == QMessageBox::No ) {
            return false;
",""
"Variable:src/ui/src/mainwindow.cpp:decompressAction","decompressAction","src/ui/src/mainwindow.cpp",3806,3806,"    }

    const auto decompressAction = Decompressor::action( fileName );

    Decompressor decompressor;
",""
"Variable:src/ui/src/mainwindow.cpp:archiveDir","archiveDir","src/ui/src/mainwindow.cpp",3844,3844,"    }
    else if ( decompressAction == DecompressAction::Extract ) {
        QTemporaryDir archiveDir{ this->tempDir_.filePath( QFileInfo( fileName ).fileName() ) };
        archiveDir.setAutoRemove( false );
        if ( decompressor.extract( fileName, archiveDir.path(), decompressInterrupt )
",""
"Variable:src/ui/src/mainwindow.cpp:previousViewContext","previousViewContext","src/ui/src/mainwindow.cpp",3896,3911,"
        try {
            const auto previousViewContext = [ &fileName ]() {
                const auto& session = SessionInfo::getSynced();
                const auto& windows = session.windows();
                for ( const auto& windowId : windows ) {
                    const auto openedFiles = session.openFiles( windowId );
                    const auto existingContext
                        = std::find_if( openedFiles.begin(), openedFiles.end(),
                                        [ &fileName ]( const auto& context ) {
                                            return context.fileName == fileName;
                                        } );
                    if ( existingContext != openedFiles.end() ) {
                        return existingContext->viewContext;
                    }
                }
                return QString{};
            }();

            CrawlerWidget* crawler_widget = static_cast<CrawlerWidget*>(
",""
"Variable:src/ui/src/mainwindow.cpp:existingContext","existingContext","src/ui/src/mainwindow.cpp",3901,3905,"                for ( const auto& windowId : windows ) {
                    const auto openedFiles = session.openFiles( windowId );
                    const auto existingContext
                        = std::find_if( openedFiles.begin(), openedFiles.end(),
                                        [ &fileName ]( const auto& context ) {
                                            return context.fileName == fileName;
                                        } );
                    if ( existingContext != openedFiles.end() ) {
                        return existingContext->viewContext;
",""
"Variable:src/ui/src/mainwindow.cpp:available","available","src/ui/src/mainwindow.cpp",3991,3991,"{
    const auto* streamSession = actionsStreamSession_.data();
    bool available = streamSession && streamSession->isConnectionOpen();
    if ( !available ) {
        streamSession = currentStreamSession();
",""
"Variable:src/ui/src/mainwindow.cpp:shownName","shownName","src/ui/src/mainwindow.cpp",4053,4053,"void MainWindow::updateTitleBar( const QString& file_name )
{
    QString shownName = tr( ""Untitled"" );
    if ( !file_name.isEmpty() ) {
        shownName = strippedName( file_name );
",""
"Variable:src/ui/src/mainwindow.cpp:indexPart","indexPart","src/ui/src/mainwindow.cpp",4058,4058,"    }

    QString indexPart = """";
    if ( session_.windowIndex() > 0 ) {
        indexPart = QString( "" #%1"" ).arg( session_.windowIndex() + 1 );
",""
"Variable:src/ui/src/mainwindow.cpp:recent_files","recent_files","src/ui/src/mainwindow.cpp",4080,4080,"{
    auto& recentFiles = RecentFiles::get();
    QStringList recent_files = recentFiles.recentFiles();
    int recent_files_max_items = recentFiles.getNumberItemsToShow();

",""
"Variable:src/ui/src/mainwindow.cpp:recent_files_max_items","recent_files_max_items","src/ui/src/mainwindow.cpp",4081,4081,"    auto& recentFiles = RecentFiles::get();
    QStringList recent_files = recentFiles.recentFiles();
    int recent_files_max_items = recentFiles.getNumberItemsToShow();

    if ( recentFiles.recentFiles().count() > 0 ) {
",""
"Variable:src/ui/src/mainwindow.cpp:j","j","src/ui/src/mainwindow.cpp",4085,4085,"    if ( recentFiles.recentFiles().count() > 0 ) {
        recentFilesMenu->setEnabled( true );
        for ( auto j = 0; j < MAX_RECENT_FILES; ++j ) {
            const auto actionIndex = static_cast<size_t>( j );
            if ( j < recent_files_max_items ) {
",""
"Variable:src/ui/src/mainwindow.cpp:actionIndex","actionIndex","src/ui/src/mainwindow.cpp",4086,4086,"        recentFilesMenu->setEnabled( true );
        for ( auto j = 0; j < MAX_RECENT_FILES; ++j ) {
            const auto actionIndex = static_cast<size_t>( j );
            if ( j < recent_files_max_items ) {
                int key = j + ( ( j < 9 ) ? 0x31 : ( 0x61 - 9 ) ); // shortcuts: 1..9 next a,b...
",""
"Variable:src/ui/src/mainwindow.cpp:key","key","src/ui/src/mainwindow.cpp",4088,4088,"            const auto actionIndex = static_cast<size_t>( j );
            if ( j < recent_files_max_items ) {
                int key = j + ( ( j < 9 ) ? 0x31 : ( 0x61 - 9 ) ); // shortcuts: 1..9 next a,b...
                QString text
                    = tr( ""&%1 %2"" ).arg( QChar( key ) ).arg( strippedName( recent_files[ j ] ) );
",""
"Variable:src/ui/src/mainwindow.cpp:encodingMib","encodingMib","src/ui/src/mainwindow.cpp",4120,4120,"void MainWindow::updateMenuBarFromDocument( const CrawlerWidget* crawler )
{
    const auto encodingMib = crawler->encodingMib();

    auto encodingActions = encodingGroup->actions();
",""
"Variable:src/ui/src/mainwindow.cpp:encodingActions","encodingActions","src/ui/src/mainwindow.cpp",4122,4122,"    const auto encodingMib = crawler->encodingMib();

    auto encodingActions = encodingGroup->actions();
    auto encodingItem = std::find_if( encodingActions.begin(), encodingActions.end(),
                                      [ &encodingMib ]( const auto& action ) {
",""
"Variable:src/ui/src/mainwindow.cpp:encodingItem","encodingItem","src/ui/src/mainwindow.cpp",4123,4128,"
    auto encodingActions = encodingGroup->actions();
    auto encodingItem = std::find_if( encodingActions.begin(), encodingActions.end(),
                                      [ &encodingMib ]( const auto& action ) {
                                          return ( !encodingMib && !action->data().isValid() )
                                                 || ( encodingMib && action->data().isValid()
                                                      && *encodingMib == action->data().toInt() );
                                      } );

    if ( encodingItem != encodingActions.end() ) {
",""
"Variable:src/ui/src/mainwindow.cpp:date","date","src/ui/src/mainwindow.cpp",4160,4160,"
    if ( lastModified.isValid() ) {
        const QString date = defaultLocale.toString( lastModified, QLocale::NarrowFormat );
        dateField->setText( tr( ""modified on %1"" ).arg( date ) );
        dateField->show();
",""
"Variable:src/ui/src/mainwindow.cpp:displayFile","displayFile","src/ui/src/mainwindow.cpp",4181,4181,"
    for ( const auto& file : files ) {
        const auto displayFile = DisplayFilePath{ file };
        auto action = openedFilesMenu->addAction( displayFile.displayName() );

",""
"Variable:src/ui/src/mainwindow.cpp:action","action","src/ui/src/mainwindow.cpp",4182,4182,"    for ( const auto& file : files ) {
        const auto displayFile = DisplayFilePath{ file };
        auto action = openedFilesMenu->addAction( displayFile.displayName() );

        action->setActionGroup( openedFilesGroup );
",""
"Variable:src/ui/src/mainwindow.cpp:path","path","src/ui/src/mainwindow.cpp",4224,4224,"
    if ( crawler ) {
        const auto path = session_.getFilename( crawler );
        if ( std::any_of( favorites.begin(), favorites.end(), FullPathComparator( path ) ) ) {

",""
"Variable:src/ui/src/mainwindow.cpp:currentPath","currentPath","src/ui/src/mainwindow.cpp",4278,4278,"
    if ( const auto crawler = currentCrawlerWidget() ) {
        const auto currentPath = session_.getFilename( crawler );
        const auto currentItem
            = std::find_if( favorites.begin(), favorites.end(), FullPathComparator( currentPath ) );
",""
"Variable:src/ui/src/mainwindow.cpp:currentItem","currentItem","src/ui/src/mainwindow.cpp",4279,4280,"    if ( const auto crawler = currentCrawlerWidget() ) {
        const auto currentPath = session_.getFilename( crawler );
        const auto currentItem
            = std::find_if( favorites.begin(), favorites.end(), FullPathComparator( currentPath ) );
        if ( currentItem != favorites.end() ) {
            currentIndex = static_cast<int>( std::distance( favorites.begin(), currentItem ) );
",""
"Variable:src/ui/src/mainwindow.cpp:ok","ok","src/ui/src/mainwindow.cpp",4286,4286,"    }

    bool ok = false;
    const auto pathToRemove = QInputDialog::getItem( this, tr( ""Remove from favorites"" ),
                                                     tr( ""Select item to remove from favorites"" ),
",""
"Variable:src/ui/src/mainwindow.cpp:pathToRemove","pathToRemove","src/ui/src/mainwindow.cpp",4287,4289,"
    bool ok = false;
    const auto pathToRemove = QInputDialog::getItem( this, tr( ""Remove from favorites"" ),
                                                     tr( ""Select item to remove from favorites"" ),
                                                     files, currentIndex, false, &ok );
    if ( ok ) {
        removeFromFavorites( pathToRemove );
",""
"Variable:src/ui/src/mainwindow.cpp:selectedFile","selectedFile","src/ui/src/mainwindow.cpp",4299,4302,"    auto& favoriteFiles = FavoriteFiles::get();
    const auto& favorites = favoriteFiles.favorites();
    const auto selectedFile = std::find_if( favorites.begin(), favorites.end(),
                                            [ pathToRemove ]( const DisplayFilePath& f ) {
                                                return f.nativeFullPath() == pathToRemove;
                                            } );

    if ( selectedFile != favorites.end() ) {
",""
"Variable:src/ui/src/mainwindow.cpp:openedFilesPaths","openedFilesPaths","src/ui/src/mainwindow.cpp",4321,4321,"void MainWindow::selectOpenedFile()
{
    auto openedFilesPaths = session_.openedFiles();
    std::vector<DisplayFilePath> openedFiles;
    openedFiles.reserve( openedFilesPaths.size() );
",""
"Variable:src/ui/src/mainwindow.cpp:selectFileDialog","selectFileDialog","src/ui/src/mainwindow.cpp",4332,4332,"                    []( const auto& f ) { return f.nativeFullPath(); } );

    auto selectFileDialog = std::make_unique<QDialog>( this );
    selectFileDialog->setWindowTitle( tr( ""CILogg -- switch to file"" ) );
    selectFileDialog->setMinimumWidth( 800 );
",""
"Variable:src/ui/src/mainwindow.cpp:filesModel","filesModel","src/ui/src/mainwindow.cpp",4337,4337,"    selectFileDialog->setMinimumHeight( 600 );

    auto filesModel = std::make_unique<QStringListModel>( filesToShow, selectFileDialog.get() );
    auto filteredModel = std::make_unique<QSortFilterProxyModel>( selectFileDialog.get() );
    filteredModel->setSourceModel( filesModel.get() );
",""
"Variable:src/ui/src/mainwindow.cpp:filteredModel","filteredModel","src/ui/src/mainwindow.cpp",4338,4338,"
    auto filesModel = std::make_unique<QStringListModel>( filesToShow, selectFileDialog.get() );
    auto filteredModel = std::make_unique<QSortFilterProxyModel>( selectFileDialog.get() );
    filteredModel->setSourceModel( filesModel.get() );

",""
"Variable:src/ui/src/mainwindow.cpp:filesView","filesView","src/ui/src/mainwindow.cpp",4341,4341,"    filteredModel->setSourceModel( filesModel.get() );

    auto filesView = std::make_unique<QListView>();
    filesView->setModel( filteredModel.get() );
    filesView->setEditTriggers( QAbstractItemView::NoEditTriggers );
",""
"Variable:src/ui/src/mainwindow.cpp:filterEdit","filterEdit","src/ui/src/mainwindow.cpp",4346,4346,"    filesView->setSelectionMode( QAbstractItemView::SingleSelection );

    auto filterEdit = std::make_unique<QLineEdit>();
    auto buttonBox
        = std::make_unique<QDialogButtonBox>( QDialogButtonBox::Ok | QDialogButtonBox::Cancel );
",""
"Variable:src/ui/src/mainwindow.cpp:buttonBox","buttonBox","src/ui/src/mainwindow.cpp",4347,4348,"
    auto filterEdit = std::make_unique<QLineEdit>();
    auto buttonBox
        = std::make_unique<QDialogButtonBox>( QDialogButtonBox::Ok | QDialogButtonBox::Cancel );

    connect( buttonBox.get(), &QDialogButtonBox::accepted, selectFileDialog.get(),
",""
"Variable:src/ui/src/mainwindow.cpp:layout","layout","src/ui/src/mainwindow.cpp",4385,4385,"             } );

    auto layout = std::make_unique<QVBoxLayout>();
    layout->addWidget( filesView.release() );
    layout->addWidget( filterEdit.release() );
",""
"Variable:src/ui/src/mainwindow.cpp:view","view","src/ui/src/mainwindow.cpp",4425,4425,"    std::vector<SaveFileInfo> widget_list;
    for ( int i = 0; i < mainTabWidget_.count(); ++i ) {
        auto view = qobject_cast<const CrawlerWidget*>( mainTabWidget_.widget( i ) );
        if ( view == nullptr ) {
            LOG_WARNING << ""Skipping non-crawler tab while saving session at index "" << i;
",""
"Variable:src/ui/src/mainwindow.cpp:highlighterName","highlighterName","src/ui/src/mainwindow.cpp",4478,4480,"        auto& highlighters = highlighterSet.highlighters();
        for ( auto& highlighter : highlighters ) {
            const auto highlighterName = highlighter.pattern().isEmpty()
                                             ? tr( ""<empty pattern>"" )
                                             : highlighter.pattern();
            StartupProgress::advance( tr( ""Compiling highlighter"" ), highlighterName );
            highlighter.compile();
",""
"Variable:src/ui/src/mainwindow.cpp:predefinedFilters","predefinedFilters","src/ui/src/mainwindow.cpp",4492,4492,"                              tr( ""Restoring predefined filters"" ) );
    auto& predefinedFiltersCollection = PredefinedFiltersCollection::getSynced();
    const auto predefinedFilters = predefinedFiltersCollection.getFilters();
    for ( const auto& filter : predefinedFilters ) {
        const auto filterName
",""
"Variable:src/ui/src/mainwindow.cpp:filterName","filterName","src/ui/src/mainwindow.cpp",4494,4495,"    const auto predefinedFilters = predefinedFiltersCollection.getFilters();
    for ( const auto& filter : predefinedFilters ) {
        const auto filterName
            = filter.name.isEmpty() ? filter.pattern.left( 64 ) : filter.name;
        StartupProgress::advance( tr( ""Loading predefined filter"" ), filterName );
        if ( filter.useRegex ) {
",""
"Variable:src/ui/src/mainwindow.cpp:expression","expression","src/ui/src/mainwindow.cpp",4498,4499,"        StartupProgress::advance( tr( ""Loading predefined filter"" ), filterName );
        if ( filter.useRegex ) {
            QRegularExpression expression( filter.pattern,
                                           QRegularExpression::UseUnicodePropertiesOption );
            if ( !expression.isValid() ) {
                LOG_WARNING << ""Invalid predefined filter regex "" << filterName << "": ""
",""
"Variable:src/ui/src/mainwindow.cpp:selection","selection","src/ui/src/mainwindow.cpp",4518,4518,"    const auto crawler = currentCrawlerWidget();
    if ( crawler != nullptr && crawler->isPartialSelection() ) {
        auto selection = crawler->getSelectedText();
        if ( !selection.isEmpty() ) {
            quickFindWidget_.changeDisplayedPattern( selection, false );
",""
"Variable:src/ui/src/logmainview.cpp:line","line","src/ui/src/logmainview.cpp",86,86,"    AbstractLogView::doRegisterShortcuts();
    registerShortcut( ShortcutAction::LogViewNextMark, [ this ] {
        const auto line = filteredData_->getMarkAfter( getViewPosition() );
        if ( line.has_value() ) {
            selectAndDisplayLine( *line );
",""
"Variable:src/ui/src/labqueuewindow.cpp:LabQueueSettingsGroup","LabQueueSettingsGroup","src/ui/src/labqueuewindow.cpp",19,19,"
namespace {
constexpr auto LabQueueSettingsGroup = ""labQueue"";
constexpr auto ControllerUrlKey = ""controllerUrl"";
constexpr auto TokenFileKey = ""tokenFile"";
",""
"Variable:src/ui/src/labqueuewindow.cpp:ControllerUrlKey","ControllerUrlKey","src/ui/src/labqueuewindow.cpp",20,20,"namespace {
constexpr auto LabQueueSettingsGroup = ""labQueue"";
constexpr auto ControllerUrlKey = ""controllerUrl"";
constexpr auto TokenFileKey = ""tokenFile"";
}
",""
"Variable:src/ui/src/labqueuewindow.cpp:TokenFileKey","TokenFileKey","src/ui/src/labqueuewindow.cpp",21,21,"constexpr auto LabQueueSettingsGroup = ""labQueue"";
constexpr auto ControllerUrlKey = ""controllerUrl"";
constexpr auto TokenFileKey = ""tokenFile"";
}

",""
"Variable:src/ui/src/labqueuewindow.cpp:snapshot","snapshot","src/ui/src/labqueuewindow.cpp",92,92,"    }

    const auto snapshot = client.snapshot( controllerUrlEdit_->text().trimmed(), &errorMessage );
    if ( snapshot.isEmpty() ) {
        summaryLabel_->setText( errorMessage );
",""
"Variable:src/ui/src/labqueuewindow.cpp:agent","agent","src/ui/src/labqueuewindow.cpp",100,100,"    agentsList_->clear();
    for ( const auto& agentValue : snapshot.value( QStringLiteral( ""agents"" ) ).toList() ) {
        const auto agent = agentValue.toMap();
        auto* item = new QListWidgetItem(
            tr( ""%1 [%2]"" )
",""
"Variable:src/ui/src/labqueuewindow.cpp:previousJobId","previousJobId","src/ui/src/labqueuewindow.cpp",109,110,"    }

    const auto previousJobId
        = jobsList_->currentItem() == nullptr ? QString{} : jobsList_->currentItem()->data( Qt::UserRole ).toString();
    jobsList_->clear();
    int selectedRow = -1;
",""
"Variable:src/ui/src/labqueuewindow.cpp:selectedRow","selectedRow","src/ui/src/labqueuewindow.cpp",112,112,"        = jobsList_->currentItem() == nullptr ? QString{} : jobsList_->currentItem()->data( Qt::UserRole ).toString();
    jobsList_->clear();
    int selectedRow = -1;
    int row = 0;
    for ( const auto& jobValue : snapshot.value( QStringLiteral( ""jobs"" ) ).toList() ) {
",""
"Variable:src/ui/src/labqueuewindow.cpp:row","row","src/ui/src/labqueuewindow.cpp",113,113,"    jobsList_->clear();
    int selectedRow = -1;
    int row = 0;
    for ( const auto& jobValue : snapshot.value( QStringLiteral( ""jobs"" ) ).toList() ) {
        const auto job = jobValue.toMap();
",""
"Variable:src/ui/src/labqueuewindow.cpp:job","job","src/ui/src/labqueuewindow.cpp",115,115,"    int row = 0;
    for ( const auto& jobValue : snapshot.value( QStringLiteral( ""jobs"" ) ).toList() ) {
        const auto job = jobValue.toMap();
        auto* item = new QListWidgetItem(
            tr( ""%1 | %2 | %3"" )
",""
"Variable:src/ui/src/labqueuewindow.cpp:payload","payload","src/ui/src/labqueuewindow.cpp",163,164,"    }

    const auto payload = client.status( controllerUrlEdit_->text().trimmed(),
                                        item->data( Qt::UserRole ).toString(), &errorMessage );
    if ( payload.isEmpty() ) {
        detailsEdit_->setPlainText( errorMessage );
",""
"Variable:src/ui/src/labqueuewindow.cpp:fileName","fileName","src/ui/src/labqueuewindow.cpp",178,179,"void LabQueueWindow::browseTokenFile()
{
    const auto fileName = QFileDialog::getOpenFileName( this, tr( ""Select token file"" ),
                                                        tokenFileEdit_->text() );
    if ( !fileName.isEmpty() ) {
        tokenFileEdit_->setText( fileName );
",""
"Variable:src/ui/src/labqueuewindow.cpp:artifactDir","artifactDir","src/ui/src/labqueuewindow.cpp",201,201,"    const auto payload = client.status( controllerUrlEdit_->text().trimmed(),
                                        item->data( Qt::UserRole ).toString(), &errorMessage );
    const auto artifactDir = payload.value( QStringLiteral( ""artifactDir"" ) ).toString();
    if ( !artifactDir.isEmpty() ) {
        QDesktopServices::openUrl( QUrl::fromLocalFile( artifactDir ) );
",""
"Variable:src/ui/src/infoline.cpp:changeoverX","changeoverX","src/ui/src/infoline.cpp",63,63,"    }

    int changeoverX = width() * completion / 100;

    // Create a gradient for the progress bar
",""
"Variable:src/ui/src/infoline.cpp:linearGrad","linearGrad","src/ui/src/infoline.cpp",66,66,"
    // Create a gradient for the progress bar
    QLinearGradient linearGrad( changeoverX - 1, 0, changeoverX + 1, 0 );
    linearGrad.setColorAt( 0, origPalette_->color( QPalette::Highlight ) );
    linearGrad.setColorAt( 1, origPalette_->color( QPalette::Window ) );
",""
"Variable:src/ui/src/infoline.cpp:newPalette","newPalette","src/ui/src/infoline.cpp",71,71,"
    // Apply the gradient to the current palette (background)
    QPalette newPalette = *origPalette_;
    newPalette.setBrush( backgroundRole(), QBrush( linearGrad ) );
    setPalette( newPalette );
",""
"Variable:src/ui/src/infoline.cpp:painter","painter","src/ui/src/infoline.cpp",89,89,"    // Fill the widget background
    {
        QPainter painter( this );
        painter.fillRect( 0, 0, this->width(), this->height(),
                          palette().brush( backgroundRole() ) );
",""
"Variable:src/ui/src/infoline.cpp:menu","menu","src/ui/src/infoline.cpp",100,100,"void InfoLine::contextMenuEvent( QContextMenuEvent* event )
{
    QMenu menu( this );

    auto copySelection = menu.addAction( ""Copy"" );
",""
"Variable:src/ui/src/infoline.cpp:copySelection","copySelection","src/ui/src/infoline.cpp",102,102,"    QMenu menu( this );

    auto copySelection = menu.addAction( ""Copy"" );
    menu.addSeparator();
    auto selectAll = menu.addAction( ""Select all"" );
",""
"Variable:src/ui/src/infoline.cpp:selectAll","selectAll","src/ui/src/infoline.cpp",104,104,"    auto copySelection = menu.addAction( ""Copy"" );
    menu.addSeparator();
    auto selectAll = menu.addAction( ""Select all"" );

    copySelection->setEnabled( this->hasSelectedText() );
",""
"Variable:src/ui/src/importpreviewsdialog.cpp:iconLoader","iconLoader","src/ui/src/importpreviewsdialog.cpp",43,43,"    removeButton_->setEnabled( false );
    {
        IconLoader iconLoader( this );
        removeButton_->setIcon( iconLoader.load( ""icons8-minus-16"" ) );
    }
",""
"Variable:src/ui/src/importpreviewsdialog.cpp:file","file","src/ui/src/importpreviewsdialog.cpp",82,83,"void ImportPreviewsDialog::importPreviews()
{
    const auto file = QFileDialog::getOpenFileName( this, tr( ""Select previews JSON"" ), """",
                                                    tr( ""Previews (*.json);;All files (*)"" ) );
    if ( file.isEmpty() ) {
        return;
",""
"Variable:src/ui/src/importpreviewsdialog.cpp:result","result","src/ui/src/importpreviewsdialog.cpp",88,88,"    }

    const auto result = PreviewManager::instance().importFromFile( file );
    if ( !result.errors.isEmpty() ) {
        QMessageBox::warning( this, tr( ""Import previews"" ),
",""
"Variable:src/ui/src/importpreviewsdialog.cpp:index","index","src/ui/src/importpreviewsdialog.cpp",105,105,"        return;
    }
    const auto index = tableView_->selectionModel()->currentIndex();
    if ( !index.isValid() ) {
        return;
",""
"Variable:src/ui/src/importpreviewsdialog.cpp:row","row","src/ui/src/importpreviewsdialog.cpp",113,113,"        return;
    }
    const auto row = index.row();
    const auto name = previews.at( row ).name;
    const int nextRow = ( row >= previews.size() - 1 ) ? row - 1 : row;
",""
"Variable:src/ui/src/importpreviewsdialog.cpp:name","name","src/ui/src/importpreviewsdialog.cpp",114,114,"    }
    const auto row = index.row();
    const auto name = previews.at( row ).name;
    const int nextRow = ( row >= previews.size() - 1 ) ? row - 1 : row;
    pendingSelectionRow_ = nextRow;
",""
"Variable:src/ui/src/importpreviewsdialog.cpp:nextRow","nextRow","src/ui/src/importpreviewsdialog.cpp",115,115,"    const auto row = index.row();
    const auto name = previews.at( row ).name;
    const int nextRow = ( row >= previews.size() - 1 ) ? row - 1 : row;
    pendingSelectionRow_ = nextRow;
    if ( !PreviewManager::instance().removeByName( name ) ) {
",""
"Variable:src/ui/src/importpreviewsdialog.cpp:rowCount","rowCount","src/ui/src/importpreviewsdialog.cpp",139,139,"    updateButtons();

    const int rowCount = model_->rowCount();
    if ( pendingSelectionRow_ >= 0 && rowCount > 0 ) {
        const int row = qMin( pendingSelectionRow_, rowCount - 1 );
",""
"Variable:src/ui/src/importpreviewsdialog.cpp:hasSelection","hasSelection","src/ui/src/importpreviewsdialog.cpp",150,151,"void ImportPreviewsDialog::updateButtons()
{
    const bool hasSelection = tableView_->selectionModel()
                              && tableView_->selectionModel()->hasSelection();
    removeButton_->setEnabled( hasSelection );
    clearButton_->setEnabled( model_->rowCount() > 0 );
",""
"Variable:src/ui/src/importpreviewsdialog.cpp:width","width","src/ui/src/importpreviewsdialog.cpp",162,162,"    }

    int width = tableView_->frameWidth() * 2;
    if ( tableView_->verticalHeader()->isVisible() ) {
        width += tableView_->verticalHeader()->width();
",""
"Variable:src/ui/src/importpreviewsdialog.cpp:mode0","mode0","src/ui/src/importpreviewsdialog.cpp",167,167,"    }
    auto* header = tableView_->horizontalHeader();
    const auto mode0 = header->sectionResizeMode( 0 );
    const auto mode1 = header->sectionResizeMode( 1 );
    const auto mode2 = header->sectionResizeMode( 2 );
",""
"Variable:src/ui/src/importpreviewsdialog.cpp:mode1","mode1","src/ui/src/importpreviewsdialog.cpp",168,168,"    auto* header = tableView_->horizontalHeader();
    const auto mode0 = header->sectionResizeMode( 0 );
    const auto mode1 = header->sectionResizeMode( 1 );
    const auto mode2 = header->sectionResizeMode( 2 );
    header->setSectionResizeMode( 0, QHeaderView::ResizeToContents );
",""
"Variable:src/ui/src/importpreviewsdialog.cpp:mode2","mode2","src/ui/src/importpreviewsdialog.cpp",169,169,"    const auto mode0 = header->sectionResizeMode( 0 );
    const auto mode1 = header->sectionResizeMode( 1 );
    const auto mode2 = header->sectionResizeMode( 2 );
    header->setSectionResizeMode( 0, QHeaderView::ResizeToContents );
    header->setSectionResizeMode( 1, QHeaderView::ResizeToContents );
",""
"Variable:src/ui/src/importpreviewsdialog.cpp:column","column","src/ui/src/importpreviewsdialog.cpp",174,174,"    header->setSectionResizeMode( 2, QHeaderView::ResizeToContents );
    tableView_->resizeColumnsToContents();
    for ( int column = 0; column < tableView_->model()->columnCount(); ++column ) {
        width += tableView_->columnWidth( column );
    }
",""
"Variable:src/ui/src/importpreviewsdialog.cpp:margins","margins","src/ui/src/importpreviewsdialog.cpp",183,183,"        width += tableView_->verticalScrollBar()->sizeHint().width();
    }
    const auto margins = layout()->contentsMargins();
    width += margins.left() + margins.right();

",""
"Variable:src/ui/src/importpreviewsdialog.cpp:desiredWidth","desiredWidth","src/ui/src/importpreviewsdialog.cpp",186,186,"    width += margins.left() + margins.right();

    const int desiredWidth = qMax( width, minimumSizeHint().width() );
    setMinimumWidth( desiredWidth );
    if ( this->width() < desiredWidth ) {
",""
"Variable:src/ui/src/importactionsdialog.cpp:width","width","src/ui/src/importactionsdialog.cpp",37,37,"        return 0;
    }
    int width = table->frameWidth() * 2;
    if ( table->verticalHeader()->isVisible() ) {
        width += table->verticalHeader()->width();
",""
"Variable:src/ui/src/importactionsdialog.cpp:column","column","src/ui/src/importactionsdialog.cpp",41,41,"        width += table->verticalHeader()->width();
    }
    for ( int column = 0; column < table->model()->columnCount(); ++column ) {
        width += table->columnWidth( column );
    }
",""
"Variable:src/ui/src/importactionsdialog.cpp:maxWidth","maxWidth","src/ui/src/importactionsdialog.cpp",69,69,"        return width;
    }
    const int maxWidth = static_cast<int>( screen->availableGeometry().width() * 0.7 );
    if ( maxWidth <= 0 ) {
        return width;
",""
"Variable:src/ui/src/importactionsdialog.cpp:rowHeight","rowHeight","src/ui/src/importactionsdialog.cpp",81,81,"        return 0;
    }
    const int rowHeight = table->verticalHeader()->defaultSectionSize();
    int height = table->frameWidth() * 2 + table->horizontalHeader()->height();
    height += rowHeight * rows;
",""
"Variable:src/ui/src/importactionsdialog.cpp:height","height","src/ui/src/importactionsdialog.cpp",82,82,"    }
    const int rowHeight = table->verticalHeader()->defaultSectionSize();
    int height = table->frameWidth() * 2 + table->horizontalHeader()->height();
    height += rowHeight * rows;
    if ( table->horizontalScrollBar() ) {
",""
"Variable:src/ui/src/importactionsdialog.cpp:row","row","src/ui/src/importactionsdialog.cpp",127,127,"            return {};
        }
        const int row = index.row();
        if ( row < 0 || row >= actions_->size() ) {
            return {};
",""
"Variable:src/ui/src/importactionsdialog.cpp:tooltip","tooltip","src/ui/src/importactionsdialog.cpp",133,133,"        const auto& action = actions_->at( row );
        if ( role == Qt::ToolTipRole ) {
            QString tooltip = action.description;
            if ( !tooltip.isEmpty() ) {
                tooltip.append( '\n' );
",""
"Variable:src/ui/src/importactionsdialog.cpp:visible","visible","src/ui/src/importactionsdialog.cpp",218,218,"        }
        auto& action = ( *actions_ )[ row ];
        const bool visible = value.toInt() == Qt::Checked;
        action.hidden = !visible;
        Q_EMIT dataChanged( index, index, { Qt::CheckStateRole } );
",""
"Variable:src/ui/src/importactionsdialog.cpp:dataChanged","dataChanged","src/ui/src/importactionsdialog.cpp",220,220,"        const bool visible = value.toInt() == Qt::Checked;
        action.hidden = !visible;
        Q_EMIT dataChanged( index, index, { Qt::CheckStateRole } );
        return true;
    }
",""
"Variable:src/ui/src/importactionsdialog.cpp:checked","checked","src/ui/src/importactionsdialog.cpp",367,367,"        }
        auto& response = ( *responses_ )[ row ];
        const bool checked = value.toInt() == Qt::Checked;
        if ( index.column() == 3 ) {
            response.enabled = checked;
",""
"Variable:src/ui/src/importactionsdialog.cpp:iconLoader","iconLoader","src/ui/src/importactionsdialog.cpp",429,429,"    removeActionButton_->setEnabled( false );
    {
        IconLoader iconLoader( this );
        removeActionButton_->setIcon( iconLoader.load( ""icons8-minus-16"" ) );
    }
",""
"Variable:src/ui/src/importactionsdialog.cpp:file","file","src/ui/src/importactionsdialog.cpp",512,513,"void ImportActionsDialog::importActions()
{
    const auto file = QFileDialog::getOpenFileName( this, tr( ""Select actions JSON"" ), """",
                                                    tr( ""Actions (*.json);;All files (*)"" ) );
    if ( file.isEmpty() ) {
        return;
",""
"Variable:src/ui/src/importactionsdialog.cpp:parsed","parsed","src/ui/src/importactionsdialog.cpp",519,519,"
    ActionsConfigParser parser;
    const auto parsed = parser.parseFile( file );
    if ( !parsed.errors.isEmpty() ) {
        QMessageBox::warning( this, tr( ""Import actions"" ), parsed.errors.join( ""\n"" ) );
",""
"Variable:src/ui/src/importactionsdialog.cpp:index","index","src/ui/src/importactionsdialog.cpp",553,553,"        return;
    }
    const auto index = actionsTable_->selectionModel()->currentIndex();
    if ( !index.isValid() ) {
        return;
",""
"Variable:src/ui/src/importactionsdialog.cpp:result","result","src/ui/src/importactionsdialog.cpp",641,642,"        return;
    }
    const auto result
        = ActionsManager::instance().importFromDefinitions( actions_, responses_ );
    if ( !result.errors.isEmpty() ) {
        QMessageBox::warning( this, tr( ""Import actions"" ), result.errors.join( ""\n"" ) );
",""
"Variable:src/ui/src/importactionsdialog.cpp:hasActionsSelection","hasActionsSelection","src/ui/src/importactionsdialog.cpp",650,651,"void ImportActionsDialog::updateButtons()
{
    const bool hasActionsSelection = actionsTable_ && actionsTable_->selectionModel()
                                     && actionsTable_->selectionModel()->hasSelection();
    const bool hasResponsesSelection = responsesTable_ && responsesTable_->selectionModel()
                                       && responsesTable_->selectionModel()->hasSelection();
",""
"Variable:src/ui/src/importactionsdialog.cpp:hasResponsesSelection","hasResponsesSelection","src/ui/src/importactionsdialog.cpp",652,653,"    const bool hasActionsSelection = actionsTable_ && actionsTable_->selectionModel()
                                     && actionsTable_->selectionModel()->hasSelection();
    const bool hasResponsesSelection = responsesTable_ && responsesTable_->selectionModel()
                                       && responsesTable_->selectionModel()->hasSelection();
    if ( removeActionButton_ ) {
        removeActionButton_->setEnabled( hasActionsSelection );
",""
"Variable:src/ui/src/importactionsdialog.cpp:previousActionsMin","previousActionsMin","src/ui/src/importactionsdialog.cpp",676,676,"        return;
    }
    const int previousActionsMin = actionsTable_->minimumHeight();
    const int previousResponsesMin = responsesTable_->minimumHeight();
    actionsTable_->setMinimumHeight( tableHeightForRows( actionsTable_, 10 ) );
",""
"Variable:src/ui/src/importactionsdialog.cpp:previousResponsesMin","previousResponsesMin","src/ui/src/importactionsdialog.cpp",677,677,"    }
    const int previousActionsMin = actionsTable_->minimumHeight();
    const int previousResponsesMin = responsesTable_->minimumHeight();
    actionsTable_->setMinimumHeight( tableHeightForRows( actionsTable_, 10 ) );
    responsesTable_->setMinimumHeight( tableHeightForRows( responsesTable_, 10 ) );
",""
"Variable:src/ui/src/importactionsdialog.cpp:hint","hint","src/ui/src/importactionsdialog.cpp",683,683,"        layout()->activate();
    }
    const QSize hint = sizeHint();
    actionsTable_->setMinimumHeight( previousActionsMin );
    responsesTable_->setMinimumHeight( previousResponsesMin );
",""
"Variable:src/ui/src/importactionsdialog.cpp:widthHint","widthHint","src/ui/src/importactionsdialog.cpp",687,688,"    responsesTable_->setMinimumHeight( previousResponsesMin );

    const int widthHint = qMax( tableWidthHint( actionsTable_ ),
                                tableWidthHint( responsesTable_ ) );
    const int desiredWidth
        = qMax( clampToScreenWidth( this, qMax( widthHint, 925 ) ),
",""
"Variable:src/ui/src/importactionsdialog.cpp:desiredWidth","desiredWidth","src/ui/src/importactionsdialog.cpp",689,691,"    const int widthHint = qMax( tableWidthHint( actionsTable_ ),
                                tableWidthHint( responsesTable_ ) );
    const int desiredWidth
        = qMax( clampToScreenWidth( this, qMax( widthHint, 925 ) ),
                minimumSizeHint().width() );
    const int desiredHeight = qMax( hint.height(), minimumSizeHint().height() );
    if ( !sizeInitialized_ ) {
",""
"Variable:src/ui/src/importactionsdialog.cpp:desiredHeight","desiredHeight","src/ui/src/importactionsdialog.cpp",692,692,"        = qMax( clampToScreenWidth( this, qMax( widthHint, 925 ) ),
                minimumSizeHint().width() );
    const int desiredHeight = qMax( hint.height(), minimumSizeHint().height() );
    if ( !sizeInitialized_ ) {
        resize( desiredWidth, desiredHeight );
",""
"Variable:src/ui/src/iconloader.cpp:IconSizes","IconSizes","src/ui/src/iconloader.cpp",25,25,"#include <array>

constexpr std::array<int, 8> IconSizes{ 0, 16 };

IconLoader::IconLoader( QWidget* widget )
",""
"Variable:src/ui/src/iconloader.cpp:bg","bg","src/ui/src/iconloader.cpp",46,46,"    QStyleOption style;
    style.initFrom( widget_ );
    auto bg = style.palette.window().color();
    bool darkBackground = ( bg.red() + bg.green() + bg.blue() <= 384 );
    return darkBackground;
",""
"Variable:src/ui/src/iconloader.cpp:darkBackground","darkBackground","src/ui/src/iconloader.cpp",47,47,"    style.initFrom( widget_ );
    auto bg = style.palette.window().color();
    bool darkBackground = ( bg.red() + bg.green() + bg.blue() <= 384 );
    return darkBackground;
}
",""
"Variable:src/ui/src/iconloader.cpp:invert","invert","src/ui/src/iconloader.cpp",58,58,"QPixmap IconLoader::loadPixmap( QString name, int size ) const
{
    bool invert = shouldInvert();
    QString nonScalableName;
    QPixmap pmap;
",""
"Variable:src/ui/src/iconloader.cpp:img","img","src/ui/src/iconloader.cpp",102,102,"    // No suitable inverted icon found for black background; try to
    // auto-invert the default one
    QImage img = pmap.toImage().convertToFormat( QImage::Format_ARGB32 );
    for ( int y = 0; y < img.height(); ++y ) {
        for ( int x = 0; x < img.width(); ++x ) {
",""
"Variable:src/ui/src/iconloader.cpp:y","y","src/ui/src/iconloader.cpp",103,103,"    // auto-invert the default one
    QImage img = pmap.toImage().convertToFormat( QImage::Format_ARGB32 );
    for ( int y = 0; y < img.height(); ++y ) {
        for ( int x = 0; x < img.width(); ++x ) {
            QRgb rgba = img.pixel( x, y );
",""
"Variable:src/ui/src/iconloader.cpp:x","x","src/ui/src/iconloader.cpp",104,104,"    QImage img = pmap.toImage().convertToFormat( QImage::Format_ARGB32 );
    for ( int y = 0; y < img.height(); ++y ) {
        for ( int x = 0; x < img.width(); ++x ) {
            QRgb rgba = img.pixel( x, y );
            QColor colour = QColor( qRed( rgba ), qGreen( rgba ), qBlue( rgba ), qAlpha( rgba ) );
",""
"Variable:src/ui/src/iconloader.cpp:rgba","rgba","src/ui/src/iconloader.cpp",105,105,"    for ( int y = 0; y < img.height(); ++y ) {
        for ( int x = 0; x < img.width(); ++x ) {
            QRgb rgba = img.pixel( x, y );
            QColor colour = QColor( qRed( rgba ), qGreen( rgba ), qBlue( rgba ), qAlpha( rgba ) );
            int alpha = colour.alpha();
",""
"Variable:src/ui/src/iconloader.cpp:colour","colour","src/ui/src/iconloader.cpp",106,106,"        for ( int x = 0; x < img.width(); ++x ) {
            QRgb rgba = img.pixel( x, y );
            QColor colour = QColor( qRed( rgba ), qGreen( rgba ), qBlue( rgba ), qAlpha( rgba ) );
            int alpha = colour.alpha();
            if ( colour.saturation() < 5 && colour.alpha() > 10 ) {
",""
"Variable:src/ui/src/iconloader.cpp:alpha","alpha","src/ui/src/iconloader.cpp",107,107,"            QRgb rgba = img.pixel( x, y );
            QColor colour = QColor( qRed( rgba ), qGreen( rgba ), qBlue( rgba ), qAlpha( rgba ) );
            int alpha = colour.alpha();
            if ( colour.saturation() < 5 && colour.alpha() > 10 ) {
                colour.setHsv( colour.hue(), colour.saturation(), 255 - colour.value() );
",""
"Variable:src/ui/src/highlightersmenu.cpp:noneAction","noneAction","src/ui/src/highlightersmenu.cpp",48,48,"    const auto& activeSetIds = highlightersCollection.activeSetIds();

    auto noneAction = addAction( tr( ""None"" ) );
    noneAction->setActionGroup( highLighters_ );
    noneAction->setEnabled( !activeSetIds.isEmpty() );
",""
"Variable:src/ui/src/highlightersmenu.cpp:setAction","setAction","src/ui/src/highlightersmenu.cpp",55,55,"
    for ( const auto& highlighter : highlighterSets ) {
        auto setAction = addAction( highlighter.name() );
        setAction->setActionGroup( highLighters_ );
        setAction->setCheckable( true );
",""
"Variable:src/ui/src/highlightersmenu.cpp:setId","setId","src/ui/src/highlightersmenu.cpp",65,65,"void HighlightersMenu::saveCurrentHighlighterFromAction( const QAction* action ) const
{
    auto setId = action->data().toString();
    auto& highlighterSets = HighlighterSetCollection::get();

",""
"Variable:src/ui/src/highlightersmenu.cpp:activeSets","activeSets","src/ui/src/highlightersmenu.cpp",83,83,"void HighlightersMenu::updateActionsStatus() const
{
    const auto activeSets = HighlighterSetCollection::get().activeSetIds();

    const auto selectNone = activeSets.isEmpty();
",""
"Variable:src/ui/src/highlightersmenu.cpp:selectNone","selectNone","src/ui/src/highlightersmenu.cpp",85,85,"    const auto activeSets = HighlighterSetCollection::get().activeSetIds();

    const auto selectNone = activeSets.isEmpty();

    for ( auto* action : highLighters_->actions() ) {
",""
"Variable:src/ui/src/highlightersmenu.cpp:actionSet","actionSet","src/ui/src/highlightersmenu.cpp",88,88,"
    for ( auto* action : highLighters_->actions() ) {
        const auto actionSet = action->data().toString();
        // update ""None"" action state
        if ( actionSet.isEmpty() ) {
",""
"Variable:src/ui/src/highlightersetedit.cpp:DEFAULT_PATTERN","DEFAULT_PATTERN","src/ui/src/highlightersetedit.cpp",52,52,"
namespace {
static constexpr QLatin1String DEFAULT_PATTERN = QLatin1String( ""New Highlighter"", 15 );
static constexpr bool DEFAULT_IGNORE_CASE = false;
static constexpr bool DEFAULT_ONLY_MATCH = false;
",""
"Variable:src/ui/src/highlightersetedit.cpp:DEFAULT_IGNORE_CASE","DEFAULT_IGNORE_CASE","src/ui/src/highlightersetedit.cpp",53,53,"namespace {
static constexpr QLatin1String DEFAULT_PATTERN = QLatin1String( ""New Highlighter"", 15 );
static constexpr bool DEFAULT_IGNORE_CASE = false;
static constexpr bool DEFAULT_ONLY_MATCH = false;

",""
"Variable:src/ui/src/highlightersetedit.cpp:DEFAULT_ONLY_MATCH","DEFAULT_ONLY_MATCH","src/ui/src/highlightersetedit.cpp",54,54,"static constexpr QLatin1String DEFAULT_PATTERN = QLatin1String( ""New Highlighter"", 15 );
static constexpr bool DEFAULT_IGNORE_CASE = false;
static constexpr bool DEFAULT_ONLY_MATCH = false;

static const QColor DEFAULT_FORE_COLOUR( ""#000000"" );
",""
"Variable:src/ui/src/highlightersetedit.cpp:DEFAULT_FORE_COLOUR","DEFAULT_FORE_COLOUR","src/ui/src/highlightersetedit.cpp",56,56,"static constexpr bool DEFAULT_ONLY_MATCH = false;

static const QColor DEFAULT_FORE_COLOUR( ""#000000"" );
static const QColor DEFAULT_BACK_COLOUR( ""#FFFFFF"" );
} // namespace
",""
"Variable:src/ui/src/highlightersetedit.cpp:DEFAULT_BACK_COLOUR","DEFAULT_BACK_COLOUR","src/ui/src/highlightersetedit.cpp",57,57,"
static const QColor DEFAULT_FORE_COLOUR( ""#000000"" );
static const QColor DEFAULT_BACK_COLOUR( ""#FFFFFF"" );
} // namespace

",""
"Variable:src/ui/src/highlightersetedit.cpp:iconLoader","iconLoader","src/ui/src/highlightersetedit.cpp",96,96,"
    dispatchToObject( [ this ] {
        IconLoader iconLoader( this );

        addHighlighterButton->setIcon( iconLoader.load( ""icons8-plus-16"" ) );
",""
"Variable:src/ui/src/highlightersetedit.cpp:index","index","src/ui/src/highlightersetedit.cpp",164,164,"void HighlighterSetEdit::removeHighlighter()
{
    int index = highlighterListWidget->currentRow();
    LOG_DEBUG << ""removeHighlighter() index "" << index;

",""
"Variable:src/ui/src/highlightersetedit.cpp:count","count","src/ui/src/highlightersetedit.cpp",174,174,"            delete highlighterListWidget->takeItem( index );

            int count = highlighterListWidget->count();
            if ( index < count ) {
                // Select the new item at the same index
",""
"Variable:src/ui/src/highlighterset.cpp:options","options","src/ui/src/highlighterset.cpp",64,64,"QRegularExpression::PatternOptions getPatternOptions( bool ignoreCase )
{
    QRegularExpression::PatternOptions options = QRegularExpression::UseUnicodePropertiesOption;

    if ( ignoreCase ) {
",""
"Variable:src/ui/src/highlighterset.cpp:colorDistribution","colorDistribution","src/ui/src/highlighterset.cpp",167,168,"    }

    std::uniform_int_distribution<int> colorDistribution( 100 - colorVariance_,
                                                          100 + colorVariance_ );

    std::minstd_rand0 generator( Crc32::calculate( match.toUtf8() ) );
",""
"Variable:src/ui/src/highlighterset.cpp:generator","generator","src/ui/src/highlighterset.cpp",170,170,"                                                          100 + colorVariance_ );

    std::minstd_rand0 generator( Crc32::calculate( match.toUtf8() ) );
    const auto factor = colorDistribution( generator );

",""
"Variable:src/ui/src/highlighterset.cpp:factor","factor","src/ui/src/highlighterset.cpp",171,171,"
    std::minstd_rand0 generator( Crc32::calculate( match.toUtf8() ) );
    const auto factor = colorDistribution( generator );

    return std::make_pair( color_.foreColor.darker( factor ), color_.backColor.darker( factor ) );
",""
"Variable:src/ui/src/highlighterset.cpp:pattern","pattern","src/ui/src/highlighterset.cpp",189,190,"void Highlighter::compile() const
{
    const auto pattern
        = useRegex_ ? regexp_.pattern() : QRegularExpression::escape( regexp_.pattern() );

    optimizedRegexp_ = QRegularExpression( pattern, regexp_.patternOptions() );
",""
"Variable:src/ui/src/highlighterset.cpp:matchIterator","matchIterator","src/ui/src/highlighterset.cpp",212,212,"    }

    QRegularExpressionMatchIterator matchIterator = optimizedRegexp_->globalMatch( line );

    while ( matchIterator.hasNext() ) {
",""
"Variable:src/ui/src/highlighterset.cpp:match","match","src/ui/src/highlighterset.cpp",215,215,"
    while ( matchIterator.hasNext() ) {
        QRegularExpressionMatch match = matchIterator.next();
        if ( optimizedRegexp_->captureCount() > 0 ) {
            matches.reserve( static_cast<size_t>( match.lastCapturedIndex() ) );
",""
"Variable:src/ui/src/highlighterset.cpp:i","i","src/ui/src/highlighterset.cpp",218,218,"        if ( optimizedRegexp_->captureCount() > 0 ) {
            matches.reserve( static_cast<size_t>( match.lastCapturedIndex() ) );
            for ( int i = 1; i <= match.lastCapturedIndex(); ++i ) {

                const auto colors = vairateColors( match.captured( i ) );
",""
"Variable:src/ui/src/highlighterset.cpp:colors","colors","src/ui/src/highlighterset.cpp",220,220,"            for ( int i = 1; i <= match.lastCapturedIndex(); ++i ) {

                const auto colors = vairateColors( match.captured( i ) );

                matches.emplace_back( LineColumn{ match.capturedStart( i ) },
",""
"Variable:src/ui/src/highlighterset.cpp:index","index","src/ui/src/highlighterset.cpp",282,282,"    patterns.reserve( static_cast<size_t>( highlighterList_.size() ) );

    for ( int index = 0; index < highlighterList_.size(); ++index ) {
        const auto pattern = highlighterList_.at( index ).expressionPattern();
        const auto regex = static_cast<QRegularExpression>( pattern );
",""
"Variable:src/ui/src/highlighterset.cpp:regex","regex","src/ui/src/highlighterset.cpp",284,284,"    for ( int index = 0; index < highlighterList_.size(); ++index ) {
        const auto pattern = highlighterList_.at( index ).expressionPattern();
        const auto regex = static_cast<QRegularExpression>( pattern );
        if ( !regex.isValid() ) {
            LOG_WARNING << ""Skipping invalid highlighter pattern "" << pattern.pattern << "": ""
",""
"Variable:src/ui/src/highlighterset.cpp:utf8Data","utf8Data","src/ui/src/highlighterset.cpp",315,315,"    }

    klogg::vector<char> utf8Data( static_cast<size_t>( line.size() * 4 ) );
    const auto resultSize
        = simdutf::convert_utf16_to_utf8( reinterpret_cast<const char16_t*>( line.utf16() ),
",""
"Variable:src/ui/src/highlighterset.cpp:resultSize","resultSize","src/ui/src/highlighterset.cpp",316,318,"
    klogg::vector<char> utf8Data( static_cast<size_t>( line.size() * 4 ) );
    const auto resultSize
        = simdutf::convert_utf16_to_utf8( reinterpret_cast<const char16_t*>( line.utf16() ),
                                          static_cast<size_t>( line.size() ), utf8Data.data() );

    auto matcher = compiledExpression_->createMatcher();
",""
"Variable:src/ui/src/highlighterset.cpp:matcher","matcher","src/ui/src/highlighterset.cpp",320,320,"                                          static_cast<size_t>( line.size() ), utf8Data.data() );

    auto matcher = compiledExpression_->createMatcher();
    klogg::vector<std::pair<RegularExpressionPattern, bool>> matchedPatterns
        = matcher->match( std::string_view{ utf8Data.data(), resultSize } );
",""
"Variable:src/ui/src/highlighterset.cpp:matchedPatterns","matchedPatterns","src/ui/src/highlighterset.cpp",321,322,"
    auto matcher = compiledExpression_->createMatcher();
    klogg::vector<std::pair<RegularExpressionPattern, bool>> matchedPatterns
        = matcher->match( std::string_view{ utf8Data.data(), resultSize } );

    QVector<bool> matchedByHighlighter( highlighterList_.size(), false );
",""
"Variable:src/ui/src/highlighterset.cpp:matchedByHighlighter","matchedByHighlighter","src/ui/src/highlighterset.cpp",324,324,"        = matcher->match( std::string_view{ utf8Data.data(), resultSize } );

    QVector<bool> matchedByHighlighter( highlighterList_.size(), false );
    const auto matchedPatternCount = static_cast<int>( matchedPatterns.size() );
    const auto mappedPatternCount
",""
"Variable:src/ui/src/highlighterset.cpp:matchedPatternCount","matchedPatternCount","src/ui/src/highlighterset.cpp",325,325,"
    QVector<bool> matchedByHighlighter( highlighterList_.size(), false );
    const auto matchedPatternCount = static_cast<int>( matchedPatterns.size() );
    const auto mappedPatternCount
        = static_cast<int>( compiledPatternToHighlighterIndex_.size() );
",""
"Variable:src/ui/src/highlighterset.cpp:mappedPatternCount","mappedPatternCount","src/ui/src/highlighterset.cpp",326,327,"    QVector<bool> matchedByHighlighter( highlighterList_.size(), false );
    const auto matchedPatternCount = static_cast<int>( matchedPatterns.size() );
    const auto mappedPatternCount
        = static_cast<int>( compiledPatternToHighlighterIndex_.size() );
    const auto matchedCount = qMin( matchedPatternCount, mappedPatternCount );
    for ( int patternIndex = 0; patternIndex < matchedCount; ++patternIndex ) {
",""
"Variable:src/ui/src/highlighterset.cpp:matchedCount","matchedCount","src/ui/src/highlighterset.cpp",328,328,"    const auto mappedPatternCount
        = static_cast<int>( compiledPatternToHighlighterIndex_.size() );
    const auto matchedCount = qMin( matchedPatternCount, mappedPatternCount );
    for ( int patternIndex = 0; patternIndex < matchedCount; ++patternIndex ) {
        if ( matchedPatterns[ static_cast<size_t>( patternIndex ) ].second ) {
",""
"Variable:src/ui/src/highlighterset.cpp:patternIndex","patternIndex","src/ui/src/highlighterset.cpp",329,329,"        = static_cast<int>( compiledPatternToHighlighterIndex_.size() );
    const auto matchedCount = qMin( matchedPatternCount, mappedPatternCount );
    for ( int patternIndex = 0; patternIndex < matchedCount; ++patternIndex ) {
        if ( matchedPatterns[ static_cast<size_t>( patternIndex ) ].second ) {
            const auto highlighterIndex
",""
"Variable:src/ui/src/highlighterset.cpp:highlighterIndex","highlighterIndex","src/ui/src/highlighterset.cpp",331,332,"    for ( int patternIndex = 0; patternIndex < matchedCount; ++patternIndex ) {
        if ( matchedPatterns[ static_cast<size_t>( patternIndex ) ].second ) {
            const auto highlighterIndex
                = compiledPatternToHighlighterIndex_.at( patternIndex );
            if ( highlighterIndex >= 0 && highlighterIndex < matchedByHighlighter.size() ) {
                matchedByHighlighter[ highlighterIndex ] = true;
",""
"Variable:src/ui/src/highlighterset.cpp:matchType","matchType","src/ui/src/highlighterset.cpp",339,339,"    }

    auto matchType = HighlighterMatchType::NoMatch;

    for ( int index = static_cast<int>( highlighterList_.size() ) - 1; index >= 0; --index ) {
",""
"Variable:src/ui/src/highlighterset.cpp:size","size","src/ui/src/highlighterset.cpp",434,434,"            name_ = settings.value( ""name"", ""Highlighters set"" ).toString();
            id_ = settings.value( ""id"", generateIdFromUuid() ).toString();
            int size = settings.beginReadArray( ""filters"" );
            for ( int i = 0; i < size; ++i ) {
                settings.setArrayIndex( i );
",""
"Variable:src/ui/src/highlighterset.cpp:currentSet","currentSet","src/ui/src/highlighterset.cpp",621,621,"            activeSets_ = settings.value( ""active_sets"" ).toStringList();

            auto currentSet = settings.value( ""current"" ).toString();
            settings.remove( ""current"" );
            if ( !currentSet.isEmpty() ) {
",""
"Variable:src/ui/src/highlightersdialog.cpp:DEFAULT_NAME","DEFAULT_NAME","src/ui/src/highlightersdialog.cpp",55,55,"#include ""log.h""

static constexpr QLatin1String DEFAULT_NAME = QLatin1String( ""New Highlighter set"", 19 );

// Construct the box, including a copy of the global highlighterSet
",""
"Variable:src/ui/src/highlightersdialog.cpp:quickHighlighters","quickHighlighters","src/ui/src/highlightersdialog.cpp",120,120,"    quickHighlightLayout->addWidget( colorLabelsCycle, 0, 3, Qt::AlignCenter );

    const auto quickHighlighters = highlighterSetCollection_.quickHighlighters();
    for ( int i = 0; i < quickHighlighters.size(); ++i ) {
        const auto row = i + 1;
",""
"Variable:src/ui/src/highlightersdialog.cpp:i","i","src/ui/src/highlightersdialog.cpp",121,121,"
    const auto quickHighlighters = highlighterSetCollection_.quickHighlighters();
    for ( int i = 0; i < quickHighlighters.size(); ++i ) {
        const auto row = i + 1;
        auto nameEdit = new QLineEdit( quickHighlighters[ i ].name );
",""
"Variable:src/ui/src/highlightersdialog.cpp:row","row","src/ui/src/highlightersdialog.cpp",122,122,"    const auto quickHighlighters = highlighterSetCollection_.quickHighlighters();
    for ( int i = 0; i < quickHighlighters.size(); ++i ) {
        const auto row = i + 1;
        auto nameEdit = new QLineEdit( quickHighlighters[ i ].name );
        auto foreButton = new QPushButton;
",""
"Variable:src/ui/src/highlightersdialog.cpp:nameEdit","nameEdit","src/ui/src/highlightersdialog.cpp",123,123,"    for ( int i = 0; i < quickHighlighters.size(); ++i ) {
        const auto row = i + 1;
        auto nameEdit = new QLineEdit( quickHighlighters[ i ].name );
        auto foreButton = new QPushButton;
        auto backButton = new QPushButton;
",""
"Variable:src/ui/src/highlightersdialog.cpp:foreButton","foreButton","src/ui/src/highlightersdialog.cpp",124,124,"        const auto row = i + 1;
        auto nameEdit = new QLineEdit( quickHighlighters[ i ].name );
        auto foreButton = new QPushButton;
        auto backButton = new QPushButton;
        auto cycleCheckbox = new QCheckBox;
",""
"Variable:src/ui/src/highlightersdialog.cpp:backButton","backButton","src/ui/src/highlightersdialog.cpp",125,125,"        auto nameEdit = new QLineEdit( quickHighlighters[ i ].name );
        auto foreButton = new QPushButton;
        auto backButton = new QPushButton;
        auto cycleCheckbox = new QCheckBox;

",""
"Variable:src/ui/src/highlightersdialog.cpp:cycleCheckbox","cycleCheckbox","src/ui/src/highlightersdialog.cpp",126,126,"        auto foreButton = new QPushButton;
        auto backButton = new QPushButton;
        auto cycleCheckbox = new QCheckBox;

        HighlighterEdit::updateIcon( foreButton, quickHighlighters[ i ].color.foreColor );
",""
"Variable:src/ui/src/highlightersdialog.cpp:highlighters","highlighters","src/ui/src/highlightersdialog.cpp",134,134,"        connect( nameEdit, &QLineEdit::textChanged, nameEdit,
                 [ this, index = i ]( const QString& newName ) {
                     auto highlighters = highlighterSetCollection_.quickHighlighters();
                     if ( !newName.isEmpty() ) {
                         highlighters[ index ].name = newName;
",""
"Variable:src/ui/src/highlightersdialog.cpp:iconLoader","iconLoader","src/ui/src/highlightersdialog.cpp",177,177,"
    dispatchToObject( [ this ] {
        IconLoader iconLoader( this );

        addHighlighterButton->setIcon( iconLoader.load( ""icons8-plus-16"" ) );
",""
"Variable:src/ui/src/highlightersdialog.cpp:file","file","src/ui/src/highlightersdialog.cpp",192,193,"void HighlightersDialog::exportHighlighters()
{
    QString file = QFileDialog::getSaveFileName( this, tr( ""Export highlighters configuration"" ),
                                                 """", ""Highlighters (*.conf)"" );

    if ( file.isEmpty() ) {
",""
"Variable:src/ui/src/highlightersdialog.cpp:settings","settings","src/ui/src/highlightersdialog.cpp",203,203,"    }

    QSettings settings{ file, QSettings::IniFormat };
    highlighterSetCollection_.saveToStorage( settings );
}
",""
"Variable:src/ui/src/highlightersdialog.cpp:files","files","src/ui/src/highlightersdialog.cpp",209,210,"void HighlightersDialog::importHighlighters()
{
    const QStringList files = QFileDialog::getOpenFileNames(
        this, tr( ""Select one or more files to open"" ), """", tr( ""Highlighters (*.conf)"" ) );

    for ( const auto& file : files ) {
",""
"Variable:src/ui/src/highlightersdialog.cpp:index","index","src/ui/src/highlightersdialog.cpp",248,248,"void HighlightersDialog::removeHighlighterSet()
{
    int index = highlighterListWidget->currentRow();
    LOG_DEBUG << ""removeHighlighter() index "" << index;

",""
"Variable:src/ui/src/highlightersdialog.cpp:count","count","src/ui/src/highlightersdialog.cpp",262,262,"            delete highlighterListWidget->takeItem( index );

            int count = highlighterListWidget->count();
            if ( index < count ) {
                // Select the new item at the same index
",""
"Variable:src/ui/src/highlightersdialog.cpp:role","role","src/ui/src/highlightersdialog.cpp",313,313,"    LOG_DEBUG << ""resolveDialog()"";

    QDialogButtonBox::ButtonRole role = buttonBox->buttonRole( button );
    if ( role == QDialogButtonBox::RejectRole ) {
        reject();
",""
"Variable:src/ui/src/highlighteredit.cpp:pixmap","pixmap","src/ui/src/highlighteredit.cpp",171,171,"void HighlighterEdit::updateIcon( QPushButton* button, const QColor& color )
{
    QPixmap pixmap( 20, 10 );
    pixmap.fill( color );
    button->setIcon( QIcon( pixmap ) );
",""
"Variable:src/ui/src/filteredview.cpp:i","i","src/ui/src/filteredview.cpp",100,100,"    registerShortcut( ShortcutAction::LogViewNextMark, [ this ] {
        using LineTypeFlags = LogFilteredData::LineTypeFlags;
        auto i = getViewPosition() - 1_lcount;
        bool foundMark = false;
        for ( ; i != 0_lnum; --i ) {
",""
"Variable:src/ui/src/filteredview.cpp:foundMark","foundMark","src/ui/src/filteredview.cpp",101,101,"        using LineTypeFlags = LogFilteredData::LineTypeFlags;
        auto i = getViewPosition() - 1_lcount;
        bool foundMark = false;
        for ( ; i != 0_lnum; --i ) {
            if ( lineType( i ).testFlag( LineTypeFlags::Mark ) ) {
",""
"Variable:src/ui/src/filteredview.cpp:nbLines","nbLines","src/ui/src/filteredview.cpp",118,118,"    } );
    registerShortcut( ShortcutAction::LogViewPrevMark, [ this ] {
        const auto nbLines = logFilteredData_->getNbLine();
        for ( auto i = getViewPosition() + 1_lcount; i < nbLines; ++i ) {
            if ( lineType( i ).testFlag( LogFilteredData::LineTypeFlags::Mark ) ) {
",""
"Variable:src/ui/src/favoritefiles.cpp:FavoriteFilesVersion","FavoriteFilesVersion","src/ui/src/favoritefiles.cpp",25,25,"
namespace {
constexpr const int FavoriteFilesVersion = 1;
}

",""
"Variable:src/ui/src/favoritefiles.cpp:newFile","newFile","src/ui/src/favoritefiles.cpp",34,34,"    }

    auto newFile = DisplayFilePath( path );

    auto lowerBound = std::lower_bound( files_.begin(), files_.end(), newFile,
",""
"Variable:src/ui/src/favoritefiles.cpp:lowerBound","lowerBound","src/ui/src/favoritefiles.cpp",36,39,"    auto newFile = DisplayFilePath( path );

    auto lowerBound = std::lower_bound( files_.begin(), files_.end(), newFile,
                                        []( const DisplayFilePath& lhs, const DisplayFilePath& rhs ) {
                                            return lhs.displayName() < rhs.displayName();
                                        } );

    files_.insert( lowerBound, newFile );
",""
"Variable:src/ui/src/favoritefiles.cpp:existingFile","existingFile","src/ui/src/favoritefiles.cpp",46,46,"void FavoriteFiles::remove( const QString& path )
{
    auto existingFile = std::find_if( files_.begin(), files_.end(), FullPathComparator( path ) );
    files_.erase( existingFile );
}
",""
"Variable:src/ui/src/favoritefiles.cpp:i","i","src/ui/src/favoritefiles.cpp",63,63,"    settings.remove( ""favorites"" );
    settings.beginWriteArray( ""favorites"" );
    for ( auto i = 0u; i < files_.size(); ++i ) {
        settings.setArrayIndex( static_cast<int>( i ) );
        settings.setValue( ""name"", files_.at( i ).fullPath() );
",""
"Variable:src/ui/src/favoritefiles.cpp:size","size","src/ui/src/favoritefiles.cpp",80,80,"        settings.beginGroup( ""FavoriteFiles"" );
        if ( settings.value( ""version"" ).toInt() == FavoriteFilesVersion ) {
            int size = settings.beginReadArray( ""favorites"" );
            for ( int i = 0; i < size; ++i ) {
                settings.setArrayIndex( static_cast<int>( i ) );
",""
"Variable:src/ui/src/favoritefiles.cpp:path","path","src/ui/src/favoritefiles.cpp",83,83,"            for ( int i = 0; i < size; ++i ) {
                settings.setArrayIndex( static_cast<int>( i ) );
                QString path = settings.value( ""name"" ).toString();
                files_.emplace_back( path );
            }
",""
"Variable:src/ui/src/downloader.cpp:sslConfiguration","sslConfiguration","src/ui/src/downloader.cpp",44,44,"
    if ( !Configuration::get().verifySslPeers() ) {
        auto sslConfiguration = QSslConfiguration::defaultConfiguration();
        sslConfiguration.setPeerVerifyMode( QSslSocket::VerifyNone );
        request.setSslConfiguration( sslConfiguration );
",""
"Variable:src/ui/src/downloader.cpp:finished","finished","src/ui/src/downloader.cpp",71,71,"        lastError_ = currentDownload_->errorString();
        output_->remove();
        Q_EMIT finished( false );
    }
    else {
",""
"Variable:src/ui/src/displayfilepath.cpp:MaxPathLength","MaxPathLength","src/ui/src/displayfilepath.cpp",23,23,"#include <QDir>

constexpr const int MaxPathLength = 128;
namespace {
// inspired by http://chadkuehn.com/shrink-file-paths-with-an-ellipsis-in-c/
",""
"Variable:src/ui/src/displayfilepath.cpp:fileInfo","fileInfo","src/ui/src/displayfilepath.cpp",32,32,"    }

    const auto fileInfo = QFileInfo( fullPath );
    const auto fileName = fileInfo.fileName();
    const auto absoluteNativePath = QDir::toNativeSeparators( fileInfo.absolutePath() );
",""
"Variable:src/ui/src/displayfilepath.cpp:fileName","fileName","src/ui/src/displayfilepath.cpp",33,33,"
    const auto fileInfo = QFileInfo( fullPath );
    const auto fileName = fileInfo.fileName();
    const auto absoluteNativePath = QDir::toNativeSeparators( fileInfo.absolutePath() );

",""
"Variable:src/ui/src/displayfilepath.cpp:absoluteNativePath","absoluteNativePath","src/ui/src/displayfilepath.cpp",34,34,"    const auto fileInfo = QFileInfo( fullPath );
    const auto fileName = fileInfo.fileName();
    const auto absoluteNativePath = QDir::toNativeSeparators( fileInfo.absolutePath() );

    const auto idealMinLength = fileName.size() + delimiter.size();
",""
"Variable:src/ui/src/displayfilepath.cpp:idealMinLength","idealMinLength","src/ui/src/displayfilepath.cpp",36,36,"    const auto absoluteNativePath = QDir::toNativeSeparators( fileInfo.absolutePath() );

    const auto idealMinLength = fileName.size() + delimiter.size();

    // less than the minimum amt
",""
"Variable:src/ui/src/decompressor.cpp:info","info","src/ui/src/decompressor.cpp",40,40,"Archive archiveTypeByExtension( const QString& archiveFilePath )
{
    const auto info = QFileInfo( archiveFilePath );
    const auto extension = info.suffix().toLower();
    LOG_INFO << ""Suffix is "" << extension;
",""
"Variable:src/ui/src/decompressor.cpp:extension","extension","src/ui/src/decompressor.cpp",41,41,"{
    const auto info = QFileInfo( archiveFilePath );
    const auto extension = info.suffix().toLower();
    LOG_INFO << ""Suffix is "" << extension;

",""
"Variable:src/ui/src/decompressor.cpp:completeSuffix","completeSuffix","src/ui/src/decompressor.cpp",55,55,"
    if ( extension == ""gz"" || extension == ""bz2"" || extension == ""xz"" || extension == ""lzma"" ) {
        const auto completeSuffix = info.completeSuffix().toLower();
        if ( completeSuffix.contains( ""tar."" ) ) {
            return Archive::Tar;
",""
"Variable:src/ui/src/decompressor.cpp:mime","mime","src/ui/src/decompressor.cpp",76,76,"{
    QMimeDatabase mimeDb;
    const auto mime = mimeDb.mimeTypeForFile( archiveFilePath );

    if ( mime.inherits( ""application/x-7z-compressed"" ) ) {
",""
"Variable:src/ui/src/decompressor.cpp:mimeArchiveType","mimeArchiveType","src/ui/src/decompressor.cpp",90,90,"    }

    auto mimeArchiveType = Archive::None;

    if ( mime.inherits( ""application/x-gzip"" ) ) {
",""
"Variable:src/ui/src/decompressor.cpp:compression","compression","src/ui/src/decompressor.cpp",138,138,"                                                      const QString& archiveFilePath )
{
    KCompressionDevice::CompressionType compression = KCompressionDevice::None;

    switch ( archiveType ) {
",""
"Variable:src/ui/src/decompressor.cpp:result","result","src/ui/src/decompressor.cpp",178,178,"    }

    auto result = false;
    try {
        const auto recursive = true;
",""
"Variable:src/ui/src/decompressor.cpp:recursive","recursive","src/ui/src/decompressor.cpp",180,180,"    auto result = false;
    try {
        const auto recursive = true;
#ifdef KLOGG_KARCHIVE
        result = root->copyTo( destination, interrupt, recursive );
",""
"Variable:src/ui/src/decompressor.cpp:success","success","src/ui/src/decompressor.cpp",207,207,"    }

    bool success = true;
    try {
        while ( !input->atEnd() ) {
",""
"Variable:src/ui/src/decompressor.cpp:data","data","src/ui/src/decompressor.cpp",216,216,"            }

            QByteArray data = input->read( 4 * 1024 * 1024 );
            if ( data.size() > 0 ) {
                const auto writtenBytes = outputFile->write( data );
",""
"Variable:src/ui/src/decompressor.cpp:writtenBytes","writtenBytes","src/ui/src/decompressor.cpp",218,218,"            QByteArray data = input->read( 4 * 1024 * 1024 );
            if ( data.size() > 0 ) {
                const auto writtenBytes = outputFile->write( data );
                if ( writtenBytes < 0 ) {
                    LOG_ERROR << ""Error decompressing "" << archiveFilePath;
",""
"Variable:src/ui/src/decompressor.cpp:archive","archive","src/ui/src/decompressor.cpp",256,256,"DecompressAction Decompressor::action( const QString& archiveFilePath )
{
    const auto archive = archiveType( archiveFilePath );

    switch ( archive ) {
",""
"Variable:src/ui/src/decompressor.cpp:decompressor","decompressor","src/ui/src/decompressor.cpp",275,275,"                               AtomicFlag& interrupt )
{
    auto decompressor = makeDecompressor( archiveType( archiveFilePath ), archiveFilePath );
    if ( !decompressor ) {
        LOG_WARNING << ""Unsupported archive "" << archiveFilePath.constData();
",""
"Variable:src/ui/src/crawlerwidget.cpp:searchables","searchables","src/ui/src/crawlerwidget.cpp",408,408,"std::vector<QObject*> CrawlerWidget::doGetAllSearchables() const
{
    std::vector<QObject*> searchables = { logMainView_, filteredView_ };

    return searchables;
",""
"Variable:src/ui/src/crawlerwidget.cpp:newSelection","newSelection","src/ui/src/crawlerwidget.cpp",416,416,"void CrawlerWidget::doSendAllStateSignals()
{
    Q_EMIT newSelection( currentLineNumber_, 0_lcount, 0_lcol, 0_length );
    if ( !loadingInProgress_ )
        Q_EMIT loadingFinished( LoadingStatus::Successful );
",""
"Variable:src/ui/src/crawlerwidget.cpp:DropCache","DropCache","src/ui/src/crawlerwidget.cpp",447,447,"    searchState_.resetState();
    startupFilterSearchInProgress_ = false;
    constexpr auto DropCache = true;
    logFilteredData_->clearSearch( DropCache );
    logFilteredData_->clearMarks();
",""
"Variable:src/ui/src/crawlerwidget.cpp:history","history","src/ui/src/crawlerwidget.cpp",476,476,"{
    QVariantList filters;
    const auto history = savedSearches_->recentSearches();
    filters.reserve( history.size() );

",""
"Variable:src/ui/src/crawlerwidget.cpp:currentFilter","currentFilter","src/ui/src/crawlerwidget.cpp",479,479,"    filters.reserve( history.size() );

    const auto currentFilter = searchLineEdit_->currentText();
    for ( int filterIndex = 0; filterIndex < history.size(); ++filterIndex ) {
        const auto& filterString = history.at( filterIndex );
",""
"Variable:src/ui/src/crawlerwidget.cpp:filterIndex","filterIndex","src/ui/src/crawlerwidget.cpp",480,480,"
    const auto currentFilter = searchLineEdit_->currentText();
    for ( int filterIndex = 0; filterIndex < history.size(); ++filterIndex ) {
        const auto& filterString = history.at( filterIndex );
        QVariantMap filterInfo;
",""
"Variable:src/ui/src/crawlerwidget.cpp:computedId","computedId","src/ui/src/crawlerwidget.cpp",510,511,"    for ( int filterIndex = 0; filterIndex < history.size(); ++filterIndex ) {
        const auto& filterString = history.at( filterIndex );
        const auto computedId = QString::fromLatin1(
            QCryptographicHash::hash( filterString.toUtf8(), QCryptographicHash::Sha1 ).toHex() );
        if ( computedId == filterId ) {
            return PredefinedFilter{ QString{}, filterString, filterString, false };
",""
"Variable:src/ui/src/crawlerwidget.cpp:isLineSelected","isLineSelected","src/ui/src/crawlerwidget.cpp",583,583,"void CrawlerWidget::goToLine()
{
    bool isLineSelected = true;
    auto newLine = QInputDialog::getText( this, ""Jump to line"", ""Line number"" )
                       .toULongLong( &isLineSelected );
",""
"Variable:src/ui/src/crawlerwidget.cpp:newLine","newLine","src/ui/src/crawlerwidget.cpp",584,585,"{
    bool isLineSelected = true;
    auto newLine = QInputDialog::getText( this, ""Jump to line"", ""Line number"" )
                       .toULongLong( &isLineSelected );

    if ( isLineSelected ) {
",""
"Variable:src/ui/src/crawlerwidget.cpp:selectedLine","selectedLine","src/ui/src/crawlerwidget.cpp",592,593,"        }

        const auto selectedLine
            = LineNumber( static_cast<LineNumber::UnderlyingType>( newLine - 1 ) );
        filteredView_->trySelectLine( logFilteredData_->getLineIndexNumber( selectedLine ) );
        logMainView_->trySelectLine( selectedLine );
",""
"Variable:src/ui/src/crawlerwidget.cpp:context","context","src/ui/src/crawlerwidget.cpp",638,638,"
    try {
        const auto context = CrawlerWidgetContext{ view_context };

        const auto restoredSizes = context.sizes();
",""
"Variable:src/ui/src/crawlerwidget.cpp:restoredSizes","restoredSizes","src/ui/src/crawlerwidget.cpp",640,640,"        const auto context = CrawlerWidgetContext{ view_context };

        const auto restoredSizes = context.sizes();
        if ( restoredSizes.size() >= 2 ) {
            setSizes( restoredSizes );
",""
"Variable:src/ui/src/crawlerwidget.cpp:searchLineBlocker","searchLineBlocker","src/ui/src/crawlerwidget.cpp",648,648,"            // Avoid emitting a chain of restore-time signals that can trigger
            // immediate expensive searches before the UI is fully restored.
            const QSignalBlocker searchLineBlocker( searchLineEdit_->lineEdit() );
            const QSignalBlocker matchCaseBlocker( matchCaseButton_ );
            const QSignalBlocker regexBlocker( useRegexpButton_ );
",""
"Variable:src/ui/src/crawlerwidget.cpp:savedMarks","savedMarks","src/ui/src/crawlerwidget.cpp",674,674,"        logMainView_->followSet( context.followFile() && config.anyFileWatchEnabled() );

        const auto savedMarks = context.marks();
        std::transform( savedMarks.cbegin(), savedMarks.cend(), std::back_inserter( savedMarkedLines_ ),
                        []( const auto& l ) { return LineNumber( l ); } );
",""
"Variable:src/ui/src/crawlerwidget.cpp:index","index","src/ui/src/crawlerwidget.cpp",718,718,"        connectAllFilteredViewSlots( filteredView_ );

        auto index = tabbedFilteredView_->addTab( filteredView_, """" );
        tabbedFilteredView_->setCurrentIndex( index );

",""
"Variable:src/ui/src/crawlerwidget.cpp:newHistory","newHistory","src/ui/src/crawlerwidget.cpp",785,786,"    auto history = savedSearches_->recentSearches().join( QChar::LineFeed );
    bool ok;
    QString newHistory = QInputDialog::getMultiLineText( this, tr( ""klogg"" ),
                                                         tr( ""Search history:"" ), history, &ok );

    if ( ok ) {
",""
"Variable:src/ui/src/crawlerwidget.cpp:items","items","src/ui/src/crawlerwidget.cpp",791,791,"        savedSearches_->clear();
#if QT_VERSION >= QT_VERSION_CHECK( 5, 15, 0 )
        auto items = newHistory.split( QChar::LineFeed, Qt::SkipEmptyParts );
#else
        auto items = newHistory.split( QChar::LineFeed, QString::SkipEmptyParts );
",""
"Variable:src/ui/src/crawlerwidget.cpp:currentText","currentText","src/ui/src/crawlerwidget.cpp",807,807,"void CrawlerWidget::saveAsPredefinedFilter()
{
    const auto currentText = searchLineEdit_->currentText();

    Q_EMIT saveCurrentSearchAsPredefinedFilter( currentText );
",""
"Variable:src/ui/src/crawlerwidget.cpp:pattern","pattern","src/ui/src/crawlerwidget.cpp",838,838,"    else {
        if ( StartupProgress::isActive() ) {
            const auto pattern = searchLineEdit_->currentText();
            const auto detail = pattern.isEmpty() ? tr( ""<empty expression>"" ) : pattern.left( 96 );
            StartupProgress::message( tr( ""Applying filter expression"" ),
",""
"Variable:src/ui/src/crawlerwidget.cpp:detail","detail","src/ui/src/crawlerwidget.cpp",839,839,"        if ( StartupProgress::isActive() ) {
            const auto pattern = searchLineEdit_->currentText();
            const auto detail = pattern.isEmpty() ? tr( ""<empty expression>"" ) : pattern.left( 96 );
            StartupProgress::message( tr( ""Applying filter expression"" ),
                                      tr( ""%1 (%2%)"" ).arg( detail ).arg( progress ) );
",""
"Variable:src/ui/src/crawlerwidget.cpp:currenLineIndex","currenLineIndex","src/ui/src/crawlerwidget.cpp",882,882,"    if ( ( progress == 100 ) && ( initialPosition == searchStartLine_ )
         && ( !isFollowEnabled() ) ) {
        const auto currenLineIndex = logFilteredData_->getLineIndexNumber( currentLineNumber_ );
        LOG_DEBUG << ""updateFilteredView: restoring selection: ""
                  << "" absolute line number (0based) "" << currentLineNumber_ << "" index ""
",""
"Variable:src/ui/src/crawlerwidget.cpp:mainViewLine","mainViewLine","src/ui/src/crawlerwidget.cpp",903,903,"                                        LineColumn startCol, LineLength nSymbols )
{
    const auto mainViewLine = logFilteredData_->getMatchingLineNumber( filteredLineNb );
    logMainView_->selectPortionAndDisplayLine( mainViewLine, nLines, startCol,
                                               nSymbols ); // FIXME: should be done with a signal.
",""
"Variable:src/ui/src/crawlerwidget.cpp:markAdded","markAdded","src/ui/src/crawlerwidget.cpp",921,921,"    alreadyMarkedLines.reserve( lines.size() );

    bool markAdded = false;
    for ( const auto& line : lines ) {
        if ( line >= logData_->getNbLine() ) {
",""
"Variable:src/ui/src/crawlerwidget.cpp:linesInMain","linesInMain","src/ui/src/crawlerwidget.cpp",956,956,"void CrawlerWidget::markLinesFromFiltered( const klogg::vector<LineNumber>& lines )
{
    klogg::vector<LineNumber> linesInMain( lines.size() );
    std::transform( lines.cbegin(), lines.cend(), linesInMain.begin(),
                    [ this ]( const auto& filteredLine ) {
",""
"Variable:src/ui/src/crawlerwidget.cpp:font","font","src/ui/src/crawlerwidget.cpp",973,973,"{
    const auto& config = Configuration::get();
    QFont font = config.mainFont();

    LOG_DEBUG << ""CrawlerWidget::applyConfiguration"";
",""
"Variable:src/ui/src/crawlerwidget.cpp:isFollowModeAllowed","isFollowModeAllowed","src/ui/src/crawlerwidget.cpp",999,999,"    logMainView_->setLineNumbersVisible( config.mainLineNumbersVisible() );

    const auto isFollowModeAllowed = config.anyFileWatchEnabled();
    logMainView_->allowFollowMode( isFollowModeAllowed );
    overview_.setVisible( config.isOverviewVisible() );
",""
"Variable:src/ui/src/crawlerwidget.cpp:i","i","src/ui/src/crawlerwidget.cpp",1005,1005,"    logMainView_->updateFont( font );

    for ( auto i = 0; i < tabbedFilteredView_->count(); ++i ) {
        auto fv = qobject_cast<FilteredView*>( tabbedFilteredView_->widget( i ) );
        fv->setLineNumbersVisible( config.filteredLineNumbersVisible() );
",""
"Variable:src/ui/src/crawlerwidget.cpp:fv","fv","src/ui/src/crawlerwidget.cpp",1006,1006,"
    for ( auto i = 0; i < tabbedFilteredView_->count(); ++i ) {
        auto fv = qobject_cast<FilteredView*>( tabbedFilteredView_->widget( i ) );
        fv->setLineNumbersVisible( config.filteredLineNumbersVisible() );
        fv->allowFollowMode( isFollowModeAllowed );
",""
"Variable:src/ui/src/crawlerwidget.cpp:visibility","visibility","src/ui/src/crawlerwidget.cpp",1203,1203,"{
    QStandardItem* item = visibilityModel_->item( index );
    auto visibility = item->data().value<FilteredView::Visibility>();

    filteredView_->setVisibility( visibility );
",""
"Variable:src/ui/src/crawlerwidget.cpp:lineIndex","lineIndex","src/ui/src/crawlerwidget.cpp",1208,1208,"
    if ( logFilteredData_->getNbLine() > 0_lcount ) {
        const auto lineIndex = logFilteredData_->getLineIndexNumber( currentLineNumber_ );
        filteredView_->selectAndDisplayLine( lineIndex );
    }
",""
"Variable:src/ui/src/crawlerwidget.cpp:escapedPattern","escapedPattern","src/ui/src/crawlerwidget.cpp",1224,1226,"QString CrawlerWidget::escapeSearchPattern( const QString& pattern, bool isRegex ) const
{
    auto escapedPattern = ( !isRegex && useRegexpButton_->isChecked() )
                              ? QRegularExpression::escape( pattern )
                              : pattern;

    if ( booleanButton_->isChecked() ) {
",""
"Variable:src/ui/src/crawlerwidget.cpp:newPattern","newPattern","src/ui/src/crawlerwidget.cpp",1253,1253,"void CrawlerWidget::addToSearch( const QString& searchString )
{
    const auto newPattern = escapeSearchPattern( searchString );
    QString currentPattern = searchLineEdit_->currentText();
    setSearchPattern( combinePatterns( currentPattern, newPattern ) );
",""
"Variable:src/ui/src/crawlerwidget.cpp:currentPattern","currentPattern","src/ui/src/crawlerwidget.cpp",1254,1254,"{
    const auto newPattern = escapeSearchPattern( searchString );
    QString currentPattern = searchLineEdit_->currentText();
    setSearchPattern( combinePatterns( currentPattern, newPattern ) );
}
",""
"Variable:src/ui/src/crawlerwidget.cpp:wasInBooleanCombinationMode","wasInBooleanCombinationMode","src/ui/src/crawlerwidget.cpp",1262,1262,"    QString currentPattern = searchLineEdit_->currentText();

    const auto wasInBooleanCombinationMode = booleanButton_->isChecked();
    if ( !wasInBooleanCombinationMode ) {
        currentPattern.replace( '""', ""\"""" ).prepend( '""' ).append( '""' );
",""
"Variable:src/ui/src/crawlerwidget.cpp:line_in_mainview","line_in_mainview","src/ui/src/crawlerwidget.cpp",1303,1303,"void CrawlerWidget::mouseHoveredOverMatch( LineNumber line )
{
    const auto line_in_mainview = logFilteredData_->getMatchingLineNumber( line );

    overviewWidget_->highlightLine( line_in_mainview );
",""
"Variable:src/ui/src/crawlerwidget.cpp:bottomWindow","bottomWindow","src/ui/src/crawlerwidget.cpp",1342,1342,"
    // The views
    auto bottomWindow = new QWidget;
    bottomWindow->setContentsMargins( 2, 0, 2, 0 );

",""
"Variable:src/ui/src/crawlerwidget.cpp:searchInfoLineSizePolicy","searchInfoLineSizePolicy","src/ui/src/crawlerwidget.cpp",1422,1422,"    searchInfoLine_->setLineWidth( 1 );
    searchInfoLine_->setSizePolicy( QSizePolicy::Minimum, QSizePolicy::Minimum );
    auto searchInfoLineSizePolicy = searchInfoLine_->sizePolicy();
    searchInfoLineSizePolicy.setRetainSizeWhenHidden( false );
    searchInfoLine_->setSizePolicy( searchInfoLineSizePolicy );
",""
"Variable:src/ui/src/crawlerwidget.cpp:sendToScratchpad","sendToScratchpad","src/ui/src/crawlerwidget.cpp",1702,1702,"
    connect( logMainView_, &AbstractLogView::sendSelectionToScratchpad, this,
             [ this ]() { Q_EMIT sendToScratchpad( logMainView_->getSelectedText() ); } );

    connect( logMainView_, &AbstractLogView::replaceScratchpadWithSelection, this,
",""
"Variable:src/ui/src/crawlerwidget.cpp:replaceDataInScratchpad","replaceDataInScratchpad","src/ui/src/crawlerwidget.cpp",1705,1705,"
    connect( logMainView_, &AbstractLogView::replaceScratchpadWithSelection, this,
             [ this ]() { Q_EMIT replaceDataInScratchpad( logMainView_->getSelectedText() ); } );

    connect( logMainView_, &AbstractLogView::sendSelectionToPreview, this,
",""
"Variable:src/ui/src/crawlerwidget.cpp:sendToPreview","sendToPreview","src/ui/src/crawlerwidget.cpp",1709,1709,"    connect( logMainView_, &AbstractLogView::sendSelectionToPreview, this,
             [ this ]( const QString& previewName ) {
                 Q_EMIT sendToPreview( logMainView_->getSelectedText(), previewName );
             } );

",""
"Variable:src/ui/src/crawlerwidget.cpp:defaultEncodingMib","defaultEncodingMib","src/ui/src/crawlerwidget.cpp",1714,1714,"    connectAllFilteredViewSlots( filteredView_ );

    const auto defaultEncodingMib = config.defaultEncodingMib();
    if ( defaultEncodingMib >= 0 ) {
        encodingMib_ = defaultEncodingMib;
",""
"Variable:src/ui/src/crawlerwidget.cpp:fontInfo","fontInfo","src/ui/src/crawlerwidget.cpp",1762,1762,"    auto& fontConfig = Configuration::get();

    auto fontInfo = QFontInfo( fontConfig.mainFont() );
    const auto availableSizes = FontUtils::availableFontSizes( fontInfo.family() );

",""
"Variable:src/ui/src/crawlerwidget.cpp:availableSizes","availableSizes","src/ui/src/crawlerwidget.cpp",1763,1763,"
    auto fontInfo = QFontInfo( fontConfig.mainFont() );
    const auto availableSizes = FontUtils::availableFontSizes( fontInfo.family() );

    auto currentSize
",""
"Variable:src/ui/src/crawlerwidget.cpp:currentSize","currentSize","src/ui/src/crawlerwidget.cpp",1765,1766,"    const auto availableSizes = FontUtils::availableFontSizes( fontInfo.family() );

    auto currentSize
        = std::find( availableSizes.cbegin(), availableSizes.cend(), fontInfo.pointSize() );
    if ( increase && currentSize != std::prev( availableSizes.cend() ) ) {
        currentSize = std::next( currentSize );
",""
"Variable:src/ui/src/crawlerwidget.cpp:newFont","newFont","src/ui/src/crawlerwidget.cpp",1775,1775,"
    if ( currentSize != availableSizes.cend() ) {
        QFont newFont{ fontInfo.family(), *currentSize };

        fontConfig.setMainFont( newFont );
",""
"Variable:src/ui/src/crawlerwidget.cpp:nextIndex","nextIndex","src/ui/src/crawlerwidget.cpp",1895,1895,"                                      Qt::WidgetWithChildrenShortcut,
                                      ShortcutAction::CrawlerChangeVisibilityBackward, [ this ]() {
                                          int nextIndex = visibilityBox_->currentIndex() - 1;
                                          if ( nextIndex < 0 ) {
                                              nextIndex = visibilityBox_->count() - 1;
",""
"Variable:src/ui/src/crawlerwidget.cpp:exitSearchKeySequence","exitSearchKeySequence","src/ui/src/crawlerwidget.cpp",1934,1934,"        ShortcutAction::CrawlerDecreaseTopViewSize, [ this ]() { changeTopViewSize( -1 ); } );

    const auto exitSearchKeySequence = QKeySequence( QKeySequence::Cancel );
    ShortcutAction::registerShortcut( exitSearchKeySequence.toString(), shortcuts_, this,
                                      Qt::WidgetWithChildrenShortcut, [ this ]() {
",""
"Variable:src/ui/src/crawlerwidget.cpp:activeView","activeView","src/ui/src/crawlerwidget.cpp",1937,1937,"    ShortcutAction::registerShortcut( exitSearchKeySequence.toString(), shortcuts_, this,
                                      Qt::WidgetWithChildrenShortcut, [ this ]() {
                                          const auto activeView = this->activeView();
                                          if ( activeView ) {
                                              activeView->setFocus();
",""
"Variable:src/ui/src/crawlerwidget.cpp:colorLables","colorLables","src/ui/src/crawlerwidget.cpp",1943,1949,"                                      } );

    std::array<std::string, 9> colorLables = {
        ShortcutAction::LogViewAddColorLabel1, ShortcutAction::LogViewAddColorLabel2,
        ShortcutAction::LogViewAddColorLabel3, ShortcutAction::LogViewAddColorLabel4,
        ShortcutAction::LogViewAddColorLabel5, ShortcutAction::LogViewAddColorLabel6,
        ShortcutAction::LogViewAddColorLabel7, ShortcutAction::LogViewAddColorLabel8,
        ShortcutAction::LogViewAddColorLabel9,
    };

    for ( auto label = 0u; label < colorLables.size(); ++label ) {
",""
"Variable:src/ui/src/crawlerwidget.cpp:label","label","src/ui/src/crawlerwidget.cpp",1951,1951,"    };

    for ( auto label = 0u; label < colorLables.size(); ++label ) {
        ShortcutAction::registerShortcut(
            configuredShortcuts, shortcuts_, this, Qt::WidgetWithChildrenShortcut,
",""
"Variable:src/ui/src/crawlerwidget.cpp:restoredPattern","restoredPattern","src/ui/src/crawlerwidget.cpp",1988,1988,"    }

    const auto restoredPattern = searchLineEdit_->currentText();
    const auto progressDetail
        = restoredPattern.isEmpty() ? tr( ""<empty expression>"" ) : restoredPattern.left( 96 );",""
"Variable:src/ui/src/crawlerwidget.cpp:progressDetail","progressDetail","src/ui/src/crawlerwidget.cpp",1989,1990,"
    const auto restoredPattern = searchLineEdit_->currentText();
    const auto progressDetail
        = restoredPattern.isEmpty() ? tr( ""<empty expression>"" ) : restoredPattern.left( 96 );
    StartupProgress::advance( tr( ""Restoring filter expression"" ), progressDetail );
",""
"Variable:src/ui/src/crawlerwidget.cpp:runRestore","runRestore","src/ui/src/crawlerwidget.cpp",1993,2001,"    StartupProgress::advance( tr( ""Restoring filter expression"" ), progressDetail );

    const auto runRestore = [ this, restoredPattern ] {
        if ( !restoreSearchPending_ || searchLineEdit_->currentText() != restoredPattern ) {
            return;
        }

        replaceCurrentSearch( restoredPattern, true, true );
        restoreSearchPending_ = false;
        lazyRestoreSearchPending_ = false;
    };

    if ( lazySearchRestore ) {",""
"Variable:src/ui/src/crawlerwidget.cpp:errorMessage","errorMessage","src/ui/src/crawlerwidget.cpp",2025,2025,"    clearButton_->show();

    QString errorMessage = tr( ""Error in expression"" );
    if ( !details.isEmpty() ) {
        errorMessage += "": "";",""
"Variable:src/ui/src/crawlerwidget.cpp:regexpPattern","regexpPattern","src/ui/src/crawlerwidget.cpp",2079,2081,"
        // Constructs the regexp
        auto regexpPattern = RegularExpressionPattern(
            searchText, matchCaseButton_->isChecked(), inverseButton_->isChecked(),
            booleanButton_->isChecked(), !useRegexpButton_->isChecked() );
        if ( StartupProgress::isActive() ) {
            const auto detail = searchText.isEmpty() ? tr( ""<empty expression>"" ) : searchText.left( 96 );
",""
"Variable:src/ui/src/crawlerwidget.cpp:samePatternAsCurrent","samePatternAsCurrent","src/ui/src/crawlerwidget.cpp",2087,2090,"        }

        const bool samePatternAsCurrent
            = !forceRecompile && logFilteredData_->hasCurrentRegexp()
              && logFilteredData_->fullScanCompleted()
              && logFilteredData_->currentRegexp() == regexpPattern;

        if ( samePatternAsCurrent ) {
",""
"Variable:src/ui/src/crawlerwidget.cpp:text","text","src/ui/src/crawlerwidget.cpp",2149,2149,"void CrawlerWidget::updateSearchCombo()
{
    const QString text = searchLineEdit_->lineEdit()->text();
    searchLineEdit_->clear();

",""
"Variable:src/ui/src/crawlerwidget.cpp:searchHistory","searchHistory","src/ui/src/crawlerwidget.cpp",2152,2152,"    searchLineEdit_->clear();

    auto searchHistory = savedSearches_->recentSearches();

    searchLineEdit_->addItems( searchHistory );
",""
"Variable:src/ui/src/crawlerwidget.cpp:encodingPrefix","encodingPrefix","src/ui/src/crawlerwidget.cpp",2213,2213,"    }();

    QString encodingPrefix = encodingMib_ ? tr( ""Displayed as %1"" ) : tr( ""Detected as %1"" );
    encodingText_ = encodingPrefix.arg( textCodec->name().constData() );

",""
"Variable:src/ui/src/crawlerwidget.cpp:regex","regex","src/ui/src/crawlerwidget.cpp",2329,2329,"void CrawlerWidgetContext::loadFromString( const QString& string )
{
    QRegularExpression regex( ""S(\\d+):(\\d+)"" );
    QRegularExpressionMatch match = regex.match( string );
    if ( match.hasMatch() ) {
",""
"Variable:src/ui/src/crawlerwidget.cpp:match","match","src/ui/src/crawlerwidget.cpp",2330,2330,"{
    QRegularExpression regex( ""S(\\d+):(\\d+)"" );
    QRegularExpressionMatch match = regex.match( string );
    if ( match.hasMatch() ) {
        sizes_ = { match.captured( 1 ).toInt(), match.captured( 2 ).toInt() };
",""
"Variable:src/ui/src/crawlerwidget.cpp:case_refresh_regex","case_refresh_regex","src/ui/src/crawlerwidget.cpp",2342,2342,"    }

    QRegularExpression case_refresh_regex( ""IC(\\d+):AR(\\d+)"" );
    match = case_refresh_regex.match( string );
    if ( match.hasMatch() ) {
",""
"Variable:src/ui/src/crawlerwidget.cpp:follow_regex","follow_regex","src/ui/src/crawlerwidget.cpp",2356,2356,"    }

    QRegularExpression follow_regex( ""AR(\\d+):FF(\\d+)"" );
    match = follow_regex.match( string );
    if ( match.hasMatch() ) {
",""
"Variable:src/ui/src/crawlerwidget.cpp:properties","properties","src/ui/src/crawlerwidget.cpp",2374,2374,"void CrawlerWidgetContext::loadFromJson( const QString& json )
{
    const auto properties = QJsonDocument::fromJson( json.toLatin1() ).toVariant().toMap();

    if ( properties.contains( ""S"" ) ) {
",""
"Variable:src/ui/src/crawlerwidget.cpp:sizes","sizes","src/ui/src/crawlerwidget.cpp",2377,2377,"
    if ( properties.contains( ""S"" ) ) {
        const auto sizes = properties.value( ""S"" ).toList();
        for ( const auto& s : sizes ) {
            sizes_.append( s.toInt() );
",""
"Variable:src/ui/src/crawlerwidget.cpp:marks","marks","src/ui/src/crawlerwidget.cpp",2412,2412,"
    if ( properties.contains( ""M"" ) ) {
        const auto marks = properties.value( ""M"" ).toList();
        for ( const auto& m : marks ) {
            marks_.append( m.toUInt() );
",""
"Variable:src/ui/src/crawlerwidget.cpp:toVariantList","toVariantList","src/ui/src/crawlerwidget.cpp",2423,2429,"QString CrawlerWidgetContext::toString() const
{
    const auto toVariantList = []( const auto& list ) -> QVariantList {
        QVariantList variantList;
        for ( const auto& item : list ) {
            variantList.append( static_cast<qulonglong>( item ) );
        }
        return variantList;
    };

    QVariantMap properies;
",""
"Variable:src/ui/src/comportutils.cpp:preferredInfo","preferredInfo","src/ui/src/comportutils.cpp",13,13,"{
    if ( !preferredPath.trimmed().isEmpty() ) {
        const QFileInfo preferredInfo{ preferredPath };
        if ( preferredInfo.exists() && preferredInfo.isDir() ) {
            return preferredInfo.absoluteFilePath();
",""
"Variable:src/ui/src/comportutils.cpp:defaultPath","defaultPath","src/ui/src/comportutils.cpp",22,22,"    }

    const QFileInfo defaultPath{ Configuration::get().defaultComLogPath() };
    if ( defaultPath.exists() && defaultPath.isDir() ) {
        return defaultPath.absoluteFilePath();
",""
"Variable:src/ui/src/comportutils.cpp:portName","portName","src/ui/src/comportutils.cpp",37,38,"                                 int suffix = 0 )
{
    const auto portName
        = settings.portName.isEmpty() ? QStringLiteral( ""port"" ) : settings.portName.toLower();
    const auto baudRate = QString::number( settings.baudRate );
    const auto timestampText = timestamp.toString( QStringLiteral( ""yyyy-MM-dd_HH-mm-ss"" ) );",""
"Variable:src/ui/src/comportutils.cpp:baudRate","baudRate","src/ui/src/comportutils.cpp",39,39,"    const auto portName
        = settings.portName.isEmpty() ? QStringLiteral( ""port"" ) : settings.portName.toLower();
    const auto baudRate = QString::number( settings.baudRate );
    const auto timestampText = timestamp.toString( QStringLiteral( ""yyyy-MM-dd_HH-mm-ss"" ) );
    auto stem = QString( ""%1_%2_%3"" ).arg( portName, baudRate, timestampText );",""
"Variable:src/ui/src/comportutils.cpp:timestampText","timestampText","src/ui/src/comportutils.cpp",40,40,"        = settings.portName.isEmpty() ? QStringLiteral( ""port"" ) : settings.portName.toLower();
    const auto baudRate = QString::number( settings.baudRate );
    const auto timestampText = timestamp.toString( QStringLiteral( ""yyyy-MM-dd_HH-mm-ss"" ) );
    auto stem = QString( ""%1_%2_%3"" ).arg( portName, baudRate, timestampText );
    if ( suffix > 1 ) {",""
"Variable:src/ui/src/comportutils.cpp:stem","stem","src/ui/src/comportutils.cpp",41,41,"    const auto baudRate = QString::number( settings.baudRate );
    const auto timestampText = timestamp.toString( QStringLiteral( ""yyyy-MM-dd_HH-mm-ss"" ) );
    auto stem = QString( ""%1_%2_%3"" ).arg( portName, baudRate, timestampText );
    if ( suffix > 1 ) {
        stem.append( QStringLiteral( ""_%1"" ).arg( suffix ) );",""
"Variable:src/ui/src/comportutils.cpp:docs","docs","src/ui/src/comportutils.cpp",51,51,"QString defaultComLogDirectory()
{
    auto docs = QStandardPaths::writableLocation( QStandardPaths::DocumentsLocation );
    if ( docs.isEmpty() ) {
        docs = QDir::homePath();
",""
"Variable:src/ui/src/comportutils.cpp:initialDir","initialDir","src/ui/src/comportutils.cpp",56,56,"    }

    const QString initialDir = QDir( docs ).filePath( QStringLiteral( ""kloggs"" ) );
    QDir initDir( initialDir );
    if ( !initDir.exists() ) {
",""
"Variable:src/ui/src/comportutils.cpp:baseDir","baseDir","src/ui/src/comportutils.cpp",84,84,"QString suggestedComCapturePath( const SerialCaptureSettings& settings )
{
    auto baseDir = resolveComCaptureBaseDir( settings.filePath );
    QDir dir( baseDir );
    if ( !dir.exists() && !dir.mkpath( ""."" ) ) {
",""
"Variable:src/ui/src/comportutils.cpp:fileName","fileName","src/ui/src/comportutils.cpp",91,91,"    }

    const auto fileName = buildComCaptureFileName( settings, QDateTime::currentDateTime() );
    return dir.filePath( fileName );
}",""
"Variable:src/ui/src/comportutils.cpp:currentInfo","currentInfo","src/ui/src/comportutils.cpp",105,105,"    }

    const QFileInfo currentInfo{ settings.filePath };
    const auto currentPath = currentInfo.absoluteFilePath();
    for ( int suffix = 0;; suffix = suffix == 0 ? 2 : suffix + 1 ) {",""
"Variable:src/ui/src/comportutils.cpp:currentPath","currentPath","src/ui/src/comportutils.cpp",106,106,"
    const QFileInfo currentInfo{ settings.filePath };
    const auto currentPath = currentInfo.absoluteFilePath();
    for ( int suffix = 0;; suffix = suffix == 0 ? 2 : suffix + 1 ) {
        const auto candidate = dir.absoluteFilePath(",""
"Variable:src/ui/src/comportutils.cpp:suffix","suffix","src/ui/src/comportutils.cpp",107,107,"    const QFileInfo currentInfo{ settings.filePath };
    const auto currentPath = currentInfo.absoluteFilePath();
    for ( int suffix = 0;; suffix = suffix == 0 ? 2 : suffix + 1 ) {
        const auto candidate = dir.absoluteFilePath(
            buildComCaptureFileName( settings, timestamp, suffix ) );",""
"Variable:src/ui/src/comportutils.cpp:candidate","candidate","src/ui/src/comportutils.cpp",108,109,"    const auto currentPath = currentInfo.absoluteFilePath();
    for ( int suffix = 0;; suffix = suffix == 0 ? 2 : suffix + 1 ) {
        const auto candidate = dir.absoluteFilePath(
            buildComCaptureFileName( settings, timestamp, suffix ) );
        if ( QFileInfo( candidate ).absoluteFilePath() != currentPath && !QFileInfo::exists( candidate ) ) {
            return candidate;",""
"Variable:src/ui/src/comportutils.cpp:settings","settings","src/ui/src/comportutils.cpp",118,118,"SerialCaptureSettings resolveCommanderComSettings( const CommanderComSettings& overrides )
{
    auto settings = defaultSerialCaptureSettings();
    settings.portName = overrides.portName.trimmed();

",""
"Variable:src/ui/src/comportutils.cpp:filePathProvided","filePathProvided","src/ui/src/comportutils.cpp",121,121,"    settings.portName = overrides.portName.trimmed();

    const bool filePathProvided = overrides.filePath.has_value();
    if ( overrides.filePath ) {
        settings.filePath = overrides.filePath->trimmed();
",""
"Variable:src/ui/src/comportutils.cpp:configuredInfo","configuredInfo","src/ui/src/comportutils.cpp",153,153,"    }

    const QFileInfo configuredInfo{ settings.filePath };
    if ( !filePathProvided ) {
        settings.filePath = suggestedComCapturePath( settings );
",""
"Variable:src/ui/src/comportutils.cpp:rates","rates","src/ui/src/comportutils.cpp",188,189,"{
    if ( baudCombo ) {
        const QList<int> rates = { 300,   600,   1200,  1800,  2400,  4800,  7200,   9600,
                                   14400, 19200, 38400, 57600, 115200, 230400, 460800, 921600 };
        baudCombo->clear();
        for ( const auto rate : rates ) {
",""
"Variable:src/ui/src/comportutils.cpp:defaultRateIndex","defaultRateIndex","src/ui/src/comportutils.cpp",195,195,"                                static_cast<int>( static_cast<QSerialPort::BaudRate>( rate ) ) );
        }
        const auto defaultRateIndex = baudCombo->findData( static_cast<int>( QSerialPort::Baud115200 ) );
        if ( defaultRateIndex >= 0 ) {
            baudCombo->setCurrentIndex( defaultRateIndex );
",""
"Variable:src/ui/src/commander.cpp:it","it","src/ui/src/commander.cpp",23,23,"std::optional<Enum> optionalEnumFromMap( const QVariantMap& map, const QString& key )
{
    const auto it = map.find( key );
    if ( it == map.end() ) {
        return std::nullopt;
",""
"Variable:src/ui/src/commander.cpp:ok","ok","src/ui/src/commander.cpp",28,28,"    }

    bool ok = false;
    const auto rawValue = it->toInt( &ok );
    if ( !ok ) {
",""
"Variable:src/ui/src/commander.cpp:rawValue","rawValue","src/ui/src/commander.cpp",29,29,"
    bool ok = false;
    const auto rawValue = it->toInt( &ok );
    if ( !ok ) {
        return std::nullopt;
",""
"Variable:src/ui/src/commander.cpp:normalized","normalized","src/ui/src/commander.cpp",158,158,"std::optional<CommanderAction> commanderActionFromString( const QString& action )
{
    const auto normalized = action.trimmed().toLower();
    if ( normalized == QStringLiteral( ""open_file"" ) ) {
        return CommanderAction::OpenFile;
",""
"Variable:src/ui/src/commander.cpp:trimmed","trimmed","src/ui/src/commander.cpp",337,337,"QString normalizeCommanderFilePath( const QString& path )
{
    const auto trimmed = path.trimmed();
    if ( trimmed.isEmpty() ) {
        return {};
",""
"Variable:src/ui/src/commander.cpp:url","url","src/ui/src/commander.cpp",352,352,"    }

    auto url = QUrl::fromUserInput( trimmed );
    if ( !url.isValid() || url.isEmpty() ) {
        return {};
",""
"Variable:src/ui/src/commander.cpp:action","action","src/ui/src/commander.cpp",511,511,"                                                                QString* errorMessage )
{
    const auto action = commanderActionFromString( map.value( QStringLiteral( ""action"" ) ).toString() );
    if ( !action ) {
        setError( errorMessage, QStringLiteral( ""Invalid or missing commander action."" ) );
",""
"Variable:src/ui/src/commander.cpp:enabledIt","enabledIt","src/ui/src/commander.cpp",547,547,"    request.searchKeepResults = map.value( QStringLiteral( ""searchKeepResults"" ) ).toBool();

    const auto enabledIt = map.find( QStringLiteral( ""enabled"" ) );
    if ( enabledIt != map.end() ) {
        request.enabled = enabledIt->toBool();
",""
"Variable:src/ui/src/commander.cpp:windowIndexIt","windowIndexIt","src/ui/src/commander.cpp",552,552,"    }

    const auto windowIndexIt = map.find( QStringLiteral( ""windowIndex"" ) );
    if ( windowIndexIt != map.end() ) {
        bool ok = false;
",""
"Variable:src/ui/src/commander.cpp:value","value","src/ui/src/commander.cpp",555,555,"    if ( windowIndexIt != map.end() ) {
        bool ok = false;
        const auto value = windowIndexIt->toInt( &ok );
        if ( !ok ) {
            setError( errorMessage, QStringLiteral( ""Invalid commander window index."" ) );
",""
"Variable:src/ui/src/commander.cpp:tabIndexIt","tabIndexIt","src/ui/src/commander.cpp",563,563,"    }

    const auto tabIndexIt = map.find( QStringLiteral( ""tabIndex"" ) );
    if ( tabIndexIt != map.end() ) {
        bool ok = false;
",""
"Variable:src/ui/src/commander.cpp:filterIndexIt","filterIndexIt","src/ui/src/commander.cpp",574,574,"    }

    const auto filterIndexIt = map.find( QStringLiteral( ""filterIndex"" ) );
    if ( filterIndexIt != map.end() ) {
        bool ok = false;
",""
"Variable:src/ui/src/commander.cpp:entityIdIt","entityIdIt","src/ui/src/commander.cpp",585,585,"    }

    const auto entityIdIt = map.find( QStringLiteral( ""entityId"" ) );
    if ( entityIdIt != map.end() ) {
        bool ok = false;
",""
"Variable:src/ui/src/commander.cpp:timeoutMsIt","timeoutMsIt","src/ui/src/commander.cpp",596,596,"    }

    const auto timeoutMsIt = map.find( QStringLiteral( ""timeoutMs"" ) );
    if ( timeoutMsIt != map.end() ) {
        bool ok = false;
",""
"Variable:src/ui/src/commander.cpp:comSettingsValue","comSettingsValue","src/ui/src/commander.cpp",607,607,"    }

    const auto comSettingsValue = map.value( QStringLiteral( ""comSettings"" ) );
    if ( comSettingsValue.canConvert<QVariantMap>() ) {
        const auto comMap = comSettingsValue.toMap();
",""
"Variable:src/ui/src/commander.cpp:comMap","comMap","src/ui/src/commander.cpp",609,609,"    const auto comSettingsValue = map.value( QStringLiteral( ""comSettings"" ) );
    if ( comSettingsValue.canConvert<QVariantMap>() ) {
        const auto comMap = comSettingsValue.toMap();
        request.comSettings.portName = comMap.value( QStringLiteral( ""portName"" ) ).toString();

",""
"Variable:src/ui/src/commander.cpp:filePathIt","filePathIt","src/ui/src/commander.cpp",612,612,"        request.comSettings.portName = comMap.value( QStringLiteral( ""portName"" ) ).toString();

        const auto filePathIt = comMap.find( QStringLiteral( ""filePath"" ) );
        if ( filePathIt != comMap.end() ) {
            request.comSettings.filePath = filePathIt->toString();
",""
"Variable:src/ui/src/commander.cpp:baudRateIt","baudRateIt","src/ui/src/commander.cpp",617,617,"        }

        const auto baudRateIt = comMap.find( QStringLiteral( ""baudRate"" ) );
        if ( baudRateIt != comMap.end() ) {
            bool ok = false;
",""
"Variable:src/ui/src/commander.cpp:baudRate","baudRate","src/ui/src/commander.cpp",620,620,"        if ( baudRateIt != comMap.end() ) {
            bool ok = false;
            const auto baudRate = baudRateIt->toInt( &ok );
            if ( !ok ) {
                setError( errorMessage, QStringLiteral( ""Invalid COM baud rate."" ) );
",""
"Variable:src/ui/src/commander.cpp:addTimestampsIt","addTimestampsIt","src/ui/src/commander.cpp",637,637,"            comMap, QStringLiteral( ""flowControl"" ) );

        const auto addTimestampsIt = comMap.find( QStringLiteral( ""addTimestamps"" ) );
        if ( addTimestampsIt != comMap.end() ) {
            request.comSettings.addTimestamps = addTimestampsIt->toBool();
",""
"Variable:src/ui/src/commander.cpp:timestampFormatIt","timestampFormatIt","src/ui/src/commander.cpp",642,642,"        }

        const auto timestampFormatIt = comMap.find( QStringLiteral( ""timestampFormat"" ) );
        if ( timestampFormatIt != comMap.end() ) {
            request.comSettings.timestampFormat = timestampFormatIt->toString();
",""
"Variable:src/ui/src/commander.cpp:logTransmitsIt","logTransmitsIt","src/ui/src/commander.cpp",647,647,"        }

        const auto logTransmitsIt = comMap.find( QStringLiteral( ""logTransmits"" ) );
        if ( logTransmitsIt != comMap.end() ) {
            request.comSettings.logTransmits = logTransmitsIt->toBool();
",""
"Variable:src/ui/src/commander.cpp:useForActionsIt","useForActionsIt","src/ui/src/commander.cpp",652,652,"        }

        const auto useForActionsIt = comMap.find( QStringLiteral( ""useForActions"" ) );
        if ( useForActionsIt != comMap.end() ) {
            request.comSettings.useForActions = useForActionsIt->toBool();
",""
"Variable:src/ui/src/commander.cpp:definitionPayloadIt","definitionPayloadIt","src/ui/src/commander.cpp",658,658,"    }

    const auto definitionPayloadIt = map.find( QStringLiteral( ""definitionPayload"" ) );
    if ( definitionPayloadIt != map.end() ) {
        if ( !definitionPayloadIt->canConvert<QVariantMap>() ) {
",""
"Variable:src/ui/src/commander.cpp:codeString","codeString","src/ui/src/commander.cpp",684,684,"                                                              QString* errorMessage )
{
    const auto codeString = map.value( QStringLiteral( ""code"" ) ).toString().trimmed().toLower();
    CommanderResultCode code = CommanderResultCode::ExecutionFailed;
    if ( codeString == QStringLiteral( ""success"" ) ) {
",""
"Variable:src/ui/src/commander.cpp:code","code","src/ui/src/commander.cpp",685,685,"{
    const auto codeString = map.value( QStringLiteral( ""code"" ) ).toString().trimmed().toLower();
    CommanderResultCode code = CommanderResultCode::ExecutionFailed;
    if ( codeString == QStringLiteral( ""success"" ) ) {
        code = CommanderResultCode::Success;
",""
"Variable:src/ui/src/commander.cpp:payloadIt","payloadIt","src/ui/src/commander.cpp",709,709,"    result.code = code;
    result.message = map.value( QStringLiteral( ""message"" ) ).toString();
    const auto payloadIt = map.find( QStringLiteral( ""payload"" ) );
    if ( payloadIt != map.end() ) {
        if ( !payloadIt->canConvert<QVariantMap>() ) {
",""
"Variable:src/ui/src/commander.cpp:resultFile","resultFile","src/ui/src/commander.cpp",722,722,"bool writeCommanderResult( const QString& resultPath, const CommanderResult& result )
{
    QSaveFile resultFile{ resultPath };
    if ( !resultFile.open( QIODevice::WriteOnly ) ) {
        return false;
",""
"Variable:src/ui/src/commander.cpp:payload","payload","src/ui/src/commander.cpp",727,728,"    }

    const auto payload = QJsonDocument::fromVariant( commanderResultToVariantMap( result ) ).toJson(
        QJsonDocument::Compact );
    const auto written = resultFile.write( payload );
    if ( written != payload.size() ) {
",""
"Variable:src/ui/src/commander.cpp:written","written","src/ui/src/commander.cpp",729,729,"    const auto payload = QJsonDocument::fromVariant( commanderResultToVariantMap( result ) ).toJson(
        QJsonDocument::Compact );
    const auto written = resultFile.write( payload );
    if ( written != payload.size() ) {
        resultFile.cancelWriting();
",""
"Variable:src/ui/src/commander.cpp:document","document","src/ui/src/commander.cpp",751,751,"
    QJsonParseError parseError;
    const auto document = QJsonDocument::fromJson( payload, &parseError );
    if ( parseError.error != QJsonParseError::NoError || !document.isObject() ) {
        setError( errorMessage, QStringLiteral( ""Invalid commander response payload."" ) );
",""
"Variable:src/ui/src/colorlabelsmanager.cpp:i","i","src/ui/src/colorlabelsmanager.cpp",54,54,"    cycle.reserve( static_cast<size_t>( quickHighlightersConfiguration.size() ) );

    for ( auto i = 0; i < quickHighlightersConfiguration.size(); ++i ) {
        if ( quickHighlightersConfiguration[ i ].useInCycle ) {
            cycle.push_back( static_cast<size_t>( i ) );
",""
"Variable:src/ui/src/colorlabelsmanager.cpp:nextLabel","nextLabel","src/ui/src/colorlabelsmanager.cpp",64,64,"    }

    auto nextLabel = cycle.front();

    if ( currentLabel_.has_value() ) {
",""
"Variable:src/ui/src/colorlabelsmanager.cpp:nextIt","nextIt","src/ui/src/colorlabelsmanager.cpp",67,67,"
    if ( currentLabel_.has_value() ) {
        auto nextIt = std::upper_bound( cycle.cbegin(), cycle.cend(), *currentLabel_ );
        if ( nextIt != cycle.cend() ) {
            nextLabel = *nextIt;
",""
"Variable:src/ui/src/colorlabelsmanager.cpp:wasHighlightedAnyLabel","wasHighlightedAnyLabel","src/ui/src/colorlabelsmanager.cpp",81,81,"ColorLabelsManager::updateColorLabel( size_t label, const QString& text, bool replaceCurrent )
{
    auto wasHighlightedAnyLabel = false;
    auto wasHighlightedOtherLabel = false;

",""
"Variable:src/ui/src/colorlabelsmanager.cpp:wasHighlightedOtherLabel","wasHighlightedOtherLabel","src/ui/src/colorlabelsmanager.cpp",82,82,"{
    auto wasHighlightedAnyLabel = false;
    auto wasHighlightedOtherLabel = false;

    for ( auto i = 0u; i < quickHighlighters_.size(); ++i ) {
",""
"Variable:src/ui/src/colorlabelsmanager.cpp:wasHighlighted","wasHighlighted","src/ui/src/colorlabelsmanager.cpp",85,85,"
    for ( auto i = 0u; i < quickHighlighters_.size(); ++i ) {
        const auto wasHighlighted = quickHighlighters_[ i ].removeAll( text ) != 0;
        wasHighlightedAnyLabel |= wasHighlighted;
        wasHighlightedOtherLabel |= ( wasHighlighted && i != label );
",""
"Variable:src/ui/src/actionstablemodel.cpp:row","row","src/ui/src/actionstablemodel.cpp",37,37,"QVariant ActionsTableModel::data( const QModelIndex& index, int role ) const
{
    const int row = index.row();
    const int rowCount = static_cast<int>( actions_.size() );
    if ( !index.isValid() || row < 0 || row >= rowCount ) {
",""
"Variable:src/ui/src/actionstablemodel.cpp:rowCount","rowCount","src/ui/src/actionstablemodel.cpp",38,38,"{
    const int row = index.row();
    const int rowCount = static_cast<int>( actions_.size() );
    if ( !index.isValid() || row < 0 || row >= rowCount ) {
        return {};
",""
"Variable:src/ui/src/actionstablemodel.cpp:topLeft","topLeft","src/ui/src/actionstablemodel.cpp",143,143,"        return;
    }
    const auto topLeft = index( 0, 0 );
    const auto bottomRight = index( static_cast<int>( actions_.size() ) - 1, 0 );
    Q_EMIT dataChanged( topLeft, bottomRight, { SendEnabledRole } );
",""
"Variable:src/ui/src/actionstablemodel.cpp:bottomRight","bottomRight","src/ui/src/actionstablemodel.cpp",144,144,"    }
    const auto topLeft = index( 0, 0 );
    const auto bottomRight = index( static_cast<int>( actions_.size() ) - 1, 0 );
    Q_EMIT dataChanged( topLeft, bottomRight, { SendEnabledRole } );
}
",""
"Variable:src/ui/src/actionstablemodel.cpp:dataChanged","dataChanged","src/ui/src/actionstablemodel.cpp",145,145,"    const auto topLeft = index( 0, 0 );
    const auto bottomRight = index( static_cast<int>( actions_.size() ) - 1, 0 );
    Q_EMIT dataChanged( topLeft, bottomRight, { SendEnabledRole } );
}

",""
"Variable:src/ui/src/actionstablemodel.cpp:tooltip","tooltip","src/ui/src/actionstablemodel.cpp",163,163,"QString ActionsTableModel::tooltipForAction( const ActionDefinition& action ) const
{
    QString tooltip = tr( ""Id: %1"" ).arg( action.id );
    if ( !action.description.isEmpty() ) {
        tooltip.append( '\n' );
",""
"Variable:src/ui/src/actionsresponseswindow.cpp:nameIndex","nameIndex","src/ui/src/actionsresponseswindow.cpp",49,49,"            return true;
        }
        const auto nameIndex = sourceModel()->index( sourceRow, 2, sourceParent );
        const auto seqIndex = sourceModel()->index( sourceRow, 3, sourceParent );
        const auto name = sourceModel()->data( nameIndex, Qt::DisplayRole ).toString();
",""
"Variable:src/ui/src/actionsresponseswindow.cpp:seqIndex","seqIndex","src/ui/src/actionsresponseswindow.cpp",50,50,"        }
        const auto nameIndex = sourceModel()->index( sourceRow, 2, sourceParent );
        const auto seqIndex = sourceModel()->index( sourceRow, 3, sourceParent );
        const auto name = sourceModel()->data( nameIndex, Qt::DisplayRole ).toString();
        const auto sequence = sourceModel()->data( seqIndex, Qt::DisplayRole ).toString();
",""
"Variable:src/ui/src/actionsresponseswindow.cpp:name","name","src/ui/src/actionsresponseswindow.cpp",51,51,"        const auto nameIndex = sourceModel()->index( sourceRow, 2, sourceParent );
        const auto seqIndex = sourceModel()->index( sourceRow, 3, sourceParent );
        const auto name = sourceModel()->data( nameIndex, Qt::DisplayRole ).toString();
        const auto sequence = sourceModel()->data( seqIndex, Qt::DisplayRole ).toString();
        return name.contains( filterText_, Qt::CaseInsensitive )
",""
"Variable:src/ui/src/actionsresponseswindow.cpp:sequence","sequence","src/ui/src/actionsresponseswindow.cpp",52,52,"        const auto seqIndex = sourceModel()->index( sourceRow, 3, sourceParent );
        const auto name = sourceModel()->data( nameIndex, Qt::DisplayRole ).toString();
        const auto sequence = sourceModel()->data( seqIndex, Qt::DisplayRole ).toString();
        return name.contains( filterText_, Qt::CaseInsensitive )
               || sequence.contains( filterText_, Qt::CaseInsensitive );
",""
"Variable:src/ui/src/actionsresponseswindow.cpp:trimmed","trimmed","src/ui/src/actionsresponseswindow.cpp",75,75,"bool looksLikeHex( const QString& text )
{
    auto trimmed = text.trimmed();
    if ( trimmed.startsWith( ""0x"", Qt::CaseInsensitive ) ) {
        trimmed = trimmed.mid( 2 );
",""
"Variable:src/ui/src/actionsresponseswindow.cpp:regexMeta","regexMeta","src/ui/src/actionsresponseswindow.cpp",101,101,"        return true;
    }
    static const QRegularExpression regexMeta( R""([.^$|()?*+\[\]\\])"" );
    return regexMeta.match( text ).hasMatch();
}
",""
"Variable:src/ui/src/actionsresponseswindow.cpp:decoded","decoded","src/ui/src/actionsresponseswindow.cpp",124,124,"        if ( looksLikeHex( filterText_ ) ) {
            filterType_ = ResponseFilterType::Hex;
            const auto decoded = decodeHexStringToBytes( filterText_ );
            filterValid_ = decoded.ok;
            if ( decoded.ok ) {
",""
"Variable:src/ui/src/actionsresponseswindow.cpp:pattern","pattern","src/ui/src/actionsresponseswindow.cpp",132,132,"        else if ( looksLikeRegex( filterText_ ) ) {
            filterType_ = ResponseFilterType::Regex;
            QString pattern = filterText_;
            if ( pattern.startsWith( ""re:"", Qt::CaseInsensitive ) ) {
                pattern = pattern.mid( 3 ).trimmed();
",""
"Variable:src/ui/src/actionsresponseswindow.cpp:valueIndex","valueIndex","src/ui/src/actionsresponseswindow.cpp",154,154,"
        const auto nameIndex = sourceModel()->index( sourceRow, 2, sourceParent );
        const auto valueIndex = sourceModel()->index( sourceRow, 3, sourceParent );
        const auto matchValue
            = sourceModel()->data( valueIndex, ResponsesTableModel::MatchValueRole )
",""
"Variable:src/ui/src/actionsresponseswindow.cpp:matchValue","matchValue","src/ui/src/actionsresponseswindow.cpp",155,157,"        const auto nameIndex = sourceModel()->index( sourceRow, 2, sourceParent );
        const auto valueIndex = sourceModel()->index( sourceRow, 3, sourceParent );
        const auto matchValue
            = sourceModel()->data( valueIndex, ResponsesTableModel::MatchValueRole )
                  .toString();
        const auto matchTypeValue
            = sourceModel()->data( valueIndex, ResponsesTableModel::MatchTypeRole )
",""
"Variable:src/ui/src/actionsresponseswindow.cpp:matchTypeValue","matchTypeValue","src/ui/src/actionsresponseswindow.cpp",158,160,"            = sourceModel()->data( valueIndex, ResponsesTableModel::MatchValueRole )
                  .toString();
        const auto matchTypeValue
            = sourceModel()->data( valueIndex, ResponsesTableModel::MatchTypeRole )
                  .toInt();
        const auto matchType = static_cast<ResponseMatchType>( matchTypeValue );
        const auto responseName = sourceModel()->data( nameIndex, Qt::DisplayRole ).toString();
",""
"Variable:src/ui/src/actionsresponseswindow.cpp:matchType","matchType","src/ui/src/actionsresponseswindow.cpp",161,161,"            = sourceModel()->data( valueIndex, ResponsesTableModel::MatchTypeRole )
                  .toInt();
        const auto matchType = static_cast<ResponseMatchType>( matchTypeValue );
        const auto responseName = sourceModel()->data( nameIndex, Qt::DisplayRole ).toString();

",""
"Variable:src/ui/src/actionsresponseswindow.cpp:responseName","responseName","src/ui/src/actionsresponseswindow.cpp",162,162,"                  .toInt();
        const auto matchType = static_cast<ResponseMatchType>( matchTypeValue );
        const auto responseName = sourceModel()->data( nameIndex, Qt::DisplayRole ).toString();

        if ( filterType_ == ResponseFilterType::Hex ) {
",""
"Variable:src/ui/src/actionsresponseswindow.cpp:width","width","src/ui/src/actionsresponseswindow.cpp",206,206,"        return 0;
    }
    int width = table->frameWidth() * 2;
    if ( table->verticalHeader()->isVisible() ) {
        width += table->verticalHeader()->width();
",""
"Variable:src/ui/src/actionsresponseswindow.cpp:column","column","src/ui/src/actionsresponseswindow.cpp",210,210,"        width += table->verticalHeader()->width();
    }
    for ( int column = 0; column < table->model()->columnCount(); ++column ) {
        width += table->columnWidth( column );
    }
",""
"Variable:src/ui/src/actionsresponseswindow.cpp:maxWidth","maxWidth","src/ui/src/actionsresponseswindow.cpp",238,238,"        return width;
    }
    const int maxWidth = static_cast<int>( screen->availableGeometry().width() * 0.7 );
    if ( maxWidth <= 0 ) {
        return width;
",""
"Variable:src/ui/src/actionsresponseswindow.cpp:rowHeight","rowHeight","src/ui/src/actionsresponseswindow.cpp",250,250,"        return 0;
    }
    const int rowHeight = table->verticalHeader()->defaultSectionSize();
    int height = table->frameWidth() * 2 + table->horizontalHeader()->height();
    height += rowHeight * rows;
",""
"Variable:src/ui/src/actionsresponseswindow.cpp:height","height","src/ui/src/actionsresponseswindow.cpp",251,251,"    }
    const int rowHeight = table->verticalHeader()->defaultSectionSize();
    int height = table->frameWidth() * 2 + table->horizontalHeader()->height();
    height += rowHeight * rows;
    if ( table->horizontalScrollBar() ) {
",""
"Variable:src/ui/src/actionsresponseswindow.cpp:enabled","enabled","src/ui/src/actionsresponseswindow.cpp",277,277,"        buttonOption.text = QObject::tr( ""Send"" );
        buttonOption.state = QStyle::State_Enabled;
        const auto enabled = index.data( ActionsTableModel::SendEnabledRole ).toBool();
        if ( !enabled ) {
            buttonOption.state &= ~QStyle::State_Enabled;
",""
"Variable:src/ui/src/actionsresponseswindow.cpp:wasPressed","wasPressed","src/ui/src/actionsresponseswindow.cpp",323,323,"        if ( event->type() == QEvent::MouseButtonRelease ) {
            const auto* mouseEvent = static_cast<QMouseEvent*>( event );
            const bool wasPressed = ( pressedIndex_ == index );
            const bool shouldTrigger
                = wasPressed && mouseEvent->button() == Qt::LeftButton
",""
"Variable:src/ui/src/actionsresponseswindow.cpp:shouldTrigger","shouldTrigger","src/ui/src/actionsresponseswindow.cpp",324,326,"            const auto* mouseEvent = static_cast<QMouseEvent*>( event );
            const bool wasPressed = ( pressedIndex_ == index );
            const bool shouldTrigger
                = wasPressed && mouseEvent->button() == Qt::LeftButton
                  && option.rect.contains( mouseEvent->pos() );
            if ( wasPressed ) {
                pressedIndex_ = QPersistentModelIndex();
",""
"Variable:src/ui/src/actionsresponseswindow.cpp:sourceIndex","sourceIndex","src/ui/src/actionsresponseswindow.cpp",397,397,"    auto* sendDelegate = new ActionSendDelegate(
        [ this, actionsProxy ]( const QModelIndex& proxyIndex ) {
            const auto sourceIndex = actionsProxy->mapToSource( proxyIndex );
            const auto actionId = sourceIndex.data( ActionsTableModel::ActionIdRole ).toInt();
            if ( actionId >= 0 ) {
",""
"Variable:src/ui/src/actionsresponseswindow.cpp:actionId","actionId","src/ui/src/actionsresponseswindow.cpp",398,398,"        [ this, actionsProxy ]( const QModelIndex& proxyIndex ) {
            const auto sourceIndex = actionsProxy->mapToSource( proxyIndex );
            const auto actionId = sourceIndex.data( ActionsTableModel::ActionIdRole ).toInt();
            if ( actionId >= 0 ) {
                Q_EMIT sendActionRequested( actionId );
",""
"Variable:src/ui/src/actionsresponseswindow.cpp:previousActionsMin","previousActionsMin","src/ui/src/actionsresponseswindow.cpp",575,575,"        return;
    }
    const int previousActionsMin = actionsTable_->minimumHeight();
    const int previousResponsesMin = responsesTable_->minimumHeight();
    actionsTable_->setMinimumHeight( tableHeightForRows( actionsTable_, 10 ) );
",""
"Variable:src/ui/src/actionsresponseswindow.cpp:previousResponsesMin","previousResponsesMin","src/ui/src/actionsresponseswindow.cpp",576,576,"    }
    const int previousActionsMin = actionsTable_->minimumHeight();
    const int previousResponsesMin = responsesTable_->minimumHeight();
    actionsTable_->setMinimumHeight( tableHeightForRows( actionsTable_, 10 ) );
    responsesTable_->setMinimumHeight( tableHeightForRows( responsesTable_, 10 ) );
",""
"Variable:src/ui/src/actionsresponseswindow.cpp:hint","hint","src/ui/src/actionsresponseswindow.cpp",582,582,"        layout()->activate();
    }
    const QSize hint = sizeHint();
    actionsTable_->setMinimumHeight( previousActionsMin );
    responsesTable_->setMinimumHeight( previousResponsesMin );
",""
"Variable:src/ui/src/actionsresponseswindow.cpp:widthHint","widthHint","src/ui/src/actionsresponseswindow.cpp",586,587,"    responsesTable_->setMinimumHeight( previousResponsesMin );

    const int widthHint = qMax( tableWidthHint( actionsTable_ ),
                                tableWidthHint( responsesTable_ ) );
    const int desiredWidth = qMax(
        clampToScreenWidth( this, qMax( widthHint, 925 ) ), minimumSizeHint().width() );
",""
"Variable:src/ui/src/actionsresponseswindow.cpp:desiredWidth","desiredWidth","src/ui/src/actionsresponseswindow.cpp",588,589,"    const int widthHint = qMax( tableWidthHint( actionsTable_ ),
                                tableWidthHint( responsesTable_ ) );
    const int desiredWidth = qMax(
        clampToScreenWidth( this, qMax( widthHint, 925 ) ), minimumSizeHint().width() );
    const int desiredHeight = qMax( hint.height(), minimumSizeHint().height() );
    if ( !sizeInitialized_ ) {
",""
"Variable:src/ui/src/actionsresponseswindow.cpp:desiredHeight","desiredHeight","src/ui/src/actionsresponseswindow.cpp",590,590,"    const int desiredWidth = qMax(
        clampToScreenWidth( this, qMax( widthHint, 925 ) ), minimumSizeHint().width() );
    const int desiredHeight = qMax( hint.height(), minimumSizeHint().height() );
    if ( !sizeInitialized_ ) {
        resize( desiredWidth, desiredHeight );
",""
"Variable:src/ui/src/actionsresponseswindow.cpp:rows","rows","src/ui/src/actionsresponseswindow.cpp",603,603,"    }

    const auto rows = actionsTable_->selectionModel()->selectedRows();
    if ( rows.isEmpty() ) {
        return -1;
",""
"Variable:src/ui/src/actionsresponseswindow.cpp:hasSelection","hasSelection","src/ui/src/actionsresponseswindow.cpp",628,628,"void ActionsResponsesWindow::updateActionButtons()
{
    const auto hasSelection = selectedActionRow() >= 0;
    if ( editActionButton_ != nullptr ) {
        editActionButton_->setEnabled( hasSelection );
",""
"Variable:src/ui/src/actionsresponseswindow.cpp:dialog","dialog","src/ui/src/actionsresponseswindow.cpp",668,668,"void ActionsResponsesWindow::addAction()
{
    ActionEditDialog dialog( this );
    ActionDefinition action;
    action.id = ActionsManager::instance().nextActionId();
",""
"Variable:src/ui/src/actionsresponseswindow.cpp:row","row","src/ui/src/actionsresponseswindow.cpp",684,684,"void ActionsResponsesWindow::editSelectedAction()
{
    const auto row = selectedActionRow();
    const auto* action = actionsModel_ ? actionsModel_->actionAt( row ) : nullptr;
    if ( action == nullptr ) {
",""
"Variable:src/ui/src/actionsresponseswindow.cpp:duplicate","duplicate","src/ui/src/actionsresponseswindow.cpp",710,710,"    }

    auto duplicate = *action;
    duplicate.id = ActionsManager::instance().nextActionId();
    duplicate.name = duplicate.name.isEmpty() ? tr( ""Action %1"" ).arg( duplicate.id )
",""
"Variable:src/ui/src/actionsrepository.cpp:path","path","src/ui/src/actionsrepository.cpp",93,93,"{
    ActionsConfigParser parser;
    const auto path = storagePath();
    if ( !QFileInfo::exists( path ) ) {
        return {};
",""
"Variable:src/ui/src/actionsrepository.cpp:settingsInfo","settingsInfo","src/ui/src/actionsrepository.cpp",130,130,"{
    const auto& settings = PersistentInfo::getSettings( app_settings{} );
    const QFileInfo settingsInfo( settings.fileName() );
    QDir dir = settingsInfo.absoluteDir();
    if ( !dir.exists() ) {
",""
"Variable:src/ui/src/actionsrepository.cpp:dir","dir","src/ui/src/actionsrepository.cpp",131,131,"    const auto& settings = PersistentInfo::getSettings( app_settings{} );
    const QFileInfo settingsInfo( settings.fileName() );
    QDir dir = settingsInfo.absoluteDir();
    if ( !dir.exists() ) {
        dir.mkpath( ""."" );
",""
"Variable:src/ui/src/actionsmanager.cpp:maxId","maxId","src/ui/src/actionsmanager.cpp",14,14,"int nextDefinitionId( const QVector<Definition>& definitions )
{
    int maxId = 0;
    for ( const auto& definition : definitions ) {
        maxId = qMax( maxId, definition.id );
",""
"Variable:src/ui/src/actionsmanager.cpp:hasActionId","hasActionId","src/ui/src/actionsmanager.cpp",32,37,"                                QString* errorMessage )
{
    const auto hasActionId = [ &actions ]( int actionId ) {
        return std::any_of( actions.cbegin(), actions.cend(),
                            [ actionId ]( const ActionDefinition& action ) {
                                return action.id == actionId;
                            } );
    };

    for ( const auto& step : response.response.steps ) {
",""
"Variable:src/ui/src/actionsmanager.cpp:result","result","src/ui/src/actionsmanager.cpp",68,68,"{
    StartupProgress::advance( QObject::tr( ""Loading actions repository"" ) );
    const auto result = repository_.load();
    if ( !result.errors.isEmpty() ) {
        LOG_WARNING << ""Failed to load actions: "" << result.errors.join( ""; "" ).toStdString();
",""
"Variable:src/ui/src/actionsmanager.cpp:parsed","parsed","src/ui/src/actionsmanager.cpp",115,115,"    ActionsImportResult result;
    ActionsConfigParser parser;
    const auto parsed = parser.parseFile( path );
    result.errors = parsed.errors;
    result.warnings = parsed.warnings;
",""
"Variable:src/ui/src/actionsmanager.cpp:imported","imported","src/ui/src/actionsmanager.cpp",122,123,"    }

    auto imported = importFromDefinitions( std::move( parsed.actions ),
                                           std::move( parsed.responses ) );
    imported.warnings = result.warnings;
    return imported;
",""
"Variable:src/ui/src/actionsmanager.cpp:it","it","src/ui/src/actionsmanager.cpp",140,143,"const ActionDefinition* ActionsManager::findActionById( int id ) const
{
    const auto it = std::find_if( actions_.cbegin(), actions_.cend(),
                                  [ id ]( const ActionDefinition& action ) {
                                      return action.id == id;
                                  } );
    return it == actions_.cend() ? nullptr : &(*it);
}
",""
"Variable:src/ui/src/actionsmanager.cpp:trimmedName","trimmedName","src/ui/src/actionsmanager.cpp",158,158,"const ResponseDefinition* ActionsManager::findResponseByName( const QString& name ) const
{
    const auto trimmedName = name.trimmed();
    if ( trimmedName.isEmpty() ) {
        return nullptr;
",""
"Variable:src/ui/src/actionsmanager.cpp:updatedActions","updatedActions","src/ui/src/actionsmanager.cpp",194,194,"    }

    auto updatedActions = actions_;
    updatedActions.push_back( action );
    normalizeActionDefinitions( &updatedActions );
",""
"Variable:src/ui/src/actionsmanager.cpp:oldSize","oldSize","src/ui/src/actionsmanager.cpp",239,239,"{
    auto updatedActions = actions_;
    const auto oldSize = updatedActions.size();
    updatedActions.erase( std::remove_if( updatedActions.begin(), updatedActions.end(),
                                          [ id ]( const ActionDefinition& action ) {
",""
"Variable:src/ui/src/actionsmanager.cpp:updatedResponses","updatedResponses","src/ui/src/actionsmanager.cpp",250,250,"    }

    auto updatedResponses = responses_;
    for ( auto& response : updatedResponses ) {
        response.response.steps.erase(
",""
"Variable:src/ui/src/actionsmanager.cpp:currentIndex","currentIndex","src/ui/src/actionsmanager.cpp",289,289,"    }

    const auto currentIndex = static_cast<int>( std::distance( updatedActions.begin(), it ) );
    const auto newIndex = qBound( 0, currentIndex + offset, updatedActions.size() - 1 );
    if ( newIndex == currentIndex ) {
",""
"Variable:src/ui/src/actionsmanager.cpp:newIndex","newIndex","src/ui/src/actionsmanager.cpp",290,290,"
    const auto currentIndex = static_cast<int>( std::distance( updatedActions.begin(), it ) );
    const auto newIndex = qBound( 0, currentIndex + offset, updatedActions.size() - 1 );
    if ( newIndex == currentIndex ) {
        return true;
",""
"Variable:src/ui/src/actionsconfigparser.cpp:inString","inString","src/ui/src/actionsconfigparser.cpp",13,13,"    QByteArray output;
    output.reserve( input.size() );
    bool inString = false;
    bool escape = false;
    for ( int i = 0; i < input.size(); ++i ) {
",""
"Variable:src/ui/src/actionsconfigparser.cpp:escape","escape","src/ui/src/actionsconfigparser.cpp",14,14,"    output.reserve( input.size() );
    bool inString = false;
    bool escape = false;
    for ( int i = 0; i < input.size(); ++i ) {
        const char c = input.at( i );
",""
"Variable:src/ui/src/actionsconfigparser.cpp:i","i","src/ui/src/actionsconfigparser.cpp",15,15,"    bool inString = false;
    bool escape = false;
    for ( int i = 0; i < input.size(); ++i ) {
        const char c = input.at( i );
        if ( inString ) {
",""
"Variable:src/ui/src/actionsconfigparser.cpp:c","c","src/ui/src/actionsconfigparser.cpp",16,16,"    bool escape = false;
    for ( int i = 0; i < input.size(); ++i ) {
        const char c = input.at( i );
        if ( inString ) {
            output.append( c );
",""
"Variable:src/ui/src/actionsconfigparser.cpp:knownKeys","knownKeys","src/ui/src/actionsconfigparser.cpp",74,74,"    }

    const QSet<QString> knownKeys = { ""type"", ""value"" };
    const auto extraKeys = unknownKeys( object, knownKeys );
    for ( const auto& key : extraKeys ) {
",""
"Variable:src/ui/src/actionsconfigparser.cpp:extraKeys","extraKeys","src/ui/src/actionsconfigparser.cpp",75,75,"
    const QSet<QString> knownKeys = { ""type"", ""value"" };
    const auto extraKeys = unknownKeys( object, knownKeys );
    for ( const auto& key : extraKeys ) {
        if ( warnings ) {
",""
"Variable:src/ui/src/actionsconfigparser.cpp:typeValue","typeValue","src/ui/src/actionsconfigparser.cpp",83,83,"    }

    const auto typeValue = object.value( ""type"" );
    bool typeOk = true;
    if ( typeValue.isString() ) {
",""
"Variable:src/ui/src/actionsconfigparser.cpp:typeOk","typeOk","src/ui/src/actionsconfigparser.cpp",84,84,"
    const auto typeValue = object.value( ""type"" );
    bool typeOk = true;
    if ( typeValue.isString() ) {
        out->type = actionSequenceTypeFromString( typeValue.toString(), &typeOk );
",""
"Variable:src/ui/src/actionsconfigparser.cpp:valueValue","valueValue","src/ui/src/actionsconfigparser.cpp",95,95,"    }

    const auto valueValue = object.value( ""value"" );
    if ( !valueValue.isString() || valueValue.toString().trimmed().isEmpty() ) {
        if ( errors ) {
",""
"Variable:src/ui/src/actionsconfigparser.cpp:nameValue","nameValue","src/ui/src/actionsconfigparser.cpp",127,127,"    }

    const auto nameValue = object.value( ""name"" );
    if ( !nameValue.isString() || nameValue.toString().trimmed().isEmpty() ) {
        if ( errors ) {
",""
"Variable:src/ui/src/actionsconfigparser.cpp:idValue","idValue","src/ui/src/actionsconfigparser.cpp",137,137,"
    if ( object.contains( ""id"" ) ) {
        const auto idValue = object.value( ""id"" );
        if ( idValue.isDouble() ) {
            out->id = idValue.toInt();
",""
"Variable:src/ui/src/actionsconfigparser.cpp:hiddenValue","hiddenValue","src/ui/src/actionsconfigparser.cpp",154,154,"    }
    if ( object.contains( ""hidden"" ) ) {
        const auto hiddenValue = object.value( ""hidden"" );
        if ( hiddenValue.isBool() ) {
            out->hidden = hiddenValue.toBool();
",""
"Variable:src/ui/src/actionsconfigparser.cpp:sequenceValue","sequenceValue","src/ui/src/actionsconfigparser.cpp",168,168,"    }

    const auto sequenceValue = object.value( ""sequence"" );
    if ( !sequenceValue.isObject() ) {
        if ( errors ) {
",""
"Variable:src/ui/src/actionsconfigparser.cpp:parametersValue","parametersValue","src/ui/src/actionsconfigparser.cpp",180,180,"    }

    const auto parametersValue = object.value( ""parameters"" );
    if ( parametersValue.isObject() ) {
        const auto paramsObj = parametersValue.toObject();
",""
"Variable:src/ui/src/actionsconfigparser.cpp:paramsObj","paramsObj","src/ui/src/actionsconfigparser.cpp",182,182,"    const auto parametersValue = object.value( ""parameters"" );
    if ( parametersValue.isObject() ) {
        const auto paramsObj = parametersValue.toObject();
        if ( paramsObj.contains( ""repeat"" ) ) {
            out->parameters.repeat = paramsObj.value( ""repeat"" ).toBool( false );
",""
"Variable:src/ui/src/actionsconfigparser.cpp:variableArray","variableArray","src/ui/src/actionsconfigparser.cpp",196,196,"        }
        if ( paramsObj.contains( ""variable_names"" ) && paramsObj.value( ""variable_names"" ).isArray() ) {
            const auto variableArray = paramsObj.value( ""variable_names"" ).toArray();
            for ( const auto& item : variableArray ) {
                const auto value = item.toString().trimmed();
",""
"Variable:src/ui/src/actionsconfigparser.cpp:value","value","src/ui/src/actionsconfigparser.cpp",198,198,"            const auto variableArray = paramsObj.value( ""variable_names"" ).toArray();
            for ( const auto& item : variableArray ) {
                const auto value = item.toString().trimmed();
                if ( !value.isEmpty() ) {
                    out->parameters.variableNames.push_back( value );
",""
"Variable:src/ui/src/actionsconfigparser.cpp:checksumValue","checksumValue","src/ui/src/actionsconfigparser.cpp",206,206,"    }

    const auto checksumValue = object.value( ""checksum"" );
    if ( checksumValue.isObject() ) {
        const auto checksumObj = checksumValue.toObject();
",""
"Variable:src/ui/src/actionsconfigparser.cpp:checksumObj","checksumObj","src/ui/src/actionsconfigparser.cpp",208,208,"    const auto checksumValue = object.value( ""checksum"" );
    if ( checksumValue.isObject() ) {
        const auto checksumObj = checksumValue.toObject();
        out->checksum.enabled = checksumObj.value( ""enabled"" ).toBool( false );
        out->checksum.algorithm
",""
"Variable:src/ui/src/actionsconfigparser.cpp:matchValue","matchValue","src/ui/src/actionsconfigparser.cpp",282,282,"    }

    const auto matchValue = object.value( ""match"" );
    if ( !matchValue.isObject() ) {
        if ( errors ) {
",""
"Variable:src/ui/src/actionsconfigparser.cpp:matchObj","matchObj","src/ui/src/actionsconfigparser.cpp",289,289,"        return false;
    }
    const auto matchObj = matchValue.toObject();
    const auto matchTypeValue = matchObj.value( ""type"" );
    bool matchTypeOk = true;
",""
"Variable:src/ui/src/actionsconfigparser.cpp:matchTypeValue","matchTypeValue","src/ui/src/actionsconfigparser.cpp",290,290,"    }
    const auto matchObj = matchValue.toObject();
    const auto matchTypeValue = matchObj.value( ""type"" );
    bool matchTypeOk = true;
    if ( matchTypeValue.isString() ) {
",""
"Variable:src/ui/src/actionsconfigparser.cpp:matchTypeOk","matchTypeOk","src/ui/src/actionsconfigparser.cpp",291,291,"    const auto matchObj = matchValue.toObject();
    const auto matchTypeValue = matchObj.value( ""type"" );
    bool matchTypeOk = true;
    if ( matchTypeValue.isString() ) {
        out->match.type = responseMatchTypeFromString( matchTypeValue.toString(), &matchTypeOk );
",""
"Variable:src/ui/src/actionsconfigparser.cpp:matchPatternValue","matchPatternValue","src/ui/src/actionsconfigparser.cpp",302,302,"            QString( ""Unknown match type for response '%1'."" ).arg( out->name ) );
    }
    const auto matchPatternValue = matchObj.value( ""value"" );
    if ( !matchPatternValue.isString() || matchPatternValue.toString().trimmed().isEmpty() ) {
        if ( errors ) {
",""
"Variable:src/ui/src/actionsconfigparser.cpp:responseValue","responseValue","src/ui/src/actionsconfigparser.cpp",328,328,"    }

    const auto responseValue = object.value( ""response"" );
    if ( !responseValue.isObject() ) {
        if ( errors ) {
",""
"Variable:src/ui/src/actionsconfigparser.cpp:responseObj","responseObj","src/ui/src/actionsconfigparser.cpp",335,335,"        return false;
    }
    const auto responseObj = responseValue.toObject();
    const QSet<QString> responseKeys = { ""action_id"", ""action"", ""comment"", ""linebreak"",
                                         ""timestamp"", ""snapshot"", ""stop_communication"",
",""
"Variable:src/ui/src/actionsconfigparser.cpp:responseKeys","responseKeys","src/ui/src/actionsconfigparser.cpp",336,338,"    }
    const auto responseObj = responseValue.toObject();
    const QSet<QString> responseKeys = { ""action_id"", ""action"", ""comment"", ""linebreak"",
                                         ""timestamp"", ""snapshot"", ""stop_communication"",
                                         ""steps"" };
    const auto responseExtraKeys = unknownKeys( responseObj, responseKeys );
    for ( const auto& key : responseExtraKeys ) {
",""
"Variable:src/ui/src/actionsconfigparser.cpp:responseExtraKeys","responseExtraKeys","src/ui/src/actionsconfigparser.cpp",339,339,"                                         ""timestamp"", ""snapshot"", ""stop_communication"",
                                         ""steps"" };
    const auto responseExtraKeys = unknownKeys( responseObj, responseKeys );
    for ( const auto& key : responseExtraKeys ) {
        if ( warnings ) {
",""
"Variable:src/ui/src/actionsconfigparser.cpp:actionIdValue","actionIdValue","src/ui/src/actionsconfigparser.cpp",348,348,"
    if ( responseObj.contains( ""action_id"" ) ) {
        const auto actionIdValue = responseObj.value( ""action_id"" );
        if ( actionIdValue.isDouble() ) {
            out->response.hasActionId = true;
",""
"Variable:src/ui/src/actionsconfigparser.cpp:stepsValue","stepsValue","src/ui/src/actionsconfigparser.cpp",360,360,"
    if ( responseObj.contains( ""steps"" ) ) {
        const auto stepsValue = responseObj.value( ""steps"" );
        if ( !stepsValue.isArray() ) {
            if ( warnings ) {
",""
"Variable:src/ui/src/actionsconfigparser.cpp:stepsArray","stepsArray","src/ui/src/actionsconfigparser.cpp",368,368,"        }
        else {
            const auto stepsArray = stepsValue.toArray();
            for ( qsizetype stepIndex = 0; stepIndex < stepsArray.size(); ++stepIndex ) {
                const auto stepValue = stepsArray.at( stepIndex );
",""
"Variable:src/ui/src/actionsconfigparser.cpp:stepIndex","stepIndex","src/ui/src/actionsconfigparser.cpp",369,369,"        else {
            const auto stepsArray = stepsValue.toArray();
            for ( qsizetype stepIndex = 0; stepIndex < stepsArray.size(); ++stepIndex ) {
                const auto stepValue = stepsArray.at( stepIndex );
                if ( !stepValue.isObject() ) {
",""
"Variable:src/ui/src/actionsconfigparser.cpp:stepValue","stepValue","src/ui/src/actionsconfigparser.cpp",370,370,"            const auto stepsArray = stepsValue.toArray();
            for ( qsizetype stepIndex = 0; stepIndex < stepsArray.size(); ++stepIndex ) {
                const auto stepValue = stepsArray.at( stepIndex );
                if ( !stepValue.isObject() ) {
                    if ( warnings ) {
",""
"Variable:src/ui/src/actionsconfigparser.cpp:stepObj","stepObj","src/ui/src/actionsconfigparser.cpp",381,381,"                }

                const auto stepObj = stepValue.toObject();
                ResponseActionStep step;
                if ( stepObj.value( ""action_id"" ).isDouble() ) {
",""
"Variable:src/ui/src/actionsconfigparser.cpp:actionValue","actionValue","src/ui/src/actionsconfigparser.cpp",400,400,"
    if ( responseObj.contains( ""action"" ) ) {
        const auto actionValue = responseObj.value( ""action"" );
        if ( actionValue.isObject() ) {
            ActionSequence actionSequence;
",""
"Variable:src/ui/src/actionsconfigparser.cpp:document","document","src/ui/src/actionsconfigparser.cpp",456,456,"    ActionsParseResult result;
    QJsonParseError parseError;
    const auto document = QJsonDocument::fromJson( stripLineComments( jsonBytes ), &parseError );
    if ( parseError.error != QJsonParseError::NoError ) {
        result.errors.push_back(
",""
"Variable:src/ui/src/actionsconfigparser.cpp:root","root","src/ui/src/actionsconfigparser.cpp",470,470,"    }

    const auto root = document.object();
    const auto actionsValue = root.value( ""actions"" );
    if ( !actionsValue.isArray() ) {
",""
"Variable:src/ui/src/actionsconfigparser.cpp:actionsValue","actionsValue","src/ui/src/actionsconfigparser.cpp",471,471,"
    const auto root = document.object();
    const auto actionsValue = root.value( ""actions"" );
    if ( !actionsValue.isArray() ) {
        result.errors.push_back( ""Missing 'actions' array in JSON."" );
",""
"Variable:src/ui/src/actionsconfigparser.cpp:responsesValue","responsesValue","src/ui/src/actionsconfigparser.cpp",476,476,"        return result;
    }
    const auto responsesValue = root.value( ""responses"" );
    if ( !responsesValue.isArray() ) {
        result.errors.push_back( ""Missing 'responses' array in JSON."" );
",""
"Variable:src/ui/src/actionsconfigparser.cpp:actionArray","actionArray","src/ui/src/actionsconfigparser.cpp",482,482,"    }

    const auto actionArray = actionsValue.toArray();
    result.actions.reserve( actionArray.size() );
    int actionIndex = 0;
",""
"Variable:src/ui/src/actionsconfigparser.cpp:actionIndex","actionIndex","src/ui/src/actionsconfigparser.cpp",484,484,"    const auto actionArray = actionsValue.toArray();
    result.actions.reserve( actionArray.size() );
    int actionIndex = 0;
    for ( const auto& item : actionArray ) {
        if ( !item.isObject() ) {
",""
"Variable:src/ui/src/actionsconfigparser.cpp:responseArray","responseArray","src/ui/src/actionsconfigparser.cpp",500,500,"    }

    const auto responseArray = responsesValue.toArray();
    result.responses.reserve( responseArray.size() );
    int responseIndex = 0;
",""
"Variable:src/ui/src/actionsconfigparser.cpp:responseIndex","responseIndex","src/ui/src/actionsconfigparser.cpp",502,502,"    const auto responseArray = responsesValue.toArray();
    result.responses.reserve( responseArray.size() );
    int responseIndex = 0;
    for ( const auto& item : responseArray ) {
        if ( !item.isObject() ) {
",""
"Variable:src/ui/src/actionsconfig.cpp:normalized","normalized","src/ui/src/actionsconfig.cpp",16,16,"        *ok = true;
    }
    const auto normalized = text.trimmed().toLower();
    if ( normalized == ""string"" ) {
        return ActionSequenceType::String;
",""
"Variable:src/ui/src/actionsconfig.cpp:list","list","src/ui/src/actionsconfig.cpp",60,60,"
    QStringList values;
    const auto list = value.toList();
    for ( const auto& item : list ) {
        const auto text = item.toString().trimmed();
",""
"Variable:src/ui/src/actionsconfig.cpp:text","text","src/ui/src/actionsconfig.cpp",62,62,"    const auto list = value.toList();
    for ( const auto& item : list ) {
        const auto text = item.toString().trimmed();
        if ( !text.isEmpty() ) {
            values.push_back( text );
",""
"Variable:src/ui/src/actionsconfig.cpp:algorithm","algorithm","src/ui/src/actionsconfig.cpp",128,128,"
    QByteArray checksumBytes;
    const auto algorithm = action.checksum.algorithm.trimmed().toLower();
    if ( algorithm == QStringLiteral( ""sum8"" ) ) {
        quint8 sum = 0;
",""
"Variable:src/ui/src/actionsconfig.cpp:sum","sum","src/ui/src/actionsconfig.cpp",130,130,"    const auto algorithm = action.checksum.algorithm.trimmed().toLower();
    if ( algorithm == QStringLiteral( ""sum8"" ) ) {
        quint8 sum = 0;
        for ( const auto byte : baseBytes ) {
            sum = static_cast<quint8>( sum + static_cast<quint8>( byte ) );
",""
"Variable:src/ui/src/actionsconfig.cpp:crc","crc","src/ui/src/actionsconfig.cpp",137,137,"    }
    else if ( algorithm == QStringLiteral( ""crc16_ccitt"" ) ) {
        quint16 crc = 0xFFFF;
        for ( const auto byte : baseBytes ) {
            crc ^= static_cast<quint8>( byte ) << 8;
",""
"Variable:src/ui/src/actionsconfig.cpp:i","i","src/ui/src/actionsconfig.cpp",140,140,"        for ( const auto byte : baseBytes ) {
            crc ^= static_cast<quint8>( byte ) << 8;
            for ( int i = 0; i < 8; ++i ) {
                if ( ( crc & 0x8000 ) != 0u ) {
                    crc = static_cast<quint16>( static_cast<quint16>( crc << 1 )
",""
"Variable:src/ui/src/actionsconfig.cpp:index","index","src/ui/src/actionsconfig.cpp",182,182,"    } );

    for ( int index = 0; index < actions->size(); ++index ) {
        ( *actions )[ index ].order = index;
    }
",""
"Variable:src/ui/src/actionsconfig.cpp:resolved","resolved","src/ui/src/actionsconfig.cpp",244,247,"{
    ActionSequenceResult result;
    const QString resolved
        = substitutions.isEmpty()
              ? sequence.value
              : resolveTemplateString( sequence.value, substitutions, missing );

    if ( sequence.type == ActionSequenceType::String ) {
",""
"Variable:src/ui/src/actionsconfig.cpp:decoded","decoded","src/ui/src/actionsconfig.cpp",255,255,"    }

    const auto decoded = decodeHexStringToBytes( resolved );
    if ( !decoded.ok ) {
        result.error = decoded.error;
",""
"Variable:src/ui/src/actionsconfig.cpp:bytes","bytes","src/ui/src/actionsconfig.cpp",277,277,"    QString checksumError;
    if ( action.sequence.type == ActionSequenceType::String ) {
        auto bytes = resolved.toLatin1();
        if ( action.checksum.enabled ) {
            const auto checksum = applyChecksum( action, bytes, &checksumError );
",""
"Variable:src/ui/src/actionsconfig.cpp:checksum","checksum","src/ui/src/actionsconfig.cpp",279,279,"        auto bytes = resolved.toLatin1();
        if ( action.checksum.enabled ) {
            const auto checksum = applyChecksum( action, bytes, &checksumError );
            if ( checksum.isEmpty() && !checksumError.isEmpty() ) {
                result.error = checksumError;
",""
"Variable:src/ui/src/actionsconfig.cpp:encoded","encoded","src/ui/src/actionsconfig.cpp",289,289,"            }
            else {
                auto encoded = resolved;
                encoded.replace( action.checksum.placeholder, QString::fromLatin1( checksum ) );
                bytes = encoded.toLatin1();
",""
"Variable:src/ui/src/actionsconfig.cpp:resolvedHex","resolvedHex","src/ui/src/actionsconfig.cpp",299,299,"    }

    auto resolvedHex = resolved;
    if ( action.checksum.enabled ) {
        auto payloadSource = resolvedHex;
",""
"Variable:src/ui/src/actionsconfig.cpp:payloadSource","payloadSource","src/ui/src/actionsconfig.cpp",301,301,"    auto resolvedHex = resolved;
    if ( action.checksum.enabled ) {
        auto payloadSource = resolvedHex;
        if ( !action.checksum.placeholder.isEmpty()
             && payloadSource.contains( action.checksum.placeholder ) ) {
",""
"Variable:src/ui/src/actionsconfig.cpp:payload","payload","src/ui/src/actionsconfig.cpp",306,306,"            payloadSource.replace( action.checksum.placeholder, QString{} );
        }
        const auto payload = decodeHexStringToBytes( payloadSource );
        if ( !payload.ok ) {
            result.error = payload.error;
",""
"Variable:src/ui/src/actionsconfig.cpp:result","result","src/ui/src/actionsconfig.cpp",367,367,"
    QStringList missing;
    const auto result = actionDefinitionToBytes( action, {}, &missing );
    if ( !result.ok ) {
        setError( errorMessage,
",""
"Variable:src/ui/src/actionsconfig.cpp:regex","regex","src/ui/src/actionsconfig.cpp",389,391,"    }
    if ( response.match.type == ResponseMatchType::Regex ) {
        const auto regex = response.match.compiled.isValid()
                               ? response.match.compiled
                               : QRegularExpression( response.match.value );
        if ( !regex.isValid() ) {
            setError( errorMessage, regex.errorString() );
",""
"Variable:src/ui/src/actionsconfig.cpp:hasLinkedSteps","hasLinkedSteps","src/ui/src/actionsconfig.cpp",419,421,"    }

    const auto hasLinkedSteps = !response.response.steps.isEmpty()
                                || ( response.response.hasActionId
                                     && response.response.actionId >= 0 );
    const auto hasSideEffects = !response.response.comment.isEmpty()
                                || response.response.linebreak
",""
"Variable:src/ui/src/actionsconfig.cpp:hasSideEffects","hasSideEffects","src/ui/src/actionsconfig.cpp",422,426,"                                || ( response.response.hasActionId
                                     && response.response.actionId >= 0 );
    const auto hasSideEffects = !response.response.comment.isEmpty()
                                || response.response.linebreak
                                || response.response.timestamp
                                || response.response.snapshot
                                || response.response.stopCommunication;
    if ( !hasLinkedSteps && !response.response.hasInlineAction && !hasSideEffects ) {
        setError( errorMessage,
",""
"Variable:src/ui/src/actionsconfig.cpp:sequenceMap","sequenceMap","src/ui/src/actionsconfig.cpp",537,537,"    action.description = map.value( QStringLiteral( ""description"" ) ).toString();

    const auto sequenceMap = map.value( QStringLiteral( ""sequence"" ) ).toMap();
    bool sequenceTypeOk = false;
    action.sequence.type = actionSequenceTypeFromString(
",""
"Variable:src/ui/src/actionsconfig.cpp:sequenceTypeOk","sequenceTypeOk","src/ui/src/actionsconfig.cpp",538,538,"
    const auto sequenceMap = map.value( QStringLiteral( ""sequence"" ) ).toMap();
    bool sequenceTypeOk = false;
    action.sequence.type = actionSequenceTypeFromString(
        sequenceMap.value( QStringLiteral( ""type"" ) ).toString(), &sequenceTypeOk );
",""
"Variable:src/ui/src/actionsconfig.cpp:parametersMap","parametersMap","src/ui/src/actionsconfig.cpp",546,546,"    }

    const auto parametersMap = map.value( QStringLiteral( ""parameters"" ) ).toMap();
    action.parameters.repeat = parametersMap.value( QStringLiteral( ""repeat"" ), false ).toBool();
    action.parameters.delay = parametersMap.value( QStringLiteral( ""delay"" ), 0 ).toInt();
",""
"Variable:src/ui/src/actionsconfig.cpp:checksumMap","checksumMap","src/ui/src/actionsconfig.cpp",556,556,"        = readStringListValue( parametersMap.value( QStringLiteral( ""variable_names"" ) ) );

    const auto checksumMap = map.value( QStringLiteral( ""checksum"" ) ).toMap();
    action.checksum.enabled = checksumMap.value( QStringLiteral( ""enabled"" ), false ).toBool();
    action.checksum.algorithm
",""
"Variable:src/ui/src/actionsconfig.cpp:matchMap","matchMap","src/ui/src/actionsconfig.cpp",584,584,"    response.description = map.value( QStringLiteral( ""description"" ) ).toString();

    const auto matchMap = map.value( QStringLiteral( ""match"" ) ).toMap();
    bool matchTypeOk = false;
    response.match.type = responseMatchTypeFromString(
",""
"Variable:src/ui/src/actionsconfig.cpp:matchTypeOk","matchTypeOk","src/ui/src/actionsconfig.cpp",585,585,"
    const auto matchMap = map.value( QStringLiteral( ""match"" ) ).toMap();
    bool matchTypeOk = false;
    response.match.type = responseMatchTypeFromString(
        matchMap.value( QStringLiteral( ""type"" ) ).toString(), &matchTypeOk );
",""
"Variable:src/ui/src/actionsconfig.cpp:responseAction","responseAction","src/ui/src/actionsconfig.cpp",601,601,"    }

    const auto responseAction = map.value( QStringLiteral( ""response"" ) ).toMap();
    response.response.hasActionId
        = responseAction.value( QStringLiteral( ""has_action_id"" ),
",""
"Variable:src/ui/src/actionsconfig.cpp:stepsList","stepsList","src/ui/src/actionsconfig.cpp",607,607,"              .toBool();
    response.response.actionId = responseAction.value( QStringLiteral( ""action_id"" ), -1 ).toInt();
    const auto stepsList = responseAction.value( QStringLiteral( ""steps"" ) ).toList();
    for ( const auto& stepValue : stepsList ) {
        const auto stepMap = stepValue.toMap();
",""
"Variable:src/ui/src/actionsconfig.cpp:stepMap","stepMap","src/ui/src/actionsconfig.cpp",609,609,"    const auto stepsList = responseAction.value( QStringLiteral( ""steps"" ) ).toList();
    for ( const auto& stepValue : stepsList ) {
        const auto stepMap = stepValue.toMap();
        ResponseActionStep step;
        step.actionId = stepMap.value( QStringLiteral( ""action_id"" ), -1 ).toInt();
",""
"Variable:src/ui/src/actionsconfig.cpp:inlineActionMap","inlineActionMap","src/ui/src/actionsconfig.cpp",626,626,"        = responseAction.value( QStringLiteral( ""stop_communication"" ), false ).toBool();

    const auto inlineActionMap = responseAction.value( QStringLiteral( ""action"" ) ).toMap();
    if ( !inlineActionMap.isEmpty() ) {
        bool inlineTypeOk = false;
",""
"Variable:src/ui/src/actionsconfig.cpp:inlineTypeOk","inlineTypeOk","src/ui/src/actionsconfig.cpp",628,628,"    const auto inlineActionMap = responseAction.value( QStringLiteral( ""action"" ) ).toMap();
    if ( !inlineActionMap.isEmpty() ) {
        bool inlineTypeOk = false;
        response.response.inlineAction.type = actionSequenceTypeFromString(
            inlineActionMap.value( QStringLiteral( ""type"" ) ).toString(), &inlineTypeOk );
",""
"Variable:src/ui/src/actionruntime.cpp:decoded","decoded","src/ui/src/actionruntime.cpp",37,37,"        break;
    case ResponseMatchType::HexString: {
        const auto decoded = decodeHexStringToBytes( response.match.value );
        if ( decoded.ok ) {
            result.matched = lineBytes.contains( decoded.bytes );
",""
"Variable:src/ui/src/actionruntime.cpp:regex","regex","src/ui/src/actionruntime.cpp",44,46,"    }
    case ResponseMatchType::Regex: {
        const auto regex = response.match.compiled.isValid()
                               ? response.match.compiled
                               : QRegularExpression( response.match.value );
        const auto match = regex.match( result.lineText );
        if ( match.hasMatch() ) {
",""
"Variable:src/ui/src/actionruntime.cpp:match","match","src/ui/src/actionruntime.cpp",47,47,"                               ? response.match.compiled
                               : QRegularExpression( response.match.value );
        const auto match = regex.match( result.lineText );
        if ( match.hasMatch() ) {
            result.matched = true;
",""
"Variable:src/ui/src/actionruntime.cpp:names","names","src/ui/src/actionruntime.cpp",50,50,"        if ( match.hasMatch() ) {
            result.matched = true;
            const auto names = regex.namedCaptureGroups();
            for ( const auto& name : names ) {
                if ( !name.isEmpty() ) {
",""
"Variable:src/ui/src/actionruntime.cpp:texts","texts","src/ui/src/actionruntime.cpp",56,56,"                }
            }
            const auto texts = match.capturedTexts();
            for ( qsizetype i = 0; i < texts.size(); ++i ) {
                result.captures.insert( QString::number( i ), texts.at( i ) );
",""
"Variable:src/ui/src/actionruntime.cpp:i","i","src/ui/src/actionruntime.cpp",57,57,"            }
            const auto texts = match.capturedTexts();
            for ( qsizetype i = 0; i < texts.size(); ++i ) {
                result.captures.insert( QString::number( i ), texts.at( i ) );
            }
",""
"Variable:src/ui/src/actionruntime.cpp:encoded","encoded","src/ui/src/actionruntime.cpp",97,97,"
    QStringList missing;
    const auto encoded = actionDefinitionToBytes( action, substitutions, &missing );
    if ( !encoded.ok ) {
        setError( errorMessage,
",""
"Variable:src/ui/src/actionruntime.cpp:repeatCount","repeatCount","src/ui/src/actionruntime.cpp",105,105,"    }

    const auto repeatCount = effectiveRepeatCount( action );
    const auto firstDelay = qMax( 0, action.parameters.delay );
    const auto repeatInterval = qMax( 0, action.parameters.repeatInterval );
",""
"Variable:src/ui/src/actionruntime.cpp:firstDelay","firstDelay","src/ui/src/actionruntime.cpp",106,106,"
    const auto repeatCount = effectiveRepeatCount( action );
    const auto firstDelay = qMax( 0, action.parameters.delay );
    const auto repeatInterval = qMax( 0, action.parameters.repeatInterval );
    QPointer<StreamSession> safeSession = session;
",""
"Variable:src/ui/src/actionruntime.cpp:repeatInterval","repeatInterval","src/ui/src/actionruntime.cpp",107,107,"    const auto repeatCount = effectiveRepeatCount( action );
    const auto firstDelay = qMax( 0, action.parameters.delay );
    const auto repeatInterval = qMax( 0, action.parameters.repeatInterval );
    QPointer<StreamSession> safeSession = session;

",""
"Variable:src/ui/src/actionruntime.cpp:safeSession","safeSession","src/ui/src/actionruntime.cpp",108,108,"    const auto firstDelay = qMax( 0, action.parameters.delay );
    const auto repeatInterval = qMax( 0, action.parameters.repeatInterval );
    QPointer<StreamSession> safeSession = session;

    for ( int index = 0; index < repeatCount; ++index ) {
",""
"Variable:src/ui/src/actionruntime.cpp:index","index","src/ui/src/actionruntime.cpp",110,110,"    QPointer<StreamSession> safeSession = session;

    for ( int index = 0; index < repeatCount; ++index ) {
        const auto delayMs = firstDelay + ( index * repeatInterval );
        if ( delayMs <= 0 ) {
",""
"Variable:src/ui/src/actionruntime.cpp:delayMs","delayMs","src/ui/src/actionruntime.cpp",111,111,"
    for ( int index = 0; index < repeatCount; ++index ) {
        const auto delayMs = firstDelay + ( index * repeatInterval );
        if ( delayMs <= 0 ) {
            if ( safeSession ) {
",""
"Variable:src/ui/src/actionruntime.cpp:cumulativeDelay","cumulativeDelay","src/ui/src/actionruntime.cpp",167,167,"
    QPointer<StreamSession> safeSession = session;
    int cumulativeDelay = 0;
    for ( int index = 0; index < linkedActions.size(); ++index ) {
        cumulativeDelay += linkedDelays.at( index );
",""
"Variable:src/ui/src/actionruntime.cpp:action","action","src/ui/src/actionruntime.cpp",170,170,"    for ( int index = 0; index < linkedActions.size(); ++index ) {
        cumulativeDelay += linkedDelays.at( index );
        const auto action = linkedActions.at( index );
        if ( cumulativeDelay <= 0 ) {
            if ( !sendActionDefinition( session, action, captures, index, errorMessage ) ) {
",""
"Variable:src/ui/src/actionruntime.cpp:finalizeResponse","finalizeResponse","src/ui/src/actionruntime.cpp",187,218,"    }

    const auto finalizeResponse = [ safeSession, response, captures ]() {
        if ( !safeSession ) {
            return;
        }

        if ( !response.response.comment.isEmpty() || response.response.linebreak ) {
            QStringList missing;
            QString comment = response.response.comment;
            if ( !captures.isEmpty() ) {
                comment = resolveTemplateString( comment, captures, &missing );
            }
            if ( response.response.timestamp ) {
                const auto timestamp = QDateTime::currentDateTime().toString( Qt::ISODateWithMs );
                comment = comment.isEmpty() ? timestamp
                                            : QStringLiteral( ""%1 %2"" ).arg( timestamp, comment );
            }

            QByteArray output;
            if ( !comment.isEmpty() ) {
                output.append( comment.toLatin1() );
                output.append( ""\r\n"" );
            }
            if ( response.response.linebreak ) {
                output.append( ""\r\n"" );
            }
            safeSession->appendToFile( output );
        }

        if ( response.response.stopCommunication ) {
            safeSession->closeConnection();
        }
    };

    if ( cumulativeDelay > 0 ) {
",""
"Variable:src/ui/src/actionruntime.cpp:comment","comment","src/ui/src/actionruntime.cpp",194,194,"        if ( !response.response.comment.isEmpty() || response.response.linebreak ) {
            QStringList missing;
            QString comment = response.response.comment;
            if ( !captures.isEmpty() ) {
                comment = resolveTemplateString( comment, captures, &missing );
",""
"Variable:src/ui/src/actionruntime.cpp:timestamp","timestamp","src/ui/src/actionruntime.cpp",199,199,"            }
            if ( response.response.timestamp ) {
                const auto timestamp = QDateTime::currentDateTime().toString( Qt::ISODateWithMs );
                comment = comment.isEmpty() ? timestamp
                                            : QStringLiteral( ""%1 %2"" ).arg( timestamp, comment );
",""
"Variable:src/ui/src/actioneditdialog.cpp:index","index","src/ui/src/actioneditdialog.cpp",26,26,"    bytes.reserve( text.size() );

    for ( int index = 0; index < text.size(); ++index ) {
        const auto ch = text.at( index );
        if ( ch != QLatin1Char( '\\' ) ) {
",""
"Variable:src/ui/src/actioneditdialog.cpp:ch","ch","src/ui/src/actioneditdialog.cpp",27,27,"
    for ( int index = 0; index < text.size(); ++index ) {
        const auto ch = text.at( index );
        if ( ch != QLatin1Char( '\\' ) ) {
            bytes.push_back( static_cast<char>( ch.toLatin1() ) );
",""
"Variable:src/ui/src/actioneditdialog.cpp:next","next","src/ui/src/actioneditdialog.cpp",38,38,"        }

        const auto next = text.at( index + 1 );
        switch ( next.toLatin1() ) {
        case '\\':
",""
"Variable:src/ui/src/actioneditdialog.cpp:ok","ok","src/ui/src/actioneditdialog.cpp",62,62,"        case 'x':
            if ( index + 3 < text.size() ) {
                bool ok = false;
                const auto hexByte = text.mid( index + 2, 2 ).toUInt( &ok, 16 );
                if ( ok ) {
",""
"Variable:src/ui/src/actioneditdialog.cpp:hexByte","hexByte","src/ui/src/actioneditdialog.cpp",63,63,"            if ( index + 3 < text.size() ) {
                bool ok = false;
                const auto hexByte = text.mid( index + 2, 2 ).toUInt( &ok, 16 );
                if ( ok ) {
                    bytes.push_back( static_cast<char>( hexByte ) );
",""
"Variable:src/ui/src/actioneditdialog.cpp:byte","byte","src/ui/src/actioneditdialog.cpp",86,86,"    text.reserve( bytes.size() );
    for ( const auto rawByte : bytes ) {
        const auto byte = static_cast<quint8>( rawByte );
        switch ( byte ) {
        case '\\':
",""
"Variable:src/ui/src/actioneditdialog.cpp:parts","parts","src/ui/src/actioneditdialog.cpp",121,121,"{
    QStringList values;
    const auto parts = text.split( QLatin1Char( ',' ), Qt::SkipEmptyParts );
    for ( const auto& part : parts ) {
        const auto trimmed = part.trimmed();
",""
"Variable:src/ui/src/actioneditdialog.cpp:trimmed","trimmed","src/ui/src/actioneditdialog.cpp",123,123,"    const auto parts = text.split( QLatin1Char( ',' ), Qt::SkipEmptyParts );
    for ( const auto& part : parts ) {
        const auto trimmed = part.trimmed();
        if ( !trimmed.isEmpty() ) {
            values.push_back( trimmed );
",""
"Variable:src/ui/src/actioneditdialog.cpp:lineEndingIndex","lineEndingIndex","src/ui/src/actioneditdialog.cpp",173,174,"    lineEndingCombo_->addItem( tr( ""LF (\\n)"" ), QStringLiteral( ""lf"" ) );
    lineEndingCombo_->addItem( tr( ""CR (\\r)"" ), QStringLiteral( ""cr"" ) );
    const auto lineEndingIndex
        = lineEndingCombo_->findData( Configuration::get().defaultActionEditorLineEnding() );
    lineEndingCombo_->setCurrentIndex( lineEndingIndex >= 0 ? lineEndingIndex : 0 );

",""
"Variable:src/ui/src/actioneditdialog.cpp:cursor","cursor","src/ui/src/actioneditdialog.cpp",252,252,"        if ( ( keyEvent->key() == Qt::Key_Return || keyEvent->key() == Qt::Key_Enter )
             && keyEvent->modifiers() == Qt::NoModifier ) {
            auto cursor = stringValueEdit_->textCursor();
            cursor.insertText(
                lineEndingEscapeText( lineEndingCombo_->currentData().toString() ) );
",""
"Variable:src/ui/src/actioneditdialog.cpp:stringBytes","stringBytes","src/ui/src/actioneditdialog.cpp",273,273,"        action_.sequence.type = ActionSequenceType::String;
    }
    const auto stringBytes = displayedStringToBytes( stringValueEdit_->toPlainText() );
    const auto hexValue = hexValueEdit_->toPlainText().trimmed();
    action_.sequence.value
",""
"Variable:src/ui/src/actioneditdialog.cpp:hexValue","hexValue","src/ui/src/actioneditdialog.cpp",274,274,"    }
    const auto stringBytes = displayedStringToBytes( stringValueEdit_->toPlainText() );
    const auto hexValue = hexValueEdit_->toPlainText().trimmed();
    action_.sequence.value
        = action_.sequence.type == ActionSequenceType::HexString
",""
"Variable:src/ui/src/actioneditdialog.cpp:checksumIndex","checksumIndex","src/ui/src/actioneditdialog.cpp",309,309,"    variableNamesEdit_->setText( action.parameters.variableNames.join( QStringLiteral( "", "" ) ) );
    checksumEnabledCheck_->setChecked( action.checksum.enabled );
    const auto checksumIndex = checksumAlgorithmCombo_->findText( action.checksum.algorithm );
    checksumAlgorithmCombo_->setCurrentIndex( checksumIndex >= 0 ? checksumIndex : 0 );
    checksumPlaceholderEdit_->setText( action.checksum.placeholder );
",""
"Variable:src/ui/src/actioneditdialog.cpp:decoded","decoded","src/ui/src/actioneditdialog.cpp",332,332,"    }

    const auto decoded = decodeHexStringToBytes( hexValueEdit_->toPlainText() );
    if ( !decoded.ok ) {
        return;
",""
"Variable:src/ui/src/actioneditdialog.cpp:bytes","bytes","src/ui/src/actioneditdialog.cpp",356,356,"    }
    else {
        const auto bytes = sequence.value.toLatin1();
        stringValueEdit_->setPlainText( bytesToDisplayedString( bytes ) );
        hexValueEdit_->setPlainText( bytesToHexString( bytes ) );
",""
"Variable:src/ui/src/abstractlogview.cpp:leading_zero","leading_zero","src/ui/src/abstractlogview.cpp",107,107,"inline int countLeadingZeroes( uint64_t value )
{
    unsigned long leading_zero = 0;

    if ( _BitScanReverse64( &leading_zero, value ) ) {
",""
"Variable:src/ui/src/abstractlogview.cpp:l2","l2","src/ui/src/abstractlogview.cpp",149,149,"int countDigits( uint64_t x )
{
    int l2 = intLog2( x );
    int ans = ( ( 77 * l2 ) >> 8 );
    static uint64_t table[] = { 9,
",""
"Variable:src/ui/src/abstractlogview.cpp:ans","ans","src/ui/src/abstractlogview.cpp",150,150,"{
    int l2 = intLog2( x );
    int ans = ( ( 77 * l2 ) >> 8 );
    static uint64_t table[] = { 9,
                                99,
",""
"Variable:src/ui/src/abstractlogview.cpp:painter","painter","src/ui/src/abstractlogview.cpp",192,192,"std::unique_ptr<QPainter> pixmapPainter( QPaintDevice* paintDevice, const QFont& font )
{
    auto painter = std::make_unique<QPainter>( paintDevice );
    // LOG_DEBUG << ""font: "" << viewport()->font().family().toStdString();
    // LOG_DEBUG << ""font painter: "" << painter->font().family().toStdString();
",""
"Variable:src/ui/src/abstractlogview.cpp:pm","pm","src/ui/src/abstractlogview.cpp",204,204,"QFontMetrics pixmapFontMetrics( const QFont& font )
{
    QPixmap pm{ 1, 1 };
    auto devicePainter = pixmapPainter( &pm, font );
    return devicePainter->fontMetrics();
",""
"Variable:src/ui/src/abstractlogview.cpp:devicePainter","devicePainter","src/ui/src/abstractlogview.cpp",205,205,"{
    QPixmap pm{ 1, 1 };
    auto devicePainter = pixmapPainter( &pm, font );
    return devicePainter->fontMetrics();
}
",""
"Variable:src/ui/src/abstractlogview.cpp:length","length","src/ui/src/abstractlogview.cpp",230,230,"    LineLength size() const
    {
        auto length = end_.get() - start_.get() + 1;
        return length >= 0 ? LineLength{ length } : 0_length;
    }
",""
"Variable:src/ui/src/abstractlogview.cpp:fm","fm","src/ui/src/abstractlogview.cpp",298,298,"               const WrappedString& wrappedLines, int leftExtraBackgroundPx )
    {
        QFontMetrics fm = painter->fontMetrics();
        const int fontHeight = fm.height();
        const int fontAscent = fm.ascent();
",""
"Variable:src/ui/src/abstractlogview.cpp:fontHeight","fontHeight","src/ui/src/abstractlogview.cpp",299,299,"    {
        QFontMetrics fm = painter->fontMetrics();
        const int fontHeight = fm.height();
        const int fontAscent = fm.ascent();

",""
"Variable:src/ui/src/abstractlogview.cpp:fontAscent","fontAscent","src/ui/src/abstractlogview.cpp",300,300,"        QFontMetrics fm = painter->fontMetrics();
        const int fontHeight = fm.height();
        const int fontAscent = fm.ascent();

        int xPos = initialXPos;
",""
"Variable:src/ui/src/abstractlogview.cpp:xPos","xPos","src/ui/src/abstractlogview.cpp",302,302,"        const int fontAscent = fm.ascent();

        int xPos = initialXPos;
        int yPos = initialYPos;
        // LOG_INFO << ""drawing chunks "" << chunks_.size();
",""
"Variable:src/ui/src/abstractlogview.cpp:yPos","yPos","src/ui/src/abstractlogview.cpp",303,303,"
        int xPos = initialXPos;
        int yPos = initialYPos;
        // LOG_INFO << ""drawing chunks "" << chunks_.size();
        for ( const auto& chunk : chunks_ ) {
",""
"Variable:src/ui/src/abstractlogview.cpp:isFirstLine","isFirstLine","src/ui/src/abstractlogview.cpp",310,310,"            //         << "" empty w: "" << wrappedLines.isEmpty();
            const auto& wrappedChunks = wrappedLines.mid( chunk.start(), chunk.size() );
            bool isFirstLine = true;
            for ( const auto& chunkText : wrappedChunks ) {
                if ( !isFirstLine ) {
",""
"Variable:src/ui/src/abstractlogview.cpp:chunkWidth","chunkWidth","src/ui/src/abstractlogview.cpp",322,322,"                }

                auto chunkWidth = textWidth( fm, chunkText );
                if ( xPos == initialXPos ) {
                    // First chunk, we extend the left background a bit,
",""
"Variable:src/ui/src/abstractlogview.cpp:blankWidth","blankWidth","src/ui/src/abstractlogview.cpp",345,345,"
        // Draw the empty block at the end of the line
        int blankWidth = lineWidth - xPos;

        if ( blankWidth > 0 )
",""
"Variable:src/ui/src/abstractlogview.cpp:result","result","src/ui/src/abstractlogview.cpp",376,376,"LineNumber::UnderlyingType DigitsBuffer::content()
{
    const auto result = digits_.toULongLong();
    reset();

",""
"Variable:src/ui/src/abstractlogview.cpp:line","line","src/ui/src/abstractlogview.cpp",472,472,"void AbstractLogView::mousePressEvent( QMouseEvent* mouseEvent )
{
    auto line = convertCoordToLine( mouseEvent->pos().y() );

    if ( mouseEvent->button() == Qt::LeftButton ) {
",""
"Variable:src/ui/src/abstractlogview.cpp:newSelection","newSelection","src/ui/src/abstractlogview.cpp",481,481,"            selection_.selectRangeFromPrevious( *line );
            selectionCurrentEndPos_ = convertCoordToFilePos( mouseEvent->pos() );
            Q_EMIT newSelection( *line, 1_lcount, 0_lcol, 0_length );
            update();
        }
",""
"Variable:src/ui/src/abstractlogview.cpp:filePos","filePos","src/ui/src/abstractlogview.cpp",510,510,"        }

        const auto filePos = convertCoordToFilePos( mouseEvent->pos() );

        if ( line.has_value()
",""
"Variable:src/ui/src/abstractlogview.cpp:hasUnmarkedLines","hasUnmarkedLines","src/ui/src/abstractlogview.cpp",542,542,"        }

        bool hasUnmarkedLines = false;
        auto lines = selection_.getLines();
        for ( auto i = 0u; i < lines.size(); ++i ) {
",""
"Variable:src/ui/src/abstractlogview.cpp:lines","lines","src/ui/src/abstractlogview.cpp",543,543,"
        bool hasUnmarkedLines = false;
        auto lines = selection_.getLines();
        for ( auto i = 0u; i < lines.size(); ++i ) {
            using LineTypeFlags = AbstractLogData::LineTypeFlags;
",""
"Variable:src/ui/src/abstractlogview.cpp:i","i","src/ui/src/abstractlogview.cpp",544,544,"        bool hasUnmarkedLines = false;
        auto lines = selection_.getLines();
        for ( auto i = 0u; i < lines.size(); ++i ) {
            using LineTypeFlags = AbstractLogData::LineTypeFlags;
            const auto currentLineType = lineType( lines[ i ] );
",""
"Variable:src/ui/src/abstractlogview.cpp:currentLineType","currentLineType","src/ui/src/abstractlogview.cpp",546,546,"        for ( auto i = 0u; i < lines.size(); ++i ) {
            using LineTypeFlags = AbstractLogData::LineTypeFlags;
            const auto currentLineType = lineType( lines[ i ] );
            if ( !currentLineType.testFlag( LineTypeFlags::Mark ) ) {
                hasUnmarkedLines = true;
",""
"Variable:src/ui/src/abstractlogview.cpp:colorLablesActionGroup","colorLablesActionGroup","src/ui/src/abstractlogview.cpp",571,571,"        highlightersMenu_->setApplyChange( [ this ]() { Q_EMIT highlightersChange(); } );

        auto colorLablesActionGroup = new QActionGroup( this );
        connect( colorLablesActionGroup, &QActionGroup::triggered, this,
                 &AbstractLogView::setColorLabel );
",""
"Variable:src/ui/src/abstractlogview.cpp:selectedText","selectedText","src/ui/src/abstractlogview.cpp",577,577,"        colorLabelsMenu_->setEnabled( selection_.isPortion() || selection_.isSingleLine() );
        if ( colorLabelsMenu_->isEnabled() ) {
            auto selectedText = selection_.getSelectedText( logData_ );
            std::optional<size_t> currentLabel;
            for ( auto i = 0u; i < quickHighlighters_.size(); ++i ) {
",""
"Variable:src/ui/src/abstractlogview.cpp:noneAction","noneAction","src/ui/src/abstractlogview.cpp",586,586,"            }

            auto noneAction = colorLabelsMenu_->addAction( tr( ""None"" ) );
            noneAction->setActionGroup( colorLablesActionGroup );
            noneAction->setCheckable( true );
",""
"Variable:src/ui/src/abstractlogview.cpp:maxLabel","maxLabel","src/ui/src/abstractlogview.cpp",598,600,"
            colorLabelsMenu_->addSeparator();
            const auto maxLabel
                = std::min( quickHighlighters_.size(),
                            static_cast<size_t>( quickHighlightersConfiguration.size() ) );
            for ( auto i = 0u; i < maxLabel; ++i ) {

",""
"Variable:src/ui/src/abstractlogview.cpp:colorLabelAction","colorLabelAction","src/ui/src/abstractlogview.cpp",605,606,"                const auto& currentLabelConfiguration
                    = quickHighlightersConfiguration.at( static_cast<int>( i ) );
                auto colorLabelAction
                    = colorLabelsMenu_->addAction( currentLabelConfiguration.name );
                colorLabelAction->setActionGroup( colorLablesActionGroup );
                colorLabelAction->setCheckable( true );
",""
"Variable:src/ui/src/abstractlogview.cpp:pixmap","pixmap","src/ui/src/abstractlogview.cpp",612,612,"                colorLabelAction->setData( i );

                QPixmap pixmap( 20, 10 );
                auto fillColor = currentLabelConfiguration.color.backColor;
                fillColor.setAlphaF( 1.0 );
",""
"Variable:src/ui/src/abstractlogview.cpp:fillColor","fillColor","src/ui/src/abstractlogview.cpp",613,613,"
                QPixmap pixmap( 20, 10 );
                auto fillColor = currentLabelConfiguration.color.backColor;
                fillColor.setAlphaF( 1.0 );
                pixmap.fill( fillColor );
",""
"Variable:src/ui/src/abstractlogview.cpp:clearAllAction","clearAllAction","src/ui/src/abstractlogview.cpp",620,620,"            }
            colorLabelsMenu_->addSeparator();
            auto clearAllAction = colorLabelsMenu_->addAction( tr( ""Clear all"" ) );
            connect( clearAllAction, &QAction::triggered, this,
                     &AbstractLogView::clearColorLabels );
",""
"Variable:src/ui/src/abstractlogview.cpp:thisEndPos","thisEndPos","src/ui/src/abstractlogview.cpp",641,641,"        textAreaCache_.invalid_ = true;

        const auto thisEndPos = convertCoordToFilePos( mouseEvent->pos() );

        if ( thisEndPos != selectionCurrentEndPos_ ) {
",""
"Variable:src/ui/src/abstractlogview.cpp:lineNumber","lineNumber","src/ui/src/abstractlogview.cpp",644,644,"
        if ( thisEndPos != selectionCurrentEndPos_ ) {
            const auto lineNumber = thisEndPos.line();
            // Are we on a different line?
            if ( selectionStartPos_.line() != thisEndPos.line() ) {
",""
"Variable:src/ui/src/abstractlogview.cpp:selectionStr","selectionStr","src/ui/src/abstractlogview.cpp",664,664,"                selection_.selectPortion( lineNumber, selectionStartPos_.column(),
                                          thisEndPos.column() );
                auto selectionStr = getSelectedText();
                Q_EMIT newSelection( lineNumber, 1_lcount, selectionStartPos_.column(),
                                     LineLength( selectionStr.size() ) );
",""
"Variable:src/ui/src/abstractlogview.cpp:visible","visible","src/ui/src/abstractlogview.cpp",680,680,"
        // Do we need to scroll while extending the selection?
        QRect visible = viewport()->rect();
        visible.setLeft( leftMarginPx_ );
        if ( visible.contains( mouseEvent->pos() ) )
",""
"Variable:src/ui/src/abstractlogview.cpp:markLines","markLines","src/ui/src/abstractlogview.cpp",701,701,"            textAreaCache_.invalid_ = true;

            Q_EMIT markLines( { *line } );
        }
    }
",""
"Variable:src/ui/src/abstractlogview.cpp:pos","pos","src/ui/src/abstractlogview.cpp",718,718,"        textAreaCache_.invalid_ = true;

        const auto pos = convertCoordToFilePos( mouseEvent->pos() );
        selectWordAtPosition( pos );
    }
",""
"Variable:src/ui/src/abstractlogview.cpp:globalPos","globalPos","src/ui/src/abstractlogview.cpp",730,730,"        QRect visible = viewport()->rect();
        visible.setLeft( leftMarginPx_ );
        const QPoint globalPos = QCursor::pos( activeScreen( this ) );
        const QPoint pos = viewport()->mapFromGlobal( globalPos );
        QMouseEvent ev( QEvent::MouseMove, pos, globalPos, Qt::LeftButton, Qt::LeftButton,
",""
"Variable:src/ui/src/abstractlogview.cpp:deltaX","deltaX","src/ui/src/abstractlogview.cpp",735,735,"                        Qt::NoModifier );
        mouseMoveEvent( &ev );
        int deltaX = qMax( pos.x() - visible.left(), visible.right() - pos.x() ) - visible.width();
        int deltaY = qMax( pos.y() - visible.top(), visible.bottom() - pos.y() ) - visible.height();
        int delta = qMax( deltaX, deltaY );
",""
"Variable:src/ui/src/abstractlogview.cpp:deltaY","deltaY","src/ui/src/abstractlogview.cpp",736,736,"        mouseMoveEvent( &ev );
        int deltaX = qMax( pos.x() - visible.left(), visible.right() - pos.x() ) - visible.width();
        int deltaY = qMax( pos.y() - visible.top(), visible.bottom() - pos.y() ) - visible.height();
        int delta = qMax( deltaX, deltaY );

",""
"Variable:src/ui/src/abstractlogview.cpp:delta","delta","src/ui/src/abstractlogview.cpp",737,737,"        int deltaX = qMax( pos.x() - visible.left(), visible.right() - pos.x() ) - visible.width();
        int deltaY = qMax( pos.y() - visible.top(), visible.bottom() - pos.y() ) - visible.height();
        int delta = qMax( deltaX, deltaY );

        if ( delta >= 0 ) {
",""
"Variable:src/ui/src/abstractlogview.cpp:timeout","timeout","src/ui/src/abstractlogview.cpp",742,742,"            if ( delta < 7 )
                delta = 7;
            int timeout = 4900 / ( delta * delta );
            autoScrollTimer_.start( timeout, this );

",""
"Variable:src/ui/src/abstractlogview.cpp:wasAtBottom","wasAtBottom","src/ui/src/abstractlogview.cpp",816,816,"                      [ this ]() { selectAndDisplayLine( 0_lnum ); } );
    registerShortcut( ShortcutAction::LogViewJumpToBottom, [ this ]() {
        const bool wasAtBottom = verticalScrollBar()->value() == verticalScrollBar()->maximum();
        if ( !wasAtBottom ) {
            selectAndDisplayLine( maxDisplayLineNumber() - 1_lcount );
",""
"Variable:src/ui/src/abstractlogview.cpp:followModeChanged","followModeChanged","src/ui/src/abstractlogview.cpp",822,822,"        }
        else {
            Q_EMIT followModeChanged( true );
            followElasticHook_.hook( true );
        }
",""
"Variable:src/ui/src/abstractlogview.cpp:newLine","newLine","src/ui/src/abstractlogview.cpp",843,843,"
    registerShortcut( ShortcutAction::LogViewJumpToLineNumber, [ this ]() {
        const auto newLine = qMax( 0ull, digitsBuffer_.content() - 1ull );
        trySelectLine( LineNumber( newLine ) );
    } );
",""
"Variable:src/ui/src/abstractlogview.cpp:newPosition","newPosition","src/ui/src/abstractlogview.cpp",861,861,"
    registerShortcut( ShortcutAction::LogViewSelectLinesUp, [ this ]() {
        auto newPosition = selectionCurrentEndPos_;
        if ( newPosition.line() == 0_lnum ) {
            // Reached the begin
",""
"Variable:src/ui/src/abstractlogview.cpp:text","text","src/ui/src/abstractlogview.cpp",887,887,"    LOG_DEBUG << ""keyPressEvent received "" << keyEvent->text();

    const auto text = keyEvent->text();

    if ( keyEvent->modifiers() == Qt::NoModifier && text.size() == 1 ) {
",""
"Variable:src/ui/src/abstractlogview.cpp:character","character","src/ui/src/abstractlogview.cpp",890,890,"
    if ( keyEvent->modifiers() == Qt::NoModifier && text.size() == 1 ) {
        const auto character = text.at( 0 ).toLatin1();
        if ( ( ( character > '0' ) && ( character <= '9' ) )
             || ( !digitsBuffer_.isEmpty() && character == '0' ) ) {
",""
"Variable:src/ui/src/abstractlogview.cpp:yDelta","yDelta","src/ui/src/abstractlogview.cpp",923,923,"    Q_EMIT activity();

    int yDelta = 0;
    const auto pixelDelta = wheelEvent->pixelDelta();

",""
"Variable:src/ui/src/abstractlogview.cpp:pixelDelta","pixelDelta","src/ui/src/abstractlogview.cpp",924,924,"
    int yDelta = 0;
    const auto pixelDelta = wheelEvent->pixelDelta();

    if ( pixelDelta.isNull() ) {
",""
"Variable:src/ui/src/abstractlogview.cpp:changeFontSize","changeFontSize","src/ui/src/abstractlogview.cpp",940,940,"
    if ( wheelEvent->modifiers().testFlag( Qt::ControlModifier ) ) {
        Q_EMIT changeFontSize( yDelta > 0 );
        return;
    }
",""
"Variable:src/ui/src/abstractlogview.cpp:allowFollowOnScroll","allowFollowOnScroll","src/ui/src/abstractlogview.cpp",951,951,"        jumpToBottom();

    const auto allowFollowOnScroll = Configuration::get().allowFollowOnScroll();
    if ( verticalScrollBar()->value() == verticalScrollBar()->maximum() ) {
        if ( allowFollowOnScroll || yDelta > 0 ) {
",""
"Variable:src/ui/src/abstractlogview.cpp:gestureEvent","gestureEvent","src/ui/src/abstractlogview.cpp",993,993,"    // they seem to be accepted by default.
    if ( e->type() == QEvent::Gesture ) {
        const auto gestureEvent = static_cast<QGestureEvent*>( e );
        if ( gestureEvent ) {
            const auto gestures = gestureEvent->gestures();
",""
"Variable:src/ui/src/abstractlogview.cpp:gestures","gestures","src/ui/src/abstractlogview.cpp",995,995,"        const auto gestureEvent = static_cast<QGestureEvent*>( e );
        if ( gestureEvent ) {
            const auto gestures = gestureEvent->gestures();
            for ( QGesture* gesture : gestures ) {
                LOG_DEBUG << ""Gesture: "" << gesture->gestureType();
",""
"Variable:src/ui/src/abstractlogview.cpp:lastTopLine","lastTopLine","src/ui/src/abstractlogview.cpp",1033,1033,"    LOG_DEBUG << ""scrollContentsBy received "" << dy << ""position "" << verticalScrollBar()->value();

    const auto lastTopLine = ( logData_->getNbLine() - getNbVisibleLines() );

    const auto scrollPosition = verticalScrollToLineNumber( verticalScrollBar()->value() );
",""
"Variable:src/ui/src/abstractlogview.cpp:scrollPosition","scrollPosition","src/ui/src/abstractlogview.cpp",1035,1035,"    const auto lastTopLine = ( logData_->getNbLine() - getNbVisibleLines() );

    const auto scrollPosition = verticalScrollToLineNumber( verticalScrollBar()->value() );

    if ( ( lastTopLine.get() > 0 ) && scrollPosition.get() > lastTopLine.get() ) {
",""
"Variable:src/ui/src/abstractlogview.cpp:lastLine","lastLine","src/ui/src/abstractlogview.cpp",1052,1052,"    // Update the overview if we have one
    if ( overview_ != nullptr ) {
        const auto lastLine = firstLine_ + getNbVisibleLines();
        overview_->updateCurrentPosition( firstLine_, lastLine );
    }
",""
"Variable:src/ui/src/abstractlogview.cpp:mousePos","mousePos","src/ui/src/abstractlogview.cpp",1057,1057,"
    // Are we hovering over a new line?
    const auto mousePos = mapFromGlobal( QCursor::pos( activeScreen( this ) ) );
    considerMouseHovering( mousePos.x(), mousePos.y() );

",""
"Variable:src/ui/src/abstractlogview.cpp:invalidRect","invalidRect","src/ui/src/abstractlogview.cpp",1066,1066,"void AbstractLogView::paintEvent( QPaintEvent* paintEvent )
{
    const QRect invalidRect = paintEvent->rect();
    if ( ( invalidRect.isEmpty() ) || ( logData_ == nullptr ) )
        return;
",""
"Variable:src/ui/src/abstractlogview.cpp:maxline","maxline","src/ui/src/abstractlogview.cpp",1076,1076,"
#ifdef GLOGG_PERF_MEASURE_FPS
    static uint32_t maxline = logData_->getNbLine();
    if ( !perfCounter_.addEvent() && logData_->getNbLine() > maxline ) {
        LOG_WARNING << ""Redraw per second: "" << perfCounter_.readAndReset()
",""
"Variable:src/ui/src/abstractlogview.cpp:start","start","src/ui/src/abstractlogview.cpp",1085,1085,"#endif

    auto start = std::chrono::system_clock::now();

    // Can we use our cache?
",""
"Variable:src/ui/src/abstractlogview.cpp:wholeHeight","wholeHeight","src/ui/src/abstractlogview.cpp",1113,1113,"
    // Height including the potentially invisible last line
    const auto wholeHeight = static_cast<int>( getNbVisibleLines().get() ) * charHeight_;
    // Height in pixels of the ""pull to follow"" bottom bar.
    const auto pullToFollowHeight
",""
"Variable:src/ui/src/abstractlogview.cpp:pullToFollowHeight","pullToFollowHeight","src/ui/src/abstractlogview.cpp",1115,1119,"    const auto wholeHeight = static_cast<int>( getNbVisibleLines().get() ) * charHeight_;
    // Height in pixels of the ""pull to follow"" bottom bar.
    const auto pullToFollowHeight
        = mapPullToFollowLength( followElasticHook_.size() )
          + ( followElasticHook_.isHooked()
                  ? ( wholeHeight - viewport()->height() ) + PullToFollowHookedHeight
                  : 0 );

    if ( pullToFollowHeight && ( pullToFollowCache_.nb_columns_ != getNbVisibleCols() ) ) {
",""
"Variable:src/ui/src/abstractlogview.cpp:drawingTopPosition","drawingTopPosition","src/ui/src/abstractlogview.cpp",1129,1129,"
    QPainter devicePainter( viewport() );
    int drawingTopPosition = -pullToFollowHeight;
    int drawingPullToFollowTopPosition = drawingTopPosition + wholeHeight;

",""
"Variable:src/ui/src/abstractlogview.cpp:drawingPullToFollowTopPosition","drawingPullToFollowTopPosition","src/ui/src/abstractlogview.cpp",1130,1130,"    QPainter devicePainter( viewport() );
    int drawingTopPosition = -pullToFollowHeight;
    int drawingPullToFollowTopPosition = drawingTopPosition + wholeHeight;

    // This is to cover the special case where there is less than a screenful
",""
"Variable:src/ui/src/abstractlogview.cpp:selectedLine","selectedLine","src/ui/src/abstractlogview.cpp",1200,1200,"    LineNumber line;

    const auto selectedLine = selection_.selectedLine();
    if ( selectedLine.has_value() ) {
        line = *selectedLine;
",""
"Variable:src/ui/src/abstractlogview.cpp:changeQuickFind","changeQuickFind","src/ui/src/abstractlogview.cpp",1254,1254,"{
    selection_ = quickFind_->incrementalSearchAbort();
    Q_EMIT changeQuickFind( """", QuickFindMux::Forward );
}

",""
"Variable:src/ui/src/abstractlogview.cpp:oldSelection","oldSelection","src/ui/src/abstractlogview.cpp",1259,1259,"void AbstractLogView::incrementalSearchStop()
{
    auto oldSelection = quickFind_->incrementalSearchStop();
    if ( selection_.isEmpty() ) {
        selection_ = oldSelection;
",""
"Variable:src/ui/src/abstractlogview.cpp:addToSearch","addToSearch","src/ui/src/abstractlogview.cpp",1329,1329,"    if ( selection_.isPortion() ) {
        LOG_DEBUG << ""AbstractLogView::addToSearch()"";
        Q_EMIT addToSearch( selection_.getSelectedText( logData_ ) );
    }
    else {
",""
"Variable:src/ui/src/abstractlogview.cpp:replaceSearch","replaceSearch","src/ui/src/abstractlogview.cpp",1341,1341,"    if ( selection_.isPortion() ) {
        LOG_DEBUG << ""AbstractLogView::replaceSearch()"";
        Q_EMIT replaceSearch( selection_.getSelectedText( logData_ ) );
    }
    else {
",""
"Variable:src/ui/src/abstractlogview.cpp:excludeFromSearch","excludeFromSearch","src/ui/src/abstractlogview.cpp",1352,1352,"    if ( selection_.isPortion() ) {
        LOG_DEBUG << ""AbstractLogView::excludeFromSearch()"";
        Q_EMIT excludeFromSearch( selection_.getSelectedText( logData_ ) );
    }
    else {
",""
"Variable:src/ui/src/abstractlogview.cpp:totalLines","totalLines","src/ui/src/abstractlogview.cpp",1414,1414,"{
    auto start = 0_lnum;
    const auto totalLines = logData_->getNbLine();
    auto end = LineNumber{ totalLines.get() };

",""
"Variable:src/ui/src/abstractlogview.cpp:end","end","src/ui/src/abstractlogview.cpp",1415,1415,"    auto start = 0_lnum;
    const auto totalLines = logData_->getNbLine();
    auto end = LineNumber{ totalLines.get() };

    saveLinesToFile( start, end );
",""
"Variable:src/ui/src/abstractlogview.cpp:selectedLines","selectedLines","src/ui/src/abstractlogview.cpp",1422,1422,"void AbstractLogView::saveSelectedToFile()
{
    const auto selectedLines = selection_.getLines();
    if ( selectedLines.empty() ) {
        return;
",""
"Variable:src/ui/src/abstractlogview.cpp:filename","filename","src/ui/src/abstractlogview.cpp",1435,1435,"void AbstractLogView::saveLinesToFile( LineNumber begin, LineNumber end )
{
    auto filename = QFileDialog::getSaveFileName( this, ""Save content"" );
    if ( filename.isEmpty() ) {
        return;
",""
"Variable:src/ui/src/abstractlogview.cpp:saveFile","saveFile","src/ui/src/abstractlogview.cpp",1440,1440,"    }

    QSaveFile saveFile{ filename };
    if ( !saveFile.open( QIODevice::WriteOnly | QIODevice::Truncate ) ) {
        LOG_ERROR << ""Failed to open file to save"";
",""
"Variable:src/ui/src/abstractlogview.cpp:progressDialog","progressDialog","src/ui/src/abstractlogview.cpp",1446,1446,"    }

    QProgressDialog progressDialog( this );
    progressDialog.setLabelText( tr( ""Saving content to %1"" ).arg( filename ) );
    klogg::vector<std::pair<LineNumber, LinesCount>> offsets;
",""
"Variable:src/ui/src/abstractlogview.cpp:lineOffset","lineOffset","src/ui/src/abstractlogview.cpp",1449,1449,"    progressDialog.setLabelText( tr( ""Saving content to %1"" ).arg( filename ) );
    klogg::vector<std::pair<LineNumber, LinesCount>> offsets;
    auto lineOffset = begin;
    const auto chunkSize = 5000_lcount;
    offsets.reserve( ( end - ( lineOffset + chunkSize ) ).get() );
",""
"Variable:src/ui/src/abstractlogview.cpp:chunkSize","chunkSize","src/ui/src/abstractlogview.cpp",1450,1450,"    klogg::vector<std::pair<LineNumber, LinesCount>> offsets;
    auto lineOffset = begin;
    const auto chunkSize = 5000_lcount;
    offsets.reserve( ( end - ( lineOffset + chunkSize ) ).get() );

",""
"Variable:src/ui/src/abstractlogview.cpp:lineReader","lineReader","src/ui/src/abstractlogview.cpp",1471,1499,"    tbb::flow::graph saveFileGraph;
    using LinesData = std::pair<klogg::vector<QString>, bool>;
    auto lineReader = tbb::flow::input_node<LinesData>(
        saveFileGraph,
        [ this, &offsets, &interruptRequest, &progressDialog, offsetIndex = 0u,
          finalLine = false ]( tbb::flow_control& fc ) mutable -> LinesData {
            if ( !interruptRequest && offsetIndex < offsets.size() ) {
                const auto& offset = offsets.at( offsetIndex );
                LinesData lines{ logData_->getLines( offset.first, offset.second ), true };
                for ( auto& l : lines.first ) {
#if !defined( Q_OS_WIN )
                    l.append( QChar::CarriageReturn );
#endif
                    l.append( QChar::LineFeed );
                }

                offsetIndex++;
                progressDialog.setValue( static_cast<int>(
                    std::floor( static_cast<float>( offsetIndex )
                                / static_cast<float>( offsets.size() + 1 ) * 1000.f ) ) );
                return lines;
            }
            else if ( !finalLine ) {
                finalLine = true;
            }
            else {
                fc.stop();
            }

            return {};
        } );

    auto lineWriter = tbb::flow::function_node<LinesData, tbb::flow::continue_msg>(
",""
"Variable:src/ui/src/abstractlogview.cpp:lineWriter","lineWriter","src/ui/src/abstractlogview.cpp",1501,1526,"        } );

    auto lineWriter = tbb::flow::function_node<LinesData, tbb::flow::continue_msg>(
        saveFileGraph, 1,
        [ &interruptRequest, &codec, &saveFile,
          &progressDialog ]( const LinesData& lines ) mutable {
            if ( !lines.second ) {
                if ( !interruptRequest ) {
                    saveFile.commit();
                }

                progressDialog.finished( 0 );
                return tbb::flow::continue_msg{};
            }

            for ( const auto& l : lines.first ) {

                const auto encodedLine = codec->fromUnicode( l );
                const auto written = saveFile.write( encodedLine );

                if ( written != encodedLine.size() ) {
                    LOG_ERROR << ""Saving file write failed"";
                    interruptRequest.set();
                    return tbb::flow::continue_msg{};
                }
            }
            return tbb::flow::continue_msg{};
        } );

    tbb::flow::make_edge( lineReader, lineWriter );
",""
"Variable:src/ui/src/abstractlogview.cpp:encodedLine","encodedLine","src/ui/src/abstractlogview.cpp",1516,1516,"            for ( const auto& l : lines.first ) {

                const auto encodedLine = codec->fromUnicode( l );
                const auto written = saveFile.write( encodedLine );

",""
"Variable:src/ui/src/abstractlogview.cpp:written","written","src/ui/src/abstractlogview.cpp",1517,1517,"
                const auto encodedLine = codec->fromUnicode( l );
                const auto written = saveFile.write( encodedLine );

                if ( written != encodedLine.size() ) {
",""
"Variable:src/ui/src/abstractlogview.cpp:selectionEnd","selectionEnd","src/ui/src/abstractlogview.cpp",1567,1567,"void AbstractLogView::setSelectionEnd()
{
    const auto selectionEnd = selection_.selectedLine();

    if ( selectionStart_ && selectionEnd ) {
",""
"Variable:src/ui/src/abstractlogview.cpp:lastLineNumber","lastLineNumber","src/ui/src/abstractlogview.cpp",1585,1585,"    LOG_DEBUG << ""AbstractLogView::updateData"";

    const auto lastLineNumber = LineNumber( logData_->getNbLine().get() );

    // Check the top Line is within range
",""
"Variable:src/ui/src/abstractlogview.cpp:layout","layout","src/ui/src/abstractlogview.cpp",1673,1673,"    }

    const auto layout = visibleLayoutFor( firstLine_, getNbVisibleLines() );
    if ( layout.lastVisibleLine.has_value() ) {
        return *layout.lastVisibleLine;
",""
"Variable:src/ui/src/abstractlogview.cpp:newTopLine","newTopLine","src/ui/src/abstractlogview.cpp",1732,1732,"{
    // Put the selected line in the middle if possible
    const auto newTopLine = line - LinesCount( getNbVisibleLines().get() / 2 );
    // This will also trigger a scrollContents event
    verticalScrollBar()->setValue( lineNumberToVerticalScroll( newTopLine ) );
",""
"Variable:src/ui/src/abstractlogview.cpp:scrollBarWidth","scrollBarWidth","src/ui/src/abstractlogview.cpp",1771,1771,"LineLength AbstractLogView::getNbVisibleCols() const
{
    const auto scrollBarWidth = verticalScrollBar()->isVisible() ? verticalScrollBar()->width() : 0;
    return LineLength{ ( viewport()->width() - leftMarginPx_ - scrollBarWidth ) / charWidth_ + 1 };
}
",""
"Variable:src/ui/src/abstractlogview.cpp:offset","offset","src/ui/src/abstractlogview.cpp",1778,1778,"OptionalLineNumber AbstractLogView::convertCoordToLine( int yPos ) const
{
    const auto offset = std::abs( ( yPos - drawingTopOffset_ ) / charHeight_ );
    const auto wrappedLineInfoIndex = static_cast<size_t>( std::floor( offset ) );
    if ( wrappedLineInfoIndex < wrappedLinesInfo_.size() && !wrappedLinesInfo_.empty() ) {
",""
"Variable:src/ui/src/abstractlogview.cpp:wrappedLineInfoIndex","wrappedLineInfoIndex","src/ui/src/abstractlogview.cpp",1779,1779,"{
    const auto offset = std::abs( ( yPos - drawingTopOffset_ ) / charHeight_ );
    const auto wrappedLineInfoIndex = static_cast<size_t>( std::floor( offset ) );
    if ( wrappedLineInfoIndex < wrappedLinesInfo_.size() && !wrappedLinesInfo_.empty() ) {
        return wrappedLinesInfo_[ wrappedLineInfoIndex ].lineNumber;
",""
"Variable:src/ui/src/abstractlogview.cpp:clampedLineIndex","clampedLineIndex","src/ui/src/abstractlogview.cpp",1806,1806,"        = wrappedLinesInfo_[ wrappedLineInfoIndex ];

    auto clampedLineIndex = lineIndex;
    if ( clampedLineIndex >= logData_->getNbLine() ) {
        clampedLineIndex = LineNumber( logData_->getNbLine().get() ) - 1_lcount;
",""
"Variable:src/ui/src/abstractlogview.cpp:lineText","lineText","src/ui/src/abstractlogview.cpp",1811,1811,"    }

    const WrappedString::WrappedStringPart lineText = wrappedString.unwrappedLine();

    if ( lineText.size() <= 1 ) {
",""
"Variable:src/ui/src/abstractlogview.cpp:visibleText","visibleText","src/ui/src/abstractlogview.cpp",1817,1819,"    }

    const WrappedString::WrappedStringPart visibleText
        = useTextWrap_ ? wrappedString.wrappedLine( wrappedLineIndex )
                       : lineText.mid( firstCol_.get(), getNbVisibleCols().get() );

    klogg::vector<LineColumn> possibleColumns( static_cast<size_t>( visibleText.size() ) );
",""
"Variable:src/ui/src/abstractlogview.cpp:possibleColumns","possibleColumns","src/ui/src/abstractlogview.cpp",1821,1821,"                       : lineText.mid( firstCol_.get(), getNbVisibleCols().get() );

    klogg::vector<LineColumn> possibleColumns( static_cast<size_t>( visibleText.size() ) );
    klogg::vector<int> columnsWidth( static_cast<size_t>( visibleText.size() ), -1 );
    std::iota( possibleColumns.begin(), possibleColumns.end(), 0_lcol );
",""
"Variable:src/ui/src/abstractlogview.cpp:columnsWidth","columnsWidth","src/ui/src/abstractlogview.cpp",1822,1822,"
    klogg::vector<LineColumn> possibleColumns( static_cast<size_t>( visibleText.size() ) );
    klogg::vector<int> columnsWidth( static_cast<size_t>( visibleText.size() ), -1 );
    std::iota( possibleColumns.begin(), possibleColumns.end(), 0_lcol );

",""
"Variable:src/ui/src/abstractlogview.cpp:columnIt","columnIt","src/ui/src/abstractlogview.cpp",1825,1835,"    std::iota( possibleColumns.begin(), possibleColumns.end(), 0_lcol );

    const auto columnIt = std::lower_bound(
        possibleColumns.cbegin(), possibleColumns.cend(), pos,
        [ this, &visibleText, &columnsWidth ]( LineColumn c, const QPoint& p ) {
            const size_t columnIndex = static_cast<size_t>( c.get() );
            if ( columnsWidth[ columnIndex ] == -1 ) {
                columnsWidth[ columnIndex ]
                    = textWidth( pixmapFontMetrics_, visibleText.left( c.get() ) ) + leftMarginPx_;
            }

            return columnsWidth[ columnIndex ] < p.x();
        } );

    const auto length
",""
"Variable:src/ui/src/abstractlogview.cpp:columnIndex","columnIndex","src/ui/src/abstractlogview.cpp",1828,1828,"        possibleColumns.cbegin(), possibleColumns.cend(), pos,
        [ this, &visibleText, &columnsWidth ]( LineColumn c, const QPoint& p ) {
            const size_t columnIndex = static_cast<size_t>( c.get() );
            if ( columnsWidth[ columnIndex ] == -1 ) {
                columnsWidth[ columnIndex ]
",""
"Variable:src/ui/src/abstractlogview.cpp:column","column","src/ui/src/abstractlogview.cpp",1840,1840,"        = LineColumn{ type_safe::narrow_cast<LineColumn::UnderlyingType>( visibleText.size() ) };

    auto column = ( columnIt != possibleColumns.end() ? *columnIt : length ) - 1_length;
    if ( useTextWrap_ ) {
        for ( auto i = 0u; i < wrappedLineIndex; ++i ) {
",""
"Variable:src/ui/src/abstractlogview.cpp:maxColumn","maxColumn","src/ui/src/abstractlogview.cpp",1851,1855,"    }

    const auto maxColumn
        = LineColumn( type_safe::narrow_cast<LineColumn::UnderlyingType>( std::min(
              lineText.size(), static_cast<decltype( lineText.size() )>(
                                   std::numeric_limits<LineColumn::UnderlyingType>::max() ) ) ) )
          - 1_length;

    column = std::clamp( column, 0_lcol, maxColumn );
",""
"Variable:src/ui/src/abstractlogview.cpp:portion","portion","src/ui/src/abstractlogview.cpp",1877,1877,"    }

    const auto portion = selection_.getPortionForLine( line );
    if ( portion.isValid() ) {
        horizontalScrollBar()->setValue( type_safe::narrow_cast<int>(
",""
"Variable:src/ui/src/abstractlogview.cpp:selection","selection","src/ui/src/abstractlogview.cpp",1889,1889,"    LOG_DEBUG << ""AbstractLogView::moveSelection delta="" << delta;

    auto selection = selection_.getLines();
    LineNumber newLine;

",""
"Variable:src/ui/src/abstractlogview.cpp:longestLine","longestLine","src/ui/src/abstractlogview.cpp",1920,1925,"LineLength AbstractLogView::maxLineLength( const klogg::vector<LineNumber>& lines ) const
{
    const auto longestLine = std::max_element(
        lines.cbegin(), lines.cend(), [ this ]( const auto& lhs, const auto& rhs ) {
            const auto lhsLength = logData_->getLineLength( lhs );
            const auto rhsLength = logData_->getLineLength( rhs );
            return lhsLength < rhsLength;
        } );

    return logData_->getLineLength( LineNumber( *longestLine ) );
",""
"Variable:src/ui/src/abstractlogview.cpp:lhsLength","lhsLength","src/ui/src/abstractlogview.cpp",1922,1922,"    const auto longestLine = std::max_element(
        lines.cbegin(), lines.cend(), [ this ]( const auto& lhs, const auto& rhs ) {
            const auto lhsLength = logData_->getLineLength( lhs );
            const auto rhsLength = logData_->getLineLength( rhs );
            return lhsLength < rhsLength;
",""
"Variable:src/ui/src/abstractlogview.cpp:rhsLength","rhsLength","src/ui/src/abstractlogview.cpp",1923,1923,"        lines.cbegin(), lines.cend(), [ this ]( const auto& lhs, const auto& rhs ) {
            const auto lhsLength = logData_->getLineLength( lhs );
            const auto rhsLength = logData_->getLineLength( rhs );
            return lhsLength < rhsLength;
        } );
",""
"Variable:src/ui/src/abstractlogview.cpp:nbVisibleLines","nbVisibleLines","src/ui/src/abstractlogview.cpp",1941,1941,"void AbstractLogView::jumpToRightOfScreen()
{
    const auto nbVisibleLines = getNbVisibleLines();

    klogg::vector<LineNumber::UnderlyingType> visibleLinesNumbers( nbVisibleLines.get() );
",""
"Variable:src/ui/src/abstractlogview.cpp:visibleLinesNumbers","visibleLinesNumbers","src/ui/src/abstractlogview.cpp",1943,1943,"    const auto nbVisibleLines = getNbVisibleLines();

    klogg::vector<LineNumber::UnderlyingType> visibleLinesNumbers( nbVisibleLines.get() );
    std::iota( visibleLinesNumbers.begin(), visibleLinesNumbers.end(), firstLine_.get() );

",""
"Variable:src/ui/src/abstractlogview.cpp:visibleLines","visibleLines","src/ui/src/abstractlogview.cpp",1946,1946,"    std::iota( visibleLinesNumbers.begin(), visibleLinesNumbers.end(), firstLine_.get() );

    klogg::vector<LineNumber> visibleLines( nbVisibleLines.get() );
    std::transform( visibleLinesNumbers.cbegin(), visibleLinesNumbers.cend(), visibleLines.begin(),
                    []( auto number ) { return LineNumber{ number }; } );
",""
"Variable:src/ui/src/abstractlogview.cpp:clickPos","clickPos","src/ui/src/abstractlogview.cpp",1975,1975,"    const QString line = logData_->getExpandedLineString( pos.line() );

    const int clickPos = type_safe::narrow_cast<int>( pos.column().get() );

    const auto isWordSeparator = []( QChar c ) {
",""
"Variable:src/ui/src/abstractlogview.cpp:isWordSeparator","isWordSeparator","src/ui/src/abstractlogview.cpp",1977,1979,"    const int clickPos = type_safe::narrow_cast<int>( pos.column().get() );

    const auto isWordSeparator = []( QChar c ) {
        return !c.isLetterOrNumber() && c.category() != QChar::Punctuation_Connector;
    };

    if ( line.isEmpty() || isWordSeparator( line[ clickPos ] ) ) {
",""
"Variable:src/ui/src/abstractlogview.cpp:wordStart","wordStart","src/ui/src/abstractlogview.cpp",1985,1986,"    }

    const auto wordStart
        = std::find_if( line.rbegin() + line.size() - clickPos, line.rend(), isWordSeparator );
    const auto selectionStart = LineColumn{ type_safe::narrow_cast<LineColumn::UnderlyingType>(
        std::distance( line.begin(), wordStart.base() ) ) };
",""
"Variable:src/ui/src/abstractlogview.cpp:selectionStart","selectionStart","src/ui/src/abstractlogview.cpp",1987,1988,"    const auto wordStart
        = std::find_if( line.rbegin() + line.size() - clickPos, line.rend(), isWordSeparator );
    const auto selectionStart = LineColumn{ type_safe::narrow_cast<LineColumn::UnderlyingType>(
        std::distance( line.begin(), wordStart.base() ) ) };

    const auto wordEnd = std::find_if( line.begin() + clickPos, line.end(), isWordSeparator );
",""
"Variable:src/ui/src/abstractlogview.cpp:wordEnd","wordEnd","src/ui/src/abstractlogview.cpp",1990,1990,"        std::distance( line.begin(), wordStart.base() ) ) };

    const auto wordEnd = std::find_if( line.begin() + clickPos, line.end(), isWordSeparator );
    const auto selectionEnd = LineColumn{ type_safe::narrow_cast<LineColumn::UnderlyingType>(
        std::distance( line.begin(), wordEnd ) - 1 ) };
",""
"Variable:src/ui/src/abstractlogview.cpp:clipboard","clipboard","src/ui/src/abstractlogview.cpp",2003,2003,"{
    try {
        auto clipboard = QApplication::clipboard();
        // Updating it only for ""non-trivial"" (range or portion) selections
        if ( !selection_.isSingleLine() )
",""
"Variable:src/ui/src/abstractlogview.cpp:previews","previews","src/ui/src/abstractlogview.cpp",2154,2154,"             [ this ]( auto ) { Q_EMIT sendSelectionToPreview( QString() ); } );

    const auto previews = PreviewManager::instance().enabled();
    for ( const auto& preview : previews ) {
        auto* action = sendToPreviewMenu_->addAction( preview.name );
",""
"Variable:src/ui/src/abstractlogview.cpp:mouseHoveredOverLine","mouseHoveredOverLine","src/ui/src/abstractlogview.cpp",2172,2172,"        if ( line != lastHoveredLine_ ) {
            LOG_DEBUG << ""Mouse moved in margin line: "" << *line;
            Q_EMIT mouseHoveredOverLine( *line );
            lastHoveredLine_ = line;
        }
",""
"Variable:src/ui/src/abstractlogview.cpp:tailStartLine","tailStartLine","src/ui/src/abstractlogview.cpp",2192,2194,"
    const auto totalLines = logData_->getNbLine();
    const auto tailStartLine = totalLines > visibleLines
                                   ? LineNumber{ totalLines.get() - visibleLines.get() }
                                   : 0_lnum;
    const auto tailLogicalLines = LinesCount{
        type_safe::narrow_cast<LinesCount::UnderlyingType>( totalLines.get() - tailStartLine.get() ) };
",""
"Variable:src/ui/src/abstractlogview.cpp:tailLogicalLines","tailLogicalLines","src/ui/src/abstractlogview.cpp",2195,2196,"                                   ? LineNumber{ totalLines.get() - visibleLines.get() }
                                   : 0_lnum;
    const auto tailLogicalLines = LinesCount{
        type_safe::narrow_cast<LinesCount::UnderlyingType>( totalLines.get() - tailStartLine.get() ) };
    return visualRowsForRange( tailStartLine, tailLogicalLines );
}
",""
"Variable:src/ui/src/abstractlogview.cpp:visibleColumns","visibleColumns","src/ui/src/abstractlogview.cpp",2203,2203,"{
    const LinesCount visibleLines = getNbVisibleLines();
    const LineLength visibleColumns = getNbVisibleCols();
    const auto visibleWrappedLines = getNbBottomWrappedVisibleLines();
    const auto wrappedLinesScrollAdjust = ( visibleWrappedLines - visibleLines ).get();
",""
"Variable:src/ui/src/abstractlogview.cpp:visibleWrappedLines","visibleWrappedLines","src/ui/src/abstractlogview.cpp",2204,2204,"    const LinesCount visibleLines = getNbVisibleLines();
    const LineLength visibleColumns = getNbVisibleCols();
    const auto visibleWrappedLines = getNbBottomWrappedVisibleLines();
    const auto wrappedLinesScrollAdjust = ( visibleWrappedLines - visibleLines ).get();
    const auto rawVerticalScrollMax = logData_->getNbLine().get() < visibleLines.get() ? LinesCount::UnderlyingType{ 0 }
",""
"Variable:src/ui/src/abstractlogview.cpp:wrappedLinesScrollAdjust","wrappedLinesScrollAdjust","src/ui/src/abstractlogview.cpp",2205,2205,"    const LineLength visibleColumns = getNbVisibleCols();
    const auto visibleWrappedLines = getNbBottomWrappedVisibleLines();
    const auto wrappedLinesScrollAdjust = ( visibleWrappedLines - visibleLines ).get();
    const auto rawVerticalScrollMax = logData_->getNbLine().get() < visibleLines.get() ? LinesCount::UnderlyingType{ 0 }
                                        : logData_->getNbLine().get() - visibleLines.get();
",""
"Variable:src/ui/src/abstractlogview.cpp:rawVerticalScrollMax","rawVerticalScrollMax","src/ui/src/abstractlogview.cpp",2206,2207,"    const auto visibleWrappedLines = getNbBottomWrappedVisibleLines();
    const auto wrappedLinesScrollAdjust = ( visibleWrappedLines - visibleLines ).get();
    const auto rawVerticalScrollMax = logData_->getNbLine().get() < visibleLines.get() ? LinesCount::UnderlyingType{ 0 }
                                        : logData_->getNbLine().get() - visibleLines.get();

    const auto maxVerticalScroll = std::clamp(
",""
"Variable:src/ui/src/abstractlogview.cpp:maxVerticalScroll","maxVerticalScroll","src/ui/src/abstractlogview.cpp",2209,2211,"                                        : logData_->getNbLine().get() - visibleLines.get();

    const auto maxVerticalScroll = std::clamp(
        rawVerticalScrollMax + LinesCount::UnderlyingType{ 1 } + wrappedLinesScrollAdjust,
        LinesCount::UnderlyingType{ 0 }, maxValue<LinesCount>().get() );

    verticalScrollBar()->setRange( 0, static_cast<int>( maxVerticalScroll ) );
",""
"Variable:src/ui/src/abstractlogview.cpp:hScrollMaxValue","hScrollMaxValue","src/ui/src/abstractlogview.cpp",2215,2215,"    verticalScrollBar()->setRange( 0, static_cast<int>( maxVerticalScroll ) );

    int64_t hScrollMaxValue = 0;
    if ( !useTextWrap_ && logData_->getMaxLength().get() >= visibleColumns.get() ) {
        hScrollMaxValue = logData_->getMaxLength().get() - visibleColumns.get() + 1;
",""
"Variable:src/ui/src/abstractlogview.cpp:nbVisibleCols","nbVisibleCols","src/ui/src/abstractlogview.cpp",2240,2240,"    const int fontHeight = charHeight_;
    const int fontAscent = painter->fontMetrics().ascent();
    const LineLength nbVisibleCols = getNbVisibleCols();

    const int paintDeviceHeight
",""
"Variable:src/ui/src/abstractlogview.cpp:paintDeviceHeight","paintDeviceHeight","src/ui/src/abstractlogview.cpp",2242,2243,"    const LineLength nbVisibleCols = getNbVisibleCols();

    const int paintDeviceHeight
        = static_cast<int>( std::floor( paintDevice->height() / viewport()->devicePixelRatio() ) );
    const int paintDeviceWidth
        = static_cast<int>( std::floor( paintDevice->width() / viewport()->devicePixelRatio() ) );
",""
"Variable:src/ui/src/abstractlogview.cpp:paintDeviceWidth","paintDeviceWidth","src/ui/src/abstractlogview.cpp",2244,2245,"    const int paintDeviceHeight
        = static_cast<int>( std::floor( paintDevice->height() / viewport()->devicePixelRatio() ) );
    const int paintDeviceWidth
        = static_cast<int>( std::floor( paintDevice->width() / viewport()->devicePixelRatio() ) );

    const QPalette& palette = viewport()->palette();
",""
"Variable:src/ui/src/abstractlogview.cpp:normalBulletBrush","normalBulletBrush","src/ui/src/abstractlogview.cpp",2252,2252,"    QColor foreColor, backColor;

    static const QBrush normalBulletBrush = QBrush( Qt::white );
    static const QBrush matchBulletBrush = QBrush( Qt::red );
    static const QBrush markBrush = QBrush( ""dodgerblue"" );
",""
"Variable:src/ui/src/abstractlogview.cpp:matchBulletBrush","matchBulletBrush","src/ui/src/abstractlogview.cpp",2253,2253,"
    static const QBrush normalBulletBrush = QBrush( Qt::white );
    static const QBrush matchBulletBrush = QBrush( Qt::red );
    static const QBrush markBrush = QBrush( ""dodgerblue"" );
    static const QBrush markedMatchBrush = QBrush( ""violet"" );
",""
"Variable:src/ui/src/abstractlogview.cpp:markBrush","markBrush","src/ui/src/abstractlogview.cpp",2254,2254,"    static const QBrush normalBulletBrush = QBrush( Qt::white );
    static const QBrush matchBulletBrush = QBrush( Qt::red );
    static const QBrush markBrush = QBrush( ""dodgerblue"" );
    static const QBrush markedMatchBrush = QBrush( ""violet"" );

",""
"Variable:src/ui/src/abstractlogview.cpp:markedMatchBrush","markedMatchBrush","src/ui/src/abstractlogview.cpp",2255,2255,"    static const QBrush matchBulletBrush = QBrush( Qt::red );
    static const QBrush markBrush = QBrush( ""dodgerblue"" );
    static const QBrush markedMatchBrush = QBrush( ""violet"" );

    static constexpr int SeparatorWidth = 1;
",""
"Variable:src/ui/src/abstractlogview.cpp:SeparatorWidth","SeparatorWidth","src/ui/src/abstractlogview.cpp",2257,2257,"    static const QBrush markedMatchBrush = QBrush( ""violet"" );

    static constexpr int SeparatorWidth = 1;
    static constexpr int BulletAreaWidth = 11;
    static constexpr int ContentMarginWidth = 1;
",""
"Variable:src/ui/src/abstractlogview.cpp:BulletAreaWidth","BulletAreaWidth","src/ui/src/abstractlogview.cpp",2258,2258,"
    static constexpr int SeparatorWidth = 1;
    static constexpr int BulletAreaWidth = 11;
    static constexpr int ContentMarginWidth = 1;
    static constexpr int LineNumberPadding = 3;
",""
"Variable:src/ui/src/abstractlogview.cpp:ContentMarginWidth","ContentMarginWidth","src/ui/src/abstractlogview.cpp",2259,2259,"    static constexpr int SeparatorWidth = 1;
    static constexpr int BulletAreaWidth = 11;
    static constexpr int ContentMarginWidth = 1;
    static constexpr int LineNumberPadding = 3;

",""
"Variable:src/ui/src/abstractlogview.cpp:LineNumberPadding","LineNumberPadding","src/ui/src/abstractlogview.cpp",2260,2260,"    static constexpr int BulletAreaWidth = 11;
    static constexpr int ContentMarginWidth = 1;
    static constexpr int LineNumberPadding = 3;

    // First check the lines to be drawn are within range (might not be the case if
",""
"Variable:src/ui/src/abstractlogview.cpp:linesInFile","linesInFile","src/ui/src/abstractlogview.cpp",2264,2264,"    // First check the lines to be drawn are within range (might not be the case if
    // the file has just changed)
    const auto linesInFile = logData_->getNbLine();

    if ( firstLine_ >= linesInFile )
",""
"Variable:src/ui/src/abstractlogview.cpp:visibleLayout","visibleLayout","src/ui/src/abstractlogview.cpp",2269,2269,"        firstLine_ = LineNumber( linesInFile.get() ? linesInFile.get() - 1 : 0 );

    const auto visibleLayout = visibleLayoutFor( firstLine_, getNbVisibleLines() );
    const auto nbLines = visibleLayout.logicalLines;

",""
"Variable:src/ui/src/abstractlogview.cpp:nbLines","nbLines","src/ui/src/abstractlogview.cpp",2270,2270,"
    const auto visibleLayout = visibleLayoutFor( firstLine_, getNbVisibleLines() );
    const auto nbLines = visibleLayout.logicalLines;

    const int bottomOfTextPx = static_cast<int>( visibleLayout.visualLines.get() ) * fontHeight;
",""
"Variable:src/ui/src/abstractlogview.cpp:bottomOfTextPx","bottomOfTextPx","src/ui/src/abstractlogview.cpp",2272,2272,"    const auto nbLines = visibleLayout.logicalLines;

    const int bottomOfTextPx = static_cast<int>( visibleLayout.visualLines.get() ) * fontHeight;

    LOG_DEBUG << ""drawing lines from "" << firstLine_ << "" ("" << nbLines << "" lines)"";
",""
"Variable:src/ui/src/abstractlogview.cpp:contentStartPosX","contentStartPosX","src/ui/src/abstractlogview.cpp",2286,2286,"
    // Column at which the content should start (pixels)
    int contentStartPosX = BulletAreaWidth + SeparatorWidth;

    // This is also the bullet zone width, used for marking clicks
",""
"Variable:src/ui/src/abstractlogview.cpp:nbDigitsInLineNumber","nbDigitsInLineNumber","src/ui/src/abstractlogview.cpp",2292,2292,"
    // Update the length of line numbers
    const int nbDigitsInLineNumber = countDigits( maxDisplayLineNumber().get() );

    // Draw the line numbers area
",""
"Variable:src/ui/src/abstractlogview.cpp:lineNumberAreaStartX","lineNumberAreaStartX","src/ui/src/abstractlogview.cpp",2295,2295,"
    // Draw the line numbers area
    int lineNumberAreaStartX = 0;
    if ( lineNumbersVisible_ ) {
        const auto lineNumberWidth = charWidth_ * nbDigitsInLineNumber;
",""
"Variable:src/ui/src/abstractlogview.cpp:lineNumberWidth","lineNumberWidth","src/ui/src/abstractlogview.cpp",2297,2297,"    int lineNumberAreaStartX = 0;
    if ( lineNumbersVisible_ ) {
        const auto lineNumberWidth = charWidth_ * nbDigitsInLineNumber;
        const auto lineNumberAreaWidth = 2 * LineNumberPadding + lineNumberWidth;
        lineNumberAreaStartX = contentStartPosX;
",""
"Variable:src/ui/src/abstractlogview.cpp:lineNumberAreaWidth","lineNumberAreaWidth","src/ui/src/abstractlogview.cpp",2298,2298,"    if ( lineNumbersVisible_ ) {
        const auto lineNumberWidth = charWidth_ * nbDigitsInLineNumber;
        const auto lineNumberAreaWidth = 2 * LineNumberPadding + lineNumberWidth;
        lineNumberAreaStartX = contentStartPosX;

",""
"Variable:src/ui/src/abstractlogview.cpp:searchStartIndex","searchStartIndex","src/ui/src/abstractlogview.cpp",2324,2324,"    leftMarginPx_ = contentStartPosX + SeparatorWidth;

    const auto searchStartIndex = lineIndex( searchStart_ );
    const auto searchEndIndex = [ this ] {
        auto index = lineIndex( searchEnd_ );
",""
"Variable:src/ui/src/abstractlogview.cpp:searchEndIndex","searchEndIndex","src/ui/src/abstractlogview.cpp",2325,2334,"
    const auto searchStartIndex = lineIndex( searchStart_ );
    const auto searchEndIndex = [ this ] {
        auto index = lineIndex( searchEnd_ );
        if ( searchEnd_ + 1_lcount != displayLineNumber( index ) ) {
            // in filtered view lineIndex for ""past the end"" returns last line
            // it should not be marked as excluded
            index = index + 1_lcount;
        }

        return index;
    }();

    // Lines to write
",""
"Variable:src/ui/src/abstractlogview.cpp:index","index","src/ui/src/abstractlogview.cpp",2326,2326,"    const auto searchStartIndex = lineIndex( searchStart_ );
    const auto searchEndIndex = [ this ] {
        auto index = lineIndex( searchEnd_ );
        if ( searchEnd_ + 1_lcount != displayLineNumber( index ) ) {
            // in filtered view lineIndex for ""past the end"" returns last line
",""
"Variable:src/ui/src/abstractlogview.cpp:logLines","logLines","src/ui/src/abstractlogview.cpp",2337,2337,"
    // Lines to write
    const auto logLines = logData_->getLines( firstLine_, nbLines );

    const auto highlightPatternMatches = Configuration::get().mainSearchHighlight();
",""
"Variable:src/ui/src/abstractlogview.cpp:highlightPatternMatches","highlightPatternMatches","src/ui/src/abstractlogview.cpp",2339,2339,"    const auto logLines = logData_->getLines( firstLine_, nbLines );

    const auto highlightPatternMatches = Configuration::get().mainSearchHighlight();
    const auto variateHighlightPatternMatches = Configuration::get().variateMainSearchHighlight();

",""
"Variable:src/ui/src/abstractlogview.cpp:variateHighlightPatternMatches","variateHighlightPatternMatches","src/ui/src/abstractlogview.cpp",2340,2340,"
    const auto highlightPatternMatches = Configuration::get().mainSearchHighlight();
    const auto variateHighlightPatternMatches = Configuration::get().variateMainSearchHighlight();

    std::optional<Highlighter> patternHighlight;
",""
"Variable:src/ui/src/abstractlogview.cpp:mainSearchBackColor","mainSearchBackColor","src/ui/src/abstractlogview.cpp",2345,2345,"    if ( highlightPatternMatches && !searchPattern_.isBoolean && !searchPattern_.isExclude
         && !searchPattern_.pattern.isEmpty() ) {
        const auto mainSearchBackColor = Configuration::get().mainSearchBackColor();
        patternHighlight = Highlighter{};
        patternHighlight->setHighlightOnlyMatch( true );
",""
"Variable:src/ui/src/abstractlogview.cpp:quickHighlighterIndex","quickHighlighterIndex","src/ui/src/abstractlogview.cpp",2359,2359,"    klogg::vector<Highlighter> additionalHighlighters;
    for ( auto i = 0u; i < quickHighlighters_.size(); ++i ) {
        const auto quickHighlighterIndex = static_cast<int>( i );
        if ( quickHighlighterIndex >= quickHighlighters.size() ) {
            LOG_WARNING << ""Not enough quickHighlighters configured"";
",""
"Variable:src/ui/src/abstractlogview.cpp:quickHighlighter","quickHighlighter","src/ui/src/abstractlogview.cpp",2365,2365,"        }

        const auto quickHighlighter = quickHighlighters.at( quickHighlighterIndex );

        std::transform( quickHighlighters_[ i ].begin(), quickHighlighters_[ i ].end(),
",""
"Variable:src/ui/src/abstractlogview.cpp:h","h","src/ui/src/abstractlogview.cpp",2370,2371,"                        std::back_inserter( additionalHighlighters ),
                        [ quickHighlighter ]( const QString& word ) {
                            Highlighter h{ word, false, true, quickHighlighter.color.foreColor,
                                           quickHighlighter.color.backColor };
                            h.setUseRegex( false );
                            return h;
",""
"Variable:src/ui/src/abstractlogview.cpp:currentLine","currentLine","src/ui/src/abstractlogview.cpp",2381,2381,"    wrappedLinesInfo_.clear();
    klogg::vector<std::pair<QColor, QColor>> highlightColors;
    for ( auto currentLine = 0_lcount; currentLine < nbLines; ++currentLine ) {
        const auto lineNumber = firstLine_ + currentLine;
        QString logLine = logLines[ currentLine.get() ];
",""
"Variable:src/ui/src/abstractlogview.cpp:logLine","logLine","src/ui/src/abstractlogview.cpp",2383,2383,"    for ( auto currentLine = 0_lcount; currentLine < nbLines; ++currentLine ) {
        const auto lineNumber = firstLine_ + currentLine;
        QString logLine = logLines[ currentLine.get() ];

        const int xPos = contentStartPosX + ContentMarginWidth;
",""
"Variable:src/ui/src/abstractlogview.cpp:highlightType","highlightType","src/ui/src/abstractlogview.cpp",2403,2403,"            }
            else {
                const auto highlightType = highlighterSet.matchLine( logLine, highlighterMatches );

                if ( highlightType == HighlighterMatchType::LineMatch ) {
",""
"Variable:src/ui/src/abstractlogview.cpp:untabifyHighlight","untabifyHighlight","src/ui/src/abstractlogview.cpp",2426,2449,"        }

        const auto untabifyHighlight = [ &logLine ]( const auto& match ) {
            const auto prefix = QStringView{ logLine }.left( match.startColumn().get() );
            const auto matchPart
                = QStringView{ logLine }.mid( match.startColumn().get(), match.size().get() );
            const auto expandedPrefixLength = untabify( prefix.toString() ).size();
            const LineLength startDelta
                = LineLength{ type_safe::narrow_cast<LineLength::UnderlyingType>(
                    expandedPrefixLength - prefix.size() ) };

            const LineLength expandedMatchLength = LineLength{
                untabify( matchPart.toString(),
                          LineColumn{ type_safe::narrow_cast<LineColumn::UnderlyingType>(
                              expandedPrefixLength ) } )
                    .size()
            };

            const auto lengthDelta
                = expandedMatchLength
                  - LineLength{ type_safe::narrow_cast<LineLength::UnderlyingType>(
                      matchPart.size() ) };

            return HighlightedMatch{ match.startColumn() + startDelta, match.size() + lengthDelta,
                                     match.foreColor(), match.backColor() };
        };

        klogg::vector<HighlightedMatch> sortedHighlights = highlighterMatches.matches();
",""
"Variable:src/ui/src/abstractlogview.cpp:prefix","prefix","src/ui/src/abstractlogview.cpp",2427,2427,"
        const auto untabifyHighlight = [ &logLine ]( const auto& match ) {
            const auto prefix = QStringView{ logLine }.left( match.startColumn().get() );
            const auto matchPart
                = QStringView{ logLine }.mid( match.startColumn().get(), match.size().get() );
",""
"Variable:src/ui/src/abstractlogview.cpp:matchPart","matchPart","src/ui/src/abstractlogview.cpp",2428,2429,"        const auto untabifyHighlight = [ &logLine ]( const auto& match ) {
            const auto prefix = QStringView{ logLine }.left( match.startColumn().get() );
            const auto matchPart
                = QStringView{ logLine }.mid( match.startColumn().get(), match.size().get() );
            const auto expandedPrefixLength = untabify( prefix.toString() ).size();
            const LineLength startDelta
",""
"Variable:src/ui/src/abstractlogview.cpp:expandedPrefixLength","expandedPrefixLength","src/ui/src/abstractlogview.cpp",2430,2430,"            const auto matchPart
                = QStringView{ logLine }.mid( match.startColumn().get(), match.size().get() );
            const auto expandedPrefixLength = untabify( prefix.toString() ).size();
            const LineLength startDelta
                = LineLength{ type_safe::narrow_cast<LineLength::UnderlyingType>(
",""
"Variable:src/ui/src/abstractlogview.cpp:startDelta","startDelta","src/ui/src/abstractlogview.cpp",2431,2433,"                = QStringView{ logLine }.mid( match.startColumn().get(), match.size().get() );
            const auto expandedPrefixLength = untabify( prefix.toString() ).size();
            const LineLength startDelta
                = LineLength{ type_safe::narrow_cast<LineLength::UnderlyingType>(
                    expandedPrefixLength - prefix.size() ) };

            const LineLength expandedMatchLength = LineLength{
",""
"Variable:src/ui/src/abstractlogview.cpp:expandedMatchLength","expandedMatchLength","src/ui/src/abstractlogview.cpp",2435,2440,"                    expandedPrefixLength - prefix.size() ) };

            const LineLength expandedMatchLength = LineLength{
                untabify( matchPart.toString(),
                          LineColumn{ type_safe::narrow_cast<LineColumn::UnderlyingType>(
                              expandedPrefixLength ) } )
                    .size()
            };

            const auto lengthDelta
",""
"Variable:src/ui/src/abstractlogview.cpp:lengthDelta","lengthDelta","src/ui/src/abstractlogview.cpp",2442,2445,"            };

            const auto lengthDelta
                = expandedMatchLength
                  - LineLength{ type_safe::narrow_cast<LineLength::UnderlyingType>(
                      matchPart.size() ) };

            return HighlightedMatch{ match.startColumn() + startDelta, match.size() + lengthDelta,
",""
"Variable:src/ui/src/abstractlogview.cpp:sortedHighlights","sortedHighlights","src/ui/src/abstractlogview.cpp",2451,2451,"        };

        klogg::vector<HighlightedMatch> sortedHighlights = highlighterMatches.matches();
        std::transform( sortedHighlights.begin(), sortedHighlights.end(), sortedHighlights.begin(),
                        untabifyHighlight );
",""
"Variable:src/ui/src/abstractlogview.cpp:allHighlights","allHighlights","src/ui/src/abstractlogview.cpp",2455,2455,"                        untabifyHighlight );

        HighlightedMatchRanges allHighlights{ std::move( sortedHighlights ) };

        // string to print, cut to fit the length and position of the view
",""
"Variable:src/ui/src/abstractlogview.cpp:selectionPortion","selectionPortion","src/ui/src/abstractlogview.cpp",2466,2466,"
        // Is there something selected in the line?
        const auto selectionPortion = selection_.getPortionForLine( lineNumber );
        if ( selectionPortion.isValid() ) {
            allHighlights.addMatch( HighlightedMatch{ selectionPortion.startColumn(),
",""
"Variable:src/ui/src/abstractlogview.cpp:wrappedLineLength","wrappedLineLength","src/ui/src/abstractlogview.cpp",2474,2475,"        }

        const auto wrappedLineLength
            = useTextWrap_ ? nbVisibleCols : LineLength{ klogg::isize( expandedLine ) + 1 };
        const WrappedString wrappedLineView{ expandedLine, wrappedLineLength };
        const auto finalLineHeight
",""
"Variable:src/ui/src/abstractlogview.cpp:wrappedLineView","wrappedLineView","src/ui/src/abstractlogview.cpp",2476,2476,"        const auto wrappedLineLength
            = useTextWrap_ ? nbVisibleCols : LineLength{ klogg::isize( expandedLine ) + 1 };
        const WrappedString wrappedLineView{ expandedLine, wrappedLineLength };
        const auto finalLineHeight
            = fontHeight * static_cast<int>( wrappedLineView.wrappedLinesCount() );
",""
"Variable:src/ui/src/abstractlogview.cpp:finalLineHeight","finalLineHeight","src/ui/src/abstractlogview.cpp",2477,2478,"            = useTextWrap_ ? nbVisibleCols : LineLength{ klogg::isize( expandedLine ) + 1 };
        const WrappedString wrappedLineView{ expandedLine, wrappedLineLength };
        const auto finalLineHeight
            = fontHeight * static_cast<int>( wrappedLineView.wrappedLinesCount() );
        // LOG_INFO << ""Draw line "" << lineNumber << "": "" << expandedLine;

",""
"Variable:src/ui/src/abstractlogview.cpp:firstVisibleColumn","firstVisibleColumn","src/ui/src/abstractlogview.cpp",2485,2486,"
        LineDrawer lineDrawer( backColor );
        const auto firstVisibleColumn = std::clamp( useTextWrap_ ? 0_lcol : firstCol_, 0_lcol,
                                                    LineColumn{ klogg::isize( expandedLine ) } );
        const auto lastVisibleColumn
            = useTextWrap_ ? LineColumn{ klogg::isize( expandedLine ) } : firstCol_ + nbVisibleCols;
",""
"Variable:src/ui/src/abstractlogview.cpp:lastVisibleColumn","lastVisibleColumn","src/ui/src/abstractlogview.cpp",2487,2488,"        const auto firstVisibleColumn = std::clamp( useTextWrap_ ? 0_lcol : firstCol_, 0_lcol,
                                                    LineColumn{ klogg::isize( expandedLine ) } );
        const auto lastVisibleColumn
            = useTextWrap_ ? LineColumn{ klogg::isize( expandedLine ) } : firstCol_ + nbVisibleCols;
        allHighlights.clamp( firstVisibleColumn, lastVisibleColumn );

",""
"Variable:src/ui/src/abstractlogview.cpp:matchStart","matchStart","src/ui/src/abstractlogview.cpp",2500,2500,"
            for ( const auto& match : allHighlights.matches() ) {
                const auto matchStart = match.startColumn();

                // a part between two highlight regions
",""
"Variable:src/ui/src/abstractlogview.cpp:matchEnd","matchEnd","src/ui/src/abstractlogview.cpp",2508,2508,"                }

                const auto matchEnd = match.endColumn();
                auto matchLengthInString = match.size();
                if ( matchEnd >= LineColumn{ expandedLine.size() } ) {
",""
"Variable:src/ui/src/abstractlogview.cpp:matchLengthInString","matchLengthInString","src/ui/src/abstractlogview.cpp",2509,2509,"
                const auto matchEnd = match.endColumn();
                auto matchLengthInString = match.size();
                if ( matchEnd >= LineColumn{ expandedLine.size() } ) {
                    matchLengthInString
",""
"Variable:src/ui/src/abstractlogview.cpp:lastHighlightColumn","lastHighlightColumn","src/ui/src/abstractlogview.cpp",2521,2521,"
            // last part without highlight
            const auto lastHighlightColumn = allHighlights.back().endColumn();
            if ( lastHighlightColumn < lastVisibleColumn ) {
                lineDrawer.addChunk( lastHighlightColumn + 1_length, lastVisibleColumn, foreColor,
",""
"Variable:src/ui/src/abstractlogview.cpp:selectionPen","selectionPen","src/ui/src/abstractlogview.cpp",2541,2541,"        if ( ( selection_.isLineSelected( lineNumber ) && selection_.isSingleLine() )
             || selection_.getPortionForLine( lineNumber ).isValid() ) {
            auto selectionPen = QPen( palette.color( QPalette::Highlight ) );
            selectionPen.setWidth( 1 );
            painter->setPen( selectionPen );
",""
"Variable:src/ui/src/abstractlogview.cpp:circleSize","circleSize","src/ui/src/abstractlogview.cpp",2551,2551,"        // Then draw the bullet
        painter->setPen( Qt::black );
        const int circleSize = 3;
        const int arrowHeight = 4;
        const int middleXLine = BulletAreaWidth / 2;
",""
"Variable:src/ui/src/abstractlogview.cpp:arrowHeight","arrowHeight","src/ui/src/abstractlogview.cpp",2552,2552,"        painter->setPen( Qt::black );
        const int circleSize = 3;
        const int arrowHeight = 4;
        const int middleXLine = BulletAreaWidth / 2;
        const int middleYLine = yPos + ( fontHeight / 2 );
",""
"Variable:src/ui/src/abstractlogview.cpp:middleXLine","middleXLine","src/ui/src/abstractlogview.cpp",2553,2553,"        const int circleSize = 3;
        const int arrowHeight = 4;
        const int middleXLine = BulletAreaWidth / 2;
        const int middleYLine = yPos + ( fontHeight / 2 );

",""
"Variable:src/ui/src/abstractlogview.cpp:middleYLine","middleYLine","src/ui/src/abstractlogview.cpp",2554,2554,"        const int arrowHeight = 4;
        const int middleXLine = BulletAreaWidth / 2;
        const int middleYLine = yPos + ( fontHeight / 2 );

        using LineTypeFlags = AbstractLogData::LineTypeFlags;
",""
"Variable:src/ui/src/abstractlogview.cpp:brush","brush","src/ui/src/abstractlogview.cpp",2578,2578,"            painter->setRenderHint( QPainter::Antialiasing );

            QBrush brush = normalBulletBrush;
            if ( currentLineType.testFlag( LineTypeFlags::Match ) )
                brush = matchBulletBrush;
",""
"Variable:src/ui/src/abstractlogview.cpp:lineNumberFormat","lineNumberFormat","src/ui/src/abstractlogview.cpp",2588,2588,"        // Draw the line number
        if ( lineNumbersVisible_ ) {
            static const QString lineNumberFormat( ""%1"" );
            const QString& lineNumberStr = lineNumberFormat.arg(
                displayLineNumber( lineNumber ).get(), nbDigitsInLineNumber );
",""
"Variable:src/ui/src/abstractlogview.cpp:wrapped","wrapped","src/ui/src/abstractlogview.cpp",2612,2612,"    }

    const WrappedString wrapped{ logData_->getExpandedLineString( line ), getNbVisibleCols() };
    return LinesCount(
        type_safe::narrow_cast<LinesCount::UnderlyingType>( wrapped.wrappedLinesCount() ) );
",""
"Variable:src/ui/src/abstractlogview.cpp:remainingLines","remainingLines","src/ui/src/abstractlogview.cpp",2625,2625,"    const auto totalLines = logData_->getNbLine();
    auto currentLine = startLine;
    LinesCount remainingLines = logicalLines;
    LinesCount visualRows;

",""
"Variable:src/ui/src/abstractlogview.cpp:barWidth","barWidth","src/ui/src/abstractlogview.cpp",2662,2662,"QPixmap AbstractLogView::drawPullToFollowBar( int width, qreal pixelRatio )
{
    static constexpr int barWidth = 40;
    QPixmap pixmap( static_cast<int>( width * pixelRatio ), static_cast<int>( barWidth * 6.0 ) );
    pixmap.setDevicePixelRatio( pixelRatio );
",""
"Variable:src/ui/src/abstractlogview.cpp:nbBars","nbBars","src/ui/src/abstractlogview.cpp",2666,2666,"    pixmap.setDevicePixelRatio( pixelRatio );
    pixmap.fill( this->palette().color( this->backgroundRole() ) );
    const int nbBars = width / ( barWidth * 2 ) + 1;

    QPainter painter( &pixmap );
",""
"Variable:src/ui/src/abstractlogview.cpp:addColorLabel","addColorLabel","src/ui/src/abstractlogview.cpp",2692,2692,"{
    if ( action->data().isValid() ) {
        Q_EMIT addColorLabel( static_cast<size_t>( action->data().toInt() ) );
    }
    else {
",""
"Variable:src/ui/include/wrappedstring.h:stringToWrap","stringToWrap","src/ui/include/wrappedstring.h",47,47,"            WrappedStringPart lineToWrap( longLine );
            while ( lineToWrap.size() > visibleColumns.get() ) {
                WrappedStringPart stringToWrap = lineToWrap.left( visibleColumns.get() );
                auto lastSpaceIt = std::find_if( stringToWrap.rbegin(), stringToWrap.rend(),
                                                 []( QChar c ) { return c.isSpace(); } );
",""
"Variable:src/ui/include/wrappedstring.h:lastSpaceIt","lastSpaceIt","src/ui/include/wrappedstring.h",48,49,"            while ( lineToWrap.size() > visibleColumns.get() ) {
                WrappedStringPart stringToWrap = lineToWrap.left( visibleColumns.get() );
                auto lastSpaceIt = std::find_if( stringToWrap.rbegin(), stringToWrap.rend(),
                                                 []( QChar c ) { return c.isSpace(); } );
                if ( lastSpaceIt == stringToWrap.rend() ) {
                    wrappedLines_.push_back( lineToWrap.left( visibleColumns.get() ) );
",""
"Variable:src/ui/include/wrappedstring.h:spacePos","spacePos","src/ui/include/wrappedstring.h",55,55,"                }
                else {
                    auto spacePos = std::distance( stringToWrap.begin(), lastSpaceIt.base() );
                    wrappedLines_.push_back( lineToWrap.left( spacePos ) );
                    lineToWrap = lineToWrap.mid( spacePos );
",""
"Variable:src/ui/include/wrappedstring.h:getLength","getLength","src/ui/include/wrappedstring.h",73,75,"    klogg::vector<WrappedStringPart> mid( LineColumn start, LineLength length ) const
    {
        auto getLength = []( const auto& view ) -> LineLength::UnderlyingType {
            return type_safe::narrow_cast<LineLength::UnderlyingType>( view.size() );
        };

        klogg::vector<WrappedStringPart> resultChunks;
",""
"Variable:src/ui/include/wrappedstring.h:len","len","src/ui/include/wrappedstring.h",80,80,"        if ( wrappedLines_.size() == 1 ) {
            auto& wrappedLine = wrappedLines_.front();
            auto len = std::min( length.get(), getLength( wrappedLine ) - start.get() );
            resultChunks.push_back( wrappedLine.mid( start.get(), ( len > 0 ? len : 0 ) ) );
            return resultChunks;
",""
"Variable:src/ui/include/wrappedstring.h:wrappedLineIndex","wrappedLineIndex","src/ui/include/wrappedstring.h",85,85,"        }

        size_t wrappedLineIndex = 0;
        auto positionInWrappedLine = start.get();
        while ( positionInWrappedLine > getLength( wrappedLines_[ wrappedLineIndex ] ) ) {
",""
"Variable:src/ui/include/wrappedstring.h:positionInWrappedLine","positionInWrappedLine","src/ui/include/wrappedstring.h",86,86,"
        size_t wrappedLineIndex = 0;
        auto positionInWrappedLine = start.get();
        while ( positionInWrappedLine > getLength( wrappedLines_[ wrappedLineIndex ] ) ) {
            positionInWrappedLine -= getLength( wrappedLines_[ wrappedLineIndex ] );
",""
"Variable:src/ui/include/wrappedstring.h:chunkLength","chunkLength","src/ui/include/wrappedstring.h",95,95,"        }

        auto chunkLength = length.get();
        while ( positionInWrappedLine + chunkLength
                > getLength( wrappedLines_[ wrappedLineIndex ] ) ) {
",""
"Variable:src/ui/include/viewtools.h:hooked","hooked","src/ui/include/viewtools.h",65,65,"        if ( !allow ) {
            hooked_ = false;
            Q_EMIT hooked( false );
        }
    }
",""
"Variable:src/ui/include/tabbedcrawlerwidget.h:index","index","src/ui/include/tabbedcrawlerwidget.h",62,62,"    int addCrawler( T* crawler, const QString& fileName )
    {
        const auto index = QTabWidget::addTab( crawler, QString{} );

        connect( crawler, &T::dataStatusChanged, this, [ this, fileName ]( DataStatus status ) {
",""
"Variable:src/ui/include/tabbedcrawlerwidget.h:tabsCount","tabsCount","src/ui/include/tabbedcrawlerwidget.h",65,65,"
        connect( crawler, &T::dataStatusChanged, this, [ this, fileName ]( DataStatus status ) {
            const auto tabsCount = count();
            for ( int i = 0; i < tabsCount; ++i ) {
                if ( tabPathAt( i ) == fileName ) {
",""
"Variable:src/ui/include/tabbedcrawlerwidget.h:i","i","src/ui/include/tabbedcrawlerwidget.h",66,66,"        connect( crawler, &T::dataStatusChanged, this, [ this, fileName ]( DataStatus status ) {
            const auto tabsCount = count();
            for ( int i = 0; i < tabsCount; ++i ) {
                if ( tabPathAt( i ) == fileName ) {
                    setTabDataStatus( i, status );
",""
"Variable:src/ui/include/sessioninfo.h:window","window","src/ui/include/sessioninfo.h",107,109,"    {
        if ( windows_.size() > 1 ) {
            auto window
                = std::find_if( windows_.begin(), windows_.end(),
                                [ &windowId ]( const auto& w ) { return w.id == windowId; } );
            if ( window != windows_.end() ) {
                windows_.erase( window );
",""
"Variable:src/ui/include/session.h:it","it","src/ui/include/session.h",169,169,"    void close( const ViewInterface* view )
    {
        auto it = std::find( openedFiles_.begin(), openedFiles_.end(), getFilename( view ) );
        if (it != openedFiles_.end()) {
            openedFiles_.erase(it);
",""
"Variable:src/ui/include/qfnotifications.h:fm","fm","src/ui/include/qfnotifications.h",43,43,"    static int maxWidth( const QWidget* widget )
    {
        QFontMetrics fm = widget->fontMetrics();
        return qMax( fm.size( Qt::TextSingleLine, REACHED_BOF ).width(),
                     fm.size( Qt::TextSingleLine, REACHED_EOF ).width() );
",""
"Variable:src/ui/include/highlightedmatch.h:matchIt","matchIt","src/ui/include/highlightedmatch.h",141,141,"    void addMatch( HighlightedMatch newMatch )
    {
        for ( auto matchIt = matches_.begin(); matchIt != matches_.end(); ++matchIt ) {
            HighlightedMatch& m = *matchIt;
            const LineColumn oldMatchL = m.startColumn();
",""
"Variable:src/ui/include/highlightedmatch.h:oldMatchL","oldMatchL","src/ui/include/highlightedmatch.h",143,143,"        for ( auto matchIt = matches_.begin(); matchIt != matches_.end(); ++matchIt ) {
            HighlightedMatch& m = *matchIt;
            const LineColumn oldMatchL = m.startColumn();
            const LineColumn oldMatchR = m.endColumn();
            const LineColumn newMatchL = newMatch.startColumn();
",""
"Variable:src/ui/include/highlightedmatch.h:oldMatchR","oldMatchR","src/ui/include/highlightedmatch.h",144,144,"            HighlightedMatch& m = *matchIt;
            const LineColumn oldMatchL = m.startColumn();
            const LineColumn oldMatchR = m.endColumn();
            const LineColumn newMatchL = newMatch.startColumn();
            const LineColumn newMatchR = newMatch.endColumn();
",""
"Variable:src/ui/include/highlightedmatch.h:newMatchL","newMatchL","src/ui/include/highlightedmatch.h",145,145,"            const LineColumn oldMatchL = m.startColumn();
            const LineColumn oldMatchR = m.endColumn();
            const LineColumn newMatchL = newMatch.startColumn();
            const LineColumn newMatchR = newMatch.endColumn();

",""
"Variable:src/ui/include/highlightedmatch.h:newMatchR","newMatchR","src/ui/include/highlightedmatch.h",146,146,"            const LineColumn oldMatchR = m.endColumn();
            const LineColumn newMatchL = newMatch.startColumn();
            const LineColumn newMatchR = newMatch.endColumn();

            if ( oldMatchR < newMatchL ) {
",""
"Variable:src/ui/include/highlightedmatch.h:tailMatch","tailMatch","src/ui/include/highlightedmatch.h",161,162,"                                      m.backColor() };

                HighlightedMatch tailMatch{ newMatchR + 1_length, oldMatchR - newMatchR,
                                            m.foreColor(), m.backColor() };
                matches_.insert( std::next( matchIt ), tailMatch );
                break;
",""
"Variable:src/ui/include/highlightedmatch.h:insertPos","insertPos","src/ui/include/highlightedmatch.h",182,186,"            matches_.end() );

        auto insertPos
            = std::lower_bound( matches_.begin(), matches_.end(), newMatch,
                                []( const HighlightedMatch& lhs, const HighlightedMatch& rhs ) {
                                    return lhs.startColumn() < rhs.startColumn();
                                } );
        matches_.insert( insertPos, newMatch );
    }
",""
"Variable:src/ui/include/fontutils.h:families","families","src/ui/include/fontutils.h",39,39,"#if QT_VERSION < QT_VERSION_CHECK( 6, 0, 0 )
        QFontDatabase database;
        const auto families = database.families();
        for ( const auto& family : families ) {
            if ( database.isFixedPitch( family ) )
",""
"Variable:src/ui/include/fontutils.h:sizes","sizes","src/ui/include/fontutils.h",58,58,"    {
#if QT_VERSION < QT_VERSION_CHECK( 6, 0, 0 )
        auto sizes = QFontDatabase().pointSizes( family, """" );
#else
        auto sizes = QFontDatabase::pointSizes( family, """" );
",""
"Variable:src/ui/include/fontutils.h:additionalSizes","additionalSizes","src/ui/include/fontutils.h",67,67,"        }

        std::vector<int> additionalSizes( 10 );
        std::iota( additionalSizes.begin(), additionalSizes.end(), 10 );
        for ( int size : additionalSizes ) {
",""
"Variable:src/ui/include/encodings.h:supportedEncodings","supportedEncodings","src/ui/include/encodings.h",47,47,"    static QMenu* generate( QActionGroup* actionGroup )
    {
        const auto supportedEncodings = EncodingMenu::supportedEncodings();
        const auto defaultEncodingMib = Configuration::get().defaultEncodingMib();

",""
"Variable:src/ui/include/encodings.h:defaultEncodingMib","defaultEncodingMib","src/ui/include/encodings.h",48,48,"    {
        const auto supportedEncodings = EncodingMenu::supportedEncodings();
        const auto defaultEncodingMib = Configuration::get().defaultEncodingMib();

        using namespace klogg::mainwindow;
",""
"Variable:src/ui/include/encodings.h:autoEncoding","autoEncoding","src/ui/include/encodings.h",54,55,"            QApplication::translate( ""klogg::mainwindow::menu"", menu::encodingTitle ) );

        auto autoEncoding = encodingsMenu->addAction(
            QApplication::translate( ""klogg::mainwindow::action"", action::autoEncodingText ) );
        autoEncoding->setStatusTip(
            QApplication::translate( ""klogg::mainwindow::action"", action::autoEncodingStatusTip ) );
",""
"Variable:src/ui/include/encodings.h:systemCodePage","systemCodePage","src/ui/include/encodings.h",67,67,"
#ifdef Q_OS_WIN
        auto systemCodePage = ::GetACP();
        systemCodec
            = QTextCodec::codecForName( QString( ""CP%1"" ).arg( systemCodePage ).toLatin1() );
",""
"Variable:src/ui/include/encodings.h:systemEncodingName","systemEncodingName","src/ui/include/encodings.h",75,76,"        }

        auto systemEncodingName
            = QApplication::tr( ""System (%1)"" ).arg( systemCodec->name().constData() );

        auto systemEncoding = encodingsMenu->addAction( systemEncodingName );
",""
"Variable:src/ui/include/encodings.h:systemEncoding","systemEncoding","src/ui/include/encodings.h",78,78,"            = QApplication::tr( ""System (%1)"" ).arg( systemCodec->name().constData() );

        auto systemEncoding = encodingsMenu->addAction( systemEncodingName );
        systemEncoding->setCheckable( true );
        systemEncoding->setActionGroup( actionGroup );
",""
"Variable:src/ui/include/encodings.h:menu","menu","src/ui/include/encodings.h",86,86,"
        for ( const auto& group : supportedEncodings ) {
            auto menu = encodingsMenu->addMenu( group.first );
            for ( const auto mib : group.second ) {
                auto codec = QTextCodec::codecForMib( mib );
",""
"Variable:src/ui/include/encodings.h:codec","codec","src/ui/include/encodings.h",88,88,"            auto menu = encodingsMenu->addMenu( group.first );
            for ( const auto mib : group.second ) {
                auto codec = QTextCodec::codecForMib( mib );
                if ( codec ) {
                    auto action = menu->addAction( QString::fromLatin1( codec->name() ) );
",""
"Variable:src/ui/include/encodings.h:action","action","src/ui/include/encodings.h",90,90,"                auto codec = QTextCodec::codecForMib( mib );
                if ( codec ) {
                    auto action = menu->addAction( QString::fromLatin1( codec->name() ) );
                    action->setActionGroup( actionGroup );
                    action->setData( mib );
",""
"Variable:src/settings/src/styles.cpp:removedStyles","removedStyles","src/settings/src/styles.cpp",39,42,"#endif

    auto removedStyles = std::remove_if( styles.begin(), styles.end(), []( const QString& style ) {
        return style.startsWith( Gtk2Key, Qt::CaseInsensitive )
               || style.startsWith( Bb10Key, Qt::CaseInsensitive );
    } );

    styles.erase( removedStyles, styles.end() );
",""
"Variable:src/settings/src/styles.cpp:palette","palette","src/settings/src/styles.cpp",75,75,"
    if ( style == DarkStyleKey || style == DarkWindowsStyleKey ) {
        const auto palette = Configuration::get().darkPalette();

        QPalette darkPalette;
",""
"Variable:src/settings/src/shortcuts.cpp:bindings","bindings","src/settings/src/shortcuts.cpp",29,29,"QStringList getKeyBindings( QKeySequence::StandardKey standardKey )
{
    auto bindings = QKeySequence::keyBindings( standardKey );
    QStringList stringBindings;
    std::transform( bindings.cbegin(), bindings.cend(), std::back_inserter( stringBindings ),
",""
"Variable:src/settings/src/shortcuts.cpp:actionShortcuts","actionShortcuts","src/settings/src/shortcuts.cpp",40,40,"{
    const auto& shortcuts = defaultShortcutList();
    const auto actionShortcuts = shortcuts.find( action );
    return actionShortcuts != shortcuts.end() ? actionShortcuts->second.keySequence : QStringList{};
}
",""
"Variable:src/settings/src/shortcuts.cpp:keysConfiguration","keysConfiguration","src/settings/src/shortcuts.cpp",50,50,"                                       const std::function<void()>& func )
{
    const auto keysConfiguration = configuredShortcuts.find( action );
    const auto keys = keysConfiguration != configuredShortcuts.end()
                          ? keysConfiguration->second
",""
"Variable:src/settings/src/shortcuts.cpp:keys","keys","src/settings/src/shortcuts.cpp",51,53,"{
    const auto keysConfiguration = configuredShortcuts.find( action );
    const auto keys = keysConfiguration != configuredShortcuts.end()
                          ? keysConfiguration->second
                          : ShortcutAction::defaultShortcutKeys( action );

    for ( const auto& key : keys ) {
",""
"Variable:src/settings/src/shortcuts.cpp:shortcut","shortcut","src/settings/src/shortcuts.cpp",60,60,"        }

        auto shortcut = shortcutsStorage.extract( key );
        if ( shortcut ) {
            shortcut.mapped()->deleteLater();
",""
"Variable:src/settings/src/shortcuts.cpp:newShortcut","newShortcut","src/settings/src/shortcuts.cpp",74,74,"                                       const std::function<void()>& func )
{
    auto newShortcut = new QShortcut( QKeySequence( key ), shortcutsParent );
    newShortcut->setContext( context );
    newShortcut->connect( newShortcut, &QShortcut::activated, shortcutsParent,
",""
"Variable:src/settings/src/shortcuts.cpp:defaultShortcutKeys","defaultShortcutKeys","src/settings/src/shortcuts.cpp",98,655,"const ShortcutAction::ShortcutList& ShortcutAction::defaultShortcutList()
{
    static ShortcutList defaultShortcutKeys = {
        {
            MainWindowNewWindow,
            {
                QApplication::tr( ""Open new window"" ),
                QStringList{},
            },
        },
        {
            MainWindowOpenFile,
            {
                QApplication::tr( ""Open file"" ),
                getKeyBindings( QKeySequence::Open ),
            },
        },
        {
            MainWindowCloseFile,
            {
                QApplication::tr( ""Close file"" ),
                getKeyBindings( QKeySequence::Close ),
            },
        },
        {
            MainWindowCloseAll,
            {
                QApplication::tr( ""Close all files"" ),
                QStringList{},
            },
        },
        {
            MainWindowSelectAll,
            {
                QApplication::tr( ""Select all"" ),
                QStringList{ ""Ctrl+A"" },
            },
        },
        {
            MainWindowCopy,
            {
                QApplication::tr( ""Copy selection to clipboard"" ),
                getKeyBindings( QKeySequence::Copy ),
            },
        },
        {
            MainWindowQuit,
            {
                QApplication::tr( ""Exit application"" ),
                QStringList{ ""Ctrl+Q"" },
            },
        },
        {
            MainWindowFullScreen,
            {
                QApplication::tr( ""Full Screen"" ),
                QStringList{},
            },
        },
        {
            MainWindowMax,
            {
                QApplication::tr( ""Maximize window"" ),
                QStringList{},
            },
        },
        {
            MainWindowMin,
            {
                QApplication::tr( ""Minimize Window"" ),
                QStringList{},
            },
        },
        {
            MainWindowPreference,
            {
                QApplication::tr( ""Preferences"" ),
                QStringList{},
            },
        },
        {
            MainWindowOpenQf,
            {
                QApplication::tr( ""Open quick find"" ),
                getKeyBindings( QKeySequence::Find ),
            },
        },
        {
            MainWindowOpenQfForward,
            {
                QApplication::tr( ""Quick find forward"" ),
                QStringList{ QKeySequence( Qt::Key_Apostrophe ).toString() },
            },
        },
        {
            MainWindowOpenQfBackward,
            {
                QApplication::tr( ""Quick find backward"" ),
                QStringList{ QKeySequence( Qt::Key_QuoteDbl ).toString() },
            },
        },
        {
            MainWindowFocusSearchInput,
            {
                QApplication::tr( ""Set focus to search input"" ),
                QStringList{ { ""Ctrl+S"", ""Ctrl+Shift+F"" } },
            },
        },
        {
            MainWindowClearFile,
            {
                QApplication::tr( ""Clear file"" ),
                QStringList{ getKeyBindings( QKeySequence::Cut ) },
            },
        },
        {
            MainWindowOpenContainingFolder,
            {
                QApplication::tr( ""Open containing folder"" ),
                QStringList{},
            },
        },
        {
            MainWindowOpenInEditor,
            {
                QApplication::tr( ""Open file in editor"" ),
                QStringList{},
            },
        },
        {
            MainWindowCopyPathToClipboard,
            {
                QApplication::tr( ""Copy file path to clipboard"" ),
                QStringList{},
            },
        },
        {
            MainWindowOpenFromClipboard,
            {
                QApplication::tr( ""Paste text from clipboard"" ),
                getKeyBindings( QKeySequence::Paste ),
            },
        },
        {
            MainWindowOpenFromUrl,
            {
                QApplication::tr( ""Open file from URL"" ),
                QStringList{},
            },
        },
        {
            MainWindowFollowFile,
            {
                QApplication::tr( ""Monitor file changes"" ),
                { { QKeySequence( Qt::Key_F ).toString(),
                    QKeySequence( Qt::Key_F10 ).toString() } },
            },
        },
        {
            MainWindowTextWrap,
            {
                QApplication::tr( ""Toggle text wrap"" ),
                QStringList{ QKeySequence( Qt::Key_W ).toString() },
            },
        },
        {
            MainWindowReload,
            {
                QApplication::tr( ""Reload file"" ),
                QStringList{ getKeyBindings( QKeySequence::Refresh ) },
            },
        },
        {
            MainWindowStop,
            {
                QApplication::tr( ""Stop file loading"" ),
        
... [truncated]",""
"Variable:src/settings/src/persistentinfo.cpp:AppSettingsVersion","AppSettingsVersion","src/settings/src/persistentinfo.cpp",52,52,"#include ""persistentinfo.h""

constexpr uint8_t AppSettingsVersion = 1;
constexpr uint8_t SessionSettingsVersion = 2;

",""
"Variable:src/settings/src/persistentinfo.cpp:SessionSettingsVersion","SessionSettingsVersion","src/settings/src/persistentinfo.cpp",53,53,"
constexpr uint8_t AppSettingsVersion = 1;
constexpr uint8_t SessionSettingsVersion = 2;

constexpr const char ApplicationSessionFile[] = ""cilogg"";
",""
"Variable:src/settings/src/persistentinfo.cpp:dirnameLength","dirnameLength","src/settings/src/persistentinfo.cpp",87,87,"    QString executablePath;

    int dirnameLength = 0;
    const auto executablePathLength = wai_getExecutablePath( NULL, 0, &dirnameLength );
    if ( executablePathLength > 0 ) {
",""
"Variable:src/settings/src/persistentinfo.cpp:executablePathLength","executablePathLength","src/settings/src/persistentinfo.cpp",88,88,"
    int dirnameLength = 0;
    const auto executablePathLength = wai_getExecutablePath( NULL, 0, &dirnameLength );
    if ( executablePathLength > 0 ) {
        auto path = std::vector<char>( static_cast<size_t>( executablePathLength ), '\0' );
",""
"Variable:src/settings/src/persistentinfo.cpp:path","path","src/settings/src/persistentinfo.cpp",90,90,"    const auto executablePathLength = wai_getExecutablePath( NULL, 0, &dirnameLength );
    if ( executablePathLength > 0 ) {
        auto path = std::vector<char>( static_cast<size_t>( executablePathLength ), '\0' );
        wai_getExecutablePath( &path[ 0 ], executablePathLength, &dirnameLength );
        executablePath = QString::fromUtf8( path.data(), dirnameLength );
",""
"Variable:src/settings/src/persistentinfo.cpp:portableConfigPath","portableConfigPath","src/settings/src/persistentinfo.cpp",95,96,"    }

    const auto portableConfigPath
        = executablePath + QDir::separator() + ApplicationSessionFile + PortableExtension;
    const auto legacyPortableConfigPath = executablePath + QDir::separator() + ""klogg.conf"";

",""
"Variable:src/settings/src/persistentinfo.cpp:legacyPortableConfigPath","legacyPortableConfigPath","src/settings/src/persistentinfo.cpp",97,97,"    const auto portableConfigPath
        = executablePath + QDir::separator() + ApplicationSessionFile + PortableExtension;
    const auto legacyPortableConfigPath = executablePath + QDir::separator() + ""klogg.conf"";

    LOG_INFO << ""Portable config path "" << portableConfigPath;
",""
"Variable:src/settings/src/persistentinfo.cpp:usePortableConfiguration","usePortableConfiguration","src/settings/src/persistentinfo.cpp",101,103,"    LOG_INFO << ""Portable config path "" << portableConfigPath;

    const auto usePortableConfiguration
        = ForcePortable || QFileInfo::exists( portableConfigPath )
          || QFileInfo::exists( legacyPortableConfigPath );

    if ( usePortableConfiguration ) {
",""
"Variable:src/settings/src/persistentinfo.cpp:sessionSettingsPath","sessionSettingsPath","src/settings/src/persistentinfo.cpp",120,120,"void PersistentInfo::PreparePortableSettings( const QString& portableConfigPath )
{
    const auto sessionSettingsPath = makeSessionSettingsPath( portableConfigPath );
    const auto legacySessionSettingsPath = makeLegacySessionSettingsPath( portableConfigPath );

",""
"Variable:src/settings/src/persistentinfo.cpp:legacySessionSettingsPath","legacySessionSettingsPath","src/settings/src/persistentinfo.cpp",121,121,"{
    const auto sessionSettingsPath = makeSessionSettingsPath( portableConfigPath );
    const auto legacySessionSettingsPath = makeLegacySessionSettingsPath( portableConfigPath );

    if ( !QFileInfo::exists( sessionSettingsPath ) && QFileInfo::exists( portableConfigPath ) ) {
",""
"Variable:src/settings/src/persistentinfo.cpp:format","format","src/settings/src/persistentinfo.cpp",137,137,"{
#ifdef Q_OS_WIN
    const auto format = QSettings::IniFormat;
#else
    const auto format = QSettings::NativeFormat;
",""
"Variable:src/settings/src/persistentinfo.cpp:legacyAppSettings","legacyAppSettings","src/settings/src/persistentinfo.cpp",148,149,"
    if ( appSettings_->allKeys().isEmpty() ) {
        QSettings legacyAppSettings{ format, QSettings::UserScope, LegacySettingsNamespace,
                                     QStringLiteral( ""klogg"" ) };
        copySettings( *appSettings_, legacyAppSettings );
    }
",""
"Variable:src/settings/src/persistentinfo.cpp:legacySessionSettings","legacySessionSettings","src/settings/src/persistentinfo.cpp",153,154,"    }
    if ( sessionSettings_->allKeys().isEmpty() ) {
        QSettings legacySessionSettings{ format, QSettings::UserScope, LegacySettingsNamespace,
                                         QStringLiteral( ""klogg_session"" ) };
        copySettings( *sessionSettings_, legacySessionSettings );
    }
",""
"Variable:src/settings/src/persistentinfo.cpp:oldSessionSettings","oldSessionSettings","src/settings/src/persistentinfo.cpp",163,163,"    if ( sessionSettings_->allKeys().isEmpty() ) {
        if ( QFile::exists( sessionSettingsPath ) ) {
            QSettings oldSessionSettings{ sessionSettingsPath, QSettings::IniFormat };
            for ( const auto& key : oldSessionSettings.allKeys() ) {
                sessionSettings_->setValue( key, oldSessionSettings.value( key ) );
",""
"Variable:src/settings/src/persistentinfo.cpp:oldAppSettingsVersion","oldAppSettingsVersion","src/settings/src/persistentinfo.cpp",179,179,"void PersistentInfo::UpdateSettings()
{
    const auto oldAppSettingsVersion = appSettings_->value( ""version"", 0 ).toUInt();
    LOG_INFO << ""App settings version"" << oldAppSettingsVersion;

",""
"Variable:src/settings/src/persistentinfo.cpp:oldSessionSettingsVersion","oldSessionSettingsVersion","src/settings/src/persistentinfo.cpp",203,203,"    }

    const auto oldSessionSettingsVersion = sessionSettings_->value( ""version"", 0 ).toUInt();
    LOG_INFO << ""Session settings version"" << oldSessionSettingsVersion;

",""
"Variable:src/settings/src/persistentinfo.cpp:geometry","geometry","src/settings/src/persistentinfo.cpp",216,216,"    }
    if ( oldSessionSettingsVersion < SessionSettingsVersion ) {
        const auto geometry = sessionSettings_->value( ""Window/geometry"" );
        sessionSettings_->remove( ""Window/geometry"" );

",""
"Variable:src/settings/src/persistentinfo.cpp:id","id","src/settings/src/persistentinfo.cpp",220,220,"
        if ( geometry.isValid() ) {
            const auto id = generateIdFromUuid();
            sessionSettings_->beginGroup( ""OpenFiles"" );
            std::vector<std::tuple<QString, uint64_t, QString>> openFiles;
",""
"Variable:src/settings/src/persistentinfo.cpp:size","size","src/settings/src/persistentinfo.cpp",223,223,"            sessionSettings_->beginGroup( ""OpenFiles"" );
            std::vector<std::tuple<QString, uint64_t, QString>> openFiles;
            int size = sessionSettings_->beginReadArray( ""openFiles"" );
            LOG_INFO << ""OpenFiles"" << size;

",""
"Variable:src/settings/src/persistentinfo.cpp:i","i","src/settings/src/persistentinfo.cpp",226,226,"            LOG_INFO << ""OpenFiles"" << size;

            for ( int i = 0; i < size; ++i ) {
                sessionSettings_->setArrayIndex( i );
                QString fileName = sessionSettings_->value( ""fileName"" ).toString();
",""
"Variable:src/settings/src/persistentinfo.cpp:fileName","fileName","src/settings/src/persistentinfo.cpp",228,228,"            for ( int i = 0; i < size; ++i ) {
                sessionSettings_->setArrayIndex( i );
                QString fileName = sessionSettings_->value( ""fileName"" ).toString();
                uint64_t topLine = sessionSettings_->value( ""topLine"" ).toULongLong();
                QString viewContext = sessionSettings_->value( ""viewContext"" ).toString();
",""
"Variable:src/settings/src/persistentinfo.cpp:topLine","topLine","src/settings/src/persistentinfo.cpp",229,229,"                sessionSettings_->setArrayIndex( i );
                QString fileName = sessionSettings_->value( ""fileName"" ).toString();
                uint64_t topLine = sessionSettings_->value( ""topLine"" ).toULongLong();
                QString viewContext = sessionSettings_->value( ""viewContext"" ).toString();
                openFiles.emplace_back( fileName, topLine, viewContext );
",""
"Variable:src/settings/src/persistentinfo.cpp:viewContext","viewContext","src/settings/src/persistentinfo.cpp",230,230,"                QString fileName = sessionSettings_->value( ""fileName"" ).toString();
                uint64_t topLine = sessionSettings_->value( ""topLine"" ).toULongLong();
                QString viewContext = sessionSettings_->value( ""viewContext"" ).toString();
                openFiles.emplace_back( fileName, topLine, viewContext );
            }
",""
"Variable:src/settings/src/configuration.cpp:DefaultConfiguration","DefaultConfiguration","src/settings/src/configuration.cpp",54,54,"namespace {
std::once_flag fontInitFlag;
static const Configuration DefaultConfiguration = {};
QString canonicalShortcutActionId( QString action )
{
",""
"Variable:src/settings/src/configuration.cpp:family","family","src/settings/src/configuration.cpp",96,97,"
    // Fonts
    QString family
        = settings.value( ""mainFont.family"", DefaultConfiguration.mainFont_.family() ).toString();
    int size
        = settings.value( ""mainFont.size"", DefaultConfiguration.mainFont_.pointSize() ).toInt();
",""
"Variable:src/settings/src/configuration.cpp:size","size","src/settings/src/configuration.cpp",98,99,"    QString family
        = settings.value( ""mainFont.family"", DefaultConfiguration.mainFont_.family() ).toString();
    int size
        = settings.value( ""mainFont.size"", DefaultConfiguration.mainFont_.pointSize() ).toInt();

    // If no config read, keep the DefaultConfiguration
",""
"Variable:src/settings/src/configuration.cpp:styles","styles","src/settings/src/configuration.cpp",345,345,"    style_ = settings.value( ""view.style"", DefaultConfiguration.style_ ).toString();

    auto styles = StyleManager::availableStyles();
    if ( !styles.contains( style_ ) ) {
        style_ = StyleManager::defaultPlatformStyle();
",""
"Variable:src/settings/src/configuration.cpp:sizes","sizes","src/settings/src/configuration.cpp",371,371,"        splitterSizes_.clear();

        const auto sizes = settings.value( ""defaultView.splitterSizes"" ).toList();
        std::transform( sizes.cbegin(), sizes.cend(), std::back_inserter( splitterSizes_ ),
                        []( auto v ) { return v.toInt(); } );
",""
"Variable:src/settings/src/configuration.cpp:loadedShortcuts","loadedShortcuts","src/settings/src/configuration.cpp",376,376,"    }

    auto loadedShortcuts = std::map<std::string, QStringList>{};
    const auto loadShortcut = [ &loadedShortcuts ]( const QString& rawAction,
                                                    const QStringList& keys ) {
",""
"Variable:src/settings/src/configuration.cpp:loadShortcut","loadShortcut","src/settings/src/configuration.cpp",377,392,"
    auto loadedShortcuts = std::map<std::string, QStringList>{};
    const auto loadShortcut = [ &loadedShortcuts ]( const QString& rawAction,
                                                    const QStringList& keys ) {
        const auto actionId = canonicalShortcutActionId( rawAction );
        if ( actionId.isEmpty() ) {
            return;
        }

        const auto actionUtf8 = actionId.toUtf8();
        if ( actionUtf8.isEmpty() ) {
            return;
        }

        loadedShortcuts.insert_or_assign(
            std::string( actionUtf8.constData(), static_cast<size_t>( actionUtf8.size() ) ),
            keys );
    };

    if ( settings.contains( ""shortcuts.mapping"" ) ) {
",""
"Variable:src/settings/src/configuration.cpp:actionId","actionId","src/settings/src/configuration.cpp",379,379,"    const auto loadShortcut = [ &loadedShortcuts ]( const QString& rawAction,
                                                    const QStringList& keys ) {
        const auto actionId = canonicalShortcutActionId( rawAction );
        if ( actionId.isEmpty() ) {
            return;
",""
"Variable:src/settings/src/configuration.cpp:actionUtf8","actionUtf8","src/settings/src/configuration.cpp",384,384,"        }

        const auto actionUtf8 = actionId.toUtf8();
        if ( actionUtf8.isEmpty() ) {
            return;
",""
"Variable:src/settings/src/configuration.cpp:mapping","mapping","src/settings/src/configuration.cpp",395,395,"
    if ( settings.contains( ""shortcuts.mapping"" ) ) {
        const auto mapping = settings.value( ""shortcuts.mapping"" ).toMap();
        for ( auto keys = mapping.cbegin(); keys != mapping.cend(); ++keys ) {
            loadShortcut( keys.key(), keys.value().toStringList() );
",""
"Variable:src/settings/src/configuration.cpp:keys","keys","src/settings/src/configuration.cpp",396,396,"    if ( settings.contains( ""shortcuts.mapping"" ) ) {
        const auto mapping = settings.value( ""shortcuts.mapping"" ).toMap();
        for ( auto keys = mapping.cbegin(); keys != mapping.cend(); ++keys ) {
            loadShortcut( keys.key(), keys.value().toStringList() );
        }
",""
"Variable:src/settings/src/configuration.cpp:shortcutsCount","shortcutsCount","src/settings/src/configuration.cpp",403,403,"    }

    const auto shortcutsCount = settings.beginReadArray( ""shortcuts"" );
    for ( auto shortcutIndex = 0; shortcutIndex < shortcutsCount; ++shortcutIndex ) {
        settings.setArrayIndex( static_cast<int>( shortcutIndex ) );
",""
"Variable:src/settings/src/configuration.cpp:shortcutIndex","shortcutIndex","src/settings/src/configuration.cpp",404,404,"
    const auto shortcutsCount = settings.beginReadArray( ""shortcuts"" );
    for ( auto shortcutIndex = 0; shortcutIndex < shortcutsCount; ++shortcutIndex ) {
        settings.setArrayIndex( static_cast<int>( shortcutIndex ) );
        loadShortcut( settings.value( ""action"", """" ).toString(),
",""
"Variable:src/settings/include/persistable.h:persistableInitialized","persistableInitialized","src/settings/include/persistable.h",55,55,"    static T& getPersistable( bool willBeInitialized = false )
    {
        static bool persistableInitialized = false;
        if ( !persistableInitialized && !willBeInitialized ) {
            LOG_ERROR << ""Access to not initialized persistable "" << T::persistableName();
",""
"Variable:src/settings/include/configuration.h:MAX_RECENT_FILES","MAX_RECENT_FILES","src/settings/include/configuration.h",60,60,"
enum class RegexpEngine { Hyperscan, QRegularExpression };
static constexpr int MAX_RECENT_FILES = 25;

// Configuration class containing everything in the ""Settings"" dialog
",""
"Variable:src/regex/src/regularexpression.cpp:parenDepth","parenDepth","src/regex/src/regularexpression.cpp",41,41,"{
    klogg::vector<QString> parts;
    int parenDepth = 0;
    int bracketDepth = 0;
    bool escaped = false;
",""
"Variable:src/regex/src/regularexpression.cpp:bracketDepth","bracketDepth","src/regex/src/regularexpression.cpp",42,42,"    klogg::vector<QString> parts;
    int parenDepth = 0;
    int bracketDepth = 0;
    bool escaped = false;
    int lastSplit = 0;
",""
"Variable:src/regex/src/regularexpression.cpp:escaped","escaped","src/regex/src/regularexpression.cpp",43,43,"    int parenDepth = 0;
    int bracketDepth = 0;
    bool escaped = false;
    int lastSplit = 0;

",""
"Variable:src/regex/src/regularexpression.cpp:lastSplit","lastSplit","src/regex/src/regularexpression.cpp",44,44,"    int bracketDepth = 0;
    bool escaped = false;
    int lastSplit = 0;

    const auto flushPart = [&]( int endIndex ) {
",""
"Variable:src/regex/src/regularexpression.cpp:flushPart","flushPart","src/regex/src/regularexpression.cpp",46,51,"    int lastSplit = 0;

    const auto flushPart = [&]( int endIndex ) {
        const auto part = pattern.mid( lastSplit, endIndex - lastSplit ).trimmed();
        if ( !part.isEmpty() ) {
            parts.push_back( part );
        }
    };

    for ( int i = 0; i < pattern.size(); ++i ) {
",""
"Variable:src/regex/src/regularexpression.cpp:part","part","src/regex/src/regularexpression.cpp",47,47,"
    const auto flushPart = [&]( int endIndex ) {
        const auto part = pattern.mid( lastSplit, endIndex - lastSplit ).trimmed();
        if ( !part.isEmpty() ) {
            parts.push_back( part );
",""
"Variable:src/regex/src/regularexpression.cpp:i","i","src/regex/src/regularexpression.cpp",53,53,"    };

    for ( int i = 0; i < pattern.size(); ++i ) {
        const auto ch = pattern[ i ];

",""
"Variable:src/regex/src/regularexpression.cpp:ch","ch","src/regex/src/regularexpression.cpp",54,54,"
    for ( int i = 0; i < pattern.size(); ++i ) {
        const auto ch = pattern[ i ];

        if ( escaped ) {
",""
"Variable:src/regex/src/regularexpression.cpp:binaryOpRe","binaryOpRe","src/regex/src/regularexpression.cpp",97,98,"    // The regex matches simple binary forms (token OP token) where token is
    // either p_<n>, a number, or a parenthesized subexpression.
    const QRegularExpression binaryOpRe(
        R""((\([^()]+\)|p_\d+|\d+)\s*(xor|nand|nor|xnor)\s*(\([^()]+\)|p_\d+|\d+))"" );

    bool replaced = true;
",""
"Variable:src/regex/src/regularexpression.cpp:replaced","replaced","src/regex/src/regularexpression.cpp",100,100,"        R""((\([^()]+\)|p_\d+|\d+)\s*(xor|nand|nor|xnor)\s*(\([^()]+\)|p_\d+|\d+))"" );

    bool replaced = true;
    while ( replaced ) {
        replaced = false;
",""
"Variable:src/regex/src/regularexpression.cpp:match","match","src/regex/src/regularexpression.cpp",103,103,"    while ( replaced ) {
        replaced = false;
        QRegularExpressionMatch match = binaryOpRe.match( expression );
        if ( match.hasMatch() ) {
            const auto a = match.captured( 1 );
",""
"Variable:src/regex/src/regularexpression.cpp:a","a","src/regex/src/regularexpression.cpp",105,105,"        QRegularExpressionMatch match = binaryOpRe.match( expression );
        if ( match.hasMatch() ) {
            const auto a = match.captured( 1 );
            const auto op = match.captured( 2 );
            const auto b = match.captured( 3 );
",""
"Variable:src/regex/src/regularexpression.cpp:op","op","src/regex/src/regularexpression.cpp",106,106,"        if ( match.hasMatch() ) {
            const auto a = match.captured( 1 );
            const auto op = match.captured( 2 );
            const auto b = match.captured( 3 );
            QString replacement;
",""
"Variable:src/regex/src/regularexpression.cpp:b","b","src/regex/src/regularexpression.cpp",107,107,"            const auto a = match.captured( 1 );
            const auto op = match.captured( 2 );
            const auto b = match.captured( 3 );
            QString replacement;
            if ( op == ""xor"" ) {
",""
"Variable:src/regex/src/regularexpression.cpp:lower","lower","src/regex/src/regularexpression.cpp",136,136,"    // Expressions with negation or parity-style operators can become true at
    // an intermediate offset and then false later, so we must use evaluator.
    const auto lower = expression.toLower();
    return !lower.contains( '!' ) && !lower.contains( ""not"" ) && !lower.contains( ""xor"" )
           && !lower.contains( ""xnor"" ) && !lower.contains( ""nand"" )
",""
"Variable:src/regex/src/regularexpression.cpp:currentIndex","currentIndex","src/regex/src/regularexpression.cpp",152,152,"    subPatterns.reserve( static_cast<size_t>( pattern.size() ) );

    int currentIndex = 0;
    int leftQuote = -1;
    int rightQuote = -1;
",""
"Variable:src/regex/src/regularexpression.cpp:leftQuote","leftQuote","src/regex/src/regularexpression.cpp",153,153,"
    int currentIndex = 0;
    int leftQuote = -1;
    int rightQuote = -1;

",""
"Variable:src/regex/src/regularexpression.cpp:rightQuote","rightQuote","src/regex/src/regularexpression.cpp",154,154,"    int currentIndex = 0;
    int leftQuote = -1;
    int rightQuote = -1;

    while ( currentIndex < pattern.size() ) {
",""
"Variable:src/regex/src/regularexpression.cpp:subPatternLength","subPatternLength","src/regex/src/regularexpression.cpp",188,188,"        }

        const auto subPatternLength = rightQuote - leftQuote - 1;
        auto subPattern = pattern.mid( leftQuote + 1, subPatternLength );
        subPattern.replace( ""\\\"""", ""\"""" );
",""
"Variable:src/regex/src/regularexpression.cpp:subPattern","subPattern","src/regex/src/regularexpression.cpp",189,189,"
        const auto subPatternLength = rightQuote - leftQuote - 1;
        auto subPattern = pattern.mid( leftQuote + 1, subPatternLength );
        subPattern.replace( ""\\\"""", ""\"""" );

",""
"Variable:src/regex/src/regularexpression.cpp:finalPatternCheck","finalPatternCheck","src/regex/src/regularexpression.cpp",208,208,"    pattern = pattern.toLower();
    LOG_INFO << ""Parsed pattern: "" << pattern;
    QRegularExpression finalPatternCheck( ""^(and|nand|or|nor|xor|xnor|not|[ ()!|&]|p_[0-9]+)+$"" );
    if ( !finalPatternCheck.match( pattern ).hasMatch() ) {
        throw std::runtime_error( ""Sub-patterns must be enclosed in quotes"" );
",""
"Variable:src/regex/src/regularexpression.cpp:topLevelOrParts","topLevelOrParts","src/regex/src/regularexpression.cpp",229,229,"        }
        else {
            const auto topLevelOrParts = splitTopLevelOr( expression_ );
            if ( topLevelOrParts.size() > 1 ) {
                for ( const auto& part : topLevelOrParts ) {
",""
"Variable:src/regex/src/regularexpression.cpp:combinationEligible","combinationEligible","src/regex/src/regularexpression.cpp",243,243,"
        std::string hsCombination;
        const bool combinationEligible = isBooleanCombination_ && subPatterns_.size() >= 2;
        if ( combinationEligible ) {
            // Try to build a Hyperscan combination expression for boolean logic.
",""
"Variable:src/regex/src/regularexpression.cpp:combination","combination","src/regex/src/regularexpression.cpp",246,246,"        if ( combinationEligible ) {
            // Try to build a Hyperscan combination expression for boolean logic.
            QString combination = expression_;
            combination.replace( ""and"", ""&"" );
            combination.replace( ""or"", ""|"" );
",""
"Variable:src/regex/src/regularexpression.cpp:tokenRe","tokenRe","src/regex/src/regularexpression.cpp",261,261,"            }

            static const QRegularExpression tokenRe( ""p_\\d+"" );
            auto it = tokenRe.globalMatch( combination );
            while ( it.hasNext() ) {
",""
"Variable:src/regex/src/regularexpression.cpp:it","it","src/regex/src/regularexpression.cpp",262,262,"
            static const QRegularExpression tokenRe( ""p_\\d+"" );
            auto it = tokenRe.globalMatch( combination );
            while ( it.hasNext() ) {
                const auto m = it.next();
",""
"Variable:src/regex/src/regularexpression.cpp:m","m","src/regex/src/regularexpression.cpp",264,264,"            auto it = tokenRe.globalMatch( combination );
            while ( it.hasNext() ) {
                const auto m = it.next();
                const auto token = m.captured();
                if ( const auto found = idToIndex.find( token ); found != idToIndex.end() ) {
",""
"Variable:src/regex/src/regularexpression.cpp:token","token","src/regex/src/regularexpression.cpp",265,265,"            while ( it.hasNext() ) {
                const auto m = it.next();
                const auto token = m.captured();
                if ( const auto found = idToIndex.find( token ); found != idToIndex.end() ) {
                    combination.replace( token, QString::number( found->second ) );
",""
"Variable:src/regex/src/regularexpression.cpp:found","found","src/regex/src/regularexpression.cpp",266,266,"                const auto m = it.next();
                const auto token = m.captured();
                if ( const auto found = idToIndex.find( token ); found != idToIndex.end() ) {
                    combination.replace( token, QString::number( found->second ) );
                }
",""
"Variable:src/regex/src/regularexpression.cpp:evaluator","evaluator","src/regex/src/regularexpression.cpp",290,290,"
        if ( isBooleanCombination_ && !hasHsCombination_ ) {
            BooleanExpressionEvaluator evaluator{ expression_.toStdString(), subPatterns_ };
            if ( !evaluator.isValid() ) {
                isValid_ = false;
",""
"Variable:src/regex/src/regularexpression.cpp:result","result","src/regex/src/regularexpression.cpp",324,325,"                     BooleanExpressionEvaluator* )
{
    const auto result
        = std::visit( [ &line ]( const auto& m ) { return m.match( line ); }, matcher );

    return std::any_of( result.cbegin(), result.cend(), []( auto value ) { return value > 0; } );
",""
"Variable:src/regex/src/regularexpression.cpp:useHyperscanEngine","useHyperscanEngine","src/regex/src/regularexpression.cpp",366,366,"{
    const auto& config = Configuration::get();
    const auto useHyperscanEngine = config.regexpEngine() == RegexpEngine::Hyperscan;
    const bool forceQtMatcherForBooleanFallback = isBooleanCombination_ && !hasHsCombination_;
    if ( !useHyperscanEngine || forceQtMatcherForBooleanFallback ) {
",""
"Variable:src/regex/src/regularexpression.cpp:forceQtMatcherForBooleanFallback","forceQtMatcherForBooleanFallback","src/regex/src/regularexpression.cpp",367,367,"    const auto& config = Configuration::get();
    const auto useHyperscanEngine = config.regexpEngine() == RegexpEngine::Hyperscan;
    const bool forceQtMatcherForBooleanFallback = isBooleanCombination_ && !hasHsCombination_;
    if ( !useHyperscanEngine || forceQtMatcherForBooleanFallback ) {
        matcher_ = DefaultRegularExpressionMatcher( expression.subPatterns_ );
",""
"Variable:src/regex/src/regularexpression.cpp:directHsCombinationSafe","directHsCombinationSafe","src/regex/src/regularexpression.cpp",377,377,"    }

    const bool directHsCombinationSafe = canUseDirectHsCombinationBit( expression.expression_ );
    const bool useHsCombinationBit = hasHsCombination_ && useHyperscanEngine
                                     && config.useHsCombinationBit() && directHsCombinationSafe;
",""
"Variable:src/regex/src/regularexpression.cpp:useHsCombinationBit","useHsCombinationBit","src/regex/src/regularexpression.cpp",378,379,"
    const bool directHsCombinationSafe = canUseDirectHsCombinationBit( expression.expression_ );
    const bool useHsCombinationBit = hasHsCombination_ && useHyperscanEngine
                                     && config.useHsCombinationBit() && directHsCombinationSafe;

    if ( isBooleanCombination_ ) {
",""
"Variable:src/regex/src/regularexpression.cpp:base","base","src/regex/src/regularexpression.cpp",405,405,"
        if ( isInverse_ ) {
            const auto base = hasMatchImpl_;
            hasMatchImpl_ = [base]( std::string_view line, const MatcherVariant& matcher,
                                    BooleanExpressionEvaluator* evaluator ) {
",""
"Variable:src/regex/src/regularexpression.cpp:count","count","src/regex/src/regularexpression.cpp",459,459,"
    klogg::vector<std::pair<RegularExpressionPattern, bool>> matchedPatterns;
    const auto count = std::min( result.size(), patterns_.size() );
    for ( size_t i = 0u; i < count; ++i ) {
        matchedPatterns.emplace_back( patterns_[ i ], result[ i ] );
",""
"Variable:src/regex/src/hsregularexpression.cpp:validPlatformResult","validPlatformResult","src/regex/src/hsregularexpression.cpp",61,61,"bool isAcceleratedBackendPlatformValid()
{
    const auto validPlatformResult = hs_valid_platform();
    if ( validPlatformResult == HS_SUCCESS ) {
        return true;
",""
"Variable:src/regex/src/hsregularexpression.cpp:requiredInstructions","requiredInstructions","src/regex/src/hsregularexpression.cpp",70,70,"
#ifdef KLOGG_BACKEND_HYPERSCAN
    auto requiredInstructions = CpuInstructions::SSE2;
    requiredInstructions |= CpuInstructions::SSSE3;
    const auto cpuInstructions = supportedCpuInstructions();
",""
"Variable:src/regex/src/hsregularexpression.cpp:cpuInstructions","cpuInstructions","src/regex/src/hsregularexpression.cpp",72,72,"    auto requiredInstructions = CpuInstructions::SSE2;
    requiredInstructions |= CpuInstructions::SSSE3;
    const auto cpuInstructions = supportedCpuInstructions();
    if ( !hasRequiredInstructions( cpuInstructions, requiredInstructions ) ) {
        LOG_WARNING << ""Hyperscan platform validation failed, missing x86 SIMD baseline""
",""
"Variable:src/regex/src/hsregularexpression.cpp:matchingPatterns","matchingPatterns","src/regex/src/hsregularexpression.cpp",195,195,"MatchedPatterns HsPrefilterMatcher::match( const std::string_view& utf8Data ) const
{
    MatchedPatterns matchingPatterns = hsMatcher_.match( utf8Data );

    const auto verifyCount = std::min( matchingPatterns.size(), patterns_.size() );
",""
"Variable:src/regex/src/hsregularexpression.cpp:verifyCount","verifyCount","src/regex/src/hsregularexpression.cpp",197,197,"    MatchedPatterns matchingPatterns = hsMatcher_.match( utf8Data );

    const auto verifyCount = std::min( matchingPatterns.size(), patterns_.size() );

    for ( size_t i = 0u; i < verifyCount; ++i ) {
",""
"Variable:src/regex/src/hsregularexpression.cpp:i","i","src/regex/src/hsregularexpression.cpp",199,199,"    const auto verifyCount = std::min( matchingPatterns.size(), patterns_.size() );

    for ( size_t i = 0u; i < verifyCount; ++i ) {
        if ( matchingPatterns[ i ] ) {
            matchingPatterns[ i ]
",""
"Variable:src/regex/src/hsregularexpression.cpp:regex","regex","src/regex/src/hsregularexpression.cpp",227,227,"    // patterns must always be rejected early.
    for ( const auto& pattern : patterns_ ) {
        const auto regex = static_cast<QRegularExpression>( pattern );
        if ( !regex.isValid() ) {
            isValid_ = false;
",""
"Variable:src/regex/src/hsregularexpression.cpp:platformValid","platformValid","src/regex/src/hsregularexpression.cpp",236,236,"    }

    const auto platformValid = isAcceleratedBackendPlatformValid();
    if ( platformValid ) {
        auto compileHsDatabase = []( const klogg::vector<RegularExpressionPattern>& expressions,
",""
"Variable:src/regex/src/hsregularexpression.cpp:compileHsDatabase","compileHsDatabase","src/regex/src/hsregularexpression.cpp",238,295,"    const auto platformValid = isAcceleratedBackendPlatformValid();
    if ( platformValid ) {
        auto compileHsDatabase = []( const klogg::vector<RegularExpressionPattern>& expressions,
                                     const std::string& combinationExpression,
                                     QString& errorMessage, bool isPrefilter ) -> hs_database_t* {
            hs_database_t* db = nullptr;
            hs_compile_error_t* error = nullptr;

            const auto patternCount
                = combinationExpression.empty() ? expressions.size() : expressions.size() + 1;

            klogg::vector<unsigned> flags( patternCount );
            std::transform( expressions.cbegin(), expressions.cend(), flags.begin(),
                            [ isPrefilter ]( const auto& expression ) {
                                auto expressionFlags
                                    = HS_FLAG_UTF8 | HS_FLAG_UCP | HS_FLAG_SINGLEMATCH;
                                if ( !expression.isCaseSensitive ) {
                                    expressionFlags |= HS_FLAG_CASELESS;
                                }
                                if ( isPrefilter || expression.isPrefilter ) {
                                    expressionFlags |= HS_FLAG_PREFILTER;
                                }
                                return expressionFlags;
                            } );

            klogg::vector<QByteArray> utf8Patterns( patternCount );
            std::transform( expressions.cbegin(), expressions.cend(), utf8Patterns.begin(),
                            []( const auto& expression ) {
                                auto p = expression.pattern;
                                if ( expression.isPlainText ) {
                                    p = QRegularExpression::escape( expression.pattern );
                                }
                                return p.toUtf8();
                            } );

            if ( !combinationExpression.empty() ) {
                utf8Patterns.back() = QByteArray::fromStdString( combinationExpression );
                flags.back() = HS_FLAG_COMBINATION;
            }

            klogg::vector<const char*> patternPointers( utf8Patterns.size() );
            std::transform( utf8Patterns.cbegin(), utf8Patterns.cend(), patternPointers.begin(),
                            []( const auto& utf8Pattern ) { return utf8Pattern.data(); } );

            klogg::vector<unsigned> expressionIds( patternCount );
            std::iota( expressionIds.begin(), expressionIds.end(), 0u );

            const auto compileResult = hs_compile_multi(
                patternPointers.data(), flags.data(), expressionIds.data(),
                static_cast<unsigned>( patternCount ), HS_MODE_BLOCK, nullptr, &db, &error );

            if ( compileResult != HS_SUCCESS ) {
                LOG_ERROR << ""Failed to compile pattern "" << error->message;
                errorMessage = error->message;
                hs_free_compile_error( error );
                return nullptr;
            }

            return db;
        };

        database_ = HsDatabase{ makeUniqueResource<hs_database_t, hs_free_database>(
",""
"Variable:src/regex/src/hsregularexpression.cpp:patternCount","patternCount","src/regex/src/hsregularexpression.cpp",244,245,"            hs_compile_error_t* error = nullptr;

            const auto patternCount
                = combinationExpression.empty() ? expressions.size() : expressions.size() + 1;

            klogg::vector<unsigned> flags( patternCount );
",""
"Variable:src/regex/src/hsregularexpression.cpp:expressionFlags","expressionFlags","src/regex/src/hsregularexpression.cpp",250,251,"            std::transform( expressions.cbegin(), expressions.cend(), flags.begin(),
                            [ isPrefilter ]( const auto& expression ) {
                                auto expressionFlags
                                    = HS_FLAG_UTF8 | HS_FLAG_UCP | HS_FLAG_SINGLEMATCH;
                                if ( !expression.isCaseSensitive ) {
                                    expressionFlags |= HS_FLAG_CASELESS;
",""
"Variable:src/regex/src/hsregularexpression.cpp:p","p","src/regex/src/hsregularexpression.cpp",264,264,"            std::transform( expressions.cbegin(), expressions.cend(), utf8Patterns.begin(),
                            []( const auto& expression ) {
                                auto p = expression.pattern;
                                if ( expression.isPlainText ) {
                                    p = QRegularExpression::escape( expression.pattern );
",""
"Variable:src/regex/src/hsregularexpression.cpp:patternPointers","patternPointers","src/regex/src/hsregularexpression.cpp",276,276,"            }

            klogg::vector<const char*> patternPointers( utf8Patterns.size() );
            std::transform( utf8Patterns.cbegin(), utf8Patterns.cend(), patternPointers.begin(),
                            []( const auto& utf8Pattern ) { return utf8Pattern.data(); } );
",""
"Variable:src/regex/src/hsregularexpression.cpp:compileResult","compileResult","src/regex/src/hsregularexpression.cpp",283,285,"            std::iota( expressionIds.begin(), expressionIds.end(), 0u );

            const auto compileResult = hs_compile_multi(
                patternPointers.data(), flags.data(), expressionIds.data(),
                static_cast<unsigned>( patternCount ), HS_MODE_BLOCK, nullptr, &db, &error );

            if ( compileResult != HS_SUCCESS ) {
",""
"Variable:src/regex/src/hsregularexpression.cpp:scratchResult","scratchResult","src/regex/src/hsregularexpression.cpp",334,334,"                hs_scratch_t* scratch = nullptr;

                const auto scratchResult = hs_alloc_scratch( db, &scratch );
                if ( scratchResult != HS_SUCCESS ) {
                    LOG_ERROR << ""Failed to allocate scratch"";
",""
"Variable:src/regex/src/hsregularexpression.cpp:matcherScratch","matcherScratch","src/regex/src/hsregularexpression.cpp",379,391,"    }

    auto matcherScratch = makeUniqueResource<hs_scratch_t, hs_free_scratch>(
        []( hs_scratch_t* prototype ) -> hs_scratch_t* {
            hs_scratch_t* scratch = nullptr;

            const auto err = hs_clone_scratch( prototype, &scratch );
            if ( err != HS_SUCCESS ) {
                LOG_ERROR << ""hs_clone_scratch failed"";
                return nullptr;
            }

            return scratch;
        },
        scratch_.get() );

    const auto numberOfPatterns = hasCombination_ ? patterns_.size() + 1 : patterns_.size();
",""
"Variable:src/regex/src/hsregularexpression.cpp:err","err","src/regex/src/hsregularexpression.cpp",383,383,"            hs_scratch_t* scratch = nullptr;

            const auto err = hs_clone_scratch( prototype, &scratch );
            if ( err != HS_SUCCESS ) {
                LOG_ERROR << ""hs_clone_scratch failed"";
",""
"Variable:src/regex/src/hsregularexpression.cpp:numberOfPatterns","numberOfPatterns","src/regex/src/hsregularexpression.cpp",393,393,"        scratch_.get() );

    const auto numberOfPatterns = hasCombination_ ? patterns_.size() + 1 : patterns_.size();

    if ( !isPrefilter_ ) {
",""
"Variable:src/regex/src/booleanevaluator.cpp:MaxPrecomputedPatterns","MaxPrecomputedPatterns","src/regex/src/booleanevaluator.cpp",27,27,"namespace {

static constexpr size_t MaxPrecomputedPatterns = 4;
static constexpr size_t PrecomputedCombinations[] = { 0, 2, 4, 8, 16 };

",""
"Variable:src/regex/src/booleanevaluator.cpp:combination","combination","src/regex/src/booleanevaluator.cpp",37,37,"uint32_t buildPatternCombination( std::string_view variables )
{
    uint32_t combination = 0;
    for ( auto bit = 0u; bit < variables.size(); ++bit ) {
        if ( variables[ bit ] ) {
",""
"Variable:src/regex/src/booleanevaluator.cpp:bit","bit","src/regex/src/booleanevaluator.cpp",38,38,"{
    uint32_t combination = 0;
    for ( auto bit = 0u; bit < variables.size(); ++bit ) {
        if ( variables[ bit ] ) {
            combination = combination | ( 1u << bit );
",""
"Variable:src/regex/src/booleanevaluator.cpp:error","error","src/regex/src/booleanevaluator.cpp",63,63,"    isValid_ = parser_.compile( expression, expression_ );
    if ( !isValid_ && parser_.error_count() > 0 ) {
        auto error = parser_.get_error( 0 );
        exprtk::parser_error::update_error( error, expression );
        errorString_ = error.diagnostic + "" at "" + std::to_string( error.column_no );
",""
"Variable:src/regex/src/booleanevaluator.cpp:patternVariants","patternVariants","src/regex/src/booleanevaluator.cpp",68,68,"    }
    else if ( patterns.size() <= MaxPrecomputedPatterns ) {
        const auto patternVariants = PrecomputedCombinations[ patterns.size() ];
        for ( auto patternCombination = 0u; patternCombination < patternVariants;
              ++patternCombination ) {
",""
"Variable:src/regex/src/booleanevaluator.cpp:patternCombination","patternCombination","src/regex/src/booleanevaluator.cpp",69,69,"    else if ( patterns.size() <= MaxPrecomputedPatterns ) {
        const auto patternVariants = PrecomputedCombinations[ patterns.size() ];
        for ( auto patternCombination = 0u; patternCombination < patternVariants;
              ++patternCombination ) {
            for ( auto p = 0u; p < patterns.size(); ++p ) {
",""
"Variable:src/regex/src/booleanevaluator.cpp:p","p","src/regex/src/booleanevaluator.cpp",71,71,"        for ( auto patternCombination = 0u; patternCombination < patternVariants;
              ++patternCombination ) {
            for ( auto p = 0u; p < patterns.size(); ++p ) {
                *variables_[ p ] = isBitSet( patternCombination, p );
            }
",""
"Variable:src/regex/src/booleanevaluator.cpp:index","index","src/regex/src/booleanevaluator.cpp",97,97,"    }

    for ( auto index = 0u; index < variables_.size(); ++index ) {
        *variables_[ index ] = variables[ index ];
    }
",""
"Variable:src/regex/include/regularexpressionpattern.h:patternOptions","patternOptions","src/regex/include/regularexpressionpattern.h",64,65,"    explicit operator QRegularExpression() const
    {
        auto patternOptions = QRegularExpression::UseUnicodePropertiesOption
                              | QRegularExpression::DontCaptureOption;

        if ( !isCaseSensitive ) {
",""
"Variable:src/regex/include/regularexpressionpattern.h:finalPattern","finalPattern","src/regex/include/regularexpressionpattern.h",71,71,"        }

        auto finalPattern = pattern;
        if ( isPlainText ) {
            finalPattern = QRegularExpression::escape( pattern );
",""
"Variable:src/regex/include/regularexpressionpattern.h:counter_","counter_","src/regex/include/regularexpressionpattern.h",89,89,"    static std::string nextId()
    {
        static std::atomic<uint> counter_ = 0;
        return std::string{ ""p_"" } + std::to_string( counter_++ );
    }
",""
"Variable:src/regex/include/hsregularexpression.h:matchedPatterns","matchedPatterns","src/regex/include/hsregularexpression.h",57,57,"    MatchedPatterns match( const std::string_view& utf8Data ) const
    {
        MatchedPatterns matchedPatterns( regexp_.size(), 0 );
        std::transform( regexp_.cbegin(), regexp_.cend(), matchedPatterns.begin(),
                        [ utf8Data ]( const auto& regexp ) {
",""
"Variable:src/logdata/src/readablesize.cpp:sizeSteps","sizeSteps","src/logdata/src/readablesize.cpp",48,52,"QString readableSize( uint64_t size )
{
    static const std::array<std::tuple<uint64_t, uint64_t, QString>, 5> sizeSteps
        = { std::make_tuple( 0x10000000000ull, 30ull, QObject::tr( ""TiB"" ) ),
            std::make_tuple( 0x40000000ull, 20ull, QObject::tr( ""GiB"" ) ),
            std::make_tuple( 0x100000ull, 10ull, QObject::tr( ""MiB"" ) ),
            std::make_tuple( 0x400ull, 0ull, QObject::tr( ""KiB"" ) ) };

    QLocale defaultLocale;
",""
"Variable:src/logdata/src/readablesize.cpp:outputFormat","outputFormat","src/logdata/src/readablesize.cpp",55,55,"
    QLocale defaultLocale;
    QString outputFormat{ ""%1 %2"" };

    const auto sizeStep
",""
"Variable:src/logdata/src/readablesize.cpp:sizeStep","sizeStep","src/logdata/src/readablesize.cpp",57,59,"    QString outputFormat{ ""%1 %2"" };

    const auto sizeStep
        = std::find_if( sizeSteps.cbegin(), sizeSteps.cend(),
                        [ &size ]( const auto& step ) { return size >= std::get<0>( step ); } );

    if ( sizeStep != sizeSteps.end() ) {
",""
"Variable:src/logdata/src/readablesize.cpp:humanSize","humanSize","src/logdata/src/readablesize.cpp",62,62,"
    if ( sizeStep != sizeSteps.end() ) {
        const auto humanSize = static_cast<double>( ( size >> std::get<1>( *sizeStep ) ) ) / 1024.0;
        return outputFormat.arg( defaultLocale.toString( humanSize, 'f', 2 ),
                                 std::get<2>( *sizeStep ) );
",""
"Variable:src/logdata/src/logfiltereddataworker.cpp:offset","offset","src/logdata/src/logfiltereddataworker.cpp",107,107,"    const auto& lines = rawLines.buildUtf8View();

    for ( auto offset = 0u; offset < lines.size(); ++offset ) {
        const auto& line = lines[ offset ];

",""
"Variable:src/logdata/src/logfiltereddataworker.cpp:hasMatch","hasMatch","src/logdata/src/logfiltereddataworker.cpp",110,110,"        const auto& line = lines[ offset ];

        const auto hasMatch = matcher.hasMatch( line );

        if ( hasMatch ) {
",""
"Variable:src/logdata/src/logfiltereddataworker.cpp:lineNumber","lineNumber","src/logdata/src/logfiltereddataworker.cpp",114,114,"        if ( hasMatch ) {
            results.maxLength = qMax( results.maxLength, getUntabifiedLength( line ) );
            const auto lineNumber = chunkStart + LinesCount{ offset };
            results.matchingLines.add( lineNumber.get() );

",""
"Variable:src/logdata/src/logfiltereddataworker.cpp:operationRequested","operationRequested","src/logdata/src/logfiltereddataworker.cpp",218,220,"                          searchGeneration ] {
            operationStarted.release();
            auto operationRequested = std::make_unique<FullSearchOperation>(
                sourceLogData_, interruptRequested_, regExp, compiledRegexp, startLine, endLine,
                searchGeneration );
            connectSignalsAndRun( operationRequested.get() );
        } ) );
",""
"Variable:src/logdata/src/logfiltereddataworker.cpp:searchFailed","searchFailed","src/logdata/src/logfiltereddataworker.cpp",292,292,"    if ( !compiledRegexp_->isValid() ) {
        LOG_WARNING << ""Skipping search: invalid expression "" << compiledRegexp_->errorString();
        Q_EMIT searchFailed( compiledRegexp_->errorString(), searchGeneration_ );
        Q_EMIT searchFinished();
        return;",""
"Variable:src/logdata/src/logfiltereddataworker.cpp:nbSourceLines","nbSourceLines","src/logdata/src/logfiltereddataworker.cpp",297,297,"    }

    const auto nbSourceLines = sourceLogData_.getNbLine();

    LOG_INFO << ""Searching from line "" << initialLine << "" to "" << nbSourceLines;
",""
"Variable:src/logdata/src/logfiltereddataworker.cpp:t1","t1","src/logdata/src/logfiltereddataworker.cpp",302,302,"
    using namespace std::chrono;
    high_resolution_clock::time_point t1 = high_resolution_clock::now();

    const auto& config = Configuration::get();
",""
"Variable:src/logdata/src/logfiltereddataworker.cpp:matchingThreadsCount","matchingThreadsCount","src/logdata/src/logfiltereddataworker.cpp",305,312,"
    const auto& config = Configuration::get();
    const auto matchingThreadsCount = static_cast<uint32_t>( [ &config ]() {
        if ( !config.useParallelSearch() ) {
            return 1;
        }
        const auto configuredThreadPoolSize = config.searchThreadPoolSize();
        return qMax( 1, configuredThreadPoolSize == 0 ? tbb::info::default_concurrency()
                                                      : configuredThreadPoolSize );
    }() );

    LOG_INFO << ""Using "" << matchingThreadsCount << "" matching threads"";
",""
"Variable:src/logdata/src/logfiltereddataworker.cpp:configuredThreadPoolSize","configuredThreadPoolSize","src/logdata/src/logfiltereddataworker.cpp",309,309,"            return 1;
        }
        const auto configuredThreadPoolSize = config.searchThreadPoolSize();
        return qMax( 1, configuredThreadPoolSize == 0 ? tbb::info::default_concurrency()
                                                      : configuredThreadPoolSize );
",""
"Variable:src/logdata/src/logfiltereddataworker.cpp:endLine","endLine","src/logdata/src/logfiltereddataworker.cpp",322,322,"    }

    const auto endLine = qMin( LineNumber( nbSourceLines.get() ), endLine_ );
    const auto nbLinesInChunk = LinesCount(
        static_cast<LinesCount::UnderlyingType>( config.searchReadBufferSizeLines() ) );
",""
"Variable:src/logdata/src/logfiltereddataworker.cpp:nbLinesInChunk","nbLinesInChunk","src/logdata/src/logfiltereddataworker.cpp",323,324,"
    const auto endLine = qMin( LineNumber( nbSourceLines.get() ), endLine_ );
    const auto nbLinesInChunk = LinesCount(
        static_cast<LinesCount::UnderlyingType>( config.searchReadBufferSizeLines() ) );

    std::chrono::microseconds fileReadingDuration{ 0 };
",""
"Variable:src/logdata/src/logfiltereddataworker.cpp:fileReadingDuration","fileReadingDuration","src/logdata/src/logfiltereddataworker.cpp",326,326,"        static_cast<LinesCount::UnderlyingType>( config.searchReadBufferSizeLines() ) );

    std::chrono::microseconds fileReadingDuration{ 0 };

    using BlockDataType = std::shared_ptr<SearchBlockData>;
",""
"Variable:src/logdata/src/logfiltereddataworker.cpp:blockPrefetcher","blockPrefetcher","src/logdata/src/logfiltereddataworker.cpp",330,331,"    using BlockDataType = std::shared_ptr<SearchBlockData>;
    using BlockResultsType = std::shared_ptr<PartialSearchResults>;
    auto blockPrefetcher
        = tbb::flow::limiter_node<BlockDataType>( searchGraph, matchingThreadsCount * 3 );

    auto lineBlocksQueue = tbb::flow::buffer_node<BlockDataType>( searchGraph );
",""
"Variable:src/logdata/src/logfiltereddataworker.cpp:lineBlocksQueue","lineBlocksQueue","src/logdata/src/logfiltereddataworker.cpp",333,333,"        = tbb::flow::limiter_node<BlockDataType>( searchGraph, matchingThreadsCount * 3 );

    auto lineBlocksQueue = tbb::flow::buffer_node<BlockDataType>( searchGraph );

    using RegexMatcherNode
",""
"Variable:src/logdata/src/logfiltereddataworker.cpp:index","index","src/logdata/src/logfiltereddataworker.cpp",343,343,"    klogg::vector<MatcherContext> regexMatchers;
    regexMatchers.reserve( matchingThreadsCount );
    for ( auto index = 0u; index < matchingThreadsCount; ++index ) {
        auto matcher = compiledRegexp_->createMatcher();
        if ( !matcher ) {",""
"Variable:src/logdata/src/logfiltereddataworker.cpp:matcher","matcher","src/logdata/src/logfiltereddataworker.cpp",344,344,"    regexMatchers.reserve( matchingThreadsCount );
    for ( auto index = 0u; index < matchingThreadsCount; ++index ) {
        auto matcher = compiledRegexp_->createMatcher();
        if ( !matcher ) {
            LOG_ERROR << ""Skipping search: failed to create matcher #"" << index;",""
"Variable:src/logdata/src/logfiltereddataworker.cpp:searchResults","searchResults","src/logdata/src/logfiltereddataworker.cpp",356,356,"            RegexMatcherNode( searchGraph, 1,
                              [ &regexMatchers, index, this ]( const BlockDataType& blockData ) {
                                  auto searchResults = std::make_shared<PartialSearchResults>();

                    if ( interruptRequested_ ) {
",""
"Variable:src/logdata/src/logfiltereddataworker.cpp:matchStartTime","matchStartTime","src/logdata/src/logfiltereddataworker.cpp",367,367,"
                    const auto& matcherPtr = std::get<PatternMatcherPtr>( regexMatchers.at( index ) );
                    const auto matchStartTime = high_resolution_clock::now();

                                  *searchResults
",""
"Variable:src/logdata/src/logfiltereddataworker.cpp:matchEndTime","matchEndTime","src/logdata/src/logfiltereddataworker.cpp",372,372,"                        = filterLines( *matcherPtr, blockData->lines, blockData->chunkStart );

                    const auto matchEndTime = high_resolution_clock::now();

                    microseconds& matchDuration
",""
"Variable:src/logdata/src/logfiltereddataworker.cpp:resultsQueue","resultsQueue","src/logdata/src/logfiltereddataworker.cpp",385,385,"    }

    auto resultsQueue = tbb::flow::buffer_node<BlockResultsType>( searchGraph );

    const auto totalLines = endLine - initialLine;
",""
"Variable:src/logdata/src/logfiltereddataworker.cpp:totalLines","totalLines","src/logdata/src/logfiltereddataworker.cpp",387,387,"    auto resultsQueue = tbb::flow::buffer_node<BlockResultsType>( searchGraph );

    const auto totalLines = endLine - initialLine;
    LinesCount totalProcessedLines = 0_lcount;
    LineLength maxLength = 0_length;
",""
"Variable:src/logdata/src/logfiltereddataworker.cpp:totalProcessedLines","totalProcessedLines","src/logdata/src/logfiltereddataworker.cpp",388,388,"
    const auto totalLines = endLine - initialLine;
    LinesCount totalProcessedLines = 0_lcount;
    LineLength maxLength = 0_length;
    LinesCount nbMatches = searchData.getNbMatches();
",""
"Variable:src/logdata/src/logfiltereddataworker.cpp:maxLength","maxLength","src/logdata/src/logfiltereddataworker.cpp",389,389,"    const auto totalLines = endLine - initialLine;
    LinesCount totalProcessedLines = 0_lcount;
    LineLength maxLength = 0_length;
    LinesCount nbMatches = searchData.getNbMatches();
    auto reportedMatches = nbMatches;
",""
"Variable:src/logdata/src/logfiltereddataworker.cpp:nbMatches","nbMatches","src/logdata/src/logfiltereddataworker.cpp",390,390,"    LinesCount totalProcessedLines = 0_lcount;
    LineLength maxLength = 0_length;
    LinesCount nbMatches = searchData.getNbMatches();
    auto reportedMatches = nbMatches;
    int reportedPercentage = 0;
",""
"Variable:src/logdata/src/logfiltereddataworker.cpp:reportedMatches","reportedMatches","src/logdata/src/logfiltereddataworker.cpp",391,391,"    LineLength maxLength = 0_length;
    LinesCount nbMatches = searchData.getNbMatches();
    auto reportedMatches = nbMatches;
    int reportedPercentage = 0;

",""
"Variable:src/logdata/src/logfiltereddataworker.cpp:reportedPercentage","reportedPercentage","src/logdata/src/logfiltereddataworker.cpp",392,392,"    LinesCount nbMatches = searchData.getNbMatches();
    auto reportedMatches = nbMatches;
    int reportedPercentage = 0;

    std::chrono::microseconds matchCombiningDuration{ 0 };
",""
"Variable:src/logdata/src/logfiltereddataworker.cpp:matchCombiningDuration","matchCombiningDuration","src/logdata/src/logfiltereddataworker.cpp",394,394,"    int reportedPercentage = 0;

    std::chrono::microseconds matchCombiningDuration{ 0 };

    auto matchProcessor
",""
"Variable:src/logdata/src/logfiltereddataworker.cpp:matchProcessor","matchProcessor","src/logdata/src/logfiltereddataworker.cpp",396,450,"    std::chrono::microseconds matchCombiningDuration{ 0 };

    auto matchProcessor
        = tbb::flow::function_node<BlockResultsType, tbb::flow::continue_msg,
                                   tbb::flow::rejecting>(
            searchGraph, 1, [ & ]( const BlockResultsType& matchResultsPtr ) {
                if ( interruptRequested_ ) {
                    LOG_INFO << ""Match processor interrupted"";
                    return tbb::flow::continue_msg{};
                }

                if ( !matchResultsPtr ) {
                    return tbb::flow::continue_msg{};
                }

                const auto& matchResults = *matchResultsPtr;

                const auto matchProcessorStartTime = high_resolution_clock::now();

                if ( matchResults.processedLines.get() ) {

                    maxLength = qMax( maxLength, matchResults.maxLength );
                    const LinesCount matchesCount
                        = LinesCount( matchResults.matchingLines.cardinality() );
                    nbMatches += matchesCount;

                    const auto processedLines = LinesCount{ matchResults.chunkStart.get()
                                                            + matchResults.processedLines.get() };

                    totalProcessedLines += matchResults.processedLines;

                    // After each block, copy the data to shared data
                    // and update the client
                    searchData.addAll( maxLength, matchResults.matchingLines, matchesCount,
                                       processedLines );

                    LOG_DEBUG << ""done Searching chunk starting at "" << matchResults.chunkStart
                              << "", "" << matchResults.processedLines << "" lines read."";
                }

                const auto matchProcessorEndTime = high_resolution_clock::now();
                matchCombiningDuration += duration_cast<microseconds>( matchProcessorEndTime
                                                                       - matchProcessorStartTime );
                const int percentage
                    = calculateProgress( totalProcessedLines.get(), totalLines.get() );

                if ( percentage > reportedPercentage || nbMatches > reportedMatches ) {

                    Q_EMIT searchProgressed( nbMatches, std::min( 99, percentage ), initialLine,
                                             searchGeneration_ );

                    reportedPercentage = percentage;
                    reportedMatches = nbMatches;
                }

                return tbb::flow::continue_msg{};
            } );

    tbb::flow::make_edge( blockPrefetcher, lineBlocksQueue );
",""
"Variable:src/logdata/src/logfiltereddataworker.cpp:matchProcessorStartTime","matchProcessorStartTime","src/logdata/src/logfiltereddataworker.cpp",411,411,"                const auto& matchResults = *matchResultsPtr;

                const auto matchProcessorStartTime = high_resolution_clock::now();

                if ( matchResults.processedLines.get() ) {
",""
"Variable:src/logdata/src/logfiltereddataworker.cpp:matchesCount","matchesCount","src/logdata/src/logfiltereddataworker.cpp",416,417,"
                    maxLength = qMax( maxLength, matchResults.maxLength );
                    const LinesCount matchesCount
                        = LinesCount( matchResults.matchingLines.cardinality() );
                    nbMatches += matchesCount;

",""
"Variable:src/logdata/src/logfiltereddataworker.cpp:processedLines","processedLines","src/logdata/src/logfiltereddataworker.cpp",420,421,"                    nbMatches += matchesCount;

                    const auto processedLines = LinesCount{ matchResults.chunkStart.get()
                                                            + matchResults.processedLines.get() };

                    totalProcessedLines += matchResults.processedLines;
",""
"Variable:src/logdata/src/logfiltereddataworker.cpp:matchProcessorEndTime","matchProcessorEndTime","src/logdata/src/logfiltereddataworker.cpp",434,434,"                }

                const auto matchProcessorEndTime = high_resolution_clock::now();
                matchCombiningDuration += duration_cast<microseconds>( matchProcessorEndTime
                                                                       - matchProcessorStartTime );
",""
"Variable:src/logdata/src/logfiltereddataworker.cpp:percentage","percentage","src/logdata/src/logfiltereddataworker.cpp",437,438,"                matchCombiningDuration += duration_cast<microseconds>( matchProcessorEndTime
                                                                       - matchProcessorStartTime );
                const int percentage
                    = calculateProgress( totalProcessedLines.get(), totalLines.get() );

                if ( percentage > reportedPercentage || nbMatches > reportedMatches ) {
",""
"Variable:src/logdata/src/logfiltereddataworker.cpp:searchProgressed","searchProgressed","src/logdata/src/logfiltereddataworker.cpp",442,443,"                if ( percentage > reportedPercentage || nbMatches > reportedMatches ) {

                    Q_EMIT searchProgressed( nbMatches, std::min( 99, percentage ), initialLine,
                                             searchGeneration_ );

                    reportedPercentage = percentage;
",""
"Variable:src/logdata/src/logfiltereddataworker.cpp:chunkStart","chunkStart","src/logdata/src/logfiltereddataworker.cpp",462,462,"    tbb::flow::make_edge( matchProcessor, blockPrefetcher.decrementer() );

    auto chunkStart = initialLine;
    while ( chunkStart < endLine && !interruptRequested_ ) {
        const auto lineSourceStartTime = high_resolution_clock::now();
",""
"Variable:src/logdata/src/logfiltereddataworker.cpp:lineSourceStartTime","lineSourceStartTime","src/logdata/src/logfiltereddataworker.cpp",464,464,"    auto chunkStart = initialLine;
    while ( chunkStart < endLine && !interruptRequested_ ) {
        const auto lineSourceStartTime = high_resolution_clock::now();
        LOG_DEBUG << ""Reading chunk starting at "" << chunkStart;

",""
"Variable:src/logdata/src/logfiltereddataworker.cpp:linesInChunk","linesInChunk","src/logdata/src/logfiltereddataworker.cpp",467,468,"        LOG_DEBUG << ""Reading chunk starting at "" << chunkStart;

        const auto linesInChunk
            = LinesCount( qMin( nbLinesInChunk.get(), ( endLine - chunkStart ).get() ) );
        auto lines = sourceLogData_.getLinesRaw( chunkStart, linesInChunk );

",""
"Variable:src/logdata/src/logfiltereddataworker.cpp:lines","lines","src/logdata/src/logfiltereddataworker.cpp",469,469,"        const auto linesInChunk
            = LinesCount( qMin( nbLinesInChunk.get(), ( endLine - chunkStart ).get() ) );
        auto lines = sourceLogData_.getLinesRaw( chunkStart, linesInChunk );

        /*LOG_DEBUG << ""Sending chunk starting at "" << chunkStart << "", "" <<
",""
"Variable:src/logdata/src/logfiltereddataworker.cpp:blockData","blockData","src/logdata/src/logfiltereddataworker.cpp",474,475,"            lines.second.size()
                << "" lines read."";*/
        auto blockData
            = std::make_shared<SearchBlockData>( SearchBlockData{ chunkStart, std::move( lines ) } );

        const auto lineSourceEndTime = high_resolution_clock::now();
",""
"Variable:src/logdata/src/logfiltereddataworker.cpp:lineSourceEndTime","lineSourceEndTime","src/logdata/src/logfiltereddataworker.cpp",477,477,"            = std::make_shared<SearchBlockData>( SearchBlockData{ chunkStart, std::move( lines ) } );

        const auto lineSourceEndTime = high_resolution_clock::now();
        const auto chunkReadTime
            = duration_cast<microseconds>( lineSourceEndTime - lineSourceStartTime );
",""
"Variable:src/logdata/src/logfiltereddataworker.cpp:chunkReadTime","chunkReadTime","src/logdata/src/logfiltereddataworker.cpp",478,479,"
        const auto lineSourceEndTime = high_resolution_clock::now();
        const auto chunkReadTime
            = duration_cast<microseconds>( lineSourceEndTime - lineSourceStartTime );

        /*LOG_DEBUG << ""Sent chunk starting at "" << chunkStart << "", "" <<
",""
"Variable:src/logdata/src/logfiltereddataworker.cpp:t2","t2","src/logdata/src/logfiltereddataworker.cpp",497,497,"    searchGraph.wait_for_all();

    high_resolution_clock::time_point t2 = high_resolution_clock::now();
    const auto durationUs = duration_cast<microseconds>( t2 - t1 );
    const auto durationMs = duration_cast<milliseconds>( t2 - t1 );
",""
"Variable:src/logdata/src/logfiltereddataworker.cpp:durationUs","durationUs","src/logdata/src/logfiltereddataworker.cpp",498,498,"
    high_resolution_clock::time_point t2 = high_resolution_clock::now();
    const auto durationUs = duration_cast<microseconds>( t2 - t1 );
    const auto durationMs = duration_cast<milliseconds>( t2 - t1 );

",""
"Variable:src/logdata/src/logfiltereddataworker.cpp:durationMs","durationMs","src/logdata/src/logfiltereddataworker.cpp",499,499,"    high_resolution_clock::time_point t2 = high_resolution_clock::now();
    const auto durationUs = duration_cast<microseconds>( t2 - t1 );
    const auto durationMs = duration_cast<milliseconds>( t2 - t1 );

    LOG_INFO << ""Searching done, overall duration "" << durationUs;
",""
"Variable:src/logdata/src/logfiltereddataworker.cpp:totalFileSize","totalFileSize","src/logdata/src/logfiltereddataworker.cpp",509,509,"    }

    const auto totalFileSize = sourceLogData_.getFileSize();

    LOG_INFO << ""Searching perf ""
",""
"Variable:src/logdata/src/logfiltereddataworker.cpp:errorString","errorString","src/logdata/src/logfiltereddataworker.cpp",534,534,"        doSearch( searchData, 0_lnum );
    } catch ( const std::exception& err ) {
        const auto errorString = QString( ""FullSearchOperation failed: %1"" ).arg( err.what() );
        LOG_ERROR << errorString;
        dispatchToMainThread( [ errorString ]() {
",""
"Variable:src/logdata/src/logfiltereddataworker.cpp:initialLine","initialLine","src/logdata/src/logfiltereddataworker.cpp",547,547,"{
    try {
        auto initialLine = qMax( searchData.getLastProcessedLine(), initialPosition_ );

        if ( initialLine.get() >= 1 ) {
",""
"Variable:src/logdata/src/logfiltereddata.cpp:previousRegExp","previousRegExp","src/logdata/src/logfiltereddata.cpp",121,121,"
    const auto& config = Configuration::get();
    const auto previousRegExp = currentRegExp_;
    auto previousCompiledRegExp = compiledRegExp_;

",""
"Variable:src/logdata/src/logfiltereddata.cpp:previousCompiledRegExp","previousCompiledRegExp","src/logdata/src/logfiltereddata.cpp",122,122,"    const auto& config = Configuration::get();
    const auto previousRegExp = currentRegExp_;
    auto previousCompiledRegExp = compiledRegExp_;

    clearSearch();
",""
"Variable:src/logdata/src/logfiltereddata.cpp:shouldRunSearch","shouldRunSearch","src/logdata/src/logfiltereddata.cpp",148,148,"             << endLine.get();

    bool shouldRunSearch = true;
    if ( config.useSearchResultsCache() ) {
        const auto cachedResults = searchResultsCache_.find( currentSearchKey_ );
",""
"Variable:src/logdata/src/logfiltereddata.cpp:cachedResults","cachedResults","src/logdata/src/logfiltereddata.cpp",150,150,"    bool shouldRunSearch = true;
    if ( config.useSearchResultsCache() ) {
        const auto cachedResults = searchResultsCache_.find( currentSearchKey_ );
        if ( cachedResults != std::end( searchResultsCache_ ) ) {
            LOG_INFO << ""Got result from cache"";
",""
"Variable:src/logdata/src/logfiltereddata.cpp:searchProgressed","searchProgressed","src/logdata/src/logfiltereddata.cpp",159,159,"            marks_and_matches_ = matching_lines_ | marks_;

            Q_EMIT searchProgressed( LinesCount( matching_lines_.cardinality() ), 100, startLine );
        }
    }
",""
"Variable:src/logdata/src/logfiltereddata.cpp:previousProcessed","previousProcessed","src/logdata/src/logfiltereddata.cpp",179,179,"    }

    auto previousProcessed = LineNumber( nbLinesProcessed_.get() );

    if ( endLine <= previousProcessed ) {
",""
"Variable:src/logdata/src/logfiltereddata.cpp:initialLine","initialLine","src/logdata/src/logfiltereddata.cpp",190,190,"    }

    auto initialLine = qMax( previousProcessed, startLine );

    if ( initialLine.get() >= 1 ) {
",""
"Variable:src/logdata/src/logfiltereddata.cpp:line_type","line_type","src/logdata/src/logfiltereddata.cpp",278,278,"LogFilteredData::LineType LogFilteredData::lineTypeByLine( LineNumber lineNumber ) const
{
    LineType line_type = LineTypeFlags::Plain;

    if ( isLineMarked( lineNumber ) )
",""
"Variable:src/logdata/src/logfiltereddata.cpp:rank","rank","src/logdata/src/logfiltereddata.cpp",339,339,"{
    OptionalLineNumber marked_line;
    const LineNumber::UnderlyingType rank = marks_.rank( line.get() );
    LineNumber::UnderlyingType nextMark;
    if ( marks_.select( rank, &nextMark ) ) {
",""
"Variable:src/logdata/src/logfiltereddata.cpp:maxCacheLines","maxCacheLines","src/logdata/src/logfiltereddata.cpp",438,438,"    }

    const uint64_t maxCacheLines = config.searchResultsCacheLines();

    if ( matching_lines_.cardinality() > maxCacheLines ) {
",""
"Variable:src/logdata/src/logfiltereddata.cpp:cacheSize","cacheSize","src/logdata/src/logfiltereddata.cpp",449,452,"
        searchResultsCache_[ currentSearchKey_ ] = { matching_lines_, maxLength_ };
        auto cacheSize = std::accumulate( searchResultsCache_.cbegin(), searchResultsCache_.cend(),
                                          uint64_t{ 0 }, []( const auto& acc, const auto& next ) {
                                              return acc + next.second.matching_lines.cardinality();
                                          } );

        LOG_INFO << ""LogFilteredData: cache size "" << cacheSize;
",""
"Variable:src/logdata/src/logfiltereddata.cpp:cachedResult","cachedResult","src/logdata/src/logfiltereddata.cpp",456,456,"        LOG_INFO << ""LogFilteredData: cache size "" << cacheSize;

        auto cachedResult = std::begin( searchResultsCache_ );
        while ( cachedResult != std::end( searchResultsCache_ ) && cacheSize > maxCacheLines ) {

",""
"Variable:src/logdata/src/logfiltereddata.cpp:searchResults","searchResults","src/logdata/src/logfiltereddata.cpp",490,490,"    }

    const auto searchResults = workerThread_.getSearchResults();

    matching_lines_ |= searchResults.newMatches;
",""
"Variable:src/logdata/src/logfiltereddata.cpp:line","line","src/logdata/src/logfiltereddata.cpp",560,560,"    const auto& currentResults = currentResultArray();

    LineNumber::UnderlyingType line = {};
    if ( currentResults.select( index.get(), &line ) ) {
        return LineNumber( line );
",""
"Variable:src/logdata/src/logfiltereddata.cpp:index","index","src/logdata/src/logfiltereddata.cpp",589,589,"LineNumber LogFilteredData::findFilteredLine( LineNumber lineNum ) const
{
    LineNumber::UnderlyingType index = currentResultArray().rank( lineNum.get() );

    if ( index > 0 ) {
",""
"Variable:src/logdata/src/logfiltereddata.cpp:lineNumbers","lineNumbers","src/logdata/src/logfiltereddata.cpp",630,630,"                             const std::function<QString( LineNumber )>& lineGetter ) const
{
    klogg::vector<LineNumber::UnderlyingType> lineNumbers( number.get() );
    std::iota( lineNumbers.begin(), lineNumbers.end(), first_line.get() );

",""
"Variable:src/logdata/src/logfiltereddata.cpp:lines","lines","src/logdata/src/logfiltereddata.cpp",633,633,"    std::iota( lineNumbers.begin(), lineNumbers.end(), first_line.get() );

    klogg::vector<QString> lines( number.get() );
    std::transform(
        lineNumbers.cbegin(), lineNumbers.cend(), lines.begin(),
",""
"Variable:src/logdata/src/logfiltereddata.cpp:nbLines","nbLines","src/logdata/src/logfiltereddata.cpp",649,649,"LinesCount LogFilteredData::doGetNbLine() const
{
    const LinesCount::UnderlyingType nbLines = currentResultArray().cardinality();
    return LinesCount( nbLines );
}
",""
"Variable:src/logdata/src/logdataworker.cpp:IndexingBlockSize","IndexingBlockSize","src/logdata/src/logdataworker.cpp",68,68,"#include ""logdataworker.h""

constexpr int IndexingBlockSize = 5 * 1024 * 1024;

qint64 IndexingData::getIndexedSize() const
",""
"Variable:src/logdata/src/logdataworker.cpp:operationRequested","operationRequested","src/logdata/src/logdataworker.cpp",222,223,"            LOG_INFO << ""FullIndex thread started"";
            operationStarted.release();
            auto operationRequested = std::make_unique<FullIndexOperation>(
                fileName, indexing_data_, interruptRequest_, forcedEncoding );
            return connectSignalsAndRun( operationRequested.get() );
        } ) );
",""
"Variable:src/logdata/src/logdataworker.cpp:result","result","src/logdata/src/logdataworker.cpp",279,279,"             &LogDataWorker::onCheckFileFinished );

    auto result = operationRequested->run();

    operationRequested->disconnect( this );
",""
"Variable:src/logdata/src/logdataworker.cpp:nextDelimeter","nextDelimeter","src/logdata/src/logdataworker.cpp",318,318,"                                                        std::string_view data, char delimeter )
{
    auto nextDelimeter = data.find( delimeter );

    if ( nextDelimeter == std::string_view::npos ) {
",""
"Variable:src/logdata/src/logdataworker.cpp:isNotDelimeter","isNotDelimeter","src/logdata/src/logdataworker.cpp",324,345,"    }

    const auto isNotDelimeter = [ &encodingParams, data ]( std::string_view::size_type checkPos ) {
        const auto lineFeedWidth
            = static_cast<std::string_view::size_type>( encodingParams.lineFeedWidth );

        const auto isCheckForward = encodingParams.lineFeedIndex == 0;

        if ( isCheckForward && checkPos + lineFeedWidth > data.size() ) {
            return true;
        }
        else if ( !isCheckForward && checkPos < lineFeedWidth - 1 ) {
            return true;
        }

        for ( auto i = 1u; i < lineFeedWidth; ++i ) {
            const auto nextByte = isCheckForward ? data[ checkPos + i ] : data[ checkPos - i ];
            if ( nextByte != '\0' ) {
                return true;
            }
        }

        return false;
    };

    while ( nextDelimeter != std::string_view::npos && isNotDelimeter( nextDelimeter ) ) {
",""
"Variable:src/logdata/src/logdataworker.cpp:lineFeedWidth","lineFeedWidth","src/logdata/src/logdataworker.cpp",325,326,"
    const auto isNotDelimeter = [ &encodingParams, data ]( std::string_view::size_type checkPos ) {
        const auto lineFeedWidth
            = static_cast<std::string_view::size_type>( encodingParams.lineFeedWidth );

        const auto isCheckForward = encodingParams.lineFeedIndex == 0;
",""
"Variable:src/logdata/src/logdataworker.cpp:isCheckForward","isCheckForward","src/logdata/src/logdataworker.cpp",328,328,"            = static_cast<std::string_view::size_type>( encodingParams.lineFeedWidth );

        const auto isCheckForward = encodingParams.lineFeedIndex == 0;

        if ( isCheckForward && checkPos + lineFeedWidth > data.size() ) {
",""
"Variable:src/logdata/src/logdataworker.cpp:i","i","src/logdata/src/logdataworker.cpp",337,337,"        }

        for ( auto i = 1u; i < lineFeedWidth; ++i ) {
            const auto nextByte = isCheckForward ? data[ checkPos + i ] : data[ checkPos - i ];
            if ( nextByte != '\0' ) {
",""
"Variable:src/logdata/src/logdataworker.cpp:nextByte","nextByte","src/logdata/src/logdataworker.cpp",338,338,"
        for ( auto i = 1u; i < lineFeedWidth; ++i ) {
            const auto nextByte = isCheckForward ? data[ checkPos + i ] : data[ checkPos - i ];
            if ( nextByte != '\0' ) {
                return true;
",""
"Variable:src/logdata/src/logdataworker.cpp:additionalSpaces","additionalSpaces","src/logdata/src/logdataworker.cpp",376,376,"                  LineLength::UnderlyingType initialAdditionalSpaces = 0 )
{
    auto additionalSpaces = initialAdditionalSpaces;
    while ( !blockToExpand.empty() ) {
        const auto nextTab = findNextDelimeter( encodingParams, blockToExpand, '\t' );
",""
"Variable:src/logdata/src/logdataworker.cpp:nextTab","nextTab","src/logdata/src/logdataworker.cpp",378,378,"    auto additionalSpaces = initialAdditionalSpaces;
    while ( !blockToExpand.empty() ) {
        const auto nextTab = findNextDelimeter( encodingParams, blockToExpand, '\t' );
        if ( nextTab == std::string_view::npos ) {
            break;
",""
"Variable:src/logdata/src/logdataworker.cpp:tabPosWithinBlock","tabPosWithinBlock","src/logdata/src/logdataworker.cpp",383,384,"        }

        const auto tabPosWithinBlock
            = charOffsetWithinBlock( block.data(), blockToExpand.data() + nextTab, encodingParams );

        LOG_DEBUG << ""Tab at "" << tabPosWithinBlock;
",""
"Variable:src/logdata/src/logdataworker.cpp:currentExpandedSize","currentExpandedSize","src/logdata/src/logdataworker.cpp",388,388,"        LOG_DEBUG << ""Tab at "" << tabPosWithinBlock;

        const auto currentExpandedSize = tabPosWithinBlock - posWithinBlock + additionalSpaces;

        additionalSpaces += TabStop - ( currentExpandedSize % TabStop ) - 1;
",""
"Variable:src/logdata/src/logdataworker.cpp:searchStart","searchStart","src/logdata/src/logdataworker.cpp",405,405,"                  FindDelimeter findNextDelimeter )
{
    const auto searchStart = block.data() + posWithinBlock;
    const auto searchLineSize = static_cast<size_t>( klogg::ssize( block ) - posWithinBlock );

",""
"Variable:src/logdata/src/logdataworker.cpp:searchLineSize","searchLineSize","src/logdata/src/logdataworker.cpp",406,406,"{
    const auto searchStart = block.data() + posWithinBlock;
    const auto searchLineSize = static_cast<size_t>( klogg::ssize( block ) - posWithinBlock );

    const auto blockView = std::string_view( searchStart, searchLineSize );
",""
"Variable:src/logdata/src/logdataworker.cpp:blockView","blockView","src/logdata/src/logdataworker.cpp",408,408,"    const auto searchLineSize = static_cast<size_t>( klogg::ssize( block ) - posWithinBlock );

    const auto blockView = std::string_view( searchStart, searchLineSize );
    const auto nextLineFeed = findNextDelimeter( state.encodingParams, blockView, '\n' );

",""
"Variable:src/logdata/src/logdataworker.cpp:nextLineFeed","nextLineFeed","src/logdata/src/logdataworker.cpp",409,409,"
    const auto blockView = std::string_view( searchStart, searchLineSize );
    const auto nextLineFeed = findNextDelimeter( state.encodingParams, blockView, '\n' );

    const auto isEndOfBlock = nextLineFeed == std::string_view::npos;
",""
"Variable:src/logdata/src/logdataworker.cpp:isEndOfBlock","isEndOfBlock","src/logdata/src/logdataworker.cpp",411,411,"    const auto nextLineFeed = findNextDelimeter( state.encodingParams, blockView, '\n' );

    const auto isEndOfBlock = nextLineFeed == std::string_view::npos;
    const auto nextLineSize = !isEndOfBlock ? nextLineFeed : searchLineSize;

",""
"Variable:src/logdata/src/logdataworker.cpp:nextLineSize","nextLineSize","src/logdata/src/logdataworker.cpp",412,412,"
    const auto isEndOfBlock = nextLineFeed == std::string_view::npos;
    const auto nextLineSize = !isEndOfBlock ? nextLineFeed : searchLineSize;

    posWithinBlock
",""
"Variable:src/logdata/src/logdataworker.cpp:posWithinBlock","posWithinBlock","src/logdata/src/logdataworker.cpp",449,450,"        }

        auto posWithinBlock = type_safe::narrow_cast<int>(
            state.pos >= blockBeginning ? ( state.pos - blockBeginning ) : 0 );

        isEndOfBlock = posWithinBlock == klogg::ssize( block );
",""
"Variable:src/logdata/src/logdataworker.cpp:currentDataEnd","currentDataEnd","src/logdata/src/logdataworker.cpp",459,459,"        }

        const auto currentDataEnd = posWithinBlock + blockBeginning;

        const auto length
",""
"Variable:src/logdata/src/logdataworker.cpp:length","length","src/logdata/src/logdataworker.cpp",461,464,"        const auto currentDataEnd = posWithinBlock + blockBeginning;

        const auto length
            = type_safe::narrow_cast<LineLength::UnderlyingType>( currentDataEnd - state.pos )
                  / state.encodingParams.lineFeedWidth
              + state.additional_spaces;

        state.max_length = std::max( state.max_length, length );
",""
"Variable:src/logdata/src/logdataworker.cpp:sentBlocksCount","sentBlocksCount","src/logdata/src/logdataworker.cpp",514,514,"    LOG_INFO << ""Starting IO thread"";

    int sentBlocksCount = 0;

    microseconds ioDuration{};
",""
"Variable:src/logdata/src/logdataworker.cpp:ioDuration","ioDuration","src/logdata/src/logdataworker.cpp",516,516,"    int sentBlocksCount = 0;

    microseconds ioDuration{};
    while ( !file.atEnd() ) {

",""
"Variable:src/logdata/src/logdataworker.cpp:blockData","blockData","src/logdata/src/logdataworker.cpp",523,523,"        }

        BlockData blockData{ file.pos(), new klogg::vector<char>( IndexingBlockSize ) };

        clock::time_point ioT1 = clock::now();
",""
"Variable:src/logdata/src/logdataworker.cpp:ioT1","ioT1","src/logdata/src/logdataworker.cpp",525,525,"        BlockData blockData{ file.pos(), new klogg::vector<char>( IndexingBlockSize ) };

        clock::time_point ioT1 = clock::now();
        const auto readBytes
            = file.read( blockData.second->data(), klogg::ssize( *blockData.second ) );
",""
"Variable:src/logdata/src/logdataworker.cpp:readBytes","readBytes","src/logdata/src/logdataworker.cpp",526,527,"
        clock::time_point ioT1 = clock::now();
        const auto readBytes
            = file.read( blockData.second->data(), klogg::ssize( *blockData.second ) );

        if ( readBytes < 0 ) {
",""
"Variable:src/logdata/src/logdataworker.cpp:ioT2","ioT2","src/logdata/src/logdataworker.cpp",538,538,"        }

        clock::time_point ioT2 = clock::now();

        ioDuration += duration_cast<microseconds>( ioT2 - ioT1 );
",""
"Variable:src/logdata/src/logdataworker.cpp:lastBlock","lastBlock","src/logdata/src/logdataworker.cpp",552,552,"    }

    auto lastBlock = std::make_pair( -1, new klogg::vector<char>{} );
    while ( !blockPrefetcher.try_put( lastBlock ) && !interruptRequest_ ) {
        std::this_thread::sleep_for( std::chrono::milliseconds( 1 ) );
",""
"Variable:src/logdata/src/logdataworker.cpp:scopedAccessor","scopedAccessor","src/logdata/src/logdataworker.cpp",572,572,"    }

    IndexingData::MutateAccessor scopedAccessor{ indexing_data_.get() };

    guessEncoding( block, scopedAccessor, state );
",""
"Variable:src/logdata/src/logdataworker.cpp:linePositions","linePositions","src/logdata/src/logdataworker.cpp",577,577,"
    if ( !block.empty() ) {
        const auto linePositions = parseDataBlock( blockBeginning, block, state );
        auto maxLength = state.max_length;
        if ( maxLength > std::numeric_limits<LineLength::UnderlyingType>::max() ) {
",""
"Variable:src/logdata/src/logdataworker.cpp:maxLength","maxLength","src/logdata/src/logdataworker.cpp",578,578,"    if ( !block.empty() ) {
        const auto linePositions = parseDataBlock( blockBeginning, block, state );
        auto maxLength = state.max_length;
        if ( maxLength > std::numeric_limits<LineLength::UnderlyingType>::max() ) {
            LOG_ERROR << ""Too long lines "" << maxLength;
",""
"Variable:src/logdata/src/logdataworker.cpp:progress","progress","src/logdata/src/logdataworker.cpp",589,590,"
        // Update the caller for progress indication
        const auto progress
            = ( state.file_size > 0 ) ? calculateProgress( state.pos, state.file_size ) : 100;

        if ( progress != scopedAccessor.getProgress() ) {
",""
"Variable:src/logdata/src/logdataworker.cpp:indexingProgressed","indexingProgressed","src/logdata/src/logdataworker.cpp",621,621,"
        scopedAccessor.setProgress( 100 );
        Q_EMIT indexingProgressed( 100 );
        return;
    }
",""
"Variable:src/logdata/src/logdataworker.cpp:prefetchBufferSize","prefetchBufferSize","src/logdata/src/logdataworker.cpp",646,646,"
    const auto& config = Configuration::get();
    const auto prefetchBufferSize = static_cast<size_t>( config.indexReadBufferSizeMb() );

    LOG_INFO << ""Prefetch buffer "" << readableSize( prefetchBufferSize * IndexingBlockSize );
",""
"Variable:src/logdata/src/logdataworker.cpp:indexingStartTime","indexingStartTime","src/logdata/src/logdataworker.cpp",654,654,"    microseconds ioDuration{};

    const auto indexingStartTime = clock::now();

    tbb::flow::graph indexingGraph;
",""
"Variable:src/logdata/src/logdataworker.cpp:blockPrefetcher","blockPrefetcher","src/logdata/src/logdataworker.cpp",657,657,"
    tbb::flow::graph indexingGraph;
    auto blockPrefetcher = tbb::flow::limiter_node<BlockData>( indexingGraph, prefetchBufferSize );
    auto blockQueue = tbb::flow::queue_node<BlockData>( indexingGraph );

",""
"Variable:src/logdata/src/logdataworker.cpp:blockQueue","blockQueue","src/logdata/src/logdataworker.cpp",658,658,"    tbb::flow::graph indexingGraph;
    auto blockPrefetcher = tbb::flow::limiter_node<BlockData>( indexingGraph, prefetchBufferSize );
    auto blockQueue = tbb::flow::queue_node<BlockData>( indexingGraph );

    auto blockParser = tbb::flow::function_node<BlockData, tbb::flow::continue_msg>(
",""
"Variable:src/logdata/src/logdataworker.cpp:blockParser","blockParser","src/logdata/src/logdataworker.cpp",660,665,"    auto blockQueue = tbb::flow::queue_node<BlockData>( indexingGraph );

    auto blockParser = tbb::flow::function_node<BlockData, tbb::flow::continue_msg>(
        indexingGraph, tbb::flow::serial, [ this, &state ]( const BlockData& blockData ) {
            indexNextBlock( state, blockData );
            delete blockData.second;
            return tbb::flow::continue_msg{};
        } );

    tbb::flow::make_edge( blockPrefetcher, blockQueue );
",""
"Variable:src/logdata/src/logdataworker.cpp:endFilePos","endFilePos","src/logdata/src/logdataworker.cpp",690,690,"    }

    const auto endFilePos = file.pos();
    file.reset();
    QByteArray hashBuffer( IndexingBlockSize, Qt::Uninitialized );
",""
"Variable:src/logdata/src/logdataworker.cpp:headerHashSize","headerHashSize","src/logdata/src/logdataworker.cpp",693,693,"    file.reset();
    QByteArray hashBuffer( IndexingBlockSize, Qt::Uninitialized );
    const auto headerHashSize = file.read( hashBuffer.data(), hashBuffer.size() );
    FileDigest fastHashDigest;
    fastHashDigest.addData( hashBuffer.data(), static_cast<size_t>( headerHashSize ) );
",""
"Variable:src/logdata/src/logdataworker.cpp:tailHashOffset","tailHashOffset","src/logdata/src/logdataworker.cpp",703,703,"    }
    else {
        const auto tailHashOffset = endFilePos - hashBuffer.size();
        file.seek( tailHashOffset );
        const auto tailHashSize = file.read( hashBuffer.data(), hashBuffer.size() );
",""
"Variable:src/logdata/src/logdataworker.cpp:tailHashSize","tailHashSize","src/logdata/src/logdataworker.cpp",705,705,"        const auto tailHashOffset = endFilePos - hashBuffer.size();
        file.seek( tailHashOffset );
        const auto tailHashSize = file.read( hashBuffer.data(), hashBuffer.size() );
        fastHashDigest.reset();
        fastHashDigest.addData( hashBuffer.data(), static_cast<size_t>( tailHashSize ) );
",""
"Variable:src/logdata/src/logdataworker.cpp:indexingEndTime","indexingEndTime","src/logdata/src/logdataworker.cpp",711,711,"    }

    const auto indexingEndTime = high_resolution_clock::now();
    const auto duration = duration_cast<microseconds>( indexingEndTime - indexingStartTime );

",""
"Variable:src/logdata/src/logdataworker.cpp:duration","duration","src/logdata/src/logdataworker.cpp",712,712,"
    const auto indexingEndTime = high_resolution_clock::now();
    const auto duration = duration_cast<microseconds>( indexingEndTime - indexingStartTime );

    LOG_INFO << ""Indexing done, took "" << duration << "", io "" << ioDuration;
",""
"Variable:src/logdata/src/logdataworker.cpp:errorString","errorString","src/logdata/src/logdataworker.cpp",768,768,"        return result;
    } catch ( const std::exception& err ) {
        const auto errorString = QString( ""FullIndexOperation failed: %1"" ).arg( err.what() );
        LOG_ERROR << errorString;
        dispatchToMainThread( [ errorString ]() {
",""
"Variable:src/logdata/src/logdataworker.cpp:indexingFinished","indexingFinished","src/logdata/src/logdataworker.cpp",779,779,"        }

        Q_EMIT indexingFinished( false );
        return false;
    }
",""
"Variable:src/logdata/src/logdataworker.cpp:initialPosition","initialPosition","src/logdata/src/logdataworker.cpp",789,790,"        LOG_INFO << ""PartialIndexOperation::run(), file "" << fileName_.toStdString();

        const auto initialPosition
            = OffsetInFile( IndexingData::ConstAccessor{ indexing_data_.get() }.getIndexedSize() );

        LOG_INFO << ""PartialIndexOperation: Starting the count at "" << initialPosition << "" ..."";
",""
"Variable:src/logdata/src/logdataworker.cpp:indexedHash","indexedHash","src/logdata/src/logdataworker.cpp",842,842,"{
    QFileInfo info( fileName_ );
    const auto indexedHash = IndexingData::ConstAccessor{ indexing_data_.get() }.getHash();
    const auto realFileSize = info.size();

",""
"Variable:src/logdata/src/logdataworker.cpp:realFileSize","realFileSize","src/logdata/src/logdataworker.cpp",843,843,"    QFileInfo info( fileName_ );
    const auto indexedHash = IndexingData::ConstAccessor{ indexing_data_.get() }.getHash();
    const auto realFileSize = info.size();

    if ( realFileSize == 0 || realFileSize < indexedHash.size ) {
",""
"Variable:src/logdata/src/logdataworker.cpp:buffer","buffer","src/logdata/src/logdataworker.cpp",852,852,"        QFile file( fileName_ );

        QByteArray buffer{ IndexingBlockSize, Qt::Uninitialized };

        bool isFileModified = false;
",""
"Variable:src/logdata/src/logdataworker.cpp:isFileModified","isFileModified","src/logdata/src/logdataworker.cpp",854,854,"        QByteArray buffer{ IndexingBlockSize, Qt::Uninitialized };

        bool isFileModified = false;
        const auto& config = Configuration::get();

",""
"Variable:src/logdata/src/logdataworker.cpp:getDigest","getDigest","src/logdata/src/logdataworker.cpp",862,879,"        }

        const auto getDigest = [ &file, &buffer ]( const qint64 indexedSize ) {
            FileDigest fileDigest;
            auto readSize = 0ll;
            auto totalSize = 0ll;
            do {
                const auto bytesToRead
                    = std::min( static_cast<qint64>( buffer.size() ), indexedSize - totalSize );
                readSize = file.read( buffer.data(), bytesToRead );

                if ( readSize > 0 ) {
                    fileDigest.addData( buffer.data(), static_cast<size_t>( readSize ) );
                    totalSize += readSize;
                }

            } while ( readSize > 0 && totalSize < indexedSize );

            return fileDigest.digest();
        };
        if ( config.fastModificationDetection() ) {
            const auto headerDigest = getDigest( indexedHash.headerSize );
",""
"Variable:src/logdata/src/logdataworker.cpp:readSize","readSize","src/logdata/src/logdataworker.cpp",864,864,"        const auto getDigest = [ &file, &buffer ]( const qint64 indexedSize ) {
            FileDigest fileDigest;
            auto readSize = 0ll;
            auto totalSize = 0ll;
            do {
",""
"Variable:src/logdata/src/logdataworker.cpp:totalSize","totalSize","src/logdata/src/logdataworker.cpp",865,865,"            FileDigest fileDigest;
            auto readSize = 0ll;
            auto totalSize = 0ll;
            do {
                const auto bytesToRead
",""
"Variable:src/logdata/src/logdataworker.cpp:bytesToRead","bytesToRead","src/logdata/src/logdataworker.cpp",867,868,"            auto totalSize = 0ll;
            do {
                const auto bytesToRead
                    = std::min( static_cast<qint64>( buffer.size() ), indexedSize - totalSize );
                readSize = file.read( buffer.data(), bytesToRead );

",""
"Variable:src/logdata/src/logdataworker.cpp:headerDigest","headerDigest","src/logdata/src/logdataworker.cpp",881,881,"        };
        if ( config.fastModificationDetection() ) {
            const auto headerDigest = getDigest( indexedHash.headerSize );

            LOG_INFO << ""indexed header xxhash "" << indexedHash.headerDigest;
",""
"Variable:src/logdata/src/logdataworker.cpp:tailDigest","tailDigest","src/logdata/src/logdataworker.cpp",891,891,"            if ( !isFileModified ) {
                file.seek( indexedHash.tailOffset );
                const auto tailDigest = getDigest( indexedHash.tailSize );

                LOG_INFO << ""indexed tail xxhash "" << indexedHash.tailDigest;
",""
"Variable:src/logdata/src/logdataworker.cpp:realHashDigest","realHashDigest","src/logdata/src/logdataworker.cpp",902,902,"        else {

            const auto realHashDigest = getDigest( indexedHash.size );

            LOG_INFO << ""indexed xxhash "" << indexedHash.fullDigest;
",""
"Variable:src/logdata/src/logdataoperation.cpp:defaultEncodingMib","defaultEncodingMib","src/logdata/src/logdataoperation.cpp",47,47,"void AttachOperation::doStart( LogDataWorker& workerThread ) const
{
    const auto defaultEncodingMib = Configuration::get().defaultEncodingMib();
    LOG_INFO << ""Attaching "" << filename_ << "", encoding "" << defaultEncodingMib;
    workerThread.attachFile( filename_ );
",""
"Variable:src/logdata/src/logdata.cpp:worker","worker","src/logdata/src/logdata.cpp",71,71,"             &LogData::fileChangedOnDisk, Qt::QueuedConnection );

    auto worker = std::make_unique<LogDataWorker>( indexing_data_ );

    // Forward the update signal
",""
"Variable:src/logdata/src/logdata.cpp:defaultEncodingMib","defaultEncodingMib","src/logdata/src/logdata.cpp",89,89,"    }

    const auto defaultEncodingMib = config.defaultEncodingMib();
    if ( defaultEncodingMib >= 0 ) {
        codec_.setCodec( QTextCodec::codecForMib( defaultEncodingMib ) );
",""
"Variable:src/logdata/src/logdata.cpp:scopedAccessor","scopedAccessor","src/logdata/src/logdata.cpp",103,103,"void LogData::setPrefilter( const QString& prefilterPattern )
{
    IndexingData::MutateAccessor scopedAccessor{ indexing_data_.get() };
    prefilterPattern_ = prefilterPattern;
}
",""
"Variable:src/logdata/src/logdata.cpp:currentFileId","currentFileId","src/logdata/src/logdata.cpp",159,159,"
    QFileInfo info( indexingFileName_ );
    const auto currentFileId = FileId::getFileId( indexingFileName_ );
    const auto attachedFileId = attached_file_->getFileId();

",""
"Variable:src/logdata/src/logdata.cpp:attachedFileId","attachedFileId","src/logdata/src/logdata.cpp",160,160,"    QFileInfo info( indexingFileName_ );
    const auto currentFileId = FileId::getFileId( indexingFileName_ );
    const auto attachedFileId = attached_file_->getFileId();

    const auto indexedHash = IndexingData::ConstAccessor{ indexing_data_.get() }.getHash();
",""
"Variable:src/logdata/src/logdata.cpp:indexedHash","indexedHash","src/logdata/src/logdata.cpp",162,162,"    const auto attachedFileId = attached_file_->getFileId();

    const auto indexedHash = IndexingData::ConstAccessor{ indexing_data_.get() }.getHash();

    LOG_INFO << ""current indexed fileSize="" << indexedHash.size;
",""
"Variable:src/logdata/src/logdata.cpp:isFileIdChanged","isFileIdChanged","src/logdata/src/logdata.cpp",180,180,"    // give details (e.g. kqueues)

    const bool isFileIdChanged = attachedFileId != currentFileId;

    if ( !isFileIdChanged && filename != indexingFileName_ ) {
",""
"Variable:src/logdata/src/logdata.cpp:needReload","needReload","src/logdata/src/logdata.cpp",283,283,"    LOG_DEBUG << ""AbstractLogData::setDisplayEncoding: "" << encoding;
    codec_.setCodec( QTextCodec::codecForName( encoding ) );
    auto needReload = false;
    auto useGuessedCodec = false;

",""
"Variable:src/logdata/src/logdata.cpp:useGuessedCodec","useGuessedCodec","src/logdata/src/logdata.cpp",284,284,"    codec_.setCodec( QTextCodec::codecForName( encoding ) );
    auto needReload = false;
    auto useGuessedCodec = false;

    {
",""
"Variable:src/logdata/src/logdata.cpp:lines","lines","src/logdata/src/logdata.cpp",314,314,"QString LogData::doGetLineString( LineNumber line ) const
{
    const auto lines = doGetLines( line, 1_lcount );
    return lines.empty() ? QString{} : lines.front();
}
",""
"Variable:src/logdata/src/logdata.cpp:fileHolder","fileHolder","src/logdata/src/logdata.cpp",367,367,"                  : QRegularExpression{};

        ScopedFileHolder<FileHolder> fileHolder( attached_file_.get() );

        const auto firstByte
",""
"Variable:src/logdata/src/logdata.cpp:firstByte","firstByte","src/logdata/src/logdata.cpp",369,372,"        ScopedFileHolder<FileHolder> fileHolder( attached_file_.get() );

        const auto firstByte
            = ( firstLine == 0_lnum )
                  ? 0
                  : scopedAccessor.getEndOfLineOffset( firstLine - 1_lcount ).get();

        klogg::vector<OffsetInFile> endOfLines
",""
"Variable:src/logdata/src/logdata.cpp:endOfLines","endOfLines","src/logdata/src/logdata.cpp",374,375,"                  : scopedAccessor.getEndOfLineOffset( firstLine - 1_lcount ).get();

        klogg::vector<OffsetInFile> endOfLines
            = scopedAccessor.getEndOfLineOffsets( firstLine, number );

        const auto lastByte = endOfLines.back().get();
",""
"Variable:src/logdata/src/logdata.cpp:lastByte","lastByte","src/logdata/src/logdata.cpp",377,377,"            = scopedAccessor.getEndOfLineOffsets( firstLine, number );

        const auto lastByte = endOfLines.back().get();

        std::transform(
",""
"Variable:src/logdata/src/logdata.cpp:bytesToRead","bytesToRead","src/logdata/src/logdata.cpp",383,383,"            [ firstByte ]( const OffsetInFile& offset ) { return offset.get() - firstByte; } );

        const auto bytesToRead = lastByte - firstByte;
        LOG_DEBUG << ""will try to read:"" << bytesToRead << "" bytes"";
        rawLines.buffer.resize( static_cast<std::size_t>( bytesToRead ) );
",""
"Variable:src/logdata/src/logdata.cpp:bytesRead","bytesRead","src/logdata/src/logdata.cpp",388,388,"
        fileHolder.getFile()->seek( firstByte );
        const auto bytesRead = fileHolder.getFile()->read( rawLines.buffer.data(), bytesToRead );

        if ( bytesRead != bytesToRead ) {
",""
"Variable:src/logdata/src/logdata.cpp:rawLines","rawLines","src/logdata/src/logdata.cpp",417,417,"    klogg::vector<QString> processedLines;
    try {
        const auto rawLines = getLinesRaw( firstLine, number );
        auto decodedLines = rawLines.decodeLines();

",""
"Variable:src/logdata/src/logdata.cpp:decodedLines","decodedLines","src/logdata/src/logdata.cpp",418,418,"    try {
        const auto rawLines = getLinesRaw( firstLine, number );
        auto decodedLines = rawLines.decodeLines();

        processedLines.reserve( decodedLines.size() );
",""
"Variable:src/logdata/src/logdata.cpp:lineStart","lineStart","src/logdata/src/logdata.cpp",464,464,"
    try {
        qint64 lineStart = 0;
        size_t currentLineIndex = 0;
        const auto lineFeedWidth = textDecoder.encodingParams.lineFeedWidth;
",""
"Variable:src/logdata/src/logdata.cpp:currentLineIndex","currentLineIndex","src/logdata/src/logdata.cpp",465,465,"    try {
        qint64 lineStart = 0;
        size_t currentLineIndex = 0;
        const auto lineFeedWidth = textDecoder.encodingParams.lineFeedWidth;
        for ( const auto& lineEnd : this->endOfLines ) {
",""
"Variable:src/logdata/src/logdata.cpp:lineFeedWidth","lineFeedWidth","src/logdata/src/logdata.cpp",466,466,"        qint64 lineStart = 0;
        size_t currentLineIndex = 0;
        const auto lineFeedWidth = textDecoder.encodingParams.lineFeedWidth;
        for ( const auto& lineEnd : this->endOfLines ) {
            const auto length = lineEnd - lineStart - lineFeedWidth;
",""
"Variable:src/logdata/src/logdata.cpp:length","length","src/logdata/src/logdata.cpp",468,468,"        const auto lineFeedWidth = textDecoder.encodingParams.lineFeedWidth;
        for ( const auto& lineEnd : this->endOfLines ) {
            const auto length = lineEnd - lineStart - lineFeedWidth;
            LOG_DEBUG << ""line "" << this->startLine.get() + currentLineIndex << "", length ""
                      << length;
",""
"Variable:src/logdata/src/logdata.cpp:maxlength","maxlength","src/logdata/src/logdata.cpp",472,472,"                      << length;

            constexpr auto maxlength = std::numeric_limits<int>::max() / 2;
            if ( length >= maxlength ) {
                decodedLines.emplace_back( ""KLOGG WARNING: this line is too long"" );
",""
"Variable:src/logdata/src/logdata.cpp:decodedLine","decodedLine","src/logdata/src/logdata.cpp",484,485,"            }

            auto decodedLine = textDecoder.decoder->toUnicode(
                buffer.data() + lineStart, type_safe::narrow_cast<int>( length ) );

            if ( !prefilterPattern.pattern().isEmpty() ) {
",""
"Variable:src/logdata/src/logdata.cpp:resultSize","resultSize","src/logdata/src/logdata.cpp",541,541,"            }

            size_t resultSize = 0;
            // if ( !optimizeForNotLatinEncodings ) {
            //     utf8Data_ = utf16Data.toUtf8();
",""
"Variable:src/logdata/src/logdata.cpp:nextLineFeed","nextLineFeed","src/logdata/src/logdata.cpp",556,556,"        }

        auto nextLineFeed = wholeString.find( '\n' );
        while ( nextLineFeed != std::string_view::npos ) {
            lines.push_back( wholeString.substr( 0, nextLineFeed ) );
",""
"Variable:src/logdata/src/logdata.cpp:lastLineOffset","lastLineOffset","src/logdata/src/logdata.cpp",569,569,"    } catch ( const std::exception& e ) {
        LOG_ERROR << ""failed to transform lines to utf8 "" << e.what();
        const auto lastLineOffset = utf8Data_.size();
        // utf8Data_.append( ""KLOGG WARNING: not enough memory, try decrease search buffer"" );
        lines.reserve( this->endOfLines.size() - lines.size() );
",""
"Variable:src/logdata/src/fileholder.cpp:openedByHandle","openedByHandle","src/logdata/src/fileholder.cpp",18,18,"void openFileByHandle( QFile* file )
{
    bool openedByHandle = false;

#ifdef Q_OS_WIN
",""
"Variable:src/logdata/src/fileholder.cpp:shareMode","shareMode","src/logdata/src/fileholder.cpp",27,27,"
    // Enable full sharing.
    DWORD shareMode = FILE_SHARE_READ | FILE_SHARE_WRITE | FILE_SHARE_DELETE;

    int accessRights = GENERIC_READ;
",""
"Variable:src/logdata/src/fileholder.cpp:accessRights","accessRights","src/logdata/src/fileholder.cpp",29,29,"    DWORD shareMode = FILE_SHARE_READ | FILE_SHARE_WRITE | FILE_SHARE_DELETE;

    int accessRights = GENERIC_READ;
    DWORD creationDisp = OPEN_EXISTING;

",""
"Variable:src/logdata/src/fileholder.cpp:creationDisp","creationDisp","src/logdata/src/fileholder.cpp",30,30,"
    int accessRights = GENERIC_READ;
    DWORD creationDisp = OPEN_EXISTING;

    // Create the file handle.
",""
"Variable:src/logdata/src/fileholder.cpp:securityAtts","securityAtts","src/logdata/src/fileholder.cpp",33,33,"
    // Create the file handle.
    SECURITY_ATTRIBUTES securityAtts = { sizeof( SECURITY_ATTRIBUTES ), NULL, FALSE };
    HANDLE fileHandle
        = CreateFileW( (const wchar_t*)file->fileName().utf16(), accessRights, shareMode,
",""
"Variable:src/logdata/src/fileholder.cpp:fileHandle","fileHandle","src/logdata/src/fileholder.cpp",34,36,"    // Create the file handle.
    SECURITY_ATTRIBUTES securityAtts = { sizeof( SECURITY_ATTRIBUTES ), NULL, FALSE };
    HANDLE fileHandle
        = CreateFileW( (const wchar_t*)file->fileName().utf16(), accessRights, shareMode,
                       &securityAtts, creationDisp, FILE_ATTRIBUTE_NORMAL, NULL );

    if ( fileHandle != INVALID_HANDLE_VALUE ) {
",""
"Variable:src/logdata/src/fileholder.cpp:fd","fd","src/logdata/src/fileholder.cpp",43,43,"        // function. The fd owns the handle, so when QFile later closes
        // the fd the handle will be closed too.
        int fd = _open_osfhandle( (intptr_t)fileHandle, _O_RDONLY );
        LOG_INFO << ""Got fd "" << fd;
        if ( fd != -1 ) {
",""
"Variable:src/logdata/src/fileholder.cpp:opened","opened","src/logdata/src/fileholder.cpp",57,57,"    }
#endif
    bool opened = openedByHandle;
    if ( !opened ) {
        opened = file->open( QIODevice::ReadOnly );
",""
"Variable:src/logdata/src/fileholder.cpp:reopened","reopened","src/logdata/src/fileholder.cpp",161,161,"    LOG_DEBUG << ""reopen "" << file_name_;

    auto reopened = std::make_unique<QFile>( file_name_ );
    if ( QFileInfo( file_name_ ).isReadable() ) {
        openFileByHandle( reopened.get() );
",""
"Variable:src/logdata/src/fileholder.cpp:fileHandleGuard","fileHandleGuard","src/logdata/src/fileholder.cpp",198,198,"
    using FileHandleGuard = std::unique_ptr<void, decltype( &CloseHandle )>;
    auto fileHandleGuard = FileHandleGuard{ fileHandle, CloseHandle };

    BY_HANDLE_FILE_INFORMATION info;
",""
"Variable:src/logdata/src/fileholder.cpp:fileIndex","fileIndex","src/logdata/src/fileholder.cpp",207,207,"    }

    ULARGE_INTEGER fileIndex{};
    fileIndex.LowPart = info.nFileIndexLow;
    fileIndex.HighPart = info.nFileIndexHigh;
",""
"Variable:src/logdata/src/encodingdetector.cpp:Utf8Mib","Utf8Mib","src/logdata/src/encodingdetector.cpp",70,70,"{
    static constexpr QChar LineFeed( QChar::LineFeed );
    static constexpr int Utf8Mib = 106;
    static constexpr int Utf16LEMib = 1014;
    static constexpr int UsAsciiMib = 3;
",""
"Variable:src/logdata/src/encodingdetector.cpp:Utf16LEMib","Utf16LEMib","src/logdata/src/encodingdetector.cpp",71,71,"    static constexpr QChar LineFeed( QChar::LineFeed );
    static constexpr int Utf8Mib = 106;
    static constexpr int Utf16LEMib = 1014;
    static constexpr int UsAsciiMib = 3;

",""
"Variable:src/logdata/src/encodingdetector.cpp:UsAsciiMib","UsAsciiMib","src/logdata/src/encodingdetector.cpp",72,72,"    static constexpr int Utf8Mib = 106;
    static constexpr int Utf16LEMib = 1014;
    static constexpr int UsAsciiMib = 3;

    isUtf8Compatible = codec->mibEnum() == Utf8Mib || codec->mibEnum() == UsAsciiMib;
",""
"Variable:src/logdata/src/encodingdetector.cpp:encodedLineFeed","encodedLineFeed","src/logdata/src/encodingdetector.cpp",78,78,"
    QTextCodec::ConverterState convertState( QTextCodec::IgnoreHeader );
    const QByteArray encodedLineFeed = codec->fromUnicode( &LineFeed, 1, &convertState );

    lineFeedWidth = static_cast<int>( encodedLineFeed.size() );
",""
"Variable:src/logdata/src/encodingdetector.cpp:rc","rc","src/logdata/src/encodingdetector.cpp",91,91,"    UchardetHolder ud;

    auto rc = ud.handle_data( block.data(), block.size() );
    if ( rc == 0 ) {
        ud.data_end();
",""
"Variable:src/logdata/src/encodingdetector.cpp:uchardetGuess","uchardetGuess","src/logdata/src/encodingdetector.cpp",98,98,"    QTextCodec* uchardetCodec = nullptr;
    if ( rc == 0 ) {
        auto uchardetGuess = ud.get_charset();
        LOG_DEBUG << ""Uchardet encoding guess "" << uchardetGuess;
        uchardetCodec = QTextCodec::codecForName( uchardetGuess );
",""
"Variable:src/logdata/src/encodingdetector.cpp:blockArray","blockArray","src/logdata/src/encodingdetector.cpp",109,109,"    }

    QByteArray blockArray = QByteArray::fromRawData( block.data(), klogg::isize( block ) );

    auto encodingGuess = uchardetCodec ? QTextCodec::codecForUtfText( blockArray, uchardetCodec )
",""
"Variable:src/logdata/src/encodingdetector.cpp:encodingGuess","encodingGuess","src/logdata/src/encodingdetector.cpp",111,112,"    QByteArray blockArray = QByteArray::fromRawData( block.data(), klogg::isize( block ) );

    auto encodingGuess = uchardetCodec ? QTextCodec::codecForUtfText( blockArray, uchardetCodec )
                                       : QTextCodec::codecForUtfText( blockArray );

    LOG_DEBUG << ""Final encoding guess "" << encodingGuess->name().constData();
",""
"Variable:src/logdata/src/compressedlinestorage.cpp:SimdIndexBlockSize","SimdIndexBlockSize","src/logdata/src/compressedlinestorage.cpp",39,39,"#include <streamvbytedelta.h>

static constexpr size_t SimdIndexBlockSize = 128;

void CompressedLinePositionStorage::move_from( CompressedLinePositionStorage&& orig ) noexcept
",""
"Variable:src/logdata/src/compressedlinestorage.cpp:requiredInstructions","requiredInstructions","src/logdata/src/compressedlinestorage.cpp",58,58,"CompressedLinePositionStorage::CompressedLinePositionStorage()
{
    auto requiredInstructions = CpuInstructions::SSE41;
    canUseSimdSelect_ = hasRequiredInstructions( supportedCpuInstructions(), requiredInstructions );
}
",""
"Variable:src/logdata/src/compressedlinestorage.cpp:packedLinesSize","packedLinesSize","src/logdata/src/compressedlinestorage.cpp",97,97,"    block.firstLineOffset = currentLinesBlock_.front();

    const size_t packedLinesSize = streamvbyte_max_compressedbytes( SimdIndexBlockSize );
    packedLinesStorage_.resize( packedLinesStorageUsedSize_ + packedLinesSize );
    block.packetStorageOffset = packedLinesStorageUsedSize_;
",""
"Variable:src/logdata/src/compressedlinestorage.cpp:packedBytes","packedBytes","src/logdata/src/compressedlinestorage.cpp",101,103,"    block.packetStorageOffset = packedLinesStorageUsedSize_;

    const size_t packedBytes
        = streamvbyte_delta_encode( currentLinesBlockShifted_.data(), SimdIndexBlockSize,
                                    packedLinesStorage_.data() + block.packetStorageOffset, 0 );

    packedLinesStorageUsedSize_ += packedBytes;
",""
"Variable:src/logdata/src/compressedlinestorage.cpp:blockIndex","blockIndex","src/logdata/src/compressedlinestorage.cpp",119,119,"    }

    const size_t blockIndex = index.get() / SimdIndexBlockSize;
    const size_t indexInBlock = index.get() % SimdIndexBlockSize;

",""
"Variable:src/logdata/src/compressedlinestorage.cpp:indexInBlock","indexInBlock","src/logdata/src/compressedlinestorage.cpp",120,120,"
    const size_t blockIndex = index.get() / SimdIndexBlockSize;
    const size_t indexInBlock = index.get() % SimdIndexBlockSize;

    if ( blockIndex == blocks_.size() ) {
",""
"Variable:src/logdata/src/compressedlinestorage.cpp:firstBlockIndex","firstBlockIndex","src/logdata/src/compressedlinestorage.cpp",189,189,"                                                                  LinesCount count ) const
{
    const size_t firstBlockIndex = firstLine.get() / SimdIndexBlockSize;
    const size_t indexInFirstBlock = firstLine.get() % SimdIndexBlockSize;

",""
"Variable:src/logdata/src/compressedlinestorage.cpp:indexInFirstBlock","indexInFirstBlock","src/logdata/src/compressedlinestorage.cpp",190,190,"{
    const size_t firstBlockIndex = firstLine.get() / SimdIndexBlockSize;
    const size_t indexInFirstBlock = firstLine.get() % SimdIndexBlockSize;

    const LineNumber lastLine = firstLine + count - 1_lcount;
",""
"Variable:src/logdata/src/compressedlinestorage.cpp:lastLine","lastLine","src/logdata/src/compressedlinestorage.cpp",192,192,"    const size_t indexInFirstBlock = firstLine.get() % SimdIndexBlockSize;

    const LineNumber lastLine = firstLine + count - 1_lcount;
    const size_t lastBlockIndex = lastLine.get() / SimdIndexBlockSize;
    const size_t indexInLastBlock = lastLine.get() % SimdIndexBlockSize;
",""
"Variable:src/logdata/src/compressedlinestorage.cpp:lastBlockIndex","lastBlockIndex","src/logdata/src/compressedlinestorage.cpp",193,193,"
    const LineNumber lastLine = firstLine + count - 1_lcount;
    const size_t lastBlockIndex = lastLine.get() / SimdIndexBlockSize;
    const size_t indexInLastBlock = lastLine.get() % SimdIndexBlockSize;

",""
"Variable:src/logdata/src/compressedlinestorage.cpp:indexInLastBlock","indexInLastBlock","src/logdata/src/compressedlinestorage.cpp",194,194,"    const LineNumber lastLine = firstLine + count - 1_lcount;
    const size_t lastBlockIndex = lastLine.get() / SimdIndexBlockSize;
    const size_t indexInLastBlock = lastLine.get() % SimdIndexBlockSize;

    klogg::vector<OffsetInFile> result;
",""
"Variable:src/logdata/src/compressedlinestorage.cpp:lastBlockToUnpack","lastBlockToUnpack","src/logdata/src/compressedlinestorage.cpp",205,205,"    }
    else {
        size_t lastBlockToUnpack = std::min( lastBlockIndex, blocks_.size() - 1 );
        for ( size_t blockIndex = firstBlockIndex; blockIndex <= lastBlockToUnpack; ++blockIndex ) {
            const BlockMetadata& block = blocks_[ blockIndex ];
",""
"Variable:src/logdata/src/compressedlinestorage.cpp:copyFromIndex","copyFromIndex","src/logdata/src/compressedlinestorage.cpp",211,211,"            streamvbyte_delta_decode( &packedLinesStorage_[ block.packetStorageOffset ],
                                      unpackedBlock.data(), SimdIndexBlockSize, 0 );
            const size_t copyFromIndex = blockIndex == firstBlockIndex ? indexInFirstBlock : 0u;
            const size_t copyToIndex
                = blockIndex == lastBlockIndex ? indexInLastBlock + 1 : unpackedBlock.size();
",""
"Variable:src/logdata/src/compressedlinestorage.cpp:copyToIndex","copyToIndex","src/logdata/src/compressedlinestorage.cpp",212,213,"                                      unpackedBlock.data(), SimdIndexBlockSize, 0 );
            const size_t copyFromIndex = blockIndex == firstBlockIndex ? indexInFirstBlock : 0u;
            const size_t copyToIndex
                = blockIndex == lastBlockIndex ? indexInLastBlock + 1 : unpackedBlock.size();

            std::transform( unpackedBlock.begin() + copyFromIndex,
",""
"Variable:src/logdata/src/abstractlogdata.cpp:ln","ln","src/logdata/src/abstractlogdata.cpp",73,73,"LineNumber AbstractLogData::getLineNumber( LineNumber index ) const
{
    LineNumber ln = doGetLineNumber( index );
    // line number in file in editor starts from 1, convert it from 0 based index
    ++ln;
",""
"Variable:src/logdata/include/logfiltereddata.h:seed","seed","src/logdata/include/logfiltereddata.h",279,279,"        std::size_t operator()( const SearchCacheKey& k ) const
        {
            size_t seed = qHash( std::get<0>( k ).pattern );

            hash_combine( seed, std::get<0>( k ).isPlainText );
",""
"Variable:src/logdata/include/linetypes.h:underlyingValue","underlyingValue","src/logdata/include/linetypes.h",58,58,"    constexpr T get() const
    {
        const auto underlyingValue = type_safe::get( *this );

        if constexpr ( std::is_same_v<T, UnderlyingType> ) {
",""
"Variable:src/logdata/include/linetypes.h:TabStop","TabStop","src/logdata/include/linetypes.h",306,306,"
// Length of a tab stop
constexpr int TabStop = 8;

inline QString untabify( QString&& line, LineColumn initialPosition = 0_lcol )
",""
"Variable:src/logdata/include/linetypes.h:position","position","src/logdata/include/linetypes.h",312,312,"    line.replace( QChar::Null, QChar::Space );

    LineLength::UnderlyingType position = 0;
    position = type_safe::narrow_cast<LineLength::UnderlyingType>(
        line.indexOf( QChar::Tabulation, position ) );
",""
"Variable:src/logdata/include/linetypes.h:spaces","spaces","src/logdata/include/linetypes.h",316,316,"        line.indexOf( QChar::Tabulation, position ) );
    while ( position >= 0 ) {
        const auto spaces = TabStop - ( ( initialPosition.get() + position ) % TabStop );
        line.replace( position, 1, QString( spaces, QChar::Space ) );
        position = type_safe::narrow_cast<LineLength::UnderlyingType>(
",""
"Variable:src/logdata/include/linetypes.h:totalSpaces","totalSpaces","src/logdata/include/linetypes.h",328,328,"LineLength getUntabifiedLength( const LineType& utf8Line )
{
    size_t totalSpaces = 0;

    auto tabPosition = utf8Line.find( '\t' );
",""
"Variable:src/logdata/include/linetypes.h:tabPosition","tabPosition","src/logdata/include/linetypes.h",330,330,"    size_t totalSpaces = 0;

    auto tabPosition = utf8Line.find( '\t' );
    while ( tabPosition != std::string_view::npos ) {
        const auto spaces = TabStop - ( ( tabPosition + totalSpaces ) % TabStop ) - 1;
",""
"Variable:src/logdata/include/linepositionarray.h:beginIndex","beginIndex","src/logdata/include/linepositionarray.h",103,103,"        klogg::vector<OffsetInFile> result;
        result.reserve( count.get() );
        const int64_t beginIndex = static_cast<int64_t>( firstLine.get() );
        const int64_t endIndex = std::min( beginIndex + static_cast<int64_t>( count.get() ),
                                           static_cast<int64_t>( storage_.size() ) );
",""
"Variable:src/logdata/include/linepositionarray.h:endIndex","endIndex","src/logdata/include/linepositionarray.h",104,105,"        result.reserve( count.get() );
        const int64_t beginIndex = static_cast<int64_t>( firstLine.get() );
        const int64_t endIndex = std::min( beginIndex + static_cast<int64_t>( count.get() ),
                                           static_cast<int64_t>( storage_.size() ) );

        std::copy_n( storage_.begin() + beginIndex, endIndex - beginIndex,
",""
"Variable:src/logdata/include/linepositionarray.h:pos","pos","src/logdata/include/linepositionarray.h",185,185,"    inline OffsetInFile at( LineNumber::UnderlyingType i ) const
    {
        const auto pos = array.at( i );
        // LOG_DEBUG << ""Line pos at "" << i << "" is "" << pos;
        return pos;
",""
"Variable:src/filewatch/src/filewatcher.cpp:fileInfo","fileInfo","src/filewatch/src/filewatcher.cpp",108,108,"        LOG_DEBUG << fullFileName.toStdString();

        const QFileInfo fileInfo = QFileInfo( fullFileName );

        auto watchedFile
",""
"Variable:src/filewatch/src/filewatcher.cpp:watchedFile","watchedFile","src/filewatch/src/filewatcher.cpp",110,112,"        const QFileInfo fileInfo = QFileInfo( fullFileName );

        auto watchedFile
            = WatchedFile{ fileInfo.fileName().toStdString(),
                           fileInfo.lastModified().toMSecsSinceEpoch(), fileInfo.size() };

        const auto directory = fileInfo.absolutePath().toStdString();
",""
"Variable:src/filewatch/src/filewatcher.cpp:directory","directory","src/filewatch/src/filewatcher.cpp",114,114,"                           fileInfo.lastModified().toMSecsSinceEpoch(), fileInfo.size() };

        const auto directory = fileInfo.absolutePath().toStdString();

        const auto wasEmpty = watchedPaths_.empty();
",""
"Variable:src/filewatch/src/filewatcher.cpp:wasEmpty","wasEmpty","src/filewatch/src/filewatcher.cpp",116,116,"        const auto directory = fileInfo.absolutePath().toStdString();

        const auto wasEmpty = watchedPaths_.empty();

        auto watchedDirectory
",""
"Variable:src/filewatch/src/filewatcher.cpp:watchedDirectory","watchedDirectory","src/filewatch/src/filewatcher.cpp",118,120,"        const auto wasEmpty = watchedPaths_.empty();

        auto watchedDirectory
            = std::find_if( watchedPaths_.begin(), watchedPaths_.end(),
                            [ &directory ]( const auto& wd ) { return wd.name == directory; } );

        const auto tryWatchDirectory = [ this ]( const std::string& path ) {
",""
"Variable:src/filewatch/src/filewatcher.cpp:tryWatchDirectory","tryWatchDirectory","src/filewatch/src/filewatcher.cpp",122,130,"                            [ &directory ]( const auto& wd ) { return wd.name == directory; } );

        const auto tryWatchDirectory = [ this ]( const std::string& path ) {
            auto watchId = nativeWatchEnabled_ ? watcher_.addWatch( path, this, false ) : -111;

            if ( watchId < 0 ) {
                LOG_WARNING << ""failed to add watch "" << path << "" error "" << watchId;
            }

            return watchId;
        };

        if ( watchedDirectory == watchedPaths_.end() ) {
",""
"Variable:src/filewatch/src/filewatcher.cpp:watchId","watchId","src/filewatch/src/filewatcher.cpp",123,123,"
        const auto tryWatchDirectory = [ this ]( const std::string& path ) {
            auto watchId = nativeWatchEnabled_ ? watcher_.addWatch( path, this, false ) : -111;

            if ( watchId < 0 ) {
",""
"Variable:src/filewatch/src/filewatcher.cpp:filename","filename","src/filewatch/src/filewatcher.cpp",172,172,"
        if ( watchedDirectory != watchedPaths_.end() ) {
            const auto filename = fileInfo.fileName().toStdString();

            auto& files = watchedDirectory->files;
",""
"Variable:src/filewatch/src/filewatcher.cpp:collectChangedFiles","collectChangedFiles","src/filewatch/src/filewatcher.cpp",202,229,"    void checkWatches()
    {
        const auto collectChangedFiles = [ this ]() {
            ScopedRecursiveLock lock( mutex_ );

            std::vector<QString> changedFiles;

            for ( auto& dir : watchedPaths_ ) {
                for ( auto& file : dir.files ) {
                    const auto path
                        = QDir::cleanPath( QString::fromStdString( dir.name ) + QDir::separator()
                                           + QString::fromStdString( file.name ) );

                    const auto fileInfo = QFileInfo{ path };

                    auto watchedFile = WatchedFile{ fileInfo.fileName().toStdString(),
                                                    fileInfo.lastModified().toMSecsSinceEpoch(),
                                                    fileInfo.size() };

                    if ( file != watchedFile ) {
                        changedFiles.push_back( path );
                        LOG_INFO << ""will notify for "" << path;
                    }

                    file = std::move( watchedFile );
                }
            }

            return changedFiles;
        };

        for ( const auto& changedFile : collectChangedFiles() ) {
",""
"Variable:src/filewatch/src/filewatcher.cpp:path","path","src/filewatch/src/filewatcher.cpp",209,211,"            for ( auto& dir : watchedPaths_ ) {
                for ( auto& file : dir.files ) {
                    const auto path
                        = QDir::cleanPath( QString::fromStdString( dir.name ) + QDir::separator()
                                           + QString::fromStdString( file.name ) );

                    const auto fileInfo = QFileInfo{ path };
",""
"Variable:src/filewatch/src/filewatcher.cpp:qtDir","qtDir","src/filewatch/src/filewatcher.cpp",261,261,"                             const std::string& oldFilename )
    {
        auto qtDir = QString::fromStdString( dir );
        if ( qtDir.endsWith( QDir::separator() ) ) {
            qtDir.chop( 1 );
",""
"Variable:src/filewatch/src/filewatcher.cpp:isFileWatched","isFileWatched","src/filewatch/src/filewatcher.cpp",292,301,"            std::string changedFilename;

            const auto isFileWatched
                = std::any_of( watchedDirectory->files.begin(), watchedDirectory->files.end(),
                               [ &filename, &oldFilename, &changedFilename ]( const auto& f ) {
                                   if ( f.name == filename || f.name == oldFilename ) {
                                       changedFilename = f.name;
                                       return true;
                                   }

                                   return false;
                               } );

            if ( isFileWatched ) {
",""
"Variable:src/filewatch/src/filewatcher.cpp:fallbackPollingEnabled","fallbackPollingEnabled","src/filewatch/src/filewatcher.cpp",391,391,"{
    const auto& config = Configuration::get();
    const bool fallbackPollingEnabled = efswWatcher_->hasPollingOnlyWatches();
    const bool pollingEnabled = config.pollingEnabled() || fallbackPollingEnabled;

",""
"Variable:src/filewatch/src/filewatcher.cpp:pollingEnabled","pollingEnabled","src/filewatch/src/filewatcher.cpp",392,392,"    const auto& config = Configuration::get();
    const bool fallbackPollingEnabled = efswWatcher_->hasPollingOnlyWatches();
    const bool pollingEnabled = config.pollingEnabled() || fallbackPollingEnabled;

    if ( pollingEnabled ) {
",""
"Variable:src/logging/src/logger.cpp:formattedMessage","formattedMessage","src/logging/src/logger.cpp",56,56,"        }
        
        const auto formattedMessage = qFormatLogMessage( type, context, msg );
        const auto messageToPrint = formattedMessage.toUtf8();

",""
"Variable:src/logging/src/logger.cpp:messageToPrint","messageToPrint","src/logging/src/logger.cpp",57,57,"        
        const auto formattedMessage = qFormatLogMessage( type, context, msg );
        const auto messageToPrint = formattedMessage.toUtf8();

        ScopedLock lock( mutex_ );
",""
"Variable:src/logging/src/logger.cpp:ts","ts","src/logging/src/logger.cpp",60,60,"
        ScopedLock lock( mutex_ );
        QTextStream ts( logFile_.get() );
        ts << messageToPrint << '\n';

",""
"Variable:src/logging/src/logger.cpp:logFileName","logFileName","src/logging/src/logger.cpp",104,107,"
        if ( isEnabled && !logFile_ ) {
            auto logFileName
                = QString( ""klogg_%1_%2.log"" )
                      .arg( QDateTime::currentDateTime().toString( ""yyyy-MM-dd_HH-mm-ss"" ) )
                      .arg( QCoreApplication::applicationPid() );

            logFile_ = std::make_unique<QFile>( QDir::temp().filePath( logFileName ) );
",""
"Variable:src/crash_handler/src/memory_info.cpp:SharedSize","SharedSize","src/crash_handler/src/memory_info.cpp",57,57,"
#if SHARED_TEXT_REGION_SIZE || SHARED_DATA_REGION_SIZE
static constexpr size_t SharedSize = SHARED_TEXT_REGION_SIZE + SHARED_DATA_REGION_SIZE;
#else
static constexpr size_t SharedSize = 0;
",""
"Variable:src/crash_handler/src/memory_info.cpp:size","size","src/crash_handler/src/memory_info.cpp",65,65,"{
    uint64_t memory;
    size_t size = sizeof( memory );
    sysctlbyname( ""hw.memsize"", &memory, &size, NULL, 0 );
    return memory;
",""
"Variable:src/crash_handler/src/memory_info.cpp:msgType","msgType","src/crash_handler/src/memory_info.cpp",74,74,"    kern_return_t status;
    task_basic_info info;
    mach_msg_type_number_t msgType = TASK_BASIC_INFO_COUNT;
    status = task_info( mach_task_self(), TASK_BASIC_INFO, reinterpret_cast<task_info_t>( &info ),
                        &msgType );
",""
"Variable:src/crash_handler/src/memory_info.cpp:pageSize","pageSize","src/crash_handler/src/memory_info.cpp",94,94,"uint64_t systemPhysicalMemory()
{
    const auto pageSize = static_cast<uint64_t>( sysconf( _SC_PAGE_SIZE ) );
    const auto pages = static_cast<uint64_t>( sysconf( _SC_PHYS_PAGES ) );
    return pages * pageSize;
",""
"Variable:src/crash_handler/src/memory_info.cpp:pages","pages","src/crash_handler/src/memory_info.cpp",95,95,"{
    const auto pageSize = static_cast<uint64_t>( sysconf( _SC_PAGE_SIZE ) );
    const auto pages = static_cast<uint64_t>( sysconf( _SC_PHYS_PAGES ) );
    return pages * pageSize;
}
",""
"Variable:src/crash_handler/src/memory_info.cpp:pattern","pattern","src/crash_handler/src/memory_info.cpp",108,108,"
    std::array<char, 200> status;
    static constexpr auto pattern = ""VmSize: %lu"";
    while ( NULL != fgets( status.data(), status.size(), statusFile ) ) {
        if ( 1 == sscanf( status.data(), pattern, &size ) ) {
",""
"Variable:src/crash_handler/src/memory_info.cpp:totalMemory","totalMemory","src/crash_handler/src/memory_info.cpp",123,123,"namespace {
std::once_flag totalMemoryFlag;
static uint64_t totalMemory{};
} // namespace

",""
"Variable:src/crash_handler/src/issuereporter.cpp:DiagnosticsHeader","DiagnosticsHeader","src/crash_handler/src/issuereporter.cpp",31,31,"#include ""issuereporter.h""

static constexpr auto DiagnosticsHeader = ""#### Diagnostics\n\n"";

static constexpr auto DetailsFooter = ""- CILogg version: `%1` (built on `%2` from commit `%3`)\n""
",""
"Variable:src/crash_handler/src/issuereporter.cpp:DetailsFooter","DetailsFooter","src/crash_handler/src/issuereporter.cpp",33,38,"static constexpr auto DiagnosticsHeader = ""#### Diagnostics\n\n"";

static constexpr auto DetailsFooter = ""- CILogg version: `%1` (built on `%2` from commit `%3`)\n""
                                      ""- Build ABI: `%4`\n""
                                      ""- OS: `%5`\n""
                                      ""- Kernel: `%6 %7`\n""
                                      ""- CPU architecture: `%8`\n""
                                      ""- Concurrency: `%9`\n"";

static constexpr auto LibraryVersionsFooter = ""- Qt: `%1`\n""
",""
"Variable:src/crash_handler/src/issuereporter.cpp:LibraryVersionsFooter","LibraryVersionsFooter","src/crash_handler/src/issuereporter.cpp",40,41,"                                      ""- Concurrency: `%9`\n"";

static constexpr auto LibraryVersionsFooter = ""- Qt: `%1`\n""
                                              ""- TBB: `%2`\n"";

static constexpr auto CrashTemplate = ""#### What were you doing when CILogg crashed?\n\n- \n\n""
",""
"Variable:src/crash_handler/src/issuereporter.cpp:CrashTemplate","CrashTemplate","src/crash_handler/src/issuereporter.cpp",43,46,"                                              ""- TBB: `%2`\n"";

static constexpr auto CrashTemplate = ""#### What were you doing when CILogg crashed?\n\n- \n\n""

                                      ""#### Crash id\n\n""
                                      ""`%1`\n\n"";

static constexpr auto CrashReportFooter
",""
"Variable:src/crash_handler/src/issuereporter.cpp:CrashReportFooter","CrashReportFooter","src/crash_handler/src/issuereporter.cpp",48,52,"                                      ""`%1`\n\n"";

static constexpr auto CrashReportFooter
    = ""\n#### Local crash report\n\n""
      ""A local crash report was generated at:\n\n""
      ""`%1`\n\n""
      ""Please review that report locally and paste any relevant stack trace snippets below.\n"";

static constexpr auto ExceptionTemplate = ""#### What did you do?\n\n- \n\n""
",""
"Variable:src/crash_handler/src/issuereporter.cpp:ExceptionTemplate","ExceptionTemplate","src/crash_handler/src/issuereporter.cpp",54,58,"      ""Please review that report locally and paste any relevant stack trace snippets below.\n"";

static constexpr auto ExceptionTemplate = ""#### What did you do?\n\n- \n\n""

                                          ""#### What happened?\n\n- \n\n""
                                          ""#### Exception\n\n""
                                          ""```\n%1\n```\n\n"";

static constexpr auto BugTemplate = ""#### What did you do?\n\n- \n\n""
",""
"Variable:src/crash_handler/src/issuereporter.cpp:BugTemplate","BugTemplate","src/crash_handler/src/issuereporter.cpp",60,62,"                                          ""```\n%1\n```\n\n"";

static constexpr auto BugTemplate = ""#### What did you do?\n\n- \n\n""
                                    ""#### What did you expect to see?\n\n- \n\n""
                                    ""#### What did you see instead?\n\n- \n\n"";

static constexpr auto ExceptionAskUserAction
",""
"Variable:src/crash_handler/src/issuereporter.cpp:ExceptionAskUserAction","ExceptionAskUserAction","src/crash_handler/src/issuereporter.cpp",64,65,"                                    ""#### What did you see instead?\n\n- \n\n"";

static constexpr auto ExceptionAskUserAction
    = ""Ooops! Something unexpected happened. Create an issue on GitHub?"";

static constexpr auto AskUserAction = ""Create an issue on GitHub?"";
",""
"Variable:src/crash_handler/src/issuereporter.cpp:AskUserAction","AskUserAction","src/crash_handler/src/issuereporter.cpp",67,67,"    = ""Ooops! Something unexpected happened. Create an issue on GitHub?"";

static constexpr auto AskUserAction = ""Create an issue on GitHub?"";

namespace {
",""
"Variable:src/crash_handler/src/issuereporter.cpp:askAction","askAction","src/crash_handler/src/issuereporter.cpp",79,80,"                                           const QString& localReportPath )
{
    const auto askAction
        = issueTemplate == IssueTemplate::Exception ? ExceptionAskUserAction : AskUserAction;

    if ( QMessageBox::Yes
",""
"Variable:src/crash_handler/src/issuereporter.cpp:version","version","src/crash_handler/src/issuereporter.cpp",111,111,"    body.append( DiagnosticsHeader );

    const auto version = kloggVersion();
    const auto buildDate = kloggBuildDate();
    const auto commit = kloggCommit();
",""
"Variable:src/crash_handler/src/issuereporter.cpp:buildDate","buildDate","src/crash_handler/src/issuereporter.cpp",112,112,"
    const auto version = kloggVersion();
    const auto buildDate = kloggBuildDate();
    const auto commit = kloggCommit();

",""
"Variable:src/crash_handler/src/issuereporter.cpp:commit","commit","src/crash_handler/src/issuereporter.cpp",113,113,"    const auto version = kloggVersion();
    const auto buildDate = kloggBuildDate();
    const auto commit = kloggCommit();

    const auto os = QSysInfo::prettyProductName();
",""
"Variable:src/crash_handler/src/issuereporter.cpp:os","os","src/crash_handler/src/issuereporter.cpp",115,115,"    const auto commit = kloggCommit();

    const auto os = QSysInfo::prettyProductName();
    const auto kernelType = QSysInfo::kernelType();
    const auto kernelVersion = QSysInfo::kernelVersion();
",""
"Variable:src/crash_handler/src/issuereporter.cpp:kernelType","kernelType","src/crash_handler/src/issuereporter.cpp",116,116,"
    const auto os = QSysInfo::prettyProductName();
    const auto kernelType = QSysInfo::kernelType();
    const auto kernelVersion = QSysInfo::kernelVersion();
    const auto arch = QSysInfo::currentCpuArchitecture();
",""
"Variable:src/crash_handler/src/issuereporter.cpp:kernelVersion","kernelVersion","src/crash_handler/src/issuereporter.cpp",117,117,"    const auto os = QSysInfo::prettyProductName();
    const auto kernelType = QSysInfo::kernelType();
    const auto kernelVersion = QSysInfo::kernelVersion();
    const auto arch = QSysInfo::currentCpuArchitecture();
    const auto builtAbi = QSysInfo::buildAbi();
",""
"Variable:src/crash_handler/src/issuereporter.cpp:arch","arch","src/crash_handler/src/issuereporter.cpp",118,118,"    const auto kernelType = QSysInfo::kernelType();
    const auto kernelVersion = QSysInfo::kernelVersion();
    const auto arch = QSysInfo::currentCpuArchitecture();
    const auto builtAbi = QSysInfo::buildAbi();

",""
"Variable:src/crash_handler/src/issuereporter.cpp:builtAbi","builtAbi","src/crash_handler/src/issuereporter.cpp",119,119,"    const auto kernelVersion = QSysInfo::kernelVersion();
    const auto arch = QSysInfo::currentCpuArchitecture();
    const auto builtAbi = QSysInfo::buildAbi();

    const auto concurrency = QThreadPool::globalInstance()->maxThreadCount();
",""
"Variable:src/crash_handler/src/issuereporter.cpp:concurrency","concurrency","src/crash_handler/src/issuereporter.cpp",121,121,"    const auto builtAbi = QSysInfo::buildAbi();

    const auto concurrency = QThreadPool::globalInstance()->maxThreadCount();

    body.append( QString( DetailsFooter )
",""
"Variable:src/crash_handler/src/issuereporter.cpp:url","url","src/crash_handler/src/issuereporter.cpp",137,138,"               << ""body="" + encodeQueryValue( body );

    QUrl url( QStringLiteral( ""https://github.com/dm17ryk/klogg/issues/new?%1"" )
                  .arg( queryItems.join( '&' ) ) );
    QDesktopServices::openUrl( url );
}
",""
"Variable:src/crash_handler/src/crashhandler.cpp:PrivacyPolicyUrl","PrivacyPolicyUrl","src/crash_handler/src/crashhandler.cpp",57,58,"namespace {

constexpr auto PrivacyPolicyUrl
    = ""https://github.com/dm17ryk/klogg/blob/master/website/content/docs/privacy_policy/_index.md"";

QString sentryDatabasePath()
",""
"Variable:src/crash_handler/src/crashhandler.cpp:basePath","basePath","src/crash_handler/src/crashhandler.cpp",63,63,"{
#ifdef KLOGG_PORTABLE
    auto basePath = QCoreApplication::applicationDirPath();
#else
    auto basePath = QStandardPaths::writableLocation( QStandardPaths::AppDataLocation );
",""
"Variable:src/crash_handler/src/crashhandler.cpp:marker","marker","src/crash_handler/src/crashhandler.cpp",83,83,"void markReportProcessed( const QString& reportPath )
{
    QFile marker{ processedReportMarkerPath( reportPath ) };
    if ( marker.open( QIODevice::WriteOnly | QIODevice::Truncate | QIODevice::Text ) ) {
        marker.write( ""reported-on-github\n"" );
",""
"Variable:src/crash_handler/src/crashhandler.cpp:message","message","src/crash_handler/src/crashhandler.cpp",127,127,"QDialog::DialogCode askUserConfirmation( const QString& formattedReport, const QString& reportPath )
{
    auto message = std::make_unique<QLabel>();
    message->setText( ""During last run application has encountered an unexpected error."" );

",""
"Variable:src/crash_handler/src/crashhandler.cpp:crashReportHeader","crashReportHeader","src/crash_handler/src/crashhandler.cpp",130,130,"    message->setText( ""During last run application has encountered an unexpected error."" );

    auto crashReportHeader = std::make_unique<QLabel>();
    crashReportHeader->setText( ""We collected the following crash report:"" );

",""
"Variable:src/crash_handler/src/crashhandler.cpp:report","report","src/crash_handler/src/crashhandler.cpp",133,133,"    crashReportHeader->setText( ""We collected the following crash report:"" );

    auto report = std::make_unique<QPlainTextEdit>();
    report->setReadOnly( true );
    report->setPlainText( formattedReport );
",""
"Variable:src/crash_handler/src/crashhandler.cpp:sendReportLabel","sendReportLabel","src/crash_handler/src/crashhandler.cpp",138,138,"    report->setSizePolicy( QSizePolicy::Expanding, QSizePolicy::Expanding );

    auto sendReportLabel = std::make_unique<QLabel>();
    sendReportLabel->setText( ""Application can open a prefilled GitHub issue so you can report ""
                              ""this crash to the maintainer."" );
",""
"Variable:src/crash_handler/src/crashhandler.cpp:privacyPolicy","privacyPolicy","src/crash_handler/src/crashhandler.cpp",142,142,"                              ""this crash to the maintainer."" );

    auto privacyPolicy = std::make_unique<QLabel>();
    privacyPolicy->setText( QString( ""<a href=\""%1\"">Privacy policy</a>"" ).arg( PrivacyPolicyUrl ) );

",""
"Variable:src/crash_handler/src/crashhandler.cpp:exploreButton","exploreButton","src/crash_handler/src/crashhandler.cpp",149,149,"    privacyPolicy->setOpenExternalLinks( true );

    auto exploreButton = std::make_unique<QPushButton>();
    exploreButton->setText( ""Open report directory"" );
    exploreButton->setFlat( true );
",""
"Variable:src/crash_handler/src/crashhandler.cpp:privacyLayout","privacyLayout","src/crash_handler/src/crashhandler.cpp",155,155,"                      [ &reportPath ] { showPathInFileExplorer( reportPath ); } );

    auto privacyLayout = std::make_unique<QHBoxLayout>();
    privacyLayout->addWidget( privacyPolicy.release() );
    privacyLayout->addStretch();
",""
"Variable:src/crash_handler/src/crashhandler.cpp:buttonBox","buttonBox","src/crash_handler/src/crashhandler.cpp",160,160,"    privacyLayout->addWidget( exploreButton.release() );

    auto buttonBox = std::make_unique<QDialogButtonBox>();
    buttonBox->addButton( ""Report on GitHub"", QDialogButtonBox::AcceptRole );
    buttonBox->addButton( ""Discard report"", QDialogButtonBox::RejectRole );
",""
"Variable:src/crash_handler/src/crashhandler.cpp:confirmationDialog","confirmationDialog","src/crash_handler/src/crashhandler.cpp",164,164,"    buttonBox->addButton( ""Discard report"", QDialogButtonBox::RejectRole );

    auto confirmationDialog = std::make_unique<QDialog>();
    confirmationDialog->resize( 800, 600 );

",""
"Variable:src/crash_handler/src/crashhandler.cpp:layout","layout","src/crash_handler/src/crashhandler.cpp",172,172,"                      &QDialog::reject );

    auto layout = std::make_unique<QVBoxLayout>();
    layout->addWidget( message.release() );
    layout->addWidget( crashReportHeader.release() );
",""
"Variable:src/crash_handler/src/crashhandler.cpp:database","database","src/crash_handler/src/crashhandler.cpp",190,191,"
#ifdef Q_OS_WIN
    auto database = CrashReportDatabase::InitializeWithoutCreating(
        base::FilePath{ databasePath.toStdWString() } );
#else
    auto database = CrashReportDatabase::InitializeWithoutCreating(
",""
"Variable:src/crash_handler/src/crashhandler.cpp:stackwalker","stackwalker","src/crash_handler/src/crashhandler.cpp",202,202,"
#ifdef Q_OS_WIN
    const auto stackwalker = QCoreApplication::applicationDirPath() + ""/cilogg_minidump_dump.exe"";
#else
    const auto stackwalker = QCoreApplication::applicationDirPath() + ""/cilogg_minidump_dump"";
",""
"Variable:src/crash_handler/src/crashhandler.cpp:reportFile","reportFile","src/crash_handler/src/crashhandler.cpp",213,213,"
#ifdef Q_OS_WIN
        const auto reportFile = QString::fromStdWString( report.file_path.value() );
#else
        const auto reportFile = QString::fromStdString( report.file_path.value() );
",""
"Variable:src/crash_handler/src/crashhandler.cpp:formattedReport","formattedReport","src/crash_handler/src/crashhandler.cpp",226,226,"        stackProcess.waitForFinished();

        QString formattedReport = reportFile;
        formattedReport.append( QChar::LineFeed )
            .append( QString::fromUtf8( stackProcess.readAllStandardOutput() ) );
",""
"Variable:src/crash_handler/src/crashhandler.cpp:dumpPath","dumpPath","src/crash_handler/src/crashhandler.cpp",245,245,"CrashHandler::CrashHandler()
{
    const auto dumpPath = sentryDatabasePath();
    const auto hasDumpDir = QDir{ dumpPath }.mkpath( ""."" );

",""
"Variable:src/crash_handler/src/crashhandler.cpp:hasDumpDir","hasDumpDir","src/crash_handler/src/crashhandler.cpp",246,246,"{
    const auto dumpPath = sentryDatabasePath();
    const auto hasDumpDir = QDir{ dumpPath }.mkpath( ""."" );

    if ( hasDumpDir ) {
",""
"Variable:src/crash_handler/src/crashhandler.cpp:handlerPath","handlerPath","src/crash_handler/src/crashhandler.cpp",258,258,"
#ifdef Q_OS_WIN
    const auto handlerPath = QCoreApplication::applicationDirPath() + ""/cilogg_crashpad_handler.exe"";
    sentry_options_set_database_pathw( sentryOptions, dumpPath.toStdWString().c_str() );
    sentry_options_set_handler_pathw( sentryOptions, handlerPath.toStdWString().c_str() );
",""
"Variable:src/crash_handler/src/crashhandler.cpp:addExtra","addExtra","src/crash_handler/src/crashhandler.cpp",283,286,"    sentry_set_tag( ""build_arch"", QSysInfo::buildCpuArchitecture().toLatin1().data() );

    auto addExtra = []( const char* name, auto value ) {
        sentry_set_extra( name, sentry_value_new_string( std::to_string( value ).c_str() ) );
        LOG_INFO << ""Process stats: "" << name << "" - "" << value;
    };

    addExtra( ""memory"", physicalMemory() );
",""
"Variable:src/crash_handler/src/crashhandler.cpp:vmUsed","vmUsed","src/crash_handler/src/crashhandler.cpp",295,295,"    memoryUsageTimer_ = std::make_unique<QTimer>();
    QObject::connect( memoryUsageTimer_.get(), &QTimer::timeout, [ addExtra ]() {
        const auto vmUsed = usedMemory();
        addExtra( ""vm_used"", vmUsed );

",""
"Variable:src/app/python_runtime/worker_bootstrap.py:script_file","script_file","src/app/python_runtime/worker_bootstrap.py",7,7,"
def main() -> int:
    script_file = os.environ.get(""CILOGG_SCRIPT_FILE"", """")
    if not script_file:
        sys.stderr.write(""Missing CILOGG_SCRIPT_FILE\n"")
",""
"Variable:src/app/python_runtime/worker_bootstrap.py:code","code","src/app/python_runtime/worker_bootstrap.py",16,16,"        return 0
    except SystemExit as exc:
        code = exc.code if isinstance(exc.code, int) else 0
        return code
    except BaseException:
",""
"Variable:src/app/python_runtime/scenario_bootstrap.py:raw","raw","src/app/python_runtime/scenario_bootstrap.py",32,32,"
def _load_device_bindings() -> Dict[str, Any]:
    raw = os.environ.get(""CILOGG_SCENARIO_DEVICE_BINDINGS_JSON"", """").strip()
    if not raw:
        return {}
",""
"Variable:src/app/python_runtime/scenario_bootstrap.py:payload","payload","src/app/python_runtime/scenario_bootstrap.py",36,36,"        return {}
    try:
        payload = json.loads(raw)
    except Exception:
        return {}
",""
"Variable:src/app/python_runtime/scenario_bootstrap.py:path","path","src/app/python_runtime/scenario_bootstrap.py",43,43,"
def _resolve_relative(base_dir: Path, value: str) -> str:
    path = Path(value)
    if not path.is_absolute():
        path = base_dir / path
",""
"Variable:src/app/python_runtime/scenario_bootstrap.py:scenario_path","scenario_path","src/app/python_runtime/scenario_bootstrap.py",66,66,"
def _run_scenario_file(file_path: str, args_json_file: str = """") -> Dict[str, Any]:
    scenario_path = Path(file_path).resolve()
    scenario_name = scenario_path.stem

",""
"Variable:src/app/python_runtime/scenario_bootstrap.py:scenario_name","scenario_name","src/app/python_runtime/scenario_bootstrap.py",67,67,"def _run_scenario_file(file_path: str, args_json_file: str = """") -> Dict[str, Any]:
    scenario_path = Path(file_path).resolve()
    scenario_name = scenario_path.stem

    if args_json_file:
",""
"Variable:src/app/python_runtime/scenario_bootstrap.py:counts","counts","src/app/python_runtime/scenario_bootstrap.py",98,104,"
def _summarize_report(suite_name: str, suite_id: str, scenarios: List[Dict[str, Any]]) -> Dict[str, Any]:
    counts = {
        ""total"": len(scenarios),
        ""passed"": sum(1 for item in scenarios if item.get(""status"") == ""passed""),
        ""failed"": sum(1 for item in scenarios if item.get(""status"") == ""failed""),
        ""skipped"": sum(1 for item in scenarios if item.get(""status"") == ""skipped""),
        ""cancelled"": sum(1 for item in scenarios if item.get(""status"") == ""cancelled""),
    }
    status = ""passed""
    if counts[""failed""] > 0:
",""
"Variable:src/app/python_runtime/scenario_bootstrap.py:status","status","src/app/python_runtime/scenario_bootstrap.py",105,105,"        ""cancelled"": sum(1 for item in scenarios if item.get(""status"") == ""cancelled""),
    }
    status = ""passed""
    if counts[""failed""] > 0:
        status = ""failed""
",""
"Variable:src/app/python_runtime/scenario_bootstrap.py:testsuite","testsuite","src/app/python_runtime/scenario_bootstrap.py",133,141,"        return

    testsuite = ET.Element(
        ""testsuite"",
        {
            ""name"": report.get(""suiteName"", """"),
            ""tests"": str(report.get(""counts"", {}).get(""total"", 0)),
            ""failures"": str(report.get(""counts"", {}).get(""failed"", 0)),
            ""skipped"": str(report.get(""counts"", {}).get(""skipped"", 0)),
        },
    )

    for scenario in report.get(""scenarios"", []):
",""
"Variable:src/app/python_runtime/scenario_bootstrap.py:testcase","testcase","src/app/python_runtime/scenario_bootstrap.py",144,152,"
    for scenario in report.get(""scenarios"", []):
        testcase = ET.SubElement(
            testsuite,
            ""testcase"",
            {
                ""name"": scenario.get(""name"", """"),
                ""classname"": report.get(""suiteName"", """"),
                ""file"": scenario.get(""file"", """"),
            },
        )
        if scenario.get(""status"") == ""failed"":
            failure = ET.SubElement(
",""
"Variable:src/app/python_runtime/scenario_bootstrap.py:failure","failure","src/app/python_runtime/scenario_bootstrap.py",154,158,"        )
        if scenario.get(""status"") == ""failed"":
            failure = ET.SubElement(
                testcase,
                ""failure"",
                {""message"": scenario.get(""error"", ""Scenario failed"")},
            )
            failure.text = scenario.get(""traceback"", """") or scenario.get(""error"", """")
        elif scenario.get(""status"") == ""skipped"":
",""
"Variable:src/app/python_runtime/scenario_bootstrap.py:skipped","skipped","src/app/python_runtime/scenario_bootstrap.py",161,165,"            failure.text = scenario.get(""traceback"", """") or scenario.get(""error"", """")
        elif scenario.get(""status"") == ""skipped"":
            skipped = ET.SubElement(
                testcase,
                ""skipped"",
                {""message"": scenario.get(""error"", ""Scenario skipped"")},
            )
            skipped.text = scenario.get(""error"", """")

",""
"Variable:src/app/python_runtime/scenario_bootstrap.py:tree","tree","src/app/python_runtime/scenario_bootstrap.py",168,168,"            skipped.text = scenario.get(""error"", """")

    tree = ET.ElementTree(testsuite)
    tree.write(path, encoding=""utf-8"", xml_declaration=True)

",""
"Variable:src/app/python_runtime/scenario_bootstrap.py:scenario_file","scenario_file","src/app/python_runtime/scenario_bootstrap.py",173,173,"
def _run_single_scenario() -> Dict[str, Any]:
    scenario_file = os.environ.get(""CILOGG_SCENARIO_FILE"", """")
    if not scenario_file:
        raise RuntimeError(""Missing CILOGG_SCENARIO_FILE"")
",""
"Variable:src/app/python_runtime/scenario_bootstrap.py:args_json_file","args_json_file","src/app/python_runtime/scenario_bootstrap.py",176,176,"    if not scenario_file:
        raise RuntimeError(""Missing CILOGG_SCENARIO_FILE"")
    args_json_file = os.environ.get(""CILOGG_SCENARIO_ARGS_JSON_FILE"", """")
    result = _run_scenario_file(scenario_file, args_json_file)
    return _summarize_report(Path(scenario_file).stem, ""single-scenario"", [result])
",""
"Variable:src/app/python_runtime/scenario_bootstrap.py:result","result","src/app/python_runtime/scenario_bootstrap.py",177,177,"        raise RuntimeError(""Missing CILOGG_SCENARIO_FILE"")
    args_json_file = os.environ.get(""CILOGG_SCENARIO_ARGS_JSON_FILE"", """")
    result = _run_scenario_file(scenario_file, args_json_file)
    return _summarize_report(Path(scenario_file).stem, ""single-scenario"", [result])

",""
"Variable:src/app/python_runtime/scenario_bootstrap.py:suite_file","suite_file","src/app/python_runtime/scenario_bootstrap.py",182,182,"
def _run_suite() -> Dict[str, Any]:
    suite_file = os.environ.get(""CILOGG_SUITE_FILE"", """")
    if not suite_file:
        raise RuntimeError(""Missing CILOGG_SUITE_FILE"")
",""
"Variable:src/app/python_runtime/scenario_bootstrap.py:suite_path","suite_path","src/app/python_runtime/scenario_bootstrap.py",186,186,"        raise RuntimeError(""Missing CILOGG_SUITE_FILE"")

    suite_path = Path(suite_file).resolve()
    suite_document = _load_json_file(str(suite_path))
    suite_name = suite_document.get(""name"") or suite_path.stem
",""
"Variable:src/app/python_runtime/scenario_bootstrap.py:suite_document","suite_document","src/app/python_runtime/scenario_bootstrap.py",187,187,"
    suite_path = Path(suite_file).resolve()
    suite_document = _load_json_file(str(suite_path))
    suite_name = suite_document.get(""name"") or suite_path.stem
    suite_id = suite_document.get(""suiteId"") or suite_path.stem
",""
"Variable:src/app/python_runtime/scenario_bootstrap.py:suite_name","suite_name","src/app/python_runtime/scenario_bootstrap.py",188,188,"    suite_path = Path(suite_file).resolve()
    suite_document = _load_json_file(str(suite_path))
    suite_name = suite_document.get(""name"") or suite_path.stem
    suite_id = suite_document.get(""suiteId"") or suite_path.stem
    entries = suite_document.get(""scenarios"", [])
",""
"Variable:src/app/python_runtime/scenario_bootstrap.py:suite_id","suite_id","src/app/python_runtime/scenario_bootstrap.py",189,189,"    suite_document = _load_json_file(str(suite_path))
    suite_name = suite_document.get(""name"") or suite_path.stem
    suite_id = suite_document.get(""suiteId"") or suite_path.stem
    entries = suite_document.get(""scenarios"", [])
    base_dir = suite_path.parent
",""
"Variable:src/app/python_runtime/scenario_bootstrap.py:entries","entries","src/app/python_runtime/scenario_bootstrap.py",190,190,"    suite_name = suite_document.get(""name"") or suite_path.stem
    suite_id = suite_document.get(""suiteId"") or suite_path.stem
    entries = suite_document.get(""scenarios"", [])
    base_dir = suite_path.parent
    scenarios: List[Dict[str, Any]] = []
",""
"Variable:src/app/python_runtime/scenario_bootstrap.py:base_dir","base_dir","src/app/python_runtime/scenario_bootstrap.py",191,191,"    suite_id = suite_document.get(""suiteId"") or suite_path.stem
    entries = suite_document.get(""scenarios"", [])
    base_dir = suite_path.parent
    scenarios: List[Dict[str, Any]] = []

",""
"Variable:src/app/python_runtime/scenario_bootstrap.py:scenarios","scenarios","src/app/python_runtime/scenario_bootstrap.py",192,192,"    entries = suite_document.get(""scenarios"", [])
    base_dir = suite_path.parent
    scenarios: List[Dict[str, Any]] = []

    total = len(entries)
",""
"Variable:src/app/python_runtime/scenario_bootstrap.py:total","total","src/app/python_runtime/scenario_bootstrap.py",194,194,"    scenarios: List[Dict[str, Any]] = []

    total = len(entries)
    _notify_status(suiteName=suite_name, suiteId=suite_id, totalScenarios=total)

",""
"Variable:src/app/python_runtime/scenario_bootstrap.py:report_json","report_json","src/app/python_runtime/scenario_bootstrap.py",236,236,"
def main() -> int:
    report_json = os.environ.get(""CILOGG_SCENARIO_REPORT_JSON"", """")
    report_junit = os.environ.get(""CILOGG_SCENARIO_REPORT_JUNIT"", """")

",""
"Variable:src/app/python_runtime/scenario_bootstrap.py:report_junit","report_junit","src/app/python_runtime/scenario_bootstrap.py",237,237,"def main() -> int:
    report_json = os.environ.get(""CILOGG_SCENARIO_REPORT_JSON"", """")
    report_junit = os.environ.get(""CILOGG_SCENARIO_REPORT_JUNIT"", """")

    try:
",""
"Variable:src/app/python_runtime/scenario_bootstrap.py:report","report","src/app/python_runtime/scenario_bootstrap.py",240,240,"
    try:
        report = _run_suite() if os.environ.get(""CILOGG_SUITE_FILE"", """") else _run_single_scenario()
        report[""reportJsonFile""] = report_json
        report[""reportJunitFile""] = report_junit
",""
"Variable:src/app/python_runtime/scenario_bootstrap.py:traceback_text","traceback_text","src/app/python_runtime/scenario_bootstrap.py",248,248,"        return 0 if report.get(""status"") != ""failed"" else 1
    except BaseException as exc:
        traceback_text = traceback.format_exc()
        report = {
            ""suiteId"": ""scenario-run"",
",""
"Variable:src/app/python_runtime/klogg/__init__.py:__all__","__all__","src/app/python_runtime/klogg/__init__.py",20,38,"from .exceptions import KloggError

__all__ = [
    ""ActionSendEvent"",
    ""CommLifecycleEvent"",
    ""ReceiveEvent"",
    ""SendEvent"",
    ""ResponseEvent"",
    ""TabLifecycleEvent"",
    ""TabRef"",
    ""KloggError"",
    ""app"",
    ""clear_timer"",
    ""is_stop_requested"",
    ""log"",
    ""run"",
    ""set_interval"",
    ""set_timeout"",
    ""sleep_ms"",
    ""stop"",
]
",""
"Variable:src/app/python_runtime/klogg/test.py:name","name","src/app/python_runtime/klogg/test.py",35,35,"@dataclass
class _StepContext:
    name: str
    started_at: str = field(default_factory=_utc_now)
    finished_at: str = """"
",""
"Variable:src/app/python_runtime/klogg/test.py:started_at","started_at","src/app/python_runtime/klogg/test.py",36,36,"class _StepContext:
    name: str
    started_at: str = field(default_factory=_utc_now)
    finished_at: str = """"
    status: str = ""running""
",""
"Variable:src/app/python_runtime/klogg/test.py:finished_at","finished_at","src/app/python_runtime/klogg/test.py",37,37,"    name: str
    started_at: str = field(default_factory=_utc_now)
    finished_at: str = """"
    status: str = ""running""
    error: str = """"
",""
"Variable:src/app/python_runtime/klogg/test.py:status","status","src/app/python_runtime/klogg/test.py",38,38,"    started_at: str = field(default_factory=_utc_now)
    finished_at: str = """"
    status: str = ""running""
    error: str = """"
    traceback: str = """"
",""
"Variable:src/app/python_runtime/klogg/test.py:error","error","src/app/python_runtime/klogg/test.py",39,39,"    finished_at: str = """"
    status: str = ""running""
    error: str = """"
    traceback: str = """"
    artifacts: List[Dict[str, Any]] = field(default_factory=list)
",""
"Variable:src/app/python_runtime/klogg/test.py:traceback","traceback","src/app/python_runtime/klogg/test.py",40,40,"    status: str = ""running""
    error: str = """"
    traceback: str = """"
    artifacts: List[Dict[str, Any]] = field(default_factory=list)
    metrics: List[Dict[str, Any]] = field(default_factory=list)
",""
"Variable:src/app/python_runtime/klogg/test.py:artifacts","artifacts","src/app/python_runtime/klogg/test.py",41,41,"    error: str = """"
    traceback: str = """"
    artifacts: List[Dict[str, Any]] = field(default_factory=list)
    metrics: List[Dict[str, Any]] = field(default_factory=list)

",""
"Variable:src/app/python_runtime/klogg/test.py:metrics","metrics","src/app/python_runtime/klogg/test.py",42,42,"    traceback: str = """"
    artifacts: List[Dict[str, Any]] = field(default_factory=list)
    metrics: List[Dict[str, Any]] = field(default_factory=list)

    def to_dict(self) -> Dict[str, Any]:
",""
"Variable:src/app/python_runtime/klogg/test.py:file_path","file_path","src/app/python_runtime/klogg/test.py",60,60,"class _ScenarioContext:
    name: str
    file_path: str
    args_json_file: str = """"
    tags: List[str] = field(default_factory=list)
",""
"Variable:src/app/python_runtime/klogg/test.py:args_json_file","args_json_file","src/app/python_runtime/klogg/test.py",61,61,"    name: str
    file_path: str
    args_json_file: str = """"
    tags: List[str] = field(default_factory=list)
    started_at: str = field(default_factory=_utc_now)
",""
"Variable:src/app/python_runtime/klogg/test.py:tags","tags","src/app/python_runtime/klogg/test.py",62,62,"    file_path: str
    args_json_file: str = """"
    tags: List[str] = field(default_factory=list)
    started_at: str = field(default_factory=_utc_now)
    finished_at: str = """"
",""
"Variable:src/app/python_runtime/klogg/test.py:steps","steps","src/app/python_runtime/klogg/test.py",70,70,"    artifacts: List[Dict[str, Any]] = field(default_factory=list)
    metrics: List[Dict[str, Any]] = field(default_factory=list)
    steps: List[Dict[str, Any]] = field(default_factory=list)
    active_steps: List[_StepContext] = field(default_factory=list)

",""
"Variable:src/app/python_runtime/klogg/test.py:active_steps","active_steps","src/app/python_runtime/klogg/test.py",71,71,"    metrics: List[Dict[str, Any]] = field(default_factory=list)
    steps: List[Dict[str, Any]] = field(default_factory=list)
    active_steps: List[_StepContext] = field(default_factory=list)

    def current_step(self) -> Optional[_StepContext]:
",""
"Variable:src/app/python_runtime/klogg/test.py:_CURRENT","_CURRENT","src/app/python_runtime/klogg/test.py",93,93,"

_CURRENT: Optional[_ScenarioContext] = None
_DEVICE_BINDINGS: Optional[Dict[str, Dict[str, Any]]] = None

",""
"Variable:src/app/python_runtime/klogg/test.py:_DEVICE_BINDINGS","_DEVICE_BINDINGS","src/app/python_runtime/klogg/test.py",94,94,"
_CURRENT: Optional[_ScenarioContext] = None
_DEVICE_BINDINGS: Optional[Dict[str, Dict[str, Any]]] = None


",""
"Variable:src/app/python_runtime/klogg/test.py:raw","raw","src/app/python_runtime/klogg/test.py",102,102,"        return _DEVICE_BINDINGS

    raw = os.environ.get(""CILOGG_SCENARIO_DEVICE_BINDINGS_JSON"", """").strip()
    if not raw:
        _DEVICE_BINDINGS = {}
",""
"Variable:src/app/python_runtime/klogg/test.py:payload","payload","src/app/python_runtime/klogg/test.py",110,110,"        import json

        payload = json.loads(raw)
    except Exception:
        payload = {}
",""
"Variable:src/app/python_runtime/klogg/test.py:default_name","default_name","src/app/python_runtime/klogg/test.py",121,121,"    global _CURRENT
    if _CURRENT is None:
        default_name = os.path.splitext(os.path.basename(__file__))[0]
        _CURRENT = _ScenarioContext(name=default_name, file_path=default_name)
    return _CURRENT
",""
"Variable:src/app/python_runtime/klogg/test.py:context","context","src/app/python_runtime/klogg/test.py",127,127,"
def _update_status(*, current_step_name: str = """") -> None:
    context = _ensure_context()
    _client_notify(
        ""report_scenario_status"",
",""
"Variable:src/app/python_runtime/klogg/test.py:step_context","step_context","src/app/python_runtime/klogg/test.py",181,181,"def step(name: str):
    context = _ensure_context()
    step_context = _StepContext(name=name)
    context.active_steps.append(step_context)
    _update_status(current_step_name=name)
",""
"Variable:src/app/python_runtime/klogg/test.py:message","message","src/app/python_runtime/klogg/test.py",218,218,"    if actual != expected:
        if not message:
            message = f""Expected {expected!r} but got {actual!r}""
        raise ScenarioFailure(message)

",""
"Variable:src/app/python_runtime/klogg/test.py:deadline","deadline","src/app/python_runtime/klogg/test.py",236,236,"    message: str = """",
) -> None:
    deadline = time.monotonic() + (max(0, int(timeout_ms)) / 1000.0)
    last_error = """"
    while time.monotonic() <= deadline:
",""
"Variable:src/app/python_runtime/klogg/test.py:last_error","last_error","src/app/python_runtime/klogg/test.py",237,237,") -> None:
    deadline = time.monotonic() + (max(0, int(timeout_ms)) / 1000.0)
    last_error = """"
    while time.monotonic() <= deadline:
        try:
",""
"Variable:src/app/python_runtime/klogg/test.py:timeout_message","timeout_message","src/app/python_runtime/klogg/test.py",246,246,"        time.sleep(max(1, int(poll_ms)) / 1000.0)

    timeout_message = message or ""Timed out waiting for condition.""
    if last_error:
        timeout_message = f""{timeout_message} Last error: {last_error}""
",""
"Variable:src/app/python_runtime/klogg/test.py:entry","entry","src/app/python_runtime/klogg/test.py",254,254,"def artifact(name: str, value_or_path: Any) -> None:
    context = _ensure_context()
    entry: Dict[str, Any]
    if isinstance(value_or_path, str) and os.path.exists(value_or_path):
        entry = {""name"": name, ""path"": value_or_path}
",""
"Variable:src/app/python_runtime/klogg/test.py:current_step","current_step","src/app/python_runtime/klogg/test.py",260,260,"        entry = {""name"": name, ""value"": value_or_path}

    current_step = context.current_step()
    if current_step is not None:
        current_step.artifacts.append(entry)
",""
"Variable:src/app/python_runtime/klogg/test.py:metric","metric","src/app/python_runtime/klogg/test.py",269,269,"def record_metric(name: str, value: Any, unit: str = """") -> None:
    context = _ensure_context()
    metric = {""name"": name, ""value"": value, ""unit"": unit}
    current_step = context.current_step()
    if current_step is not None:
",""
"Variable:src/app/python_runtime/klogg/test.py:bindings","bindings","src/app/python_runtime/klogg/test.py",282,282,"
def device(name: str) -> TabRef:
    bindings = _load_device_bindings()
    binding = bindings.get(name)
    if not isinstance(binding, dict):
",""
"Variable:src/app/python_runtime/klogg/test.py:binding","binding","src/app/python_runtime/klogg/test.py",283,283,"def device(name: str) -> TabRef:
    bindings = _load_device_bindings()
    binding = bindings.get(name)
    if not isinstance(binding, dict):
        raise KloggError(""NotFound"", f""Logical device {name!r} was not found"", {})
",""
"Variable:src/app/python_runtime/klogg/test.py:tab_id","tab_id","src/app/python_runtime/klogg/test.py",287,287,"        raise KloggError(""NotFound"", f""Logical device {name!r} was not found"", {})

    tab_id = binding.get(""tabId"")
    if tab_id:
        return TabRef(tab_id=tab_id)
",""
"Variable:src/app/python_runtime/klogg/test.py:window_index","window_index","src/app/python_runtime/klogg/test.py",291,291,"        return TabRef(tab_id=tab_id)

    window_index = binding.get(""windowIndex"")
    tab_index = binding.get(""tabIndex"")
    if window_index is not None and tab_index is not None:
",""
"Variable:src/app/python_runtime/klogg/test.py:tab_index","tab_index","src/app/python_runtime/klogg/test.py",292,292,"
    window_index = binding.get(""windowIndex"")
    tab_index = binding.get(""tabIndex"")
    if window_index is not None and tab_index is not None:
        return TabRef(window_index=int(window_index), tab_index=int(tab_index))
",""
"Variable:src/app/python_runtime/klogg/client.py:path","path","src/app/python_runtime/klogg/client.py",17,17,"
def _load_script_args() -> Any:
    path = os.environ.get(""CILOGG_SCRIPT_ARGS_JSON_FILE"", """")
    if not path:
        return None
",""
"Variable:src/app/python_runtime/klogg/client.py:tab_id","tab_id","src/app/python_runtime/klogg/client.py",30,30,"@dataclass
class ReceiveEvent:
    tab_id: str
    window_index: int
    tab_index: int
",""
"Variable:src/app/python_runtime/klogg/client.py:window_index","window_index","src/app/python_runtime/klogg/client.py",31,31,"class ReceiveEvent:
    tab_id: str
    window_index: int
    tab_index: int
    file_path: str
",""
"Variable:src/app/python_runtime/klogg/client.py:tab_index","tab_index","src/app/python_runtime/klogg/client.py",32,32,"    tab_id: str
    window_index: int
    tab_index: int
    file_path: str
    port_name: str
",""
"Variable:src/app/python_runtime/klogg/client.py:file_path","file_path","src/app/python_runtime/klogg/client.py",33,33,"    window_index: int
    tab_index: int
    file_path: str
    port_name: str
    text: str
",""
"Variable:src/app/python_runtime/klogg/client.py:port_name","port_name","src/app/python_runtime/klogg/client.py",34,34,"    tab_index: int
    file_path: str
    port_name: str
    text: str
    raw_bytes: bytes
",""
"Variable:src/app/python_runtime/klogg/client.py:text","text","src/app/python_runtime/klogg/client.py",35,35,"    file_path: str
    port_name: str
    text: str
    raw_bytes: bytes
    hex_string: str
",""
"Variable:src/app/python_runtime/klogg/client.py:raw_bytes","raw_bytes","src/app/python_runtime/klogg/client.py",36,36,"    port_name: str
    text: str
    raw_bytes: bytes
    hex_string: str
    timestamp: str
",""
"Variable:src/app/python_runtime/klogg/client.py:hex_string","hex_string","src/app/python_runtime/klogg/client.py",37,37,"    text: str
    raw_bytes: bytes
    hex_string: str
    timestamp: str
    display_name: str = """"
",""
"Variable:src/app/python_runtime/klogg/client.py:timestamp","timestamp","src/app/python_runtime/klogg/client.py",38,38,"    raw_bytes: bytes
    hex_string: str
    timestamp: str
    display_name: str = """"
    window_id: str = """"
",""
"Variable:src/app/python_runtime/klogg/client.py:display_name","display_name","src/app/python_runtime/klogg/client.py",39,39,"    hex_string: str
    timestamp: str
    display_name: str = """"
    window_id: str = """"

",""
"Variable:src/app/python_runtime/klogg/client.py:window_id","window_id","src/app/python_runtime/klogg/client.py",40,40,"    timestamp: str
    display_name: str = """"
    window_id: str = """"


",""
"Variable:src/app/python_runtime/klogg/client.py:matched_text","matched_text","src/app/python_runtime/klogg/client.py",50,50,"    file_path: str
    port_name: str
    matched_text: str
    raw_bytes: bytes
    hex_string: str
",""
"Variable:src/app/python_runtime/klogg/client.py:response_id","response_id","src/app/python_runtime/klogg/client.py",54,54,"    hex_string: str
    timestamp: str
    response_id: int
    response_name: str
    counter: int
",""
"Variable:src/app/python_runtime/klogg/client.py:response_name","response_name","src/app/python_runtime/klogg/client.py",55,55,"    timestamp: str
    response_id: int
    response_name: str
    counter: int
    display_name: str = """"
",""
"Variable:src/app/python_runtime/klogg/client.py:counter","counter","src/app/python_runtime/klogg/client.py",56,56,"    response_id: int
    response_name: str
    counter: int
    display_name: str = """"
    window_id: str = """"
",""
"Variable:src/app/python_runtime/klogg/client.py:action_id","action_id","src/app/python_runtime/klogg/client.py",87,87,"    hex_string: str
    timestamp: str
    action_id: int
    action_name: str
    step_index: int = -1
",""
"Variable:src/app/python_runtime/klogg/client.py:action_name","action_name","src/app/python_runtime/klogg/client.py",88,88,"    timestamp: str
    action_id: int
    action_name: str
    step_index: int = -1
    display_name: str = """"
",""
"Variable:src/app/python_runtime/klogg/client.py:step_index","step_index","src/app/python_runtime/klogg/client.py",89,89,"    action_id: int
    action_name: str
    step_index: int = -1
    display_name: str = """"
    window_id: str = """"
",""
"Variable:src/app/python_runtime/klogg/client.py:source_type","source_type","src/app/python_runtime/klogg/client.py",102,102,"    display_name: str
    window_id: str
    source_type: str
    port_name: str
    timestamp: str
",""
"Variable:src/app/python_runtime/klogg/client.py:event_type","event_type","src/app/python_runtime/klogg/client.py",105,105,"    port_name: str
    timestamp: str
    event_type: str


",""
"Variable:src/app/python_runtime/klogg/client.py:MAX_EVENT_QUEUE","MAX_EVENT_QUEUE","src/app/python_runtime/klogg/client.py",123,123,"
class _RpcClient:
    MAX_EVENT_QUEUE = 1000

    def __init__(self) -> None:
",""
"Variable:src/app/python_runtime/klogg/client.py:port","port","src/app/python_runtime/klogg/client.py",126,126,"
    def __init__(self) -> None:
        port = os.environ.get(""CILOGG_SCRIPT_PORT"", """")
        token = os.environ.get(""CILOGG_SCRIPT_TOKEN"", """")
        if not port or not token:
",""
"Variable:src/app/python_runtime/klogg/client.py:token","token","src/app/python_runtime/klogg/client.py",127,127,"    def __init__(self) -> None:
        port = os.environ.get(""CILOGG_SCRIPT_PORT"", """")
        token = os.environ.get(""CILOGG_SCRIPT_TOKEN"", """")
        if not port or not token:
            raise RuntimeError(""klogg scripting environment is not initialized"")
",""
"Variable:src/app/python_runtime/klogg/client.py:raw","raw","src/app/python_runtime/klogg/client.py",166,166,"
    def _send_message(self, payload: Dict[str, Any]) -> None:
        raw = json.dumps(payload, separators=("","", "":""))
        with self._write_lock:
            self._sock.sendall(raw.encode(""utf-8"") + b""\n"")
",""
"Variable:src/app/python_runtime/klogg/client.py:line","line","src/app/python_runtime/klogg/client.py",186,186,"        try:
            while True:
                line = self._reader.readline()
                if not line:
                    break
",""
"Variable:src/app/python_runtime/klogg/client.py:payload","payload","src/app/python_runtime/klogg/client.py",190,190,"                    break

                payload = json.loads(line)
                if ""id"" in payload:
                    request_id = int(payload[""id""])
",""
"Variable:src/app/python_runtime/klogg/client.py:request_id","request_id","src/app/python_runtime/klogg/client.py",192,192,"                payload = json.loads(line)
                if ""id"" in payload:
                    request_id = int(payload[""id""])
                    with self._response_condition:
                        self._pending[request_id] = payload
",""
"Variable:src/app/python_runtime/klogg/client.py:response","response","src/app/python_runtime/klogg/client.py",234,234,"            while self._pending.get(request_id) is None and not self._closed:
                self._response_condition.wait()
            response = self._pending.pop(request_id, None)

        if response is None:
",""
"Variable:src/app/python_runtime/klogg/client.py:result","result","src/app/python_runtime/klogg/client.py",243,243,"
    def command(self, action: str, **request: Any) -> Dict[str, Any]:
        result = self.request(""command"", {""action"": action, **request})
        code = result.get(""code"", ""ExecutionFailed"")
        if code != ""Success"":
",""
"Variable:src/app/python_runtime/klogg/client.py:code","code","src/app/python_runtime/klogg/client.py",244,244,"    def command(self, action: str, **request: Any) -> Dict[str, Any]:
        result = self.request(""command"", {""action"": action, **request})
        code = result.get(""code"", ""ExecutionFailed"")
        if code != ""Success"":
            raise KloggError(code, result.get(""message"", """"), result.get(""payload"", {}))
",""
"Variable:src/app/python_runtime/klogg/client.py:timer_id","timer_id","src/app/python_runtime/klogg/client.py",367,367,"
    def set_timeout(self, handler: Callable[[], Any], delay_ms: int) -> int:
        timer_id = self._next_timer_id
        self._next_timer_id += 1
        with self._event_condition:
",""
"Variable:src/app/python_runtime/klogg/client.py:interval","interval","src/app/python_runtime/klogg/client.py",382,382,"        timer_id = self._next_timer_id
        self._next_timer_id += 1
        interval = max(1, int(interval_ms))
        with self._event_condition:
            self._timers[timer_id] = {
",""
"Variable:src/app/python_runtime/klogg/client.py:timer_handler","timer_handler","src/app/python_runtime/klogg/client.py",403,403,"        try:
            while not self._local_stop_requested:
                timer_handler: Optional[Callable[[], Any]] = None
                event: Optional[Dict[str, Any]] = None
                with self._event_condition:
",""
"Variable:src/app/python_runtime/klogg/client.py:event","event","src/app/python_runtime/klogg/client.py",404,404,"            while not self._local_stop_requested:
                timer_handler: Optional[Callable[[], Any]] = None
                event: Optional[Dict[str, Any]] = None
                with self._event_condition:
                    while not self._event_queue and not self._closed and not self._local_stop_requested:
",""
"Variable:src/app/python_runtime/klogg/client.py:now","now","src/app/python_runtime/klogg/client.py",407,407,"                with self._event_condition:
                    while not self._event_queue and not self._closed and not self._local_stop_requested:
                        now = time.monotonic()
                        due_timer = None
                        for timer_id, timer in list(self._timers.items()):
",""
"Variable:src/app/python_runtime/klogg/client.py:due_timer","due_timer","src/app/python_runtime/klogg/client.py",408,408,"                    while not self._event_queue and not self._closed and not self._local_stop_requested:
                        now = time.monotonic()
                        due_timer = None
                        for timer_id, timer in list(self._timers.items()):
                            if timer[""next_run""] <= now:
",""
"Variable:src/app/python_runtime/klogg/client.py:next_due","next_due","src/app/python_runtime/klogg/client.py",422,422,"                            break

                        next_due = None
                        for timer in self._timers.values():
                            candidate = max(0.0, timer[""next_run""] - now)
",""
"Variable:src/app/python_runtime/klogg/client.py:candidate","candidate","src/app/python_runtime/klogg/client.py",424,424,"                        next_due = None
                        for timer in self._timers.values():
                            candidate = max(0.0, timer[""next_run""] - now)
                            next_due = candidate if next_due is None else min(next_due, candidate)
                        self._event_condition.wait(timeout=0.2 if next_due is None else min(0.2, next_due))
",""
"Variable:src/app/python_runtime/klogg/client.py:handlers","handlers","src/app/python_runtime/klogg/client.py",470,470,"                window_id=payload.get(""windowId"", """"),
            )
            handlers = list(self._receive_handlers.get(tab_id, []))
            for handler in handlers:
                self._invoke_handler(handler, event)
",""
"Variable:src/app/python_runtime/klogg/client.py:_CLIENT","_CLIENT","src/app/python_runtime/klogg/client.py",622,622,"

_CLIENT: Optional[_RpcClient] = None


",""
"Variable:src/app/python_runtime/klogg/client.py:info","info","src/app/python_runtime/klogg/client.py",662,662,"        if tab_id:
            return tab_id
        info = self.info()
        self._update_selector(info)
        tab_id = self._selector.get(""tabId"", """")
",""
"Variable:src/app/python_runtime/klogg/client.py:request","request","src/app/python_runtime/klogg/client.py",692,692,"    def wait_response(self, *, response_id: Optional[int] = None, name: Optional[str] = None,
                      timeout_ms: int = 1000) -> Dict[str, Any]:
        request: Dict[str, Any] = {""timeoutMs"": int(timeout_ms)}
        if response_id is not None:
            request[""entityId""] = int(response_id)
",""
"Variable:src/app/python_runtime/klogg/client.py:resolved","resolved","src/app/python_runtime/klogg/client.py",762,762,"
    def on_receive(self, handler: Callable[[ReceiveEvent], Any]) -> None:
        resolved = _get_client().subscribe_event(self._selector, ""receive"")
        self._update_selector(resolved)
        _get_client().register_receive_handler(str(resolved.get(""tabId"", """")), handler)
",""
"Variable:src/app/python_runtime/klogg/client.py:com_info","com_info","src/app/python_runtime/klogg/client.py",823,823,"                if tab.get(""sourceType"") != ""com"":
                    continue
                com_info = tab.get(""com"", {})
                if not com_info.get(""connected"", False):
                    continue
",""
"Variable:src/app/python_runtime/klogg/client.py:requested_port","requested_port","src/app/python_runtime/klogg/client.py",831,831,"    def find_tabs(self, *, port_name: Optional[str] = None, source_type: Optional[str] = None) -> List[TabRef]:
        result: List[TabRef] = []
        requested_port = (port_name or """").lower()
        for tab in self.tabs():
            info = tab.info()
",""
"Variable:src/app/python_runtime/klogg/client.py:current_tab_id","current_tab_id","src/app/python_runtime/klogg/client.py",847,847,"            if not window.get(""isActiveWindow"", False):
                continue
            current_tab_id = window.get(""currentTabId"")
            current_tab_index = window.get(""currentTabIndex"")
            if current_tab_id:
",""
"Variable:src/app/python_runtime/klogg/client.py:current_tab_index","current_tab_index","src/app/python_runtime/klogg/client.py",848,848,"                continue
            current_tab_id = window.get(""currentTabId"")
            current_tab_index = window.get(""currentTabIndex"")
            if current_tab_id:
                return TabRef(tab_id=current_tab_id)
",""
"Variable:src/app/python_runtime/klogg/client.py:selector","selector","src/app/python_runtime/klogg/client.py",892,892,"        port_name: Optional[str] = None
    ) -> None:
        selector: Dict[str, Any] = {}
        if tab_id:
            selector[""tabId""] = tab_id
",""
"Variable:src/app/python_runtime/klogg/client.py:app","app","src/app/python_runtime/klogg/client.py",983,983,"

app = Application()


",""
"Variable:website/themes/hugo-book/assets/menu-reset.js:menu","menu","website/themes/hugo-book/assets/menu-reset.js",1,1,"(function() {
  var menu = document.querySelector(""aside.book-menu nav"");
  addEventListener(""beforeunload"", function(event) {
      localStorage.setItem(""menu.scrollTop"", menu.scrollTop);
",""
